{
"type": "FeatureCollection",
"name": "UHI_Toluca",
"crs": { "type": "name", "properties": { "name": "urn:ogc:def:crs:OGC:1.3:CRS84" } },
"features": [
{ "type": "Feature", "properties": { "ZONA_MET": "Toluca", "INTENSIDAD": "Intensa", "T_PROM_POL": 4.0, "T_MIN_CIUD": 1.0, "DIF_TERMIC": 2.0 }, "geometry": { "type": "MultiPolygon", "coordinates": [ [ [ [ -99.706528667221249, 19.421127285021996 ], [ -99.70598967805077, 19.421127285021996 ], [ -99.70598967805077, 19.420857790436759 ], [ -99.705450688880305, 19.420857790436759 ], [ -99.705450688880305, 19.420588295851523 ], [ -99.705181194295065, 19.420588295851523 ], [ -99.705181194295065, 19.420318801266287 ], [ -99.705450688880305, 19.420318801266287 ], [ -99.705450688880305, 19.420049306681051 ], [ -99.70625917263601, 19.420049306681051 ], [ -99.70625917263601, 19.419779812095818 ], [ -99.706798161806475, 19.419779812095818 ], [ -99.706798161806475, 19.420049306681051 ], [ -99.706528667221249, 19.420049306681051 ], [ -99.706528667221249, 19.420318801266287 ], [ -99.70625917263601, 19.420318801266287 ], [ -99.70625917263601, 19.420588295851523 ], [ -99.706798161806475, 19.420588295851523 ], [ -99.706798161806475, 19.420857790436759 ], [ -99.706528667221249, 19.420857790436759 ], [ -99.706528667221249, 19.421127285021996 ] ] ] ] } },
{ "type": "Feature", "properties": { "ZONA_MET": "Toluca", "INTENSIDAD": "Intensa", "T_PROM_POL": 4.0, "T_MIN_CIUD": 1.0, "DIF_TERMIC": 2.0 }, "geometry": { "type": "MultiPolygon", "coordinates": [ [ [ [ -99.711918558925959, 19.418432339169637 ], [ -99.711379569755493, 19.418432339169637 ], [ -99.711379569755493, 19.418162844584401 ], [ -99.711110075170254, 19.418162844584401 ], [ -99.711110075170254, 19.417893349999165 ], [ -99.710840580585014, 19.417893349999165 ], [ -99.710840580585014, 19.417084866243457 ], [ -99.711110075170254, 19.417084866243457 ], [ -99.711110075170254, 19.416815371658224 ], [ -99.711379569755493, 19.416815371658224 ], [ -99.711379569755493, 19.417623855413929 ], [ -99.711649064340719, 19.417623855413929 ], [ -99.711649064340719, 19.417893349999165 ], [ -99.711918558925959, 19.417893349999165 ], [ -99.711918558925959, 19.417623855413929 ], [ -99.712457548096438, 19.417623855413929 ], [ -99.712457548096438, 19.417893349999165 ], [ -99.712188053511198, 19.417893349999165 ], [ -99.712188053511198, 19.418162844584401 ], [ -99.711918558925959, 19.418162844584401 ], [ -99.711918558925959, 19.418432339169637 ] ] ] ] } },
{ "type": "Feature", "properties": { "ZONA_MET": "Toluca", "INTENSIDAD": "Extrema", "T_PROM_POL": 4.0, "T_MIN_CIUD": 1.0, "DIF_TERMIC": 2.0 }, "geometry": { "type": "MultiPolygon", "coordinates": [ [ [ [ -99.711918558925959, 19.417893349999165 ], [ -99.711649064340719, 19.417893349999165 ], [ -99.711649064340719, 19.417354360828693 ], [ -99.711918558925959, 19.417354360828693 ], [ -99.711918558925959, 19.416815371658224 ], [ -99.711649064340719, 19.416815371658224 ], [ -99.711649064340719, 19.416545877072988 ], [ -99.712457548096438, 19.416545877072988 ], [ -99.712457548096438, 19.416276382487752 ], [ -99.713266031852143, 19.416276382487752 ], [ -99.713266031852143, 19.416006887902515 ], [ -99.714344010193088, 19.416006887902515 ], [ -99.714344010193088, 19.416545877072988 ], [ -99.713805021022608, 19.416545877072988 ], [ -99.713805021022608, 19.416815371658224 ], [ -99.713535526437369, 19.416815371658224 ], [ -99.713535526437369, 19.417084866243457 ], [ -99.712996537266903, 19.417084866243457 ], [ -99.712996537266903, 19.417354360828693 ], [ -99.712457548096438, 19.417354360828693 ], [ -99.712457548096438, 19.417623855413929 ], [ -99.711918558925959, 19.417623855413929 ], [ -99.711918558925959, 19.417893349999165 ] ] ] ] } },
{ "type": "Feature", "properties": { "ZONA_MET": "Toluca", "INTENSIDAD": "Intensa", "T_PROM_POL": 4.0, "T_MIN_CIUD": 1.0, "DIF_TERMIC": 2.0 }, "geometry": { "type": "MultiPolygon", "coordinates": [ [ [ [ -99.714344010193088, 19.417084866243457 ], [ -99.713535526437369, 19.417084866243457 ], [ -99.713535526437369, 19.416815371658224 ], [ -99.713805021022608, 19.416815371658224 ], [ -99.713805021022608, 19.416545877072988 ], [ -99.714344010193088, 19.416545877072988 ], [ -99.714344010193088, 19.416006887902515 ], [ -99.714074515607848, 19.416006887902515 ], [ -99.714074515607848, 19.415737393317279 ], [ -99.714882999363553, 19.415737393317279 ], [ -99.714882999363553, 19.416815371658224 ], [ -99.714344010193088, 19.416815371658224 ], [ -99.714344010193088, 19.417084866243457 ] ] ] ] } },
{ "type": "Feature", "properties": { "ZONA_MET": "Toluca", "INTENSIDAD": "Intensa", "T_PROM_POL": 4.0, "T_MIN_CIUD": 1.0, "DIF_TERMIC": 2.0 }, "geometry": { "type": "MultiPolygon", "coordinates": [ [ [ [ -99.717847439801147, 19.421127285021996 ], [ -99.716230472289737, 19.421127285021996 ], [ -99.716230472289737, 19.420857790436759 ], [ -99.716499966874963, 19.420857790436759 ], [ -99.716499966874963, 19.420588295851523 ], [ -99.716230472289737, 19.420588295851523 ], [ -99.716230472289737, 19.420318801266287 ], [ -99.715960977704498, 19.420318801266287 ], [ -99.715960977704498, 19.420049306681051 ], [ -99.716230472289737, 19.420049306681051 ], [ -99.716230472289737, 19.419510317510582 ], [ -99.716769461460203, 19.419510317510582 ], [ -99.716769461460203, 19.418701833754874 ], [ -99.717038956045442, 19.418701833754874 ], [ -99.717038956045442, 19.417893349999165 ], [ -99.716769461460203, 19.417893349999165 ], [ -99.716769461460203, 19.417354360828693 ], [ -99.715960977704498, 19.417354360828693 ], [ -99.715960977704498, 19.417084866243457 ], [ -99.715421988534032, 19.417084866243457 ], [ -99.715421988534032, 19.415467898732043 ], [ -99.715960977704498, 19.415467898732043 ], [ -99.715960977704498, 19.415198404146807 ], [ -99.716499966874963, 19.415198404146807 ], [ -99.716499966874963, 19.414928909561571 ], [ -99.717577945215908, 19.414928909561571 ], [ -99.717577945215908, 19.416006887902515 ], [ -99.717847439801147, 19.416006887902515 ], [ -99.717847439801147, 19.416276382487752 ], [ -99.717577945215908, 19.416276382487752 ], [ -99.717577945215908, 19.416545877072988 ], [ -99.717038956045442, 19.416545877072988 ], [ -99.717038956045442, 19.417354360828693 ], [ -99.717577945215908, 19.417354360828693 ], [ -99.717577945215908, 19.417084866243457 ], [ -99.717847439801147, 19.417084866243457 ], [ -99.717847439801147, 19.417623855413929 ], [ -99.718116934386387, 19.417623855413929 ], [ -99.718116934386387, 19.417354360828693 ], [ -99.718386428971627, 19.417354360828693 ], [ -99.718386428971627, 19.417893349999165 ], [ -99.718116934386387, 19.417893349999165 ], [ -99.718116934386387, 19.418162844584401 ], [ -99.718386428971627, 19.418162844584401 ], [ -99.718386428971627, 19.418432339169637 ], [ -99.718925418142092, 19.418432339169637 ], [ -99.718925418142092, 19.41897132834011 ], [ -99.718386428971627, 19.41897132834011 ], [ -99.718386428971627, 19.419240822925346 ], [ -99.717847439801147, 19.419240822925346 ], [ -99.717847439801147, 19.419779812095818 ], [ -99.718386428971627, 19.419779812095818 ], [ -99.718386428971627, 19.420049306681051 ], [ -99.718116934386387, 19.420049306681051 ], [ -99.718116934386387, 19.420318801266287 ], [ -99.717308450630682, 19.420318801266287 ], [ -99.717308450630682, 19.420588295851523 ], [ -99.717038956045442, 19.420588295851523 ], [ -99.717038956045442, 19.420857790436759 ], [ -99.717847439801147, 19.420857790436759 ], [ -99.717847439801147, 19.421127285021996 ] ], [ [ -99.717577945215908, 19.419240822925346 ], [ -99.717577945215908, 19.41897132834011 ], [ -99.717308450630682, 19.41897132834011 ], [ -99.717308450630682, 19.419240822925346 ], [ -99.717577945215908, 19.419240822925346 ] ], [ [ -99.718116934386387, 19.41897132834011 ], [ -99.718116934386387, 19.418701833754874 ], [ -99.717847439801147, 19.418701833754874 ], [ -99.717847439801147, 19.41897132834011 ], [ -99.718116934386387, 19.41897132834011 ] ] ] ] } },
{ "type": "Feature", "properties": { "ZONA_MET": "Toluca", "INTENSIDAD": "Intensa", "T_PROM_POL": 3.0, "T_MIN_CIUD": 1.0, "DIF_TERMIC": 2.0 }, "geometry": { "type": "MultiPolygon", "coordinates": [ [ [ [ -99.718925418142092, 19.415467898732043 ], [ -99.718655923556852, 19.415467898732043 ], [ -99.718655923556852, 19.415198404146807 ], [ -99.718386428971627, 19.415198404146807 ], [ -99.718386428971627, 19.414120425805862 ], [ -99.718116934386387, 19.414120425805862 ], [ -99.718116934386387, 19.413581436635393 ], [ -99.717847439801147, 19.413581436635393 ], [ -99.717847439801147, 19.413311942050157 ], [ -99.718386428971627, 19.413311942050157 ], [ -99.718386428971627, 19.41385093122063 ], [ -99.718655923556852, 19.41385093122063 ], [ -99.718655923556852, 19.414659414976335 ], [ -99.718925418142092, 19.414659414976335 ], [ -99.718925418142092, 19.415467898732043 ] ] ] ] } },
{ "type": "Feature", "properties": { "ZONA_MET": "Toluca", "INTENSIDAD": "Intensa", "T_PROM_POL": 4.0, "T_MIN_CIUD": 1.0, "DIF_TERMIC": 2.0 }, "geometry": { "type": "MultiPolygon", "coordinates": [ [ [ [ -99.721889858579686, 19.410078007027327 ], [ -99.721620363994447, 19.410078007027327 ], [ -99.721620363994447, 19.409539017856854 ], [ -99.721081374823981, 19.409539017856854 ], [ -99.721081374823981, 19.40980851244209 ], [ -99.720542385653502, 19.40980851244209 ], [ -99.720542385653502, 19.409269523271618 ], [ -99.721350869409221, 19.409269523271618 ], [ -99.721350869409221, 19.409000028686382 ], [ -99.721620363994447, 19.409000028686382 ], [ -99.721620363994447, 19.408191544930673 ], [ -99.721889858579686, 19.408191544930673 ], [ -99.721889858579686, 19.40846103951591 ], [ -99.722428847750152, 19.40846103951591 ], [ -99.722428847750152, 19.408191544930673 ], [ -99.722698342335391, 19.408191544930673 ], [ -99.722698342335391, 19.407922050345437 ], [ -99.722967836920631, 19.407922050345437 ], [ -99.722967836920631, 19.40980851244209 ], [ -99.722428847750152, 19.40980851244209 ], [ -99.722428847750152, 19.409269523271618 ], [ -99.722159353164926, 19.409269523271618 ], [ -99.722159353164926, 19.409539017856854 ], [ -99.721889858579686, 19.409539017856854 ], [ -99.721889858579686, 19.410078007027327 ] ] ] ] } },
{ "type": "Feature", "properties": { "ZONA_MET": "Toluca", "INTENSIDAD": "Intensa", "T_PROM_POL": 3.0, "T_MIN_CIUD": 1.0, "DIF_TERMIC": 2.0 }, "geometry": { "type": "MultiPolygon", "coordinates": [ [ [ [ -99.691436970448038, 19.409269523271618 ], [ -99.690897981277558, 19.409269523271618 ], [ -99.690897981277558, 19.408730534101146 ], [ -99.690628486692333, 19.408730534101146 ], [ -99.690628486692333, 19.409000028686382 ], [ -99.690358992107093, 19.409000028686382 ], [ -99.690358992107093, 19.408730534101146 ], [ -99.690089497521853, 19.408730534101146 ], [ -99.690089497521853, 19.407383061174968 ], [ -99.690628486692333, 19.407383061174968 ], [ -99.690628486692333, 19.407922050345437 ], [ -99.691167475862798, 19.407922050345437 ], [ -99.691167475862798, 19.409000028686382 ], [ -99.691436970448038, 19.409000028686382 ], [ -99.691436970448038, 19.409269523271618 ] ] ] ] } },
{ "type": "Feature", "properties": { "ZONA_MET": "Toluca", "INTENSIDAD": "Extrema", "T_PROM_POL": 4.0, "T_MIN_CIUD": 1.0, "DIF_TERMIC": 2.0 }, "geometry": { "type": "MultiPolygon", "coordinates": [ [ [ [ -99.627297259161907, 19.409269523271618 ], [ -99.627027764576667, 19.409269523271618 ], [ -99.627027764576667, 19.40846103951591 ], [ -99.627297259161907, 19.40846103951591 ], [ -99.627297259161907, 19.407113566589732 ], [ -99.626758269991427, 19.407113566589732 ], [ -99.626758269991427, 19.40657457741926 ], [ -99.627297259161907, 19.40657457741926 ], [ -99.627297259161907, 19.406035588248788 ], [ -99.627836248332372, 19.406035588248788 ], [ -99.627836248332372, 19.406305082834024 ], [ -99.628105742917612, 19.406305082834024 ], [ -99.628105742917612, 19.40657457741926 ], [ -99.627836248332372, 19.40657457741926 ], [ -99.627836248332372, 19.407113566589732 ], [ -99.627566753747132, 19.407113566589732 ], [ -99.627566753747132, 19.407652555760205 ], [ -99.627836248332372, 19.407652555760205 ], [ -99.627836248332372, 19.40846103951591 ], [ -99.627566753747132, 19.40846103951591 ], [ -99.627566753747132, 19.409000028686382 ], [ -99.627297259161907, 19.409000028686382 ], [ -99.627297259161907, 19.409269523271618 ] ] ] ] } },
{ "type": "Feature", "properties": { "ZONA_MET": "Toluca", "INTENSIDAD": "Intensa", "T_PROM_POL": 4.0, "T_MIN_CIUD": 1.0, "DIF_TERMIC": 2.0 }, "geometry": { "type": "MultiPolygon", "coordinates": [ [ [ [ -99.713266031852143, 19.408191544930673 ], [ -99.712727042681664, 19.408191544930673 ], [ -99.712727042681664, 19.407383061174968 ], [ -99.712457548096438, 19.407383061174968 ], [ -99.712457548096438, 19.407113566589732 ], [ -99.712188053511198, 19.407113566589732 ], [ -99.712188053511198, 19.40657457741926 ], [ -99.712457548096438, 19.40657457741926 ], [ -99.712457548096438, 19.406305082834024 ], [ -99.712727042681664, 19.406305082834024 ], [ -99.712727042681664, 19.406035588248788 ], [ -99.712996537266903, 19.406035588248788 ], [ -99.712996537266903, 19.405766093663551 ], [ -99.713266031852143, 19.405766093663551 ], [ -99.713266031852143, 19.406035588248788 ], [ -99.713535526437369, 19.406035588248788 ], [ -99.713535526437369, 19.406305082834024 ], [ -99.713805021022608, 19.406305082834024 ], [ -99.713805021022608, 19.40657457741926 ], [ -99.712996537266903, 19.40657457741926 ], [ -99.712996537266903, 19.407922050345437 ], [ -99.713266031852143, 19.407922050345437 ], [ -99.713266031852143, 19.408191544930673 ] ] ] ] } },
{ "type": "Feature", "properties": { "ZONA_MET": "Toluca", "INTENSIDAD": "Intensa", "T_PROM_POL": 4.0, "T_MIN_CIUD": 1.0, "DIF_TERMIC": 2.0 }, "geometry": { "type": "MultiPolygon", "coordinates": [ [ [ [ -99.631070183355206, 19.40657457741926 ], [ -99.630531194184726, 19.40657457741926 ], [ -99.630531194184726, 19.405496599078315 ], [ -99.629722710429022, 19.405496599078315 ], [ -99.629722710429022, 19.405227104493079 ], [ -99.629992205014261, 19.405227104493079 ], [ -99.629992205014261, 19.404418620737374 ], [ -99.630261699599501, 19.404418620737374 ], [ -99.630261699599501, 19.404957609907843 ], [ -99.630531194184726, 19.404957609907843 ], [ -99.630531194184726, 19.405227104493079 ], [ -99.630800688769966, 19.405227104493079 ], [ -99.630800688769966, 19.405496599078315 ], [ -99.631070183355206, 19.405496599078315 ], [ -99.631070183355206, 19.405766093663551 ], [ -99.631339677940446, 19.405766093663551 ], [ -99.631339677940446, 19.405496599078315 ], [ -99.631609172525671, 19.405496599078315 ], [ -99.631609172525671, 19.405227104493079 ], [ -99.63241765628139, 19.405227104493079 ], [ -99.63241765628139, 19.405496599078315 ], [ -99.632148161696151, 19.405496599078315 ], [ -99.632148161696151, 19.406035588248788 ], [ -99.631609172525671, 19.406035588248788 ], [ -99.631609172525671, 19.406305082834024 ], [ -99.631339677940446, 19.406305082834024 ], [ -99.631339677940446, 19.406035588248788 ], [ -99.631070183355206, 19.406035588248788 ], [ -99.631070183355206, 19.40657457741926 ] ] ] ] } },
{ "type": "Feature", "properties": { "ZONA_MET": "Toluca", "INTENSIDAD": "Intensa", "T_PROM_POL": 4.0, "T_MIN_CIUD": 1.0, "DIF_TERMIC": 2.0 }, "geometry": { "type": "MultiPolygon", "coordinates": [ [ [ [ -99.721350869409221, 19.405766093663551 ], [ -99.720542385653502, 19.405766093663551 ], [ -99.720542385653502, 19.40468811532261 ], [ -99.720811880238742, 19.40468811532261 ], [ -99.720811880238742, 19.404418620737374 ], [ -99.721081374823981, 19.404418620737374 ], [ -99.721081374823981, 19.40468811532261 ], [ -99.721620363994447, 19.40468811532261 ], [ -99.721620363994447, 19.404957609907843 ], [ -99.721350869409221, 19.404957609907843 ], [ -99.721350869409221, 19.405227104493079 ], [ -99.721620363994447, 19.405227104493079 ], [ -99.721620363994447, 19.405496599078315 ], [ -99.721350869409221, 19.405496599078315 ], [ -99.721350869409221, 19.405766093663551 ] ] ] ] } },
{ "type": "Feature", "properties": { "ZONA_MET": "Toluca", "INTENSIDAD": "Intensa", "T_PROM_POL": 4.0, "T_MIN_CIUD": 1.0, "DIF_TERMIC": 2.0 }, "geometry": { "type": "MultiPolygon", "coordinates": [ [ [ [ -99.716499966874963, 19.409539017856854 ], [ -99.716230472289737, 19.409539017856854 ], [ -99.716230472289737, 19.409269523271618 ], [ -99.715960977704498, 19.409269523271618 ], [ -99.715960977704498, 19.40846103951591 ], [ -99.716230472289737, 19.40846103951591 ], [ -99.716230472289737, 19.407922050345437 ], [ -99.715421988534032, 19.407922050345437 ], [ -99.715421988534032, 19.407113566589732 ], [ -99.715152493948793, 19.407113566589732 ], [ -99.715152493948793, 19.40657457741926 ], [ -99.714882999363553, 19.40657457741926 ], [ -99.714882999363553, 19.406305082834024 ], [ -99.714613504778313, 19.406305082834024 ], [ -99.714613504778313, 19.406035588248788 ], [ -99.714074515607848, 19.406035588248788 ], [ -99.714074515607848, 19.405766093663551 ], [ -99.713805021022608, 19.405766093663551 ], [ -99.713805021022608, 19.405227104493079 ], [ -99.714074515607848, 19.405227104493079 ], [ -99.714074515607848, 19.404149126152138 ], [ -99.714344010193088, 19.404149126152138 ], [ -99.714344010193088, 19.40468811532261 ], [ -99.714613504778313, 19.40468811532261 ], [ -99.714613504778313, 19.404418620737374 ], [ -99.714882999363553, 19.404418620737374 ], [ -99.714882999363553, 19.405227104493079 ], [ -99.715152493948793, 19.405227104493079 ], [ -99.715152493948793, 19.405766093663551 ], [ -99.715421988534032, 19.405766093663551 ], [ -99.715421988534032, 19.40657457741926 ], [ -99.715691483119258, 19.40657457741926 ], [ -99.715691483119258, 19.406844072004496 ], [ -99.715960977704498, 19.406844072004496 ], [ -99.715960977704498, 19.407113566589732 ], [ -99.716230472289737, 19.407113566589732 ], [ -99.716230472289737, 19.407652555760205 ], [ -99.716499966874963, 19.407652555760205 ], [ -99.716499966874963, 19.40846103951591 ], [ -99.716769461460203, 19.40846103951591 ], [ -99.716769461460203, 19.409269523271618 ], [ -99.716499966874963, 19.409269523271618 ], [ -99.716499966874963, 19.409539017856854 ] ] ] ] } },
{ "type": "Feature", "properties": { "ZONA_MET": "Toluca", "INTENSIDAD": "Intensa", "T_PROM_POL": 4.0, "T_MIN_CIUD": 1.0, "DIF_TERMIC": 2.0 }, "geometry": { "type": "MultiPolygon", "coordinates": [ [ [ [ -99.616247981167234, 19.405496599078315 ], [ -99.615978486581994, 19.405496599078315 ], [ -99.615978486581994, 19.405227104493079 ], [ -99.615708991996755, 19.405227104493079 ], [ -99.615708991996755, 19.404957609907843 ], [ -99.614631013655824, 19.404957609907843 ], [ -99.614631013655824, 19.404418620737374 ], [ -99.613553035314879, 19.404418620737374 ], [ -99.613553035314879, 19.403879631566902 ], [ -99.614092024485345, 19.403879631566902 ], [ -99.614092024485345, 19.404149126152138 ], [ -99.614361519070584, 19.404149126152138 ], [ -99.614361519070584, 19.403879631566902 ], [ -99.61490050824105, 19.403879631566902 ], [ -99.61490050824105, 19.404149126152138 ], [ -99.615170002826289, 19.404149126152138 ], [ -99.615170002826289, 19.404418620737374 ], [ -99.616247981167234, 19.404418620737374 ], [ -99.616247981167234, 19.404957609907843 ], [ -99.616517475752474, 19.404957609907843 ], [ -99.616517475752474, 19.405227104493079 ], [ -99.616247981167234, 19.405227104493079 ], [ -99.616247981167234, 19.405496599078315 ] ] ] ] } },
{ "type": "Feature", "properties": { "ZONA_MET": "Toluca", "INTENSIDAD": "Intensa", "T_PROM_POL": 4.0, "T_MIN_CIUD": 1.0, "DIF_TERMIC": 2.0 }, "geometry": { "type": "MultiPolygon", "coordinates": [ [ [ [ -99.633226140037095, 19.40468811532261 ], [ -99.632956645451856, 19.40468811532261 ], [ -99.632956645451856, 19.403879631566902 ], [ -99.633226140037095, 19.403879631566902 ], [ -99.633226140037095, 19.403610136981666 ], [ -99.633495634622321, 19.403610136981666 ], [ -99.633495634622321, 19.403340642396429 ], [ -99.633765129207561, 19.403340642396429 ], [ -99.633765129207561, 19.403071147811193 ], [ -99.63430411837804, 19.403071147811193 ], [ -99.63430411837804, 19.403340642396429 ], [ -99.634843107548505, 19.403340642396429 ], [ -99.634843107548505, 19.403610136981666 ], [ -99.6340346237928, 19.403610136981666 ], [ -99.6340346237928, 19.403879631566902 ], [ -99.633765129207561, 19.403879631566902 ], [ -99.633765129207561, 19.404149126152138 ], [ -99.633495634622321, 19.404149126152138 ], [ -99.633495634622321, 19.404418620737374 ], [ -99.633226140037095, 19.404418620737374 ], [ -99.633226140037095, 19.40468811532261 ] ] ] ] } },
{ "type": "Feature", "properties": { "ZONA_MET": "Toluca", "INTENSIDAD": "Intensa", "T_PROM_POL": 4.0, "T_MIN_CIUD": 1.0, "DIF_TERMIC": 2.0 }, "geometry": { "type": "MultiPolygon", "coordinates": [ [ [ [ -99.61274455155916, 19.404418620737374 ], [ -99.612205562388695, 19.404418620737374 ], [ -99.612205562388695, 19.403340642396429 ], [ -99.612475056973935, 19.403340642396429 ], [ -99.612475056973935, 19.403071147811193 ], [ -99.61274455155916, 19.403071147811193 ], [ -99.61274455155916, 19.402801653225957 ], [ -99.6130140461444, 19.402801653225957 ], [ -99.6130140461444, 19.403071147811193 ], [ -99.61328354072964, 19.403071147811193 ], [ -99.61328354072964, 19.403340642396429 ], [ -99.6130140461444, 19.403340642396429 ], [ -99.6130140461444, 19.403610136981666 ], [ -99.61328354072964, 19.403610136981666 ], [ -99.61328354072964, 19.403879631566902 ], [ -99.61274455155916, 19.403879631566902 ], [ -99.61274455155916, 19.404418620737374 ] ] ] ] } },
{ "type": "Feature", "properties": { "ZONA_MET": "Toluca", "INTENSIDAD": "Intensa", "T_PROM_POL": 3.0, "T_MIN_CIUD": 1.0, "DIF_TERMIC": 2.0 }, "geometry": { "type": "MultiPolygon", "coordinates": [ [ [ [ -99.629992205014261, 19.403340642396429 ], [ -99.629722710429022, 19.403340642396429 ], [ -99.629722710429022, 19.402801653225957 ], [ -99.629992205014261, 19.402801653225957 ], [ -99.629992205014261, 19.402532158640721 ], [ -99.629722710429022, 19.402532158640721 ], [ -99.629722710429022, 19.402262664055485 ], [ -99.630261699599501, 19.402262664055485 ], [ -99.630261699599501, 19.401723674885016 ], [ -99.630531194184726, 19.401723674885016 ], [ -99.630531194184726, 19.40145418029978 ], [ -99.630800688769966, 19.40145418029978 ], [ -99.630800688769966, 19.402262664055485 ], [ -99.630531194184726, 19.402262664055485 ], [ -99.630531194184726, 19.402532158640721 ], [ -99.630261699599501, 19.402532158640721 ], [ -99.630261699599501, 19.403071147811193 ], [ -99.629992205014261, 19.403071147811193 ], [ -99.629992205014261, 19.403340642396429 ] ] ] ] } },
{ "type": "Feature", "properties": { "ZONA_MET": "Toluca", "INTENSIDAD": "Intensa", "T_PROM_POL": 4.0, "T_MIN_CIUD": 1.0, "DIF_TERMIC": 2.0 }, "geometry": { "type": "MultiPolygon", "coordinates": [ [ [ [ -99.633765129207561, 19.402532158640721 ], [ -99.633495634622321, 19.402532158640721 ], [ -99.633495634622321, 19.402262664055485 ], [ -99.633226140037095, 19.402262664055485 ], [ -99.633226140037095, 19.402532158640721 ], [ -99.63241765628139, 19.402532158640721 ], [ -99.63241765628139, 19.401723674885016 ], [ -99.632687150866616, 19.401723674885016 ], [ -99.632687150866616, 19.401993169470249 ], [ -99.633226140037095, 19.401993169470249 ], [ -99.633226140037095, 19.401723674885016 ], [ -99.633495634622321, 19.401723674885016 ], [ -99.633495634622321, 19.40145418029978 ], [ -99.633765129207561, 19.40145418029978 ], [ -99.633765129207561, 19.400376201958835 ], [ -99.63430411837804, 19.400376201958835 ], [ -99.63430411837804, 19.400645696544071 ], [ -99.634573612963266, 19.400645696544071 ], [ -99.634573612963266, 19.400376201958835 ], [ -99.634843107548505, 19.400376201958835 ], [ -99.634843107548505, 19.400106707373599 ], [ -99.635112602133745, 19.400106707373599 ], [ -99.635112602133745, 19.400376201958835 ], [ -99.635382096718985, 19.400376201958835 ], [ -99.635382096718985, 19.400915191129307 ], [ -99.634843107548505, 19.400915191129307 ], [ -99.634843107548505, 19.40145418029978 ], [ -99.63430411837804, 19.40145418029978 ], [ -99.63430411837804, 19.401723674885016 ], [ -99.6340346237928, 19.401723674885016 ], [ -99.6340346237928, 19.402262664055485 ], [ -99.633765129207561, 19.402262664055485 ], [ -99.633765129207561, 19.402532158640721 ] ] ] ] } },
{ "type": "Feature", "properties": { "ZONA_MET": "Toluca", "INTENSIDAD": "Intensa", "T_PROM_POL": 4.0, "T_MIN_CIUD": 1.0, "DIF_TERMIC": 2.0 }, "geometry": { "type": "MultiPolygon", "coordinates": [ [ [ [ -99.601964768149728, 19.400106707373599 ], [ -99.600886789808783, 19.400106707373599 ], [ -99.600886789808783, 19.399837212788363 ], [ -99.599808811467852, 19.399837212788363 ], [ -99.599808811467852, 19.39929822361789 ], [ -99.600347800638318, 19.39929822361789 ], [ -99.600347800638318, 19.399567718203127 ], [ -99.600617295223557, 19.399567718203127 ], [ -99.600617295223557, 19.39929822361789 ], [ -99.600886789808783, 19.39929822361789 ], [ -99.600886789808783, 19.399567718203127 ], [ -99.601964768149728, 19.399567718203127 ], [ -99.601964768149728, 19.400106707373599 ] ] ] ] } },
{ "type": "Feature", "properties": { "ZONA_MET": "Toluca", "INTENSIDAD": "Intensa", "T_PROM_POL": 4.0, "T_MIN_CIUD": 1.0, "DIF_TERMIC": 2.0 }, "geometry": { "type": "MultiPolygon", "coordinates": [ [ [ [ -99.594149425177889, 19.400915191129307 ], [ -99.593071446836944, 19.400915191129307 ], [ -99.593071446836944, 19.399837212788363 ], [ -99.592801952251719, 19.399837212788363 ], [ -99.592801952251719, 19.399567718203127 ], [ -99.593340941422184, 19.399567718203127 ], [ -99.593340941422184, 19.399837212788363 ], [ -99.593610436007424, 19.399837212788363 ], [ -99.593610436007424, 19.400106707373599 ], [ -99.593879930592664, 19.400106707373599 ], [ -99.593879930592664, 19.399567718203127 ], [ -99.594149425177889, 19.399567718203127 ], [ -99.594149425177889, 19.39929822361789 ], [ -99.594957908933594, 19.39929822361789 ], [ -99.594957908933594, 19.399567718203127 ], [ -99.595227403518834, 19.399567718203127 ], [ -99.595227403518834, 19.399837212788363 ], [ -99.594957908933594, 19.399837212788363 ], [ -99.594957908933594, 19.400106707373599 ], [ -99.594688414348369, 19.400106707373599 ], [ -99.594688414348369, 19.400376201958835 ], [ -99.594149425177889, 19.400376201958835 ], [ -99.594149425177889, 19.400915191129307 ] ] ] ] } },
{ "type": "Feature", "properties": { "ZONA_MET": "Toluca", "INTENSIDAD": "Intensa", "T_PROM_POL": 4.0, "T_MIN_CIUD": 1.0, "DIF_TERMIC": 2.0 }, "geometry": { "type": "MultiPolygon", "coordinates": [ [ [ [ -99.723506826091096, 19.401993169470249 ], [ -99.722967836920631, 19.401993169470249 ], [ -99.722967836920631, 19.401723674885016 ], [ -99.722698342335391, 19.401723674885016 ], [ -99.722698342335391, 19.401993169470249 ], [ -99.722428847750152, 19.401993169470249 ], [ -99.722428847750152, 19.401723674885016 ], [ -99.721889858579686, 19.401723674885016 ], [ -99.721889858579686, 19.40145418029978 ], [ -99.721620363994447, 19.40145418029978 ], [ -99.721620363994447, 19.400915191129307 ], [ -99.721081374823981, 19.400915191129307 ], [ -99.721081374823981, 19.400376201958835 ], [ -99.720811880238742, 19.400376201958835 ], [ -99.720811880238742, 19.400106707373599 ], [ -99.720272891068277, 19.400106707373599 ], [ -99.720272891068277, 19.399837212788363 ], [ -99.719733901897797, 19.399837212788363 ], [ -99.719733901897797, 19.399567718203127 ], [ -99.719464407312557, 19.399567718203127 ], [ -99.719464407312557, 19.399028729032654 ], [ -99.719194912727332, 19.399028729032654 ], [ -99.719194912727332, 19.398759234447422 ], [ -99.718925418142092, 19.398759234447422 ], [ -99.718925418142092, 19.398220245276949 ], [ -99.719194912727332, 19.398220245276949 ], [ -99.719194912727332, 19.398489739862185 ], [ -99.720272891068277, 19.398489739862185 ], [ -99.720272891068277, 19.398220245276949 ], [ -99.721620363994447, 19.398220245276949 ], [ -99.721620363994447, 19.398759234447422 ], [ -99.722159353164926, 19.398759234447422 ], [ -99.722159353164926, 19.39929822361789 ], [ -99.722428847750152, 19.39929822361789 ], [ -99.722428847750152, 19.400106707373599 ], [ -99.722159353164926, 19.400106707373599 ], [ -99.722159353164926, 19.400376201958835 ], [ -99.721889858579686, 19.400376201958835 ], [ -99.721889858579686, 19.400915191129307 ], [ -99.722159353164926, 19.400915191129307 ], [ -99.722159353164926, 19.401184685714544 ], [ -99.723237331505871, 19.401184685714544 ], [ -99.723237331505871, 19.40145418029978 ], [ -99.723506826091096, 19.40145418029978 ], [ -99.723506826091096, 19.400915191129307 ], [ -99.723776320676336, 19.400915191129307 ], [ -99.723776320676336, 19.401184685714544 ], [ -99.724045815261576, 19.401184685714544 ], [ -99.724045815261576, 19.40145418029978 ], [ -99.723776320676336, 19.40145418029978 ], [ -99.723776320676336, 19.401723674885016 ], [ -99.723506826091096, 19.401723674885016 ], [ -99.723506826091096, 19.401993169470249 ] ] ] ] } },
{ "type": "Feature", "properties": { "ZONA_MET": "Toluca", "INTENSIDAD": "Intensa", "T_PROM_POL": 4.0, "T_MIN_CIUD": 1.0, "DIF_TERMIC": 2.0 }, "geometry": { "type": "MultiPolygon", "coordinates": [ [ [ [ -99.629453215843796, 19.399837212788363 ], [ -99.628105742917612, 19.399837212788363 ], [ -99.628105742917612, 19.39929822361789 ], [ -99.628375237502851, 19.39929822361789 ], [ -99.628375237502851, 19.398489739862185 ], [ -99.628644732088077, 19.398489739862185 ], [ -99.628644732088077, 19.398220245276949 ], [ -99.628914226673317, 19.398220245276949 ], [ -99.628914226673317, 19.397950750691713 ], [ -99.629453215843796, 19.397950750691713 ], [ -99.629453215843796, 19.398489739862185 ], [ -99.629183721258556, 19.398489739862185 ], [ -99.629183721258556, 19.398759234447422 ], [ -99.628914226673317, 19.398759234447422 ], [ -99.628914226673317, 19.399028729032654 ], [ -99.628644732088077, 19.399028729032654 ], [ -99.628644732088077, 19.399567718203127 ], [ -99.629453215843796, 19.399567718203127 ], [ -99.629453215843796, 19.399837212788363 ] ] ] ] } },
{ "type": "Feature", "properties": { "ZONA_MET": "Toluca", "INTENSIDAD": "Intensa", "T_PROM_POL": 4.0, "T_MIN_CIUD": 1.0, "DIF_TERMIC": 2.0 }, "geometry": { "type": "MultiPolygon", "coordinates": [ [ [ [ -99.638077042571339, 19.398759234447422 ], [ -99.6378075479861, 19.398759234447422 ], [ -99.6378075479861, 19.398489739862185 ], [ -99.63753805340086, 19.398489739862185 ], [ -99.63753805340086, 19.397950750691713 ], [ -99.6378075479861, 19.397950750691713 ], [ -99.6378075479861, 19.397681256106477 ], [ -99.638077042571339, 19.397681256106477 ], [ -99.638077042571339, 19.397411761521241 ], [ -99.638616031741805, 19.397411761521241 ], [ -99.638616031741805, 19.397142266936005 ], [ -99.638885526327044, 19.397142266936005 ], [ -99.638885526327044, 19.397681256106477 ], [ -99.638616031741805, 19.397681256106477 ], [ -99.638616031741805, 19.398220245276949 ], [ -99.638077042571339, 19.398220245276949 ], [ -99.638077042571339, 19.398759234447422 ] ] ] ] } },
{ "type": "Feature", "properties": { "ZONA_MET": "Toluca", "INTENSIDAD": "Intensa", "T_PROM_POL": 4.0, "T_MIN_CIUD": 1.0, "DIF_TERMIC": 2.0 }, "geometry": { "type": "MultiPolygon", "coordinates": [ [ [ [ -99.633765129207561, 19.400106707373599 ], [ -99.633495634622321, 19.400106707373599 ], [ -99.633495634622321, 19.399028729032654 ], [ -99.633765129207561, 19.399028729032654 ], [ -99.633765129207561, 19.398489739862185 ], [ -99.6340346237928, 19.398489739862185 ], [ -99.6340346237928, 19.398220245276949 ], [ -99.63430411837804, 19.398220245276949 ], [ -99.63430411837804, 19.397950750691713 ], [ -99.6340346237928, 19.397950750691713 ], [ -99.6340346237928, 19.397681256106477 ], [ -99.634573612963266, 19.397681256106477 ], [ -99.634573612963266, 19.397950750691713 ], [ -99.634843107548505, 19.397950750691713 ], [ -99.634843107548505, 19.397681256106477 ], [ -99.635112602133745, 19.397681256106477 ], [ -99.635112602133745, 19.397411761521241 ], [ -99.63565159130421, 19.397411761521241 ], [ -99.63565159130421, 19.397142266936005 ], [ -99.63619058047469, 19.397142266936005 ], [ -99.63619058047469, 19.397411761521241 ], [ -99.636460075059915, 19.397411761521241 ], [ -99.636460075059915, 19.397681256106477 ], [ -99.636729569645155, 19.397681256106477 ], [ -99.636729569645155, 19.397142266936005 ], [ -99.63753805340086, 19.397142266936005 ], [ -99.63753805340086, 19.397411761521241 ], [ -99.637268558815634, 19.397411761521241 ], [ -99.637268558815634, 19.398220245276949 ], [ -99.636999064230395, 19.398220245276949 ], [ -99.636999064230395, 19.398489739862185 ], [ -99.636729569645155, 19.398489739862185 ], [ -99.636729569645155, 19.399028729032654 ], [ -99.636460075059915, 19.399028729032654 ], [ -99.636460075059915, 19.398489739862185 ], [ -99.63619058047469, 19.398489739862185 ], [ -99.63619058047469, 19.397950750691713 ], [ -99.635382096718985, 19.397950750691713 ], [ -99.635382096718985, 19.398220245276949 ], [ -99.635112602133745, 19.398220245276949 ], [ -99.635112602133745, 19.398489739862185 ], [ -99.634843107548505, 19.398489739862185 ], [ -99.634843107548505, 19.398759234447422 ], [ -99.6340346237928, 19.398759234447422 ], [ -99.6340346237928, 19.399567718203127 ], [ -99.633765129207561, 19.399567718203127 ], [ -99.633765129207561, 19.400106707373599 ] ] ] ] } },
{ "type": "Feature", "properties": { "ZONA_MET": "Toluca", "INTENSIDAD": "Intensa", "T_PROM_POL": 4.0, "T_MIN_CIUD": 1.0, "DIF_TERMIC": 2.0 }, "geometry": { "type": "MultiPolygon", "coordinates": [ [ [ [ -99.714074515607848, 19.403071147811193 ], [ -99.713535526437369, 19.403071147811193 ], [ -99.713535526437369, 19.402532158640721 ], [ -99.713266031852143, 19.402532158640721 ], [ -99.713266031852143, 19.401993169470249 ], [ -99.712996537266903, 19.401993169470249 ], [ -99.712996537266903, 19.401723674885016 ], [ -99.712727042681664, 19.401723674885016 ], [ -99.712727042681664, 19.400645696544071 ], [ -99.712457548096438, 19.400645696544071 ], [ -99.712457548096438, 19.400106707373599 ], [ -99.712188053511198, 19.400106707373599 ], [ -99.712188053511198, 19.399567718203127 ], [ -99.711918558925959, 19.399567718203127 ], [ -99.711918558925959, 19.399028729032654 ], [ -99.711379569755493, 19.399028729032654 ], [ -99.711379569755493, 19.398759234447422 ], [ -99.711110075170254, 19.398759234447422 ], [ -99.711110075170254, 19.398220245276949 ], [ -99.710571085999774, 19.398220245276949 ], [ -99.710571085999774, 19.397411761521241 ], [ -99.711110075170254, 19.397411761521241 ], [ -99.711110075170254, 19.396872772350768 ], [ -99.710840580585014, 19.396872772350768 ], [ -99.710840580585014, 19.396333783180296 ], [ -99.710571085999774, 19.396333783180296 ], [ -99.710571085999774, 19.39606428859506 ], [ -99.710840580585014, 19.39606428859506 ], [ -99.710840580585014, 19.395794794009824 ], [ -99.711110075170254, 19.395794794009824 ], [ -99.711110075170254, 19.39606428859506 ], [ -99.711649064340719, 19.39606428859506 ], [ -99.711649064340719, 19.396603277765532 ], [ -99.711918558925959, 19.396603277765532 ], [ -99.711918558925959, 19.396872772350768 ], [ -99.712457548096438, 19.396872772350768 ], [ -99.712457548096438, 19.397411761521241 ], [ -99.712727042681664, 19.397411761521241 ], [ -99.712727042681664, 19.398220245276949 ], [ -99.713266031852143, 19.398220245276949 ], [ -99.713266031852143, 19.397950750691713 ], [ -99.714074515607848, 19.397950750691713 ], [ -99.714074515607848, 19.397681256106477 ], [ -99.714344010193088, 19.397681256106477 ], [ -99.714344010193088, 19.398220245276949 ], [ -99.715421988534032, 19.398220245276949 ], [ -99.715421988534032, 19.398759234447422 ], [ -99.714613504778313, 19.398759234447422 ], [ -99.714613504778313, 19.399028729032654 ], [ -99.714344010193088, 19.399028729032654 ], [ -99.714344010193088, 19.399837212788363 ], [ -99.714074515607848, 19.399837212788363 ], [ -99.714074515607848, 19.400106707373599 ], [ -99.714613504778313, 19.400106707373599 ], [ -99.714613504778313, 19.400376201958835 ], [ -99.713805021022608, 19.400376201958835 ], [ -99.713805021022608, 19.400645696544071 ], [ -99.713535526437369, 19.400645696544071 ], [ -99.713535526437369, 19.402262664055485 ], [ -99.713805021022608, 19.402262664055485 ], [ -99.713805021022608, 19.402532158640721 ], [ -99.714074515607848, 19.402532158640721 ], [ -99.714074515607848, 19.403071147811193 ] ], [ [ -99.713535526437369, 19.400106707373599 ], [ -99.713535526437369, 19.399837212788363 ], [ -99.713266031852143, 19.399837212788363 ], [ -99.713266031852143, 19.400106707373599 ], [ -99.713535526437369, 19.400106707373599 ] ], [ [ -99.713266031852143, 19.399837212788363 ], [ -99.713266031852143, 19.39929822361789 ], [ -99.712996537266903, 19.39929822361789 ], [ -99.712996537266903, 19.399837212788363 ], [ -99.713266031852143, 19.399837212788363 ] ], [ [ -99.713266031852143, 19.399028729032654 ], [ -99.713266031852143, 19.398489739862185 ], [ -99.712727042681664, 19.398489739862185 ], [ -99.712727042681664, 19.398759234447422 ], [ -99.712996537266903, 19.398759234447422 ], [ -99.712996537266903, 19.399028729032654 ], [ -99.713266031852143, 19.399028729032654 ] ], [ [ -99.712727042681664, 19.399028729032654 ], [ -99.712727042681664, 19.398759234447422 ], [ -99.712457548096438, 19.398759234447422 ], [ -99.712457548096438, 19.399028729032654 ], [ -99.712727042681664, 19.399028729032654 ] ] ] ] } },
{ "type": "Feature", "properties": { "ZONA_MET": "Toluca", "INTENSIDAD": "Intensa", "T_PROM_POL": 4.0, "T_MIN_CIUD": 1.0, "DIF_TERMIC": 2.0 }, "geometry": { "type": "MultiPolygon", "coordinates": [ [ [ [ -99.648048342225067, 19.401993169470249 ], [ -99.647778847639827, 19.401993169470249 ], [ -99.647778847639827, 19.401723674885016 ], [ -99.646161880128417, 19.401723674885016 ], [ -99.646161880128417, 19.401993169470249 ], [ -99.645622890957938, 19.401993169470249 ], [ -99.645622890957938, 19.401723674885016 ], [ -99.644544912616993, 19.401723674885016 ], [ -99.644544912616993, 19.401184685714544 ], [ -99.644814407202233, 19.401184685714544 ], [ -99.644814407202233, 19.400915191129307 ], [ -99.644544912616993, 19.400915191129307 ], [ -99.644544912616993, 19.399837212788363 ], [ -99.644814407202233, 19.399837212788363 ], [ -99.644814407202233, 19.399567718203127 ], [ -99.645083901787473, 19.399567718203127 ], [ -99.645083901787473, 19.398759234447422 ], [ -99.645353396372698, 19.398759234447422 ], [ -99.645353396372698, 19.398489739862185 ], [ -99.645083901787473, 19.398489739862185 ], [ -99.645083901787473, 19.398220245276949 ], [ -99.645353396372698, 19.398220245276949 ], [ -99.645353396372698, 19.397950750691713 ], [ -99.646161880128417, 19.397950750691713 ], [ -99.646161880128417, 19.397411761521241 ], [ -99.645892385543178, 19.397411761521241 ], [ -99.645892385543178, 19.397681256106477 ], [ -99.645353396372698, 19.397681256106477 ], [ -99.645353396372698, 19.397411761521241 ], [ -99.645622890957938, 19.397411761521241 ], [ -99.645622890957938, 19.396603277765532 ], [ -99.645892385543178, 19.396603277765532 ], [ -99.645892385543178, 19.396333783180296 ], [ -99.646161880128417, 19.396333783180296 ], [ -99.646161880128417, 19.395794794009824 ], [ -99.646431374713643, 19.395794794009824 ], [ -99.646431374713643, 19.396333783180296 ], [ -99.646700869298883, 19.396333783180296 ], [ -99.646700869298883, 19.396872772350768 ], [ -99.647239858469362, 19.396872772350768 ], [ -99.647239858469362, 19.396603277765532 ], [ -99.647509353054588, 19.396603277765532 ], [ -99.647509353054588, 19.397142266936005 ], [ -99.648048342225067, 19.397142266936005 ], [ -99.648048342225067, 19.397411761521241 ], [ -99.648856825980772, 19.397411761521241 ], [ -99.648856825980772, 19.397681256106477 ], [ -99.649395815151237, 19.397681256106477 ], [ -99.649395815151237, 19.397950750691713 ], [ -99.650204298906957, 19.397950750691713 ], [ -99.650204298906957, 19.398220245276949 ], [ -99.650743288077422, 19.398220245276949 ], [ -99.650743288077422, 19.398489739862185 ], [ -99.649934804321717, 19.398489739862185 ], [ -99.649934804321717, 19.399028729032654 ], [ -99.650473793492182, 19.399028729032654 ], [ -99.650473793492182, 19.398759234447422 ], [ -99.651551771833127, 19.398759234447422 ], [ -99.651551771833127, 19.399837212788363 ], [ -99.651282277247887, 19.399837212788363 ], [ -99.651282277247887, 19.400106707373599 ], [ -99.650743288077422, 19.400106707373599 ], [ -99.650743288077422, 19.400376201958835 ], [ -99.650473793492182, 19.400376201958835 ], [ -99.650473793492182, 19.400106707373599 ], [ -99.649665309736477, 19.400106707373599 ], [ -99.649665309736477, 19.400376201958835 ], [ -99.649934804321717, 19.400376201958835 ], [ -99.649934804321717, 19.400915191129307 ], [ -99.648856825980772, 19.400915191129307 ], [ -99.648856825980772, 19.401184685714544 ], [ -99.648587331395532, 19.401184685714544 ], [ -99.648587331395532, 19.40145418029978 ], [ -99.648317836810293, 19.40145418029978 ], [ -99.648317836810293, 19.401723674885016 ], [ -99.648048342225067, 19.401723674885016 ], [ -99.648048342225067, 19.401993169470249 ] ], [ [ -99.647509353054588, 19.400645696544071 ], [ -99.647509353054588, 19.400376201958835 ], [ -99.647778847639827, 19.400376201958835 ], [ -99.647778847639827, 19.400106707373599 ], [ -99.647509353054588, 19.400106707373599 ], [ -99.647509353054588, 19.399837212788363 ], [ -99.646431374713643, 19.399837212788363 ], [ -99.646431374713643, 19.400645696544071 ], [ -99.646700869298883, 19.400645696544071 ], [ -99.646700869298883, 19.400376201958835 ], [ -99.646970363884122, 19.400376201958835 ], [ -99.646970363884122, 19.400645696544071 ], [ -99.647509353054588, 19.400645696544071 ] ], [ [ -99.648317836810293, 19.399028729032654 ], [ -99.648317836810293, 19.398759234447422 ], [ -99.648587331395532, 19.398759234447422 ], [ -99.648587331395532, 19.398489739862185 ], [ -99.648317836810293, 19.398489739862185 ], [ -99.648317836810293, 19.398220245276949 ], [ -99.647509353054588, 19.398220245276949 ], [ -99.647509353054588, 19.398759234447422 ], [ -99.648048342225067, 19.398759234447422 ], [ -99.648048342225067, 19.399028729032654 ], [ -99.648317836810293, 19.399028729032654 ] ], [ [ -99.646431374713643, 19.399028729032654 ], [ -99.646431374713643, 19.398759234447422 ], [ -99.645892385543178, 19.398759234447422 ], [ -99.645892385543178, 19.399028729032654 ], [ -99.646431374713643, 19.399028729032654 ] ], [ [ -99.646700869298883, 19.397142266936005 ], [ -99.646700869298883, 19.396872772350768 ], [ -99.646431374713643, 19.396872772350768 ], [ -99.646431374713643, 19.397142266936005 ], [ -99.646700869298883, 19.397142266936005 ] ] ] ] } },
{ "type": "Feature", "properties": { "ZONA_MET": "Toluca", "INTENSIDAD": "Extrema", "T_PROM_POL": 4.0, "T_MIN_CIUD": 1.0, "DIF_TERMIC": 2.0 }, "geometry": { "type": "MultiPolygon", "coordinates": [ [ [ [ -99.712457548096438, 19.396872772350768 ], [ -99.711918558925959, 19.396872772350768 ], [ -99.711918558925959, 19.396603277765532 ], [ -99.711649064340719, 19.396603277765532 ], [ -99.711649064340719, 19.39606428859506 ], [ -99.711918558925959, 19.39606428859506 ], [ -99.711918558925959, 19.395525299424591 ], [ -99.712188053511198, 19.395525299424591 ], [ -99.712188053511198, 19.395255804839355 ], [ -99.712727042681664, 19.395255804839355 ], [ -99.712727042681664, 19.395794794009824 ], [ -99.712996537266903, 19.395794794009824 ], [ -99.712996537266903, 19.39606428859506 ], [ -99.712457548096438, 19.39606428859506 ], [ -99.712457548096438, 19.396872772350768 ] ] ] ] } },
{ "type": "Feature", "properties": { "ZONA_MET": "Toluca", "INTENSIDAD": "Intensa", "T_PROM_POL": 4.0, "T_MIN_CIUD": 1.0, "DIF_TERMIC": 2.0 }, "geometry": { "type": "MultiPolygon", "coordinates": [ [ [ [ -99.587681555132235, 19.396603277765532 ], [ -99.58687307137653, 19.396603277765532 ], [ -99.58687307137653, 19.396333783180296 ], [ -99.587142565961756, 19.396333783180296 ], [ -99.587142565961756, 19.395794794009824 ], [ -99.58660357679129, 19.395794794009824 ], [ -99.58660357679129, 19.395255804839355 ], [ -99.58687307137653, 19.395255804839355 ], [ -99.58687307137653, 19.395525299424591 ], [ -99.587412060546995, 19.395525299424591 ], [ -99.587412060546995, 19.395794794009824 ], [ -99.5882205443027, 19.395794794009824 ], [ -99.5882205443027, 19.39606428859506 ], [ -99.587951049717475, 19.39606428859506 ], [ -99.587951049717475, 19.396333783180296 ], [ -99.587681555132235, 19.396333783180296 ], [ -99.587681555132235, 19.396603277765532 ] ] ] ] } },
{ "type": "Feature", "properties": { "ZONA_MET": "Toluca", "INTENSIDAD": "Intensa", "T_PROM_POL": 4.0, "T_MIN_CIUD": 1.0, "DIF_TERMIC": 2.0 }, "geometry": { "type": "MultiPolygon", "coordinates": [ [ [ [ -99.621637872871943, 19.398489739862185 ], [ -99.621368378286718, 19.398489739862185 ], [ -99.621368378286718, 19.398220245276949 ], [ -99.621098883701478, 19.398220245276949 ], [ -99.621098883701478, 19.397411761521241 ], [ -99.621368378286718, 19.397411761521241 ], [ -99.621368378286718, 19.397142266936005 ], [ -99.621098883701478, 19.397142266936005 ], [ -99.621098883701478, 19.396872772350768 ], [ -99.620559894531013, 19.396872772350768 ], [ -99.620559894531013, 19.396603277765532 ], [ -99.621098883701478, 19.396603277765532 ], [ -99.621098883701478, 19.395525299424591 ], [ -99.621368378286718, 19.395525299424591 ], [ -99.621368378286718, 19.394986310254119 ], [ -99.621637872871943, 19.394986310254119 ], [ -99.621637872871943, 19.394716815668883 ], [ -99.621907367457183, 19.394716815668883 ], [ -99.621907367457183, 19.394447321083646 ], [ -99.622176862042423, 19.394447321083646 ], [ -99.622176862042423, 19.39417782649841 ], [ -99.622446356627663, 19.39417782649841 ], [ -99.622446356627663, 19.395255804839355 ], [ -99.622176862042423, 19.395255804839355 ], [ -99.622176862042423, 19.395525299424591 ], [ -99.622446356627663, 19.395525299424591 ], [ -99.622446356627663, 19.396603277765532 ], [ -99.622176862042423, 19.396603277765532 ], [ -99.622176862042423, 19.396872772350768 ], [ -99.622446356627663, 19.396872772350768 ], [ -99.622446356627663, 19.397142266936005 ], [ -99.622985345798128, 19.397142266936005 ], [ -99.622985345798128, 19.397411761521241 ], [ -99.623254840383368, 19.397411761521241 ], [ -99.623254840383368, 19.397681256106477 ], [ -99.622715851212888, 19.397681256106477 ], [ -99.622715851212888, 19.397411761521241 ], [ -99.621907367457183, 19.397411761521241 ], [ -99.621907367457183, 19.397950750691713 ], [ -99.622176862042423, 19.397950750691713 ], [ -99.622176862042423, 19.398220245276949 ], [ -99.621637872871943, 19.398220245276949 ], [ -99.621637872871943, 19.398489739862185 ] ] ] ] } },
{ "type": "Feature", "properties": { "ZONA_MET": "Toluca", "INTENSIDAD": "Intensa", "T_PROM_POL": 4.0, "T_MIN_CIUD": 1.0, "DIF_TERMIC": 2.0 }, "geometry": { "type": "MultiPolygon", "coordinates": [ [ [ [ -99.710840580585014, 19.395525299424591 ], [ -99.710301591414549, 19.395525299424591 ], [ -99.710301591414549, 19.395255804839355 ], [ -99.710032096829309, 19.395255804839355 ], [ -99.710032096829309, 19.393908331913174 ], [ -99.710301591414549, 19.393908331913174 ], [ -99.710301591414549, 19.394447321083646 ], [ -99.710571085999774, 19.394447321083646 ], [ -99.710571085999774, 19.394716815668883 ], [ -99.710840580585014, 19.394716815668883 ], [ -99.710840580585014, 19.395525299424591 ] ] ] ] } },
{ "type": "Feature", "properties": { "ZONA_MET": "Toluca", "INTENSIDAD": "Intensa", "T_PROM_POL": 4.0, "T_MIN_CIUD": 1.0, "DIF_TERMIC": 2.0 }, "geometry": { "type": "MultiPolygon", "coordinates": [ [ [ [ -99.635112602133745, 19.397411761521241 ], [ -99.634843107548505, 19.397411761521241 ], [ -99.634843107548505, 19.396603277765532 ], [ -99.63565159130421, 19.396603277765532 ], [ -99.63565159130421, 19.39606428859506 ], [ -99.63619058047469, 19.39606428859506 ], [ -99.63619058047469, 19.395794794009824 ], [ -99.636460075059915, 19.395794794009824 ], [ -99.636460075059915, 19.395255804839355 ], [ -99.63619058047469, 19.395255804839355 ], [ -99.63619058047469, 19.394716815668883 ], [ -99.63592108588945, 19.394716815668883 ], [ -99.63592108588945, 19.394447321083646 ], [ -99.63565159130421, 19.394447321083646 ], [ -99.63565159130421, 19.393908331913174 ], [ -99.63592108588945, 19.393908331913174 ], [ -99.63592108588945, 19.39417782649841 ], [ -99.636460075059915, 19.39417782649841 ], [ -99.636460075059915, 19.394447321083646 ], [ -99.637268558815634, 19.394447321083646 ], [ -99.637268558815634, 19.39417782649841 ], [ -99.63753805340086, 19.39417782649841 ], [ -99.63753805340086, 19.394716815668883 ], [ -99.638346537156579, 19.394716815668883 ], [ -99.638346537156579, 19.394447321083646 ], [ -99.642658450520344, 19.394447321083646 ], [ -99.642658450520344, 19.39417782649841 ], [ -99.646970363884122, 19.39417782649841 ], [ -99.646970363884122, 19.394447321083646 ], [ -99.645892385543178, 19.394447321083646 ], [ -99.645892385543178, 19.394716815668883 ], [ -99.640232999253229, 19.394716815668883 ], [ -99.640232999253229, 19.394986310254119 ], [ -99.639963504667989, 19.394986310254119 ], [ -99.639963504667989, 19.394716815668883 ], [ -99.638616031741805, 19.394716815668883 ], [ -99.638616031741805, 19.394986310254119 ], [ -99.638077042571339, 19.394986310254119 ], [ -99.638077042571339, 19.395794794009824 ], [ -99.6378075479861, 19.395794794009824 ], [ -99.6378075479861, 19.395255804839355 ], [ -99.63753805340086, 19.395255804839355 ], [ -99.63753805340086, 19.395525299424591 ], [ -99.637268558815634, 19.395525299424591 ], [ -99.637268558815634, 19.395794794009824 ], [ -99.636729569645155, 19.395794794009824 ], [ -99.636729569645155, 19.39606428859506 ], [ -99.637268558815634, 19.39606428859506 ], [ -99.637268558815634, 19.396603277765532 ], [ -99.636999064230395, 19.396603277765532 ], [ -99.636999064230395, 19.396872772350768 ], [ -99.636460075059915, 19.396872772350768 ], [ -99.636460075059915, 19.397142266936005 ], [ -99.63619058047469, 19.397142266936005 ], [ -99.63619058047469, 19.396872772350768 ], [ -99.635382096718985, 19.396872772350768 ], [ -99.635382096718985, 19.397142266936005 ], [ -99.635112602133745, 19.397142266936005 ], [ -99.635112602133745, 19.397411761521241 ] ], [ [ -99.63753805340086, 19.394986310254119 ], [ -99.63753805340086, 19.394716815668883 ], [ -99.637268558815634, 19.394716815668883 ], [ -99.637268558815634, 19.394986310254119 ], [ -99.63753805340086, 19.394986310254119 ] ] ] ] } },
{ "type": "Feature", "properties": { "ZONA_MET": "Toluca", "INTENSIDAD": "Extrema", "T_PROM_POL": 4.0, "T_MIN_CIUD": 1.0, "DIF_TERMIC": 2.0 }, "geometry": { "type": "MultiPolygon", "coordinates": [ [ [ [ -99.651282277247887, 19.394447321083646 ], [ -99.651012782662661, 19.394447321083646 ], [ -99.651012782662661, 19.39417782649841 ], [ -99.650743288077422, 19.39417782649841 ], [ -99.650743288077422, 19.394447321083646 ], [ -99.648587331395532, 19.394447321083646 ], [ -99.648587331395532, 19.393908331913174 ], [ -99.651821266418366, 19.393908331913174 ], [ -99.651821266418366, 19.39417782649841 ], [ -99.651282277247887, 19.39417782649841 ], [ -99.651282277247887, 19.394447321083646 ] ] ] ] } },
{ "type": "Feature", "properties": { "ZONA_MET": "Toluca", "INTENSIDAD": "Intensa", "T_PROM_POL": 4.0, "T_MIN_CIUD": 1.0, "DIF_TERMIC": 2.0 }, "geometry": { "type": "MultiPolygon", "coordinates": [ [ [ [ -99.616786970337699, 19.397950750691713 ], [ -99.616517475752474, 19.397950750691713 ], [ -99.616517475752474, 19.397411761521241 ], [ -99.616247981167234, 19.397411761521241 ], [ -99.616247981167234, 19.396603277765532 ], [ -99.616517475752474, 19.396603277765532 ], [ -99.616517475752474, 19.396333783180296 ], [ -99.616247981167234, 19.396333783180296 ], [ -99.616247981167234, 19.395794794009824 ], [ -99.615978486581994, 19.395794794009824 ], [ -99.615978486581994, 19.395255804839355 ], [ -99.616247981167234, 19.395255804839355 ], [ -99.616247981167234, 19.394986310254119 ], [ -99.615978486581994, 19.394986310254119 ], [ -99.615978486581994, 19.394716815668883 ], [ -99.615708991996755, 19.394716815668883 ], [ -99.615708991996755, 19.394986310254119 ], [ -99.61490050824105, 19.394986310254119 ], [ -99.61490050824105, 19.394447321083646 ], [ -99.615170002826289, 19.394447321083646 ], [ -99.615170002826289, 19.39417782649841 ], [ -99.615439497411529, 19.39417782649841 ], [ -99.615439497411529, 19.393638837327938 ], [ -99.615708991996755, 19.393638837327938 ], [ -99.615708991996755, 19.393099848157465 ], [ -99.616247981167234, 19.393099848157465 ], [ -99.616247981167234, 19.393908331913174 ], [ -99.616786970337699, 19.393908331913174 ], [ -99.616786970337699, 19.394986310254119 ], [ -99.617325959508179, 19.394986310254119 ], [ -99.617325959508179, 19.394716815668883 ], [ -99.617595454093419, 19.394716815668883 ], [ -99.617595454093419, 19.395255804839355 ], [ -99.617864948678644, 19.395255804839355 ], [ -99.617864948678644, 19.395525299424591 ], [ -99.618673432434349, 19.395525299424591 ], [ -99.618673432434349, 19.395794794009824 ], [ -99.619212421604828, 19.395794794009824 ], [ -99.619212421604828, 19.395525299424591 ], [ -99.619751410775294, 19.395525299424591 ], [ -99.619751410775294, 19.39606428859506 ], [ -99.620290399945773, 19.39606428859506 ], [ -99.620290399945773, 19.396603277765532 ], [ -99.620020905360533, 19.396603277765532 ], [ -99.620020905360533, 19.396333783180296 ], [ -99.618942927019589, 19.396333783180296 ], [ -99.618942927019589, 19.39606428859506 ], [ -99.618673432434349, 19.39606428859506 ], [ -99.618673432434349, 19.396333783180296 ], [ -99.618403937849124, 19.396333783180296 ], [ -99.618403937849124, 19.39606428859506 ], [ -99.617864948678644, 19.39606428859506 ], [ -99.617864948678644, 19.395794794009824 ], [ -99.616786970337699, 19.395794794009824 ], [ -99.616786970337699, 19.396603277765532 ], [ -99.617056464922939, 19.396603277765532 ], [ -99.617056464922939, 19.397142266936005 ], [ -99.616786970337699, 19.397142266936005 ], [ -99.616786970337699, 19.397950750691713 ] ] ] ] } },
{ "type": "Feature", "properties": { "ZONA_MET": "Toluca", "INTENSIDAD": "Intensa", "T_PROM_POL": 3.0, "T_MIN_CIUD": 1.0, "DIF_TERMIC": 2.0 }, "geometry": { "type": "MultiPolygon", "coordinates": [ [ [ [ -99.687125057084259, 19.393908331913174 ], [ -99.685508089572849, 19.393908331913174 ], [ -99.685508089572849, 19.393369342742702 ], [ -99.686316573328554, 19.393369342742702 ], [ -99.686316573328554, 19.393099848157465 ], [ -99.687125057084259, 19.393099848157465 ], [ -99.687125057084259, 19.393369342742702 ], [ -99.687394551669499, 19.393369342742702 ], [ -99.687394551669499, 19.393638837327938 ], [ -99.687125057084259, 19.393638837327938 ], [ -99.687125057084259, 19.393908331913174 ] ] ] ] } },
{ "type": "Feature", "properties": { "ZONA_MET": "Toluca", "INTENSIDAD": "Intensa", "T_PROM_POL": 4.0, "T_MIN_CIUD": 1.0, "DIF_TERMIC": 2.0 }, "geometry": { "type": "MultiPolygon", "coordinates": [ [ [ [ -99.659636609390205, 19.393638837327938 ], [ -99.657750147293555, 19.393638837327938 ], [ -99.657750147293555, 19.393369342742702 ], [ -99.65909762021974, 19.393369342742702 ], [ -99.65909762021974, 19.393099848157465 ], [ -99.662601049827799, 19.393099848157465 ], [ -99.662601049827799, 19.393369342742702 ], [ -99.659636609390205, 19.393369342742702 ], [ -99.659636609390205, 19.393638837327938 ] ] ] ] } },
{ "type": "Feature", "properties": { "ZONA_MET": "Toluca", "INTENSIDAD": "Intensa", "T_PROM_POL": 3.0, "T_MIN_CIUD": 1.0, "DIF_TERMIC": 2.0 }, "geometry": { "type": "MultiPolygon", "coordinates": [ [ [ [ -99.642658450520344, 19.393638837327938 ], [ -99.642388955935104, 19.393638837327938 ], [ -99.642388955935104, 19.393369342742702 ], [ -99.641849966764639, 19.393369342742702 ], [ -99.641849966764639, 19.393638837327938 ], [ -99.641580472179399, 19.393638837327938 ], [ -99.641580472179399, 19.393369342742702 ], [ -99.640771988423694, 19.393369342742702 ], [ -99.640771988423694, 19.392560858986997 ], [ -99.641041483008934, 19.392560858986997 ], [ -99.641041483008934, 19.393099848157465 ], [ -99.642119461349878, 19.393099848157465 ], [ -99.642119461349878, 19.392830353572229 ], [ -99.642388955935104, 19.392830353572229 ], [ -99.642388955935104, 19.393099848157465 ], [ -99.643466934276049, 19.393099848157465 ], [ -99.643466934276049, 19.393369342742702 ], [ -99.642658450520344, 19.393369342742702 ], [ -99.642658450520344, 19.393638837327938 ] ] ] ] } },
{ "type": "Feature", "properties": { "ZONA_MET": "Toluca", "INTENSIDAD": "Extrema", "T_PROM_POL": 4.0, "T_MIN_CIUD": 1.0, "DIF_TERMIC": 2.0 }, "geometry": { "type": "MultiPolygon", "coordinates": [ [ [ [ -99.666912963191578, 19.393099848157465 ], [ -99.664757006509689, 19.393099848157465 ], [ -99.664757006509689, 19.392830353572229 ], [ -99.665834984850633, 19.392830353572229 ], [ -99.665834984850633, 19.392560858986997 ], [ -99.667451952362043, 19.392560858986997 ], [ -99.667451952362043, 19.392830353572229 ], [ -99.666912963191578, 19.392830353572229 ], [ -99.666912963191578, 19.393099848157465 ] ] ] ] } },
{ "type": "Feature", "properties": { "ZONA_MET": "Toluca", "INTENSIDAD": "Extrema", "T_PROM_POL": 4.0, "T_MIN_CIUD": 1.0, "DIF_TERMIC": 2.0 }, "geometry": { "type": "MultiPolygon", "coordinates": [ [ [ [ -99.712996537266903, 19.393369342742702 ], [ -99.712727042681664, 19.393369342742702 ], [ -99.712727042681664, 19.392560858986997 ], [ -99.712457548096438, 19.392560858986997 ], [ -99.712457548096438, 19.39229136440176 ], [ -99.712996537266903, 19.39229136440176 ], [ -99.712996537266903, 19.391752375231288 ], [ -99.713535526437369, 19.391752375231288 ], [ -99.713535526437369, 19.392560858986997 ], [ -99.713266031852143, 19.392560858986997 ], [ -99.713266031852143, 19.393099848157465 ], [ -99.712996537266903, 19.393099848157465 ], [ -99.712996537266903, 19.393369342742702 ] ] ] ] } },
{ "type": "Feature", "properties": { "ZONA_MET": "Toluca", "INTENSIDAD": "Intensa", "T_PROM_POL": 4.0, "T_MIN_CIUD": 1.0, "DIF_TERMIC": 2.0 }, "geometry": { "type": "MultiPolygon", "coordinates": [ [ [ [ -99.632956645451856, 19.392560858986997 ], [ -99.632687150866616, 19.392560858986997 ], [ -99.632687150866616, 19.39229136440176 ], [ -99.631609172525671, 19.39229136440176 ], [ -99.631609172525671, 19.391752375231288 ], [ -99.632956645451856, 19.391752375231288 ], [ -99.632956645451856, 19.392021869816524 ], [ -99.633765129207561, 19.392021869816524 ], [ -99.633765129207561, 19.39229136440176 ], [ -99.632956645451856, 19.39229136440176 ], [ -99.632956645451856, 19.392560858986997 ] ] ] ] } },
{ "type": "Feature", "properties": { "ZONA_MET": "Toluca", "INTENSIDAD": "Intensa", "T_PROM_POL": 4.0, "T_MIN_CIUD": 1.0, "DIF_TERMIC": 2.0 }, "geometry": { "type": "MultiPolygon", "coordinates": [ [ [ [ -99.582830652597991, 19.393099848157465 ], [ -99.582561158012751, 19.393099848157465 ], [ -99.582561158012751, 19.392560858986997 ], [ -99.582291663427512, 19.392560858986997 ], [ -99.582291663427512, 19.39229136440176 ], [ -99.581483179671807, 19.39229136440176 ], [ -99.581483179671807, 19.392021869816524 ], [ -99.581213685086567, 19.392021869816524 ], [ -99.581213685086567, 19.39229136440176 ], [ -99.580944190501341, 19.39229136440176 ], [ -99.580944190501341, 19.391482880646052 ], [ -99.581213685086567, 19.391482880646052 ], [ -99.581213685086567, 19.391752375231288 ], [ -99.581483179671807, 19.391752375231288 ], [ -99.581483179671807, 19.391482880646052 ], [ -99.582022168842286, 19.391482880646052 ], [ -99.582022168842286, 19.391752375231288 ], [ -99.582561158012751, 19.391752375231288 ], [ -99.582561158012751, 19.39229136440176 ], [ -99.583100147183217, 19.39229136440176 ], [ -99.583100147183217, 19.392560858986997 ], [ -99.582830652597991, 19.392560858986997 ], [ -99.582830652597991, 19.393099848157465 ] ] ] ] } },
{ "type": "Feature", "properties": { "ZONA_MET": "Toluca", "INTENSIDAD": "Intensa", "T_PROM_POL": 3.0, "T_MIN_CIUD": 1.0, "DIF_TERMIC": 2.0 }, "geometry": { "type": "MultiPolygon", "coordinates": [ [ [ [ -99.644005923446528, 19.392021869816524 ], [ -99.643736428861288, 19.392021869816524 ], [ -99.643736428861288, 19.391752375231288 ], [ -99.643466934276049, 19.391752375231288 ], [ -99.643466934276049, 19.391213386060816 ], [ -99.643736428861288, 19.391213386060816 ], [ -99.643736428861288, 19.39094389147558 ], [ -99.643466934276049, 19.39094389147558 ], [ -99.643466934276049, 19.390135407719871 ], [ -99.642927945105583, 19.390135407719871 ], [ -99.642927945105583, 19.389865913134635 ], [ -99.644005923446528, 19.389865913134635 ], [ -99.644005923446528, 19.390135407719871 ], [ -99.644275418031768, 19.390135407719871 ], [ -99.644275418031768, 19.39094389147558 ], [ -99.644544912616993, 19.39094389147558 ], [ -99.644544912616993, 19.391213386060816 ], [ -99.644275418031768, 19.391213386060816 ], [ -99.644275418031768, 19.391482880646052 ], [ -99.644005923446528, 19.391482880646052 ], [ -99.644005923446528, 19.392021869816524 ] ] ] ] } },
{ "type": "Feature", "properties": { "ZONA_MET": "Toluca", "INTENSIDAD": "Intensa", "T_PROM_POL": 4.0, "T_MIN_CIUD": 1.0, "DIF_TERMIC": 2.0 }, "geometry": { "type": "MultiPolygon", "coordinates": [ [ [ [ -99.625410797065257, 19.39229136440176 ], [ -99.624332818724312, 19.39229136440176 ], [ -99.624332818724312, 19.392021869816524 ], [ -99.624871807894777, 19.392021869816524 ], [ -99.624871807894777, 19.391482880646052 ], [ -99.625141302480017, 19.391482880646052 ], [ -99.625141302480017, 19.391213386060816 ], [ -99.624871807894777, 19.391213386060816 ], [ -99.624871807894777, 19.39094389147558 ], [ -99.625410797065257, 19.39094389147558 ], [ -99.625410797065257, 19.390135407719871 ], [ -99.625680291650482, 19.390135407719871 ], [ -99.625680291650482, 19.389865913134635 ], [ -99.625949786235722, 19.389865913134635 ], [ -99.625949786235722, 19.390404902305107 ], [ -99.626219280820962, 19.390404902305107 ], [ -99.626219280820962, 19.39094389147558 ], [ -99.625680291650482, 19.39094389147558 ], [ -99.625680291650482, 19.391752375231288 ], [ -99.625410797065257, 19.391752375231288 ], [ -99.625410797065257, 19.39229136440176 ] ] ] ] } },
{ "type": "Feature", "properties": { "ZONA_MET": "Toluca", "INTENSIDAD": "Intensa", "T_PROM_POL": 4.0, "T_MIN_CIUD": 1.0, "DIF_TERMIC": 2.0 }, "geometry": { "type": "MultiPolygon", "coordinates": [ [ [ [ -99.770668378507381, 19.392830353572229 ], [ -99.770398883922141, 19.392830353572229 ], [ -99.770398883922141, 19.391482880646052 ], [ -99.770129389336901, 19.391482880646052 ], [ -99.770129389336901, 19.391213386060816 ], [ -99.769859894751661, 19.391213386060816 ], [ -99.769859894751661, 19.39094389147558 ], [ -99.769590400166436, 19.39094389147558 ], [ -99.769590400166436, 19.390674396890343 ], [ -99.769320905581196, 19.390674396890343 ], [ -99.769320905581196, 19.390135407719871 ], [ -99.769051410995957, 19.390135407719871 ], [ -99.769051410995957, 19.389865913134635 ], [ -99.769320905581196, 19.389865913134635 ], [ -99.769320905581196, 19.389596418549402 ], [ -99.769859894751661, 19.389596418549402 ], [ -99.769859894751661, 19.389865913134635 ], [ -99.770129389336901, 19.389865913134635 ], [ -99.770129389336901, 19.389596418549402 ], [ -99.770398883922141, 19.389596418549402 ], [ -99.770398883922141, 19.390404902305107 ], [ -99.770129389336901, 19.390404902305107 ], [ -99.770129389336901, 19.39094389147558 ], [ -99.770398883922141, 19.39094389147558 ], [ -99.770398883922141, 19.391213386060816 ], [ -99.770668378507381, 19.391213386060816 ], [ -99.770668378507381, 19.391752375231288 ], [ -99.770937873092606, 19.391752375231288 ], [ -99.770937873092606, 19.392560858986997 ], [ -99.770668378507381, 19.392560858986997 ], [ -99.770668378507381, 19.392830353572229 ] ] ] ] } },
{ "type": "Feature", "properties": { "ZONA_MET": "Toluca", "INTENSIDAD": "Intensa", "T_PROM_POL": 3.0, "T_MIN_CIUD": 1.0, "DIF_TERMIC": 2.0 }, "geometry": { "type": "MultiPolygon", "coordinates": [ [ [ [ -99.690089497521853, 19.390674396890343 ], [ -99.689550508351388, 19.390674396890343 ], [ -99.689550508351388, 19.390404902305107 ], [ -99.688742024595683, 19.390404902305107 ], [ -99.688742024595683, 19.390135407719871 ], [ -99.689281013766148, 19.390135407719871 ], [ -99.689281013766148, 19.389326923964166 ], [ -99.689550508351388, 19.389326923964166 ], [ -99.689550508351388, 19.389596418549402 ], [ -99.690089497521853, 19.389596418549402 ], [ -99.690089497521853, 19.390674396890343 ] ] ] ] } },
{ "type": "Feature", "properties": { "ZONA_MET": "Toluca", "INTENSIDAD": "Intensa", "T_PROM_POL": 4.0, "T_MIN_CIUD": 1.0, "DIF_TERMIC": 2.0 }, "geometry": { "type": "MultiPolygon", "coordinates": [ [ [ [ -99.639155020912284, 19.39229136440176 ], [ -99.638885526327044, 19.39229136440176 ], [ -99.638885526327044, 19.391213386060816 ], [ -99.639155020912284, 19.391213386060816 ], [ -99.639155020912284, 19.39094389147558 ], [ -99.638885526327044, 19.39094389147558 ], [ -99.638885526327044, 19.390674396890343 ], [ -99.639155020912284, 19.390674396890343 ], [ -99.639155020912284, 19.390404902305107 ], [ -99.63942451549751, 19.390404902305107 ], [ -99.63942451549751, 19.38905742937893 ], [ -99.639963504667989, 19.38905742937893 ], [ -99.639963504667989, 19.39094389147558 ], [ -99.639694010082749, 19.39094389147558 ], [ -99.639694010082749, 19.391482880646052 ], [ -99.63942451549751, 19.391482880646052 ], [ -99.63942451549751, 19.391752375231288 ], [ -99.639155020912284, 19.391752375231288 ], [ -99.639155020912284, 19.39229136440176 ] ] ] ] } },
{ "type": "Feature", "properties": { "ZONA_MET": "Toluca", "INTENSIDAD": "Intensa", "T_PROM_POL": 4.0, "T_MIN_CIUD": 1.0, "DIF_TERMIC": 2.0 }, "geometry": { "type": "MultiPolygon", "coordinates": [ [ [ [ -99.584178125524161, 19.390674396890343 ], [ -99.583908630938936, 19.390674396890343 ], [ -99.583908630938936, 19.389596418549402 ], [ -99.584717114694641, 19.389596418549402 ], [ -99.584717114694641, 19.38905742937893 ], [ -99.585256103865106, 19.38905742937893 ], [ -99.585256103865106, 19.388518440208458 ], [ -99.584986609279881, 19.388518440208458 ], [ -99.584986609279881, 19.388248945623221 ], [ -99.585256103865106, 19.388248945623221 ], [ -99.585256103865106, 19.387979451037985 ], [ -99.585525598450346, 19.387979451037985 ], [ -99.585525598450346, 19.388248945623221 ], [ -99.585795093035586, 19.388248945623221 ], [ -99.585795093035586, 19.388787934793694 ], [ -99.586064587620811, 19.388787934793694 ], [ -99.586064587620811, 19.389326923964166 ], [ -99.585256103865106, 19.389326923964166 ], [ -99.585256103865106, 19.389865913134635 ], [ -99.584717114694641, 19.389865913134635 ], [ -99.584717114694641, 19.390135407719871 ], [ -99.584447620109401, 19.390135407719871 ], [ -99.584447620109401, 19.390404902305107 ], [ -99.584178125524161, 19.390404902305107 ], [ -99.584178125524161, 19.390674396890343 ] ] ] ] } },
{ "type": "Feature", "properties": { "ZONA_MET": "Toluca", "INTENSIDAD": "Intensa", "T_PROM_POL": 4.0, "T_MIN_CIUD": 1.0, "DIF_TERMIC": 2.0 }, "geometry": { "type": "MultiPolygon", "coordinates": [ [ [ [ -99.573937331285208, 19.387979451037985 ], [ -99.572050869188558, 19.387979451037985 ], [ -99.572050869188558, 19.387440461867513 ], [ -99.572589858359024, 19.387440461867513 ], [ -99.572589858359024, 19.387170967282277 ], [ -99.573398342114729, 19.387170967282277 ], [ -99.573398342114729, 19.387440461867513 ], [ -99.573667836699968, 19.387440461867513 ], [ -99.573667836699968, 19.387709956452749 ], [ -99.573937331285208, 19.387709956452749 ], [ -99.573937331285208, 19.387979451037985 ] ] ] ] } },
{ "type": "Feature", "properties": { "ZONA_MET": "Toluca", "INTENSIDAD": "Intensa", "T_PROM_POL": 4.0, "T_MIN_CIUD": 1.0, "DIF_TERMIC": 2.0 }, "geometry": { "type": "MultiPolygon", "coordinates": [ [ [ [ -99.663140038998264, 19.387979451037985 ], [ -99.662601049827799, 19.387979451037985 ], [ -99.662601049827799, 19.387709956452749 ], [ -99.661253576901615, 19.387709956452749 ], [ -99.661253576901615, 19.387440461867513 ], [ -99.662870544413039, 19.387440461867513 ], [ -99.662870544413039, 19.387170967282277 ], [ -99.663140038998264, 19.387170967282277 ], [ -99.663140038998264, 19.387440461867513 ], [ -99.663409533583504, 19.387440461867513 ], [ -99.663409533583504, 19.387170967282277 ], [ -99.663948522753984, 19.387170967282277 ], [ -99.663948522753984, 19.387440461867513 ], [ -99.663679028168744, 19.387440461867513 ], [ -99.663679028168744, 19.387709956452749 ], [ -99.663140038998264, 19.387709956452749 ], [ -99.663140038998264, 19.387979451037985 ] ] ] ] } },
{ "type": "Feature", "properties": { "ZONA_MET": "Toluca", "INTENSIDAD": "Intensa", "T_PROM_POL": 4.0, "T_MIN_CIUD": 1.0, "DIF_TERMIC": 2.0 }, "geometry": { "type": "MultiPolygon", "coordinates": [ [ [ [ -99.625141302480017, 19.388787934793694 ], [ -99.624871807894777, 19.388787934793694 ], [ -99.624871807894777, 19.388518440208458 ], [ -99.624332818724312, 19.388518440208458 ], [ -99.624332818724312, 19.388787934793694 ], [ -99.624063324139073, 19.388787934793694 ], [ -99.624063324139073, 19.387709956452749 ], [ -99.624332818724312, 19.387709956452749 ], [ -99.624332818724312, 19.387170967282277 ], [ -99.625410797065257, 19.387170967282277 ], [ -99.625410797065257, 19.387440461867513 ], [ -99.625141302480017, 19.387440461867513 ], [ -99.625141302480017, 19.387709956452749 ], [ -99.624602313309538, 19.387709956452749 ], [ -99.624602313309538, 19.388248945623221 ], [ -99.624871807894777, 19.388248945623221 ], [ -99.624871807894777, 19.387979451037985 ], [ -99.625410797065257, 19.387979451037985 ], [ -99.625410797065257, 19.388248945623221 ], [ -99.625141302480017, 19.388248945623221 ], [ -99.625141302480017, 19.388787934793694 ] ] ] ] } },
{ "type": "Feature", "properties": { "ZONA_MET": "Toluca", "INTENSIDAD": "Intensa", "T_PROM_POL": 4.0, "T_MIN_CIUD": 1.0, "DIF_TERMIC": 2.0 }, "geometry": { "type": "MultiPolygon", "coordinates": [ [ [ [ -99.762314046365063, 19.388787934793694 ], [ -99.761775057194598, 19.388787934793694 ], [ -99.761775057194598, 19.388518440208458 ], [ -99.760966573438878, 19.388518440208458 ], [ -99.760966573438878, 19.387170967282277 ], [ -99.761505562609358, 19.387170967282277 ], [ -99.761505562609358, 19.386901472697041 ], [ -99.762314046365063, 19.386901472697041 ], [ -99.762314046365063, 19.388787934793694 ] ] ] ] } },
{ "type": "Feature", "properties": { "ZONA_MET": "Toluca", "INTENSIDAD": "Intensa", "T_PROM_POL": 3.0, "T_MIN_CIUD": 1.0, "DIF_TERMIC": 2.0 }, "geometry": { "type": "MultiPolygon", "coordinates": [ [ [ [ -99.75126476837039, 19.387709956452749 ], [ -99.750995273785165, 19.387709956452749 ], [ -99.750995273785165, 19.387440461867513 ], [ -99.74964780085898, 19.387440461867513 ], [ -99.74964780085898, 19.387170967282277 ], [ -99.749378306273741, 19.387170967282277 ], [ -99.749378306273741, 19.386901472697041 ], [ -99.75153426295563, 19.386901472697041 ], [ -99.75153426295563, 19.387170967282277 ], [ -99.75180375754087, 19.387170967282277 ], [ -99.75180375754087, 19.387440461867513 ], [ -99.75126476837039, 19.387440461867513 ], [ -99.75126476837039, 19.387709956452749 ] ] ] ] } },
{ "type": "Feature", "properties": { "ZONA_MET": "Toluca", "INTENSIDAD": "Intensa", "T_PROM_POL": 3.0, "T_MIN_CIUD": 1.0, "DIF_TERMIC": 2.0 }, "geometry": { "type": "MultiPolygon", "coordinates": [ [ [ [ -99.644814407202233, 19.39094389147558 ], [ -99.644544912616993, 19.39094389147558 ], [ -99.644544912616993, 19.389865913134635 ], [ -99.644814407202233, 19.389865913134635 ], [ -99.644814407202233, 19.389596418549402 ], [ -99.645083901787473, 19.389596418549402 ], [ -99.645083901787473, 19.38905742937893 ], [ -99.644814407202233, 19.38905742937893 ], [ -99.644814407202233, 19.387979451037985 ], [ -99.645083901787473, 19.387979451037985 ], [ -99.645083901787473, 19.387709956452749 ], [ -99.645892385543178, 19.387709956452749 ], [ -99.645892385543178, 19.387440461867513 ], [ -99.646700869298883, 19.387440461867513 ], [ -99.646700869298883, 19.387170967282277 ], [ -99.646970363884122, 19.387170967282277 ], [ -99.646970363884122, 19.386901472697041 ], [ -99.647778847639827, 19.386901472697041 ], [ -99.647778847639827, 19.386631978111808 ], [ -99.648048342225067, 19.386631978111808 ], [ -99.648048342225067, 19.386362483526572 ], [ -99.648856825980772, 19.386362483526572 ], [ -99.648856825980772, 19.387170967282277 ], [ -99.648587331395532, 19.387170967282277 ], [ -99.648587331395532, 19.387440461867513 ], [ -99.647509353054588, 19.387440461867513 ], [ -99.647509353054588, 19.387709956452749 ], [ -99.646700869298883, 19.387709956452749 ], [ -99.646700869298883, 19.387979451037985 ], [ -99.647239858469362, 19.387979451037985 ], [ -99.647239858469362, 19.388248945623221 ], [ -99.647778847639827, 19.388248945623221 ], [ -99.647778847639827, 19.388518440208458 ], [ -99.648048342225067, 19.388518440208458 ], [ -99.648048342225067, 19.387979451037985 ], [ -99.649934804321717, 19.387979451037985 ], [ -99.649934804321717, 19.388787934793694 ], [ -99.649395815151237, 19.388787934793694 ], [ -99.649395815151237, 19.388518440208458 ], [ -99.649126320566012, 19.388518440208458 ], [ -99.649126320566012, 19.388787934793694 ], [ -99.648856825980772, 19.388787934793694 ], [ -99.648856825980772, 19.388518440208458 ], [ -99.648317836810293, 19.388518440208458 ], [ -99.648317836810293, 19.388787934793694 ], [ -99.648587331395532, 19.388787934793694 ], [ -99.648587331395532, 19.390135407719871 ], [ -99.648048342225067, 19.390135407719871 ], [ -99.648048342225067, 19.389596418549402 ], [ -99.647778847639827, 19.389596418549402 ], [ -99.647778847639827, 19.389865913134635 ], [ -99.647239858469362, 19.389865913134635 ], [ -99.647239858469362, 19.390135407719871 ], [ -99.645892385543178, 19.390135407719871 ], [ -99.645892385543178, 19.389865913134635 ], [ -99.645083901787473, 19.389865913134635 ], [ -99.645083901787473, 19.390135407719871 ], [ -99.645353396372698, 19.390135407719871 ], [ -99.645353396372698, 19.390404902305107 ], [ -99.645083901787473, 19.390404902305107 ], [ -99.645083901787473, 19.390674396890343 ], [ -99.644814407202233, 19.390674396890343 ], [ -99.644814407202233, 19.39094389147558 ] ] ] ] } },
{ "type": "Feature", "properties": { "ZONA_MET": "Toluca", "INTENSIDAD": "Intensa", "T_PROM_POL": 4.0, "T_MIN_CIUD": 1.0, "DIF_TERMIC": 2.0 }, "geometry": { "type": "MultiPolygon", "coordinates": [ [ [ [ -99.623524334968607, 19.388248945623221 ], [ -99.623254840383368, 19.388248945623221 ], [ -99.623254840383368, 19.387440461867513 ], [ -99.623524334968607, 19.387440461867513 ], [ -99.623524334968607, 19.386631978111808 ], [ -99.623793829553833, 19.386631978111808 ], [ -99.623793829553833, 19.386362483526572 ], [ -99.624602313309538, 19.386362483526572 ], [ -99.624602313309538, 19.386631978111808 ], [ -99.624871807894777, 19.386631978111808 ], [ -99.624871807894777, 19.386901472697041 ], [ -99.624332818724312, 19.386901472697041 ], [ -99.624332818724312, 19.387170967282277 ], [ -99.624063324139073, 19.387170967282277 ], [ -99.624063324139073, 19.387440461867513 ], [ -99.623793829553833, 19.387440461867513 ], [ -99.623793829553833, 19.387979451037985 ], [ -99.623524334968607, 19.387979451037985 ], [ -99.623524334968607, 19.388248945623221 ] ] ] ] } },
{ "type": "Feature", "properties": { "ZONA_MET": "Toluca", "INTENSIDAD": "Intensa", "T_PROM_POL": 4.0, "T_MIN_CIUD": 1.0, "DIF_TERMIC": 2.0 }, "geometry": { "type": "MultiPolygon", "coordinates": [ [ [ [ -99.56612198831337, 19.387979451037985 ], [ -99.56585249372813, 19.387979451037985 ], [ -99.56585249372813, 19.387709956452749 ], [ -99.56558299914289, 19.387709956452749 ], [ -99.56558299914289, 19.387440461867513 ], [ -99.565044009972425, 19.387440461867513 ], [ -99.565044009972425, 19.386901472697041 ], [ -99.565313504557651, 19.386901472697041 ], [ -99.565313504557651, 19.386631978111808 ], [ -99.564774515387185, 19.386631978111808 ], [ -99.564774515387185, 19.386362483526572 ], [ -99.565044009972425, 19.386362483526572 ], [ -99.565044009972425, 19.386092988941336 ], [ -99.565313504557651, 19.386092988941336 ], [ -99.565313504557651, 19.385553999770863 ], [ -99.56558299914289, 19.385553999770863 ], [ -99.56558299914289, 19.385284505185627 ], [ -99.56612198831337, 19.385284505185627 ], [ -99.56612198831337, 19.387979451037985 ] ] ] ] } },
{ "type": "Feature", "properties": { "ZONA_MET": "Toluca", "INTENSIDAD": "Intensa", "T_PROM_POL": 4.0, "T_MIN_CIUD": 1.0, "DIF_TERMIC": 2.0 }, "geometry": { "type": "MultiPolygon", "coordinates": [ [ [ [ -99.769590400166436, 19.386362483526572 ], [ -99.768781916410731, 19.386362483526572 ], [ -99.768781916410731, 19.385823494356099 ], [ -99.768512421825491, 19.385823494356099 ], [ -99.768512421825491, 19.386092988941336 ], [ -99.768242927240252, 19.386092988941336 ], [ -99.768242927240252, 19.385284505185627 ], [ -99.768781916410731, 19.385284505185627 ], [ -99.768781916410731, 19.385553999770863 ], [ -99.769590400166436, 19.385553999770863 ], [ -99.769590400166436, 19.386362483526572 ] ] ] ] } },
{ "type": "Feature", "properties": { "ZONA_MET": "Toluca", "INTENSIDAD": "Extrema", "T_PROM_POL": 4.0, "T_MIN_CIUD": 1.0, "DIF_TERMIC": 2.0 }, "geometry": { "type": "MultiPolygon", "coordinates": [ [ [ [ -99.763931013876473, 19.385284505185627 ], [ -99.761775057194598, 19.385284505185627 ], [ -99.761775057194598, 19.385015010600391 ], [ -99.763661519291247, 19.385015010600391 ], [ -99.763661519291247, 19.384745516015155 ], [ -99.765817475973137, 19.384745516015155 ], [ -99.765817475973137, 19.385015010600391 ], [ -99.763931013876473, 19.385015010600391 ], [ -99.763931013876473, 19.385284505185627 ] ] ] ] } },
{ "type": "Feature", "properties": { "ZONA_MET": "Toluca", "INTENSIDAD": "Intensa", "T_PROM_POL": 4.0, "T_MIN_CIUD": 1.0, "DIF_TERMIC": 2.0 }, "geometry": { "type": "MultiPolygon", "coordinates": [ [ [ [ -99.607624154439691, 19.386092988941336 ], [ -99.607085165269211, 19.386092988941336 ], [ -99.607085165269211, 19.385553999770863 ], [ -99.607354659854451, 19.385553999770863 ], [ -99.607354659854451, 19.385284505185627 ], [ -99.607624154439691, 19.385284505185627 ], [ -99.607624154439691, 19.384745516015155 ], [ -99.607893649024916, 19.384745516015155 ], [ -99.607893649024916, 19.385015010600391 ], [ -99.608163143610156, 19.385015010600391 ], [ -99.608163143610156, 19.384206526844682 ], [ -99.608432638195396, 19.384206526844682 ], [ -99.608432638195396, 19.385553999770863 ], [ -99.607893649024916, 19.385553999770863 ], [ -99.607893649024916, 19.385823494356099 ], [ -99.607624154439691, 19.385823494356099 ], [ -99.607624154439691, 19.386092988941336 ] ] ] ] } },
{ "type": "Feature", "properties": { "ZONA_MET": "Toluca", "INTENSIDAD": "Intensa", "T_PROM_POL": 4.0, "T_MIN_CIUD": 1.0, "DIF_TERMIC": 2.0 }, "geometry": { "type": "MultiPolygon", "coordinates": [ [ [ [ -99.625949786235722, 19.386362483526572 ], [ -99.625410797065257, 19.386362483526572 ], [ -99.625410797065257, 19.386092988941336 ], [ -99.625141302480017, 19.386092988941336 ], [ -99.625141302480017, 19.386362483526572 ], [ -99.624871807894777, 19.386362483526572 ], [ -99.624871807894777, 19.385823494356099 ], [ -99.624602313309538, 19.385823494356099 ], [ -99.624602313309538, 19.385553999770863 ], [ -99.624871807894777, 19.385553999770863 ], [ -99.624871807894777, 19.385284505185627 ], [ -99.624063324139073, 19.385284505185627 ], [ -99.624063324139073, 19.384745516015155 ], [ -99.624871807894777, 19.384745516015155 ], [ -99.624871807894777, 19.384476021429919 ], [ -99.625949786235722, 19.384476021429919 ], [ -99.625949786235722, 19.384206526844682 ], [ -99.626219280820962, 19.384206526844682 ], [ -99.626219280820962, 19.385284505185627 ], [ -99.625949786235722, 19.385284505185627 ], [ -99.625949786235722, 19.386362483526572 ] ] ] ] } },
{ "type": "Feature", "properties": { "ZONA_MET": "Toluca", "INTENSIDAD": "Intensa", "T_PROM_POL": 3.0, "T_MIN_CIUD": 1.0, "DIF_TERMIC": 2.0 }, "geometry": { "type": "MultiPolygon", "coordinates": [ [ [ [ -99.642388955935104, 19.385553999770863 ], [ -99.642119461349878, 19.385553999770863 ], [ -99.642119461349878, 19.385284505185627 ], [ -99.641310977594173, 19.385284505185627 ], [ -99.641310977594173, 19.385015010600391 ], [ -99.641041483008934, 19.385015010600391 ], [ -99.641041483008934, 19.384745516015155 ], [ -99.640502493838454, 19.384745516015155 ], [ -99.640502493838454, 19.384476021429919 ], [ -99.640771988423694, 19.384476021429919 ], [ -99.640771988423694, 19.383937032259446 ], [ -99.641041483008934, 19.383937032259446 ], [ -99.641041483008934, 19.384206526844682 ], [ -99.641849966764639, 19.384206526844682 ], [ -99.641849966764639, 19.384476021429919 ], [ -99.642119461349878, 19.384476021429919 ], [ -99.642119461349878, 19.385015010600391 ], [ -99.642388955935104, 19.385015010600391 ], [ -99.642388955935104, 19.385553999770863 ] ] ] ] } },
{ "type": "Feature", "properties": { "ZONA_MET": "Toluca", "INTENSIDAD": "Intensa", "T_PROM_POL": 4.0, "T_MIN_CIUD": 1.0, "DIF_TERMIC": 2.0 }, "geometry": { "type": "MultiPolygon", "coordinates": [ [ [ [ -99.604929208587322, 19.386901472697041 ], [ -99.604659714002096, 19.386901472697041 ], [ -99.604659714002096, 19.385823494356099 ], [ -99.604929208587322, 19.385823494356099 ], [ -99.604929208587322, 19.385284505185627 ], [ -99.605737692343041, 19.385284505185627 ], [ -99.605737692343041, 19.384745516015155 ], [ -99.606007186928267, 19.384745516015155 ], [ -99.606007186928267, 19.384206526844682 ], [ -99.606276681513506, 19.384206526844682 ], [ -99.606276681513506, 19.383937032259446 ], [ -99.606546176098746, 19.383937032259446 ], [ -99.606546176098746, 19.384206526844682 ], [ -99.606815670683972, 19.384206526844682 ], [ -99.606815670683972, 19.384476021429919 ], [ -99.607085165269211, 19.384476021429919 ], [ -99.607085165269211, 19.384745516015155 ], [ -99.606546176098746, 19.384745516015155 ], [ -99.606546176098746, 19.385284505185627 ], [ -99.606276681513506, 19.385284505185627 ], [ -99.606276681513506, 19.385553999770863 ], [ -99.605468197757801, 19.385553999770863 ], [ -99.605468197757801, 19.386092988941336 ], [ -99.605198703172562, 19.386092988941336 ], [ -99.605198703172562, 19.386631978111808 ], [ -99.604929208587322, 19.386631978111808 ], [ -99.604929208587322, 19.386901472697041 ] ] ] ] } },
{ "type": "Feature", "properties": { "ZONA_MET": "Toluca", "INTENSIDAD": "Extrema", "T_PROM_POL": 4.0, "T_MIN_CIUD": 1.0, "DIF_TERMIC": 2.0 }, "geometry": { "type": "MultiPolygon", "coordinates": [ [ [ [ -99.573937331285208, 19.386901472697041 ], [ -99.573667836699968, 19.386901472697041 ], [ -99.573667836699968, 19.386631978111808 ], [ -99.573128847529503, 19.386631978111808 ], [ -99.573128847529503, 19.386092988941336 ], [ -99.572859352944263, 19.386092988941336 ], [ -99.572859352944263, 19.386362483526572 ], [ -99.572589858359024, 19.386362483526572 ], [ -99.572589858359024, 19.386631978111808 ], [ -99.572320363773784, 19.386631978111808 ], [ -99.572320363773784, 19.386092988941336 ], [ -99.572589858359024, 19.386092988941336 ], [ -99.572589858359024, 19.385823494356099 ], [ -99.572320363773784, 19.385823494356099 ], [ -99.572320363773784, 19.385284505185627 ], [ -99.572050869188558, 19.385284505185627 ], [ -99.572050869188558, 19.384206526844682 ], [ -99.572859352944263, 19.384206526844682 ], [ -99.572859352944263, 19.383398043088977 ], [ -99.573667836699968, 19.383398043088977 ], [ -99.573667836699968, 19.38366753767421 ], [ -99.573937331285208, 19.38366753767421 ], [ -99.573937331285208, 19.385015010600391 ], [ -99.573667836699968, 19.385015010600391 ], [ -99.573667836699968, 19.385284505185627 ], [ -99.573937331285208, 19.385284505185627 ], [ -99.573937331285208, 19.385823494356099 ], [ -99.573667836699968, 19.385823494356099 ], [ -99.573667836699968, 19.386092988941336 ], [ -99.573937331285208, 19.386092988941336 ], [ -99.573937331285208, 19.386901472697041 ] ] ] ] } },
{ "type": "Feature", "properties": { "ZONA_MET": "Toluca", "INTENSIDAD": "Intensa", "T_PROM_POL": 4.0, "T_MIN_CIUD": 1.0, "DIF_TERMIC": 2.0 }, "geometry": { "type": "MultiPolygon", "coordinates": [ [ [ [ -99.569086428750964, 19.384745516015155 ], [ -99.568277944995245, 19.384745516015155 ], [ -99.568277944995245, 19.384476021429919 ], [ -99.56746946123954, 19.384476021429919 ], [ -99.56746946123954, 19.384206526844682 ], [ -99.568277944995245, 19.384206526844682 ], [ -99.568277944995245, 19.383937032259446 ], [ -99.568008450410019, 19.383937032259446 ], [ -99.568008450410019, 19.38366753767421 ], [ -99.56773895582478, 19.38366753767421 ], [ -99.56773895582478, 19.383398043088977 ], [ -99.56746946123954, 19.383398043088977 ], [ -99.56746946123954, 19.383128548503741 ], [ -99.568008450410019, 19.383128548503741 ], [ -99.568008450410019, 19.383398043088977 ], [ -99.568277944995245, 19.383398043088977 ], [ -99.568277944995245, 19.38366753767421 ], [ -99.568547439580485, 19.38366753767421 ], [ -99.568547439580485, 19.384206526844682 ], [ -99.56935592333619, 19.384206526844682 ], [ -99.56935592333619, 19.384476021429919 ], [ -99.569086428750964, 19.384476021429919 ], [ -99.569086428750964, 19.384745516015155 ] ] ] ] } },
{ "type": "Feature", "properties": { "ZONA_MET": "Toluca", "INTENSIDAD": "Extrema", "T_PROM_POL": 4.0, "T_MIN_CIUD": 1.0, "DIF_TERMIC": 2.0 }, "geometry": { "type": "MultiPolygon", "coordinates": [ [ [ [ -99.568277944995245, 19.384206526844682 ], [ -99.567199966654314, 19.384206526844682 ], [ -99.567199966654314, 19.383937032259446 ], [ -99.566930472069075, 19.383937032259446 ], [ -99.566930472069075, 19.38366753767421 ], [ -99.566660977483835, 19.38366753767421 ], [ -99.566660977483835, 19.383398043088977 ], [ -99.566930472069075, 19.383398043088977 ], [ -99.566930472069075, 19.383128548503741 ], [ -99.56746946123954, 19.383128548503741 ], [ -99.56746946123954, 19.383398043088977 ], [ -99.56773895582478, 19.383398043088977 ], [ -99.56773895582478, 19.38366753767421 ], [ -99.568008450410019, 19.38366753767421 ], [ -99.568008450410019, 19.383937032259446 ], [ -99.568277944995245, 19.383937032259446 ], [ -99.568277944995245, 19.384206526844682 ] ] ] ] } },
{ "type": "Feature", "properties": { "ZONA_MET": "Toluca", "INTENSIDAD": "Intensa", "T_PROM_POL": 4.0, "T_MIN_CIUD": 1.0, "DIF_TERMIC": 2.0 }, "geometry": { "type": "MultiPolygon", "coordinates": [ [ [ [ -99.574206825870434, 19.386092988941336 ], [ -99.573667836699968, 19.386092988941336 ], [ -99.573667836699968, 19.385823494356099 ], [ -99.573937331285208, 19.385823494356099 ], [ -99.573937331285208, 19.384206526844682 ], [ -99.574476320455673, 19.384206526844682 ], [ -99.574476320455673, 19.383937032259446 ], [ -99.574745815040913, 19.383937032259446 ], [ -99.574745815040913, 19.384206526844682 ], [ -99.575823793381858, 19.384206526844682 ], [ -99.575823793381858, 19.383937032259446 ], [ -99.576632277137563, 19.383937032259446 ], [ -99.576632277137563, 19.383398043088977 ], [ -99.576901771722802, 19.383398043088977 ], [ -99.576901771722802, 19.383128548503741 ], [ -99.577171266308028, 19.383128548503741 ], [ -99.577171266308028, 19.383398043088977 ], [ -99.577710255478507, 19.383398043088977 ], [ -99.577710255478507, 19.383937032259446 ], [ -99.576901771722802, 19.383937032259446 ], [ -99.576901771722802, 19.384206526844682 ], [ -99.576632277137563, 19.384206526844682 ], [ -99.576632277137563, 19.384476021429919 ], [ -99.576362782552323, 19.384476021429919 ], [ -99.576362782552323, 19.384745516015155 ], [ -99.576093287967097, 19.384745516015155 ], [ -99.576093287967097, 19.384476021429919 ], [ -99.574745815040913, 19.384476021429919 ], [ -99.574745815040913, 19.385284505185627 ], [ -99.574476320455673, 19.385284505185627 ], [ -99.574476320455673, 19.385553999770863 ], [ -99.574206825870434, 19.385553999770863 ], [ -99.574206825870434, 19.386092988941336 ] ] ] ] } },
{ "type": "Feature", "properties": { "ZONA_MET": "Toluca", "INTENSIDAD": "Intensa", "T_PROM_POL": 4.0, "T_MIN_CIUD": 1.0, "DIF_TERMIC": 2.0 }, "geometry": { "type": "MultiPolygon", "coordinates": [ [ [ [ -99.634573612963266, 19.391482880646052 ], [ -99.63430411837804, 19.391482880646052 ], [ -99.63430411837804, 19.391213386060816 ], [ -99.6340346237928, 19.391213386060816 ], [ -99.6340346237928, 19.39094389147558 ], [ -99.63430411837804, 19.39094389147558 ], [ -99.63430411837804, 19.390674396890343 ], [ -99.634573612963266, 19.390674396890343 ], [ -99.634573612963266, 19.389865913134635 ], [ -99.635112602133745, 19.389865913134635 ], [ -99.635112602133745, 19.389596418549402 ], [ -99.634573612963266, 19.389596418549402 ], [ -99.634573612963266, 19.389326923964166 ], [ -99.634843107548505, 19.389326923964166 ], [ -99.634843107548505, 19.38905742937893 ], [ -99.635382096718985, 19.38905742937893 ], [ -99.635382096718985, 19.388248945623221 ], [ -99.63565159130421, 19.388248945623221 ], [ -99.63565159130421, 19.387709956452749 ], [ -99.63592108588945, 19.387709956452749 ], [ -99.63592108588945, 19.387170967282277 ], [ -99.63619058047469, 19.387170967282277 ], [ -99.63619058047469, 19.386901472697041 ], [ -99.636460075059915, 19.386901472697041 ], [ -99.636460075059915, 19.386092988941336 ], [ -99.636729569645155, 19.386092988941336 ], [ -99.636729569645155, 19.385553999770863 ], [ -99.637268558815634, 19.385553999770863 ], [ -99.637268558815634, 19.384745516015155 ], [ -99.63753805340086, 19.384745516015155 ], [ -99.63753805340086, 19.384206526844682 ], [ -99.6378075479861, 19.384206526844682 ], [ -99.6378075479861, 19.383398043088977 ], [ -99.63619058047469, 19.383398043088977 ], [ -99.63619058047469, 19.383128548503741 ], [ -99.638885526327044, 19.383128548503741 ], [ -99.638885526327044, 19.38366753767421 ], [ -99.638346537156579, 19.38366753767421 ], [ -99.638346537156579, 19.384745516015155 ], [ -99.6378075479861, 19.384745516015155 ], [ -99.6378075479861, 19.385015010600391 ], [ -99.63753805340086, 19.385015010600391 ], [ -99.63753805340086, 19.385553999770863 ], [ -99.6378075479861, 19.385553999770863 ], [ -99.6378075479861, 19.386092988941336 ], [ -99.637268558815634, 19.386092988941336 ], [ -99.637268558815634, 19.386631978111808 ], [ -99.636999064230395, 19.386631978111808 ], [ -99.636999064230395, 19.386901472697041 ], [ -99.636729569645155, 19.386901472697041 ], [ -99.636729569645155, 19.387170967282277 ], [ -99.636460075059915, 19.387170967282277 ], [ -99.636460075059915, 19.387709956452749 ], [ -99.636729569645155, 19.387709956452749 ], [ -99.636729569645155, 19.387979451037985 ], [ -99.63619058047469, 19.387979451037985 ], [ -99.63619058047469, 19.388248945623221 ], [ -99.63592108588945, 19.388248945623221 ], [ -99.63592108588945, 19.38905742937893 ], [ -99.63565159130421, 19.38905742937893 ], [ -99.63565159130421, 19.390135407719871 ], [ -99.635112602133745, 19.390135407719871 ], [ -99.635112602133745, 19.390674396890343 ], [ -99.634843107548505, 19.390674396890343 ], [ -99.634843107548505, 19.391213386060816 ], [ -99.634573612963266, 19.391213386060816 ], [ -99.634573612963266, 19.391482880646052 ] ] ] ] } },
{ "type": "Feature", "properties": { "ZONA_MET": "Toluca", "INTENSIDAD": "Intensa", "T_PROM_POL": 4.0, "T_MIN_CIUD": 1.0, "DIF_TERMIC": 2.0 }, "geometry": { "type": "MultiPolygon", "coordinates": [ [ [ [ -99.597652854785963, 19.384206526844682 ], [ -99.597113865615484, 19.384206526844682 ], [ -99.597113865615484, 19.383937032259446 ], [ -99.596574876445018, 19.383937032259446 ], [ -99.596574876445018, 19.383398043088977 ], [ -99.597113865615484, 19.383398043088977 ], [ -99.597113865615484, 19.383128548503741 ], [ -99.597922349371188, 19.383128548503741 ], [ -99.597922349371188, 19.383398043088977 ], [ -99.597652854785963, 19.383398043088977 ], [ -99.597652854785963, 19.384206526844682 ] ] ] ] } },
{ "type": "Feature", "properties": { "ZONA_MET": "Toluca", "INTENSIDAD": "Intensa", "T_PROM_POL": 4.0, "T_MIN_CIUD": 1.0, "DIF_TERMIC": 2.0 }, "geometry": { "type": "MultiPolygon", "coordinates": [ [ [ [ -99.666912963191578, 19.383398043088977 ], [ -99.665026501094928, 19.383398043088977 ], [ -99.665026501094928, 19.383128548503741 ], [ -99.664757006509689, 19.383128548503741 ], [ -99.664757006509689, 19.382589559333269 ], [ -99.665026501094928, 19.382589559333269 ], [ -99.665026501094928, 19.382320064748033 ], [ -99.665295995680154, 19.382320064748033 ], [ -99.665295995680154, 19.382050570162797 ], [ -99.665834984850633, 19.382050570162797 ], [ -99.665834984850633, 19.383128548503741 ], [ -99.666912963191578, 19.383128548503741 ], [ -99.666912963191578, 19.383398043088977 ] ] ] ] } },
{ "type": "Feature", "properties": { "ZONA_MET": "Toluca", "INTENSIDAD": "Intensa", "T_PROM_POL": 4.0, "T_MIN_CIUD": 1.0, "DIF_TERMIC": 2.0 }, "geometry": { "type": "MultiPolygon", "coordinates": [ [ [ [ -99.709762602244069, 19.393369342742702 ], [ -99.709493107658844, 19.393369342742702 ], [ -99.709493107658844, 19.393099848157465 ], [ -99.708954118488364, 19.393099848157465 ], [ -99.708954118488364, 19.392830353572229 ], [ -99.708684623903125, 19.392830353572229 ], [ -99.708684623903125, 19.392560858986997 ], [ -99.708954118488364, 19.392560858986997 ], [ -99.708954118488364, 19.39229136440176 ], [ -99.708415129317899, 19.39229136440176 ], [ -99.708415129317899, 19.391752375231288 ], [ -99.708684623903125, 19.391752375231288 ], [ -99.708684623903125, 19.391213386060816 ], [ -99.70760664556218, 19.391213386060816 ], [ -99.70760664556218, 19.389865913134635 ], [ -99.707337150976954, 19.389865913134635 ], [ -99.707337150976954, 19.389596418549402 ], [ -99.70760664556218, 19.389596418549402 ], [ -99.70760664556218, 19.38905742937893 ], [ -99.707337150976954, 19.38905742937893 ], [ -99.707337150976954, 19.388248945623221 ], [ -99.707067656391715, 19.388248945623221 ], [ -99.707067656391715, 19.387709956452749 ], [ -99.706798161806475, 19.387709956452749 ], [ -99.706798161806475, 19.388248945623221 ], [ -99.706528667221249, 19.388248945623221 ], [ -99.706528667221249, 19.388518440208458 ], [ -99.70625917263601, 19.388518440208458 ], [ -99.70625917263601, 19.388248945623221 ], [ -99.70598967805077, 19.388248945623221 ], [ -99.70598967805077, 19.387979451037985 ], [ -99.705450688880305, 19.387979451037985 ], [ -99.705450688880305, 19.386901472697041 ], [ -99.704911699709825, 19.386901472697041 ], [ -99.704911699709825, 19.387440461867513 ], [ -99.704642205124586, 19.387440461867513 ], [ -99.704642205124586, 19.387170967282277 ], [ -99.70437271053936, 19.387170967282277 ], [ -99.70437271053936, 19.386901472697041 ], [ -99.70410321595412, 19.386901472697041 ], [ -99.70410321595412, 19.386362483526572 ], [ -99.70437271053936, 19.386362483526572 ], [ -99.70437271053936, 19.386092988941336 ], [ -99.704642205124586, 19.386092988941336 ], [ -99.704642205124586, 19.386362483526572 ], [ -99.704911699709825, 19.386362483526572 ], [ -99.704911699709825, 19.386092988941336 ], [ -99.705181194295065, 19.386092988941336 ], [ -99.705181194295065, 19.385553999770863 ], [ -99.705450688880305, 19.385553999770863 ], [ -99.705450688880305, 19.385015010600391 ], [ -99.70572018346553, 19.385015010600391 ], [ -99.70572018346553, 19.38366753767421 ], [ -99.705450688880305, 19.38366753767421 ], [ -99.705450688880305, 19.383128548503741 ], [ -99.705181194295065, 19.383128548503741 ], [ -99.705181194295065, 19.382859053918505 ], [ -99.704911699709825, 19.382859053918505 ], [ -99.704911699709825, 19.382589559333269 ], [ -99.704642205124586, 19.382589559333269 ], [ -99.704642205124586, 19.382050570162797 ], [ -99.70437271053936, 19.382050570162797 ], [ -99.70437271053936, 19.38178107557756 ], [ -99.70410321595412, 19.38178107557756 ], [ -99.70410321595412, 19.381242086407088 ], [ -99.70437271053936, 19.381242086407088 ], [ -99.70437271053936, 19.381511580992324 ], [ -99.704642205124586, 19.381511580992324 ], [ -99.704642205124586, 19.38178107557756 ], [ -99.704911699709825, 19.38178107557756 ], [ -99.704911699709825, 19.382050570162797 ], [ -99.705181194295065, 19.382050570162797 ], [ -99.705181194295065, 19.382589559333269 ], [ -99.705450688880305, 19.382589559333269 ], [ -99.705450688880305, 19.382859053918505 ], [ -99.70572018346553, 19.382859053918505 ], [ -99.70572018346553, 19.383128548503741 ], [ -99.70625917263601, 19.383128548503741 ], [ -99.70625917263601, 19.383398043088977 ], [ -99.706798161806475, 19.383398043088977 ], [ -99.706798161806475, 19.38366753767421 ], [ -99.706528667221249, 19.38366753767421 ], [ -99.706528667221249, 19.383937032259446 ], [ -99.70598967805077, 19.383937032259446 ], [ -99.70598967805077, 19.385284505185627 ], [ -99.70572018346553, 19.385284505185627 ], [ -99.70572018346553, 19.385553999770863 ], [ -99.70598967805077, 19.385553999770863 ], [ -99.70598967805077, 19.386092988941336 ], [ -99.705450688880305, 19.386092988941336 ], [ -99.705450688880305, 19.386631978111808 ], [ -99.70625917263601, 19.386631978111808 ], [ -99.70625917263601, 19.386092988941336 ], [ -99.706798161806475, 19.386092988941336 ], [ -99.706798161806475, 19.386631978111808 ], [ -99.70760664556218, 19.386631978111808 ], [ -99.70760664556218, 19.386092988941336 ], [ -99.70787614014742, 19.386092988941336 ], [ -99.70787614014742, 19.386631978111808 ], [ -99.708415129317899, 19.386631978111808 ], [ -99.708415129317899, 19.386092988941336 ], [ -99.708684623903125, 19.386092988941336 ], [ -99.708684623903125, 19.386362483526572 ], [ -99.709493107658844, 19.386362483526572 ], [ -99.709493107658844, 19.386631978111808 ], [ -99.709762602244069, 19.386631978111808 ], [ -99.709762602244069, 19.386901472697041 ], [ -99.709223613073604, 19.386901472697041 ], [ -99.709223613073604, 19.387440461867513 ], [ -99.708954118488364, 19.387440461867513 ], [ -99.708954118488364, 19.387170967282277 ], [ -99.708684623903125, 19.387170967282277 ], [ -99.708684623903125, 19.387440461867513 ], [ -99.708415129317899, 19.387440461867513 ], [ -99.708415129317899, 19.387709956452749 ], [ -99.70787614014742, 19.387709956452749 ], [ -99.70787614014742, 19.387979451037985 ], [ -99.70760664556218, 19.387979451037985 ], [ -99.70760664556218, 19.388248945623221 ], [ -99.70787614014742, 19.388248945623221 ], [ -99.70787614014742, 19.388787934793694 ], [ -99.708145634732659, 19.388787934793694 ], [ -99.708145634732659, 19.38905742937893 ], [ -99.708415129317899, 19.38905742937893 ], [ -99.708415129317899, 19.389596418549402 ], [ -99.708684623903125, 19.389596418549402 ], [ -99.708684623903125, 19.389865913134635 ], [ -99.709493107658844, 19.389865913134635 ], [ -99.709493107658844, 19.389596418549402 ], [ -99.709762602244069, 19.389596418549402 ], [ -99.709762602244069, 19.390404902305107 ], [ -99.709493107658844, 19.390404902305107 ], [ -99.709493107658844, 19.390135407719871 ], [ -99.708954118488364, 19.390135407719871 ], [ -99.708954118488364, 19.390404902305107 ], [ -99.709223613073604, 19.390404902305107 ], [ -99.709223613073604, 19.390674396890343 ], [ -99.708954118488364, 19.390674396890343 ], [ -99.708954118488364, 19.39094389147558 ], [ -99.709223613073604, 19.39094389147558 ], [ -99.709223613073604, 19.391752375231288 ], [ -99.709493107658844, 19.391752375231288 ], [ -99.709493107658844, 19.39229136440176 ], [ -99.710032096829309, 19.39229136440176 ], [ -99.710032096829309, 19.393099848157465 ], [ -99.709762602244069, 19.393099848157465 ], [ -99.709762602244069, 19.393369342742702 ] ], [ [ -99.708954118488364, 19.392021869816524 ], [ -99.708954118488364, 19.391752375231288 ], [ -99.708684623903125, 19.391752375231288 ], [ -99.708684623903125, 19.392021869816524 ], [ -99.708954118488364, 19.392021869816524 ] ], [ [ -99.70787614014742, 19.387709956452749 ], [ -99.70787614014742, 19.386901472697041 ], [ -99.707067656391715, 19.386901472697041 ], [ -99.707067656391715, 19.387440461867513 ], [ -99.707337150976954, 19.387440461867513 ], [ -99.707337150976954, 19.387709956452749 ], [ -99.70787614014742, 19.387709956452749 ] ], [ [ -99.706798161806475, 19.387709956452749 ], [ -99.706798161806475, 19.387170967282277 ], [ -99.706528667221249, 19.387170967282277 ], [ -99.706528667221249, 19.386901472697041 ], [ -99.70625917263601, 19.386901472697041 ], [ -99.70625917263601, 19.387170967282277 ], [ -99.70572018346553, 19.387170967282277 ], [ -99.70572018346553, 19.387709956452749 ], [ -99.706798161806475, 19.387709956452749 ] ] ] ] } },
{ "type": "Feature", "properties": { "ZONA_MET": "Toluca", "INTENSIDAD": "Intensa", "T_PROM_POL": 4.0, "T_MIN_CIUD": 1.0, "DIF_TERMIC": 2.0 }, "geometry": { "type": "MultiPolygon", "coordinates": [ [ [ [ -99.569894912506669, 19.38366753767421 ], [ -99.56935592333619, 19.38366753767421 ], [ -99.56935592333619, 19.383398043088977 ], [ -99.569625417921429, 19.383398043088977 ], [ -99.569625417921429, 19.382320064748033 ], [ -99.569086428750964, 19.382320064748033 ], [ -99.569086428750964, 19.382050570162797 ], [ -99.568277944995245, 19.382050570162797 ], [ -99.568277944995245, 19.38178107557756 ], [ -99.568008450410019, 19.38178107557756 ], [ -99.568008450410019, 19.381511580992324 ], [ -99.568277944995245, 19.381511580992324 ], [ -99.568277944995245, 19.381242086407088 ], [ -99.568547439580485, 19.381242086407088 ], [ -99.568547439580485, 19.381511580992324 ], [ -99.569086428750964, 19.381511580992324 ], [ -99.569086428750964, 19.38178107557756 ], [ -99.569625417921429, 19.38178107557756 ], [ -99.569625417921429, 19.382050570162797 ], [ -99.569894912506669, 19.382050570162797 ], [ -99.569894912506669, 19.38366753767421 ] ] ] ] } },
{ "type": "Feature", "properties": { "ZONA_MET": "Toluca", "INTENSIDAD": "Intensa", "T_PROM_POL": 4.0, "T_MIN_CIUD": 1.0, "DIF_TERMIC": 2.0 }, "geometry": { "type": "MultiPolygon", "coordinates": [ [ [ [ -99.601156284394023, 19.382320064748033 ], [ -99.600886789808783, 19.382320064748033 ], [ -99.600886789808783, 19.382050570162797 ], [ -99.600078306053078, 19.382050570162797 ], [ -99.600078306053078, 19.382320064748033 ], [ -99.599808811467852, 19.382320064748033 ], [ -99.599808811467852, 19.38178107557756 ], [ -99.599269822297373, 19.38178107557756 ], [ -99.599269822297373, 19.381242086407088 ], [ -99.600078306053078, 19.381242086407088 ], [ -99.600078306053078, 19.38178107557756 ], [ -99.600886789808783, 19.38178107557756 ], [ -99.600886789808783, 19.381511580992324 ], [ -99.601425778979262, 19.381511580992324 ], [ -99.601425778979262, 19.381242086407088 ], [ -99.602234262734967, 19.381242086407088 ], [ -99.602234262734967, 19.381511580992324 ], [ -99.602503757320207, 19.381511580992324 ], [ -99.602503757320207, 19.38178107557756 ], [ -99.602773251905447, 19.38178107557756 ], [ -99.602773251905447, 19.382050570162797 ], [ -99.602234262734967, 19.382050570162797 ], [ -99.602234262734967, 19.38178107557756 ], [ -99.601964768149728, 19.38178107557756 ], [ -99.601964768149728, 19.382050570162797 ], [ -99.601695273564502, 19.382050570162797 ], [ -99.601695273564502, 19.38178107557756 ], [ -99.601425778979262, 19.38178107557756 ], [ -99.601425778979262, 19.382050570162797 ], [ -99.601156284394023, 19.382050570162797 ], [ -99.601156284394023, 19.382320064748033 ] ] ] ] } },
{ "type": "Feature", "properties": { "ZONA_MET": "Toluca", "INTENSIDAD": "Intensa", "T_PROM_POL": 3.0, "T_MIN_CIUD": 1.0, "DIF_TERMIC": 2.0 }, "geometry": { "type": "MultiPolygon", "coordinates": [ [ [ [ -99.56423552621672, 19.383398043088977 ], [ -99.56396603163148, 19.383398043088977 ], [ -99.56396603163148, 19.382050570162797 ], [ -99.563157547875775, 19.382050570162797 ], [ -99.563157547875775, 19.38178107557756 ], [ -99.563427042461001, 19.38178107557756 ], [ -99.563427042461001, 19.381511580992324 ], [ -99.563696537046241, 19.381511580992324 ], [ -99.563696537046241, 19.38178107557756 ], [ -99.56396603163148, 19.38178107557756 ], [ -99.56396603163148, 19.381242086407088 ], [ -99.56423552621672, 19.381242086407088 ], [ -99.56423552621672, 19.381511580992324 ], [ -99.564505020801946, 19.381511580992324 ], [ -99.564505020801946, 19.38178107557756 ], [ -99.565044009972425, 19.38178107557756 ], [ -99.565044009972425, 19.382050570162797 ], [ -99.56558299914289, 19.382050570162797 ], [ -99.56558299914289, 19.382320064748033 ], [ -99.565313504557651, 19.382320064748033 ], [ -99.565313504557651, 19.382589559333269 ], [ -99.565044009972425, 19.382589559333269 ], [ -99.565044009972425, 19.382859053918505 ], [ -99.564505020801946, 19.382859053918505 ], [ -99.564505020801946, 19.383128548503741 ], [ -99.56423552621672, 19.383128548503741 ], [ -99.56423552621672, 19.383398043088977 ] ], [ [ -99.565044009972425, 19.382320064748033 ], [ -99.565044009972425, 19.382050570162797 ], [ -99.564774515387185, 19.382050570162797 ], [ -99.564774515387185, 19.382320064748033 ], [ -99.565044009972425, 19.382320064748033 ] ] ] ] } },
{ "type": "Feature", "properties": { "ZONA_MET": "Toluca", "INTENSIDAD": "Intensa", "T_PROM_POL": 4.0, "T_MIN_CIUD": 1.0, "DIF_TERMIC": 2.0 }, "geometry": { "type": "MultiPolygon", "coordinates": [ [ [ [ -99.613822529900105, 19.382589559333269 ], [ -99.612475056973935, 19.382589559333269 ], [ -99.612475056973935, 19.382050570162797 ], [ -99.611936067803455, 19.382050570162797 ], [ -99.611936067803455, 19.38178107557756 ], [ -99.61139707863299, 19.38178107557756 ], [ -99.61139707863299, 19.381511580992324 ], [ -99.61112758404775, 19.381511580992324 ], [ -99.61112758404775, 19.381242086407088 ], [ -99.611936067803455, 19.381242086407088 ], [ -99.611936067803455, 19.381511580992324 ], [ -99.612205562388695, 19.381511580992324 ], [ -99.612205562388695, 19.381242086407088 ], [ -99.612475056973935, 19.381242086407088 ], [ -99.612475056973935, 19.381511580992324 ], [ -99.61274455155916, 19.381511580992324 ], [ -99.61274455155916, 19.381242086407088 ], [ -99.61328354072964, 19.381242086407088 ], [ -99.61328354072964, 19.381511580992324 ], [ -99.6130140461444, 19.381511580992324 ], [ -99.6130140461444, 19.382050570162797 ], [ -99.613553035314879, 19.382050570162797 ], [ -99.613553035314879, 19.382320064748033 ], [ -99.613822529900105, 19.382320064748033 ], [ -99.613822529900105, 19.382589559333269 ] ] ] ] } },
{ "type": "Feature", "properties": { "ZONA_MET": "Toluca", "INTENSIDAD": "Intensa", "T_PROM_POL": 3.0, "T_MIN_CIUD": 1.0, "DIF_TERMIC": 2.0 }, "geometry": { "type": "MultiPolygon", "coordinates": [ [ [ [ -99.625949786235722, 19.383128548503741 ], [ -99.624602313309538, 19.383128548503741 ], [ -99.624602313309538, 19.382859053918505 ], [ -99.624332818724312, 19.382859053918505 ], [ -99.624332818724312, 19.382320064748033 ], [ -99.624602313309538, 19.382320064748033 ], [ -99.624602313309538, 19.381511580992324 ], [ -99.624332818724312, 19.381511580992324 ], [ -99.624332818724312, 19.381242086407088 ], [ -99.624602313309538, 19.381242086407088 ], [ -99.624602313309538, 19.380972591821852 ], [ -99.624871807894777, 19.380972591821852 ], [ -99.624871807894777, 19.38178107557756 ], [ -99.625141302480017, 19.38178107557756 ], [ -99.625141302480017, 19.382050570162797 ], [ -99.624871807894777, 19.382050570162797 ], [ -99.624871807894777, 19.382320064748033 ], [ -99.625141302480017, 19.382320064748033 ], [ -99.625141302480017, 19.382589559333269 ], [ -99.625410797065257, 19.382589559333269 ], [ -99.625410797065257, 19.382859053918505 ], [ -99.625949786235722, 19.382859053918505 ], [ -99.625949786235722, 19.383128548503741 ] ] ] ] } },
{ "type": "Feature", "properties": { "ZONA_MET": "Toluca", "INTENSIDAD": "Intensa", "T_PROM_POL": 4.0, "T_MIN_CIUD": 1.0, "DIF_TERMIC": 2.0 }, "geometry": { "type": "MultiPolygon", "coordinates": [ [ [ [ -99.614631013655824, 19.38178107557756 ], [ -99.614092024485345, 19.38178107557756 ], [ -99.614092024485345, 19.381242086407088 ], [ -99.61328354072964, 19.381242086407088 ], [ -99.61328354072964, 19.380703097236616 ], [ -99.613553035314879, 19.380703097236616 ], [ -99.613553035314879, 19.380433602651383 ], [ -99.614092024485345, 19.380433602651383 ], [ -99.614092024485345, 19.380972591821852 ], [ -99.61490050824105, 19.380972591821852 ], [ -99.61490050824105, 19.381242086407088 ], [ -99.614631013655824, 19.381242086407088 ], [ -99.614631013655824, 19.38178107557756 ] ] ] ] } },
{ "type": "Feature", "properties": { "ZONA_MET": "Toluca", "INTENSIDAD": "Intensa", "T_PROM_POL": 3.0, "T_MIN_CIUD": 1.0, "DIF_TERMIC": 2.0 }, "geometry": { "type": "MultiPolygon", "coordinates": [ [ [ [ -99.762044551779823, 19.382050570162797 ], [ -99.761236068024118, 19.382050570162797 ], [ -99.761236068024118, 19.38178107557756 ], [ -99.760158089683173, 19.38178107557756 ], [ -99.760158089683173, 19.381511580992324 ], [ -99.759619100512708, 19.381511580992324 ], [ -99.759619100512708, 19.380972591821852 ], [ -99.760697078853653, 19.380972591821852 ], [ -99.760697078853653, 19.381242086407088 ], [ -99.761236068024118, 19.381242086407088 ], [ -99.761236068024118, 19.381511580992324 ], [ -99.761775057194598, 19.381511580992324 ], [ -99.761775057194598, 19.380972591821852 ], [ -99.761505562609358, 19.380972591821852 ], [ -99.761505562609358, 19.380703097236616 ], [ -99.761775057194598, 19.380703097236616 ], [ -99.761775057194598, 19.380164108066147 ], [ -99.762044551779823, 19.380164108066147 ], [ -99.762044551779823, 19.382050570162797 ] ] ] ] } },
{ "type": "Feature", "properties": { "ZONA_MET": "Toluca", "INTENSIDAD": "Intensa", "T_PROM_POL": 4.0, "T_MIN_CIUD": 1.0, "DIF_TERMIC": 2.0 }, "geometry": { "type": "MultiPolygon", "coordinates": [ [ [ [ -99.631609172525671, 19.38178107557756 ], [ -99.631339677940446, 19.38178107557756 ], [ -99.631339677940446, 19.381511580992324 ], [ -99.631070183355206, 19.381511580992324 ], [ -99.631070183355206, 19.381242086407088 ], [ -99.630800688769966, 19.381242086407088 ], [ -99.630800688769966, 19.380164108066147 ], [ -99.631339677940446, 19.380164108066147 ], [ -99.631339677940446, 19.380433602651383 ], [ -99.631609172525671, 19.380433602651383 ], [ -99.631609172525671, 19.380703097236616 ], [ -99.631339677940446, 19.380703097236616 ], [ -99.631339677940446, 19.381242086407088 ], [ -99.631878667110911, 19.381242086407088 ], [ -99.631878667110911, 19.381511580992324 ], [ -99.631609172525671, 19.381511580992324 ], [ -99.631609172525671, 19.38178107557756 ] ] ] ] } },
{ "type": "Feature", "properties": { "ZONA_MET": "Toluca", "INTENSIDAD": "Intensa", "T_PROM_POL": 4.0, "T_MIN_CIUD": 1.0, "DIF_TERMIC": 2.0 }, "geometry": { "type": "MultiPolygon", "coordinates": [ [ [ [ -99.573398342114729, 19.380703097236616 ], [ -99.572589858359024, 19.380703097236616 ], [ -99.572589858359024, 19.380433602651383 ], [ -99.572320363773784, 19.380433602651383 ], [ -99.572320363773784, 19.380164108066147 ], [ -99.572050869188558, 19.380164108066147 ], [ -99.572050869188558, 19.379894613480911 ], [ -99.573667836699968, 19.379894613480911 ], [ -99.573667836699968, 19.380164108066147 ], [ -99.573398342114729, 19.380164108066147 ], [ -99.573398342114729, 19.380703097236616 ] ] ] ] } },
{ "type": "Feature", "properties": { "ZONA_MET": "Toluca", "INTENSIDAD": "Intensa", "T_PROM_POL": 4.0, "T_MIN_CIUD": 1.0, "DIF_TERMIC": 2.0 }, "geometry": { "type": "MultiPolygon", "coordinates": [ [ [ [ -99.572589858359024, 19.386092988941336 ], [ -99.572050869188558, 19.386092988941336 ], [ -99.572050869188558, 19.385823494356099 ], [ -99.571781374603319, 19.385823494356099 ], [ -99.571781374603319, 19.386092988941336 ], [ -99.571511880018079, 19.386092988941336 ], [ -99.571511880018079, 19.385015010600391 ], [ -99.571781374603319, 19.385015010600391 ], [ -99.571781374603319, 19.384476021429919 ], [ -99.571511880018079, 19.384476021429919 ], [ -99.571511880018079, 19.384745516015155 ], [ -99.570972890847614, 19.384745516015155 ], [ -99.570972890847614, 19.384206526844682 ], [ -99.571781374603319, 19.384206526844682 ], [ -99.571781374603319, 19.383937032259446 ], [ -99.572050869188558, 19.383937032259446 ], [ -99.572050869188558, 19.383128548503741 ], [ -99.572320363773784, 19.383128548503741 ], [ -99.572320363773784, 19.382859053918505 ], [ -99.572589858359024, 19.382859053918505 ], [ -99.572589858359024, 19.382589559333269 ], [ -99.572859352944263, 19.382589559333269 ], [ -99.572859352944263, 19.382320064748033 ], [ -99.573128847529503, 19.382320064748033 ], [ -99.573128847529503, 19.38178107557756 ], [ -99.573398342114729, 19.38178107557756 ], [ -99.573398342114729, 19.381242086407088 ], [ -99.573128847529503, 19.381242086407088 ], [ -99.573128847529503, 19.380972591821852 ], [ -99.573667836699968, 19.380972591821852 ], [ -99.573667836699968, 19.381242086407088 ], [ -99.573937331285208, 19.381242086407088 ], [ -99.573937331285208, 19.381511580992324 ], [ -99.574206825870434, 19.381511580992324 ], [ -99.574206825870434, 19.381242086407088 ], [ -99.574476320455673, 19.381242086407088 ], [ -99.574476320455673, 19.380972591821852 ], [ -99.575015309626153, 19.380972591821852 ], [ -99.575015309626153, 19.380164108066147 ], [ -99.574745815040913, 19.380164108066147 ], [ -99.574745815040913, 19.379625118895675 ], [ -99.575015309626153, 19.379625118895675 ], [ -99.575015309626153, 19.379894613480911 ], [ -99.575554298796618, 19.379894613480911 ], [ -99.575554298796618, 19.380164108066147 ], [ -99.576632277137563, 19.380164108066147 ], [ -99.576632277137563, 19.380433602651383 ], [ -99.577440760893268, 19.380433602651383 ], [ -99.577440760893268, 19.380703097236616 ], [ -99.577710255478507, 19.380703097236616 ], [ -99.577710255478507, 19.380972591821852 ], [ -99.578249244648973, 19.380972591821852 ], [ -99.578249244648973, 19.381242086407088 ], [ -99.578788233819452, 19.381242086407088 ], [ -99.578788233819452, 19.381511580992324 ], [ -99.579057728404692, 19.381511580992324 ], [ -99.579057728404692, 19.38178107557756 ], [ -99.579327222989917, 19.38178107557756 ], [ -99.579327222989917, 19.382050570162797 ], [ -99.579057728404692, 19.382050570162797 ], [ -99.579057728404692, 19.382589559333269 ], [ -99.578518739234212, 19.382589559333269 ], [ -99.578518739234212, 19.382859053918505 ], [ -99.577440760893268, 19.382859053918505 ], [ -99.577440760893268, 19.383128548503741 ], [ -99.577171266308028, 19.383128548503741 ], [ -99.577171266308028, 19.382589559333269 ], [ -99.577440760893268, 19.382589559333269 ], [ -99.577440760893268, 19.382320064748033 ], [ -99.577710255478507, 19.382320064748033 ], [ -99.577710255478507, 19.382050570162797 ], [ -99.577440760893268, 19.382050570162797 ], [ -99.577440760893268, 19.38178107557756 ], [ -99.576901771722802, 19.38178107557756 ], [ -99.576901771722802, 19.381242086407088 ], [ -99.576632277137563, 19.381242086407088 ], [ -99.576632277137563, 19.380972591821852 ], [ -99.576362782552323, 19.380972591821852 ], [ -99.576362782552323, 19.380703097236616 ], [ -99.575554298796618, 19.380703097236616 ], [ -99.575554298796618, 19.380972591821852 ], [ -99.575823793381858, 19.380972591821852 ], [ -99.575823793381858, 19.381242086407088 ], [ -99.575554298796618, 19.381242086407088 ], [ -99.575554298796618, 19.381511580992324 ], [ -99.574745815040913, 19.381511580992324 ], [ -99.574745815040913, 19.38178107557756 ], [ -99.574476320455673, 19.38178107557756 ], [ -99.574476320455673, 19.382320064748033 ], [ -99.574206825870434, 19.382320064748033 ], [ -99.574206825870434, 19.382589559333269 ], [ -99.574476320455673, 19.382589559333269 ], [ -99.574476320455673, 19.382859053918505 ], [ -99.574745815040913, 19.382859053918505 ], [ -99.574745815040913, 19.383128548503741 ], [ -99.573667836699968, 19.383128548503741 ], [ -99.573667836699968, 19.383398043088977 ], [ -99.572859352944263, 19.383398043088977 ], [ -99.572859352944263, 19.384206526844682 ], [ -99.572050869188558, 19.384206526844682 ], [ -99.572050869188558, 19.385284505185627 ], [ -99.572320363773784, 19.385284505185627 ], [ -99.572320363773784, 19.385823494356099 ], [ -99.572589858359024, 19.385823494356099 ], [ -99.572589858359024, 19.386092988941336 ] ], [ [ -99.578788233819452, 19.382050570162797 ], [ -99.578788233819452, 19.38178107557756 ], [ -99.578518739234212, 19.38178107557756 ], [ -99.578518739234212, 19.382050570162797 ], [ -99.578788233819452, 19.382050570162797 ] ] ] ] } },
{ "type": "Feature", "properties": { "ZONA_MET": "Toluca", "INTENSIDAD": "Extrema", "T_PROM_POL": 4.0, "T_MIN_CIUD": 1.0, "DIF_TERMIC": 2.0 }, "geometry": { "type": "MultiPolygon", "coordinates": [ [ [ [ -99.569894912506669, 19.382050570162797 ], [ -99.569625417921429, 19.382050570162797 ], [ -99.569625417921429, 19.38178107557756 ], [ -99.569086428750964, 19.38178107557756 ], [ -99.569086428750964, 19.381511580992324 ], [ -99.568547439580485, 19.381511580992324 ], [ -99.568547439580485, 19.380433602651383 ], [ -99.568816934165724, 19.380433602651383 ], [ -99.568816934165724, 19.379894613480911 ], [ -99.569086428750964, 19.379894613480911 ], [ -99.569086428750964, 19.379625118895675 ], [ -99.56935592333619, 19.379625118895675 ], [ -99.56935592333619, 19.379894613480911 ], [ -99.569625417921429, 19.379894613480911 ], [ -99.569625417921429, 19.380164108066147 ], [ -99.56935592333619, 19.380164108066147 ], [ -99.56935592333619, 19.380703097236616 ], [ -99.569625417921429, 19.380703097236616 ], [ -99.569625417921429, 19.380972591821852 ], [ -99.569894912506669, 19.380972591821852 ], [ -99.569894912506669, 19.382050570162797 ] ], [ [ -99.56935592333619, 19.380972591821852 ], [ -99.56935592333619, 19.380703097236616 ], [ -99.569086428750964, 19.380703097236616 ], [ -99.569086428750964, 19.380972591821852 ], [ -99.56935592333619, 19.380972591821852 ] ] ] ] } },
{ "type": "Feature", "properties": { "ZONA_MET": "Toluca", "INTENSIDAD": "Intensa", "T_PROM_POL": 3.0, "T_MIN_CIUD": 1.0, "DIF_TERMIC": 2.0 }, "geometry": { "type": "MultiPolygon", "coordinates": [ [ [ [ -99.616786970337699, 19.379625118895675 ], [ -99.616517475752474, 19.379625118895675 ], [ -99.616517475752474, 19.379355624310438 ], [ -99.615978486581994, 19.379355624310438 ], [ -99.615978486581994, 19.379625118895675 ], [ -99.615708991996755, 19.379625118895675 ], [ -99.615708991996755, 19.379086129725202 ], [ -99.615439497411529, 19.379086129725202 ], [ -99.615439497411529, 19.37854714055473 ], [ -99.616247981167234, 19.37854714055473 ], [ -99.616247981167234, 19.378816635139966 ], [ -99.616786970337699, 19.378816635139966 ], [ -99.616786970337699, 19.379086129725202 ], [ -99.617056464922939, 19.379086129725202 ], [ -99.617056464922939, 19.379355624310438 ], [ -99.616786970337699, 19.379355624310438 ], [ -99.616786970337699, 19.379625118895675 ] ] ] ] } },
{ "type": "Feature", "properties": { "ZONA_MET": "Toluca", "INTENSIDAD": "Intensa", "T_PROM_POL": 4.0, "T_MIN_CIUD": 1.0, "DIF_TERMIC": 2.0 }, "geometry": { "type": "MultiPolygon", "coordinates": [ [ [ [ -99.628375237502851, 19.381242086407088 ], [ -99.627836248332372, 19.381242086407088 ], [ -99.627836248332372, 19.380972591821852 ], [ -99.627566753747132, 19.380972591821852 ], [ -99.627566753747132, 19.380703097236616 ], [ -99.627836248332372, 19.380703097236616 ], [ -99.627836248332372, 19.380433602651383 ], [ -99.628914226673317, 19.380433602651383 ], [ -99.628914226673317, 19.380164108066147 ], [ -99.629183721258556, 19.380164108066147 ], [ -99.629183721258556, 19.379894613480911 ], [ -99.628914226673317, 19.379894613480911 ], [ -99.628914226673317, 19.379625118895675 ], [ -99.628644732088077, 19.379625118895675 ], [ -99.628644732088077, 19.379086129725202 ], [ -99.629722710429022, 19.379086129725202 ], [ -99.629722710429022, 19.378277645969494 ], [ -99.630261699599501, 19.378277645969494 ], [ -99.630261699599501, 19.379086129725202 ], [ -99.630531194184726, 19.379086129725202 ], [ -99.630531194184726, 19.379355624310438 ], [ -99.630800688769966, 19.379355624310438 ], [ -99.630800688769966, 19.379625118895675 ], [ -99.630261699599501, 19.379625118895675 ], [ -99.630261699599501, 19.379355624310438 ], [ -99.629722710429022, 19.379355624310438 ], [ -99.629722710429022, 19.379625118895675 ], [ -99.629453215843796, 19.379625118895675 ], [ -99.629453215843796, 19.380972591821852 ], [ -99.628375237502851, 19.380972591821852 ], [ -99.628375237502851, 19.381242086407088 ] ] ] ] } },
{ "type": "Feature", "properties": { "ZONA_MET": "Toluca", "INTENSIDAD": "Intensa", "T_PROM_POL": 3.0, "T_MIN_CIUD": 1.0, "DIF_TERMIC": 2.0 }, "geometry": { "type": "MultiPolygon", "coordinates": [ [ [ [ -99.608971627365861, 19.379894613480911 ], [ -99.608702132780635, 19.379894613480911 ], [ -99.608702132780635, 19.379625118895675 ], [ -99.608432638195396, 19.379625118895675 ], [ -99.608432638195396, 19.379086129725202 ], [ -99.608163143610156, 19.379086129725202 ], [ -99.608163143610156, 19.378277645969494 ], [ -99.608432638195396, 19.378277645969494 ], [ -99.608432638195396, 19.37854714055473 ], [ -99.608702132780635, 19.37854714055473 ], [ -99.608702132780635, 19.378816635139966 ], [ -99.609241121951101, 19.378816635139966 ], [ -99.609241121951101, 19.379086129725202 ], [ -99.609780111121566, 19.379086129725202 ], [ -99.609780111121566, 19.379355624310438 ], [ -99.610049605706806, 19.379355624310438 ], [ -99.610049605706806, 19.379625118895675 ], [ -99.609241121951101, 19.379625118895675 ], [ -99.609241121951101, 19.379355624310438 ], [ -99.608971627365861, 19.379355624310438 ], [ -99.608971627365861, 19.379894613480911 ] ] ] ] } },
{ "type": "Feature", "properties": { "ZONA_MET": "Toluca", "INTENSIDAD": "Intensa", "T_PROM_POL": 4.0, "T_MIN_CIUD": 1.0, "DIF_TERMIC": 2.0 }, "geometry": { "type": "MultiPolygon", "coordinates": [ [ [ [ -99.649126320566012, 19.379625118895675 ], [ -99.648856825980772, 19.379625118895675 ], [ -99.648856825980772, 19.379355624310438 ], [ -99.648587331395532, 19.379355624310438 ], [ -99.648587331395532, 19.378816635139966 ], [ -99.648048342225067, 19.378816635139966 ], [ -99.648048342225067, 19.379355624310438 ], [ -99.647778847639827, 19.379355624310438 ], [ -99.647778847639827, 19.37854714055473 ], [ -99.647239858469362, 19.37854714055473 ], [ -99.647239858469362, 19.378277645969494 ], [ -99.648048342225067, 19.378277645969494 ], [ -99.648048342225067, 19.37854714055473 ], [ -99.648317836810293, 19.37854714055473 ], [ -99.648317836810293, 19.378277645969494 ], [ -99.648587331395532, 19.378277645969494 ], [ -99.648587331395532, 19.37854714055473 ], [ -99.649395815151237, 19.37854714055473 ], [ -99.649395815151237, 19.378277645969494 ], [ -99.649665309736477, 19.378277645969494 ], [ -99.649665309736477, 19.378008151384257 ], [ -99.649934804321717, 19.378008151384257 ], [ -99.649934804321717, 19.378816635139966 ], [ -99.650204298906957, 19.378816635139966 ], [ -99.650204298906957, 19.377738656799021 ], [ -99.650743288077422, 19.377738656799021 ], [ -99.650743288077422, 19.379086129725202 ], [ -99.650204298906957, 19.379086129725202 ], [ -99.650204298906957, 19.379355624310438 ], [ -99.649934804321717, 19.379355624310438 ], [ -99.649934804321717, 19.379086129725202 ], [ -99.649395815151237, 19.379086129725202 ], [ -99.649395815151237, 19.379355624310438 ], [ -99.649126320566012, 19.379355624310438 ], [ -99.649126320566012, 19.379625118895675 ] ] ] ] } },
{ "type": "Feature", "properties": { "ZONA_MET": "Toluca", "INTENSIDAD": "Intensa", "T_PROM_POL": 4.0, "T_MIN_CIUD": 1.0, "DIF_TERMIC": 2.0 }, "geometry": { "type": "MultiPolygon", "coordinates": [ [ [ [ -99.631609172525671, 19.380164108066147 ], [ -99.631339677940446, 19.380164108066147 ], [ -99.631339677940446, 19.379894613480911 ], [ -99.631070183355206, 19.379894613480911 ], [ -99.631070183355206, 19.379625118895675 ], [ -99.631609172525671, 19.379625118895675 ], [ -99.631609172525671, 19.379355624310438 ], [ -99.631339677940446, 19.379355624310438 ], [ -99.631339677940446, 19.379086129725202 ], [ -99.631070183355206, 19.379086129725202 ], [ -99.631070183355206, 19.378816635139966 ], [ -99.631609172525671, 19.378816635139966 ], [ -99.631609172525671, 19.378277645969494 ], [ -99.631878667110911, 19.378277645969494 ], [ -99.631878667110911, 19.377469162213789 ], [ -99.632148161696151, 19.377469162213789 ], [ -99.632148161696151, 19.376930173043316 ], [ -99.63241765628139, 19.376930173043316 ], [ -99.63241765628139, 19.377738656799021 ], [ -99.632148161696151, 19.377738656799021 ], [ -99.632148161696151, 19.37854714055473 ], [ -99.631878667110911, 19.37854714055473 ], [ -99.631878667110911, 19.379894613480911 ], [ -99.631609172525671, 19.379894613480911 ], [ -99.631609172525671, 19.380164108066147 ] ] ] ] } },
{ "type": "Feature", "properties": { "ZONA_MET": "Toluca", "INTENSIDAD": "Intensa", "T_PROM_POL": 4.0, "T_MIN_CIUD": 1.0, "DIF_TERMIC": 2.0 }, "geometry": { "type": "MultiPolygon", "coordinates": [ [ [ [ -99.650743288077422, 19.377469162213789 ], [ -99.650473793492182, 19.377469162213789 ], [ -99.650473793492182, 19.376930173043316 ], [ -99.649395815151237, 19.376930173043316 ], [ -99.649395815151237, 19.37666067845808 ], [ -99.649126320566012, 19.37666067845808 ], [ -99.649126320566012, 19.376930173043316 ], [ -99.648856825980772, 19.376930173043316 ], [ -99.648856825980772, 19.376391183872844 ], [ -99.649934804321717, 19.376391183872844 ], [ -99.649934804321717, 19.37666067845808 ], [ -99.650743288077422, 19.37666067845808 ], [ -99.650743288077422, 19.377469162213789 ] ] ] ] } },
{ "type": "Feature", "properties": { "ZONA_MET": "Toluca", "INTENSIDAD": "Intensa", "T_PROM_POL": 4.0, "T_MIN_CIUD": 1.0, "DIF_TERMIC": 2.0 }, "geometry": { "type": "MultiPolygon", "coordinates": [ [ [ [ -99.63942451549751, 19.383128548503741 ], [ -99.639155020912284, 19.383128548503741 ], [ -99.639155020912284, 19.382859053918505 ], [ -99.638616031741805, 19.382859053918505 ], [ -99.638616031741805, 19.382589559333269 ], [ -99.639155020912284, 19.382589559333269 ], [ -99.639155020912284, 19.381511580992324 ], [ -99.63942451549751, 19.381511580992324 ], [ -99.63942451549751, 19.381242086407088 ], [ -99.639155020912284, 19.381242086407088 ], [ -99.639155020912284, 19.380164108066147 ], [ -99.638616031741805, 19.380164108066147 ], [ -99.638616031741805, 19.379625118895675 ], [ -99.6378075479861, 19.379625118895675 ], [ -99.6378075479861, 19.379355624310438 ], [ -99.638077042571339, 19.379355624310438 ], [ -99.638077042571339, 19.379086129725202 ], [ -99.638616031741805, 19.379086129725202 ], [ -99.638616031741805, 19.378277645969494 ], [ -99.638885526327044, 19.378277645969494 ], [ -99.638885526327044, 19.377469162213789 ], [ -99.63942451549751, 19.377469162213789 ], [ -99.63942451549751, 19.377199667628553 ], [ -99.638885526327044, 19.377199667628553 ], [ -99.638885526327044, 19.376930173043316 ], [ -99.63942451549751, 19.376930173043316 ], [ -99.63942451549751, 19.376391183872844 ], [ -99.639963504667989, 19.376391183872844 ], [ -99.639963504667989, 19.377199667628553 ], [ -99.639694010082749, 19.377199667628553 ], [ -99.639694010082749, 19.377738656799021 ], [ -99.640232999253229, 19.377738656799021 ], [ -99.640232999253229, 19.377469162213789 ], [ -99.640771988423694, 19.377469162213789 ], [ -99.640771988423694, 19.378277645969494 ], [ -99.641580472179399, 19.378277645969494 ], [ -99.641580472179399, 19.37854714055473 ], [ -99.641849966764639, 19.37854714055473 ], [ -99.641849966764639, 19.378816635139966 ], [ -99.641580472179399, 19.378816635139966 ], [ -99.641580472179399, 19.380972591821852 ], [ -99.641041483008934, 19.380972591821852 ], [ -99.641041483008934, 19.381242086407088 ], [ -99.640232999253229, 19.381242086407088 ], [ -99.640232999253229, 19.381511580992324 ], [ -99.639963504667989, 19.381511580992324 ], [ -99.639963504667989, 19.38178107557756 ], [ -99.640502493838454, 19.38178107557756 ], [ -99.640502493838454, 19.382320064748033 ], [ -99.640232999253229, 19.382320064748033 ], [ -99.640232999253229, 19.382589559333269 ], [ -99.639963504667989, 19.382589559333269 ], [ -99.639963504667989, 19.382320064748033 ], [ -99.639694010082749, 19.382320064748033 ], [ -99.639694010082749, 19.382589559333269 ], [ -99.63942451549751, 19.382589559333269 ], [ -99.63942451549751, 19.383128548503741 ] ], [ [ -99.639963504667989, 19.379355624310438 ], [ -99.639963504667989, 19.379086129725202 ], [ -99.63942451549751, 19.379086129725202 ], [ -99.63942451549751, 19.379355624310438 ], [ -99.639963504667989, 19.379355624310438 ] ], [ [ -99.639963504667989, 19.37854714055473 ], [ -99.639963504667989, 19.378008151384257 ], [ -99.639694010082749, 19.378008151384257 ], [ -99.639694010082749, 19.37854714055473 ], [ -99.639963504667989, 19.37854714055473 ] ], [ [ -99.640502493838454, 19.378008151384257 ], [ -99.640502493838454, 19.377738656799021 ], [ -99.640232999253229, 19.377738656799021 ], [ -99.640232999253229, 19.378008151384257 ], [ -99.640502493838454, 19.378008151384257 ] ] ] ] } },
{ "type": "Feature", "properties": { "ZONA_MET": "Toluca", "INTENSIDAD": "Intensa", "T_PROM_POL": 4.0, "T_MIN_CIUD": 1.0, "DIF_TERMIC": 2.0 }, "geometry": { "type": "MultiPolygon", "coordinates": [ [ [ [ -99.644814407202233, 19.378277645969494 ], [ -99.644005923446528, 19.378277645969494 ], [ -99.644005923446528, 19.378008151384257 ], [ -99.644275418031768, 19.378008151384257 ], [ -99.644275418031768, 19.377738656799021 ], [ -99.644005923446528, 19.377738656799021 ], [ -99.644005923446528, 19.377469162213789 ], [ -99.643736428861288, 19.377469162213789 ], [ -99.643736428861288, 19.377738656799021 ], [ -99.643466934276049, 19.377738656799021 ], [ -99.643466934276049, 19.378277645969494 ], [ -99.642927945105583, 19.378277645969494 ], [ -99.642927945105583, 19.37666067845808 ], [ -99.642658450520344, 19.37666067845808 ], [ -99.642658450520344, 19.376930173043316 ], [ -99.642388955935104, 19.376930173043316 ], [ -99.642388955935104, 19.377199667628553 ], [ -99.641580472179399, 19.377199667628553 ], [ -99.641580472179399, 19.376930173043316 ], [ -99.642119461349878, 19.376930173043316 ], [ -99.642119461349878, 19.376121689287608 ], [ -99.642388955935104, 19.376121689287608 ], [ -99.642388955935104, 19.376391183872844 ], [ -99.643466934276049, 19.376391183872844 ], [ -99.643466934276049, 19.376930173043316 ], [ -99.643736428861288, 19.376930173043316 ], [ -99.643736428861288, 19.377199667628553 ], [ -99.644275418031768, 19.377199667628553 ], [ -99.644275418031768, 19.377469162213789 ], [ -99.644544912616993, 19.377469162213789 ], [ -99.644544912616993, 19.377738656799021 ], [ -99.645083901787473, 19.377738656799021 ], [ -99.645083901787473, 19.378008151384257 ], [ -99.644814407202233, 19.378008151384257 ], [ -99.644814407202233, 19.378277645969494 ] ] ] ] } },
{ "type": "Feature", "properties": { "ZONA_MET": "Toluca", "INTENSIDAD": "Extrema", "T_PROM_POL": 4.0, "T_MIN_CIUD": 1.0, "DIF_TERMIC": 2.0 }, "geometry": { "type": "MultiPolygon", "coordinates": [ [ [ [ -99.574206825870434, 19.381511580992324 ], [ -99.573937331285208, 19.381511580992324 ], [ -99.573937331285208, 19.381242086407088 ], [ -99.573667836699968, 19.381242086407088 ], [ -99.573667836699968, 19.380972591821852 ], [ -99.573128847529503, 19.380972591821852 ], [ -99.573128847529503, 19.380703097236616 ], [ -99.573398342114729, 19.380703097236616 ], [ -99.573398342114729, 19.380164108066147 ], [ -99.573667836699968, 19.380164108066147 ], [ -99.573667836699968, 19.379894613480911 ], [ -99.572050869188558, 19.379894613480911 ], [ -99.572050869188558, 19.379625118895675 ], [ -99.571242385432839, 19.379625118895675 ], [ -99.571242385432839, 19.378816635139966 ], [ -99.570972890847614, 19.378816635139966 ], [ -99.570972890847614, 19.379086129725202 ], [ -99.570703396262374, 19.379086129725202 ], [ -99.570703396262374, 19.378816635139966 ], [ -99.570433901677134, 19.378816635139966 ], [ -99.570433901677134, 19.37854714055473 ], [ -99.569625417921429, 19.37854714055473 ], [ -99.569625417921429, 19.378277645969494 ], [ -99.56935592333619, 19.378277645969494 ], [ -99.56935592333619, 19.378008151384257 ], [ -99.569086428750964, 19.378008151384257 ], [ -99.569086428750964, 19.377738656799021 ], [ -99.568816934165724, 19.377738656799021 ], [ -99.568816934165724, 19.377199667628553 ], [ -99.569086428750964, 19.377199667628553 ], [ -99.569086428750964, 19.37666067845808 ], [ -99.569625417921429, 19.37666067845808 ], [ -99.569625417921429, 19.376391183872844 ], [ -99.570164407091909, 19.376391183872844 ], [ -99.570164407091909, 19.376121689287608 ], [ -99.570703396262374, 19.376121689287608 ], [ -99.570703396262374, 19.37666067845808 ], [ -99.570972890847614, 19.37666067845808 ], [ -99.570972890847614, 19.377469162213789 ], [ -99.571242385432839, 19.377469162213789 ], [ -99.571242385432839, 19.377738656799021 ], [ -99.571511880018079, 19.377738656799021 ], [ -99.571511880018079, 19.378008151384257 ], [ -99.572320363773784, 19.378008151384257 ], [ -99.572320363773784, 19.378277645969494 ], [ -99.572859352944263, 19.378277645969494 ], [ -99.572859352944263, 19.37854714055473 ], [ -99.573398342114729, 19.37854714055473 ], [ -99.573398342114729, 19.378816635139966 ], [ -99.574206825870434, 19.378816635139966 ], [ -99.574206825870434, 19.379355624310438 ], [ -99.574476320455673, 19.379355624310438 ], [ -99.574476320455673, 19.379625118895675 ], [ -99.574745815040913, 19.379625118895675 ], [ -99.574745815040913, 19.380164108066147 ], [ -99.575015309626153, 19.380164108066147 ], [ -99.575015309626153, 19.380972591821852 ], [ -99.574476320455673, 19.380972591821852 ], [ -99.574476320455673, 19.380703097236616 ], [ -99.574206825870434, 19.380703097236616 ], [ -99.574206825870434, 19.381511580992324 ] ], [ [ -99.572589858359024, 19.379086129725202 ], [ -99.572589858359024, 19.37854714055473 ], [ -99.572320363773784, 19.37854714055473 ], [ -99.572320363773784, 19.379086129725202 ], [ -99.572589858359024, 19.379086129725202 ] ], [ [ -99.570972890847614, 19.378008151384257 ], [ -99.570972890847614, 19.377469162213789 ], [ -99.570433901677134, 19.377469162213789 ], [ -99.570433901677134, 19.378008151384257 ], [ -99.570972890847614, 19.378008151384257 ] ], [ [ -99.569625417921429, 19.377738656799021 ], [ -99.569625417921429, 19.377469162213789 ], [ -99.569894912506669, 19.377469162213789 ], [ -99.569894912506669, 19.376930173043316 ], [ -99.56935592333619, 19.376930173043316 ], [ -99.56935592333619, 19.377469162213789 ], [ -99.569086428750964, 19.377469162213789 ], [ -99.569086428750964, 19.377738656799021 ], [ -99.569625417921429, 19.377738656799021 ] ] ] ] } },
{ "type": "Feature", "properties": { "ZONA_MET": "Toluca", "INTENSIDAD": "Intensa", "T_PROM_POL": 4.0, "T_MIN_CIUD": 1.0, "DIF_TERMIC": 2.0 }, "geometry": { "type": "MultiPolygon", "coordinates": [ [ [ [ -99.628914226673317, 19.377199667628553 ], [ -99.628644732088077, 19.377199667628553 ], [ -99.628644732088077, 19.376930173043316 ], [ -99.627836248332372, 19.376930173043316 ], [ -99.627836248332372, 19.37666067845808 ], [ -99.627027764576667, 19.37666067845808 ], [ -99.627027764576667, 19.376391183872844 ], [ -99.626488775406202, 19.376391183872844 ], [ -99.626488775406202, 19.376121689287608 ], [ -99.627297259161907, 19.376121689287608 ], [ -99.627297259161907, 19.376391183872844 ], [ -99.628105742917612, 19.376391183872844 ], [ -99.628105742917612, 19.376121689287608 ], [ -99.628644732088077, 19.376121689287608 ], [ -99.628644732088077, 19.376391183872844 ], [ -99.629453215843796, 19.376391183872844 ], [ -99.629453215843796, 19.37666067845808 ], [ -99.629722710429022, 19.37666067845808 ], [ -99.629722710429022, 19.376930173043316 ], [ -99.629183721258556, 19.376930173043316 ], [ -99.629183721258556, 19.37666067845808 ], [ -99.628914226673317, 19.37666067845808 ], [ -99.628914226673317, 19.377199667628553 ] ] ] ] } },
{ "type": "Feature", "properties": { "ZONA_MET": "Toluca", "INTENSIDAD": "Intensa", "T_PROM_POL": 4.0, "T_MIN_CIUD": 1.0, "DIF_TERMIC": 2.0 }, "geometry": { "type": "MultiPolygon", "coordinates": [ [ [ [ -99.574206825870434, 19.378816635139966 ], [ -99.573937331285208, 19.378816635139966 ], [ -99.573937331285208, 19.378008151384257 ], [ -99.573667836699968, 19.378008151384257 ], [ -99.573667836699968, 19.377469162213789 ], [ -99.573937331285208, 19.377469162213789 ], [ -99.573937331285208, 19.376930173043316 ], [ -99.574206825870434, 19.376930173043316 ], [ -99.574206825870434, 19.37666067845808 ], [ -99.573937331285208, 19.37666067845808 ], [ -99.573937331285208, 19.376391183872844 ], [ -99.574206825870434, 19.376391183872844 ], [ -99.574206825870434, 19.375852194702372 ], [ -99.575015309626153, 19.375852194702372 ], [ -99.575015309626153, 19.376121689287608 ], [ -99.575284804211378, 19.376121689287608 ], [ -99.575284804211378, 19.375852194702372 ], [ -99.576093287967097, 19.375852194702372 ], [ -99.576093287967097, 19.377199667628553 ], [ -99.574745815040913, 19.377199667628553 ], [ -99.574745815040913, 19.377469162213789 ], [ -99.574476320455673, 19.377469162213789 ], [ -99.574476320455673, 19.377738656799021 ], [ -99.574206825870434, 19.377738656799021 ], [ -99.574206825870434, 19.378816635139966 ] ] ] ] } },
{ "type": "Feature", "properties": { "ZONA_MET": "Toluca", "INTENSIDAD": "Intensa", "T_PROM_POL": 4.0, "T_MIN_CIUD": 1.0, "DIF_TERMIC": 2.0 }, "geometry": { "type": "MultiPolygon", "coordinates": [ [ [ [ -99.729435706966285, 19.377199667628553 ], [ -99.72889671779582, 19.377199667628553 ], [ -99.72889671779582, 19.375582700117135 ], [ -99.729705201551525, 19.375582700117135 ], [ -99.729705201551525, 19.376391183872844 ], [ -99.729974696136765, 19.376391183872844 ], [ -99.729974696136765, 19.376930173043316 ], [ -99.729435706966285, 19.376930173043316 ], [ -99.729435706966285, 19.377199667628553 ] ] ] ] } },
{ "type": "Feature", "properties": { "ZONA_MET": "Toluca", "INTENSIDAD": "Intensa", "T_PROM_POL": 4.0, "T_MIN_CIUD": 1.0, "DIF_TERMIC": 2.0 }, "geometry": { "type": "MultiPolygon", "coordinates": [ [ [ [ -99.633226140037095, 19.37666067845808 ], [ -99.63241765628139, 19.37666067845808 ], [ -99.63241765628139, 19.376391183872844 ], [ -99.632148161696151, 19.376391183872844 ], [ -99.632148161696151, 19.376121689287608 ], [ -99.631878667110911, 19.376121689287608 ], [ -99.631878667110911, 19.375852194702372 ], [ -99.63241765628139, 19.375852194702372 ], [ -99.63241765628139, 19.375582700117135 ], [ -99.632956645451856, 19.375582700117135 ], [ -99.632956645451856, 19.376391183872844 ], [ -99.633226140037095, 19.376391183872844 ], [ -99.633226140037095, 19.37666067845808 ] ] ] ] } },
{ "type": "Feature", "properties": { "ZONA_MET": "Toluca", "INTENSIDAD": "Intensa", "T_PROM_POL": 3.0, "T_MIN_CIUD": 1.0, "DIF_TERMIC": 2.0 }, "geometry": { "type": "MultiPolygon", "coordinates": [ [ [ [ -99.551299786125398, 19.377469162213789 ], [ -99.551030291540158, 19.377469162213789 ], [ -99.551030291540158, 19.377199667628553 ], [ -99.550491302369679, 19.377199667628553 ], [ -99.550491302369679, 19.376930173043316 ], [ -99.549952313199213, 19.376930173043316 ], [ -99.549952313199213, 19.37666067845808 ], [ -99.550221807784453, 19.37666067845808 ], [ -99.550221807784453, 19.376391183872844 ], [ -99.549413324028748, 19.376391183872844 ], [ -99.549413324028748, 19.376121689287608 ], [ -99.549143829443508, 19.376121689287608 ], [ -99.549143829443508, 19.375852194702372 ], [ -99.548874334858269, 19.375852194702372 ], [ -99.548874334858269, 19.375582700117135 ], [ -99.548604840273029, 19.375582700117135 ], [ -99.548604840273029, 19.375043710946663 ], [ -99.549143829443508, 19.375043710946663 ], [ -99.549143829443508, 19.375313205531899 ], [ -99.549413324028748, 19.375313205531899 ], [ -99.549413324028748, 19.375043710946663 ], [ -99.549682818613974, 19.375043710946663 ], [ -99.549682818613974, 19.375582700117135 ], [ -99.549952313199213, 19.375582700117135 ], [ -99.549952313199213, 19.375852194702372 ], [ -99.550491302369679, 19.375852194702372 ], [ -99.550491302369679, 19.376391183872844 ], [ -99.550760796954918, 19.376391183872844 ], [ -99.550760796954918, 19.37666067845808 ], [ -99.551030291540158, 19.37666067845808 ], [ -99.551030291540158, 19.376930173043316 ], [ -99.551299786125398, 19.376930173043316 ], [ -99.551299786125398, 19.377469162213789 ] ], [ [ -99.549413324028748, 19.375852194702372 ], [ -99.549413324028748, 19.375582700117135 ], [ -99.549143829443508, 19.375582700117135 ], [ -99.549143829443508, 19.375852194702372 ], [ -99.549413324028748, 19.375852194702372 ] ] ] ] } },
{ "type": "Feature", "properties": { "ZONA_MET": "Toluca", "INTENSIDAD": "Intensa", "T_PROM_POL": 3.0, "T_MIN_CIUD": 1.0, "DIF_TERMIC": 2.0 }, "geometry": { "type": "MultiPolygon", "coordinates": [ [ [ [ -99.641849966764639, 19.37666067845808 ], [ -99.641310977594173, 19.37666067845808 ], [ -99.641310977594173, 19.376391183872844 ], [ -99.640771988423694, 19.376391183872844 ], [ -99.640771988423694, 19.376121689287608 ], [ -99.640232999253229, 19.376121689287608 ], [ -99.640232999253229, 19.376391183872844 ], [ -99.639963504667989, 19.376391183872844 ], [ -99.639963504667989, 19.376121689287608 ], [ -99.63942451549751, 19.376121689287608 ], [ -99.63942451549751, 19.375582700117135 ], [ -99.639694010082749, 19.375582700117135 ], [ -99.639694010082749, 19.375043710946663 ], [ -99.639963504667989, 19.375043710946663 ], [ -99.639963504667989, 19.375852194702372 ], [ -99.640771988423694, 19.375852194702372 ], [ -99.640771988423694, 19.375582700117135 ], [ -99.641041483008934, 19.375582700117135 ], [ -99.641041483008934, 19.375852194702372 ], [ -99.641310977594173, 19.375852194702372 ], [ -99.641310977594173, 19.376121689287608 ], [ -99.641849966764639, 19.376121689287608 ], [ -99.641849966764639, 19.37666067845808 ] ] ] ] } },
{ "type": "Feature", "properties": { "ZONA_MET": "Toluca", "INTENSIDAD": "Extrema", "T_PROM_POL": 4.0, "T_MIN_CIUD": 1.0, "DIF_TERMIC": 2.0 }, "geometry": { "type": "MultiPolygon", "coordinates": [ [ [ [ -99.574206825870434, 19.376391183872844 ], [ -99.573937331285208, 19.376391183872844 ], [ -99.573937331285208, 19.376121689287608 ], [ -99.573128847529503, 19.376121689287608 ], [ -99.573128847529503, 19.376391183872844 ], [ -99.572859352944263, 19.376391183872844 ], [ -99.572859352944263, 19.376121689287608 ], [ -99.572589858359024, 19.376121689287608 ], [ -99.572589858359024, 19.375852194702372 ], [ -99.573128847529503, 19.375852194702372 ], [ -99.573128847529503, 19.375043710946663 ], [ -99.573398342114729, 19.375043710946663 ], [ -99.573398342114729, 19.375852194702372 ], [ -99.573937331285208, 19.375852194702372 ], [ -99.573937331285208, 19.375043710946663 ], [ -99.576093287967097, 19.375043710946663 ], [ -99.576093287967097, 19.375852194702372 ], [ -99.575284804211378, 19.375852194702372 ], [ -99.575284804211378, 19.375582700117135 ], [ -99.575015309626153, 19.375582700117135 ], [ -99.575015309626153, 19.375852194702372 ], [ -99.574206825870434, 19.375852194702372 ], [ -99.574206825870434, 19.376391183872844 ] ] ] ] } },
{ "type": "Feature", "properties": { "ZONA_MET": "Toluca", "INTENSIDAD": "Extrema", "T_PROM_POL": 4.0, "T_MIN_CIUD": 1.0, "DIF_TERMIC": 2.0 }, "geometry": { "type": "MultiPolygon", "coordinates": [ [ [ [ -99.582561158012751, 19.376391183872844 ], [ -99.582022168842286, 19.376391183872844 ], [ -99.582022168842286, 19.376121689287608 ], [ -99.580944190501341, 19.376121689287608 ], [ -99.580944190501341, 19.375582700117135 ], [ -99.581213685086567, 19.375582700117135 ], [ -99.581213685086567, 19.375313205531899 ], [ -99.580944190501341, 19.375313205531899 ], [ -99.580944190501341, 19.375043710946663 ], [ -99.582561158012751, 19.375043710946663 ], [ -99.582561158012751, 19.375313205531899 ], [ -99.582291663427512, 19.375313205531899 ], [ -99.582291663427512, 19.375582700117135 ], [ -99.582022168842286, 19.375582700117135 ], [ -99.582022168842286, 19.375852194702372 ], [ -99.582561158012751, 19.375852194702372 ], [ -99.582561158012751, 19.376391183872844 ] ] ] ] } },
{ "type": "Feature", "properties": { "ZONA_MET": "Toluca", "INTENSIDAD": "Intensa", "T_PROM_POL": 4.0, "T_MIN_CIUD": 1.0, "DIF_TERMIC": 2.0 }, "geometry": { "type": "MultiPolygon", "coordinates": [ [ [ [ -99.572050869188558, 19.378008151384257 ], [ -99.571511880018079, 19.378008151384257 ], [ -99.571511880018079, 19.377738656799021 ], [ -99.571242385432839, 19.377738656799021 ], [ -99.571242385432839, 19.377469162213789 ], [ -99.570972890847614, 19.377469162213789 ], [ -99.570972890847614, 19.37666067845808 ], [ -99.570703396262374, 19.37666067845808 ], [ -99.570703396262374, 19.376121689287608 ], [ -99.570433901677134, 19.376121689287608 ], [ -99.570433901677134, 19.375852194702372 ], [ -99.570703396262374, 19.375852194702372 ], [ -99.570703396262374, 19.375582700117135 ], [ -99.570433901677134, 19.375582700117135 ], [ -99.570433901677134, 19.375313205531899 ], [ -99.570703396262374, 19.375313205531899 ], [ -99.570703396262374, 19.375043710946663 ], [ -99.571242385432839, 19.375043710946663 ], [ -99.571242385432839, 19.375313205531899 ], [ -99.570972890847614, 19.375313205531899 ], [ -99.570972890847614, 19.375852194702372 ], [ -99.571242385432839, 19.375852194702372 ], [ -99.571242385432839, 19.375582700117135 ], [ -99.571511880018079, 19.375582700117135 ], [ -99.571511880018079, 19.375852194702372 ], [ -99.572050869188558, 19.375852194702372 ], [ -99.572050869188558, 19.376391183872844 ], [ -99.571781374603319, 19.376391183872844 ], [ -99.571781374603319, 19.37666067845808 ], [ -99.571511880018079, 19.37666067845808 ], [ -99.571511880018079, 19.377469162213789 ], [ -99.571781374603319, 19.377469162213789 ], [ -99.571781374603319, 19.377738656799021 ], [ -99.572050869188558, 19.377738656799021 ], [ -99.572050869188558, 19.378008151384257 ] ] ] ] } },
{ "type": "Feature", "properties": { "ZONA_MET": "Toluca", "INTENSIDAD": "Intensa", "T_PROM_POL": 4.0, "T_MIN_CIUD": 1.0, "DIF_TERMIC": 2.0 }, "geometry": { "type": "MultiPolygon", "coordinates": [ [ [ [ -99.620020905360533, 19.376121689287608 ], [ -99.619751410775294, 19.376121689287608 ], [ -99.619751410775294, 19.375852194702372 ], [ -99.619212421604828, 19.375852194702372 ], [ -99.619212421604828, 19.375582700117135 ], [ -99.618134443263884, 19.375582700117135 ], [ -99.618134443263884, 19.375313205531899 ], [ -99.617595454093419, 19.375313205531899 ], [ -99.617595454093419, 19.375043710946663 ], [ -99.616786970337699, 19.375043710946663 ], [ -99.616786970337699, 19.374774216361427 ], [ -99.618134443263884, 19.374774216361427 ], [ -99.618134443263884, 19.375043710946663 ], [ -99.618673432434349, 19.375043710946663 ], [ -99.618673432434349, 19.375313205531899 ], [ -99.618942927019589, 19.375313205531899 ], [ -99.618942927019589, 19.375043710946663 ], [ -99.619481916190068, 19.375043710946663 ], [ -99.619481916190068, 19.375582700117135 ], [ -99.620020905360533, 19.375582700117135 ], [ -99.620020905360533, 19.376121689287608 ] ] ] ] } },
{ "type": "Feature", "properties": { "ZONA_MET": "Toluca", "INTENSIDAD": "Extrema", "T_PROM_POL": 4.0, "T_MIN_CIUD": 1.0, "DIF_TERMIC": 2.0 }, "geometry": { "type": "MultiPolygon", "coordinates": [ [ [ [ -99.579057728404692, 19.377199667628553 ], [ -99.578788233819452, 19.377199667628553 ], [ -99.578788233819452, 19.376930173043316 ], [ -99.578249244648973, 19.376930173043316 ], [ -99.578249244648973, 19.37666067845808 ], [ -99.577440760893268, 19.37666067845808 ], [ -99.577440760893268, 19.376391183872844 ], [ -99.576901771722802, 19.376391183872844 ], [ -99.576901771722802, 19.375582700117135 ], [ -99.577171266308028, 19.375582700117135 ], [ -99.577171266308028, 19.375313205531899 ], [ -99.577710255478507, 19.375313205531899 ], [ -99.577710255478507, 19.375043710946663 ], [ -99.577440760893268, 19.375043710946663 ], [ -99.577440760893268, 19.374504721776194 ], [ -99.577979750063747, 19.374504721776194 ], [ -99.577979750063747, 19.375313205531899 ], [ -99.578518739234212, 19.375313205531899 ], [ -99.578518739234212, 19.375582700117135 ], [ -99.578788233819452, 19.375582700117135 ], [ -99.578788233819452, 19.375852194702372 ], [ -99.579327222989917, 19.375852194702372 ], [ -99.579327222989917, 19.376121689287608 ], [ -99.579057728404692, 19.376121689287608 ], [ -99.579057728404692, 19.376391183872844 ], [ -99.579327222989917, 19.376391183872844 ], [ -99.579327222989917, 19.37666067845808 ], [ -99.579057728404692, 19.37666067845808 ], [ -99.579057728404692, 19.377199667628553 ] ] ] ] } },
{ "type": "Feature", "properties": { "ZONA_MET": "Toluca", "INTENSIDAD": "Intensa", "T_PROM_POL": 4.0, "T_MIN_CIUD": 1.0, "DIF_TERMIC": 2.0 }, "geometry": { "type": "MultiPolygon", "coordinates": [ [ [ [ -99.593340941422184, 19.375852194702372 ], [ -99.593071446836944, 19.375852194702372 ], [ -99.593071446836944, 19.375582700117135 ], [ -99.592801952251719, 19.375582700117135 ], [ -99.592801952251719, 19.375313205531899 ], [ -99.592262963081239, 19.375313205531899 ], [ -99.592262963081239, 19.374774216361427 ], [ -99.592801952251719, 19.374774216361427 ], [ -99.592801952251719, 19.374504721776194 ], [ -99.593340941422184, 19.374504721776194 ], [ -99.593340941422184, 19.374774216361427 ], [ -99.593071446836944, 19.374774216361427 ], [ -99.593071446836944, 19.375043710946663 ], [ -99.593340941422184, 19.375043710946663 ], [ -99.593340941422184, 19.375313205531899 ], [ -99.593610436007424, 19.375313205531899 ], [ -99.593610436007424, 19.375582700117135 ], [ -99.593340941422184, 19.375582700117135 ], [ -99.593340941422184, 19.375852194702372 ] ] ] ] } },
{ "type": "Feature", "properties": { "ZONA_MET": "Toluca", "INTENSIDAD": "Intensa", "T_PROM_POL": 4.0, "T_MIN_CIUD": 1.0, "DIF_TERMIC": 2.0 }, "geometry": { "type": "MultiPolygon", "coordinates": [ [ [ [ -99.655863685196906, 19.376930173043316 ], [ -99.655594190611666, 19.376930173043316 ], [ -99.655594190611666, 19.375852194702372 ], [ -99.655324696026426, 19.375852194702372 ], [ -99.655324696026426, 19.375582700117135 ], [ -99.655594190611666, 19.375582700117135 ], [ -99.655594190611666, 19.375313205531899 ], [ -99.655324696026426, 19.375313205531899 ], [ -99.655324696026426, 19.375043710946663 ], [ -99.655594190611666, 19.375043710946663 ], [ -99.655594190611666, 19.374235227190958 ], [ -99.656133179782145, 19.374235227190958 ], [ -99.656133179782145, 19.374504721776194 ], [ -99.655863685196906, 19.374504721776194 ], [ -99.655863685196906, 19.374774216361427 ], [ -99.656133179782145, 19.374774216361427 ], [ -99.656133179782145, 19.375043710946663 ], [ -99.656402674367371, 19.375043710946663 ], [ -99.656402674367371, 19.375852194702372 ], [ -99.65667216895261, 19.375852194702372 ], [ -99.65667216895261, 19.376391183872844 ], [ -99.655863685196906, 19.376391183872844 ], [ -99.655863685196906, 19.376930173043316 ] ] ] ] } },
{ "type": "Feature", "properties": { "ZONA_MET": "Toluca", "INTENSIDAD": "Intensa", "T_PROM_POL": 3.0, "T_MIN_CIUD": 1.0, "DIF_TERMIC": 2.0 }, "geometry": { "type": "MultiPolygon", "coordinates": [ [ [ [ -99.626758269991427, 19.379625118895675 ], [ -99.625949786235722, 19.379625118895675 ], [ -99.625949786235722, 19.379086129725202 ], [ -99.625410797065257, 19.379086129725202 ], [ -99.625410797065257, 19.378816635139966 ], [ -99.625141302480017, 19.378816635139966 ], [ -99.625141302480017, 19.378277645969494 ], [ -99.625410797065257, 19.378277645969494 ], [ -99.625410797065257, 19.37854714055473 ], [ -99.625680291650482, 19.37854714055473 ], [ -99.625680291650482, 19.378008151384257 ], [ -99.625410797065257, 19.378008151384257 ], [ -99.625410797065257, 19.377738656799021 ], [ -99.625141302480017, 19.377738656799021 ], [ -99.625141302480017, 19.377199667628553 ], [ -99.624602313309538, 19.377199667628553 ], [ -99.624602313309538, 19.377469162213789 ], [ -99.624063324139073, 19.377469162213789 ], [ -99.624063324139073, 19.377738656799021 ], [ -99.623524334968607, 19.377738656799021 ], [ -99.623524334968607, 19.377469162213789 ], [ -99.623793829553833, 19.377469162213789 ], [ -99.623793829553833, 19.377199667628553 ], [ -99.622985345798128, 19.377199667628553 ], [ -99.622985345798128, 19.37666067845808 ], [ -99.623254840383368, 19.37666067845808 ], [ -99.623254840383368, 19.376121689287608 ], [ -99.623524334968607, 19.376121689287608 ], [ -99.623524334968607, 19.375582700117135 ], [ -99.623793829553833, 19.375582700117135 ], [ -99.623793829553833, 19.374774216361427 ], [ -99.624063324139073, 19.374774216361427 ], [ -99.624063324139073, 19.374504721776194 ], [ -99.624871807894777, 19.374504721776194 ], [ -99.624871807894777, 19.373965732605722 ], [ -99.625141302480017, 19.373965732605722 ], [ -99.625141302480017, 19.374235227190958 ], [ -99.625410797065257, 19.374235227190958 ], [ -99.625410797065257, 19.375043710946663 ], [ -99.625680291650482, 19.375043710946663 ], [ -99.625680291650482, 19.375313205531899 ], [ -99.625949786235722, 19.375313205531899 ], [ -99.625949786235722, 19.375852194702372 ], [ -99.626219280820962, 19.375852194702372 ], [ -99.626219280820962, 19.377738656799021 ], [ -99.625949786235722, 19.377738656799021 ], [ -99.625949786235722, 19.378816635139966 ], [ -99.627027764576667, 19.378816635139966 ], [ -99.627027764576667, 19.37854714055473 ], [ -99.627297259161907, 19.37854714055473 ], [ -99.627297259161907, 19.378816635139966 ], [ -99.627566753747132, 19.378816635139966 ], [ -99.627566753747132, 19.379086129725202 ], [ -99.627027764576667, 19.379086129725202 ], [ -99.627027764576667, 19.379355624310438 ], [ -99.626758269991427, 19.379355624310438 ], [ -99.626758269991427, 19.379625118895675 ] ], [ [ -99.624332818724312, 19.377199667628553 ], [ -99.624332818724312, 19.376930173043316 ], [ -99.625410797065257, 19.376930173043316 ], [ -99.625410797065257, 19.375313205531899 ], [ -99.625141302480017, 19.375313205531899 ], [ -99.625141302480017, 19.375582700117135 ], [ -99.624871807894777, 19.375582700117135 ], [ -99.624871807894777, 19.375043710946663 ], [ -99.624602313309538, 19.375043710946663 ], [ -99.624602313309538, 19.374774216361427 ], [ -99.624063324139073, 19.374774216361427 ], [ -99.624063324139073, 19.376121689287608 ], [ -99.623793829553833, 19.376121689287608 ], [ -99.623793829553833, 19.376391183872844 ], [ -99.623524334968607, 19.376391183872844 ], [ -99.623524334968607, 19.376930173043316 ], [ -99.624063324139073, 19.376930173043316 ], [ -99.624063324139073, 19.377199667628553 ], [ -99.624332818724312, 19.377199667628553 ] ] ] ] } },
{ "type": "Feature", "properties": { "ZONA_MET": "Toluca", "INTENSIDAD": "Intensa", "T_PROM_POL": 4.0, "T_MIN_CIUD": 1.0, "DIF_TERMIC": 2.0 }, "geometry": { "type": "MultiPolygon", "coordinates": [ [ [ [ -99.582830652597991, 19.376391183872844 ], [ -99.582561158012751, 19.376391183872844 ], [ -99.582561158012751, 19.375852194702372 ], [ -99.582022168842286, 19.375852194702372 ], [ -99.582022168842286, 19.375582700117135 ], [ -99.582291663427512, 19.375582700117135 ], [ -99.582291663427512, 19.375313205531899 ], [ -99.582561158012751, 19.375313205531899 ], [ -99.582561158012751, 19.375043710946663 ], [ -99.581213685086567, 19.375043710946663 ], [ -99.581213685086567, 19.374504721776194 ], [ -99.580944190501341, 19.374504721776194 ], [ -99.580944190501341, 19.373965732605722 ], [ -99.582022168842286, 19.373965732605722 ], [ -99.582022168842286, 19.374235227190958 ], [ -99.582291663427512, 19.374235227190958 ], [ -99.582291663427512, 19.374774216361427 ], [ -99.582830652597991, 19.374774216361427 ], [ -99.582830652597991, 19.375043710946663 ], [ -99.583100147183217, 19.375043710946663 ], [ -99.583100147183217, 19.376121689287608 ], [ -99.582830652597991, 19.376121689287608 ], [ -99.582830652597991, 19.376391183872844 ] ] ] ] } },
{ "type": "Feature", "properties": { "ZONA_MET": "Toluca", "INTENSIDAD": "Intensa", "T_PROM_POL": 3.0, "T_MIN_CIUD": 1.0, "DIF_TERMIC": 2.0 }, "geometry": { "type": "MultiPolygon", "coordinates": [ [ [ [ -99.644005923446528, 19.376391183872844 ], [ -99.643466934276049, 19.376391183872844 ], [ -99.643466934276049, 19.376121689287608 ], [ -99.643736428861288, 19.376121689287608 ], [ -99.643736428861288, 19.375852194702372 ], [ -99.644005923446528, 19.375852194702372 ], [ -99.644005923446528, 19.374774216361427 ], [ -99.643466934276049, 19.374774216361427 ], [ -99.643466934276049, 19.374235227190958 ], [ -99.643736428861288, 19.374235227190958 ], [ -99.643736428861288, 19.374504721776194 ], [ -99.644005923446528, 19.374504721776194 ], [ -99.644005923446528, 19.374235227190958 ], [ -99.644275418031768, 19.374235227190958 ], [ -99.644275418031768, 19.373965732605722 ], [ -99.644544912616993, 19.373965732605722 ], [ -99.644544912616993, 19.374504721776194 ], [ -99.644275418031768, 19.374504721776194 ], [ -99.644275418031768, 19.375043710946663 ], [ -99.644814407202233, 19.375043710946663 ], [ -99.644814407202233, 19.375313205531899 ], [ -99.644544912616993, 19.375313205531899 ], [ -99.644544912616993, 19.375582700117135 ], [ -99.644275418031768, 19.375582700117135 ], [ -99.644275418031768, 19.376121689287608 ], [ -99.644005923446528, 19.376121689287608 ], [ -99.644005923446528, 19.376391183872844 ] ] ] ] } },
{ "type": "Feature", "properties": { "ZONA_MET": "Toluca", "INTENSIDAD": "Intensa", "T_PROM_POL": 4.0, "T_MIN_CIUD": 1.0, "DIF_TERMIC": 2.0 }, "geometry": { "type": "MultiPolygon", "coordinates": [ [ [ [ -99.728088234040115, 19.375313205531899 ], [ -99.727818739454875, 19.375313205531899 ], [ -99.727818739454875, 19.375043710946663 ], [ -99.727549244869635, 19.375043710946663 ], [ -99.727549244869635, 19.374774216361427 ], [ -99.72674076111393, 19.374774216361427 ], [ -99.72674076111393, 19.374235227190958 ], [ -99.726471266528691, 19.374235227190958 ], [ -99.726471266528691, 19.373965732605722 ], [ -99.72701025569917, 19.373965732605722 ], [ -99.72701025569917, 19.374235227190958 ], [ -99.72862722321058, 19.374235227190958 ], [ -99.72862722321058, 19.373965732605722 ], [ -99.729705201551525, 19.373965732605722 ], [ -99.729705201551525, 19.374235227190958 ], [ -99.72889671779582, 19.374235227190958 ], [ -99.72889671779582, 19.375043710946663 ], [ -99.728088234040115, 19.375043710946663 ], [ -99.728088234040115, 19.375313205531899 ] ], [ [ -99.728088234040115, 19.374774216361427 ], [ -99.728088234040115, 19.374504721776194 ], [ -99.727818739454875, 19.374504721776194 ], [ -99.727818739454875, 19.374774216361427 ], [ -99.728088234040115, 19.374774216361427 ] ] ] ] } },
{ "type": "Feature", "properties": { "ZONA_MET": "Toluca", "INTENSIDAD": "Intensa", "T_PROM_POL": 4.0, "T_MIN_CIUD": 1.0, "DIF_TERMIC": 2.0 }, "geometry": { "type": "MultiPolygon", "coordinates": [ [ [ [ -99.638885526327044, 19.375852194702372 ], [ -99.638616031741805, 19.375852194702372 ], [ -99.638616031741805, 19.375313205531899 ], [ -99.638346537156579, 19.375313205531899 ], [ -99.638346537156579, 19.375043710946663 ], [ -99.638616031741805, 19.375043710946663 ], [ -99.638616031741805, 19.374774216361427 ], [ -99.638885526327044, 19.374774216361427 ], [ -99.638885526327044, 19.374235227190958 ], [ -99.639155020912284, 19.374235227190958 ], [ -99.639155020912284, 19.373965732605722 ], [ -99.639963504667989, 19.373965732605722 ], [ -99.639963504667989, 19.374235227190958 ], [ -99.639694010082749, 19.374235227190958 ], [ -99.639694010082749, 19.374504721776194 ], [ -99.63942451549751, 19.374504721776194 ], [ -99.63942451549751, 19.375043710946663 ], [ -99.638885526327044, 19.375043710946663 ], [ -99.638885526327044, 19.375852194702372 ] ] ] ] } },
{ "type": "Feature", "properties": { "ZONA_MET": "Toluca", "INTENSIDAD": "Extrema", "T_PROM_POL": 4.0, "T_MIN_CIUD": 1.0, "DIF_TERMIC": 2.0 }, "geometry": { "type": "MultiPolygon", "coordinates": [ [ [ [ -99.580944190501341, 19.375582700117135 ], [ -99.580135706745622, 19.375582700117135 ], [ -99.580135706745622, 19.375313205531899 ], [ -99.579866212160397, 19.375313205531899 ], [ -99.579866212160397, 19.375043710946663 ], [ -99.579596717575157, 19.375043710946663 ], [ -99.579596717575157, 19.374774216361427 ], [ -99.579057728404692, 19.374774216361427 ], [ -99.579057728404692, 19.373965732605722 ], [ -99.578788233819452, 19.373965732605722 ], [ -99.578788233819452, 19.373696238020486 ], [ -99.579057728404692, 19.373696238020486 ], [ -99.579057728404692, 19.37342674343525 ], [ -99.579327222989917, 19.37342674343525 ], [ -99.579327222989917, 19.373696238020486 ], [ -99.579866212160397, 19.373696238020486 ], [ -99.579866212160397, 19.373965732605722 ], [ -99.580135706745622, 19.373965732605722 ], [ -99.580135706745622, 19.374235227190958 ], [ -99.580944190501341, 19.374235227190958 ], [ -99.580944190501341, 19.374504721776194 ], [ -99.580674695916102, 19.374504721776194 ], [ -99.580674695916102, 19.375313205531899 ], [ -99.580944190501341, 19.375313205531899 ], [ -99.580944190501341, 19.375582700117135 ] ] ] ] } },
{ "type": "Feature", "properties": { "ZONA_MET": "Toluca", "INTENSIDAD": "Intensa", "T_PROM_POL": 4.0, "T_MIN_CIUD": 1.0, "DIF_TERMIC": 2.0 }, "geometry": { "type": "MultiPolygon", "coordinates": [ [ [ [ -99.629453215843796, 19.375043710946663 ], [ -99.628375237502851, 19.375043710946663 ], [ -99.628375237502851, 19.373696238020486 ], [ -99.628644732088077, 19.373696238020486 ], [ -99.628644732088077, 19.37342674343525 ], [ -99.629722710429022, 19.37342674343525 ], [ -99.629722710429022, 19.373965732605722 ], [ -99.630261699599501, 19.373965732605722 ], [ -99.630261699599501, 19.374235227190958 ], [ -99.629453215843796, 19.374235227190958 ], [ -99.629453215843796, 19.373965732605722 ], [ -99.628914226673317, 19.373965732605722 ], [ -99.628914226673317, 19.374504721776194 ], [ -99.629453215843796, 19.374504721776194 ], [ -99.629453215843796, 19.375043710946663 ] ] ] ] } },
{ "type": "Feature", "properties": { "ZONA_MET": "Toluca", "INTENSIDAD": "Intensa", "T_PROM_POL": 4.0, "T_MIN_CIUD": 1.0, "DIF_TERMIC": 2.0 }, "geometry": { "type": "MultiPolygon", "coordinates": [ [ [ [ -99.610319100292045, 19.375043710946663 ], [ -99.60951061653634, 19.375043710946663 ], [ -99.60951061653634, 19.373965732605722 ], [ -99.609780111121566, 19.373965732605722 ], [ -99.609780111121566, 19.37342674343525 ], [ -99.609241121951101, 19.37342674343525 ], [ -99.609241121951101, 19.373157248850013 ], [ -99.610049605706806, 19.373157248850013 ], [ -99.610049605706806, 19.374504721776194 ], [ -99.609780111121566, 19.374504721776194 ], [ -99.609780111121566, 19.374774216361427 ], [ -99.610319100292045, 19.374774216361427 ], [ -99.610319100292045, 19.375043710946663 ] ] ] ] } },
{ "type": "Feature", "properties": { "ZONA_MET": "Toluca", "INTENSIDAD": "Intensa", "T_PROM_POL": 3.0, "T_MIN_CIUD": 1.0, "DIF_TERMIC": 2.0 }, "geometry": { "type": "MultiPolygon", "coordinates": [ [ [ [ -99.669607909043933, 19.375582700117135 ], [ -99.669338414458693, 19.375582700117135 ], [ -99.669338414458693, 19.374774216361427 ], [ -99.669068919873453, 19.374774216361427 ], [ -99.669068919873453, 19.37342674343525 ], [ -99.668529930702988, 19.37342674343525 ], [ -99.668529930702988, 19.373157248850013 ], [ -99.669068919873453, 19.373157248850013 ], [ -99.669068919873453, 19.372887754264777 ], [ -99.669338414458693, 19.372887754264777 ], [ -99.669338414458693, 19.37342674343525 ], [ -99.669877403629172, 19.37342674343525 ], [ -99.669877403629172, 19.373696238020486 ], [ -99.669338414458693, 19.373696238020486 ], [ -99.669338414458693, 19.374504721776194 ], [ -99.669607909043933, 19.374504721776194 ], [ -99.669607909043933, 19.375582700117135 ] ] ] ] } },
{ "type": "Feature", "properties": { "ZONA_MET": "Toluca", "INTENSIDAD": "Intensa", "T_PROM_POL": 4.0, "T_MIN_CIUD": 1.0, "DIF_TERMIC": 2.0 }, "geometry": { "type": "MultiPolygon", "coordinates": [ [ [ [ -99.619751410775294, 19.372887754264777 ], [ -99.618673432434349, 19.372887754264777 ], [ -99.618673432434349, 19.372618259679541 ], [ -99.618403937849124, 19.372618259679541 ], [ -99.618403937849124, 19.372887754264777 ], [ -99.618134443263884, 19.372887754264777 ], [ -99.618134443263884, 19.372079270509069 ], [ -99.618942927019589, 19.372079270509069 ], [ -99.618942927019589, 19.372348765094305 ], [ -99.619481916190068, 19.372348765094305 ], [ -99.619481916190068, 19.372618259679541 ], [ -99.619751410775294, 19.372618259679541 ], [ -99.619751410775294, 19.372887754264777 ] ] ] ] } },
{ "type": "Feature", "properties": { "ZONA_MET": "Toluca", "INTENSIDAD": "Intensa", "T_PROM_POL": 4.0, "T_MIN_CIUD": 1.0, "DIF_TERMIC": 2.0 }, "geometry": { "type": "MultiPolygon", "coordinates": [ [ [ [ -99.623793829553833, 19.373157248850013 ], [ -99.623524334968607, 19.373157248850013 ], [ -99.623524334968607, 19.372618259679541 ], [ -99.622715851212888, 19.372618259679541 ], [ -99.622715851212888, 19.372079270509069 ], [ -99.623254840383368, 19.372079270509069 ], [ -99.623254840383368, 19.372348765094305 ], [ -99.623793829553833, 19.372348765094305 ], [ -99.623793829553833, 19.372079270509069 ], [ -99.624063324139073, 19.372079270509069 ], [ -99.624063324139073, 19.372348765094305 ], [ -99.624332818724312, 19.372348765094305 ], [ -99.624332818724312, 19.372618259679541 ], [ -99.624063324139073, 19.372618259679541 ], [ -99.624063324139073, 19.372887754264777 ], [ -99.623793829553833, 19.372887754264777 ], [ -99.623793829553833, 19.373157248850013 ] ] ] ] } },
{ "type": "Feature", "properties": { "ZONA_MET": "Toluca", "INTENSIDAD": "Extrema", "T_PROM_POL": 4.0, "T_MIN_CIUD": 1.0, "DIF_TERMIC": 2.0 }, "geometry": { "type": "MultiPolygon", "coordinates": [ [ [ [ -99.570164407091909, 19.373965732605722 ], [ -99.56935592333619, 19.373965732605722 ], [ -99.56935592333619, 19.373696238020486 ], [ -99.568277944995245, 19.373696238020486 ], [ -99.568277944995245, 19.37342674343525 ], [ -99.568008450410019, 19.37342674343525 ], [ -99.568008450410019, 19.372887754264777 ], [ -99.568547439580485, 19.372887754264777 ], [ -99.568547439580485, 19.372348765094305 ], [ -99.568816934165724, 19.372348765094305 ], [ -99.568816934165724, 19.372079270509069 ], [ -99.569086428750964, 19.372079270509069 ], [ -99.569086428750964, 19.371809775923833 ], [ -99.569625417921429, 19.371809775923833 ], [ -99.569625417921429, 19.372079270509069 ], [ -99.569894912506669, 19.372079270509069 ], [ -99.569894912506669, 19.372348765094305 ], [ -99.570164407091909, 19.372348765094305 ], [ -99.570164407091909, 19.373157248850013 ], [ -99.571242385432839, 19.373157248850013 ], [ -99.571242385432839, 19.373696238020486 ], [ -99.570703396262374, 19.373696238020486 ], [ -99.570703396262374, 19.37342674343525 ], [ -99.570433901677134, 19.37342674343525 ], [ -99.570433901677134, 19.373696238020486 ], [ -99.570164407091909, 19.373696238020486 ], [ -99.570164407091909, 19.373965732605722 ] ] ] ] } },
{ "type": "Feature", "properties": { "ZONA_MET": "Toluca", "INTENSIDAD": "Extrema", "T_PROM_POL": 4.0, "T_MIN_CIUD": 1.0, "DIF_TERMIC": 2.0 }, "geometry": { "type": "MultiPolygon", "coordinates": [ [ [ [ -99.577171266308028, 19.373696238020486 ], [ -99.576632277137563, 19.373696238020486 ], [ -99.576632277137563, 19.37342674343525 ], [ -99.576362782552323, 19.37342674343525 ], [ -99.576362782552323, 19.372887754264777 ], [ -99.576093287967097, 19.372887754264777 ], [ -99.576093287967097, 19.372618259679541 ], [ -99.576362782552323, 19.372618259679541 ], [ -99.576362782552323, 19.372348765094305 ], [ -99.576632277137563, 19.372348765094305 ], [ -99.576632277137563, 19.372079270509069 ], [ -99.576901771722802, 19.372079270509069 ], [ -99.576901771722802, 19.371809775923833 ], [ -99.577171266308028, 19.371809775923833 ], [ -99.577171266308028, 19.372079270509069 ], [ -99.577440760893268, 19.372079270509069 ], [ -99.577440760893268, 19.372887754264777 ], [ -99.577171266308028, 19.372887754264777 ], [ -99.577171266308028, 19.373157248850013 ], [ -99.576901771722802, 19.373157248850013 ], [ -99.576901771722802, 19.37342674343525 ], [ -99.577171266308028, 19.37342674343525 ], [ -99.577171266308028, 19.373696238020486 ] ], [ [ -99.577171266308028, 19.372887754264777 ], [ -99.577171266308028, 19.372618259679541 ], [ -99.576901771722802, 19.372618259679541 ], [ -99.576901771722802, 19.372887754264777 ], [ -99.577171266308028, 19.372887754264777 ] ] ] ] } },
{ "type": "Feature", "properties": { "ZONA_MET": "Toluca", "INTENSIDAD": "Intensa", "T_PROM_POL": 3.0, "T_MIN_CIUD": 1.0, "DIF_TERMIC": 2.0 }, "geometry": { "type": "MultiPolygon", "coordinates": [ [ [ [ -99.61490050824105, 19.372348765094305 ], [ -99.614361519070584, 19.372348765094305 ], [ -99.614361519070584, 19.372079270509069 ], [ -99.614092024485345, 19.372079270509069 ], [ -99.614092024485345, 19.371809775923833 ], [ -99.613553035314879, 19.371809775923833 ], [ -99.613553035314879, 19.372079270509069 ], [ -99.61328354072964, 19.372079270509069 ], [ -99.61328354072964, 19.371809775923833 ], [ -99.6130140461444, 19.371809775923833 ], [ -99.6130140461444, 19.371270786753364 ], [ -99.61328354072964, 19.371270786753364 ], [ -99.61328354072964, 19.371540281338596 ], [ -99.614361519070584, 19.371540281338596 ], [ -99.614361519070584, 19.371809775923833 ], [ -99.61490050824105, 19.371809775923833 ], [ -99.61490050824105, 19.372348765094305 ] ] ] ] } },
{ "type": "Feature", "properties": { "ZONA_MET": "Toluca", "INTENSIDAD": "Intensa", "T_PROM_POL": 4.0, "T_MIN_CIUD": 1.0, "DIF_TERMIC": 2.0 }, "geometry": { "type": "MultiPolygon", "coordinates": [ [ [ [ -99.631609172525671, 19.376121689287608 ], [ -99.631070183355206, 19.376121689287608 ], [ -99.631070183355206, 19.375582700117135 ], [ -99.631339677940446, 19.375582700117135 ], [ -99.631339677940446, 19.375043710946663 ], [ -99.631070183355206, 19.375043710946663 ], [ -99.631070183355206, 19.374774216361427 ], [ -99.630800688769966, 19.374774216361427 ], [ -99.630800688769966, 19.374235227190958 ], [ -99.631070183355206, 19.374235227190958 ], [ -99.631070183355206, 19.374504721776194 ], [ -99.631609172525671, 19.374504721776194 ], [ -99.631609172525671, 19.374774216361427 ], [ -99.631878667110911, 19.374774216361427 ], [ -99.631878667110911, 19.373696238020486 ], [ -99.631609172525671, 19.373696238020486 ], [ -99.631609172525671, 19.37342674343525 ], [ -99.632687150866616, 19.37342674343525 ], [ -99.632687150866616, 19.373157248850013 ], [ -99.632956645451856, 19.373157248850013 ], [ -99.632956645451856, 19.372887754264777 ], [ -99.633226140037095, 19.372887754264777 ], [ -99.633226140037095, 19.372618259679541 ], [ -99.633495634622321, 19.372618259679541 ], [ -99.633495634622321, 19.372348765094305 ], [ -99.633765129207561, 19.372348765094305 ], [ -99.633765129207561, 19.371270786753364 ], [ -99.6340346237928, 19.371270786753364 ], [ -99.6340346237928, 19.370731797582891 ], [ -99.634573612963266, 19.370731797582891 ], [ -99.634573612963266, 19.371001292168128 ], [ -99.63565159130421, 19.371001292168128 ], [ -99.63565159130421, 19.371270786753364 ], [ -99.63592108588945, 19.371270786753364 ], [ -99.63592108588945, 19.371540281338596 ], [ -99.63619058047469, 19.371540281338596 ], [ -99.63619058047469, 19.371809775923833 ], [ -99.636460075059915, 19.371809775923833 ], [ -99.636460075059915, 19.372079270509069 ], [ -99.63592108588945, 19.372079270509069 ], [ -99.63592108588945, 19.372348765094305 ], [ -99.636460075059915, 19.372348765094305 ], [ -99.636460075059915, 19.372618259679541 ], [ -99.63619058047469, 19.372618259679541 ], [ -99.63619058047469, 19.372887754264777 ], [ -99.63592108588945, 19.372887754264777 ], [ -99.63592108588945, 19.372618259679541 ], [ -99.635382096718985, 19.372618259679541 ], [ -99.635382096718985, 19.371809775923833 ], [ -99.63565159130421, 19.371809775923833 ], [ -99.63565159130421, 19.371540281338596 ], [ -99.635112602133745, 19.371540281338596 ], [ -99.635112602133745, 19.372079270509069 ], [ -99.63430411837804, 19.372079270509069 ], [ -99.63430411837804, 19.372348765094305 ], [ -99.6340346237928, 19.372348765094305 ], [ -99.6340346237928, 19.372887754264777 ], [ -99.633765129207561, 19.372887754264777 ], [ -99.633765129207561, 19.373965732605722 ], [ -99.63241765628139, 19.373965732605722 ], [ -99.63241765628139, 19.374774216361427 ], [ -99.632148161696151, 19.374774216361427 ], [ -99.632148161696151, 19.375043710946663 ], [ -99.631878667110911, 19.375043710946663 ], [ -99.631878667110911, 19.375852194702372 ], [ -99.631609172525671, 19.375852194702372 ], [ -99.631609172525671, 19.376121689287608 ] ] ] ] } },
{ "type": "Feature", "properties": { "ZONA_MET": "Toluca", "INTENSIDAD": "Intensa", "T_PROM_POL": 4.0, "T_MIN_CIUD": 1.0, "DIF_TERMIC": 2.0 }, "geometry": { "type": "MultiPolygon", "coordinates": [ [ [ [ -99.65909762021974, 19.372348765094305 ], [ -99.6588281256345, 19.372348765094305 ], [ -99.6588281256345, 19.372079270509069 ], [ -99.65855863104926, 19.372079270509069 ], [ -99.65855863104926, 19.371809775923833 ], [ -99.6588281256345, 19.371809775923833 ], [ -99.6588281256345, 19.371540281338596 ], [ -99.65855863104926, 19.371540281338596 ], [ -99.65855863104926, 19.371270786753364 ], [ -99.65828913646402, 19.371270786753364 ], [ -99.65828913646402, 19.371001292168128 ], [ -99.65855863104926, 19.371001292168128 ], [ -99.65855863104926, 19.370731797582891 ], [ -99.659367114804965, 19.370731797582891 ], [ -99.659367114804965, 19.371001292168128 ], [ -99.6588281256345, 19.371001292168128 ], [ -99.6588281256345, 19.371270786753364 ], [ -99.65909762021974, 19.371270786753364 ], [ -99.65909762021974, 19.371540281338596 ], [ -99.659636609390205, 19.371540281338596 ], [ -99.659636609390205, 19.371809775923833 ], [ -99.659367114804965, 19.371809775923833 ], [ -99.659367114804965, 19.372079270509069 ], [ -99.65909762021974, 19.372079270509069 ], [ -99.65909762021974, 19.372348765094305 ] ] ] ] } },
{ "type": "Feature", "properties": { "ZONA_MET": "Toluca", "INTENSIDAD": "Intensa", "T_PROM_POL": 4.0, "T_MIN_CIUD": 1.0, "DIF_TERMIC": 2.0 }, "geometry": { "type": "MultiPolygon", "coordinates": [ [ [ [ -99.771207367677846, 19.371270786753364 ], [ -99.769590400166436, 19.371270786753364 ], [ -99.769590400166436, 19.370462302997655 ], [ -99.770129389336901, 19.370462302997655 ], [ -99.770129389336901, 19.370731797582891 ], [ -99.770398883922141, 19.370731797582891 ], [ -99.770398883922141, 19.371001292168128 ], [ -99.770668378507381, 19.371001292168128 ], [ -99.770668378507381, 19.370731797582891 ], [ -99.770937873092606, 19.370731797582891 ], [ -99.770937873092606, 19.371001292168128 ], [ -99.771207367677846, 19.371001292168128 ], [ -99.771207367677846, 19.371270786753364 ] ] ] ] } },
{ "type": "Feature", "properties": { "ZONA_MET": "Toluca", "INTENSIDAD": "Intensa", "T_PROM_POL": 4.0, "T_MIN_CIUD": 1.0, "DIF_TERMIC": 2.0 }, "geometry": { "type": "MultiPolygon", "coordinates": [ [ [ [ -99.628914226673317, 19.371540281338596 ], [ -99.628644732088077, 19.371540281338596 ], [ -99.628644732088077, 19.371270786753364 ], [ -99.628105742917612, 19.371270786753364 ], [ -99.628105742917612, 19.370731797582891 ], [ -99.629183721258556, 19.370731797582891 ], [ -99.629183721258556, 19.370462302997655 ], [ -99.629453215843796, 19.370462302997655 ], [ -99.629453215843796, 19.370731797582891 ], [ -99.629722710429022, 19.370731797582891 ], [ -99.629722710429022, 19.371270786753364 ], [ -99.628914226673317, 19.371270786753364 ], [ -99.628914226673317, 19.371540281338596 ] ] ] ] } },
{ "type": "Feature", "properties": { "ZONA_MET": "Toluca", "INTENSIDAD": "Intensa", "T_PROM_POL": 4.0, "T_MIN_CIUD": 1.0, "DIF_TERMIC": 2.0 }, "geometry": { "type": "MultiPolygon", "coordinates": [ [ [ [ -99.617595454093419, 19.37342674343525 ], [ -99.617325959508179, 19.37342674343525 ], [ -99.617325959508179, 19.373157248850013 ], [ -99.617056464922939, 19.373157248850013 ], [ -99.617056464922939, 19.37342674343525 ], [ -99.616786970337699, 19.37342674343525 ], [ -99.616786970337699, 19.372348765094305 ], [ -99.616517475752474, 19.372348765094305 ], [ -99.616517475752474, 19.372079270509069 ], [ -99.616786970337699, 19.372079270509069 ], [ -99.616786970337699, 19.371809775923833 ], [ -99.616247981167234, 19.371809775923833 ], [ -99.616247981167234, 19.371540281338596 ], [ -99.615708991996755, 19.371540281338596 ], [ -99.615708991996755, 19.372887754264777 ], [ -99.61490050824105, 19.372887754264777 ], [ -99.61490050824105, 19.372348765094305 ], [ -99.615439497411529, 19.372348765094305 ], [ -99.615439497411529, 19.371540281338596 ], [ -99.615170002826289, 19.371540281338596 ], [ -99.615170002826289, 19.371001292168128 ], [ -99.614631013655824, 19.371001292168128 ], [ -99.614631013655824, 19.370731797582891 ], [ -99.614092024485345, 19.370731797582891 ], [ -99.614092024485345, 19.370462302997655 ], [ -99.614361519070584, 19.370462302997655 ], [ -99.614361519070584, 19.370192808412419 ], [ -99.61490050824105, 19.370192808412419 ], [ -99.61490050824105, 19.370462302997655 ], [ -99.615170002826289, 19.370462302997655 ], [ -99.615170002826289, 19.370192808412419 ], [ -99.615439497411529, 19.370192808412419 ], [ -99.615439497411529, 19.370462302997655 ], [ -99.615708991996755, 19.370462302997655 ], [ -99.615708991996755, 19.370731797582891 ], [ -99.616247981167234, 19.370731797582891 ], [ -99.616247981167234, 19.371270786753364 ], [ -99.616786970337699, 19.371270786753364 ], [ -99.616786970337699, 19.371540281338596 ], [ -99.617056464922939, 19.371540281338596 ], [ -99.617056464922939, 19.371270786753364 ], [ -99.617864948678644, 19.371270786753364 ], [ -99.617864948678644, 19.371540281338596 ], [ -99.618134443263884, 19.371540281338596 ], [ -99.618134443263884, 19.372079270509069 ], [ -99.617325959508179, 19.372079270509069 ], [ -99.617325959508179, 19.371809775923833 ], [ -99.617056464922939, 19.371809775923833 ], [ -99.617056464922939, 19.372887754264777 ], [ -99.617595454093419, 19.372887754264777 ], [ -99.617595454093419, 19.37342674343525 ] ] ] ] } },
{ "type": "Feature", "properties": { "ZONA_MET": "Toluca", "INTENSIDAD": "Intensa", "T_PROM_POL": 4.0, "T_MIN_CIUD": 1.0, "DIF_TERMIC": 2.0 }, "geometry": { "type": "MultiPolygon", "coordinates": [ [ [ [ -99.624332818724312, 19.371540281338596 ], [ -99.624063324139073, 19.371540281338596 ], [ -99.624063324139073, 19.370462302997655 ], [ -99.624332818724312, 19.370462302997655 ], [ -99.624332818724312, 19.370192808412419 ], [ -99.625141302480017, 19.370192808412419 ], [ -99.625141302480017, 19.370731797582891 ], [ -99.624602313309538, 19.370731797582891 ], [ -99.624602313309538, 19.371270786753364 ], [ -99.624332818724312, 19.371270786753364 ], [ -99.624332818724312, 19.371540281338596 ] ] ] ] } },
{ "type": "Feature", "properties": { "ZONA_MET": "Toluca", "INTENSIDAD": "Intensa", "T_PROM_POL": 4.0, "T_MIN_CIUD": 1.0, "DIF_TERMIC": 2.0 }, "geometry": { "type": "MultiPolygon", "coordinates": [ [ [ [ -99.579327222989917, 19.378277645969494 ], [ -99.579057728404692, 19.378277645969494 ], [ -99.579057728404692, 19.377738656799021 ], [ -99.578788233819452, 19.377738656799021 ], [ -99.578788233819452, 19.377469162213789 ], [ -99.578518739234212, 19.377469162213789 ], [ -99.578518739234212, 19.377199667628553 ], [ -99.577979750063747, 19.377199667628553 ], [ -99.577979750063747, 19.376930173043316 ], [ -99.577171266308028, 19.376930173043316 ], [ -99.577171266308028, 19.37666067845808 ], [ -99.576362782552323, 19.37666067845808 ], [ -99.576362782552323, 19.375043710946663 ], [ -99.573937331285208, 19.375043710946663 ], [ -99.573937331285208, 19.375852194702372 ], [ -99.573398342114729, 19.375852194702372 ], [ -99.573398342114729, 19.375043710946663 ], [ -99.573128847529503, 19.375043710946663 ], [ -99.573128847529503, 19.375852194702372 ], [ -99.572589858359024, 19.375852194702372 ], [ -99.572589858359024, 19.375582700117135 ], [ -99.572859352944263, 19.375582700117135 ], [ -99.572859352944263, 19.375313205531899 ], [ -99.572589858359024, 19.375313205531899 ], [ -99.572589858359024, 19.375043710946663 ], [ -99.572050869188558, 19.375043710946663 ], [ -99.572050869188558, 19.374235227190958 ], [ -99.571781374603319, 19.374235227190958 ], [ -99.571781374603319, 19.374774216361427 ], [ -99.571511880018079, 19.374774216361427 ], [ -99.571511880018079, 19.375043710946663 ], [ -99.571242385432839, 19.375043710946663 ], [ -99.571242385432839, 19.374774216361427 ], [ -99.570433901677134, 19.374774216361427 ], [ -99.570433901677134, 19.375313205531899 ], [ -99.570164407091909, 19.375313205531899 ], [ -99.570164407091909, 19.375043710946663 ], [ -99.569894912506669, 19.375043710946663 ], [ -99.569894912506669, 19.374774216361427 ], [ -99.569625417921429, 19.374774216361427 ], [ -99.569625417921429, 19.374235227190958 ], [ -99.56935592333619, 19.374235227190958 ], [ -99.56935592333619, 19.373965732605722 ], [ -99.571242385432839, 19.373965732605722 ], [ -99.571242385432839, 19.373157248850013 ], [ -99.570164407091909, 19.373157248850013 ], [ -99.570164407091909, 19.372348765094305 ], [ -99.569894912506669, 19.372348765094305 ], [ -99.569894912506669, 19.372079270509069 ], [ -99.569625417921429, 19.372079270509069 ], [ -99.569625417921429, 19.371809775923833 ], [ -99.56935592333619, 19.371809775923833 ], [ -99.56935592333619, 19.371540281338596 ], [ -99.570164407091909, 19.371540281338596 ], [ -99.570164407091909, 19.371270786753364 ], [ -99.570433901677134, 19.371270786753364 ], [ -99.570433901677134, 19.371001292168128 ], [ -99.570164407091909, 19.371001292168128 ], [ -99.570164407091909, 19.370462302997655 ], [ -99.569894912506669, 19.370462302997655 ], [ -99.569894912506669, 19.371001292168128 ], [ -99.569086428750964, 19.371001292168128 ], [ -99.569086428750964, 19.371270786753364 ], [ -99.568816934165724, 19.371270786753364 ], [ -99.568816934165724, 19.371001292168128 ], [ -99.568547439580485, 19.371001292168128 ], [ -99.568547439580485, 19.371540281338596 ], [ -99.568816934165724, 19.371540281338596 ], [ -99.568816934165724, 19.371809775923833 ], [ -99.569086428750964, 19.371809775923833 ], [ -99.569086428750964, 19.372079270509069 ], [ -99.568816934165724, 19.372079270509069 ], [ -99.568816934165724, 19.372348765094305 ], [ -99.568547439580485, 19.372348765094305 ], [ -99.568547439580485, 19.372887754264777 ], [ -99.568008450410019, 19.372887754264777 ], [ -99.568008450410019, 19.37342674343525 ], [ -99.56773895582478, 19.37342674343525 ], [ -99.56773895582478, 19.373157248850013 ], [ -99.56746946123954, 19.373157248850013 ], [ -99.56746946123954, 19.372887754264777 ], [ -99.56773895582478, 19.372887754264777 ], [ -99.56773895582478, 19.372618259679541 ], [ -99.568008450410019, 19.372618259679541 ], [ -99.568008450410019, 19.371001292168128 ], [ -99.56746946123954, 19.371001292168128 ], [ -99.56746946123954, 19.370731797582891 ], [ -99.568547439580485, 19.370731797582891 ], [ -99.568547439580485, 19.370192808412419 ], [ -99.568816934165724, 19.370192808412419 ], [ -99.568816934165724, 19.369923313827183 ], [ -99.569894912506669, 19.369923313827183 ], [ -99.569894912506669, 19.369653819241947 ], [ -99.570164407091909, 19.369653819241947 ], [ -99.570164407091909, 19.369923313827183 ], [ -99.570972890847614, 19.369923313827183 ], [ -99.570972890847614, 19.371809775923833 ], [ -99.572050869188558, 19.371809775923833 ], [ -99.572050869188558, 19.371540281338596 ], [ -99.572320363773784, 19.371540281338596 ], [ -99.572320363773784, 19.372079270509069 ], [ -99.572050869188558, 19.372079270509069 ], [ -99.572050869188558, 19.373157248850013 ], [ -99.572589858359024, 19.373157248850013 ], [ -99.572589858359024, 19.372348765094305 ], [ -99.572859352944263, 19.372348765094305 ], [ -99.572859352944263, 19.372079270509069 ], [ -99.573128847529503, 19.372079270509069 ], [ -99.573128847529503, 19.371540281338596 ], [ -99.573398342114729, 19.371540281338596 ], [ -99.573398342114729, 19.371270786753364 ], [ -99.573128847529503, 19.371270786753364 ], [ -99.573128847529503, 19.371001292168128 ], [ -99.573398342114729, 19.371001292168128 ], [ -99.573398342114729, 19.370462302997655 ], [ -99.573128847529503, 19.370462302997655 ], [ -99.573128847529503, 19.370192808412419 ], [ -99.572859352944263, 19.370192808412419 ], [ -99.572859352944263, 19.369653819241947 ], [ -99.573128847529503, 19.369653819241947 ], [ -99.573128847529503, 19.369923313827183 ], [ -99.573398342114729, 19.369923313827183 ], [ -99.573398342114729, 19.370192808412419 ], [ -99.573937331285208, 19.370192808412419 ], [ -99.573937331285208, 19.369923313827183 ], [ -99.574745815040913, 19.369923313827183 ], [ -99.574745815040913, 19.370192808412419 ], [ -99.575284804211378, 19.370192808412419 ], [ -99.575284804211378, 19.370462302997655 ], [ -99.575554298796618, 19.370462302997655 ], [ -99.575554298796618, 19.370731797582891 ], [ -99.576093287967097, 19.370731797582891 ], [ -99.576093287967097, 19.371540281338596 ], [ -99.575284804211378, 19.371540281338596 ], [ -99.575284804211378, 19.372079270509069 ], [ -99.575554298796618, 19.372079270509069 ], [ -99.575554298796618, 19.372348765094305 ], [ -99.576362782552323, 19.372348765094305 ], [ -99.576362782552323, 19.372618259679541 ], [ -99.576093287967097, 19.372618259679541 ], [ -99.576093287967097, 19.372887754264777 ], [ -99.576362782552323, 19.372887754264777 ], [ -99.576362782552323, 19.37342674343525 ], [ -99.576632277137563, 19.37342674343525 ], [ -99.576632277137563, 19.373696238020486 ], [ -99.577440760893268, 19.373696238020486 ], [ -99.577440760893268, 19.373965732605722 ], [ -99.577710255478507, 19.373965732605722 ], [ -99.577710255478507, 19.373696238020486 ], [ -99.577979750063747, 19.373696238020486 ], [ -99.577979750063747, 19.373157248850013 ], [ -99.578788233819452, 19.373157248850013 ], [ -99.578788233819452, 19.372887754264777 ], [ -99.579327222989917, 19.372887754264777 ], [ -99.579327222989917, 19.37342674343525 ], [ -99.579057728404692, 19.37342674343525 ], [ -99.579057728404692, 19.373696238020486 ], [ -99.578788233819452, 19.373696238020486 ], [ -99.578788233819452, 19.373965732605722 ], [ -99.579057728404692, 19.373965732605722 ], [ -99.579057728404692, 19.374774216361427 ], [ -99.579596717575157, 19.374774216361427 ], [ -99.579596717575157, 19.375043710946663 ], [ -99.579866212160397, 19.375043710946663 ], [ -99.579866212160397, 19.375313205531899 ], [ -99.579596717575157, 19.375313205531899 ], [ -99.579596717575157, 19.375582700117135 ], [ -99.579327222989917, 19.375582700117135 ], [ -99.579327222989917, 19.375852194702372 ], [ -99.578788233819452, 19.375852194702372 ], [ -99.578788233819452, 19.375582700117135 ], [ -99.578518739234212, 19.375582700117135 ], [ -99.578518739234212, 19.375313205531899 ], [ -99.577979750063747, 19.375313205531899 ], [ -99.577979750063747, 19.374504721776194 ], [ -99.577440760893268, 19.374504721776194 ], [ -99.577440760893268, 19.374235227190958 ], [ -99.576901771722802, 19.374235227190958 ], [ -99.576901771722802, 19.373965732605722 ], [ -99.576632277137563, 19.373965732605722 ], [ -99.576632277137563, 19.374504721776194 ], [ -99.576901771722802, 19.374504721776194 ], [ -99.576901771722802, 19.374774216361427 ], [ -99.577440760893268, 19.374774216361427 ], [ -99.577440760893268, 19.375043710946663 ], [ -99.577710255478507, 19.375043710946663 ], [ -99.577710255478507, 19.375313205531899 ], [ -99.577171266308028, 19.375313205531899 ], [ -99.577171266308028, 19.375582700117135 ], [ -99.576901771722802, 19.375582700117135 ], [ -99.576901771722802, 19.376391183872844 ], [ -99.577440760893268, 19.376391183872844 ], [ -99.577440760893268, 19.37666067845808 ], [ -99.578249244648973, 19.37666067845808 ], [ -99.578249244648973, 19.376930173043316 ], [ -99.578788233819452, 19.376930173043316 ], [ -99.578788233819452, 19.377199667628553 ], [ -99.579057728404692, 19.377199667628553 ], [ -99.579057728404692, 19.37666067845808 ], [ -99.579596717575157, 19.37666067845808 ], [ -99.579596717575157, 19.376930173043316 ], [ -99.579866212160397, 19.376930173043316 ], [ -99.579866212160397, 19.378008151384257 ], [ -99.579327222989917, 19.378008151384257 ], [ -99.579327222989917, 19.378277645969494 ] ], [ [ -99.573667836699968, 19.375043710946663 ], [ -99.573667836699968, 19.374774216361427 ], [ -99.573398342114729, 19.374774216361427 ], [ -99.573398342114729, 19.375043710946663 ], [ -99.573667836699968, 19.375043710946663 ] ], [ [ -99.574476320455673, 19.374774216361427 ], [ -99.574476320455673, 19.374504721776194 ], [ -99.574206825870434, 19.374504721776194 ], [ -99.574206825870434, 19.374774216361427 ], [ -99.574476320455673, 19.374774216361427 ] ], [ [ -99.573128847529503, 19.374504721776194 ], [ -99.573128847529503, 19.374235227190958 ], [ -99.573398342114729, 19.374235227190958 ], [ -99.573398342114729, 19.373965732605722 ], [ -99.573128847529503, 19.373965732605722 ], [ -99.573128847529503, 19.37342674343525 ], [ -99.573398342114729, 19.37342674343525 ], [ -99.573398342114729, 19.373696238020486 ], [ -99.573937331285208, 19.373696238020486 ], [ -99.573937331285208, 19.37342674343525 ], [ -99.574206825870434, 19.37342674343525 ], [ -99.574206825870434, 19.372348765094305 ], [ -99.573128847529503, 19.372348765094305 ], [ -99.573128847529503, 19.373157248850013 ], [ -99.572859352944263, 19.373157248850013 ], [ -99.572859352944263, 19.37342674343525 ], [ -99.572589858359024, 19.37342674343525 ], [ -99.572589858359024, 19.374235227190958 ], [ -99.572859352944263, 19.374235227190958 ], [ -99.572859352944263, 19.374504721776194 ], [ -99.573128847529503, 19.374504721776194 ] ], [ [ -99.576362782552323, 19.373965732605722 ], [ -99.576362782552323, 19.373696238020486 ], [ -99.576093287967097, 19.373696238020486 ], [ -99.576093287967097, 19.37342674343525 ], [ -99.575284804211378, 19.37342674343525 ], [ -99.575284804211378, 19.373696238020486 ], [ -99.575823793381858, 19.373696238020486 ], [ -99.575823793381858, 19.373965732605722 ], [ -99.576362782552323, 19.373965732605722 ] ], [ [ -99.575284804211378, 19.37342674343525 ], [ -99.575284804211378, 19.372618259679541 ], [ -99.574745815040913, 19.372618259679541 ], [ -99.574745815040913, 19.37342674343525 ], [ -99.575284804211378, 19.37342674343525 ] ], [ [ -99.576093287967097, 19.373157248850013 ], [ -99.576093287967097, 19.372887754264777 ], [ -99.575554298796618, 19.372887754264777 ], [ -99.575554298796618, 19.373157248850013 ], [ -99.576093287967097, 19.373157248850013 ] ], [ [ -99.571781374603319, 19.372887754264777 ], [ -99.571781374603319, 19.372618259679541 ], [ -99.571511880018079, 19.372618259679541 ], [ -99.571511880018079, 19.372887754264777 ], [ -99.571781374603319, 19.372887754264777 ] ], [ [ -99.570703396262374, 19.372887754264777 ], [ -99.570703396262374, 19.372618259679541 ], [ -99.570433901677134, 19.372618259679541 ], [ -99.570433901677134, 19.372887754264777 ], [ -99.570703396262374, 19.372887754264777 ] ], [ [ -99.570703396262374, 19.372079270509069 ], [ -99.570703396262374, 19.371809775923833 ], [ -99.570433901677134, 19.371809775923833 ], [ -99.570433901677134, 19.372079270509069 ], [ -99.570703396262374, 19.372079270509069 ] ], [ [ -99.575015309626153, 19.371540281338596 ], [ -99.575015309626153, 19.371001292168128 ], [ -99.574206825870434, 19.371001292168128 ], [ -99.574206825870434, 19.371540281338596 ], [ -99.575015309626153, 19.371540281338596 ] ], [ [ -99.575284804211378, 19.371001292168128 ], [ -99.575284804211378, 19.370462302997655 ], [ -99.574745815040913, 19.370462302997655 ], [ -99.574745815040913, 19.370731797582891 ], [ -99.575015309626153, 19.370731797582891 ], [ -99.575015309626153, 19.371001292168128 ], [ -99.575284804211378, 19.371001292168128 ] ] ] ] } },
{ "type": "Feature", "properties": { "ZONA_MET": "Toluca", "INTENSIDAD": "Intensa", "T_PROM_POL": 4.0, "T_MIN_CIUD": 1.0, "DIF_TERMIC": 2.0 }, "geometry": { "type": "MultiPolygon", "coordinates": [ [ [ [ -99.669068919873453, 19.371540281338596 ], [ -99.667990941532523, 19.371540281338596 ], [ -99.667990941532523, 19.370462302997655 ], [ -99.667721446947283, 19.370462302997655 ], [ -99.667721446947283, 19.369923313827183 ], [ -99.668260436117748, 19.369923313827183 ], [ -99.668260436117748, 19.369653819241947 ], [ -99.668529930702988, 19.369653819241947 ], [ -99.668529930702988, 19.369923313827183 ], [ -99.669338414458693, 19.369923313827183 ], [ -99.669338414458693, 19.370192808412419 ], [ -99.669068919873453, 19.370192808412419 ], [ -99.669068919873453, 19.371540281338596 ] ] ] ] } },
{ "type": "Feature", "properties": { "ZONA_MET": "Toluca", "INTENSIDAD": "Intensa", "T_PROM_POL": 4.0, "T_MIN_CIUD": 1.0, "DIF_TERMIC": 2.0 }, "geometry": { "type": "MultiPolygon", "coordinates": [ [ [ [ -99.745066392909976, 19.371270786753364 ], [ -99.744527403739497, 19.371270786753364 ], [ -99.744527403739497, 19.369923313827183 ], [ -99.744796898324736, 19.369923313827183 ], [ -99.744796898324736, 19.369653819241947 ], [ -99.745066392909976, 19.369653819241947 ], [ -99.745066392909976, 19.369384324656711 ], [ -99.745335887495202, 19.369384324656711 ], [ -99.745335887495202, 19.369923313827183 ], [ -99.745066392909976, 19.369923313827183 ], [ -99.745066392909976, 19.370462302997655 ], [ -99.744796898324736, 19.370462302997655 ], [ -99.744796898324736, 19.370731797582891 ], [ -99.745066392909976, 19.370731797582891 ], [ -99.745066392909976, 19.371270786753364 ] ] ] ] } },
{ "type": "Feature", "properties": { "ZONA_MET": "Toluca", "INTENSIDAD": "Intensa", "T_PROM_POL": 3.0, "T_MIN_CIUD": 1.0, "DIF_TERMIC": 2.0 }, "geometry": { "type": "MultiPolygon", "coordinates": [ [ [ [ -99.655863685196906, 19.371540281338596 ], [ -99.655594190611666, 19.371540281338596 ], [ -99.655594190611666, 19.371001292168128 ], [ -99.655324696026426, 19.371001292168128 ], [ -99.655324696026426, 19.370731797582891 ], [ -99.655594190611666, 19.370731797582891 ], [ -99.655594190611666, 19.369384324656711 ], [ -99.655863685196906, 19.369384324656711 ], [ -99.655863685196906, 19.369653819241947 ], [ -99.656133179782145, 19.369653819241947 ], [ -99.656133179782145, 19.369923313827183 ], [ -99.655863685196906, 19.369923313827183 ], [ -99.655863685196906, 19.370192808412419 ], [ -99.656402674367371, 19.370192808412419 ], [ -99.656402674367371, 19.371001292168128 ], [ -99.656133179782145, 19.371001292168128 ], [ -99.656133179782145, 19.371270786753364 ], [ -99.655863685196906, 19.371270786753364 ], [ -99.655863685196906, 19.371540281338596 ] ] ] ] } },
{ "type": "Feature", "properties": { "ZONA_MET": "Toluca", "INTENSIDAD": "Intensa", "T_PROM_POL": 4.0, "T_MIN_CIUD": 1.0, "DIF_TERMIC": 2.0 }, "geometry": { "type": "MultiPolygon", "coordinates": [ [ [ [ -99.664218017339209, 19.371540281338596 ], [ -99.663948522753984, 19.371540281338596 ], [ -99.663948522753984, 19.371270786753364 ], [ -99.663679028168744, 19.371270786753364 ], [ -99.663679028168744, 19.371001292168128 ], [ -99.663948522753984, 19.371001292168128 ], [ -99.663948522753984, 19.369923313827183 ], [ -99.663679028168744, 19.369923313827183 ], [ -99.663679028168744, 19.369653819241947 ], [ -99.663140038998264, 19.369653819241947 ], [ -99.663140038998264, 19.369384324656711 ], [ -99.664757006509689, 19.369384324656711 ], [ -99.664757006509689, 19.369114830071474 ], [ -99.665295995680154, 19.369114830071474 ], [ -99.665295995680154, 19.369384324656711 ], [ -99.665834984850633, 19.369384324656711 ], [ -99.665834984850633, 19.369653819241947 ], [ -99.665565490265394, 19.369653819241947 ], [ -99.665565490265394, 19.370192808412419 ], [ -99.665295995680154, 19.370192808412419 ], [ -99.665295995680154, 19.370462302997655 ], [ -99.664757006509689, 19.370462302997655 ], [ -99.664757006509689, 19.370192808412419 ], [ -99.664487511924449, 19.370192808412419 ], [ -99.664487511924449, 19.370462302997655 ], [ -99.664218017339209, 19.370462302997655 ], [ -99.664218017339209, 19.371540281338596 ] ] ] ] } },
{ "type": "Feature", "properties": { "ZONA_MET": "Toluca", "INTENSIDAD": "Intensa", "T_PROM_POL": 4.0, "T_MIN_CIUD": 1.0, "DIF_TERMIC": 2.0 }, "geometry": { "type": "MultiPolygon", "coordinates": [ [ [ [ -99.772015851433551, 19.372887754264777 ], [ -99.771476862263086, 19.372887754264777 ], [ -99.771476862263086, 19.372618259679541 ], [ -99.770129389336901, 19.372618259679541 ], [ -99.770129389336901, 19.372887754264777 ], [ -99.769859894751661, 19.372887754264777 ], [ -99.769859894751661, 19.372618259679541 ], [ -99.769320905581196, 19.372618259679541 ], [ -99.769320905581196, 19.372348765094305 ], [ -99.770398883922141, 19.372348765094305 ], [ -99.770398883922141, 19.372079270509069 ], [ -99.770937873092606, 19.372079270509069 ], [ -99.770937873092606, 19.372348765094305 ], [ -99.771476862263086, 19.372348765094305 ], [ -99.771476862263086, 19.372079270509069 ], [ -99.772285346018791, 19.372079270509069 ], [ -99.772285346018791, 19.371540281338596 ], [ -99.771746356848325, 19.371540281338596 ], [ -99.771746356848325, 19.371270786753364 ], [ -99.772285346018791, 19.371270786753364 ], [ -99.772285346018791, 19.371001292168128 ], [ -99.77255484060403, 19.371001292168128 ], [ -99.77255484060403, 19.370462302997655 ], [ -99.772015851433551, 19.370462302997655 ], [ -99.772015851433551, 19.370192808412419 ], [ -99.772285346018791, 19.370192808412419 ], [ -99.772285346018791, 19.369923313827183 ], [ -99.772015851433551, 19.369923313827183 ], [ -99.772015851433551, 19.369653819241947 ], [ -99.771746356848325, 19.369653819241947 ], [ -99.771746356848325, 19.369384324656711 ], [ -99.773632818944975, 19.369384324656711 ], [ -99.773632818944975, 19.369114830071474 ], [ -99.77471079728592, 19.369114830071474 ], [ -99.77471079728592, 19.369384324656711 ], [ -99.77444130270068, 19.369384324656711 ], [ -99.77444130270068, 19.369653819241947 ], [ -99.773902313530201, 19.369653819241947 ], [ -99.773902313530201, 19.371001292168128 ], [ -99.77471079728592, 19.371001292168128 ], [ -99.77471079728592, 19.371270786753364 ], [ -99.77417180811544, 19.371270786753364 ], [ -99.77417180811544, 19.371540281338596 ], [ -99.774980291871145, 19.371540281338596 ], [ -99.774980291871145, 19.371809775923833 ], [ -99.77444130270068, 19.371809775923833 ], [ -99.77444130270068, 19.372079270509069 ], [ -99.77417180811544, 19.372079270509069 ], [ -99.77417180811544, 19.371809775923833 ], [ -99.773902313530201, 19.371809775923833 ], [ -99.773902313530201, 19.371540281338596 ], [ -99.773363324359735, 19.371540281338596 ], [ -99.773363324359735, 19.371809775923833 ], [ -99.773093829774496, 19.371809775923833 ], [ -99.773093829774496, 19.372348765094305 ], [ -99.772824335189256, 19.372348765094305 ], [ -99.772824335189256, 19.372079270509069 ], [ -99.77255484060403, 19.372079270509069 ], [ -99.77255484060403, 19.372348765094305 ], [ -99.772015851433551, 19.372348765094305 ], [ -99.772015851433551, 19.372887754264777 ] ], [ [ -99.773093829774496, 19.371540281338596 ], [ -99.773093829774496, 19.371270786753364 ], [ -99.77255484060403, 19.371270786753364 ], [ -99.77255484060403, 19.371540281338596 ], [ -99.773093829774496, 19.371540281338596 ] ] ] ] } },
{ "type": "Feature", "properties": { "ZONA_MET": "Toluca", "INTENSIDAD": "Intensa", "T_PROM_POL": 4.0, "T_MIN_CIUD": 1.0, "DIF_TERMIC": 2.0 }, "geometry": { "type": "MultiPolygon", "coordinates": [ [ [ [ -99.556689677830107, 19.371001292168128 ], [ -99.556150688659642, 19.371001292168128 ], [ -99.556150688659642, 19.369923313827183 ], [ -99.555342204903937, 19.369923313827183 ], [ -99.555342204903937, 19.369653819241947 ], [ -99.555072710318697, 19.369653819241947 ], [ -99.555072710318697, 19.369384324656711 ], [ -99.555611699489162, 19.369384324656711 ], [ -99.555611699489162, 19.369653819241947 ], [ -99.555881194074402, 19.369653819241947 ], [ -99.555881194074402, 19.368845335486238 ], [ -99.556150688659642, 19.368845335486238 ], [ -99.556150688659642, 19.369114830071474 ], [ -99.556689677830107, 19.369114830071474 ], [ -99.556689677830107, 19.369653819241947 ], [ -99.556959172415347, 19.369653819241947 ], [ -99.556959172415347, 19.370462302997655 ], [ -99.557498161585812, 19.370462302997655 ], [ -99.557498161585812, 19.370731797582891 ], [ -99.556689677830107, 19.370731797582891 ], [ -99.556689677830107, 19.371001292168128 ] ], [ [ -99.556420183244867, 19.369653819241947 ], [ -99.556420183244867, 19.369384324656711 ], [ -99.556150688659642, 19.369384324656711 ], [ -99.556150688659642, 19.369653819241947 ], [ -99.556420183244867, 19.369653819241947 ] ] ] ] } },
{ "type": "Feature", "properties": { "ZONA_MET": "Toluca", "INTENSIDAD": "Intensa", "T_PROM_POL": 3.0, "T_MIN_CIUD": 1.0, "DIF_TERMIC": 2.0 }, "geometry": { "type": "MultiPolygon", "coordinates": [ [ [ [ -99.66017559856067, 19.369923313827183 ], [ -99.659636609390205, 19.369923313827183 ], [ -99.659636609390205, 19.369653819241947 ], [ -99.65909762021974, 19.369653819241947 ], [ -99.65909762021974, 19.369923313827183 ], [ -99.657211158123076, 19.369923313827183 ], [ -99.657211158123076, 19.369653819241947 ], [ -99.657480652708315, 19.369653819241947 ], [ -99.657480652708315, 19.368845335486238 ], [ -99.657750147293555, 19.368845335486238 ], [ -99.657750147293555, 19.369384324656711 ], [ -99.65828913646402, 19.369384324656711 ], [ -99.65828913646402, 19.369653819241947 ], [ -99.65855863104926, 19.369653819241947 ], [ -99.65855863104926, 19.369384324656711 ], [ -99.66017559856067, 19.369384324656711 ], [ -99.66017559856067, 19.369923313827183 ] ] ] ] } },
{ "type": "Feature", "properties": { "ZONA_MET": "Toluca", "INTENSIDAD": "Intensa", "T_PROM_POL": 4.0, "T_MIN_CIUD": 1.0, "DIF_TERMIC": 2.0 }, "geometry": { "type": "MultiPolygon", "coordinates": [ [ [ [ -99.673380833237232, 19.369923313827183 ], [ -99.673111338651992, 19.369923313827183 ], [ -99.673111338651992, 19.369384324656711 ], [ -99.672572349481527, 19.369384324656711 ], [ -99.672572349481527, 19.369923313827183 ], [ -99.672033360311048, 19.369923313827183 ], [ -99.672033360311048, 19.369384324656711 ], [ -99.672302854896287, 19.369384324656711 ], [ -99.672302854896287, 19.369114830071474 ], [ -99.673111338651992, 19.369114830071474 ], [ -99.673111338651992, 19.368845335486238 ], [ -99.673380833237232, 19.368845335486238 ], [ -99.673380833237232, 19.369114830071474 ], [ -99.673650327822472, 19.369114830071474 ], [ -99.673650327822472, 19.369384324656711 ], [ -99.673380833237232, 19.369384324656711 ], [ -99.673380833237232, 19.369923313827183 ] ] ] ] } },
{ "type": "Feature", "properties": { "ZONA_MET": "Toluca", "INTENSIDAD": "Intensa", "T_PROM_POL": 4.0, "T_MIN_CIUD": 1.0, "DIF_TERMIC": 2.0 }, "geometry": { "type": "MultiPolygon", "coordinates": [ [ [ [ -99.613553035314879, 19.370462302997655 ], [ -99.61274455155916, 19.370462302997655 ], [ -99.61274455155916, 19.370192808412419 ], [ -99.612475056973935, 19.370192808412419 ], [ -99.612475056973935, 19.369923313827183 ], [ -99.611936067803455, 19.369923313827183 ], [ -99.611936067803455, 19.369653819241947 ], [ -99.61139707863299, 19.369653819241947 ], [ -99.61139707863299, 19.369923313827183 ], [ -99.610588594877285, 19.369923313827183 ], [ -99.610588594877285, 19.369114830071474 ], [ -99.610049605706806, 19.369114830071474 ], [ -99.610049605706806, 19.368575840901002 ], [ -99.610588594877285, 19.368575840901002 ], [ -99.610588594877285, 19.368845335486238 ], [ -99.610858089462511, 19.368845335486238 ], [ -99.610858089462511, 19.369114830071474 ], [ -99.611936067803455, 19.369114830071474 ], [ -99.611936067803455, 19.369384324656711 ], [ -99.612475056973935, 19.369384324656711 ], [ -99.612475056973935, 19.369653819241947 ], [ -99.61328354072964, 19.369653819241947 ], [ -99.61328354072964, 19.369923313827183 ], [ -99.613553035314879, 19.369923313827183 ], [ -99.613553035314879, 19.370462302997655 ] ] ] ] } },
{ "type": "Feature", "properties": { "ZONA_MET": "Toluca", "INTENSIDAD": "Intensa", "T_PROM_POL": 4.0, "T_MIN_CIUD": 1.0, "DIF_TERMIC": 2.0 }, "geometry": { "type": "MultiPolygon", "coordinates": [ [ [ [ -99.56423552621672, 19.375582700117135 ], [ -99.563696537046241, 19.375582700117135 ], [ -99.563696537046241, 19.375043710946663 ], [ -99.563427042461001, 19.375043710946663 ], [ -99.563427042461001, 19.374774216361427 ], [ -99.563696537046241, 19.374774216361427 ], [ -99.563696537046241, 19.374235227190958 ], [ -99.563157547875775, 19.374235227190958 ], [ -99.563157547875775, 19.374504721776194 ], [ -99.561001591193886, 19.374504721776194 ], [ -99.561001591193886, 19.374235227190958 ], [ -99.560462602023406, 19.374235227190958 ], [ -99.560462602023406, 19.373965732605722 ], [ -99.559923612852941, 19.373965732605722 ], [ -99.559923612852941, 19.372887754264777 ], [ -99.560732096608646, 19.372887754264777 ], [ -99.560732096608646, 19.372618259679541 ], [ -99.561001591193886, 19.372618259679541 ], [ -99.561001591193886, 19.372079270509069 ], [ -99.561271085779126, 19.372079270509069 ], [ -99.561271085779126, 19.371540281338596 ], [ -99.561810074949591, 19.371540281338596 ], [ -99.561810074949591, 19.371270786753364 ], [ -99.562079569534831, 19.371270786753364 ], [ -99.562079569534831, 19.370731797582891 ], [ -99.563157547875775, 19.370731797582891 ], [ -99.563157547875775, 19.370462302997655 ], [ -99.563696537046241, 19.370462302997655 ], [ -99.563696537046241, 19.370192808412419 ], [ -99.56396603163148, 19.370192808412419 ], [ -99.56396603163148, 19.369653819241947 ], [ -99.56423552621672, 19.369653819241947 ], [ -99.56423552621672, 19.368845335486238 ], [ -99.564505020801946, 19.368845335486238 ], [ -99.564505020801946, 19.368306346315769 ], [ -99.565044009972425, 19.368306346315769 ], [ -99.565044009972425, 19.368575840901002 ], [ -99.56558299914289, 19.368575840901002 ], [ -99.56558299914289, 19.368845335486238 ], [ -99.56585249372813, 19.368845335486238 ], [ -99.56585249372813, 19.369384324656711 ], [ -99.56558299914289, 19.369384324656711 ], [ -99.56558299914289, 19.370731797582891 ], [ -99.565044009972425, 19.370731797582891 ], [ -99.565044009972425, 19.369923313827183 ], [ -99.564505020801946, 19.369923313827183 ], [ -99.564505020801946, 19.370462302997655 ], [ -99.56396603163148, 19.370462302997655 ], [ -99.56396603163148, 19.371001292168128 ], [ -99.564774515387185, 19.371001292168128 ], [ -99.564774515387185, 19.371270786753364 ], [ -99.563427042461001, 19.371270786753364 ], [ -99.563427042461001, 19.371540281338596 ], [ -99.562888053290536, 19.371540281338596 ], [ -99.562888053290536, 19.372079270509069 ], [ -99.562349064120056, 19.372079270509069 ], [ -99.562349064120056, 19.372348765094305 ], [ -99.562618558705296, 19.372348765094305 ], [ -99.562618558705296, 19.372887754264777 ], [ -99.562888053290536, 19.372887754264777 ], [ -99.562888053290536, 19.373157248850013 ], [ -99.563427042461001, 19.373157248850013 ], [ -99.563427042461001, 19.372887754264777 ], [ -99.563696537046241, 19.372887754264777 ], [ -99.563696537046241, 19.373157248850013 ], [ -99.56396603163148, 19.373157248850013 ], [ -99.56396603163148, 19.374504721776194 ], [ -99.56423552621672, 19.374504721776194 ], [ -99.56423552621672, 19.374235227190958 ], [ -99.564505020801946, 19.374235227190958 ], [ -99.564505020801946, 19.373965732605722 ], [ -99.565044009972425, 19.373965732605722 ], [ -99.565044009972425, 19.374235227190958 ], [ -99.564774515387185, 19.374235227190958 ], [ -99.564774515387185, 19.375043710946663 ], [ -99.56423552621672, 19.375043710946663 ], [ -99.56423552621672, 19.375582700117135 ] ], [ [ -99.562618558705296, 19.374235227190958 ], [ -99.562618558705296, 19.373965732605722 ], [ -99.562349064120056, 19.373965732605722 ], [ -99.562349064120056, 19.374235227190958 ], [ -99.562618558705296, 19.374235227190958 ] ], [ [ -99.560732096608646, 19.373965732605722 ], [ -99.560732096608646, 19.373696238020486 ], [ -99.560462602023406, 19.373696238020486 ], [ -99.560462602023406, 19.373965732605722 ], [ -99.560732096608646, 19.373965732605722 ] ], [ [ -99.562888053290536, 19.373696238020486 ], [ -99.562888053290536, 19.373157248850013 ], [ -99.562349064120056, 19.373157248850013 ], [ -99.562349064120056, 19.37342674343525 ], [ -99.562618558705296, 19.37342674343525 ], [ -99.562618558705296, 19.373696238020486 ], [ -99.562888053290536, 19.373696238020486 ] ], [ [ -99.561810074949591, 19.37342674343525 ], [ -99.561810074949591, 19.373157248850013 ], [ -99.562079569534831, 19.373157248850013 ], [ -99.562079569534831, 19.372887754264777 ], [ -99.561540580364351, 19.372887754264777 ], [ -99.561540580364351, 19.373157248850013 ], [ -99.561271085779126, 19.373157248850013 ], [ -99.561271085779126, 19.37342674343525 ], [ -99.561810074949591, 19.37342674343525 ] ], [ [ -99.562349064120056, 19.372618259679541 ], [ -99.562349064120056, 19.372348765094305 ], [ -99.562079569534831, 19.372348765094305 ], [ -99.562079569534831, 19.372618259679541 ], [ -99.562349064120056, 19.372618259679541 ] ], [ [ -99.564774515387185, 19.369653819241947 ], [ -99.564774515387185, 19.369384324656711 ], [ -99.564505020801946, 19.369384324656711 ], [ -99.564505020801946, 19.369653819241947 ], [ -99.564774515387185, 19.369653819241947 ] ] ] ] } },
{ "type": "Feature", "properties": { "ZONA_MET": "Toluca", "INTENSIDAD": "Intensa", "T_PROM_POL": 3.0, "T_MIN_CIUD": 1.0, "DIF_TERMIC": 2.0 }, "geometry": { "type": "MultiPolygon", "coordinates": [ [ [ [ -99.571511880018079, 19.369384324656711 ], [ -99.570433901677134, 19.369384324656711 ], [ -99.570433901677134, 19.368845335486238 ], [ -99.570164407091909, 19.368845335486238 ], [ -99.570164407091909, 19.368036851730533 ], [ -99.570972890847614, 19.368036851730533 ], [ -99.570972890847614, 19.368306346315769 ], [ -99.571781374603319, 19.368306346315769 ], [ -99.571781374603319, 19.368575840901002 ], [ -99.572050869188558, 19.368575840901002 ], [ -99.572050869188558, 19.369114830071474 ], [ -99.571511880018079, 19.369114830071474 ], [ -99.571511880018079, 19.369384324656711 ] ] ] ] } },
{ "type": "Feature", "properties": { "ZONA_MET": "Toluca", "INTENSIDAD": "Intensa", "T_PROM_POL": 4.0, "T_MIN_CIUD": 1.0, "DIF_TERMIC": 2.0 }, "geometry": { "type": "MultiPolygon", "coordinates": [ [ [ [ -99.770129389336901, 19.368575840901002 ], [ -99.769859894751661, 19.368575840901002 ], [ -99.769859894751661, 19.367497862560061 ], [ -99.770129389336901, 19.367497862560061 ], [ -99.770129389336901, 19.367228367974825 ], [ -99.770398883922141, 19.367228367974825 ], [ -99.770398883922141, 19.367767357145297 ], [ -99.770668378507381, 19.367767357145297 ], [ -99.770668378507381, 19.368036851730533 ], [ -99.770937873092606, 19.368036851730533 ], [ -99.770937873092606, 19.367767357145297 ], [ -99.771207367677846, 19.367767357145297 ], [ -99.771207367677846, 19.368306346315769 ], [ -99.770129389336901, 19.368306346315769 ], [ -99.770129389336901, 19.368575840901002 ] ] ] ] } },
{ "type": "Feature", "properties": { "ZONA_MET": "Toluca", "INTENSIDAD": "Intensa", "T_PROM_POL": 4.0, "T_MIN_CIUD": 1.0, "DIF_TERMIC": 2.0 }, "geometry": { "type": "MultiPolygon", "coordinates": [ [ [ [ -99.615708991996755, 19.368036851730533 ], [ -99.61490050824105, 19.368036851730533 ], [ -99.61490050824105, 19.367767357145297 ], [ -99.613822529900105, 19.367767357145297 ], [ -99.613822529900105, 19.367497862560061 ], [ -99.613553035314879, 19.367497862560061 ], [ -99.613553035314879, 19.366958873389589 ], [ -99.614092024485345, 19.366958873389589 ], [ -99.614092024485345, 19.367228367974825 ], [ -99.614631013655824, 19.367228367974825 ], [ -99.614631013655824, 19.366958873389589 ], [ -99.61490050824105, 19.366958873389589 ], [ -99.61490050824105, 19.367497862560061 ], [ -99.615170002826289, 19.367497862560061 ], [ -99.615170002826289, 19.367767357145297 ], [ -99.615708991996755, 19.367767357145297 ], [ -99.615708991996755, 19.368036851730533 ] ] ] ] } },
{ "type": "Feature", "properties": { "ZONA_MET": "Toluca", "INTENSIDAD": "Intensa", "T_PROM_POL": 4.0, "T_MIN_CIUD": 1.0, "DIF_TERMIC": 2.0 }, "geometry": { "type": "MultiPolygon", "coordinates": [ [ [ [ -99.557498161585812, 19.368036851730533 ], [ -99.557228667000587, 19.368036851730533 ], [ -99.557228667000587, 19.367767357145297 ], [ -99.556959172415347, 19.367767357145297 ], [ -99.556959172415347, 19.368036851730533 ], [ -99.556420183244867, 19.368036851730533 ], [ -99.556420183244867, 19.367767357145297 ], [ -99.556689677830107, 19.367767357145297 ], [ -99.556689677830107, 19.367497862560061 ], [ -99.556420183244867, 19.367497862560061 ], [ -99.556420183244867, 19.366958873389589 ], [ -99.556689677830107, 19.366958873389589 ], [ -99.556689677830107, 19.367228367974825 ], [ -99.556959172415347, 19.367228367974825 ], [ -99.556959172415347, 19.366958873389589 ], [ -99.557498161585812, 19.366958873389589 ], [ -99.557498161585812, 19.367228367974825 ], [ -99.557767656171052, 19.367228367974825 ], [ -99.557767656171052, 19.367767357145297 ], [ -99.557498161585812, 19.367767357145297 ], [ -99.557498161585812, 19.368036851730533 ] ] ] ] } },
{ "type": "Feature", "properties": { "ZONA_MET": "Toluca", "INTENSIDAD": "Intensa", "T_PROM_POL": 3.0, "T_MIN_CIUD": 1.0, "DIF_TERMIC": 2.0 }, "geometry": { "type": "MultiPolygon", "coordinates": [ [ [ [ -99.568816934165724, 19.368575840901002 ], [ -99.568277944995245, 19.368575840901002 ], [ -99.568277944995245, 19.368306346315769 ], [ -99.56773895582478, 19.368306346315769 ], [ -99.56773895582478, 19.367228367974825 ], [ -99.568277944995245, 19.367228367974825 ], [ -99.568277944995245, 19.366958873389589 ], [ -99.568547439580485, 19.366958873389589 ], [ -99.568547439580485, 19.367228367974825 ], [ -99.568816934165724, 19.367228367974825 ], [ -99.568816934165724, 19.367497862560061 ], [ -99.568547439580485, 19.367497862560061 ], [ -99.568547439580485, 19.367767357145297 ], [ -99.568816934165724, 19.367767357145297 ], [ -99.568816934165724, 19.368575840901002 ] ] ] ] } },
{ "type": "Feature", "properties": { "ZONA_MET": "Toluca", "INTENSIDAD": "Intensa", "T_PROM_POL": 4.0, "T_MIN_CIUD": 1.0, "DIF_TERMIC": 2.0 }, "geometry": { "type": "MultiPolygon", "coordinates": [ [ [ [ -99.775249786456385, 19.368845335486238 ], [ -99.774980291871145, 19.368845335486238 ], [ -99.774980291871145, 19.368575840901002 ], [ -99.77471079728592, 19.368575840901002 ], [ -99.77471079728592, 19.367767357145297 ], [ -99.77444130270068, 19.367767357145297 ], [ -99.77444130270068, 19.367228367974825 ], [ -99.77417180811544, 19.367228367974825 ], [ -99.77417180811544, 19.366958873389589 ], [ -99.774980291871145, 19.366958873389589 ], [ -99.774980291871145, 19.366689378804352 ], [ -99.775249786456385, 19.366689378804352 ], [ -99.775249786456385, 19.368845335486238 ] ] ] ] } },
{ "type": "Feature", "properties": { "ZONA_MET": "Toluca", "INTENSIDAD": "Extrema", "T_PROM_POL": 4.0, "T_MIN_CIUD": 1.0, "DIF_TERMIC": 2.0 }, "geometry": { "type": "MultiPolygon", "coordinates": [ [ [ [ -99.556420183244867, 19.368036851730533 ], [ -99.556150688659642, 19.368036851730533 ], [ -99.556150688659642, 19.367767357145297 ], [ -99.555881194074402, 19.367767357145297 ], [ -99.555881194074402, 19.367228367974825 ], [ -99.555611699489162, 19.367228367974825 ], [ -99.555611699489162, 19.368036851730533 ], [ -99.555342204903937, 19.368036851730533 ], [ -99.555342204903937, 19.366958873389589 ], [ -99.555881194074402, 19.366958873389589 ], [ -99.555881194074402, 19.366689378804352 ], [ -99.556150688659642, 19.366689378804352 ], [ -99.556150688659642, 19.366958873389589 ], [ -99.556420183244867, 19.366958873389589 ], [ -99.556420183244867, 19.367497862560061 ], [ -99.556689677830107, 19.367497862560061 ], [ -99.556689677830107, 19.367767357145297 ], [ -99.556420183244867, 19.367767357145297 ], [ -99.556420183244867, 19.368036851730533 ] ] ] ] } },
{ "type": "Feature", "properties": { "ZONA_MET": "Toluca", "INTENSIDAD": "Intensa", "T_PROM_POL": 4.0, "T_MIN_CIUD": 1.0, "DIF_TERMIC": 2.0 }, "geometry": { "type": "MultiPolygon", "coordinates": [ [ [ [ -99.773093829774496, 19.367767357145297 ], [ -99.772285346018791, 19.367767357145297 ], [ -99.772285346018791, 19.367228367974825 ], [ -99.772824335189256, 19.367228367974825 ], [ -99.772824335189256, 19.366958873389589 ], [ -99.773093829774496, 19.366958873389589 ], [ -99.773093829774496, 19.366689378804352 ], [ -99.773363324359735, 19.366689378804352 ], [ -99.773363324359735, 19.366419884219116 ], [ -99.773632818944975, 19.366419884219116 ], [ -99.773632818944975, 19.366958873389589 ], [ -99.773902313530201, 19.366958873389589 ], [ -99.773902313530201, 19.367497862560061 ], [ -99.773093829774496, 19.367497862560061 ], [ -99.773093829774496, 19.367767357145297 ] ] ] ] } },
{ "type": "Feature", "properties": { "ZONA_MET": "Toluca", "INTENSIDAD": "Intensa", "T_PROM_POL": 4.0, "T_MIN_CIUD": 1.0, "DIF_TERMIC": 2.0 }, "geometry": { "type": "MultiPolygon", "coordinates": [ [ [ [ -99.597652854785963, 19.369114830071474 ], [ -99.597113865615484, 19.369114830071474 ], [ -99.597113865615484, 19.368575840901002 ], [ -99.597383360200723, 19.368575840901002 ], [ -99.597383360200723, 19.368036851730533 ], [ -99.597113865615484, 19.368036851730533 ], [ -99.597113865615484, 19.367767357145297 ], [ -99.596844371030258, 19.367767357145297 ], [ -99.596844371030258, 19.367497862560061 ], [ -99.596574876445018, 19.367497862560061 ], [ -99.596574876445018, 19.367228367974825 ], [ -99.596305381859779, 19.367228367974825 ], [ -99.596305381859779, 19.367497862560061 ], [ -99.596035887274539, 19.367497862560061 ], [ -99.596035887274539, 19.367228367974825 ], [ -99.595766392689313, 19.367228367974825 ], [ -99.595766392689313, 19.366958873389589 ], [ -99.595227403518834, 19.366958873389589 ], [ -99.595227403518834, 19.367497862560061 ], [ -99.594957908933594, 19.367497862560061 ], [ -99.594957908933594, 19.366419884219116 ], [ -99.594688414348369, 19.366419884219116 ], [ -99.594688414348369, 19.36615038963388 ], [ -99.595227403518834, 19.36615038963388 ], [ -99.595227403518834, 19.366419884219116 ], [ -99.595766392689313, 19.366419884219116 ], [ -99.595766392689313, 19.366689378804352 ], [ -99.596035887274539, 19.366689378804352 ], [ -99.596035887274539, 19.366958873389589 ], [ -99.596574876445018, 19.366958873389589 ], [ -99.596574876445018, 19.366419884219116 ], [ -99.596305381859779, 19.366419884219116 ], [ -99.596305381859779, 19.36615038963388 ], [ -99.597113865615484, 19.36615038963388 ], [ -99.597113865615484, 19.367497862560061 ], [ -99.597922349371188, 19.367497862560061 ], [ -99.597922349371188, 19.368036851730533 ], [ -99.597652854785963, 19.368036851730533 ], [ -99.597652854785963, 19.368575840901002 ], [ -99.597922349371188, 19.368575840901002 ], [ -99.597922349371188, 19.368845335486238 ], [ -99.597652854785963, 19.368845335486238 ], [ -99.597652854785963, 19.369114830071474 ] ] ] ] } },
{ "type": "Feature", "properties": { "ZONA_MET": "Toluca", "INTENSIDAD": "Intensa", "T_PROM_POL": 4.0, "T_MIN_CIUD": 1.0, "DIF_TERMIC": 2.0 }, "geometry": { "type": "MultiPolygon", "coordinates": [ [ [ [ -99.599808811467852, 19.367767357145297 ], [ -99.599539316882613, 19.367767357145297 ], [ -99.599539316882613, 19.367497862560061 ], [ -99.599269822297373, 19.367497862560061 ], [ -99.599269822297373, 19.367767357145297 ], [ -99.599000327712133, 19.367767357145297 ], [ -99.599000327712133, 19.367228367974825 ], [ -99.598730833126908, 19.367228367974825 ], [ -99.598730833126908, 19.366958873389589 ], [ -99.598461338541668, 19.366958873389589 ], [ -99.598461338541668, 19.367228367974825 ], [ -99.598191843956428, 19.367228367974825 ], [ -99.598191843956428, 19.366419884219116 ], [ -99.598461338541668, 19.366419884219116 ], [ -99.598461338541668, 19.36615038963388 ], [ -99.598730833126908, 19.36615038963388 ], [ -99.598730833126908, 19.366689378804352 ], [ -99.599000327712133, 19.366689378804352 ], [ -99.599000327712133, 19.366958873389589 ], [ -99.599539316882613, 19.366958873389589 ], [ -99.599539316882613, 19.367228367974825 ], [ -99.599808811467852, 19.367228367974825 ], [ -99.599808811467852, 19.367767357145297 ] ] ] ] } },
{ "type": "Feature", "properties": { "ZONA_MET": "Toluca", "INTENSIDAD": "Intensa", "T_PROM_POL": 3.0, "T_MIN_CIUD": 1.0, "DIF_TERMIC": 2.0 }, "geometry": { "type": "MultiPolygon", "coordinates": [ [ [ [ -99.610588594877285, 19.367228367974825 ], [ -99.609780111121566, 19.367228367974825 ], [ -99.609780111121566, 19.366958873389589 ], [ -99.609241121951101, 19.366958873389589 ], [ -99.609241121951101, 19.366419884219116 ], [ -99.60951061653634, 19.366419884219116 ], [ -99.60951061653634, 19.366689378804352 ], [ -99.610049605706806, 19.366689378804352 ], [ -99.610049605706806, 19.36615038963388 ], [ -99.610319100292045, 19.36615038963388 ], [ -99.610319100292045, 19.366419884219116 ], [ -99.610588594877285, 19.366419884219116 ], [ -99.610588594877285, 19.367228367974825 ] ] ] ] } },
{ "type": "Feature", "properties": { "ZONA_MET": "Toluca", "INTENSIDAD": "Intensa", "T_PROM_POL": 3.0, "T_MIN_CIUD": 1.0, "DIF_TERMIC": 2.0 }, "geometry": { "type": "MultiPolygon", "coordinates": [ [ [ [ -99.650204298906957, 19.367497862560061 ], [ -99.649395815151237, 19.367497862560061 ], [ -99.649395815151237, 19.367228367974825 ], [ -99.649126320566012, 19.367228367974825 ], [ -99.649126320566012, 19.366689378804352 ], [ -99.649665309736477, 19.366689378804352 ], [ -99.649665309736477, 19.366419884219116 ], [ -99.649934804321717, 19.366419884219116 ], [ -99.649934804321717, 19.36615038963388 ], [ -99.650473793492182, 19.36615038963388 ], [ -99.650473793492182, 19.366958873389589 ], [ -99.650204298906957, 19.366958873389589 ], [ -99.650204298906957, 19.367497862560061 ] ] ] ] } },
{ "type": "Feature", "properties": { "ZONA_MET": "Toluca", "INTENSIDAD": "Intensa", "T_PROM_POL": 3.0, "T_MIN_CIUD": 1.0, "DIF_TERMIC": 2.0 }, "geometry": { "type": "MultiPolygon", "coordinates": [ [ [ [ -99.779561699820164, 19.369653819241947 ], [ -99.779022710649684, 19.369653819241947 ], [ -99.779022710649684, 19.368845335486238 ], [ -99.778483721479219, 19.368845335486238 ], [ -99.778483721479219, 19.368575840901002 ], [ -99.77794473230874, 19.368575840901002 ], [ -99.77794473230874, 19.368036851730533 ], [ -99.776866753967795, 19.368036851730533 ], [ -99.776866753967795, 19.367767357145297 ], [ -99.77605827021209, 19.367767357145297 ], [ -99.77605827021209, 19.367497862560061 ], [ -99.776597259382569, 19.367497862560061 ], [ -99.776597259382569, 19.366958873389589 ], [ -99.77605827021209, 19.366958873389589 ], [ -99.77605827021209, 19.366689378804352 ], [ -99.776597259382569, 19.366689378804352 ], [ -99.776597259382569, 19.366419884219116 ], [ -99.777675237723514, 19.366419884219116 ], [ -99.777675237723514, 19.366689378804352 ], [ -99.77794473230874, 19.366689378804352 ], [ -99.77794473230874, 19.367228367974825 ], [ -99.779022710649684, 19.367228367974825 ], [ -99.779022710649684, 19.366419884219116 ], [ -99.778214226893979, 19.366419884219116 ], [ -99.778214226893979, 19.365880895048644 ], [ -99.779022710649684, 19.365880895048644 ], [ -99.779022710649684, 19.36615038963388 ], [ -99.779292205234924, 19.36615038963388 ], [ -99.779292205234924, 19.366419884219116 ], [ -99.780370183575869, 19.366419884219116 ], [ -99.780370183575869, 19.367767357145297 ], [ -99.780100688990629, 19.367767357145297 ], [ -99.780100688990629, 19.368036851730533 ], [ -99.779831194405389, 19.368036851730533 ], [ -99.779831194405389, 19.368306346315769 ], [ -99.779561699820164, 19.368306346315769 ], [ -99.779561699820164, 19.369653819241947 ] ] ] ] } },
{ "type": "Feature", "properties": { "ZONA_MET": "Toluca", "INTENSIDAD": "Intensa", "T_PROM_POL": 3.0, "T_MIN_CIUD": 1.0, "DIF_TERMIC": 2.0 }, "geometry": { "type": "MultiPolygon", "coordinates": [ [ [ [ -99.652629750174071, 19.367228367974825 ], [ -99.652090761003606, 19.367228367974825 ], [ -99.652090761003606, 19.366958873389589 ], [ -99.651821266418366, 19.366958873389589 ], [ -99.651821266418366, 19.366419884219116 ], [ -99.651551771833127, 19.366419884219116 ], [ -99.651551771833127, 19.36615038963388 ], [ -99.651821266418366, 19.36615038963388 ], [ -99.651821266418366, 19.365880895048644 ], [ -99.652090761003606, 19.365880895048644 ], [ -99.652090761003606, 19.365611400463408 ], [ -99.652629750174071, 19.365611400463408 ], [ -99.652629750174071, 19.365880895048644 ], [ -99.652360255588832, 19.365880895048644 ], [ -99.652360255588832, 19.366958873389589 ], [ -99.652629750174071, 19.366958873389589 ], [ -99.652629750174071, 19.367228367974825 ] ] ] ] } },
{ "type": "Feature", "properties": { "ZONA_MET": "Toluca", "INTENSIDAD": "Intensa", "T_PROM_POL": 4.0, "T_MIN_CIUD": 1.0, "DIF_TERMIC": 2.0 }, "geometry": { "type": "MultiPolygon", "coordinates": [ [ [ [ -99.654246717685481, 19.367767357145297 ], [ -99.653707728515016, 19.367767357145297 ], [ -99.653707728515016, 19.367497862560061 ], [ -99.653977223100256, 19.367497862560061 ], [ -99.653977223100256, 19.367228367974825 ], [ -99.653707728515016, 19.367228367974825 ], [ -99.653707728515016, 19.365611400463408 ], [ -99.653977223100256, 19.365611400463408 ], [ -99.653977223100256, 19.365341905878175 ], [ -99.654246717685481, 19.365341905878175 ], [ -99.654246717685481, 19.366419884219116 ], [ -99.654516212270721, 19.366419884219116 ], [ -99.654516212270721, 19.366689378804352 ], [ -99.654246717685481, 19.366689378804352 ], [ -99.654246717685481, 19.367767357145297 ] ] ] ] } },
{ "type": "Feature", "properties": { "ZONA_MET": "Toluca", "INTENSIDAD": "Intensa", "T_PROM_POL": 3.0, "T_MIN_CIUD": 1.0, "DIF_TERMIC": 2.0 }, "geometry": { "type": "MultiPolygon", "coordinates": [ [ [ [ -99.577710255478507, 19.372887754264777 ], [ -99.577440760893268, 19.372887754264777 ], [ -99.577440760893268, 19.371809775923833 ], [ -99.576901771722802, 19.371809775923833 ], [ -99.576901771722802, 19.372079270509069 ], [ -99.576632277137563, 19.372079270509069 ], [ -99.576632277137563, 19.372348765094305 ], [ -99.576362782552323, 19.372348765094305 ], [ -99.576362782552323, 19.371809775923833 ], [ -99.576632277137563, 19.371809775923833 ], [ -99.576632277137563, 19.371270786753364 ], [ -99.576362782552323, 19.371270786753364 ], [ -99.576362782552323, 19.371001292168128 ], [ -99.577710255478507, 19.371001292168128 ], [ -99.577710255478507, 19.370462302997655 ], [ -99.577171266308028, 19.370462302997655 ], [ -99.577171266308028, 19.370192808412419 ], [ -99.576901771722802, 19.370192808412419 ], [ -99.576901771722802, 19.369923313827183 ], [ -99.576632277137563, 19.369923313827183 ], [ -99.576632277137563, 19.369653819241947 ], [ -99.576901771722802, 19.369653819241947 ], [ -99.576901771722802, 19.369114830071474 ], [ -99.577171266308028, 19.369114830071474 ], [ -99.577171266308028, 19.368845335486238 ], [ -99.577710255478507, 19.368845335486238 ], [ -99.577710255478507, 19.368306346315769 ], [ -99.577979750063747, 19.368306346315769 ], [ -99.577979750063747, 19.368036851730533 ], [ -99.578249244648973, 19.368036851730533 ], [ -99.578249244648973, 19.367767357145297 ], [ -99.579866212160397, 19.367767357145297 ], [ -99.579866212160397, 19.366958873389589 ], [ -99.579596717575157, 19.366958873389589 ], [ -99.579596717575157, 19.367228367974825 ], [ -99.579057728404692, 19.367228367974825 ], [ -99.579057728404692, 19.366419884219116 ], [ -99.579327222989917, 19.366419884219116 ], [ -99.579327222989917, 19.36615038963388 ], [ -99.579596717575157, 19.36615038963388 ], [ -99.579596717575157, 19.366419884219116 ], [ -99.579866212160397, 19.366419884219116 ], [ -99.579866212160397, 19.365880895048644 ], [ -99.579596717575157, 19.365880895048644 ], [ -99.579596717575157, 19.365611400463408 ], [ -99.579866212160397, 19.365611400463408 ], [ -99.579866212160397, 19.365341905878175 ], [ -99.580135706745622, 19.365341905878175 ], [ -99.580135706745622, 19.365072411292939 ], [ -99.580405201330862, 19.365072411292939 ], [ -99.580405201330862, 19.364802916707703 ], [ -99.580674695916102, 19.364802916707703 ], [ -99.580674695916102, 19.364533422122467 ], [ -99.581752674257046, 19.364533422122467 ], [ -99.581752674257046, 19.364802916707703 ], [ -99.582561158012751, 19.364802916707703 ], [ -99.582561158012751, 19.365072411292939 ], [ -99.583100147183217, 19.365072411292939 ], [ -99.583100147183217, 19.36615038963388 ], [ -99.582830652597991, 19.36615038963388 ], [ -99.582830652597991, 19.366689378804352 ], [ -99.582561158012751, 19.366689378804352 ], [ -99.582561158012751, 19.366958873389589 ], [ -99.582291663427512, 19.366958873389589 ], [ -99.582291663427512, 19.367767357145297 ], [ -99.582022168842286, 19.367767357145297 ], [ -99.582022168842286, 19.368036851730533 ], [ -99.581213685086567, 19.368036851730533 ], [ -99.581213685086567, 19.369384324656711 ], [ -99.580944190501341, 19.369384324656711 ], [ -99.580944190501341, 19.369923313827183 ], [ -99.580135706745622, 19.369923313827183 ], [ -99.580135706745622, 19.370192808412419 ], [ -99.579866212160397, 19.370192808412419 ], [ -99.579866212160397, 19.370462302997655 ], [ -99.579596717575157, 19.370462302997655 ], [ -99.579596717575157, 19.370731797582891 ], [ -99.579327222989917, 19.370731797582891 ], [ -99.579327222989917, 19.371001292168128 ], [ -99.578249244648973, 19.371001292168128 ], [ -99.578249244648973, 19.370731797582891 ], [ -99.577979750063747, 19.370731797582891 ], [ -99.577979750063747, 19.371270786753364 ], [ -99.577440760893268, 19.371270786753364 ], [ -99.577440760893268, 19.371540281338596 ], [ -99.577710255478507, 19.371540281338596 ], [ -99.577710255478507, 19.371809775923833 ], [ -99.577979750063747, 19.371809775923833 ], [ -99.577979750063747, 19.372348765094305 ], [ -99.577710255478507, 19.372348765094305 ], [ -99.577710255478507, 19.372887754264777 ] ], [ [ -99.581213685086567, 19.366689378804352 ], [ -99.581213685086567, 19.366419884219116 ], [ -99.580674695916102, 19.366419884219116 ], [ -99.580674695916102, 19.366689378804352 ], [ -99.581213685086567, 19.366689378804352 ] ] ] ] } },
{ "type": "Feature", "properties": { "ZONA_MET": "Toluca", "INTENSIDAD": "Intensa", "T_PROM_POL": 4.0, "T_MIN_CIUD": 1.0, "DIF_TERMIC": 2.0 }, "geometry": { "type": "MultiPolygon", "coordinates": [ [ [ [ -99.600078306053078, 19.36615038963388 ], [ -99.599808811467852, 19.36615038963388 ], [ -99.599808811467852, 19.365880895048644 ], [ -99.599269822297373, 19.365880895048644 ], [ -99.599269822297373, 19.36615038963388 ], [ -99.598730833126908, 19.36615038963388 ], [ -99.598730833126908, 19.365341905878175 ], [ -99.599269822297373, 19.365341905878175 ], [ -99.599269822297373, 19.364533422122467 ], [ -99.599808811467852, 19.364533422122467 ], [ -99.599808811467852, 19.365341905878175 ], [ -99.599539316882613, 19.365341905878175 ], [ -99.599539316882613, 19.365611400463408 ], [ -99.600078306053078, 19.365611400463408 ], [ -99.600078306053078, 19.36615038963388 ] ] ] ] } },
{ "type": "Feature", "properties": { "ZONA_MET": "Toluca", "INTENSIDAD": "Intensa", "T_PROM_POL": 4.0, "T_MIN_CIUD": 1.0, "DIF_TERMIC": 2.0 }, "geometry": { "type": "MultiPolygon", "coordinates": [ [ [ [ -99.604390219416857, 19.366419884219116 ], [ -99.604120724831617, 19.366419884219116 ], [ -99.604120724831617, 19.36615038963388 ], [ -99.603581735661152, 19.36615038963388 ], [ -99.603581735661152, 19.365880895048644 ], [ -99.602773251905447, 19.365880895048644 ], [ -99.602773251905447, 19.365611400463408 ], [ -99.601964768149728, 19.365611400463408 ], [ -99.601964768149728, 19.365072411292939 ], [ -99.601156284394023, 19.365072411292939 ], [ -99.601156284394023, 19.364802916707703 ], [ -99.600617295223557, 19.364802916707703 ], [ -99.600617295223557, 19.364533422122467 ], [ -99.600078306053078, 19.364533422122467 ], [ -99.600078306053078, 19.36426392753723 ], [ -99.601156284394023, 19.36426392753723 ], [ -99.601156284394023, 19.364533422122467 ], [ -99.601964768149728, 19.364533422122467 ], [ -99.601964768149728, 19.364802916707703 ], [ -99.602234262734967, 19.364802916707703 ], [ -99.602234262734967, 19.365072411292939 ], [ -99.603042746490672, 19.365072411292939 ], [ -99.603042746490672, 19.365611400463408 ], [ -99.604120724831617, 19.365611400463408 ], [ -99.604120724831617, 19.365880895048644 ], [ -99.604390219416857, 19.365880895048644 ], [ -99.604390219416857, 19.366419884219116 ] ] ] ] } },
{ "type": "Feature", "properties": { "ZONA_MET": "Toluca", "INTENSIDAD": "Intensa", "T_PROM_POL": 3.0, "T_MIN_CIUD": 1.0, "DIF_TERMIC": 2.0 }, "geometry": { "type": "MultiPolygon", "coordinates": [ [ [ [ -99.622985345798128, 19.36615038963388 ], [ -99.622715851212888, 19.36615038963388 ], [ -99.622715851212888, 19.365880895048644 ], [ -99.622176862042423, 19.365880895048644 ], [ -99.622176862042423, 19.365341905878175 ], [ -99.621907367457183, 19.365341905878175 ], [ -99.621907367457183, 19.365072411292939 ], [ -99.621368378286718, 19.365072411292939 ], [ -99.621368378286718, 19.365611400463408 ], [ -99.621098883701478, 19.365611400463408 ], [ -99.621098883701478, 19.365341905878175 ], [ -99.620829389116238, 19.365341905878175 ], [ -99.620829389116238, 19.365072411292939 ], [ -99.621098883701478, 19.365072411292939 ], [ -99.621098883701478, 19.364802916707703 ], [ -99.621368378286718, 19.364802916707703 ], [ -99.621368378286718, 19.36426392753723 ], [ -99.621637872871943, 19.36426392753723 ], [ -99.621637872871943, 19.364533422122467 ], [ -99.621907367457183, 19.364533422122467 ], [ -99.621907367457183, 19.364802916707703 ], [ -99.622715851212888, 19.364802916707703 ], [ -99.622715851212888, 19.365072411292939 ], [ -99.622985345798128, 19.365072411292939 ], [ -99.622985345798128, 19.36615038963388 ] ] ] ] } },
{ "type": "Feature", "properties": { "ZONA_MET": "Toluca", "INTENSIDAD": "Intensa", "T_PROM_POL": 4.0, "T_MIN_CIUD": 1.0, "DIF_TERMIC": 2.0 }, "geometry": { "type": "MultiPolygon", "coordinates": [ [ [ [ -99.559923612852941, 19.365880895048644 ], [ -99.559654118267702, 19.365880895048644 ], [ -99.559654118267702, 19.365611400463408 ], [ -99.559384623682462, 19.365611400463408 ], [ -99.559384623682462, 19.364533422122467 ], [ -99.559923612852941, 19.364533422122467 ], [ -99.559923612852941, 19.36426392753723 ], [ -99.560193107438181, 19.36426392753723 ], [ -99.560193107438181, 19.365341905878175 ], [ -99.559923612852941, 19.365341905878175 ], [ -99.559923612852941, 19.365880895048644 ] ] ] ] } },
{ "type": "Feature", "properties": { "ZONA_MET": "Toluca", "INTENSIDAD": "Intensa", "T_PROM_POL": 3.0, "T_MIN_CIUD": 1.0, "DIF_TERMIC": 2.0 }, "geometry": { "type": "MultiPolygon", "coordinates": [ [ [ [ -99.63753805340086, 19.367767357145297 ], [ -99.635382096718985, 19.367767357145297 ], [ -99.635382096718985, 19.367497862560061 ], [ -99.635112602133745, 19.367497862560061 ], [ -99.635112602133745, 19.367228367974825 ], [ -99.636460075059915, 19.367228367974825 ], [ -99.636460075059915, 19.367497862560061 ], [ -99.637268558815634, 19.367497862560061 ], [ -99.637268558815634, 19.367228367974825 ], [ -99.63753805340086, 19.367228367974825 ], [ -99.63753805340086, 19.365880895048644 ], [ -99.63619058047469, 19.365880895048644 ], [ -99.63619058047469, 19.365611400463408 ], [ -99.635382096718985, 19.365611400463408 ], [ -99.635382096718985, 19.365880895048644 ], [ -99.635112602133745, 19.365880895048644 ], [ -99.635112602133745, 19.365341905878175 ], [ -99.635382096718985, 19.365341905878175 ], [ -99.635382096718985, 19.365072411292939 ], [ -99.63619058047469, 19.365072411292939 ], [ -99.63619058047469, 19.365341905878175 ], [ -99.636460075059915, 19.365341905878175 ], [ -99.636460075059915, 19.365072411292939 ], [ -99.638077042571339, 19.365072411292939 ], [ -99.638077042571339, 19.364533422122467 ], [ -99.6378075479861, 19.364533422122467 ], [ -99.6378075479861, 19.363994432951994 ], [ -99.638885526327044, 19.363994432951994 ], [ -99.638885526327044, 19.36426392753723 ], [ -99.638616031741805, 19.36426392753723 ], [ -99.638616031741805, 19.364533422122467 ], [ -99.638346537156579, 19.364533422122467 ], [ -99.638346537156579, 19.365341905878175 ], [ -99.638077042571339, 19.365341905878175 ], [ -99.638077042571339, 19.366419884219116 ], [ -99.6378075479861, 19.366419884219116 ], [ -99.6378075479861, 19.367497862560061 ], [ -99.63753805340086, 19.367497862560061 ], [ -99.63753805340086, 19.367767357145297 ] ] ] ] } },
{ "type": "Feature", "properties": { "ZONA_MET": "Toluca", "INTENSIDAD": "Intensa", "T_PROM_POL": 3.0, "T_MIN_CIUD": 1.0, "DIF_TERMIC": 2.0 }, "geometry": { "type": "MultiPolygon", "coordinates": [ [ [ [ -99.672302854896287, 19.365611400463408 ], [ -99.671763865725822, 19.365611400463408 ], [ -99.671763865725822, 19.365341905878175 ], [ -99.671224876555343, 19.365341905878175 ], [ -99.671224876555343, 19.365072411292939 ], [ -99.671763865725822, 19.365072411292939 ], [ -99.671763865725822, 19.363994432951994 ], [ -99.671224876555343, 19.363994432951994 ], [ -99.671224876555343, 19.363724938366758 ], [ -99.672572349481527, 19.363724938366758 ], [ -99.672572349481527, 19.36426392753723 ], [ -99.672302854896287, 19.36426392753723 ], [ -99.672302854896287, 19.365072411292939 ], [ -99.672033360311048, 19.365072411292939 ], [ -99.672033360311048, 19.365341905878175 ], [ -99.672302854896287, 19.365341905878175 ], [ -99.672302854896287, 19.365611400463408 ] ] ] ] } },
{ "type": "Feature", "properties": { "ZONA_MET": "Toluca", "INTENSIDAD": "Intensa", "T_PROM_POL": 4.0, "T_MIN_CIUD": 1.0, "DIF_TERMIC": 2.0 }, "geometry": { "type": "MultiPolygon", "coordinates": [ [ [ [ -99.573398342114729, 19.365072411292939 ], [ -99.573128847529503, 19.365072411292939 ], [ -99.573128847529503, 19.364802916707703 ], [ -99.572589858359024, 19.364802916707703 ], [ -99.572589858359024, 19.364533422122467 ], [ -99.572859352944263, 19.364533422122467 ], [ -99.572859352944263, 19.36426392753723 ], [ -99.573128847529503, 19.36426392753723 ], [ -99.573128847529503, 19.363724938366758 ], [ -99.573667836699968, 19.363724938366758 ], [ -99.573667836699968, 19.363994432951994 ], [ -99.573937331285208, 19.363994432951994 ], [ -99.573937331285208, 19.36426392753723 ], [ -99.573667836699968, 19.36426392753723 ], [ -99.573667836699968, 19.364533422122467 ], [ -99.573398342114729, 19.364533422122467 ], [ -99.573398342114729, 19.365072411292939 ] ] ] ] } },
{ "type": "Feature", "properties": { "ZONA_MET": "Toluca", "INTENSIDAD": "Intensa", "T_PROM_POL": 4.0, "T_MIN_CIUD": 1.0, "DIF_TERMIC": 2.0 }, "geometry": { "type": "MultiPolygon", "coordinates": [ [ [ [ -99.556420183244867, 19.366958873389589 ], [ -99.556150688659642, 19.366958873389589 ], [ -99.556150688659642, 19.366419884219116 ], [ -99.555881194074402, 19.366419884219116 ], [ -99.555881194074402, 19.366689378804352 ], [ -99.555342204903937, 19.366689378804352 ], [ -99.555342204903937, 19.366419884219116 ], [ -99.555611699489162, 19.366419884219116 ], [ -99.555611699489162, 19.36615038963388 ], [ -99.555881194074402, 19.36615038963388 ], [ -99.555881194074402, 19.365880895048644 ], [ -99.556150688659642, 19.365880895048644 ], [ -99.556150688659642, 19.365611400463408 ], [ -99.556420183244867, 19.365611400463408 ], [ -99.556420183244867, 19.364802916707703 ], [ -99.556689677830107, 19.364802916707703 ], [ -99.556689677830107, 19.364533422122467 ], [ -99.557498161585812, 19.364533422122467 ], [ -99.557498161585812, 19.36426392753723 ], [ -99.557767656171052, 19.36426392753723 ], [ -99.557767656171052, 19.363994432951994 ], [ -99.558306645341531, 19.363994432951994 ], [ -99.558306645341531, 19.363724938366758 ], [ -99.558845634511997, 19.363724938366758 ], [ -99.558845634511997, 19.363994432951994 ], [ -99.558576139926757, 19.363994432951994 ], [ -99.558576139926757, 19.364533422122467 ], [ -99.558306645341531, 19.364533422122467 ], [ -99.558306645341531, 19.364802916707703 ], [ -99.558037150756292, 19.364802916707703 ], [ -99.558037150756292, 19.365341905878175 ], [ -99.558576139926757, 19.365341905878175 ], [ -99.558576139926757, 19.365611400463408 ], [ -99.557767656171052, 19.365611400463408 ], [ -99.557767656171052, 19.365341905878175 ], [ -99.557498161585812, 19.365341905878175 ], [ -99.557498161585812, 19.365611400463408 ], [ -99.556959172415347, 19.365611400463408 ], [ -99.556959172415347, 19.365880895048644 ], [ -99.556689677830107, 19.365880895048644 ], [ -99.556689677830107, 19.366689378804352 ], [ -99.556420183244867, 19.366689378804352 ], [ -99.556420183244867, 19.366958873389589 ] ], [ [ -99.556959172415347, 19.365611400463408 ], [ -99.556959172415347, 19.365072411292939 ], [ -99.556689677830107, 19.365072411292939 ], [ -99.556689677830107, 19.365611400463408 ], [ -99.556959172415347, 19.365611400463408 ] ] ] ] } },
{ "type": "Feature", "properties": { "ZONA_MET": "Toluca", "INTENSIDAD": "Intensa", "T_PROM_POL": 4.0, "T_MIN_CIUD": 1.0, "DIF_TERMIC": 2.0 }, "geometry": { "type": "MultiPolygon", "coordinates": [ [ [ [ -99.619481916190068, 19.365611400463408 ], [ -99.619212421604828, 19.365611400463408 ], [ -99.619212421604828, 19.363724938366758 ], [ -99.618942927019589, 19.363724938366758 ], [ -99.618942927019589, 19.363455443781522 ], [ -99.619751410775294, 19.363455443781522 ], [ -99.619751410775294, 19.363724938366758 ], [ -99.620020905360533, 19.363724938366758 ], [ -99.620020905360533, 19.36426392753723 ], [ -99.620559894531013, 19.36426392753723 ], [ -99.620559894531013, 19.364533422122467 ], [ -99.619751410775294, 19.364533422122467 ], [ -99.619751410775294, 19.365341905878175 ], [ -99.619481916190068, 19.365341905878175 ], [ -99.619481916190068, 19.365611400463408 ] ] ] ] } },
{ "type": "Feature", "properties": { "ZONA_MET": "Toluca", "INTENSIDAD": "Intensa", "T_PROM_POL": 4.0, "T_MIN_CIUD": 1.0, "DIF_TERMIC": 2.0 }, "geometry": { "type": "MultiPolygon", "coordinates": [ [ [ [ -99.565044009972425, 19.364533422122467 ], [ -99.564505020801946, 19.364533422122467 ], [ -99.564505020801946, 19.36426392753723 ], [ -99.56396603163148, 19.36426392753723 ], [ -99.56396603163148, 19.363724938366758 ], [ -99.563696537046241, 19.363724938366758 ], [ -99.563696537046241, 19.363455443781522 ], [ -99.56423552621672, 19.363455443781522 ], [ -99.56423552621672, 19.363724938366758 ], [ -99.565044009972425, 19.363724938366758 ], [ -99.565044009972425, 19.363994432951994 ], [ -99.565313504557651, 19.363994432951994 ], [ -99.565313504557651, 19.363724938366758 ], [ -99.56558299914289, 19.363724938366758 ], [ -99.56558299914289, 19.36426392753723 ], [ -99.565044009972425, 19.36426392753723 ], [ -99.565044009972425, 19.364533422122467 ] ] ] ] } },
{ "type": "Feature", "properties": { "ZONA_MET": "Toluca", "INTENSIDAD": "Intensa", "T_PROM_POL": 4.0, "T_MIN_CIUD": 1.0, "DIF_TERMIC": 2.0 }, "geometry": { "type": "MultiPolygon", "coordinates": [ [ [ [ -99.598191843956428, 19.364802916707703 ], [ -99.597113865615484, 19.364802916707703 ], [ -99.597113865615484, 19.36426392753723 ], [ -99.597383360200723, 19.36426392753723 ], [ -99.597383360200723, 19.364533422122467 ], [ -99.597922349371188, 19.364533422122467 ], [ -99.597922349371188, 19.363455443781522 ], [ -99.597652854785963, 19.363455443781522 ], [ -99.597652854785963, 19.363185949196286 ], [ -99.597922349371188, 19.363185949196286 ], [ -99.597922349371188, 19.362916454611049 ], [ -99.598730833126908, 19.362916454611049 ], [ -99.598730833126908, 19.363455443781522 ], [ -99.598461338541668, 19.363455443781522 ], [ -99.598461338541668, 19.363994432951994 ], [ -99.598191843956428, 19.363994432951994 ], [ -99.598191843956428, 19.364802916707703 ] ] ] ] } },
{ "type": "Feature", "properties": { "ZONA_MET": "Toluca", "INTENSIDAD": "Intensa", "T_PROM_POL": 3.0, "T_MIN_CIUD": 1.0, "DIF_TERMIC": 2.0 }, "geometry": { "type": "MultiPolygon", "coordinates": [ [ [ [ -99.633495634622321, 19.368036851730533 ], [ -99.631609172525671, 19.368036851730533 ], [ -99.631609172525671, 19.367767357145297 ], [ -99.632956645451856, 19.367767357145297 ], [ -99.632956645451856, 19.367228367974825 ], [ -99.633226140037095, 19.367228367974825 ], [ -99.633226140037095, 19.367497862560061 ], [ -99.633495634622321, 19.367497862560061 ], [ -99.633495634622321, 19.366958873389589 ], [ -99.632687150866616, 19.366958873389589 ], [ -99.632687150866616, 19.367228367974825 ], [ -99.63241765628139, 19.367228367974825 ], [ -99.63241765628139, 19.366958873389589 ], [ -99.630800688769966, 19.366958873389589 ], [ -99.630800688769966, 19.367228367974825 ], [ -99.629992205014261, 19.367228367974825 ], [ -99.629992205014261, 19.366689378804352 ], [ -99.630800688769966, 19.366689378804352 ], [ -99.630800688769966, 19.366419884219116 ], [ -99.631070183355206, 19.366419884219116 ], [ -99.631070183355206, 19.365880895048644 ], [ -99.631609172525671, 19.365880895048644 ], [ -99.631609172525671, 19.366419884219116 ], [ -99.632148161696151, 19.366419884219116 ], [ -99.632148161696151, 19.366689378804352 ], [ -99.63241765628139, 19.366689378804352 ], [ -99.63241765628139, 19.366419884219116 ], [ -99.633765129207561, 19.366419884219116 ], [ -99.633765129207561, 19.365880895048644 ], [ -99.6340346237928, 19.365880895048644 ], [ -99.6340346237928, 19.364802916707703 ], [ -99.63430411837804, 19.364802916707703 ], [ -99.63430411837804, 19.36426392753723 ], [ -99.631878667110911, 19.36426392753723 ], [ -99.631878667110911, 19.363994432951994 ], [ -99.631609172525671, 19.363994432951994 ], [ -99.631609172525671, 19.363724938366758 ], [ -99.63241765628139, 19.363724938366758 ], [ -99.63241765628139, 19.363455443781522 ], [ -99.632148161696151, 19.363455443781522 ], [ -99.632148161696151, 19.363185949196286 ], [ -99.631878667110911, 19.363185949196286 ], [ -99.631878667110911, 19.362916454611049 ], [ -99.63241765628139, 19.362916454611049 ], [ -99.63241765628139, 19.363185949196286 ], [ -99.632687150866616, 19.363185949196286 ], [ -99.632687150866616, 19.362916454611049 ], [ -99.632956645451856, 19.362916454611049 ], [ -99.632956645451856, 19.362377465440581 ], [ -99.632687150866616, 19.362377465440581 ], [ -99.632687150866616, 19.362107970855345 ], [ -99.632956645451856, 19.362107970855345 ], [ -99.632956645451856, 19.361838476270108 ], [ -99.633226140037095, 19.361838476270108 ], [ -99.633226140037095, 19.362107970855345 ], [ -99.6340346237928, 19.362107970855345 ], [ -99.6340346237928, 19.362377465440581 ], [ -99.633765129207561, 19.362377465440581 ], [ -99.633765129207561, 19.362646960025813 ], [ -99.6340346237928, 19.362646960025813 ], [ -99.6340346237928, 19.362916454611049 ], [ -99.634843107548505, 19.362916454611049 ], [ -99.634843107548505, 19.363185949196286 ], [ -99.635112602133745, 19.363185949196286 ], [ -99.635112602133745, 19.363455443781522 ], [ -99.635382096718985, 19.363455443781522 ], [ -99.635382096718985, 19.363724938366758 ], [ -99.634573612963266, 19.363724938366758 ], [ -99.634573612963266, 19.365341905878175 ], [ -99.634843107548505, 19.365341905878175 ], [ -99.634843107548505, 19.365611400463408 ], [ -99.63430411837804, 19.365611400463408 ], [ -99.63430411837804, 19.36615038963388 ], [ -99.6340346237928, 19.36615038963388 ], [ -99.6340346237928, 19.366689378804352 ], [ -99.633765129207561, 19.366689378804352 ], [ -99.633765129207561, 19.366958873389589 ], [ -99.6340346237928, 19.366958873389589 ], [ -99.6340346237928, 19.367228367974825 ], [ -99.63430411837804, 19.367228367974825 ], [ -99.63430411837804, 19.367767357145297 ], [ -99.633495634622321, 19.367767357145297 ], [ -99.633495634622321, 19.368036851730533 ] ], [ [ -99.632956645451856, 19.363455443781522 ], [ -99.632956645451856, 19.363185949196286 ], [ -99.632687150866616, 19.363185949196286 ], [ -99.632687150866616, 19.363455443781522 ], [ -99.632956645451856, 19.363455443781522 ] ], [ [ -99.6340346237928, 19.363185949196286 ], [ -99.6340346237928, 19.362916454611049 ], [ -99.633495634622321, 19.362916454611049 ], [ -99.633495634622321, 19.362646960025813 ], [ -99.633226140037095, 19.362646960025813 ], [ -99.633226140037095, 19.363185949196286 ], [ -99.6340346237928, 19.363185949196286 ] ] ] ] } },
{ "type": "Feature", "properties": { "ZONA_MET": "Toluca", "INTENSIDAD": "Intensa", "T_PROM_POL": 4.0, "T_MIN_CIUD": 1.0, "DIF_TERMIC": 2.0 }, "geometry": { "type": "MultiPolygon", "coordinates": [ [ [ [ -99.612205562388695, 19.363724938366758 ], [ -99.611936067803455, 19.363724938366758 ], [ -99.611936067803455, 19.363455443781522 ], [ -99.61166657321823, 19.363455443781522 ], [ -99.61166657321823, 19.362916454611049 ], [ -99.611936067803455, 19.362916454611049 ], [ -99.611936067803455, 19.362377465440581 ], [ -99.612205562388695, 19.362377465440581 ], [ -99.612205562388695, 19.361568981684872 ], [ -99.612475056973935, 19.361568981684872 ], [ -99.612475056973935, 19.362916454611049 ], [ -99.612205562388695, 19.362916454611049 ], [ -99.612205562388695, 19.363724938366758 ] ] ] ] } },
{ "type": "Feature", "properties": { "ZONA_MET": "Toluca", "INTENSIDAD": "Intensa", "T_PROM_POL": 4.0, "T_MIN_CIUD": 1.0, "DIF_TERMIC": 2.0 }, "geometry": { "type": "MultiPolygon", "coordinates": [ [ [ [ -99.615978486581994, 19.363724938366758 ], [ -99.615708991996755, 19.363724938366758 ], [ -99.615708991996755, 19.362377465440581 ], [ -99.61490050824105, 19.362377465440581 ], [ -99.61490050824105, 19.362916454611049 ], [ -99.614631013655824, 19.362916454611049 ], [ -99.614631013655824, 19.362377465440581 ], [ -99.614092024485345, 19.362377465440581 ], [ -99.614092024485345, 19.361838476270108 ], [ -99.614631013655824, 19.361838476270108 ], [ -99.614631013655824, 19.362107970855345 ], [ -99.61490050824105, 19.362107970855345 ], [ -99.61490050824105, 19.361838476270108 ], [ -99.615170002826289, 19.361838476270108 ], [ -99.615170002826289, 19.362107970855345 ], [ -99.616247981167234, 19.362107970855345 ], [ -99.616247981167234, 19.361838476270108 ], [ -99.616517475752474, 19.361838476270108 ], [ -99.616517475752474, 19.361568981684872 ], [ -99.616786970337699, 19.361568981684872 ], [ -99.616786970337699, 19.362107970855345 ], [ -99.616517475752474, 19.362107970855345 ], [ -99.616517475752474, 19.362377465440581 ], [ -99.617056464922939, 19.362377465440581 ], [ -99.617056464922939, 19.362916454611049 ], [ -99.616517475752474, 19.362916454611049 ], [ -99.616517475752474, 19.362646960025813 ], [ -99.616247981167234, 19.362646960025813 ], [ -99.616247981167234, 19.363185949196286 ], [ -99.615978486581994, 19.363185949196286 ], [ -99.615978486581994, 19.363724938366758 ] ] ] ] } },
{ "type": "Feature", "properties": { "ZONA_MET": "Toluca", "INTENSIDAD": "Intensa", "T_PROM_POL": 4.0, "T_MIN_CIUD": 1.0, "DIF_TERMIC": 2.0 }, "geometry": { "type": "MultiPolygon", "coordinates": [ [ [ [ -99.638885526327044, 19.363724938366758 ], [ -99.638077042571339, 19.363724938366758 ], [ -99.638077042571339, 19.363185949196286 ], [ -99.6378075479861, 19.363185949196286 ], [ -99.6378075479861, 19.362646960025813 ], [ -99.638077042571339, 19.362646960025813 ], [ -99.638077042571339, 19.362377465440581 ], [ -99.638616031741805, 19.362377465440581 ], [ -99.638616031741805, 19.361568981684872 ], [ -99.639694010082749, 19.361568981684872 ], [ -99.639694010082749, 19.361838476270108 ], [ -99.639155020912284, 19.361838476270108 ], [ -99.639155020912284, 19.362107970855345 ], [ -99.638885526327044, 19.362107970855345 ], [ -99.638885526327044, 19.363185949196286 ], [ -99.638616031741805, 19.363185949196286 ], [ -99.638616031741805, 19.363455443781522 ], [ -99.638885526327044, 19.363455443781522 ], [ -99.638885526327044, 19.363724938366758 ] ] ] ] } },
{ "type": "Feature", "properties": { "ZONA_MET": "Toluca", "INTENSIDAD": "Intensa", "T_PROM_POL": 4.0, "T_MIN_CIUD": 1.0, "DIF_TERMIC": 2.0 }, "geometry": { "type": "MultiPolygon", "coordinates": [ [ [ [ -99.734286609500529, 19.362377465440581 ], [ -99.734017114915304, 19.362377465440581 ], [ -99.734017114915304, 19.362107970855345 ], [ -99.733478125744824, 19.362107970855345 ], [ -99.733478125744824, 19.361838476270108 ], [ -99.733208631159599, 19.361838476270108 ], [ -99.733208631159599, 19.361299487099636 ], [ -99.733478125744824, 19.361299487099636 ], [ -99.733478125744824, 19.361568981684872 ], [ -99.735095093256248, 19.361568981684872 ], [ -99.735095093256248, 19.361838476270108 ], [ -99.734286609500529, 19.361838476270108 ], [ -99.734286609500529, 19.362377465440581 ] ] ] ] } },
{ "type": "Feature", "properties": { "ZONA_MET": "Toluca", "INTENSIDAD": "Intensa", "T_PROM_POL": 4.0, "T_MIN_CIUD": 1.0, "DIF_TERMIC": 2.0 }, "geometry": { "type": "MultiPolygon", "coordinates": [ [ [ [ -99.58875953347318, 19.363185949196286 ], [ -99.587951049717475, 19.363185949196286 ], [ -99.587951049717475, 19.362916454611049 ], [ -99.587681555132235, 19.362916454611049 ], [ -99.587681555132235, 19.362646960025813 ], [ -99.587412060546995, 19.362646960025813 ], [ -99.587412060546995, 19.362107970855345 ], [ -99.587142565961756, 19.362107970855345 ], [ -99.587142565961756, 19.361568981684872 ], [ -99.587412060546995, 19.361568981684872 ], [ -99.587412060546995, 19.361299487099636 ], [ -99.587681555132235, 19.361299487099636 ], [ -99.587681555132235, 19.361568981684872 ], [ -99.587951049717475, 19.361568981684872 ], [ -99.587951049717475, 19.361838476270108 ], [ -99.587681555132235, 19.361838476270108 ], [ -99.587681555132235, 19.362107970855345 ], [ -99.587951049717475, 19.362107970855345 ], [ -99.587951049717475, 19.362377465440581 ], [ -99.5882205443027, 19.362377465440581 ], [ -99.5882205443027, 19.362646960025813 ], [ -99.58875953347318, 19.362646960025813 ], [ -99.58875953347318, 19.361838476270108 ], [ -99.589298522643645, 19.361838476270108 ], [ -99.589298522643645, 19.362107970855345 ], [ -99.589029028058405, 19.362107970855345 ], [ -99.589029028058405, 19.362646960025813 ], [ -99.589298522643645, 19.362646960025813 ], [ -99.589298522643645, 19.362916454611049 ], [ -99.58875953347318, 19.362916454611049 ], [ -99.58875953347318, 19.363185949196286 ] ] ] ] } },
{ "type": "Feature", "properties": { "ZONA_MET": "Toluca", "INTENSIDAD": "Intensa", "T_PROM_POL": 3.0, "T_MIN_CIUD": 1.0, "DIF_TERMIC": 2.0 }, "geometry": { "type": "MultiPolygon", "coordinates": [ [ [ [ -99.566660977483835, 19.36426392753723 ], [ -99.566391482898595, 19.36426392753723 ], [ -99.566391482898595, 19.363455443781522 ], [ -99.56585249372813, 19.363455443781522 ], [ -99.56585249372813, 19.363724938366758 ], [ -99.56558299914289, 19.363724938366758 ], [ -99.56558299914289, 19.363185949196286 ], [ -99.56585249372813, 19.363185949196286 ], [ -99.56585249372813, 19.362916454611049 ], [ -99.566391482898595, 19.362916454611049 ], [ -99.566391482898595, 19.362377465440581 ], [ -99.56612198831337, 19.362377465440581 ], [ -99.56612198831337, 19.361838476270108 ], [ -99.56585249372813, 19.361838476270108 ], [ -99.56585249372813, 19.362107970855345 ], [ -99.564774515387185, 19.362107970855345 ], [ -99.564774515387185, 19.361838476270108 ], [ -99.565313504557651, 19.361838476270108 ], [ -99.565313504557651, 19.361568981684872 ], [ -99.56558299914289, 19.361568981684872 ], [ -99.56558299914289, 19.361299487099636 ], [ -99.565313504557651, 19.361299487099636 ], [ -99.565313504557651, 19.3610299925144 ], [ -99.56612198831337, 19.3610299925144 ], [ -99.56612198831337, 19.361299487099636 ], [ -99.566391482898595, 19.361299487099636 ], [ -99.566391482898595, 19.361838476270108 ], [ -99.566930472069075, 19.361838476270108 ], [ -99.566930472069075, 19.361299487099636 ], [ -99.567199966654314, 19.361299487099636 ], [ -99.567199966654314, 19.361568981684872 ], [ -99.56773895582478, 19.361568981684872 ], [ -99.56773895582478, 19.361838476270108 ], [ -99.567199966654314, 19.361838476270108 ], [ -99.567199966654314, 19.362377465440581 ], [ -99.566930472069075, 19.362377465440581 ], [ -99.566930472069075, 19.363185949196286 ], [ -99.566660977483835, 19.363185949196286 ], [ -99.566660977483835, 19.36426392753723 ] ] ] ] } },
{ "type": "Feature", "properties": { "ZONA_MET": "Toluca", "INTENSIDAD": "Intensa", "T_PROM_POL": 3.0, "T_MIN_CIUD": 1.0, "DIF_TERMIC": 2.0 }, "geometry": { "type": "MultiPolygon", "coordinates": [ [ [ [ -99.621098883701478, 19.363724938366758 ], [ -99.620829389116238, 19.363724938366758 ], [ -99.620829389116238, 19.363455443781522 ], [ -99.619751410775294, 19.363455443781522 ], [ -99.619751410775294, 19.362916454611049 ], [ -99.619481916190068, 19.362916454611049 ], [ -99.619481916190068, 19.362646960025813 ], [ -99.619751410775294, 19.362646960025813 ], [ -99.619751410775294, 19.362107970855345 ], [ -99.620020905360533, 19.362107970855345 ], [ -99.620020905360533, 19.361299487099636 ], [ -99.619751410775294, 19.361299487099636 ], [ -99.619751410775294, 19.360760497929164 ], [ -99.620290399945773, 19.360760497929164 ], [ -99.620290399945773, 19.363185949196286 ], [ -99.620559894531013, 19.363185949196286 ], [ -99.620559894531013, 19.362916454611049 ], [ -99.620829389116238, 19.362916454611049 ], [ -99.620829389116238, 19.363185949196286 ], [ -99.621098883701478, 19.363185949196286 ], [ -99.621098883701478, 19.363724938366758 ] ] ] ] } },
{ "type": "Feature", "properties": { "ZONA_MET": "Toluca", "INTENSIDAD": "Intensa", "T_PROM_POL": 4.0, "T_MIN_CIUD": 1.0, "DIF_TERMIC": 2.0 }, "geometry": { "type": "MultiPolygon", "coordinates": [ [ [ [ -99.674458811578177, 19.362107970855345 ], [ -99.673919822407711, 19.362107970855345 ], [ -99.673919822407711, 19.361838476270108 ], [ -99.673380833237232, 19.361838476270108 ], [ -99.673380833237232, 19.362107970855345 ], [ -99.673111338651992, 19.362107970855345 ], [ -99.673111338651992, 19.361838476270108 ], [ -99.672841844066767, 19.361838476270108 ], [ -99.672841844066767, 19.361568981684872 ], [ -99.672572349481527, 19.361568981684872 ], [ -99.672572349481527, 19.361299487099636 ], [ -99.673111338651992, 19.361299487099636 ], [ -99.673111338651992, 19.361568981684872 ], [ -99.673380833237232, 19.361568981684872 ], [ -99.673380833237232, 19.361299487099636 ], [ -99.674189316992937, 19.361299487099636 ], [ -99.674189316992937, 19.360760497929164 ], [ -99.674458811578177, 19.360760497929164 ], [ -99.674458811578177, 19.361568981684872 ], [ -99.674189316992937, 19.361568981684872 ], [ -99.674189316992937, 19.361838476270108 ], [ -99.674458811578177, 19.361838476270108 ], [ -99.674458811578177, 19.362107970855345 ] ] ] ] } },
{ "type": "Feature", "properties": { "ZONA_MET": "Toluca", "INTENSIDAD": "Intensa", "T_PROM_POL": 4.0, "T_MIN_CIUD": 1.0, "DIF_TERMIC": 2.0 }, "geometry": { "type": "MultiPolygon", "coordinates": [ [ [ [ -99.630800688769966, 19.362107970855345 ], [ -99.630261699599501, 19.362107970855345 ], [ -99.630261699599501, 19.361838476270108 ], [ -99.629992205014261, 19.361838476270108 ], [ -99.629992205014261, 19.361568981684872 ], [ -99.630531194184726, 19.361568981684872 ], [ -99.630531194184726, 19.360760497929164 ], [ -99.629453215843796, 19.360760497929164 ], [ -99.629453215843796, 19.3610299925144 ], [ -99.629183721258556, 19.3610299925144 ], [ -99.629183721258556, 19.360491003343927 ], [ -99.629722710429022, 19.360491003343927 ], [ -99.629722710429022, 19.360221508758691 ], [ -99.629992205014261, 19.360221508758691 ], [ -99.629992205014261, 19.360491003343927 ], [ -99.630800688769966, 19.360491003343927 ], [ -99.630800688769966, 19.3610299925144 ], [ -99.631070183355206, 19.3610299925144 ], [ -99.631070183355206, 19.361299487099636 ], [ -99.630800688769966, 19.361299487099636 ], [ -99.630800688769966, 19.362107970855345 ] ] ] ] } },
{ "type": "Feature", "properties": { "ZONA_MET": "Toluca", "INTENSIDAD": "Intensa", "T_PROM_POL": 4.0, "T_MIN_CIUD": 1.0, "DIF_TERMIC": 2.0 }, "geometry": { "type": "MultiPolygon", "coordinates": [ [ [ [ -99.576093287967097, 19.361568981684872 ], [ -99.575823793381858, 19.361568981684872 ], [ -99.575823793381858, 19.360760497929164 ], [ -99.575554298796618, 19.360760497929164 ], [ -99.575554298796618, 19.360491003343927 ], [ -99.575284804211378, 19.360491003343927 ], [ -99.575284804211378, 19.360221508758691 ], [ -99.575015309626153, 19.360221508758691 ], [ -99.575015309626153, 19.359952014173455 ], [ -99.575554298796618, 19.359952014173455 ], [ -99.575554298796618, 19.360221508758691 ], [ -99.575823793381858, 19.360221508758691 ], [ -99.575823793381858, 19.360491003343927 ], [ -99.576362782552323, 19.360491003343927 ], [ -99.576362782552323, 19.360760497929164 ], [ -99.576632277137563, 19.360760497929164 ], [ -99.576632277137563, 19.3610299925144 ], [ -99.576093287967097, 19.3610299925144 ], [ -99.576093287967097, 19.361568981684872 ] ] ] ] } },
{ "type": "Feature", "properties": { "ZONA_MET": "Toluca", "INTENSIDAD": "Intensa", "T_PROM_POL": 3.0, "T_MIN_CIUD": 1.0, "DIF_TERMIC": 2.0 }, "geometry": { "type": "MultiPolygon", "coordinates": [ [ [ [ -99.624871807894777, 19.360221508758691 ], [ -99.624332818724312, 19.360221508758691 ], [ -99.624332818724312, 19.359952014173455 ], [ -99.623793829553833, 19.359952014173455 ], [ -99.623793829553833, 19.360221508758691 ], [ -99.622446356627663, 19.360221508758691 ], [ -99.622446356627663, 19.359682519588219 ], [ -99.622985345798128, 19.359682519588219 ], [ -99.622985345798128, 19.359413025002983 ], [ -99.623254840383368, 19.359413025002983 ], [ -99.623254840383368, 19.359682519588219 ], [ -99.624602313309538, 19.359682519588219 ], [ -99.624602313309538, 19.359952014173455 ], [ -99.624871807894777, 19.359952014173455 ], [ -99.624871807894777, 19.360221508758691 ] ] ] ] } },
{ "type": "Feature", "properties": { "ZONA_MET": "Toluca", "INTENSIDAD": "Intensa", "T_PROM_POL": 3.0, "T_MIN_CIUD": 1.0, "DIF_TERMIC": 2.0 }, "geometry": { "type": "MultiPolygon", "coordinates": [ [ [ [ -99.63565159130421, 19.359952014173455 ], [ -99.635112602133745, 19.359952014173455 ], [ -99.635112602133745, 19.359682519588219 ], [ -99.6340346237928, 19.359682519588219 ], [ -99.6340346237928, 19.359952014173455 ], [ -99.633765129207561, 19.359952014173455 ], [ -99.633765129207561, 19.359682519588219 ], [ -99.633495634622321, 19.359682519588219 ], [ -99.633495634622321, 19.359413025002983 ], [ -99.634573612963266, 19.359413025002983 ], [ -99.634573612963266, 19.35914353041775 ], [ -99.635112602133745, 19.35914353041775 ], [ -99.635112602133745, 19.358874035832514 ], [ -99.63565159130421, 19.358874035832514 ], [ -99.63565159130421, 19.358335046662042 ], [ -99.635382096718985, 19.358335046662042 ], [ -99.635382096718985, 19.358065552076805 ], [ -99.635112602133745, 19.358065552076805 ], [ -99.635112602133745, 19.357796057491569 ], [ -99.635382096718985, 19.357796057491569 ], [ -99.635382096718985, 19.357257068321097 ], [ -99.63592108588945, 19.357257068321097 ], [ -99.63592108588945, 19.357796057491569 ], [ -99.636460075059915, 19.357796057491569 ], [ -99.636460075059915, 19.358065552076805 ], [ -99.63592108588945, 19.358065552076805 ], [ -99.63592108588945, 19.358604541247278 ], [ -99.63619058047469, 19.358604541247278 ], [ -99.63619058047469, 19.358874035832514 ], [ -99.63592108588945, 19.358874035832514 ], [ -99.63592108588945, 19.359413025002983 ], [ -99.63565159130421, 19.359413025002983 ], [ -99.63565159130421, 19.359952014173455 ] ] ] ] } },
{ "type": "Feature", "properties": { "ZONA_MET": "Toluca", "INTENSIDAD": "Intensa", "T_PROM_POL": 4.0, "T_MIN_CIUD": 1.0, "DIF_TERMIC": 2.0 }, "geometry": { "type": "MultiPolygon", "coordinates": [ [ [ [ -99.569894912506669, 19.357526562906333 ], [ -99.569625417921429, 19.357526562906333 ], [ -99.569625417921429, 19.357257068321097 ], [ -99.56935592333619, 19.357257068321097 ], [ -99.56935592333619, 19.356987573735861 ], [ -99.569086428750964, 19.356987573735861 ], [ -99.569086428750964, 19.356718079150625 ], [ -99.568816934165724, 19.356718079150625 ], [ -99.568816934165724, 19.356448584565388 ], [ -99.568547439580485, 19.356448584565388 ], [ -99.568547439580485, 19.35590959539492 ], [ -99.569086428750964, 19.35590959539492 ], [ -99.569086428750964, 19.355370606224447 ], [ -99.569625417921429, 19.355370606224447 ], [ -99.569625417921429, 19.35590959539492 ], [ -99.56935592333619, 19.35590959539492 ], [ -99.56935592333619, 19.356448584565388 ], [ -99.569625417921429, 19.356448584565388 ], [ -99.569625417921429, 19.356718079150625 ], [ -99.569894912506669, 19.356718079150625 ], [ -99.569894912506669, 19.357526562906333 ] ] ] ] } },
{ "type": "Feature", "properties": { "ZONA_MET": "Toluca", "INTENSIDAD": "Extrema", "T_PROM_POL": 4.0, "T_MIN_CIUD": 1.0, "DIF_TERMIC": 2.0 }, "geometry": { "type": "MultiPolygon", "coordinates": [ [ [ [ -99.576093287967097, 19.360491003343927 ], [ -99.575823793381858, 19.360491003343927 ], [ -99.575823793381858, 19.359952014173455 ], [ -99.575554298796618, 19.359952014173455 ], [ -99.575554298796618, 19.358874035832514 ], [ -99.575284804211378, 19.358874035832514 ], [ -99.575284804211378, 19.358335046662042 ], [ -99.575015309626153, 19.358335046662042 ], [ -99.575015309626153, 19.357796057491569 ], [ -99.574745815040913, 19.357796057491569 ], [ -99.574745815040913, 19.357526562906333 ], [ -99.574476320455673, 19.357526562906333 ], [ -99.574476320455673, 19.357257068321097 ], [ -99.574745815040913, 19.357257068321097 ], [ -99.574745815040913, 19.356448584565388 ], [ -99.574206825870434, 19.356448584565388 ], [ -99.574206825870434, 19.355640100809683 ], [ -99.574745815040913, 19.355640100809683 ], [ -99.574745815040913, 19.355101111639211 ], [ -99.575015309626153, 19.355101111639211 ], [ -99.575015309626153, 19.355370606224447 ], [ -99.575284804211378, 19.355370606224447 ], [ -99.575284804211378, 19.356179089980156 ], [ -99.575554298796618, 19.356179089980156 ], [ -99.575554298796618, 19.356448584565388 ], [ -99.575823793381858, 19.356448584565388 ], [ -99.575823793381858, 19.357257068321097 ], [ -99.576093287967097, 19.357257068321097 ], [ -99.576093287967097, 19.357796057491569 ], [ -99.576362782552323, 19.357796057491569 ], [ -99.576362782552323, 19.358335046662042 ], [ -99.576632277137563, 19.358335046662042 ], [ -99.576632277137563, 19.358604541247278 ], [ -99.576362782552323, 19.358604541247278 ], [ -99.576362782552323, 19.358874035832514 ], [ -99.576632277137563, 19.358874035832514 ], [ -99.576632277137563, 19.359682519588219 ], [ -99.576362782552323, 19.359682519588219 ], [ -99.576362782552323, 19.359952014173455 ], [ -99.576093287967097, 19.359952014173455 ], [ -99.576093287967097, 19.360491003343927 ] ], [ [ -99.575015309626153, 19.35590959539492 ], [ -99.575015309626153, 19.355640100809683 ], [ -99.574745815040913, 19.355640100809683 ], [ -99.574745815040913, 19.35590959539492 ], [ -99.575015309626153, 19.35590959539492 ] ] ] ] } },
{ "type": "Feature", "properties": { "ZONA_MET": "Toluca", "INTENSIDAD": "Intensa", "T_PROM_POL": 4.0, "T_MIN_CIUD": 1.0, "DIF_TERMIC": 2.0 }, "geometry": { "type": "MultiPolygon", "coordinates": [ [ [ [ -99.680387692453365, 19.356987573735861 ], [ -99.680118197868126, 19.356987573735861 ], [ -99.680118197868126, 19.356718079150625 ], [ -99.6798487032829, 19.356718079150625 ], [ -99.6798487032829, 19.356448584565388 ], [ -99.67957920869766, 19.356448584565388 ], [ -99.67957920869766, 19.355370606224447 ], [ -99.6798487032829, 19.355370606224447 ], [ -99.6798487032829, 19.355101111639211 ], [ -99.680118197868126, 19.355101111639211 ], [ -99.680118197868126, 19.354831617053975 ], [ -99.680926681623831, 19.354831617053975 ], [ -99.680926681623831, 19.356179089980156 ], [ -99.680387692453365, 19.356179089980156 ], [ -99.680387692453365, 19.356987573735861 ] ] ] ] } },
{ "type": "Feature", "properties": { "ZONA_MET": "Toluca", "INTENSIDAD": "Intensa", "T_PROM_POL": 3.0, "T_MIN_CIUD": 1.0, "DIF_TERMIC": 2.0 }, "geometry": { "type": "MultiPolygon", "coordinates": [ [ [ [ -99.683621627476199, 19.356448584565388 ], [ -99.68335213289096, 19.356448584565388 ], [ -99.68335213289096, 19.356179089980156 ], [ -99.68308263830572, 19.356179089980156 ], [ -99.68308263830572, 19.35590959539492 ], [ -99.682813143720495, 19.35590959539492 ], [ -99.682813143720495, 19.355370606224447 ], [ -99.682543649135255, 19.355370606224447 ], [ -99.682543649135255, 19.355101111639211 ], [ -99.68146567079431, 19.355101111639211 ], [ -99.68146567079431, 19.354831617053975 ], [ -99.682813143720495, 19.354831617053975 ], [ -99.682813143720495, 19.355101111639211 ], [ -99.68308263830572, 19.355101111639211 ], [ -99.68308263830572, 19.355370606224447 ], [ -99.684430111231904, 19.355370606224447 ], [ -99.684430111231904, 19.35590959539492 ], [ -99.683891122061425, 19.35590959539492 ], [ -99.683891122061425, 19.356179089980156 ], [ -99.683621627476199, 19.356179089980156 ], [ -99.683621627476199, 19.356448584565388 ] ] ] ] } },
{ "type": "Feature", "properties": { "ZONA_MET": "Toluca", "INTENSIDAD": "Intensa", "T_PROM_POL": 4.0, "T_MIN_CIUD": 1.0, "DIF_TERMIC": 2.0 }, "geometry": { "type": "MultiPolygon", "coordinates": [ [ [ [ -99.570972890847614, 19.356718079150625 ], [ -99.570433901677134, 19.356718079150625 ], [ -99.570433901677134, 19.356179089980156 ], [ -99.570164407091909, 19.356179089980156 ], [ -99.570164407091909, 19.356448584565388 ], [ -99.569894912506669, 19.356448584565388 ], [ -99.569894912506669, 19.35590959539492 ], [ -99.570433901677134, 19.35590959539492 ], [ -99.570433901677134, 19.355370606224447 ], [ -99.570703396262374, 19.355370606224447 ], [ -99.570703396262374, 19.355101111639211 ], [ -99.570972890847614, 19.355101111639211 ], [ -99.570972890847614, 19.354562122468739 ], [ -99.570703396262374, 19.354562122468739 ], [ -99.570703396262374, 19.354292627883503 ], [ -99.571242385432839, 19.354292627883503 ], [ -99.571242385432839, 19.354831617053975 ], [ -99.571511880018079, 19.354831617053975 ], [ -99.571511880018079, 19.355101111639211 ], [ -99.571242385432839, 19.355101111639211 ], [ -99.571242385432839, 19.35590959539492 ], [ -99.570703396262374, 19.35590959539492 ], [ -99.570703396262374, 19.356448584565388 ], [ -99.570972890847614, 19.356448584565388 ], [ -99.570972890847614, 19.356718079150625 ] ] ] ] } },
{ "type": "Feature", "properties": { "ZONA_MET": "Toluca", "INTENSIDAD": "Intensa", "T_PROM_POL": 4.0, "T_MIN_CIUD": 1.0, "DIF_TERMIC": 2.0 }, "geometry": { "type": "MultiPolygon", "coordinates": [ [ [ [ -99.636729569645155, 19.35590959539492 ], [ -99.63619058047469, 19.35590959539492 ], [ -99.63619058047469, 19.355370606224447 ], [ -99.63592108588945, 19.355370606224447 ], [ -99.63592108588945, 19.355101111639211 ], [ -99.63565159130421, 19.355101111639211 ], [ -99.63565159130421, 19.354562122468739 ], [ -99.63592108588945, 19.354562122468739 ], [ -99.63592108588945, 19.35375363871303 ], [ -99.63619058047469, 19.35375363871303 ], [ -99.63619058047469, 19.354292627883503 ], [ -99.636460075059915, 19.354292627883503 ], [ -99.636460075059915, 19.354562122468739 ], [ -99.63619058047469, 19.354562122468739 ], [ -99.63619058047469, 19.354831617053975 ], [ -99.636460075059915, 19.354831617053975 ], [ -99.636460075059915, 19.355370606224447 ], [ -99.636729569645155, 19.355370606224447 ], [ -99.636729569645155, 19.35590959539492 ] ] ] ] } },
{ "type": "Feature", "properties": { "ZONA_MET": "Toluca", "INTENSIDAD": "Intensa", "T_PROM_POL": 4.0, "T_MIN_CIUD": 1.0, "DIF_TERMIC": 2.0 }, "geometry": { "type": "MultiPolygon", "coordinates": [ [ [ [ -99.577440760893268, 19.35590959539492 ], [ -99.576901771722802, 19.35590959539492 ], [ -99.576901771722802, 19.355370606224447 ], [ -99.577171266308028, 19.355370606224447 ], [ -99.577171266308028, 19.355101111639211 ], [ -99.576901771722802, 19.355101111639211 ], [ -99.576901771722802, 19.354562122468739 ], [ -99.577710255478507, 19.354562122468739 ], [ -99.577710255478507, 19.354831617053975 ], [ -99.577979750063747, 19.354831617053975 ], [ -99.577979750063747, 19.354562122468739 ], [ -99.578518739234212, 19.354562122468739 ], [ -99.578518739234212, 19.354292627883503 ], [ -99.578788233819452, 19.354292627883503 ], [ -99.578788233819452, 19.354023133298266 ], [ -99.578518739234212, 19.354023133298266 ], [ -99.578518739234212, 19.35375363871303 ], [ -99.578788233819452, 19.35375363871303 ], [ -99.578788233819452, 19.353484144127794 ], [ -99.579057728404692, 19.353484144127794 ], [ -99.579057728404692, 19.354023133298266 ], [ -99.580135706745622, 19.354023133298266 ], [ -99.580135706745622, 19.354292627883503 ], [ -99.580405201330862, 19.354292627883503 ], [ -99.580405201330862, 19.354831617053975 ], [ -99.580135706745622, 19.354831617053975 ], [ -99.580135706745622, 19.354562122468739 ], [ -99.579866212160397, 19.354562122468739 ], [ -99.579866212160397, 19.354292627883503 ], [ -99.579596717575157, 19.354292627883503 ], [ -99.579596717575157, 19.354562122468739 ], [ -99.579057728404692, 19.354562122468739 ], [ -99.579057728404692, 19.355101111639211 ], [ -99.578518739234212, 19.355101111639211 ], [ -99.578518739234212, 19.355370606224447 ], [ -99.577979750063747, 19.355370606224447 ], [ -99.577979750063747, 19.355101111639211 ], [ -99.577710255478507, 19.355101111639211 ], [ -99.577710255478507, 19.355370606224447 ], [ -99.577440760893268, 19.355370606224447 ], [ -99.577440760893268, 19.35590959539492 ] ] ] ] } },
{ "type": "Feature", "properties": { "ZONA_MET": "Toluca", "INTENSIDAD": "Intensa", "T_PROM_POL": 4.0, "T_MIN_CIUD": 1.0, "DIF_TERMIC": 2.0 }, "geometry": { "type": "MultiPolygon", "coordinates": [ [ [ [ -99.600886789808783, 19.354831617053975 ], [ -99.600617295223557, 19.354831617053975 ], [ -99.600617295223557, 19.354292627883503 ], [ -99.600347800638318, 19.354292627883503 ], [ -99.600347800638318, 19.354562122468739 ], [ -99.600078306053078, 19.354562122468739 ], [ -99.600078306053078, 19.354292627883503 ], [ -99.599808811467852, 19.354292627883503 ], [ -99.599808811467852, 19.35375363871303 ], [ -99.600078306053078, 19.35375363871303 ], [ -99.600078306053078, 19.353484144127794 ], [ -99.600347800638318, 19.353484144127794 ], [ -99.600347800638318, 19.353214649542561 ], [ -99.601425778979262, 19.353214649542561 ], [ -99.601425778979262, 19.354562122468739 ], [ -99.600886789808783, 19.354562122468739 ], [ -99.600886789808783, 19.354831617053975 ] ] ] ] } },
{ "type": "Feature", "properties": { "ZONA_MET": "Toluca", "INTENSIDAD": "Intensa", "T_PROM_POL": 4.0, "T_MIN_CIUD": 1.0, "DIF_TERMIC": 2.0 }, "geometry": { "type": "MultiPolygon", "coordinates": [ [ [ [ -99.612205562388695, 19.354292627883503 ], [ -99.61139707863299, 19.354292627883503 ], [ -99.61139707863299, 19.353214649542561 ], [ -99.611936067803455, 19.353214649542561 ], [ -99.611936067803455, 19.353484144127794 ], [ -99.612475056973935, 19.353484144127794 ], [ -99.612475056973935, 19.35375363871303 ], [ -99.612205562388695, 19.35375363871303 ], [ -99.612205562388695, 19.354292627883503 ] ] ] ] } },
{ "type": "Feature", "properties": { "ZONA_MET": "Toluca", "INTENSIDAD": "Intensa", "T_PROM_POL": 3.0, "T_MIN_CIUD": 1.0, "DIF_TERMIC": 2.0 }, "geometry": { "type": "MultiPolygon", "coordinates": [ [ [ [ -99.646700869298883, 19.354562122468739 ], [ -99.646431374713643, 19.354562122468739 ], [ -99.646431374713643, 19.354292627883503 ], [ -99.646161880128417, 19.354292627883503 ], [ -99.646161880128417, 19.354562122468739 ], [ -99.645892385543178, 19.354562122468739 ], [ -99.645892385543178, 19.353214649542561 ], [ -99.646161880128417, 19.353214649542561 ], [ -99.646161880128417, 19.352945154957325 ], [ -99.646431374713643, 19.352945154957325 ], [ -99.646431374713643, 19.353484144127794 ], [ -99.646970363884122, 19.353484144127794 ], [ -99.646970363884122, 19.35375363871303 ], [ -99.646700869298883, 19.35375363871303 ], [ -99.646700869298883, 19.354562122468739 ] ] ] ] } },
{ "type": "Feature", "properties": { "ZONA_MET": "Toluca", "INTENSIDAD": "Intensa", "T_PROM_POL": 4.0, "T_MIN_CIUD": 1.0, "DIF_TERMIC": 2.0 }, "geometry": { "type": "MultiPolygon", "coordinates": [ [ [ [ -99.640232999253229, 19.35375363871303 ], [ -99.639694010082749, 19.35375363871303 ], [ -99.639694010082749, 19.353214649542561 ], [ -99.63942451549751, 19.353214649542561 ], [ -99.63942451549751, 19.35375363871303 ], [ -99.639155020912284, 19.35375363871303 ], [ -99.639155020912284, 19.353214649542561 ], [ -99.638616031741805, 19.353214649542561 ], [ -99.638616031741805, 19.353484144127794 ], [ -99.638346537156579, 19.353484144127794 ], [ -99.638346537156579, 19.35375363871303 ], [ -99.638077042571339, 19.35375363871303 ], [ -99.638077042571339, 19.353214649542561 ], [ -99.637268558815634, 19.353214649542561 ], [ -99.637268558815634, 19.352945154957325 ], [ -99.6378075479861, 19.352945154957325 ], [ -99.6378075479861, 19.352675660372089 ], [ -99.638077042571339, 19.352675660372089 ], [ -99.638077042571339, 19.352136671201617 ], [ -99.638346537156579, 19.352136671201617 ], [ -99.638346537156579, 19.352406165786853 ], [ -99.638616031741805, 19.352406165786853 ], [ -99.638616031741805, 19.352675660372089 ], [ -99.638346537156579, 19.352675660372089 ], [ -99.638346537156579, 19.352945154957325 ], [ -99.638885526327044, 19.352945154957325 ], [ -99.638885526327044, 19.351867176616381 ], [ -99.63942451549751, 19.351867176616381 ], [ -99.63942451549751, 19.352945154957325 ], [ -99.639963504667989, 19.352945154957325 ], [ -99.639963504667989, 19.353214649542561 ], [ -99.640232999253229, 19.353214649542561 ], [ -99.640232999253229, 19.35375363871303 ] ] ] ] } },
{ "type": "Feature", "properties": { "ZONA_MET": "Toluca", "INTENSIDAD": "Extrema", "T_PROM_POL": 4.0, "T_MIN_CIUD": 1.0, "DIF_TERMIC": 2.0 }, "geometry": { "type": "MultiPolygon", "coordinates": [ [ [ [ -99.574206825870434, 19.355101111639211 ], [ -99.573667836699968, 19.355101111639211 ], [ -99.573667836699968, 19.354831617053975 ], [ -99.573398342114729, 19.354831617053975 ], [ -99.573398342114729, 19.354023133298266 ], [ -99.573128847529503, 19.354023133298266 ], [ -99.573128847529503, 19.353214649542561 ], [ -99.572859352944263, 19.353214649542561 ], [ -99.572859352944263, 19.352945154957325 ], [ -99.572589858359024, 19.352945154957325 ], [ -99.572589858359024, 19.352136671201617 ], [ -99.572320363773784, 19.352136671201617 ], [ -99.572320363773784, 19.351867176616381 ], [ -99.572050869188558, 19.351867176616381 ], [ -99.572050869188558, 19.351328187445908 ], [ -99.572859352944263, 19.351328187445908 ], [ -99.572859352944263, 19.351597682031144 ], [ -99.573128847529503, 19.351597682031144 ], [ -99.573128847529503, 19.352406165786853 ], [ -99.573398342114729, 19.352406165786853 ], [ -99.573398342114729, 19.353214649542561 ], [ -99.573937331285208, 19.353214649542561 ], [ -99.573937331285208, 19.353484144127794 ], [ -99.574206825870434, 19.353484144127794 ], [ -99.574206825870434, 19.35375363871303 ], [ -99.574745815040913, 19.35375363871303 ], [ -99.574745815040913, 19.352675660372089 ], [ -99.575015309626153, 19.352675660372089 ], [ -99.575015309626153, 19.351867176616381 ], [ -99.575284804211378, 19.351867176616381 ], [ -99.575284804211378, 19.352945154957325 ], [ -99.575554298796618, 19.352945154957325 ], [ -99.575554298796618, 19.353484144127794 ], [ -99.575284804211378, 19.353484144127794 ], [ -99.575284804211378, 19.354292627883503 ], [ -99.574206825870434, 19.354292627883503 ], [ -99.574206825870434, 19.355101111639211 ] ], [ [ -99.573937331285208, 19.354562122468739 ], [ -99.573937331285208, 19.354023133298266 ], [ -99.573667836699968, 19.354023133298266 ], [ -99.573667836699968, 19.354562122468739 ], [ -99.573937331285208, 19.354562122468739 ] ], [ [ -99.574206825870434, 19.354023133298266 ], [ -99.574206825870434, 19.35375363871303 ], [ -99.573937331285208, 19.35375363871303 ], [ -99.573937331285208, 19.354023133298266 ], [ -99.574206825870434, 19.354023133298266 ] ] ] ] } },
{ "type": "Feature", "properties": { "ZONA_MET": "Toluca", "INTENSIDAD": "Intensa", "T_PROM_POL": 3.0, "T_MIN_CIUD": 1.0, "DIF_TERMIC": 2.0 }, "geometry": { "type": "MultiPolygon", "coordinates": [ [ [ [ -99.749108811688501, 19.352945154957325 ], [ -99.748569822518036, 19.352945154957325 ], [ -99.748569822518036, 19.352675660372089 ], [ -99.748300327932796, 19.352675660372089 ], [ -99.748300327932796, 19.352406165786853 ], [ -99.748569822518036, 19.352406165786853 ], [ -99.748569822518036, 19.351867176616381 ], [ -99.748300327932796, 19.351867176616381 ], [ -99.748300327932796, 19.351058692860672 ], [ -99.748569822518036, 19.351058692860672 ], [ -99.748569822518036, 19.351597682031144 ], [ -99.748839317103275, 19.351597682031144 ], [ -99.748839317103275, 19.351058692860672 ], [ -99.749108811688501, 19.351058692860672 ], [ -99.749108811688501, 19.352945154957325 ] ] ] ] } },
{ "type": "Feature", "properties": { "ZONA_MET": "Toluca", "INTENSIDAD": "Intensa", "T_PROM_POL": 4.0, "T_MIN_CIUD": 1.0, "DIF_TERMIC": 2.0 }, "geometry": { "type": "MultiPolygon", "coordinates": [ [ [ [ -99.73051368530723, 19.352675660372089 ], [ -99.730244190722004, 19.352675660372089 ], [ -99.730244190722004, 19.352136671201617 ], [ -99.729974696136765, 19.352136671201617 ], [ -99.729974696136765, 19.352406165786853 ], [ -99.729705201551525, 19.352406165786853 ], [ -99.729705201551525, 19.352136671201617 ], [ -99.729435706966285, 19.352136671201617 ], [ -99.729435706966285, 19.351867176616381 ], [ -99.72916621238106, 19.351867176616381 ], [ -99.72916621238106, 19.351597682031144 ], [ -99.729435706966285, 19.351597682031144 ], [ -99.729435706966285, 19.351328187445908 ], [ -99.729974696136765, 19.351328187445908 ], [ -99.729974696136765, 19.351058692860672 ], [ -99.730244190722004, 19.351058692860672 ], [ -99.730244190722004, 19.351867176616381 ], [ -99.73078317989247, 19.351867176616381 ], [ -99.73078317989247, 19.352136671201617 ], [ -99.731052674477709, 19.352136671201617 ], [ -99.731052674477709, 19.352406165786853 ], [ -99.73051368530723, 19.352406165786853 ], [ -99.73051368530723, 19.352675660372089 ] ] ] ] } },
{ "type": "Feature", "properties": { "ZONA_MET": "Toluca", "INTENSIDAD": "Intensa", "T_PROM_POL": 4.0, "T_MIN_CIUD": 1.0, "DIF_TERMIC": 2.0 }, "geometry": { "type": "MultiPolygon", "coordinates": [ [ [ [ -99.581213685086567, 19.352945154957325 ], [ -99.580944190501341, 19.352945154957325 ], [ -99.580944190501341, 19.351597682031144 ], [ -99.580405201330862, 19.351597682031144 ], [ -99.580405201330862, 19.351328187445908 ], [ -99.580674695916102, 19.351328187445908 ], [ -99.580674695916102, 19.351058692860672 ], [ -99.580944190501341, 19.351058692860672 ], [ -99.580944190501341, 19.3505197036902 ], [ -99.581213685086567, 19.3505197036902 ], [ -99.581213685086567, 19.351058692860672 ], [ -99.581483179671807, 19.351058692860672 ], [ -99.581483179671807, 19.351328187445908 ], [ -99.581213685086567, 19.351328187445908 ], [ -99.581213685086567, 19.351867176616381 ], [ -99.581483179671807, 19.351867176616381 ], [ -99.581483179671807, 19.351597682031144 ], [ -99.582561158012751, 19.351597682031144 ], [ -99.582561158012751, 19.352136671201617 ], [ -99.582291663427512, 19.352136671201617 ], [ -99.582291663427512, 19.352406165786853 ], [ -99.581483179671807, 19.352406165786853 ], [ -99.581483179671807, 19.352675660372089 ], [ -99.581213685086567, 19.352675660372089 ], [ -99.581213685086567, 19.352945154957325 ] ] ] ] } },
{ "type": "Feature", "properties": { "ZONA_MET": "Toluca", "INTENSIDAD": "Intensa", "T_PROM_POL": 3.0, "T_MIN_CIUD": 1.0, "DIF_TERMIC": 2.0 }, "geometry": { "type": "MultiPolygon", "coordinates": [ [ [ [ -99.562888053290536, 19.351328187445908 ], [ -99.561540580364351, 19.351328187445908 ], [ -99.561540580364351, 19.351058692860672 ], [ -99.562079569534831, 19.351058692860672 ], [ -99.562079569534831, 19.350250209104967 ], [ -99.562618558705296, 19.350250209104967 ], [ -99.562618558705296, 19.350789198275436 ], [ -99.563157547875775, 19.350789198275436 ], [ -99.563157547875775, 19.351058692860672 ], [ -99.562888053290536, 19.351058692860672 ], [ -99.562888053290536, 19.351328187445908 ] ] ] ] } },
{ "type": "Feature", "properties": { "ZONA_MET": "Toluca", "INTENSIDAD": "Intensa", "T_PROM_POL": 3.0, "T_MIN_CIUD": 1.0, "DIF_TERMIC": 2.0 }, "geometry": { "type": "MultiPolygon", "coordinates": [ [ [ [ -99.677153757430531, 19.351328187445908 ], [ -99.676884262845306, 19.351328187445908 ], [ -99.676884262845306, 19.351058692860672 ], [ -99.676614768260066, 19.351058692860672 ], [ -99.676614768260066, 19.349980714519731 ], [ -99.676884262845306, 19.349980714519731 ], [ -99.676884262845306, 19.350250209104967 ], [ -99.677423252015771, 19.350250209104967 ], [ -99.677423252015771, 19.349980714519731 ], [ -99.677692746601011, 19.349980714519731 ], [ -99.677692746601011, 19.350250209104967 ], [ -99.677962241186236, 19.350250209104967 ], [ -99.677962241186236, 19.350789198275436 ], [ -99.677153757430531, 19.350789198275436 ], [ -99.677153757430531, 19.351328187445908 ] ] ] ] } },
{ "type": "Feature", "properties": { "ZONA_MET": "Toluca", "INTENSIDAD": "Intensa", "T_PROM_POL": 3.0, "T_MIN_CIUD": 1.0, "DIF_TERMIC": 2.0 }, "geometry": { "type": "MultiPolygon", "coordinates": [ [ [ [ -99.6798487032829, 19.352136671201617 ], [ -99.67957920869766, 19.352136671201617 ], [ -99.67957920869766, 19.351597682031144 ], [ -99.679309714112421, 19.351597682031144 ], [ -99.679309714112421, 19.351058692860672 ], [ -99.679040219527181, 19.351058692860672 ], [ -99.679040219527181, 19.350789198275436 ], [ -99.678770724941955, 19.350789198275436 ], [ -99.678770724941955, 19.351328187445908 ], [ -99.678501230356716, 19.351328187445908 ], [ -99.678501230356716, 19.3505197036902 ], [ -99.678231735771476, 19.3505197036902 ], [ -99.678231735771476, 19.350250209104967 ], [ -99.677962241186236, 19.350250209104967 ], [ -99.677962241186236, 19.349980714519731 ], [ -99.679040219527181, 19.349980714519731 ], [ -99.679040219527181, 19.349711219934495 ], [ -99.679309714112421, 19.349711219934495 ], [ -99.679309714112421, 19.349980714519731 ], [ -99.67957920869766, 19.349980714519731 ], [ -99.67957920869766, 19.350250209104967 ], [ -99.680387692453365, 19.350250209104967 ], [ -99.680387692453365, 19.350789198275436 ], [ -99.6798487032829, 19.350789198275436 ], [ -99.6798487032829, 19.352136671201617 ] ] ] ] } },
{ "type": "Feature", "properties": { "ZONA_MET": "Toluca", "INTENSIDAD": "Extrema", "T_PROM_POL": 4.0, "T_MIN_CIUD": 1.0, "DIF_TERMIC": 2.0 }, "geometry": { "type": "MultiPolygon", "coordinates": [ [ [ [ -99.593071446836944, 19.351058692860672 ], [ -99.591993468496, 19.351058692860672 ], [ -99.591993468496, 19.3505197036902 ], [ -99.590915490155069, 19.3505197036902 ], [ -99.590915490155069, 19.350250209104967 ], [ -99.59037650098459, 19.350250209104967 ], [ -99.59037650098459, 19.349980714519731 ], [ -99.59064599556983, 19.349980714519731 ], [ -99.59064599556983, 19.349711219934495 ], [ -99.591184984740295, 19.349711219934495 ], [ -99.591184984740295, 19.349441725349259 ], [ -99.591993468496, 19.349441725349259 ], [ -99.591993468496, 19.349711219934495 ], [ -99.592262963081239, 19.349711219934495 ], [ -99.592262963081239, 19.349980714519731 ], [ -99.592801952251719, 19.349980714519731 ], [ -99.592801952251719, 19.350250209104967 ], [ -99.593071446836944, 19.350250209104967 ], [ -99.593071446836944, 19.351058692860672 ] ] ] ] } },
{ "type": "Feature", "properties": { "ZONA_MET": "Toluca", "INTENSIDAD": "Intensa", "T_PROM_POL": 4.0, "T_MIN_CIUD": 1.0, "DIF_TERMIC": 2.0 }, "geometry": { "type": "MultiPolygon", "coordinates": [ [ [ [ -99.63619058047469, 19.350789198275436 ], [ -99.63565159130421, 19.350789198275436 ], [ -99.63565159130421, 19.3505197036902 ], [ -99.63592108588945, 19.3505197036902 ], [ -99.63592108588945, 19.349441725349259 ], [ -99.63565159130421, 19.349441725349259 ], [ -99.63565159130421, 19.349172230764022 ], [ -99.636460075059915, 19.349172230764022 ], [ -99.636460075059915, 19.349980714519731 ], [ -99.63619058047469, 19.349980714519731 ], [ -99.63619058047469, 19.350250209104967 ], [ -99.636460075059915, 19.350250209104967 ], [ -99.636460075059915, 19.3505197036902 ], [ -99.63619058047469, 19.3505197036902 ], [ -99.63619058047469, 19.350789198275436 ] ] ] ] } },
{ "type": "Feature", "properties": { "ZONA_MET": "Toluca", "INTENSIDAD": "Intensa", "T_PROM_POL": 4.0, "T_MIN_CIUD": 1.0, "DIF_TERMIC": 2.0 }, "geometry": { "type": "MultiPolygon", "coordinates": [ [ [ [ -99.689550508351388, 19.350789198275436 ], [ -99.688742024595683, 19.350789198275436 ], [ -99.688742024595683, 19.349711219934495 ], [ -99.689281013766148, 19.349711219934495 ], [ -99.689281013766148, 19.349441725349259 ], [ -99.689550508351388, 19.349441725349259 ], [ -99.689550508351388, 19.348902736178786 ], [ -99.689820002936614, 19.348902736178786 ], [ -99.689820002936614, 19.349980714519731 ], [ -99.689550508351388, 19.349980714519731 ], [ -99.689550508351388, 19.350789198275436 ] ] ] ] } },
{ "type": "Feature", "properties": { "ZONA_MET": "Toluca", "INTENSIDAD": "Intensa", "T_PROM_POL": 3.0, "T_MIN_CIUD": 1.0, "DIF_TERMIC": 2.0 }, "geometry": { "type": "MultiPolygon", "coordinates": [ [ [ [ -99.701677764686991, 19.349980714519731 ], [ -99.700330291760821, 19.349980714519731 ], [ -99.700330291760821, 19.349711219934495 ], [ -99.700869280931286, 19.349711219934495 ], [ -99.700869280931286, 19.349172230764022 ], [ -99.701138775516526, 19.349172230764022 ], [ -99.701138775516526, 19.348902736178786 ], [ -99.70248624844271, 19.348902736178786 ], [ -99.70248624844271, 19.349441725349259 ], [ -99.701947259272231, 19.349441725349259 ], [ -99.701947259272231, 19.349711219934495 ], [ -99.701677764686991, 19.349711219934495 ], [ -99.701677764686991, 19.349980714519731 ] ] ] ] } },
{ "type": "Feature", "properties": { "ZONA_MET": "Toluca", "INTENSIDAD": "Intensa", "T_PROM_POL": 3.0, "T_MIN_CIUD": 1.0, "DIF_TERMIC": 2.0 }, "geometry": { "type": "MultiPolygon", "coordinates": [ [ [ [ -99.594418919763129, 19.350250209104967 ], [ -99.593879930592664, 19.350250209104967 ], [ -99.593879930592664, 19.349441725349259 ], [ -99.594418919763129, 19.349441725349259 ], [ -99.594418919763129, 19.348902736178786 ], [ -99.594957908933594, 19.348902736178786 ], [ -99.594957908933594, 19.349441725349259 ], [ -99.594688414348369, 19.349441725349259 ], [ -99.594688414348369, 19.349980714519731 ], [ -99.594418919763129, 19.349980714519731 ], [ -99.594418919763129, 19.350250209104967 ] ] ] ] } },
{ "type": "Feature", "properties": { "ZONA_MET": "Toluca", "INTENSIDAD": "Extrema", "T_PROM_POL": 4.0, "T_MIN_CIUD": 1.0, "DIF_TERMIC": 2.0 }, "geometry": { "type": "MultiPolygon", "coordinates": [ [ [ [ -99.58687307137653, 19.351328187445908 ], [ -99.586064587620811, 19.351328187445908 ], [ -99.586064587620811, 19.350789198275436 ], [ -99.585795093035586, 19.350789198275436 ], [ -99.585795093035586, 19.349980714519731 ], [ -99.586064587620811, 19.349980714519731 ], [ -99.586064587620811, 19.349441725349259 ], [ -99.586334082206051, 19.349441725349259 ], [ -99.586334082206051, 19.34863324159355 ], [ -99.58660357679129, 19.34863324159355 ], [ -99.58660357679129, 19.349172230764022 ], [ -99.58687307137653, 19.349172230764022 ], [ -99.58687307137653, 19.349441725349259 ], [ -99.587142565961756, 19.349441725349259 ], [ -99.587142565961756, 19.349711219934495 ], [ -99.587412060546995, 19.349711219934495 ], [ -99.587412060546995, 19.349980714519731 ], [ -99.587681555132235, 19.349980714519731 ], [ -99.587681555132235, 19.350789198275436 ], [ -99.587412060546995, 19.350789198275436 ], [ -99.587412060546995, 19.351058692860672 ], [ -99.58687307137653, 19.351058692860672 ], [ -99.58687307137653, 19.351328187445908 ] ] ] ] } },
{ "type": "Feature", "properties": { "ZONA_MET": "Toluca", "INTENSIDAD": "Intensa", "T_PROM_POL": 4.0, "T_MIN_CIUD": 1.0, "DIF_TERMIC": 2.0 }, "geometry": { "type": "MultiPolygon", "coordinates": [ [ [ [ -99.725393288187746, 19.349711219934495 ], [ -99.725123793602521, 19.349711219934495 ], [ -99.725123793602521, 19.349441725349259 ], [ -99.724854299017281, 19.349441725349259 ], [ -99.724854299017281, 19.349172230764022 ], [ -99.724584804432041, 19.349172230764022 ], [ -99.724584804432041, 19.349441725349259 ], [ -99.724045815261576, 19.349441725349259 ], [ -99.724045815261576, 19.349172230764022 ], [ -99.724315309846816, 19.349172230764022 ], [ -99.724315309846816, 19.348902736178786 ], [ -99.724584804432041, 19.348902736178786 ], [ -99.724584804432041, 19.34863324159355 ], [ -99.725123793602521, 19.34863324159355 ], [ -99.725123793602521, 19.348902736178786 ], [ -99.725393288187746, 19.348902736178786 ], [ -99.725393288187746, 19.34863324159355 ], [ -99.725662782772986, 19.34863324159355 ], [ -99.725662782772986, 19.349172230764022 ], [ -99.725393288187746, 19.349172230764022 ], [ -99.725393288187746, 19.349711219934495 ] ] ] ] } },
{ "type": "Feature", "properties": { "ZONA_MET": "Toluca", "INTENSIDAD": "Extrema", "T_PROM_POL": 4.0, "T_MIN_CIUD": 1.0, "DIF_TERMIC": 2.0 }, "geometry": { "type": "MultiPolygon", "coordinates": [ [ [ [ -99.584717114694641, 19.349980714519731 ], [ -99.583908630938936, 19.349980714519731 ], [ -99.583908630938936, 19.349441725349259 ], [ -99.584178125524161, 19.349441725349259 ], [ -99.584178125524161, 19.348902736178786 ], [ -99.584717114694641, 19.348902736178786 ], [ -99.584717114694641, 19.348094252423078 ], [ -99.586064587620811, 19.348094252423078 ], [ -99.586064587620811, 19.348363747008314 ], [ -99.586334082206051, 19.348363747008314 ], [ -99.586334082206051, 19.34863324159355 ], [ -99.586064587620811, 19.34863324159355 ], [ -99.586064587620811, 19.348902736178786 ], [ -99.585256103865106, 19.348902736178786 ], [ -99.585256103865106, 19.349172230764022 ], [ -99.584986609279881, 19.349172230764022 ], [ -99.584986609279881, 19.349711219934495 ], [ -99.584717114694641, 19.349711219934495 ], [ -99.584717114694641, 19.349980714519731 ] ] ] ] } },
{ "type": "Feature", "properties": { "ZONA_MET": "Toluca", "INTENSIDAD": "Intensa", "T_PROM_POL": 4.0, "T_MIN_CIUD": 1.0, "DIF_TERMIC": 2.0 }, "geometry": { "type": "MultiPolygon", "coordinates": [ [ [ [ -99.583100147183217, 19.349172230764022 ], [ -99.580944190501341, 19.349172230764022 ], [ -99.580944190501341, 19.348094252423078 ], [ -99.582291663427512, 19.348094252423078 ], [ -99.582291663427512, 19.347824757837842 ], [ -99.582561158012751, 19.347824757837842 ], [ -99.582561158012751, 19.348094252423078 ], [ -99.583100147183217, 19.348094252423078 ], [ -99.583100147183217, 19.349172230764022 ] ] ] ] } },
{ "type": "Feature", "properties": { "ZONA_MET": "Toluca", "INTENSIDAD": "Intensa", "T_PROM_POL": 3.0, "T_MIN_CIUD": 1.0, "DIF_TERMIC": 2.0 }, "geometry": { "type": "MultiPolygon", "coordinates": [ [ [ [ -99.633226140037095, 19.349172230764022 ], [ -99.632956645451856, 19.349172230764022 ], [ -99.632956645451856, 19.348363747008314 ], [ -99.632687150866616, 19.348363747008314 ], [ -99.632687150866616, 19.348094252423078 ], [ -99.633226140037095, 19.348094252423078 ], [ -99.633226140037095, 19.348363747008314 ], [ -99.633765129207561, 19.348363747008314 ], [ -99.633765129207561, 19.348094252423078 ], [ -99.6340346237928, 19.348094252423078 ], [ -99.6340346237928, 19.347824757837842 ], [ -99.63430411837804, 19.347824757837842 ], [ -99.63430411837804, 19.348363747008314 ], [ -99.6340346237928, 19.348363747008314 ], [ -99.6340346237928, 19.34863324159355 ], [ -99.633495634622321, 19.34863324159355 ], [ -99.633495634622321, 19.348902736178786 ], [ -99.633226140037095, 19.348902736178786 ], [ -99.633226140037095, 19.349172230764022 ] ] ] ] } },
{ "type": "Feature", "properties": { "ZONA_MET": "Toluca", "INTENSIDAD": "Intensa", "T_PROM_POL": 4.0, "T_MIN_CIUD": 1.0, "DIF_TERMIC": 2.0 }, "geometry": { "type": "MultiPolygon", "coordinates": [ [ [ [ -99.58687307137653, 19.352136671201617 ], [ -99.586064587620811, 19.352136671201617 ], [ -99.586064587620811, 19.351597682031144 ], [ -99.585525598450346, 19.351597682031144 ], [ -99.585525598450346, 19.351328187445908 ], [ -99.585256103865106, 19.351328187445908 ], [ -99.585256103865106, 19.350789198275436 ], [ -99.584986609279881, 19.350789198275436 ], [ -99.584986609279881, 19.350250209104967 ], [ -99.585256103865106, 19.350250209104967 ], [ -99.585256103865106, 19.3505197036902 ], [ -99.585525598450346, 19.3505197036902 ], [ -99.585525598450346, 19.349980714519731 ], [ -99.585795093035586, 19.349980714519731 ], [ -99.585795093035586, 19.350789198275436 ], [ -99.586064587620811, 19.350789198275436 ], [ -99.586064587620811, 19.351328187445908 ], [ -99.58687307137653, 19.351328187445908 ], [ -99.58687307137653, 19.351058692860672 ], [ -99.587412060546995, 19.351058692860672 ], [ -99.587412060546995, 19.350789198275436 ], [ -99.587681555132235, 19.350789198275436 ], [ -99.587681555132235, 19.349980714519731 ], [ -99.587412060546995, 19.349980714519731 ], [ -99.587412060546995, 19.349711219934495 ], [ -99.587142565961756, 19.349711219934495 ], [ -99.587142565961756, 19.349441725349259 ], [ -99.58687307137653, 19.349441725349259 ], [ -99.58687307137653, 19.349172230764022 ], [ -99.58660357679129, 19.349172230764022 ], [ -99.58660357679129, 19.34863324159355 ], [ -99.587142565961756, 19.34863324159355 ], [ -99.587142565961756, 19.348363747008314 ], [ -99.587412060546995, 19.348363747008314 ], [ -99.587412060546995, 19.348094252423078 ], [ -99.587951049717475, 19.348094252423078 ], [ -99.587951049717475, 19.348363747008314 ], [ -99.587681555132235, 19.348363747008314 ], [ -99.587681555132235, 19.348902736178786 ], [ -99.587951049717475, 19.348902736178786 ], [ -99.587951049717475, 19.349172230764022 ], [ -99.589568017228885, 19.349172230764022 ], [ -99.589568017228885, 19.348902736178786 ], [ -99.589029028058405, 19.348902736178786 ], [ -99.589029028058405, 19.348363747008314 ], [ -99.58849003888794, 19.348363747008314 ], [ -99.58849003888794, 19.348094252423078 ], [ -99.589298522643645, 19.348094252423078 ], [ -99.589298522643645, 19.347824757837842 ], [ -99.589568017228885, 19.347824757837842 ], [ -99.589568017228885, 19.348363747008314 ], [ -99.589837511814125, 19.348363747008314 ], [ -99.589837511814125, 19.349172230764022 ], [ -99.591184984740295, 19.349172230764022 ], [ -99.591184984740295, 19.348902736178786 ], [ -99.591993468496, 19.348902736178786 ], [ -99.591993468496, 19.34863324159355 ], [ -99.592532457666479, 19.34863324159355 ], [ -99.592532457666479, 19.348902736178786 ], [ -99.593071446836944, 19.348902736178786 ], [ -99.593071446836944, 19.349711219934495 ], [ -99.593340941422184, 19.349711219934495 ], [ -99.593340941422184, 19.350250209104967 ], [ -99.593879930592664, 19.350250209104967 ], [ -99.593879930592664, 19.3505197036902 ], [ -99.593610436007424, 19.3505197036902 ], [ -99.593610436007424, 19.350789198275436 ], [ -99.593071446836944, 19.350789198275436 ], [ -99.593071446836944, 19.350250209104967 ], [ -99.592801952251719, 19.350250209104967 ], [ -99.592801952251719, 19.349980714519731 ], [ -99.592532457666479, 19.349980714519731 ], [ -99.592532457666479, 19.349441725349259 ], [ -99.592262963081239, 19.349441725349259 ], [ -99.592262963081239, 19.349711219934495 ], [ -99.591993468496, 19.349711219934495 ], [ -99.591993468496, 19.349441725349259 ], [ -99.591184984740295, 19.349441725349259 ], [ -99.591184984740295, 19.349711219934495 ], [ -99.59064599556983, 19.349711219934495 ], [ -99.59064599556983, 19.349980714519731 ], [ -99.59037650098459, 19.349980714519731 ], [ -99.59037650098459, 19.350250209104967 ], [ -99.59064599556983, 19.350250209104967 ], [ -99.59064599556983, 19.3505197036902 ], [ -99.59037650098459, 19.3505197036902 ], [ -99.59037650098459, 19.350789198275436 ], [ -99.590915490155069, 19.350789198275436 ], [ -99.590915490155069, 19.351058692860672 ], [ -99.59010700639935, 19.351058692860672 ], [ -99.59010700639935, 19.350789198275436 ], [ -99.589568017228885, 19.350789198275436 ], [ -99.589568017228885, 19.3505197036902 ], [ -99.589837511814125, 19.3505197036902 ], [ -99.589837511814125, 19.350250209104967 ], [ -99.5882205443027, 19.350250209104967 ], [ -99.5882205443027, 19.3505197036902 ], [ -99.58849003888794, 19.3505197036902 ], [ -99.58849003888794, 19.350789198275436 ], [ -99.5882205443027, 19.350789198275436 ], [ -99.5882205443027, 19.351328187445908 ], [ -99.587951049717475, 19.351328187445908 ], [ -99.587951049717475, 19.351597682031144 ], [ -99.587412060546995, 19.351597682031144 ], [ -99.587412060546995, 19.351867176616381 ], [ -99.58687307137653, 19.351867176616381 ], [ -99.58687307137653, 19.352136671201617 ] ], [ [ -99.587681555132235, 19.349172230764022 ], [ -99.587681555132235, 19.348902736178786 ], [ -99.587412060546995, 19.348902736178786 ], [ -99.587412060546995, 19.349172230764022 ], [ -99.587681555132235, 19.349172230764022 ] ] ] ] } },
{ "type": "Feature", "properties": { "ZONA_MET": "Toluca", "INTENSIDAD": "Intensa", "T_PROM_POL": 4.0, "T_MIN_CIUD": 1.0, "DIF_TERMIC": 2.0 }, "geometry": { "type": "MultiPolygon", "coordinates": [ [ [ [ -99.575554298796618, 19.351058692860672 ], [ -99.575284804211378, 19.351058692860672 ], [ -99.575284804211378, 19.350789198275436 ], [ -99.575015309626153, 19.350789198275436 ], [ -99.575015309626153, 19.3505197036902 ], [ -99.574745815040913, 19.3505197036902 ], [ -99.574745815040913, 19.350250209104967 ], [ -99.574206825870434, 19.350250209104967 ], [ -99.574206825870434, 19.348902736178786 ], [ -99.574476320455673, 19.348902736178786 ], [ -99.574476320455673, 19.34863324159355 ], [ -99.574206825870434, 19.34863324159355 ], [ -99.574206825870434, 19.348363747008314 ], [ -99.574476320455673, 19.348363747008314 ], [ -99.574476320455673, 19.348094252423078 ], [ -99.575284804211378, 19.348094252423078 ], [ -99.575284804211378, 19.347824757837842 ], [ -99.575554298796618, 19.347824757837842 ], [ -99.575554298796618, 19.348363747008314 ], [ -99.575015309626153, 19.348363747008314 ], [ -99.575015309626153, 19.348902736178786 ], [ -99.574745815040913, 19.348902736178786 ], [ -99.574745815040913, 19.349172230764022 ], [ -99.575015309626153, 19.349172230764022 ], [ -99.575015309626153, 19.349980714519731 ], [ -99.575284804211378, 19.349980714519731 ], [ -99.575284804211378, 19.350250209104967 ], [ -99.575554298796618, 19.350250209104967 ], [ -99.575554298796618, 19.351058692860672 ] ] ] ] } },
{ "type": "Feature", "properties": { "ZONA_MET": "Toluca", "INTENSIDAD": "Intensa", "T_PROM_POL": 3.0, "T_MIN_CIUD": 1.0, "DIF_TERMIC": 2.0 }, "geometry": { "type": "MultiPolygon", "coordinates": [ [ [ [ -99.645622890957938, 19.351867176616381 ], [ -99.645353396372698, 19.351867176616381 ], [ -99.645353396372698, 19.351597682031144 ], [ -99.645083901787473, 19.351597682031144 ], [ -99.645083901787473, 19.349711219934495 ], [ -99.644275418031768, 19.349711219934495 ], [ -99.644275418031768, 19.349172230764022 ], [ -99.644814407202233, 19.349172230764022 ], [ -99.644814407202233, 19.348902736178786 ], [ -99.645083901787473, 19.348902736178786 ], [ -99.645083901787473, 19.348094252423078 ], [ -99.645353396372698, 19.348094252423078 ], [ -99.645353396372698, 19.347824757837842 ], [ -99.645083901787473, 19.347824757837842 ], [ -99.645083901787473, 19.347555263252605 ], [ -99.645622890957938, 19.347555263252605 ], [ -99.645622890957938, 19.350250209104967 ], [ -99.646431374713643, 19.350250209104967 ], [ -99.646431374713643, 19.350789198275436 ], [ -99.645353396372698, 19.350789198275436 ], [ -99.645353396372698, 19.351328187445908 ], [ -99.645622890957938, 19.351328187445908 ], [ -99.645622890957938, 19.351867176616381 ] ] ] ] } },
{ "type": "Feature", "properties": { "ZONA_MET": "Toluca", "INTENSIDAD": "Intensa", "T_PROM_POL": 4.0, "T_MIN_CIUD": 1.0, "DIF_TERMIC": 2.0 }, "geometry": { "type": "MultiPolygon", "coordinates": [ [ [ [ -99.687394551669499, 19.349172230764022 ], [ -99.687125057084259, 19.349172230764022 ], [ -99.687125057084259, 19.347555263252605 ], [ -99.688203035425204, 19.347555263252605 ], [ -99.688203035425204, 19.348363747008314 ], [ -99.687664046254739, 19.348363747008314 ], [ -99.687664046254739, 19.348902736178786 ], [ -99.687394551669499, 19.348902736178786 ], [ -99.687394551669499, 19.349172230764022 ] ] ] ] } },
{ "type": "Feature", "properties": { "ZONA_MET": "Toluca", "INTENSIDAD": "Intensa", "T_PROM_POL": 4.0, "T_MIN_CIUD": 1.0, "DIF_TERMIC": 2.0 }, "geometry": { "type": "MultiPolygon", "coordinates": [ [ [ [ -99.684699605817144, 19.349441725349259 ], [ -99.684430111231904, 19.349441725349259 ], [ -99.684430111231904, 19.348902736178786 ], [ -99.683891122061425, 19.348902736178786 ], [ -99.683891122061425, 19.34863324159355 ], [ -99.684430111231904, 19.34863324159355 ], [ -99.684430111231904, 19.348363747008314 ], [ -99.68496910040237, 19.348363747008314 ], [ -99.68496910040237, 19.34863324159355 ], [ -99.685238594987609, 19.34863324159355 ], [ -99.685238594987609, 19.348094252423078 ], [ -99.685508089572849, 19.348094252423078 ], [ -99.685508089572849, 19.348363747008314 ], [ -99.685777584158089, 19.348363747008314 ], [ -99.685777584158089, 19.347824757837842 ], [ -99.686047078743314, 19.347824757837842 ], [ -99.686047078743314, 19.347555263252605 ], [ -99.686855562499019, 19.347555263252605 ], [ -99.686855562499019, 19.347824757837842 ], [ -99.686586067913794, 19.347824757837842 ], [ -99.686586067913794, 19.34863324159355 ], [ -99.686316573328554, 19.34863324159355 ], [ -99.686316573328554, 19.348902736178786 ], [ -99.68496910040237, 19.348902736178786 ], [ -99.68496910040237, 19.349172230764022 ], [ -99.684699605817144, 19.349172230764022 ], [ -99.684699605817144, 19.349441725349259 ] ] ] ] } },
{ "type": "Feature", "properties": { "ZONA_MET": "Toluca", "INTENSIDAD": "Intensa", "T_PROM_POL": 4.0, "T_MIN_CIUD": 1.0, "DIF_TERMIC": 2.0 }, "geometry": { "type": "MultiPolygon", "coordinates": [ [ [ [ -99.56746946123954, 19.34863324159355 ], [ -99.567199966654314, 19.34863324159355 ], [ -99.567199966654314, 19.348363747008314 ], [ -99.566930472069075, 19.348363747008314 ], [ -99.566930472069075, 19.348094252423078 ], [ -99.566391482898595, 19.348094252423078 ], [ -99.566391482898595, 19.347555263252605 ], [ -99.56612198831337, 19.347555263252605 ], [ -99.56612198831337, 19.347285768667373 ], [ -99.566660977483835, 19.347285768667373 ], [ -99.566660977483835, 19.347555263252605 ], [ -99.566930472069075, 19.347555263252605 ], [ -99.566930472069075, 19.347285768667373 ], [ -99.567199966654314, 19.347285768667373 ], [ -99.567199966654314, 19.348094252423078 ], [ -99.56746946123954, 19.348094252423078 ], [ -99.56746946123954, 19.34863324159355 ] ] ] ] } },
{ "type": "Feature", "properties": { "ZONA_MET": "Toluca", "INTENSIDAD": "Intensa", "T_PROM_POL": 4.0, "T_MIN_CIUD": 1.0, "DIF_TERMIC": 2.0 }, "geometry": { "type": "MultiPolygon", "coordinates": [ [ [ [ -99.583908630938936, 19.348094252423078 ], [ -99.583100147183217, 19.348094252423078 ], [ -99.583100147183217, 19.347824757837842 ], [ -99.582830652597991, 19.347824757837842 ], [ -99.582830652597991, 19.347555263252605 ], [ -99.583100147183217, 19.347555263252605 ], [ -99.583100147183217, 19.347285768667373 ], [ -99.583369641768456, 19.347285768667373 ], [ -99.583369641768456, 19.347016274082137 ], [ -99.583908630938936, 19.347016274082137 ], [ -99.583908630938936, 19.347285768667373 ], [ -99.584178125524161, 19.347285768667373 ], [ -99.584178125524161, 19.347555263252605 ], [ -99.583908630938936, 19.347555263252605 ], [ -99.583908630938936, 19.348094252423078 ] ] ] ] } },
{ "type": "Feature", "properties": { "ZONA_MET": "Toluca", "INTENSIDAD": "Intensa", "T_PROM_POL": 3.0, "T_MIN_CIUD": 1.0, "DIF_TERMIC": 2.0 }, "geometry": { "type": "MultiPolygon", "coordinates": [ [ [ [ -99.646700869298883, 19.34863324159355 ], [ -99.646431374713643, 19.34863324159355 ], [ -99.646431374713643, 19.348094252423078 ], [ -99.646161880128417, 19.348094252423078 ], [ -99.646161880128417, 19.347824757837842 ], [ -99.645892385543178, 19.347824757837842 ], [ -99.645892385543178, 19.347555263252605 ], [ -99.645622890957938, 19.347555263252605 ], [ -99.645622890957938, 19.347285768667373 ], [ -99.645892385543178, 19.347285768667373 ], [ -99.645892385543178, 19.347016274082137 ], [ -99.646161880128417, 19.347016274082137 ], [ -99.646161880128417, 19.3467467794969 ], [ -99.645892385543178, 19.3467467794969 ], [ -99.645892385543178, 19.346207790326428 ], [ -99.646700869298883, 19.346207790326428 ], [ -99.646700869298883, 19.347285768667373 ], [ -99.646161880128417, 19.347285768667373 ], [ -99.646161880128417, 19.347555263252605 ], [ -99.646431374713643, 19.347555263252605 ], [ -99.646431374713643, 19.347824757837842 ], [ -99.646700869298883, 19.347824757837842 ], [ -99.646700869298883, 19.34863324159355 ] ] ] ] } },
{ "type": "Feature", "properties": { "ZONA_MET": "Toluca", "INTENSIDAD": "Intensa", "T_PROM_POL": 4.0, "T_MIN_CIUD": 1.0, "DIF_TERMIC": 2.0 }, "geometry": { "type": "MultiPolygon", "coordinates": [ [ [ [ -99.587681555132235, 19.347016274082137 ], [ -99.587142565961756, 19.347016274082137 ], [ -99.587142565961756, 19.3467467794969 ], [ -99.586064587620811, 19.3467467794969 ], [ -99.586064587620811, 19.346207790326428 ], [ -99.58687307137653, 19.346207790326428 ], [ -99.58687307137653, 19.345938295741192 ], [ -99.587412060546995, 19.345938295741192 ], [ -99.587412060546995, 19.346207790326428 ], [ -99.587142565961756, 19.346207790326428 ], [ -99.587142565961756, 19.346477284911664 ], [ -99.587412060546995, 19.346477284911664 ], [ -99.587412060546995, 19.3467467794969 ], [ -99.587681555132235, 19.3467467794969 ], [ -99.587681555132235, 19.347016274082137 ] ] ] ] } },
{ "type": "Feature", "properties": { "ZONA_MET": "Toluca", "INTENSIDAD": "Extrema", "T_PROM_POL": 4.0, "T_MIN_CIUD": 1.0, "DIF_TERMIC": 2.0 }, "geometry": { "type": "MultiPolygon", "coordinates": [ [ [ [ -99.603042746490672, 19.349172230764022 ], [ -99.602773251905447, 19.349172230764022 ], [ -99.602773251905447, 19.34863324159355 ], [ -99.602503757320207, 19.34863324159355 ], [ -99.602503757320207, 19.348363747008314 ], [ -99.602773251905447, 19.348363747008314 ], [ -99.602773251905447, 19.347285768667373 ], [ -99.603042746490672, 19.347285768667373 ], [ -99.603042746490672, 19.347016274082137 ], [ -99.603312241075912, 19.347016274082137 ], [ -99.603312241075912, 19.345399306570719 ], [ -99.603851230246377, 19.345399306570719 ], [ -99.603851230246377, 19.345668801155956 ], [ -99.604120724831617, 19.345668801155956 ], [ -99.604120724831617, 19.345399306570719 ], [ -99.604659714002096, 19.345399306570719 ], [ -99.604659714002096, 19.345938295741192 ], [ -99.603851230246377, 19.345938295741192 ], [ -99.603851230246377, 19.346477284911664 ], [ -99.604390219416857, 19.346477284911664 ], [ -99.604390219416857, 19.3467467794969 ], [ -99.604659714002096, 19.3467467794969 ], [ -99.604659714002096, 19.347824757837842 ], [ -99.604390219416857, 19.347824757837842 ], [ -99.604390219416857, 19.348094252423078 ], [ -99.604120724831617, 19.348094252423078 ], [ -99.604120724831617, 19.348363747008314 ], [ -99.603851230246377, 19.348363747008314 ], [ -99.603851230246377, 19.34863324159355 ], [ -99.603312241075912, 19.34863324159355 ], [ -99.603312241075912, 19.348363747008314 ], [ -99.603042746490672, 19.348363747008314 ], [ -99.603042746490672, 19.349172230764022 ] ], [ [ -99.603851230246377, 19.348094252423078 ], [ -99.603851230246377, 19.347824757837842 ], [ -99.603581735661152, 19.347824757837842 ], [ -99.603581735661152, 19.348094252423078 ], [ -99.603851230246377, 19.348094252423078 ] ] ] ] } },
{ "type": "Feature", "properties": { "ZONA_MET": "Toluca", "INTENSIDAD": "Intensa", "T_PROM_POL": 4.0, "T_MIN_CIUD": 1.0, "DIF_TERMIC": 2.0 }, "geometry": { "type": "MultiPolygon", "coordinates": [ [ [ [ -99.707067656391715, 19.346207790326428 ], [ -99.706798161806475, 19.346207790326428 ], [ -99.706798161806475, 19.345938295741192 ], [ -99.706528667221249, 19.345938295741192 ], [ -99.706528667221249, 19.345668801155956 ], [ -99.70625917263601, 19.345668801155956 ], [ -99.70625917263601, 19.345399306570719 ], [ -99.70598967805077, 19.345399306570719 ], [ -99.70598967805077, 19.345129811985483 ], [ -99.707067656391715, 19.345129811985483 ], [ -99.707067656391715, 19.345399306570719 ], [ -99.707337150976954, 19.345399306570719 ], [ -99.707337150976954, 19.345938295741192 ], [ -99.707067656391715, 19.345938295741192 ], [ -99.707067656391715, 19.346207790326428 ] ] ] ] } },
{ "type": "Feature", "properties": { "ZONA_MET": "Toluca", "INTENSIDAD": "Intensa", "T_PROM_POL": 3.0, "T_MIN_CIUD": 1.0, "DIF_TERMIC": 2.0 }, "geometry": { "type": "MultiPolygon", "coordinates": [ [ [ [ -99.633765129207561, 19.346477284911664 ], [ -99.633226140037095, 19.346477284911664 ], [ -99.633226140037095, 19.345668801155956 ], [ -99.632956645451856, 19.345668801155956 ], [ -99.632956645451856, 19.345399306570719 ], [ -99.633226140037095, 19.345399306570719 ], [ -99.633226140037095, 19.345129811985483 ], [ -99.633765129207561, 19.345129811985483 ], [ -99.633765129207561, 19.345668801155956 ], [ -99.63430411837804, 19.345668801155956 ], [ -99.63430411837804, 19.345938295741192 ], [ -99.633765129207561, 19.345938295741192 ], [ -99.633765129207561, 19.346477284911664 ] ] ] ] } },
{ "type": "Feature", "properties": { "ZONA_MET": "Toluca", "INTENSIDAD": "Extrema", "T_PROM_POL": 4.0, "T_MIN_CIUD": 1.0, "DIF_TERMIC": 2.0 }, "geometry": { "type": "MultiPolygon", "coordinates": [ [ [ [ -99.606815670683972, 19.346477284911664 ], [ -99.605737692343041, 19.346477284911664 ], [ -99.605737692343041, 19.345938295741192 ], [ -99.605468197757801, 19.345938295741192 ], [ -99.605468197757801, 19.346477284911664 ], [ -99.605198703172562, 19.346477284911664 ], [ -99.605198703172562, 19.346207790326428 ], [ -99.604929208587322, 19.346207790326428 ], [ -99.604929208587322, 19.345668801155956 ], [ -99.605198703172562, 19.345668801155956 ], [ -99.605198703172562, 19.345399306570719 ], [ -99.604659714002096, 19.345399306570719 ], [ -99.604659714002096, 19.345129811985483 ], [ -99.604929208587322, 19.345129811985483 ], [ -99.604929208587322, 19.344860317400247 ], [ -99.606546176098746, 19.344860317400247 ], [ -99.606546176098746, 19.345129811985483 ], [ -99.607085165269211, 19.345129811985483 ], [ -99.607085165269211, 19.345668801155956 ], [ -99.607624154439691, 19.345668801155956 ], [ -99.607624154439691, 19.345938295741192 ], [ -99.607085165269211, 19.345938295741192 ], [ -99.607085165269211, 19.346207790326428 ], [ -99.606815670683972, 19.346207790326428 ], [ -99.606815670683972, 19.346477284911664 ] ] ] ] } },
{ "type": "Feature", "properties": { "ZONA_MET": "Toluca", "INTENSIDAD": "Intensa", "T_PROM_POL": 4.0, "T_MIN_CIUD": 1.0, "DIF_TERMIC": 2.0 }, "geometry": { "type": "MultiPolygon", "coordinates": [ [ [ [ -99.695209894641337, 19.3467467794969 ], [ -99.694940400056097, 19.3467467794969 ], [ -99.694940400056097, 19.346477284911664 ], [ -99.694401410885632, 19.346477284911664 ], [ -99.694401410885632, 19.346207790326428 ], [ -99.694131916300393, 19.346207790326428 ], [ -99.694131916300393, 19.345938295741192 ], [ -99.694940400056097, 19.345938295741192 ], [ -99.694940400056097, 19.344590822815011 ], [ -99.695209894641337, 19.344590822815011 ], [ -99.695209894641337, 19.345129811985483 ], [ -99.695748883811802, 19.345129811985483 ], [ -99.695748883811802, 19.345668801155956 ], [ -99.696018378397042, 19.345668801155956 ], [ -99.696018378397042, 19.345938295741192 ], [ -99.695209894641337, 19.345938295741192 ], [ -99.695209894641337, 19.3467467794969 ] ] ] ] } },
{ "type": "Feature", "properties": { "ZONA_MET": "Toluca", "INTENSIDAD": "Intensa", "T_PROM_POL": 4.0, "T_MIN_CIUD": 1.0, "DIF_TERMIC": 2.0 }, "geometry": { "type": "MultiPolygon", "coordinates": [ [ [ [ -99.737790039108603, 19.345938295741192 ], [ -99.737251049938124, 19.345938295741192 ], [ -99.737251049938124, 19.345129811985483 ], [ -99.736981555352898, 19.345129811985483 ], [ -99.736981555352898, 19.344860317400247 ], [ -99.736712060767658, 19.344860317400247 ], [ -99.736712060767658, 19.344321328229775 ], [ -99.737251049938124, 19.344321328229775 ], [ -99.737251049938124, 19.344590822815011 ], [ -99.737520544523363, 19.344590822815011 ], [ -99.737520544523363, 19.344860317400247 ], [ -99.737790039108603, 19.344860317400247 ], [ -99.737790039108603, 19.345938295741192 ] ] ] ] } },
{ "type": "Feature", "properties": { "ZONA_MET": "Toluca", "INTENSIDAD": "Intensa", "T_PROM_POL": 4.0, "T_MIN_CIUD": 1.0, "DIF_TERMIC": 2.0 }, "geometry": { "type": "MultiPolygon", "coordinates": [ [ [ [ -99.580674695916102, 19.345668801155956 ], [ -99.580405201330862, 19.345668801155956 ], [ -99.580405201330862, 19.345129811985483 ], [ -99.579596717575157, 19.345129811985483 ], [ -99.579596717575157, 19.344051833644542 ], [ -99.579866212160397, 19.344051833644542 ], [ -99.579866212160397, 19.344590822815011 ], [ -99.580674695916102, 19.344590822815011 ], [ -99.580674695916102, 19.345668801155956 ] ] ] ] } },
{ "type": "Feature", "properties": { "ZONA_MET": "Toluca", "INTENSIDAD": "Intensa", "T_PROM_POL": 4.0, "T_MIN_CIUD": 1.0, "DIF_TERMIC": 2.0 }, "geometry": { "type": "MultiPolygon", "coordinates": [ [ [ [ -99.577979750063747, 19.345129811985483 ], [ -99.577440760893268, 19.345129811985483 ], [ -99.577440760893268, 19.344590822815011 ], [ -99.577710255478507, 19.344590822815011 ], [ -99.577710255478507, 19.344051833644542 ], [ -99.577979750063747, 19.344051833644542 ], [ -99.577979750063747, 19.343782339059306 ], [ -99.577440760893268, 19.343782339059306 ], [ -99.577440760893268, 19.34351284447407 ], [ -99.578249244648973, 19.34351284447407 ], [ -99.578249244648973, 19.343782339059306 ], [ -99.578518739234212, 19.343782339059306 ], [ -99.578518739234212, 19.344051833644542 ], [ -99.578249244648973, 19.344051833644542 ], [ -99.578249244648973, 19.344590822815011 ], [ -99.577979750063747, 19.344590822815011 ], [ -99.577979750063747, 19.345129811985483 ] ] ] ] } },
{ "type": "Feature", "properties": { "ZONA_MET": "Toluca", "INTENSIDAD": "Intensa", "T_PROM_POL": 4.0, "T_MIN_CIUD": 1.0, "DIF_TERMIC": 2.0 }, "geometry": { "type": "MultiPolygon", "coordinates": [ [ [ [ -99.741023974131437, 19.344051833644542 ], [ -99.740215490375718, 19.344051833644542 ], [ -99.740215490375718, 19.343243349888834 ], [ -99.741562963301902, 19.343243349888834 ], [ -99.741562963301902, 19.343782339059306 ], [ -99.741023974131437, 19.343782339059306 ], [ -99.741023974131437, 19.344051833644542 ] ] ] ] } },
{ "type": "Feature", "properties": { "ZONA_MET": "Toluca", "INTENSIDAD": "Intensa", "T_PROM_POL": 3.0, "T_MIN_CIUD": 1.0, "DIF_TERMIC": 2.0 }, "geometry": { "type": "MultiPolygon", "coordinates": [ [ [ [ -99.537286067693131, 19.344051833644542 ], [ -99.536208089352186, 19.344051833644542 ], [ -99.536208089352186, 19.34351284447407 ], [ -99.536747078522652, 19.34351284447407 ], [ -99.536747078522652, 19.343243349888834 ], [ -99.537555562278371, 19.343243349888834 ], [ -99.537555562278371, 19.343782339059306 ], [ -99.537286067693131, 19.343782339059306 ], [ -99.537286067693131, 19.344051833644542 ] ] ] ] } },
{ "type": "Feature", "properties": { "ZONA_MET": "Toluca", "INTENSIDAD": "Intensa", "T_PROM_POL": 4.0, "T_MIN_CIUD": 1.0, "DIF_TERMIC": 2.0 }, "geometry": { "type": "MultiPolygon", "coordinates": [ [ [ [ -99.573398342114729, 19.345668801155956 ], [ -99.572589858359024, 19.345668801155956 ], [ -99.572589858359024, 19.345399306570719 ], [ -99.572320363773784, 19.345399306570719 ], [ -99.572320363773784, 19.345129811985483 ], [ -99.572859352944263, 19.345129811985483 ], [ -99.572859352944263, 19.344860317400247 ], [ -99.573128847529503, 19.344860317400247 ], [ -99.573128847529503, 19.344590822815011 ], [ -99.572859352944263, 19.344590822815011 ], [ -99.572859352944263, 19.344321328229775 ], [ -99.572320363773784, 19.344321328229775 ], [ -99.572320363773784, 19.344051833644542 ], [ -99.571242385432839, 19.344051833644542 ], [ -99.571242385432839, 19.343782339059306 ], [ -99.570972890847614, 19.343782339059306 ], [ -99.570972890847614, 19.342973855303597 ], [ -99.571781374603319, 19.342973855303597 ], [ -99.571781374603319, 19.34351284447407 ], [ -99.573398342114729, 19.34351284447407 ], [ -99.573398342114729, 19.344321328229775 ], [ -99.573667836699968, 19.344321328229775 ], [ -99.573667836699968, 19.344590822815011 ], [ -99.573937331285208, 19.344590822815011 ], [ -99.573937331285208, 19.344321328229775 ], [ -99.574476320455673, 19.344321328229775 ], [ -99.574476320455673, 19.344590822815011 ], [ -99.574206825870434, 19.344590822815011 ], [ -99.574206825870434, 19.344860317400247 ], [ -99.573937331285208, 19.344860317400247 ], [ -99.573937331285208, 19.345129811985483 ], [ -99.573398342114729, 19.345129811985483 ], [ -99.573398342114729, 19.345668801155956 ] ] ] ] } },
{ "type": "Feature", "properties": { "ZONA_MET": "Toluca", "INTENSIDAD": "Extrema", "T_PROM_POL": 4.0, "T_MIN_CIUD": 1.0, "DIF_TERMIC": 2.0 }, "geometry": { "type": "MultiPolygon", "coordinates": [ [ [ [ -99.600347800638318, 19.345129811985483 ], [ -99.599808811467852, 19.345129811985483 ], [ -99.599808811467852, 19.344860317400247 ], [ -99.599269822297373, 19.344860317400247 ], [ -99.599269822297373, 19.344590822815011 ], [ -99.599000327712133, 19.344590822815011 ], [ -99.599000327712133, 19.344051833644542 ], [ -99.598730833126908, 19.344051833644542 ], [ -99.598730833126908, 19.343243349888834 ], [ -99.599000327712133, 19.343243349888834 ], [ -99.599000327712133, 19.343782339059306 ], [ -99.599269822297373, 19.343782339059306 ], [ -99.599269822297373, 19.343243349888834 ], [ -99.599808811467852, 19.343243349888834 ], [ -99.599808811467852, 19.344051833644542 ], [ -99.600078306053078, 19.344051833644542 ], [ -99.600078306053078, 19.343243349888834 ], [ -99.600347800638318, 19.343243349888834 ], [ -99.600347800638318, 19.342973855303597 ], [ -99.600617295223557, 19.342973855303597 ], [ -99.600617295223557, 19.343243349888834 ], [ -99.600886789808783, 19.343243349888834 ], [ -99.600886789808783, 19.342973855303597 ], [ -99.601964768149728, 19.342973855303597 ], [ -99.601964768149728, 19.343243349888834 ], [ -99.602234262734967, 19.343243349888834 ], [ -99.602234262734967, 19.344321328229775 ], [ -99.601964768149728, 19.344321328229775 ], [ -99.601964768149728, 19.344590822815011 ], [ -99.601156284394023, 19.344590822815011 ], [ -99.601156284394023, 19.344860317400247 ], [ -99.600347800638318, 19.344860317400247 ], [ -99.600347800638318, 19.345129811985483 ] ] ] ] } },
{ "type": "Feature", "properties": { "ZONA_MET": "Toluca", "INTENSIDAD": "Intensa", "T_PROM_POL": 4.0, "T_MIN_CIUD": 1.0, "DIF_TERMIC": 2.0 }, "geometry": { "type": "MultiPolygon", "coordinates": [ [ [ [ -99.599808811467852, 19.346207790326428 ], [ -99.599539316882613, 19.346207790326428 ], [ -99.599539316882613, 19.345938295741192 ], [ -99.599269822297373, 19.345938295741192 ], [ -99.599269822297373, 19.345668801155956 ], [ -99.599000327712133, 19.345668801155956 ], [ -99.599000327712133, 19.345129811985483 ], [ -99.598461338541668, 19.345129811985483 ], [ -99.598461338541668, 19.344860317400247 ], [ -99.598191843956428, 19.344860317400247 ], [ -99.598191843956428, 19.344590822815011 ], [ -99.598461338541668, 19.344590822815011 ], [ -99.598461338541668, 19.344321328229775 ], [ -99.597922349371188, 19.344321328229775 ], [ -99.597922349371188, 19.344590822815011 ], [ -99.597652854785963, 19.344590822815011 ], [ -99.597652854785963, 19.344321328229775 ], [ -99.597383360200723, 19.344321328229775 ], [ -99.597383360200723, 19.343782339059306 ], [ -99.597922349371188, 19.343782339059306 ], [ -99.597922349371188, 19.343243349888834 ], [ -99.598191843956428, 19.343243349888834 ], [ -99.598191843956428, 19.342973855303597 ], [ -99.598730833126908, 19.342973855303597 ], [ -99.598730833126908, 19.344051833644542 ], [ -99.599000327712133, 19.344051833644542 ], [ -99.599000327712133, 19.344590822815011 ], [ -99.598730833126908, 19.344590822815011 ], [ -99.598730833126908, 19.344860317400247 ], [ -99.599269822297373, 19.344860317400247 ], [ -99.599269822297373, 19.345129811985483 ], [ -99.599539316882613, 19.345129811985483 ], [ -99.599539316882613, 19.344860317400247 ], [ -99.599808811467852, 19.344860317400247 ], [ -99.599808811467852, 19.345129811985483 ], [ -99.600347800638318, 19.345129811985483 ], [ -99.600347800638318, 19.344860317400247 ], [ -99.601156284394023, 19.344860317400247 ], [ -99.601156284394023, 19.344590822815011 ], [ -99.601964768149728, 19.344590822815011 ], [ -99.601964768149728, 19.344321328229775 ], [ -99.602234262734967, 19.344321328229775 ], [ -99.602234262734967, 19.343243349888834 ], [ -99.602503757320207, 19.343243349888834 ], [ -99.602503757320207, 19.34351284447407 ], [ -99.602773251905447, 19.34351284447407 ], [ -99.602773251905447, 19.343782339059306 ], [ -99.602503757320207, 19.343782339059306 ], [ -99.602503757320207, 19.344321328229775 ], [ -99.602773251905447, 19.344321328229775 ], [ -99.602773251905447, 19.344590822815011 ], [ -99.602503757320207, 19.344590822815011 ], [ -99.602503757320207, 19.344860317400247 ], [ -99.602234262734967, 19.344860317400247 ], [ -99.602234262734967, 19.345129811985483 ], [ -99.601156284394023, 19.345129811985483 ], [ -99.601156284394023, 19.345399306570719 ], [ -99.600886789808783, 19.345399306570719 ], [ -99.600886789808783, 19.345668801155956 ], [ -99.600617295223557, 19.345668801155956 ], [ -99.600617295223557, 19.345938295741192 ], [ -99.599808811467852, 19.345938295741192 ], [ -99.599808811467852, 19.346207790326428 ] ] ] ] } },
{ "type": "Feature", "properties": { "ZONA_MET": "Toluca", "INTENSIDAD": "Intensa", "T_PROM_POL": 4.0, "T_MIN_CIUD": 1.0, "DIF_TERMIC": 2.0 }, "geometry": { "type": "MultiPolygon", "coordinates": [ [ [ [ -99.729974696136765, 19.344051833644542 ], [ -99.72889671779582, 19.344051833644542 ], [ -99.72889671779582, 19.343782339059306 ], [ -99.72862722321058, 19.343782339059306 ], [ -99.72862722321058, 19.34351284447407 ], [ -99.72889671779582, 19.34351284447407 ], [ -99.72889671779582, 19.342973855303597 ], [ -99.72862722321058, 19.342973855303597 ], [ -99.72862722321058, 19.342704360718361 ], [ -99.729435706966285, 19.342704360718361 ], [ -99.729435706966285, 19.343243349888834 ], [ -99.72916621238106, 19.343243349888834 ], [ -99.72916621238106, 19.34351284447407 ], [ -99.729974696136765, 19.34351284447407 ], [ -99.729974696136765, 19.344051833644542 ] ] ] ] } },
{ "type": "Feature", "properties": { "ZONA_MET": "Toluca", "INTENSIDAD": "Intensa", "T_PROM_POL": 4.0, "T_MIN_CIUD": 1.0, "DIF_TERMIC": 2.0 }, "geometry": { "type": "MultiPolygon", "coordinates": [ [ [ [ -99.604659714002096, 19.351058692860672 ], [ -99.603851230246377, 19.351058692860672 ], [ -99.603851230246377, 19.350789198275436 ], [ -99.603312241075912, 19.350789198275436 ], [ -99.603312241075912, 19.3505197036902 ], [ -99.602773251905447, 19.3505197036902 ], [ -99.602773251905447, 19.349980714519731 ], [ -99.602503757320207, 19.349980714519731 ], [ -99.602503757320207, 19.349711219934495 ], [ -99.602234262734967, 19.349711219934495 ], [ -99.602234262734967, 19.349441725349259 ], [ -99.601695273564502, 19.349441725349259 ], [ -99.601695273564502, 19.348902736178786 ], [ -99.601964768149728, 19.348902736178786 ], [ -99.601964768149728, 19.349172230764022 ], [ -99.602234262734967, 19.349172230764022 ], [ -99.602234262734967, 19.34863324159355 ], [ -99.601695273564502, 19.34863324159355 ], [ -99.601695273564502, 19.348094252423078 ], [ -99.600886789808783, 19.348094252423078 ], [ -99.600886789808783, 19.347016274082137 ], [ -99.601425778979262, 19.347016274082137 ], [ -99.601425778979262, 19.3467467794969 ], [ -99.602234262734967, 19.3467467794969 ], [ -99.602234262734967, 19.346207790326428 ], [ -99.602503757320207, 19.346207790326428 ], [ -99.602503757320207, 19.345129811985483 ], [ -99.602773251905447, 19.345129811985483 ], [ -99.602773251905447, 19.344860317400247 ], [ -99.603312241075912, 19.344860317400247 ], [ -99.603312241075912, 19.344590822815011 ], [ -99.603851230246377, 19.344590822815011 ], [ -99.603851230246377, 19.344051833644542 ], [ -99.603312241075912, 19.344051833644542 ], [ -99.603312241075912, 19.343782339059306 ], [ -99.603042746490672, 19.343782339059306 ], [ -99.603042746490672, 19.342973855303597 ], [ -99.602773251905447, 19.342973855303597 ], [ -99.602773251905447, 19.342704360718361 ], [ -99.603042746490672, 19.342704360718361 ], [ -99.603042746490672, 19.342434866133125 ], [ -99.603851230246377, 19.342434866133125 ], [ -99.603851230246377, 19.342704360718361 ], [ -99.604120724831617, 19.342704360718361 ], [ -99.604120724831617, 19.343243349888834 ], [ -99.603851230246377, 19.343243349888834 ], [ -99.603851230246377, 19.34351284447407 ], [ -99.604120724831617, 19.34351284447407 ], [ -99.604120724831617, 19.343782339059306 ], [ -99.604929208587322, 19.343782339059306 ], [ -99.604929208587322, 19.34351284447407 ], [ -99.605737692343041, 19.34351284447407 ], [ -99.605737692343041, 19.343782339059306 ], [ -99.606007186928267, 19.343782339059306 ], [ -99.606007186928267, 19.344051833644542 ], [ -99.606546176098746, 19.344051833644542 ], [ -99.606546176098746, 19.344321328229775 ], [ -99.606815670683972, 19.344321328229775 ], [ -99.606815670683972, 19.344590822815011 ], [ -99.607085165269211, 19.344590822815011 ], [ -99.607085165269211, 19.345129811985483 ], [ -99.607354659854451, 19.345129811985483 ], [ -99.607354659854451, 19.345399306570719 ], [ -99.607624154439691, 19.345399306570719 ], [ -99.607624154439691, 19.345129811985483 ], [ -99.608163143610156, 19.345129811985483 ], [ -99.608163143610156, 19.345399306570719 ], [ -99.608432638195396, 19.345399306570719 ], [ -99.608432638195396, 19.345938295741192 ], [ -99.608163143610156, 19.345938295741192 ], [ -99.608163143610156, 19.346207790326428 ], [ -99.607893649024916, 19.346207790326428 ], [ -99.607893649024916, 19.347016274082137 ], [ -99.607624154439691, 19.347016274082137 ], [ -99.607624154439691, 19.347285768667373 ], [ -99.607354659854451, 19.347285768667373 ], [ -99.607354659854451, 19.347555263252605 ], [ -99.606815670683972, 19.347555263252605 ], [ -99.606815670683972, 19.347824757837842 ], [ -99.605468197757801, 19.347824757837842 ], [ -99.605468197757801, 19.348094252423078 ], [ -99.605198703172562, 19.348094252423078 ], [ -99.605198703172562, 19.348902736178786 ], [ -99.606007186928267, 19.348902736178786 ], [ -99.606007186928267, 19.349441725349259 ], [ -99.605737692343041, 19.349441725349259 ], [ -99.605737692343041, 19.349711219934495 ], [ -99.606007186928267, 19.349711219934495 ], [ -99.606007186928267, 19.349980714519731 ], [ -99.605468197757801, 19.349980714519731 ], [ -99.605468197757801, 19.350250209104967 ], [ -99.604929208587322, 19.350250209104967 ], [ -99.604929208587322, 19.350789198275436 ], [ -99.604659714002096, 19.350789198275436 ], [ -99.604659714002096, 19.351058692860672 ] ], [ [ -99.604120724831617, 19.349711219934495 ], [ -99.604120724831617, 19.348902736178786 ], [ -99.603851230246377, 19.348902736178786 ], [ -99.603851230246377, 19.349711219934495 ], [ -99.604120724831617, 19.349711219934495 ] ], [ [ -99.603042746490672, 19.349172230764022 ], [ -99.603042746490672, 19.348363747008314 ], [ -99.603312241075912, 19.348363747008314 ], [ -99.603312241075912, 19.34863324159355 ], [ -99.603851230246377, 19.34863324159355 ], [ -99.603851230246377, 19.348363747008314 ], [ -99.604120724831617, 19.348363747008314 ], [ -99.604120724831617, 19.348094252423078 ], [ -99.604390219416857, 19.348094252423078 ], [ -99.604390219416857, 19.347824757837842 ], [ -99.604659714002096, 19.347824757837842 ], [ -99.604659714002096, 19.3467467794969 ], [ -99.604390219416857, 19.3467467794969 ], [ -99.604390219416857, 19.346477284911664 ], [ -99.603851230246377, 19.346477284911664 ], [ -99.603851230246377, 19.345938295741192 ], [ -99.604659714002096, 19.345938295741192 ], [ -99.604659714002096, 19.345399306570719 ], [ -99.604120724831617, 19.345399306570719 ], [ -99.604120724831617, 19.345668801155956 ], [ -99.603851230246377, 19.345668801155956 ], [ -99.603851230246377, 19.345399306570719 ], [ -99.603312241075912, 19.345399306570719 ], [ -99.603312241075912, 19.347016274082137 ], [ -99.603042746490672, 19.347016274082137 ], [ -99.603042746490672, 19.347285768667373 ], [ -99.602773251905447, 19.347285768667373 ], [ -99.602773251905447, 19.347555263252605 ], [ -99.602503757320207, 19.347555263252605 ], [ -99.602503757320207, 19.347824757837842 ], [ -99.602773251905447, 19.347824757837842 ], [ -99.602773251905447, 19.348363747008314 ], [ -99.602503757320207, 19.348363747008314 ], [ -99.602503757320207, 19.34863324159355 ], [ -99.602773251905447, 19.34863324159355 ], [ -99.602773251905447, 19.349172230764022 ], [ -99.603042746490672, 19.349172230764022 ] ], [ [ -99.602234262734967, 19.347824757837842 ], [ -99.602234262734967, 19.347555263252605 ], [ -99.601695273564502, 19.347555263252605 ], [ -99.601695273564502, 19.347824757837842 ], [ -99.602234262734967, 19.347824757837842 ] ], [ [ -99.601695273564502, 19.347285768667373 ], [ -99.601695273564502, 19.347016274082137 ], [ -99.601425778979262, 19.347016274082137 ], [ -99.601425778979262, 19.347285768667373 ], [ -99.601695273564502, 19.347285768667373 ] ], [ [ -99.606815670683972, 19.346477284911664 ], [ -99.606815670683972, 19.346207790326428 ], [ -99.607085165269211, 19.346207790326428 ], [ -99.607085165269211, 19.345938295741192 ], [ -99.607624154439691, 19.345938295741192 ], [ -99.607624154439691, 19.345668801155956 ], [ -99.607085165269211, 19.345668801155956 ], [ -99.607085165269211, 19.345129811985483 ], [ -99.606546176098746, 19.345129811985483 ], [ -99.606546176098746, 19.344860317400247 ], [ -99.604929208587322, 19.344860317400247 ], [ -99.604929208587322, 19.345129811985483 ], [ -99.604659714002096, 19.345129811985483 ], [ -99.604659714002096, 19.345399306570719 ], [ -99.605198703172562, 19.345399306570719 ], [ -99.605198703172562, 19.345668801155956 ], [ -99.604929208587322, 19.345668801155956 ], [ -99.604929208587322, 19.346207790326428 ], [ -99.605198703172562, 19.346207790326428 ], [ -99.605198703172562, 19.346477284911664 ], [ -99.605468197757801, 19.346477284911664 ], [ -99.605468197757801, 19.345938295741192 ], [ -99.605737692343041, 19.345938295741192 ], [ -99.605737692343041, 19.346477284911664 ], [ -99.606815670683972, 19.346477284911664 ] ], [ [ -99.603581735661152, 19.342973855303597 ], [ -99.603581735661152, 19.342704360718361 ], [ -99.603312241075912, 19.342704360718361 ], [ -99.603312241075912, 19.342973855303597 ], [ -99.603581735661152, 19.342973855303597 ] ] ] ] } },
{ "type": "Feature", "properties": { "ZONA_MET": "Toluca", "INTENSIDAD": "Intensa", "T_PROM_POL": 4.0, "T_MIN_CIUD": 1.0, "DIF_TERMIC": 2.0 }, "geometry": { "type": "MultiPolygon", "coordinates": [ [ [ [ -99.728088234040115, 19.345129811985483 ], [ -99.727549244869635, 19.345129811985483 ], [ -99.727549244869635, 19.344590822815011 ], [ -99.72727975028441, 19.344590822815011 ], [ -99.72727975028441, 19.344051833644542 ], [ -99.727818739454875, 19.344051833644542 ], [ -99.727818739454875, 19.34351284447407 ], [ -99.727549244869635, 19.34351284447407 ], [ -99.727549244869635, 19.343243349888834 ], [ -99.72727975028441, 19.343243349888834 ], [ -99.72727975028441, 19.342973855303597 ], [ -99.728088234040115, 19.342973855303597 ], [ -99.728088234040115, 19.342434866133125 ], [ -99.72862722321058, 19.342434866133125 ], [ -99.72862722321058, 19.342704360718361 ], [ -99.72835772862534, 19.342704360718361 ], [ -99.72835772862534, 19.343243349888834 ], [ -99.72862722321058, 19.343243349888834 ], [ -99.72862722321058, 19.34351284447407 ], [ -99.728088234040115, 19.34351284447407 ], [ -99.728088234040115, 19.344051833644542 ], [ -99.72889671779582, 19.344051833644542 ], [ -99.72889671779582, 19.344590822815011 ], [ -99.72835772862534, 19.344590822815011 ], [ -99.72835772862534, 19.344860317400247 ], [ -99.728088234040115, 19.344860317400247 ], [ -99.728088234040115, 19.345129811985483 ] ] ] ] } },
{ "type": "Feature", "properties": { "ZONA_MET": "Toluca", "INTENSIDAD": "Intensa", "T_PROM_POL": 3.0, "T_MIN_CIUD": 1.0, "DIF_TERMIC": 2.0 }, "geometry": { "type": "MultiPolygon", "coordinates": [ [ [ [ -99.538633540619301, 19.343782339059306 ], [ -99.538094551448836, 19.343782339059306 ], [ -99.538094551448836, 19.34351284447407 ], [ -99.537825056863596, 19.34351284447407 ], [ -99.537825056863596, 19.343243349888834 ], [ -99.537555562278371, 19.343243349888834 ], [ -99.537555562278371, 19.342973855303597 ], [ -99.538094551448836, 19.342973855303597 ], [ -99.538094551448836, 19.342704360718361 ], [ -99.538633540619301, 19.342704360718361 ], [ -99.538633540619301, 19.342434866133125 ], [ -99.539711518960246, 19.342434866133125 ], [ -99.539711518960246, 19.342704360718361 ], [ -99.53944202437502, 19.342704360718361 ], [ -99.53944202437502, 19.34351284447407 ], [ -99.539172529789781, 19.34351284447407 ], [ -99.539172529789781, 19.342973855303597 ], [ -99.538364046034076, 19.342973855303597 ], [ -99.538364046034076, 19.34351284447407 ], [ -99.538633540619301, 19.34351284447407 ], [ -99.538633540619301, 19.343782339059306 ] ] ] ] } },
{ "type": "Feature", "properties": { "ZONA_MET": "Toluca", "INTENSIDAD": "Intensa", "T_PROM_POL": 4.0, "T_MIN_CIUD": 1.0, "DIF_TERMIC": 2.0 }, "geometry": { "type": "MultiPolygon", "coordinates": [ [ [ [ -99.695209894641337, 19.344321328229775 ], [ -99.694940400056097, 19.344321328229775 ], [ -99.694940400056097, 19.342973855303597 ], [ -99.694670905470872, 19.342973855303597 ], [ -99.694670905470872, 19.342704360718361 ], [ -99.694401410885632, 19.342704360718361 ], [ -99.694401410885632, 19.342434866133125 ], [ -99.694940400056097, 19.342434866133125 ], [ -99.694940400056097, 19.341895876962653 ], [ -99.695209894641337, 19.341895876962653 ], [ -99.695209894641337, 19.34351284447407 ], [ -99.695748883811802, 19.34351284447407 ], [ -99.695748883811802, 19.343782339059306 ], [ -99.696018378397042, 19.343782339059306 ], [ -99.696018378397042, 19.344051833644542 ], [ -99.695209894641337, 19.344051833644542 ], [ -99.695209894641337, 19.344321328229775 ] ] ] ] } },
{ "type": "Feature", "properties": { "ZONA_MET": "Toluca", "INTENSIDAD": "Intensa", "T_PROM_POL": 4.0, "T_MIN_CIUD": 1.0, "DIF_TERMIC": 2.0 }, "geometry": { "type": "MultiPolygon", "coordinates": [ [ [ [ -99.540789497301191, 19.342704360718361 ], [ -99.540250508130725, 19.342704360718361 ], [ -99.540250508130725, 19.342434866133125 ], [ -99.539711518960246, 19.342434866133125 ], [ -99.539711518960246, 19.341895876962653 ], [ -99.539981013545486, 19.341895876962653 ], [ -99.539981013545486, 19.341626382377417 ], [ -99.54105899188643, 19.341626382377417 ], [ -99.54105899188643, 19.342165371547889 ], [ -99.540789497301191, 19.342165371547889 ], [ -99.540789497301191, 19.342704360718361 ] ] ] ] } },
{ "type": "Feature", "properties": { "ZONA_MET": "Toluca", "INTENSIDAD": "Intensa", "T_PROM_POL": 4.0, "T_MIN_CIUD": 1.0, "DIF_TERMIC": 2.0 }, "geometry": { "type": "MultiPolygon", "coordinates": [ [ [ [ -99.600078306053078, 19.344051833644542 ], [ -99.599808811467852, 19.344051833644542 ], [ -99.599808811467852, 19.343243349888834 ], [ -99.599269822297373, 19.343243349888834 ], [ -99.599269822297373, 19.342973855303597 ], [ -99.599539316882613, 19.342973855303597 ], [ -99.599539316882613, 19.342434866133125 ], [ -99.599269822297373, 19.342434866133125 ], [ -99.599269822297373, 19.342704360718361 ], [ -99.599000327712133, 19.342704360718361 ], [ -99.599000327712133, 19.342973855303597 ], [ -99.598730833126908, 19.342973855303597 ], [ -99.598730833126908, 19.342434866133125 ], [ -99.599000327712133, 19.342434866133125 ], [ -99.599000327712133, 19.342165371547889 ], [ -99.599269822297373, 19.342165371547889 ], [ -99.599269822297373, 19.341895876962653 ], [ -99.599539316882613, 19.341895876962653 ], [ -99.599539316882613, 19.34135688779218 ], [ -99.599808811467852, 19.34135688779218 ], [ -99.599808811467852, 19.341895876962653 ], [ -99.600078306053078, 19.341895876962653 ], [ -99.600078306053078, 19.342165371547889 ], [ -99.600347800638318, 19.342165371547889 ], [ -99.600347800638318, 19.342434866133125 ], [ -99.600886789808783, 19.342434866133125 ], [ -99.600886789808783, 19.342704360718361 ], [ -99.601964768149728, 19.342704360718361 ], [ -99.601964768149728, 19.342973855303597 ], [ -99.600886789808783, 19.342973855303597 ], [ -99.600886789808783, 19.343243349888834 ], [ -99.600617295223557, 19.343243349888834 ], [ -99.600617295223557, 19.342973855303597 ], [ -99.600347800638318, 19.342973855303597 ], [ -99.600347800638318, 19.343243349888834 ], [ -99.600078306053078, 19.343243349888834 ], [ -99.600078306053078, 19.344051833644542 ] ] ] ] } },
{ "type": "Feature", "properties": { "ZONA_MET": "Toluca", "INTENSIDAD": "Intensa", "T_PROM_POL": 3.0, "T_MIN_CIUD": 1.0, "DIF_TERMIC": 2.0 }, "geometry": { "type": "MultiPolygon", "coordinates": [ [ [ [ -99.575823793381858, 19.341895876962653 ], [ -99.575554298796618, 19.341895876962653 ], [ -99.575554298796618, 19.341626382377417 ], [ -99.575284804211378, 19.341626382377417 ], [ -99.575284804211378, 19.341895876962653 ], [ -99.573937331285208, 19.341895876962653 ], [ -99.573937331285208, 19.34135688779218 ], [ -99.574206825870434, 19.34135688779218 ], [ -99.574206825870434, 19.341087393206948 ], [ -99.574745815040913, 19.341087393206948 ], [ -99.574745815040913, 19.34135688779218 ], [ -99.575284804211378, 19.34135688779218 ], [ -99.575284804211378, 19.341087393206948 ], [ -99.575823793381858, 19.341087393206948 ], [ -99.575823793381858, 19.341895876962653 ] ] ] ] } },
{ "type": "Feature", "properties": { "ZONA_MET": "Toluca", "INTENSIDAD": "Intensa", "T_PROM_POL": 4.0, "T_MIN_CIUD": 1.0, "DIF_TERMIC": 2.0 }, "geometry": { "type": "MultiPolygon", "coordinates": [ [ [ [ -99.646970363884122, 19.341895876962653 ], [ -99.646161880128417, 19.341895876962653 ], [ -99.646161880128417, 19.34135688779218 ], [ -99.646431374713643, 19.34135688779218 ], [ -99.646431374713643, 19.341087393206948 ], [ -99.647778847639827, 19.341087393206948 ], [ -99.647778847639827, 19.341626382377417 ], [ -99.647509353054588, 19.341626382377417 ], [ -99.647509353054588, 19.34135688779218 ], [ -99.647239858469362, 19.34135688779218 ], [ -99.647239858469362, 19.341626382377417 ], [ -99.646970363884122, 19.341626382377417 ], [ -99.646970363884122, 19.341895876962653 ] ] ] ] } },
{ "type": "Feature", "properties": { "ZONA_MET": "Toluca", "INTENSIDAD": "Intensa", "T_PROM_POL": 4.0, "T_MIN_CIUD": 1.0, "DIF_TERMIC": 2.0 }, "geometry": { "type": "MultiPolygon", "coordinates": [ [ [ [ -99.725393288187746, 19.345668801155956 ], [ -99.724854299017281, 19.345668801155956 ], [ -99.724854299017281, 19.345399306570719 ], [ -99.724584804432041, 19.345399306570719 ], [ -99.724584804432041, 19.345129811985483 ], [ -99.724315309846816, 19.345129811985483 ], [ -99.724315309846816, 19.344860317400247 ], [ -99.724045815261576, 19.344860317400247 ], [ -99.724045815261576, 19.344321328229775 ], [ -99.724315309846816, 19.344321328229775 ], [ -99.724315309846816, 19.344051833644542 ], [ -99.724584804432041, 19.344051833644542 ], [ -99.724584804432041, 19.34351284447407 ], [ -99.723506826091096, 19.34351284447407 ], [ -99.723506826091096, 19.343243349888834 ], [ -99.723776320676336, 19.343243349888834 ], [ -99.723776320676336, 19.342704360718361 ], [ -99.724045815261576, 19.342704360718361 ], [ -99.724045815261576, 19.342434866133125 ], [ -99.724584804432041, 19.342434866133125 ], [ -99.724584804432041, 19.341895876962653 ], [ -99.724854299017281, 19.341895876962653 ], [ -99.724854299017281, 19.34135688779218 ], [ -99.724584804432041, 19.34135688779218 ], [ -99.724584804432041, 19.341087393206948 ], [ -99.724854299017281, 19.341087393206948 ], [ -99.724854299017281, 19.340817898621712 ], [ -99.725123793602521, 19.340817898621712 ], [ -99.725123793602521, 19.341087393206948 ], [ -99.725932277358226, 19.341087393206948 ], [ -99.725932277358226, 19.34135688779218 ], [ -99.726201771943465, 19.34135688779218 ], [ -99.726201771943465, 19.341626382377417 ], [ -99.726471266528691, 19.341626382377417 ], [ -99.726471266528691, 19.34135688779218 ], [ -99.72674076111393, 19.34135688779218 ], [ -99.72674076111393, 19.341087393206948 ], [ -99.72727975028441, 19.341087393206948 ], [ -99.72727975028441, 19.34135688779218 ], [ -99.72701025569917, 19.34135688779218 ], [ -99.72701025569917, 19.341626382377417 ], [ -99.72674076111393, 19.341626382377417 ], [ -99.72674076111393, 19.341895876962653 ], [ -99.72727975028441, 19.341895876962653 ], [ -99.72727975028441, 19.342704360718361 ], [ -99.726201771943465, 19.342704360718361 ], [ -99.726201771943465, 19.343243349888834 ], [ -99.725932277358226, 19.343243349888834 ], [ -99.725932277358226, 19.34351284447407 ], [ -99.725662782772986, 19.34351284447407 ], [ -99.725662782772986, 19.343782339059306 ], [ -99.725123793602521, 19.343782339059306 ], [ -99.725123793602521, 19.344590822815011 ], [ -99.725662782772986, 19.344590822815011 ], [ -99.725662782772986, 19.344860317400247 ], [ -99.725393288187746, 19.344860317400247 ], [ -99.725393288187746, 19.345668801155956 ] ], [ [ -99.725393288187746, 19.342704360718361 ], [ -99.725393288187746, 19.342434866133125 ], [ -99.725932277358226, 19.342434866133125 ], [ -99.725932277358226, 19.341626382377417 ], [ -99.725393288187746, 19.341626382377417 ], [ -99.725393288187746, 19.341895876962653 ], [ -99.725123793602521, 19.341895876962653 ], [ -99.725123793602521, 19.342165371547889 ], [ -99.724854299017281, 19.342165371547889 ], [ -99.724854299017281, 19.342704360718361 ], [ -99.725393288187746, 19.342704360718361 ] ], [ [ -99.725393288187746, 19.341626382377417 ], [ -99.725393288187746, 19.34135688779218 ], [ -99.725123793602521, 19.34135688779218 ], [ -99.725123793602521, 19.341626382377417 ], [ -99.725393288187746, 19.341626382377417 ] ] ] ] } },
{ "type": "Feature", "properties": { "ZONA_MET": "Toluca", "INTENSIDAD": "Intensa", "T_PROM_POL": 4.0, "T_MIN_CIUD": 1.0, "DIF_TERMIC": 2.0 }, "geometry": { "type": "MultiPolygon", "coordinates": [ [ [ [ -99.771207367677846, 19.342704360718361 ], [ -99.770937873092606, 19.342704360718361 ], [ -99.770937873092606, 19.342434866133125 ], [ -99.770668378507381, 19.342434866133125 ], [ -99.770668378507381, 19.342165371547889 ], [ -99.770937873092606, 19.342165371547889 ], [ -99.770937873092606, 19.34135688779218 ], [ -99.771207367677846, 19.34135688779218 ], [ -99.771207367677846, 19.341087393206948 ], [ -99.771476862263086, 19.341087393206948 ], [ -99.771476862263086, 19.340278909451239 ], [ -99.771746356848325, 19.340278909451239 ], [ -99.771746356848325, 19.340009414866003 ], [ -99.772285346018791, 19.340009414866003 ], [ -99.772285346018791, 19.34135688779218 ], [ -99.771746356848325, 19.34135688779218 ], [ -99.771746356848325, 19.341895876962653 ], [ -99.771207367677846, 19.341895876962653 ], [ -99.771207367677846, 19.342704360718361 ] ] ] ] } },
{ "type": "Feature", "properties": { "ZONA_MET": "Toluca", "INTENSIDAD": "Intensa", "T_PROM_POL": 4.0, "T_MIN_CIUD": 1.0, "DIF_TERMIC": 2.0 }, "geometry": { "type": "MultiPolygon", "coordinates": [ [ [ [ -99.667721446947283, 19.340278909451239 ], [ -99.667182457776804, 19.340278909451239 ], [ -99.667182457776804, 19.340009414866003 ], [ -99.666643468606338, 19.340009414866003 ], [ -99.666643468606338, 19.339470425695531 ], [ -99.666912963191578, 19.339470425695531 ], [ -99.666912963191578, 19.339739920280767 ], [ -99.667182457776804, 19.339739920280767 ], [ -99.667182457776804, 19.339470425695531 ], [ -99.667451952362043, 19.339470425695531 ], [ -99.667451952362043, 19.339200931110295 ], [ -99.668260436117748, 19.339200931110295 ], [ -99.668260436117748, 19.339739920280767 ], [ -99.667990941532523, 19.339739920280767 ], [ -99.667990941532523, 19.339470425695531 ], [ -99.667721446947283, 19.339470425695531 ], [ -99.667721446947283, 19.340278909451239 ] ] ] ] } },
{ "type": "Feature", "properties": { "ZONA_MET": "Toluca", "INTENSIDAD": "Intensa", "T_PROM_POL": 4.0, "T_MIN_CIUD": 1.0, "DIF_TERMIC": 2.0 }, "geometry": { "type": "MultiPolygon", "coordinates": [ [ [ [ -99.741023974131437, 19.342973855303597 ], [ -99.740754479546197, 19.342973855303597 ], [ -99.740754479546197, 19.342704360718361 ], [ -99.740484984960958, 19.342704360718361 ], [ -99.740484984960958, 19.342434866133125 ], [ -99.740215490375718, 19.342434866133125 ], [ -99.740215490375718, 19.341895876962653 ], [ -99.739945995790492, 19.341895876962653 ], [ -99.739945995790492, 19.340817898621712 ], [ -99.739676501205253, 19.340817898621712 ], [ -99.739676501205253, 19.341087393206948 ], [ -99.738868017449548, 19.341087393206948 ], [ -99.738868017449548, 19.340278909451239 ], [ -99.739407006620013, 19.340278909451239 ], [ -99.739407006620013, 19.339739920280767 ], [ -99.739945995790492, 19.339739920280767 ], [ -99.739945995790492, 19.340009414866003 ], [ -99.740754479546197, 19.340009414866003 ], [ -99.740754479546197, 19.339739920280767 ], [ -99.741562963301902, 19.339739920280767 ], [ -99.741562963301902, 19.338931436525058 ], [ -99.742101952472382, 19.338931436525058 ], [ -99.742101952472382, 19.339200931110295 ], [ -99.742371447057607, 19.339200931110295 ], [ -99.742371447057607, 19.339739920280767 ], [ -99.742910436228087, 19.339739920280767 ], [ -99.742910436228087, 19.340278909451239 ], [ -99.742101952472382, 19.340278909451239 ], [ -99.742101952472382, 19.340548404036475 ], [ -99.741562963301902, 19.340548404036475 ], [ -99.741562963301902, 19.340817898621712 ], [ -99.741293468716663, 19.340817898621712 ], [ -99.741293468716663, 19.341087393206948 ], [ -99.741562963301902, 19.341087393206948 ], [ -99.741562963301902, 19.341626382377417 ], [ -99.741293468716663, 19.341626382377417 ], [ -99.741293468716663, 19.342704360718361 ], [ -99.741023974131437, 19.342704360718361 ], [ -99.741023974131437, 19.342973855303597 ] ] ] ] } },
{ "type": "Feature", "properties": { "ZONA_MET": "Toluca", "INTENSIDAD": "Intensa", "T_PROM_POL": 3.0, "T_MIN_CIUD": 1.0, "DIF_TERMIC": 2.0 }, "geometry": { "type": "MultiPolygon", "coordinates": [ [ [ [ -99.729974696136765, 19.338931436525058 ], [ -99.72916621238106, 19.338931436525058 ], [ -99.72916621238106, 19.338661941939822 ], [ -99.72889671779582, 19.338661941939822 ], [ -99.72889671779582, 19.337853458184117 ], [ -99.729705201551525, 19.337853458184117 ], [ -99.729705201551525, 19.338122952769353 ], [ -99.729435706966285, 19.338122952769353 ], [ -99.729435706966285, 19.338392447354586 ], [ -99.729974696136765, 19.338392447354586 ], [ -99.729974696136765, 19.338931436525058 ] ] ] ] } },
{ "type": "Feature", "properties": { "ZONA_MET": "Toluca", "INTENSIDAD": "Intensa", "T_PROM_POL": 4.0, "T_MIN_CIUD": 1.0, "DIF_TERMIC": 2.0 }, "geometry": { "type": "MultiPolygon", "coordinates": [ [ [ [ -99.663948522753984, 19.338392447354586 ], [ -99.663409533583504, 19.338392447354586 ], [ -99.663409533583504, 19.337853458184117 ], [ -99.664218017339209, 19.337853458184117 ], [ -99.664218017339209, 19.337583963598881 ], [ -99.665834984850633, 19.337583963598881 ], [ -99.665834984850633, 19.337853458184117 ], [ -99.664487511924449, 19.337853458184117 ], [ -99.664487511924449, 19.338122952769353 ], [ -99.663948522753984, 19.338122952769353 ], [ -99.663948522753984, 19.338392447354586 ] ] ] ] } },
{ "type": "Feature", "properties": { "ZONA_MET": "Toluca", "INTENSIDAD": "Intensa", "T_PROM_POL": 3.0, "T_MIN_CIUD": 1.0, "DIF_TERMIC": 2.0 }, "geometry": { "type": "MultiPolygon", "coordinates": [ [ [ [ -99.678231735771476, 19.338122952769353 ], [ -99.677423252015771, 19.338122952769353 ], [ -99.677423252015771, 19.337853458184117 ], [ -99.676884262845306, 19.337853458184117 ], [ -99.676884262845306, 19.338122952769353 ], [ -99.676345273674826, 19.338122952769353 ], [ -99.676345273674826, 19.337853458184117 ], [ -99.676614768260066, 19.337853458184117 ], [ -99.676614768260066, 19.337314469013645 ], [ -99.676345273674826, 19.337314469013645 ], [ -99.676345273674826, 19.337044974428409 ], [ -99.677962241186236, 19.337044974428409 ], [ -99.677962241186236, 19.337853458184117 ], [ -99.678231735771476, 19.337853458184117 ], [ -99.678231735771476, 19.338122952769353 ] ] ] ] } },
{ "type": "Feature", "properties": { "ZONA_MET": "Toluca", "INTENSIDAD": "Intensa", "T_PROM_POL": 4.0, "T_MIN_CIUD": 1.0, "DIF_TERMIC": 2.0 }, "geometry": { "type": "MultiPolygon", "coordinates": [ [ [ [ -99.648317836810293, 19.338661941939822 ], [ -99.648048342225067, 19.338661941939822 ], [ -99.648048342225067, 19.337044974428409 ], [ -99.648587331395532, 19.337044974428409 ], [ -99.648587331395532, 19.337583963598881 ], [ -99.649126320566012, 19.337583963598881 ], [ -99.649126320566012, 19.337853458184117 ], [ -99.648856825980772, 19.337853458184117 ], [ -99.648856825980772, 19.338122952769353 ], [ -99.648587331395532, 19.338122952769353 ], [ -99.648587331395532, 19.338392447354586 ], [ -99.648317836810293, 19.338392447354586 ], [ -99.648317836810293, 19.338661941939822 ] ] ] ] } },
{ "type": "Feature", "properties": { "ZONA_MET": "Toluca", "INTENSIDAD": "Extrema", "T_PROM_POL": 4.0, "T_MIN_CIUD": 1.0, "DIF_TERMIC": 2.0 }, "geometry": { "type": "MultiPolygon", "coordinates": [ [ [ [ -99.568277944995245, 19.341895876962653 ], [ -99.56773895582478, 19.341895876962653 ], [ -99.56773895582478, 19.34135688779218 ], [ -99.56746946123954, 19.34135688779218 ], [ -99.56746946123954, 19.341087393206948 ], [ -99.567199966654314, 19.341087393206948 ], [ -99.567199966654314, 19.340278909451239 ], [ -99.566930472069075, 19.340278909451239 ], [ -99.566930472069075, 19.339739920280767 ], [ -99.566660977483835, 19.339739920280767 ], [ -99.566660977483835, 19.339200931110295 ], [ -99.566391482898595, 19.339200931110295 ], [ -99.566391482898595, 19.338392447354586 ], [ -99.56612198831337, 19.338392447354586 ], [ -99.56612198831337, 19.337853458184117 ], [ -99.56585249372813, 19.337853458184117 ], [ -99.56585249372813, 19.337314469013645 ], [ -99.56558299914289, 19.337314469013645 ], [ -99.56558299914289, 19.336775479843173 ], [ -99.565313504557651, 19.336775479843173 ], [ -99.565313504557651, 19.3362364906727 ], [ -99.56612198831337, 19.3362364906727 ], [ -99.56612198831337, 19.337044974428409 ], [ -99.566391482898595, 19.337044974428409 ], [ -99.566391482898595, 19.337853458184117 ], [ -99.566660977483835, 19.337853458184117 ], [ -99.566660977483835, 19.338122952769353 ], [ -99.566930472069075, 19.338122952769353 ], [ -99.566930472069075, 19.338931436525058 ], [ -99.567199966654314, 19.338931436525058 ], [ -99.567199966654314, 19.339470425695531 ], [ -99.56746946123954, 19.339470425695531 ], [ -99.56746946123954, 19.339739920280767 ], [ -99.56773895582478, 19.339739920280767 ], [ -99.56773895582478, 19.340548404036475 ], [ -99.568008450410019, 19.340548404036475 ], [ -99.568008450410019, 19.341087393206948 ], [ -99.568277944995245, 19.341087393206948 ], [ -99.568277944995245, 19.341895876962653 ] ] ] ] } },
{ "type": "Feature", "properties": { "ZONA_MET": "Toluca", "INTENSIDAD": "Intensa", "T_PROM_POL": 4.0, "T_MIN_CIUD": 1.0, "DIF_TERMIC": 2.0 }, "geometry": { "type": "MultiPolygon", "coordinates": [ [ [ [ -99.680118197868126, 19.338122952769353 ], [ -99.6798487032829, 19.338122952769353 ], [ -99.6798487032829, 19.337044974428409 ], [ -99.67957920869766, 19.337044974428409 ], [ -99.67957920869766, 19.336775479843173 ], [ -99.679309714112421, 19.336775479843173 ], [ -99.679309714112421, 19.336505985257936 ], [ -99.67957920869766, 19.336505985257936 ], [ -99.67957920869766, 19.3362364906727 ], [ -99.680387692453365, 19.3362364906727 ], [ -99.680387692453365, 19.337044974428409 ], [ -99.68119617620907, 19.337044974428409 ], [ -99.68119617620907, 19.337583963598881 ], [ -99.680118197868126, 19.337583963598881 ], [ -99.680118197868126, 19.338122952769353 ] ] ] ] } },
{ "type": "Feature", "properties": { "ZONA_MET": "Toluca", "INTENSIDAD": "Intensa", "T_PROM_POL": 4.0, "T_MIN_CIUD": 1.0, "DIF_TERMIC": 2.0 }, "geometry": { "type": "MultiPolygon", "coordinates": [ [ [ [ -99.572589858359024, 19.337853458184117 ], [ -99.572050869188558, 19.337853458184117 ], [ -99.572050869188558, 19.337583963598881 ], [ -99.572320363773784, 19.337583963598881 ], [ -99.572320363773784, 19.336775479843173 ], [ -99.572050869188558, 19.336775479843173 ], [ -99.572050869188558, 19.336505985257936 ], [ -99.571242385432839, 19.336505985257936 ], [ -99.571242385432839, 19.3362364906727 ], [ -99.572320363773784, 19.3362364906727 ], [ -99.572320363773784, 19.336505985257936 ], [ -99.572589858359024, 19.336505985257936 ], [ -99.572589858359024, 19.336775479843173 ], [ -99.572859352944263, 19.336775479843173 ], [ -99.572859352944263, 19.337314469013645 ], [ -99.572589858359024, 19.337314469013645 ], [ -99.572589858359024, 19.337853458184117 ] ] ] ] } },
{ "type": "Feature", "properties": { "ZONA_MET": "Toluca", "INTENSIDAD": "Intensa", "T_PROM_POL": 4.0, "T_MIN_CIUD": 1.0, "DIF_TERMIC": 2.0 }, "geometry": { "type": "MultiPolygon", "coordinates": [ [ [ [ -99.683621627476199, 19.337314469013645 ], [ -99.682543649135255, 19.337314469013645 ], [ -99.682543649135255, 19.336775479843173 ], [ -99.68335213289096, 19.336775479843173 ], [ -99.68335213289096, 19.3362364906727 ], [ -99.683621627476199, 19.3362364906727 ], [ -99.683621627476199, 19.336505985257936 ], [ -99.683891122061425, 19.336505985257936 ], [ -99.683891122061425, 19.336775479843173 ], [ -99.684430111231904, 19.336775479843173 ], [ -99.684430111231904, 19.337044974428409 ], [ -99.683621627476199, 19.337044974428409 ], [ -99.683621627476199, 19.337314469013645 ] ] ] ] } },
{ "type": "Feature", "properties": { "ZONA_MET": "Toluca", "INTENSIDAD": "Intensa", "T_PROM_POL": 4.0, "T_MIN_CIUD": 1.0, "DIF_TERMIC": 2.0 }, "geometry": { "type": "MultiPolygon", "coordinates": [ [ [ [ -99.738598522864308, 19.341626382377417 ], [ -99.738059533693843, 19.341626382377417 ], [ -99.738059533693843, 19.341087393206948 ], [ -99.737520544523363, 19.341087393206948 ], [ -99.737520544523363, 19.340548404036475 ], [ -99.736981555352898, 19.340548404036475 ], [ -99.736981555352898, 19.340278909451239 ], [ -99.736712060767658, 19.340278909451239 ], [ -99.736712060767658, 19.340009414866003 ], [ -99.736442566182419, 19.340009414866003 ], [ -99.736442566182419, 19.339739920280767 ], [ -99.735903577011953, 19.339739920280767 ], [ -99.735903577011953, 19.338931436525058 ], [ -99.735364587841474, 19.338931436525058 ], [ -99.735364587841474, 19.339200931110295 ], [ -99.735095093256248, 19.339200931110295 ], [ -99.735095093256248, 19.339739920280767 ], [ -99.734825598671009, 19.339739920280767 ], [ -99.734825598671009, 19.340009414866003 ], [ -99.734556104085769, 19.340009414866003 ], [ -99.734556104085769, 19.339739920280767 ], [ -99.734286609500529, 19.339739920280767 ], [ -99.734286609500529, 19.339470425695531 ], [ -99.734556104085769, 19.339470425695531 ], [ -99.734556104085769, 19.338931436525058 ], [ -99.734825598671009, 19.338931436525058 ], [ -99.734825598671009, 19.338661941939822 ], [ -99.735364587841474, 19.338661941939822 ], [ -99.735364587841474, 19.338392447354586 ], [ -99.736173071597193, 19.338392447354586 ], [ -99.736173071597193, 19.338122952769353 ], [ -99.735903577011953, 19.338122952769353 ], [ -99.735903577011953, 19.337853458184117 ], [ -99.736173071597193, 19.337853458184117 ], [ -99.736173071597193, 19.3362364906727 ], [ -99.736981555352898, 19.3362364906727 ], [ -99.736981555352898, 19.335966996087464 ], [ -99.737520544523363, 19.335966996087464 ], [ -99.737520544523363, 19.3362364906727 ], [ -99.737251049938124, 19.3362364906727 ], [ -99.737251049938124, 19.336775479843173 ], [ -99.736981555352898, 19.336775479843173 ], [ -99.736981555352898, 19.337044974428409 ], [ -99.736712060767658, 19.337044974428409 ], [ -99.736712060767658, 19.337853458184117 ], [ -99.736981555352898, 19.337853458184117 ], [ -99.736981555352898, 19.338392447354586 ], [ -99.737520544523363, 19.338392447354586 ], [ -99.737520544523363, 19.338931436525058 ], [ -99.737790039108603, 19.338931436525058 ], [ -99.737790039108603, 19.339739920280767 ], [ -99.738868017449548, 19.339739920280767 ], [ -99.738868017449548, 19.340009414866003 ], [ -99.738598522864308, 19.340009414866003 ], [ -99.738598522864308, 19.341626382377417 ] ], [ [ -99.738059533693843, 19.340817898621712 ], [ -99.738059533693843, 19.340278909451239 ], [ -99.737790039108603, 19.340278909451239 ], [ -99.737790039108603, 19.340817898621712 ], [ -99.738059533693843, 19.340817898621712 ] ], [ [ -99.737251049938124, 19.339470425695531 ], [ -99.737251049938124, 19.339200931110295 ], [ -99.736981555352898, 19.339200931110295 ], [ -99.736981555352898, 19.338931436525058 ], [ -99.736442566182419, 19.338931436525058 ], [ -99.736442566182419, 19.339200931110295 ], [ -99.736712060767658, 19.339200931110295 ], [ -99.736712060767658, 19.339470425695531 ], [ -99.737251049938124, 19.339470425695531 ] ] ] ] } },
{ "type": "Feature", "properties": { "ZONA_MET": "Toluca", "INTENSIDAD": "Intensa", "T_PROM_POL": 4.0, "T_MIN_CIUD": 1.0, "DIF_TERMIC": 2.0 }, "geometry": { "type": "MultiPolygon", "coordinates": [ [ [ [ -99.576901771722802, 19.340817898621712 ], [ -99.576093287967097, 19.340817898621712 ], [ -99.576093287967097, 19.340548404036475 ], [ -99.575284804211378, 19.340548404036475 ], [ -99.575284804211378, 19.340278909451239 ], [ -99.574745815040913, 19.340278909451239 ], [ -99.574745815040913, 19.340009414866003 ], [ -99.574476320455673, 19.340009414866003 ], [ -99.574476320455673, 19.340278909451239 ], [ -99.574206825870434, 19.340278909451239 ], [ -99.574206825870434, 19.339739920280767 ], [ -99.574476320455673, 19.339739920280767 ], [ -99.574476320455673, 19.338661941939822 ], [ -99.574206825870434, 19.338661941939822 ], [ -99.574206825870434, 19.338122952769353 ], [ -99.573937331285208, 19.338122952769353 ], [ -99.573937331285208, 19.337314469013645 ], [ -99.574206825870434, 19.337314469013645 ], [ -99.574206825870434, 19.337044974428409 ], [ -99.575015309626153, 19.337044974428409 ], [ -99.575015309626153, 19.337583963598881 ], [ -99.574745815040913, 19.337583963598881 ], [ -99.574745815040913, 19.337853458184117 ], [ -99.575015309626153, 19.337853458184117 ], [ -99.575015309626153, 19.338122952769353 ], [ -99.575284804211378, 19.338122952769353 ], [ -99.575284804211378, 19.337583963598881 ], [ -99.575554298796618, 19.337583963598881 ], [ -99.575554298796618, 19.336775479843173 ], [ -99.575823793381858, 19.336775479843173 ], [ -99.575823793381858, 19.3362364906727 ], [ -99.575284804211378, 19.3362364906727 ], [ -99.575284804211378, 19.335966996087464 ], [ -99.575823793381858, 19.335966996087464 ], [ -99.575823793381858, 19.335697501502228 ], [ -99.576093287967097, 19.335697501502228 ], [ -99.576093287967097, 19.335966996087464 ], [ -99.576362782552323, 19.335966996087464 ], [ -99.576362782552323, 19.336505985257936 ], [ -99.576632277137563, 19.336505985257936 ], [ -99.576632277137563, 19.336775479843173 ], [ -99.576901771722802, 19.336775479843173 ], [ -99.576901771722802, 19.337044974428409 ], [ -99.577171266308028, 19.337044974428409 ], [ -99.577171266308028, 19.337314469013645 ], [ -99.577440760893268, 19.337314469013645 ], [ -99.577440760893268, 19.337583963598881 ], [ -99.577710255478507, 19.337583963598881 ], [ -99.577710255478507, 19.337853458184117 ], [ -99.578249244648973, 19.337853458184117 ], [ -99.578249244648973, 19.338122952769353 ], [ -99.578518739234212, 19.338122952769353 ], [ -99.578518739234212, 19.339200931110295 ], [ -99.578249244648973, 19.339200931110295 ], [ -99.578249244648973, 19.339470425695531 ], [ -99.577979750063747, 19.339470425695531 ], [ -99.577979750063747, 19.339739920280767 ], [ -99.577440760893268, 19.339739920280767 ], [ -99.577440760893268, 19.340548404036475 ], [ -99.576901771722802, 19.340548404036475 ], [ -99.576901771722802, 19.340817898621712 ] ], [ [ -99.576093287967097, 19.339739920280767 ], [ -99.576093287967097, 19.339470425695531 ], [ -99.576362782552323, 19.339470425695531 ], [ -99.576362782552323, 19.339200931110295 ], [ -99.576632277137563, 19.339200931110295 ], [ -99.576632277137563, 19.338931436525058 ], [ -99.575554298796618, 19.338931436525058 ], [ -99.575554298796618, 19.339200931110295 ], [ -99.575823793381858, 19.339200931110295 ], [ -99.575823793381858, 19.339739920280767 ], [ -99.576093287967097, 19.339739920280767 ] ], [ [ -99.576362782552323, 19.338661941939822 ], [ -99.576362782552323, 19.338392447354586 ], [ -99.576093287967097, 19.338392447354586 ], [ -99.576093287967097, 19.338661941939822 ], [ -99.576362782552323, 19.338661941939822 ] ], [ [ -99.576093287967097, 19.338392447354586 ], [ -99.576093287967097, 19.338122952769353 ], [ -99.575823793381858, 19.338122952769353 ], [ -99.575823793381858, 19.338392447354586 ], [ -99.576093287967097, 19.338392447354586 ] ], [ [ -99.576632277137563, 19.337853458184117 ], [ -99.576632277137563, 19.337314469013645 ], [ -99.576093287967097, 19.337314469013645 ], [ -99.576093287967097, 19.337853458184117 ], [ -99.576632277137563, 19.337853458184117 ] ], [ [ -99.576901771722802, 19.337314469013645 ], [ -99.576901771722802, 19.337044974428409 ], [ -99.576632277137563, 19.337044974428409 ], [ -99.576632277137563, 19.337314469013645 ], [ -99.576901771722802, 19.337314469013645 ] ] ] ] } },
{ "type": "Feature", "properties": { "ZONA_MET": "Toluca", "INTENSIDAD": "Intensa", "T_PROM_POL": 4.0, "T_MIN_CIUD": 1.0, "DIF_TERMIC": 2.0 }, "geometry": { "type": "MultiPolygon", "coordinates": [ [ [ [ -99.580405201330862, 19.337853458184117 ], [ -99.579596717575157, 19.337853458184117 ], [ -99.579596717575157, 19.337314469013645 ], [ -99.579327222989917, 19.337314469013645 ], [ -99.579327222989917, 19.337044974428409 ], [ -99.578788233819452, 19.337044974428409 ], [ -99.578788233819452, 19.336775479843173 ], [ -99.578518739234212, 19.336775479843173 ], [ -99.578518739234212, 19.337044974428409 ], [ -99.578249244648973, 19.337044974428409 ], [ -99.578249244648973, 19.336505985257936 ], [ -99.578518739234212, 19.336505985257936 ], [ -99.578518739234212, 19.3362364906727 ], [ -99.578788233819452, 19.3362364906727 ], [ -99.578788233819452, 19.335966996087464 ], [ -99.579057728404692, 19.335966996087464 ], [ -99.579057728404692, 19.336505985257936 ], [ -99.579327222989917, 19.336505985257936 ], [ -99.579327222989917, 19.3362364906727 ], [ -99.579596717575157, 19.3362364906727 ], [ -99.579596717575157, 19.335966996087464 ], [ -99.580135706745622, 19.335966996087464 ], [ -99.580135706745622, 19.335428006916992 ], [ -99.580944190501341, 19.335428006916992 ], [ -99.580944190501341, 19.3362364906727 ], [ -99.580674695916102, 19.3362364906727 ], [ -99.580674695916102, 19.336505985257936 ], [ -99.580944190501341, 19.336505985257936 ], [ -99.580944190501341, 19.336775479843173 ], [ -99.580405201330862, 19.336775479843173 ], [ -99.580405201330862, 19.337044974428409 ], [ -99.580135706745622, 19.337044974428409 ], [ -99.580135706745622, 19.337314469013645 ], [ -99.580405201330862, 19.337314469013645 ], [ -99.580405201330862, 19.337853458184117 ] ] ] ] } },
{ "type": "Feature", "properties": { "ZONA_MET": "Toluca", "INTENSIDAD": "Intensa", "T_PROM_POL": 4.0, "T_MIN_CIUD": 1.0, "DIF_TERMIC": 2.0 }, "geometry": { "type": "MultiPolygon", "coordinates": [ [ [ [ -99.569625417921429, 19.337044974428409 ], [ -99.569086428750964, 19.337044974428409 ], [ -99.569086428750964, 19.3362364906727 ], [ -99.568816934165724, 19.3362364906727 ], [ -99.568816934165724, 19.335966996087464 ], [ -99.568008450410019, 19.335966996087464 ], [ -99.568008450410019, 19.335697501502228 ], [ -99.568277944995245, 19.335697501502228 ], [ -99.568277944995245, 19.335428006916992 ], [ -99.568816934165724, 19.335428006916992 ], [ -99.568816934165724, 19.334619523161287 ], [ -99.56935592333619, 19.334619523161287 ], [ -99.56935592333619, 19.335428006916992 ], [ -99.569625417921429, 19.335428006916992 ], [ -99.569625417921429, 19.335158512331759 ], [ -99.570164407091909, 19.335158512331759 ], [ -99.570164407091909, 19.334889017746523 ], [ -99.569625417921429, 19.334889017746523 ], [ -99.569625417921429, 19.334619523161287 ], [ -99.570164407091909, 19.334619523161287 ], [ -99.570164407091909, 19.334350028576051 ], [ -99.570703396262374, 19.334350028576051 ], [ -99.570703396262374, 19.334080533990814 ], [ -99.570972890847614, 19.334080533990814 ], [ -99.570972890847614, 19.334619523161287 ], [ -99.571242385432839, 19.334619523161287 ], [ -99.571242385432839, 19.335158512331759 ], [ -99.570972890847614, 19.335158512331759 ], [ -99.570972890847614, 19.335428006916992 ], [ -99.570164407091909, 19.335428006916992 ], [ -99.570164407091909, 19.335697501502228 ], [ -99.569625417921429, 19.335697501502228 ], [ -99.569625417921429, 19.335966996087464 ], [ -99.570433901677134, 19.335966996087464 ], [ -99.570433901677134, 19.3362364906727 ], [ -99.569625417921429, 19.3362364906727 ], [ -99.569625417921429, 19.337044974428409 ] ], [ [ -99.569086428750964, 19.335966996087464 ], [ -99.569086428750964, 19.335697501502228 ], [ -99.568816934165724, 19.335697501502228 ], [ -99.568816934165724, 19.335966996087464 ], [ -99.569086428750964, 19.335966996087464 ] ], [ [ -99.570703396262374, 19.334889017746523 ], [ -99.570703396262374, 19.334619523161287 ], [ -99.570433901677134, 19.334619523161287 ], [ -99.570433901677134, 19.334889017746523 ], [ -99.570703396262374, 19.334889017746523 ] ] ] ] } },
{ "type": "Feature", "properties": { "ZONA_MET": "Toluca", "INTENSIDAD": "Intensa", "T_PROM_POL": 4.0, "T_MIN_CIUD": 1.0, "DIF_TERMIC": 2.0 }, "geometry": { "type": "MultiPolygon", "coordinates": [ [ [ [ -99.665026501094928, 19.335966996087464 ], [ -99.664218017339209, 19.335966996087464 ], [ -99.664218017339209, 19.335158512331759 ], [ -99.663679028168744, 19.335158512331759 ], [ -99.663679028168744, 19.334889017746523 ], [ -99.663409533583504, 19.334889017746523 ], [ -99.663409533583504, 19.335158512331759 ], [ -99.662870544413039, 19.335158512331759 ], [ -99.662870544413039, 19.334619523161287 ], [ -99.663140038998264, 19.334619523161287 ], [ -99.663140038998264, 19.334350028576051 ], [ -99.664757006509689, 19.334350028576051 ], [ -99.664757006509689, 19.333811039405578 ], [ -99.665026501094928, 19.333811039405578 ], [ -99.665026501094928, 19.335966996087464 ] ] ] ] } },
{ "type": "Feature", "properties": { "ZONA_MET": "Toluca", "INTENSIDAD": "Intensa", "T_PROM_POL": 4.0, "T_MIN_CIUD": 1.0, "DIF_TERMIC": 2.0 }, "geometry": { "type": "MultiPolygon", "coordinates": [ [ [ [ -99.738868017449548, 19.335697501502228 ], [ -99.738329028279068, 19.335697501502228 ], [ -99.738329028279068, 19.335428006916992 ], [ -99.738059533693843, 19.335428006916992 ], [ -99.738059533693843, 19.334889017746523 ], [ -99.738329028279068, 19.334889017746523 ], [ -99.738329028279068, 19.334080533990814 ], [ -99.738598522864308, 19.334080533990814 ], [ -99.738598522864308, 19.333811039405578 ], [ -99.738868017449548, 19.333811039405578 ], [ -99.738868017449548, 19.334619523161287 ], [ -99.738598522864308, 19.334619523161287 ], [ -99.738598522864308, 19.335158512331759 ], [ -99.738868017449548, 19.335158512331759 ], [ -99.738868017449548, 19.335697501502228 ] ] ] ] } },
{ "type": "Feature", "properties": { "ZONA_MET": "Toluca", "INTENSIDAD": "Intensa", "T_PROM_POL": 4.0, "T_MIN_CIUD": 1.0, "DIF_TERMIC": 2.0 }, "geometry": { "type": "MultiPolygon", "coordinates": [ [ [ [ -99.572589858359024, 19.335158512331759 ], [ -99.572050869188558, 19.335158512331759 ], [ -99.572050869188558, 19.334889017746523 ], [ -99.572320363773784, 19.334889017746523 ], [ -99.572320363773784, 19.334619523161287 ], [ -99.572050869188558, 19.334619523161287 ], [ -99.572050869188558, 19.334350028576051 ], [ -99.571781374603319, 19.334350028576051 ], [ -99.571781374603319, 19.333811039405578 ], [ -99.572050869188558, 19.333811039405578 ], [ -99.572050869188558, 19.334080533990814 ], [ -99.572589858359024, 19.334080533990814 ], [ -99.572589858359024, 19.333811039405578 ], [ -99.572859352944263, 19.333811039405578 ], [ -99.572859352944263, 19.334619523161287 ], [ -99.572589858359024, 19.334619523161287 ], [ -99.572589858359024, 19.335158512331759 ] ] ] ] } },
{ "type": "Feature", "properties": { "ZONA_MET": "Toluca", "INTENSIDAD": "Intensa", "T_PROM_POL": 4.0, "T_MIN_CIUD": 1.0, "DIF_TERMIC": 2.0 }, "geometry": { "type": "MultiPolygon", "coordinates": [ [ [ [ -99.578249244648973, 19.334619523161287 ], [ -99.577710255478507, 19.334619523161287 ], [ -99.577710255478507, 19.334080533990814 ], [ -99.577440760893268, 19.334080533990814 ], [ -99.577440760893268, 19.333541544820342 ], [ -99.577171266308028, 19.333541544820342 ], [ -99.577171266308028, 19.333272050235106 ], [ -99.577440760893268, 19.333272050235106 ], [ -99.577440760893268, 19.33300255564987 ], [ -99.577979750063747, 19.33300255564987 ], [ -99.577979750063747, 19.333272050235106 ], [ -99.577710255478507, 19.333272050235106 ], [ -99.577710255478507, 19.333541544820342 ], [ -99.578249244648973, 19.333541544820342 ], [ -99.578249244648973, 19.334619523161287 ] ] ] ] } },
{ "type": "Feature", "properties": { "ZONA_MET": "Toluca", "INTENSIDAD": "Intensa", "T_PROM_POL": 4.0, "T_MIN_CIUD": 1.0, "DIF_TERMIC": 2.0 }, "geometry": { "type": "MultiPolygon", "coordinates": [ [ [ [ -99.661523071486855, 19.335428006916992 ], [ -99.661253576901615, 19.335428006916992 ], [ -99.661253576901615, 19.334619523161287 ], [ -99.661523071486855, 19.334619523161287 ], [ -99.661523071486855, 19.334080533990814 ], [ -99.660984082316389, 19.334080533990814 ], [ -99.660984082316389, 19.333811039405578 ], [ -99.661523071486855, 19.333811039405578 ], [ -99.661523071486855, 19.333541544820342 ], [ -99.661792566072094, 19.333541544820342 ], [ -99.661792566072094, 19.333272050235106 ], [ -99.662062060657334, 19.333272050235106 ], [ -99.662062060657334, 19.33300255564987 ], [ -99.662601049827799, 19.33300255564987 ], [ -99.662601049827799, 19.332733061064634 ], [ -99.662870544413039, 19.332733061064634 ], [ -99.662870544413039, 19.33300255564987 ], [ -99.663948522753984, 19.33300255564987 ], [ -99.663948522753984, 19.333272050235106 ], [ -99.662870544413039, 19.333272050235106 ], [ -99.662870544413039, 19.333541544820342 ], [ -99.662062060657334, 19.333541544820342 ], [ -99.662062060657334, 19.333811039405578 ], [ -99.662601049827799, 19.333811039405578 ], [ -99.662601049827799, 19.334080533990814 ], [ -99.662331555242559, 19.334080533990814 ], [ -99.662331555242559, 19.334350028576051 ], [ -99.662062060657334, 19.334350028576051 ], [ -99.662062060657334, 19.334889017746523 ], [ -99.661792566072094, 19.334889017746523 ], [ -99.661792566072094, 19.335158512331759 ], [ -99.661523071486855, 19.335158512331759 ], [ -99.661523071486855, 19.335428006916992 ] ] ] ] } },
{ "type": "Feature", "properties": { "ZONA_MET": "Toluca", "INTENSIDAD": "Intensa", "T_PROM_POL": 4.0, "T_MIN_CIUD": 1.0, "DIF_TERMIC": 2.0 }, "geometry": { "type": "MultiPolygon", "coordinates": [ [ [ [ -99.580405201330862, 19.334889017746523 ], [ -99.580135706745622, 19.334889017746523 ], [ -99.580135706745622, 19.33300255564987 ], [ -99.579866212160397, 19.33300255564987 ], [ -99.579866212160397, 19.332463566479397 ], [ -99.579596717575157, 19.332463566479397 ], [ -99.579596717575157, 19.332194071894161 ], [ -99.580674695916102, 19.332194071894161 ], [ -99.580674695916102, 19.332463566479397 ], [ -99.581213685086567, 19.332463566479397 ], [ -99.581213685086567, 19.332733061064634 ], [ -99.581483179671807, 19.332733061064634 ], [ -99.581483179671807, 19.334619523161287 ], [ -99.581213685086567, 19.334619523161287 ], [ -99.581213685086567, 19.334350028576051 ], [ -99.580674695916102, 19.334350028576051 ], [ -99.580674695916102, 19.334619523161287 ], [ -99.580405201330862, 19.334619523161287 ], [ -99.580405201330862, 19.334889017746523 ] ] ] ] } },
{ "type": "Feature", "properties": { "ZONA_MET": "Toluca", "INTENSIDAD": "Intensa", "T_PROM_POL": 3.0, "T_MIN_CIUD": 1.0, "DIF_TERMIC": 2.0 }, "geometry": { "type": "MultiPolygon", "coordinates": [ [ [ [ -99.669607909043933, 19.334350028576051 ], [ -99.669068919873453, 19.334350028576051 ], [ -99.669068919873453, 19.333811039405578 ], [ -99.668529930702988, 19.333811039405578 ], [ -99.668529930702988, 19.33300255564987 ], [ -99.668260436117748, 19.33300255564987 ], [ -99.668260436117748, 19.332194071894161 ], [ -99.669607909043933, 19.332194071894161 ], [ -99.669607909043933, 19.332733061064634 ], [ -99.669877403629172, 19.332733061064634 ], [ -99.669877403629172, 19.33300255564987 ], [ -99.670146898214398, 19.33300255564987 ], [ -99.670146898214398, 19.333272050235106 ], [ -99.669877403629172, 19.333272050235106 ], [ -99.669877403629172, 19.333811039405578 ], [ -99.669607909043933, 19.333811039405578 ], [ -99.669607909043933, 19.334350028576051 ] ], [ [ -99.669607909043933, 19.333541544820342 ], [ -99.669607909043933, 19.332733061064634 ], [ -99.669338414458693, 19.332733061064634 ], [ -99.669338414458693, 19.333272050235106 ], [ -99.669068919873453, 19.333272050235106 ], [ -99.669068919873453, 19.333541544820342 ], [ -99.669607909043933, 19.333541544820342 ] ] ] ] } },
{ "type": "Feature", "properties": { "ZONA_MET": "Toluca", "INTENSIDAD": "Intensa", "T_PROM_POL": 4.0, "T_MIN_CIUD": 1.0, "DIF_TERMIC": 2.0 }, "geometry": { "type": "MultiPolygon", "coordinates": [ [ [ [ -99.56935592333619, 19.334350028576051 ], [ -99.569086428750964, 19.334350028576051 ], [ -99.569086428750964, 19.333811039405578 ], [ -99.568816934165724, 19.333811039405578 ], [ -99.568816934165724, 19.334080533990814 ], [ -99.568277944995245, 19.334080533990814 ], [ -99.568277944995245, 19.333541544820342 ], [ -99.56773895582478, 19.333541544820342 ], [ -99.56773895582478, 19.333811039405578 ], [ -99.56746946123954, 19.333811039405578 ], [ -99.56746946123954, 19.333541544820342 ], [ -99.567199966654314, 19.333541544820342 ], [ -99.567199966654314, 19.331924577308929 ], [ -99.56746946123954, 19.331924577308929 ], [ -99.56746946123954, 19.331655082723692 ], [ -99.56773895582478, 19.331655082723692 ], [ -99.56773895582478, 19.331385588138456 ], [ -99.568008450410019, 19.331385588138456 ], [ -99.568008450410019, 19.33300255564987 ], [ -99.570164407091909, 19.33300255564987 ], [ -99.570164407091909, 19.332733061064634 ], [ -99.570433901677134, 19.332733061064634 ], [ -99.570433901677134, 19.33300255564987 ], [ -99.570703396262374, 19.33300255564987 ], [ -99.570703396262374, 19.333272050235106 ], [ -99.571242385432839, 19.333272050235106 ], [ -99.571242385432839, 19.333541544820342 ], [ -99.571781374603319, 19.333541544820342 ], [ -99.571781374603319, 19.333811039405578 ], [ -99.569625417921429, 19.333811039405578 ], [ -99.569625417921429, 19.334080533990814 ], [ -99.56935592333619, 19.334080533990814 ], [ -99.56935592333619, 19.334350028576051 ] ], [ [ -99.570703396262374, 19.333541544820342 ], [ -99.570703396262374, 19.333272050235106 ], [ -99.570433901677134, 19.333272050235106 ], [ -99.570433901677134, 19.333541544820342 ], [ -99.570703396262374, 19.333541544820342 ] ] ] ] } },
{ "type": "Feature", "properties": { "ZONA_MET": "Toluca", "INTENSIDAD": "Intensa", "T_PROM_POL": 4.0, "T_MIN_CIUD": 1.0, "DIF_TERMIC": 2.0 }, "geometry": { "type": "MultiPolygon", "coordinates": [ [ [ [ -99.591723973910774, 19.331924577308929 ], [ -99.591454479325535, 19.331924577308929 ], [ -99.591454479325535, 19.331655082723692 ], [ -99.59064599556983, 19.331655082723692 ], [ -99.59064599556983, 19.331924577308929 ], [ -99.59010700639935, 19.331924577308929 ], [ -99.59010700639935, 19.33111609355322 ], [ -99.591723973910774, 19.33111609355322 ], [ -99.591723973910774, 19.331924577308929 ] ] ] ] } },
{ "type": "Feature", "properties": { "ZONA_MET": "Toluca", "INTENSIDAD": "Extrema", "T_PROM_POL": 4.0, "T_MIN_CIUD": 1.0, "DIF_TERMIC": 2.0 }, "geometry": { "type": "MultiPolygon", "coordinates": [ [ [ [ -99.570164407091909, 19.33300255564987 ], [ -99.568008450410019, 19.33300255564987 ], [ -99.568008450410019, 19.331385588138456 ], [ -99.56773895582478, 19.331385588138456 ], [ -99.56773895582478, 19.33111609355322 ], [ -99.568277944995245, 19.33111609355322 ], [ -99.568277944995245, 19.330846598967984 ], [ -99.568547439580485, 19.330846598967984 ], [ -99.568547439580485, 19.33111609355322 ], [ -99.56935592333619, 19.33111609355322 ], [ -99.56935592333619, 19.330846598967984 ], [ -99.570164407091909, 19.330846598967984 ], [ -99.570164407091909, 19.331924577308929 ], [ -99.569894912506669, 19.331924577308929 ], [ -99.569894912506669, 19.332463566479397 ], [ -99.570164407091909, 19.332463566479397 ], [ -99.570164407091909, 19.33300255564987 ] ], [ [ -99.569086428750964, 19.332463566479397 ], [ -99.569086428750964, 19.332194071894161 ], [ -99.568816934165724, 19.332194071894161 ], [ -99.568816934165724, 19.332463566479397 ], [ -99.569086428750964, 19.332463566479397 ] ], [ [ -99.569894912506669, 19.331924577308929 ], [ -99.569894912506669, 19.331655082723692 ], [ -99.569625417921429, 19.331655082723692 ], [ -99.569625417921429, 19.331924577308929 ], [ -99.569894912506669, 19.331924577308929 ] ], [ [ -99.569894912506669, 19.331385588138456 ], [ -99.569894912506669, 19.33111609355322 ], [ -99.56935592333619, 19.33111609355322 ], [ -99.56935592333619, 19.331385588138456 ], [ -99.569894912506669, 19.331385588138456 ] ] ] ] } },
{ "type": "Feature", "properties": { "ZONA_MET": "Toluca", "INTENSIDAD": "Intensa", "T_PROM_POL": 3.0, "T_MIN_CIUD": 1.0, "DIF_TERMIC": 2.0 }, "geometry": { "type": "MultiPolygon", "coordinates": [ [ [ [ -99.589029028058405, 19.332463566479397 ], [ -99.58849003888794, 19.332463566479397 ], [ -99.58849003888794, 19.332194071894161 ], [ -99.58875953347318, 19.332194071894161 ], [ -99.58875953347318, 19.33111609355322 ], [ -99.58849003888794, 19.33111609355322 ], [ -99.58849003888794, 19.330846598967984 ], [ -99.589298522643645, 19.330846598967984 ], [ -99.589298522643645, 19.33111609355322 ], [ -99.589568017228885, 19.33111609355322 ], [ -99.589568017228885, 19.331655082723692 ], [ -99.589298522643645, 19.331655082723692 ], [ -99.589298522643645, 19.332194071894161 ], [ -99.589029028058405, 19.332194071894161 ], [ -99.589029028058405, 19.332463566479397 ] ] ] ] } },
{ "type": "Feature", "properties": { "ZONA_MET": "Toluca", "INTENSIDAD": "Extrema", "T_PROM_POL": 4.0, "T_MIN_CIUD": 1.0, "DIF_TERMIC": 2.0 }, "geometry": { "type": "MultiPolygon", "coordinates": [ [ [ [ -99.573937331285208, 19.337044974428409 ], [ -99.572859352944263, 19.337044974428409 ], [ -99.572859352944263, 19.336775479843173 ], [ -99.572589858359024, 19.336775479843173 ], [ -99.572589858359024, 19.3362364906727 ], [ -99.573398342114729, 19.3362364906727 ], [ -99.573398342114729, 19.335966996087464 ], [ -99.573937331285208, 19.335966996087464 ], [ -99.573937331285208, 19.335428006916992 ], [ -99.573667836699968, 19.335428006916992 ], [ -99.573667836699968, 19.334619523161287 ], [ -99.574206825870434, 19.334619523161287 ], [ -99.574206825870434, 19.334350028576051 ], [ -99.574745815040913, 19.334350028576051 ], [ -99.574745815040913, 19.334619523161287 ], [ -99.575284804211378, 19.334619523161287 ], [ -99.575284804211378, 19.334080533990814 ], [ -99.575554298796618, 19.334080533990814 ], [ -99.575554298796618, 19.333811039405578 ], [ -99.575823793381858, 19.333811039405578 ], [ -99.575823793381858, 19.333541544820342 ], [ -99.576093287967097, 19.333541544820342 ], [ -99.576093287967097, 19.333272050235106 ], [ -99.576632277137563, 19.333272050235106 ], [ -99.576632277137563, 19.33300255564987 ], [ -99.576901771722802, 19.33300255564987 ], [ -99.576901771722802, 19.332463566479397 ], [ -99.576632277137563, 19.332463566479397 ], [ -99.576632277137563, 19.332194071894161 ], [ -99.575823793381858, 19.332194071894161 ], [ -99.575823793381858, 19.332463566479397 ], [ -99.575554298796618, 19.332463566479397 ], [ -99.575554298796618, 19.331655082723692 ], [ -99.575284804211378, 19.331655082723692 ], [ -99.575284804211378, 19.33111609355322 ], [ -99.575823793381858, 19.33111609355322 ], [ -99.575823793381858, 19.330038115212275 ], [ -99.576362782552323, 19.330038115212275 ], [ -99.576362782552323, 19.330577104382748 ], [ -99.576901771722802, 19.330577104382748 ], [ -99.576901771722802, 19.330846598967984 ], [ -99.577171266308028, 19.330846598967984 ], [ -99.577171266308028, 19.33111609355322 ], [ -99.577440760893268, 19.33111609355322 ], [ -99.577440760893268, 19.331385588138456 ], [ -99.577710255478507, 19.331385588138456 ], [ -99.577710255478507, 19.331924577308929 ], [ -99.577979750063747, 19.331924577308929 ], [ -99.577979750063747, 19.332733061064634 ], [ -99.578518739234212, 19.332733061064634 ], [ -99.578518739234212, 19.33300255564987 ], [ -99.580135706745622, 19.33300255564987 ], [ -99.580135706745622, 19.334889017746523 ], [ -99.580405201330862, 19.334889017746523 ], [ -99.580405201330862, 19.335428006916992 ], [ -99.580135706745622, 19.335428006916992 ], [ -99.580135706745622, 19.335966996087464 ], [ -99.579596717575157, 19.335966996087464 ], [ -99.579596717575157, 19.3362364906727 ], [ -99.579327222989917, 19.3362364906727 ], [ -99.579327222989917, 19.336505985257936 ], [ -99.579057728404692, 19.336505985257936 ], [ -99.579057728404692, 19.335966996087464 ], [ -99.577440760893268, 19.335966996087464 ], [ -99.577440760893268, 19.335697501502228 ], [ -99.577171266308028, 19.335697501502228 ], [ -99.577171266308028, 19.335428006916992 ], [ -99.576901771722802, 19.335428006916992 ], [ -99.576901771722802, 19.335697501502228 ], [ -99.576632277137563, 19.335697501502228 ], [ -99.576632277137563, 19.335966996087464 ], [ -99.576093287967097, 19.335966996087464 ], [ -99.576093287967097, 19.335697501502228 ], [ -99.575823793381858, 19.335697501502228 ], [ -99.575823793381858, 19.335966996087464 ], [ -99.575284804211378, 19.335966996087464 ], [ -99.575284804211378, 19.3362364906727 ], [ -99.575015309626153, 19.3362364906727 ], [ -99.575015309626153, 19.336505985257936 ], [ -99.574476320455673, 19.336505985257936 ], [ -99.574476320455673, 19.336775479843173 ], [ -99.573937331285208, 19.336775479843173 ], [ -99.573937331285208, 19.337044974428409 ] ], [ [ -99.575015309626153, 19.335966996087464 ], [ -99.575015309626153, 19.335697501502228 ], [ -99.574476320455673, 19.335697501502228 ], [ -99.574476320455673, 19.335966996087464 ], [ -99.575015309626153, 19.335966996087464 ] ], [ [ -99.574476320455673, 19.335697501502228 ], [ -99.574476320455673, 19.335428006916992 ], [ -99.574206825870434, 19.335428006916992 ], [ -99.574206825870434, 19.335697501502228 ], [ -99.574476320455673, 19.335697501502228 ] ], [ [ -99.577440760893268, 19.335428006916992 ], [ -99.577440760893268, 19.334889017746523 ], [ -99.577171266308028, 19.334889017746523 ], [ -99.577171266308028, 19.335428006916992 ], [ -99.577440760893268, 19.335428006916992 ] ], [ [ -99.578249244648973, 19.334619523161287 ], [ -99.578249244648973, 19.333541544820342 ], [ -99.577979750063747, 19.333541544820342 ], [ -99.577979750063747, 19.33300255564987 ], [ -99.577440760893268, 19.33300255564987 ], [ -99.577440760893268, 19.333272050235106 ], [ -99.577171266308028, 19.333272050235106 ], [ -99.577171266308028, 19.333541544820342 ], [ -99.577440760893268, 19.333541544820342 ], [ -99.577440760893268, 19.334080533990814 ], [ -99.577710255478507, 19.334080533990814 ], [ -99.577710255478507, 19.334619523161287 ], [ -99.578249244648973, 19.334619523161287 ] ], [ [ -99.579057728404692, 19.334080533990814 ], [ -99.579057728404692, 19.333272050235106 ], [ -99.578788233819452, 19.333272050235106 ], [ -99.578788233819452, 19.334080533990814 ], [ -99.579057728404692, 19.334080533990814 ] ], [ [ -99.577440760893268, 19.332194071894161 ], [ -99.577440760893268, 19.331924577308929 ], [ -99.577171266308028, 19.331924577308929 ], [ -99.577171266308028, 19.332194071894161 ], [ -99.577440760893268, 19.332194071894161 ] ], [ [ -99.577171266308028, 19.331385588138456 ], [ -99.577171266308028, 19.33111609355322 ], [ -99.576901771722802, 19.33111609355322 ], [ -99.576901771722802, 19.331385588138456 ], [ -99.577171266308028, 19.331385588138456 ] ] ] ] } },
{ "type": "Feature", "properties": { "ZONA_MET": "Toluca", "INTENSIDAD": "Intensa", "T_PROM_POL": 4.0, "T_MIN_CIUD": 1.0, "DIF_TERMIC": 2.0 }, "geometry": { "type": "MultiPolygon", "coordinates": [ [ [ [ -99.56773895582478, 19.331385588138456 ], [ -99.566930472069075, 19.331385588138456 ], [ -99.566930472069075, 19.330846598967984 ], [ -99.566660977483835, 19.330846598967984 ], [ -99.566660977483835, 19.329768620627039 ], [ -99.566930472069075, 19.329768620627039 ], [ -99.566930472069075, 19.330038115212275 ], [ -99.567199966654314, 19.330038115212275 ], [ -99.567199966654314, 19.329768620627039 ], [ -99.568008450410019, 19.329768620627039 ], [ -99.568008450410019, 19.330038115212275 ], [ -99.568277944995245, 19.330038115212275 ], [ -99.568277944995245, 19.330307609797512 ], [ -99.568547439580485, 19.330307609797512 ], [ -99.568547439580485, 19.330577104382748 ], [ -99.569086428750964, 19.330577104382748 ], [ -99.569086428750964, 19.33111609355322 ], [ -99.568547439580485, 19.33111609355322 ], [ -99.568547439580485, 19.330846598967984 ], [ -99.568277944995245, 19.330846598967984 ], [ -99.568277944995245, 19.33111609355322 ], [ -99.56773895582478, 19.33111609355322 ], [ -99.56773895582478, 19.331385588138456 ] ] ] ] } },
{ "type": "Feature", "properties": { "ZONA_MET": "Toluca", "INTENSIDAD": "Intensa", "T_PROM_POL": 4.0, "T_MIN_CIUD": 1.0, "DIF_TERMIC": 2.0 }, "geometry": { "type": "MultiPolygon", "coordinates": [ [ [ [ -99.575015309626153, 19.33111609355322 ], [ -99.574476320455673, 19.33111609355322 ], [ -99.574476320455673, 19.330846598967984 ], [ -99.574206825870434, 19.330846598967984 ], [ -99.574206825870434, 19.330577104382748 ], [ -99.573937331285208, 19.330577104382748 ], [ -99.573937331285208, 19.330307609797512 ], [ -99.574206825870434, 19.330307609797512 ], [ -99.574206825870434, 19.330038115212275 ], [ -99.574476320455673, 19.330038115212275 ], [ -99.574476320455673, 19.329768620627039 ], [ -99.574745815040913, 19.329768620627039 ], [ -99.574745815040913, 19.329229631456567 ], [ -99.575015309626153, 19.329229631456567 ], [ -99.575015309626153, 19.33111609355322 ] ] ] ] } },
{ "type": "Feature", "properties": { "ZONA_MET": "Toluca", "INTENSIDAD": "Intensa", "T_PROM_POL": 3.0, "T_MIN_CIUD": 1.0, "DIF_TERMIC": 2.0 }, "geometry": { "type": "MultiPolygon", "coordinates": [ [ [ [ -99.536747078522652, 19.330307609797512 ], [ -99.536208089352186, 19.330307609797512 ], [ -99.536208089352186, 19.329499126041803 ], [ -99.536747078522652, 19.329499126041803 ], [ -99.536747078522652, 19.329229631456567 ], [ -99.537016573107891, 19.329229631456567 ], [ -99.537016573107891, 19.329499126041803 ], [ -99.537286067693131, 19.329499126041803 ], [ -99.537286067693131, 19.329768620627039 ], [ -99.537555562278371, 19.329768620627039 ], [ -99.537555562278371, 19.330038115212275 ], [ -99.536747078522652, 19.330038115212275 ], [ -99.536747078522652, 19.330307609797512 ] ] ] ] } },
{ "type": "Feature", "properties": { "ZONA_MET": "Toluca", "INTENSIDAD": "Intensa", "T_PROM_POL": 3.0, "T_MIN_CIUD": 1.0, "DIF_TERMIC": 2.0 }, "geometry": { "type": "MultiPolygon", "coordinates": [ [ [ [ -99.53944202437502, 19.330038115212275 ], [ -99.539172529789781, 19.330038115212275 ], [ -99.539172529789781, 19.329499126041803 ], [ -99.538903035204541, 19.329499126041803 ], [ -99.538903035204541, 19.329229631456567 ], [ -99.53944202437502, 19.329229631456567 ], [ -99.53944202437502, 19.328960136871334 ], [ -99.539711518960246, 19.328960136871334 ], [ -99.539711518960246, 19.328421147700862 ], [ -99.54105899188643, 19.328421147700862 ], [ -99.54105899188643, 19.329499126041803 ], [ -99.540789497301191, 19.329499126041803 ], [ -99.540789497301191, 19.328690642286098 ], [ -99.539981013545486, 19.328690642286098 ], [ -99.539981013545486, 19.329229631456567 ], [ -99.539711518960246, 19.329229631456567 ], [ -99.539711518960246, 19.329768620627039 ], [ -99.53944202437502, 19.329768620627039 ], [ -99.53944202437502, 19.330038115212275 ] ] ] ] } },
{ "type": "Feature", "properties": { "ZONA_MET": "Toluca", "INTENSIDAD": "Intensa", "T_PROM_POL": 3.0, "T_MIN_CIUD": 1.0, "DIF_TERMIC": 2.0 }, "geometry": { "type": "MultiPolygon", "coordinates": [ [ [ [ -99.666104479435859, 19.328960136871334 ], [ -99.665295995680154, 19.328960136871334 ], [ -99.665295995680154, 19.328421147700862 ], [ -99.665026501094928, 19.328421147700862 ], [ -99.665026501094928, 19.327882158530389 ], [ -99.666104479435859, 19.327882158530389 ], [ -99.666104479435859, 19.328960136871334 ] ] ] ] } },
{ "type": "Feature", "properties": { "ZONA_MET": "Toluca", "INTENSIDAD": "Intensa", "T_PROM_POL": 3.0, "T_MIN_CIUD": 1.0, "DIF_TERMIC": 2.0 }, "geometry": { "type": "MultiPolygon", "coordinates": [ [ [ [ -99.659367114804965, 19.33111609355322 ], [ -99.65909762021974, 19.33111609355322 ], [ -99.65909762021974, 19.330846598967984 ], [ -99.6588281256345, 19.330846598967984 ], [ -99.6588281256345, 19.330307609797512 ], [ -99.65855863104926, 19.330307609797512 ], [ -99.65855863104926, 19.330038115212275 ], [ -99.65828913646402, 19.330038115212275 ], [ -99.65828913646402, 19.329768620627039 ], [ -99.657750147293555, 19.329768620627039 ], [ -99.657750147293555, 19.329499126041803 ], [ -99.658019641878795, 19.329499126041803 ], [ -99.658019641878795, 19.328421147700862 ], [ -99.65828913646402, 19.328421147700862 ], [ -99.65828913646402, 19.328151653115626 ], [ -99.65855863104926, 19.328151653115626 ], [ -99.65855863104926, 19.327882158530389 ], [ -99.66017559856067, 19.327882158530389 ], [ -99.66017559856067, 19.328690642286098 ], [ -99.659367114804965, 19.328690642286098 ], [ -99.659367114804965, 19.328960136871334 ], [ -99.659906103975445, 19.328960136871334 ], [ -99.659906103975445, 19.329229631456567 ], [ -99.659367114804965, 19.329229631456567 ], [ -99.659367114804965, 19.329768620627039 ], [ -99.659906103975445, 19.329768620627039 ], [ -99.659906103975445, 19.330038115212275 ], [ -99.659636609390205, 19.330038115212275 ], [ -99.659636609390205, 19.330577104382748 ], [ -99.659906103975445, 19.330577104382748 ], [ -99.659906103975445, 19.330846598967984 ], [ -99.659367114804965, 19.330846598967984 ], [ -99.659367114804965, 19.33111609355322 ] ], [ [ -99.65855863104926, 19.329229631456567 ], [ -99.65855863104926, 19.328960136871334 ], [ -99.65828913646402, 19.328960136871334 ], [ -99.65828913646402, 19.329229631456567 ], [ -99.65855863104926, 19.329229631456567 ] ] ] ] } },
{ "type": "Feature", "properties": { "ZONA_MET": "Toluca", "INTENSIDAD": "Intensa", "T_PROM_POL": 3.0, "T_MIN_CIUD": 1.0, "DIF_TERMIC": 2.0 }, "geometry": { "type": "MultiPolygon", "coordinates": [ [ [ [ -99.596305381859779, 19.328690642286098 ], [ -99.596035887274539, 19.328690642286098 ], [ -99.596035887274539, 19.328421147700862 ], [ -99.594957908933594, 19.328421147700862 ], [ -99.594957908933594, 19.328151653115626 ], [ -99.594418919763129, 19.328151653115626 ], [ -99.594418919763129, 19.327882158530389 ], [ -99.594149425177889, 19.327882158530389 ], [ -99.594149425177889, 19.327612663945153 ], [ -99.595227403518834, 19.327612663945153 ], [ -99.595227403518834, 19.327882158530389 ], [ -99.595766392689313, 19.327882158530389 ], [ -99.595766392689313, 19.327612663945153 ], [ -99.596035887274539, 19.327612663945153 ], [ -99.596035887274539, 19.327882158530389 ], [ -99.596574876445018, 19.327882158530389 ], [ -99.596574876445018, 19.328151653115626 ], [ -99.596844371030258, 19.328151653115626 ], [ -99.596844371030258, 19.328421147700862 ], [ -99.596305381859779, 19.328421147700862 ], [ -99.596305381859779, 19.328690642286098 ] ] ] ] } },
{ "type": "Feature", "properties": { "ZONA_MET": "Toluca", "INTENSIDAD": "Intensa", "T_PROM_POL": 3.0, "T_MIN_CIUD": 1.0, "DIF_TERMIC": 2.0 }, "geometry": { "type": "MultiPolygon", "coordinates": [ [ [ [ -99.577440760893268, 19.328690642286098 ], [ -99.576632277137563, 19.328690642286098 ], [ -99.576632277137563, 19.328421147700862 ], [ -99.576362782552323, 19.328421147700862 ], [ -99.576362782552323, 19.328151653115626 ], [ -99.576632277137563, 19.328151653115626 ], [ -99.576632277137563, 19.327882158530389 ], [ -99.576901771722802, 19.327882158530389 ], [ -99.576901771722802, 19.327612663945153 ], [ -99.577440760893268, 19.327612663945153 ], [ -99.577440760893268, 19.327882158530389 ], [ -99.577710255478507, 19.327882158530389 ], [ -99.577710255478507, 19.327612663945153 ], [ -99.577979750063747, 19.327612663945153 ], [ -99.577979750063747, 19.328421147700862 ], [ -99.577440760893268, 19.328421147700862 ], [ -99.577440760893268, 19.328690642286098 ] ], [ [ -99.577171266308028, 19.328151653115626 ], [ -99.577171266308028, 19.327882158530389 ], [ -99.576901771722802, 19.327882158530389 ], [ -99.576901771722802, 19.328151653115626 ], [ -99.577171266308028, 19.328151653115626 ] ] ] ] } },
{ "type": "Feature", "properties": { "ZONA_MET": "Toluca", "INTENSIDAD": "Extrema", "T_PROM_POL": 4.0, "T_MIN_CIUD": 1.0, "DIF_TERMIC": 2.0 }, "geometry": { "type": "MultiPolygon", "coordinates": [ [ [ [ -99.574745815040913, 19.352136671201617 ], [ -99.574476320455673, 19.352136671201617 ], [ -99.574476320455673, 19.351867176616381 ], [ -99.574206825870434, 19.351867176616381 ], [ -99.574206825870434, 19.351058692860672 ], [ -99.573937331285208, 19.351058692860672 ], [ -99.573937331285208, 19.3505197036902 ], [ -99.573667836699968, 19.3505197036902 ], [ -99.573667836699968, 19.350250209104967 ], [ -99.573398342114729, 19.350250209104967 ], [ -99.573398342114729, 19.349441725349259 ], [ -99.573128847529503, 19.349441725349259 ], [ -99.573128847529503, 19.34863324159355 ], [ -99.572859352944263, 19.34863324159355 ], [ -99.572859352944263, 19.348363747008314 ], [ -99.572589858359024, 19.348363747008314 ], [ -99.572589858359024, 19.347555263252605 ], [ -99.572320363773784, 19.347555263252605 ], [ -99.572320363773784, 19.347285768667373 ], [ -99.572050869188558, 19.347285768667373 ], [ -99.572050869188558, 19.346207790326428 ], [ -99.571781374603319, 19.346207790326428 ], [ -99.571781374603319, 19.345668801155956 ], [ -99.571511880018079, 19.345668801155956 ], [ -99.571511880018079, 19.345399306570719 ], [ -99.571242385432839, 19.345399306570719 ], [ -99.571242385432839, 19.344860317400247 ], [ -99.570972890847614, 19.344860317400247 ], [ -99.570972890847614, 19.345129811985483 ], [ -99.570703396262374, 19.345129811985483 ], [ -99.570703396262374, 19.345399306570719 ], [ -99.570433901677134, 19.345399306570719 ], [ -99.570433901677134, 19.346477284911664 ], [ -99.570703396262374, 19.346477284911664 ], [ -99.570703396262374, 19.347285768667373 ], [ -99.570972890847614, 19.347285768667373 ], [ -99.570972890847614, 19.347555263252605 ], [ -99.571242385432839, 19.347555263252605 ], [ -99.571242385432839, 19.348094252423078 ], [ -99.571511880018079, 19.348094252423078 ], [ -99.571511880018079, 19.348902736178786 ], [ -99.571781374603319, 19.348902736178786 ], [ -99.571781374603319, 19.349441725349259 ], [ -99.572050869188558, 19.349441725349259 ], [ -99.572050869188558, 19.350250209104967 ], [ -99.572320363773784, 19.350250209104967 ], [ -99.572320363773784, 19.3505197036902 ], [ -99.572589858359024, 19.3505197036902 ], [ -99.572589858359024, 19.350789198275436 ], [ -99.572050869188558, 19.350789198275436 ], [ -99.572050869188558, 19.351058692860672 ], [ -99.571781374603319, 19.351058692860672 ], [ -99.571781374603319, 19.350250209104967 ], [ -99.571511880018079, 19.350250209104967 ], [ -99.571511880018079, 19.349711219934495 ], [ -99.571242385432839, 19.349711219934495 ], [ -99.571242385432839, 19.348902736178786 ], [ -99.570972890847614, 19.348902736178786 ], [ -99.570972890847614, 19.348094252423078 ], [ -99.570433901677134, 19.348094252423078 ], [ -99.570433901677134, 19.347285768667373 ], [ -99.570164407091909, 19.347285768667373 ], [ -99.570164407091909, 19.3467467794969 ], [ -99.569894912506669, 19.3467467794969 ], [ -99.569894912506669, 19.346207790326428 ], [ -99.569625417921429, 19.346207790326428 ], [ -99.569625417921429, 19.345399306570719 ], [ -99.56935592333619, 19.345399306570719 ], [ -99.56935592333619, 19.345129811985483 ], [ -99.569086428750964, 19.345129811985483 ], [ -99.569086428750964, 19.344590822815011 ], [ -99.568816934165724, 19.344590822815011 ], [ -99.568816934165724, 19.344051833644542 ], [ -99.568547439580485, 19.344051833644542 ], [ -99.568547439580485, 19.343243349888834 ], [ -99.568277944995245, 19.343243349888834 ], [ -99.568277944995245, 19.341895876962653 ], [ -99.568547439580485, 19.341895876962653 ], [ -99.568547439580485, 19.342434866133125 ], [ -99.569086428750964, 19.342434866133125 ], [ -99.569086428750964, 19.339739920280767 ], [ -99.568816934165724, 19.339739920280767 ], [ -99.568816934165724, 19.339200931110295 ], [ -99.568547439580485, 19.339200931110295 ], [ -99.568547439580485, 19.338931436525058 ], [ -99.568277944995245, 19.338931436525058 ], [ -99.568277944995245, 19.338122952769353 ], [ -99.56773895582478, 19.338122952769353 ], [ -99.56773895582478, 19.337044974428409 ], [ -99.56746946123954, 19.337044974428409 ], [ -99.56746946123954, 19.336775479843173 ], [ -99.567199966654314, 19.336775479843173 ], [ -99.567199966654314, 19.3362364906727 ], [ -99.566930472069075, 19.3362364906727 ], [ -99.566930472069075, 19.335428006916992 ], [ -99.566660977483835, 19.335428006916992 ], [ -99.566660977483835, 19.334889017746523 ], [ -99.566391482898595, 19.334889017746523 ], [ -99.566391482898595, 19.334619523161287 ], [ -99.56612198831337, 19.334619523161287 ], [ -99.56612198831337, 19.334080533990814 ], [ -99.56558299914289, 19.334080533990814 ], [ -99.56558299914289, 19.334350028576051 ], [ -99.565313504557651, 19.334350028576051 ], [ -99.565313504557651, 19.334889017746523 ], [ -99.56558299914289, 19.334889017746523 ], [ -99.56558299914289, 19.335158512331759 ], [ -99.564774515387185, 19.335158512331759 ], [ -99.564774515387185, 19.334889017746523 ], [ -99.564505020801946, 19.334889017746523 ], [ -99.564505020801946, 19.334619523161287 ], [ -99.56423552621672, 19.334619523161287 ], [ -99.56423552621672, 19.33300255564987 ], [ -99.56396603163148, 19.33300255564987 ], [ -99.56396603163148, 19.332733061064634 ], [ -99.563696537046241, 19.332733061064634 ], [ -99.563696537046241, 19.332194071894161 ], [ -99.56423552621672, 19.332194071894161 ], [ -99.56423552621672, 19.332733061064634 ], [ -99.564505020801946, 19.332733061064634 ], [ -99.564505020801946, 19.333272050235106 ], [ -99.564774515387185, 19.333272050235106 ], [ -99.564774515387185, 19.333541544820342 ], [ -99.565044009972425, 19.333541544820342 ], [ -99.565044009972425, 19.333811039405578 ], [ -99.565313504557651, 19.333811039405578 ], [ -99.565313504557651, 19.333541544820342 ], [ -99.56558299914289, 19.333541544820342 ], [ -99.56558299914289, 19.332733061064634 ], [ -99.565313504557651, 19.332733061064634 ], [ -99.565313504557651, 19.332463566479397 ], [ -99.565044009972425, 19.332463566479397 ], [ -99.565044009972425, 19.331385588138456 ], [ -99.564774515387185, 19.331385588138456 ], [ -99.564774515387185, 19.330577104382748 ], [ -99.564505020801946, 19.330577104382748 ], [ -99.564505020801946, 19.330307609797512 ], [ -99.56423552621672, 19.330307609797512 ], [ -99.56423552621672, 19.329768620627039 ], [ -99.56396603163148, 19.329768620627039 ], [ -99.56396603163148, 19.330038115212275 ], [ -99.563427042461001, 19.330038115212275 ], [ -99.563427042461001, 19.330846598967984 ], [ -99.563696537046241, 19.330846598967984 ], [ -99.563696537046241, 19.331655082723692 ], [ -99.56396603163148, 19.331655082723692 ], [ -99.56396603163148, 19.331924577308929 ], [ -99.563157547875775, 19.331924577308929 ], [ -99.563157547875775, 19.331385588138456 ], [ -99.562888053290536, 19.331385588138456 ], [ -99.562888053290536, 19.330846598967984 ], [ -99.562618558705296, 19.330846598967984 ], [ -99.562618558705296, 19.330038115212275 ], [ -99.562349064120056, 19.330038115212275 ], [ -99.562349064120056, 19.329499126041803 ], [ -99.563696537046241, 19.329499126041803 ], [ -99.563696537046241, 19.329229631456567 ], [ -99.56396603163148, 19.329229631456567 ], [ -99.56396603163148, 19.328960136871334 ], [ -99.563696537046241, 19.328960136871334 ], [ -99.563696537046241, 19.328421147700862 ], [ -99.563427042461001, 19.328421147700862 ], [ -99.563427042461001, 19.327612663945153 ], [ -99.563157547875775, 19.327612663945153 ], [ -99.563157547875775, 19.327073674774681 ], [ -99.563427042461001, 19.327073674774681 ], [ -99.563427042461001, 19.327343169359917 ], [ -99.564505020801946, 19.327343169359917 ], [ -99.564505020801946, 19.327612663945153 ], [ -99.565044009972425, 19.327612663945153 ], [ -99.565044009972425, 19.328151653115626 ], [ -99.56558299914289, 19.328151653115626 ], [ -99.56558299914289, 19.328421147700862 ], [ -99.56585249372813, 19.328421147700862 ], [ -99.56585249372813, 19.328960136871334 ], [ -99.56612198831337, 19.328960136871334 ], [ -99.56612198831337, 19.329768620627039 ], [ -99.566391482898595, 19.329768620627039 ], [ -99.566391482898595, 19.329229631456567 ], [ -99.566930472069075, 19.329229631456567 ], [ -99.566930472069075, 19.328960136871334 ], [ -99.568008450410019, 19.328960136871334 ], [ -99.568008450410019, 19.329768620627039 ], [ -99.567199966654314, 19.329768620627039 ], [ -99.567199966654314, 19.330038115212275 ], [ -99.566930472069075, 19.330038115212275 ], [ -99.566930472069075, 19.329768620627039 ], [ -99.566660977483835, 19.329768620627039 ], [ -99.566660977483835, 19.330846598967984 ], [ -99.566391482898595, 19.330846598967984 ], [ -99.566391482898595, 19.331655082723692 ], [ -99.566660977483835, 19.331655082723692 ], [ -99.566660977483835, 19.331924577308929 ], [ -99.566930472069075, 19.331924577308929 ], [ -99.566930472069075, 19.331385588138456 ], [ -99.56773895582478, 19.331385588138456 ], [ -99.56773895582478, 19.331655082723692 ], [ -99.56746946123954, 19.331655082723692 ], [ -99.56746946123954, 19.331924577308929 ], [ -99.567199966654314, 19.331924577308929 ], [ -99.567199966654314, 19.333541544820342 ], [ -99.56746946123954, 19.333541544820342 ], [ -99.56746946123954, 19.333811039405578 ], [ -99.56773895582478, 19.333811039405578 ], [ -99.56773895582478, 19.333541544820342 ], [ -99.568277944995245, 19.333541544820342 ], [ -99.568277944995245, 19.334080533990814 ], [ -99.56746946123954, 19.334080533990814 ], [ -99.56746946123954, 19.334350028576051 ], [ -99.567199966654314, 19.334350028576051 ], [ -99.567199966654314, 19.335158512331759 ], [ -99.56746946123954, 19.335158512331759 ], [ -99.56746946123954, 19.335697501502228 ], [ -99.568008450410019, 19.335697501502228 ], [ -99.568008450410019, 19.335966996087464 ], [ -99.568816934165724, 19.335966996087464 ], [ -99.568816934165724, 19.336775479843173 ], [ -99.568547439580485, 19.336775479843173 ], [ -99.568547439580485, 19.337044974428409 ], [ -99.569625417921429, 19.337044974428409 ], [ -99.569625417921429, 19.336775479843173 ], [ -99.569894912506669, 19.336775479843173 ], [ -99.569894912506669, 19.337044974428409 ], [ -99.570164407091909, 19.337044974428409 ], [ -99.570164407091909, 19.336775479843173 ], [ -99.570433901677134, 19.336775479843173 ], [ -99.570433901677134, 19.335966996087464 ], [ -99.570703396262374, 19.335966996087464 ], [ -99.570703396262374, 19.335697501502228 ], [ -99.571511880018079, 19.335697501502228 ], [ -99.571511880018079, 19.3362364906727 ], [ -99.571242385432839, 19.3362364906727 ], [ -99.571242385432839, 19.336505985257936 ], [ -99.570972890847614, 19.336505985257936 ], [ -99.570972890847614, 19.336775479843173 ], [ -99.570703396262374, 19.336775479843173 ], [ -99.570703396262374, 19.337044974428409 ], [ -99.570972890847614, 19.337044974428409 ], [ -99.570972890847614, 19.337314469013645 ], [ -99.570703396262374, 19.337314469013645 ], [ -99.570703396262374, 19.337853458184117 ], [ -99.570433901677134, 19.337853458184117 ], [ -99.570433901677134, 19.337583963598881 ], [ -99.569894912506669, 19.337583963598881 ], [ -99.569894912506669, 19.337853458184117 ], [ -99.569625417921429, 19.337853458184117 ], [ -99.569625417921429, 19.338122952769353 ], [ -99.569894912506669, 19.338122952769353 ], [ -99.569894912506669, 19.338661941939822 ], [ -99.570164407091909, 19.338661941939822 ], [ -99.570164407091909, 19.338931436525058 ], [ -99.570433901677134, 19.338931436525058 ], [ -99.570433901677134, 19.339739920280767 ], [ -99.571511880018079, 19.339739920280767 ], [ -99.571511880018079, 19.339470425695531 ], [ -99.572050869188558, 19.339470425695531 ], [ -99.572050869188558, 19.339200931110295 ], [ -99.572320363773784, 19.339200931110295 ], [ -99.572320363773784, 19.338931436525058 ], [ -99.572589858359024, 19.338931436525058 ], [ -99.572589858359024, 19.338122952769353 ], [ -99.573128847529503, 19.338122952769353 ], [ -99.573128847529503, 19.337583963598881 ], [ -99.573667836699968, 19.337583963598881 ], [ -99.573667836699968, 19.337314469013645 ], [ -99.573937331285208, 19.337314469013645 ], [ -99.573937331285208, 19.338122952769353 ], [ -99.574206825870434, 19.338122952769353 ], [ -99.574206825870434, 19.338661941939822 ], [ -99.574476320455673, 19.338661941939822 ], [ -99.574476320455673, 19.339739920280767 ], [ -99.574206825870434, 19.339739920280767 ], [ -99.574206825870434, 19.340278909451239 ], [ -99.573937331285208, 19.340278909451239 ], [ -99.573937331285208, 19.341087393206948 ], [ -99.574206825870434, 19.341087393206948 ], [ -99.574206825870434, 19.34135688779218 ], [ -99.573667836699968, 19.34135688779218 ], [ -99.573667836699968, 19.341895876962653 ], [ -99.573398342114729, 19.341895876962653 ], [ -99.573398342114729, 19.342165371547889 ], [ -99.573128847529503, 19.342165371547889 ], [ -99.573128847529503, 19.342704360718361 ], [ -99.572320363773784, 19.342704360718361 ], [ -99.572320363773784, 19.342973855303597 ], [ -99.570972890847614, 19.342973855303597 ], [ -99.570972890847614, 19.343782339059306 ], [ -99.571242385432839, 19.343782339059306 ], [ -99.571242385432839, 19.344051833644542 ], [ -99.571781374603319, 19.344051833644542 ], [ -99.571781374603319, 19.344321328229775 ], [ -99.571511880018079, 19.344321328229775 ], [ -99.571511880018079, 19.344590822815011 ], [ -99.571781374603319, 19.344590822815011 ], [ -99.571781374603319, 19.345129811985483 ], [ -99.572050869188558, 19.345129811985483 ], [ -99.572050869188558, 19.345938295741192 ], [ -99.572320363773784, 19.345938295741192 ], [ -99.572320363773784, 19.346477284911664 ], [ -99.572589858359024, 19.346477284911664 ], [ -99.572589858359024, 19.3467467794969 ], [ -99.572859352944263, 19.3467467794969 ], [ -99.572859352944263, 19.347555263252605 ], [ -99.573128847529503, 19.347555263252605 ], [ -99.573128847529503, 19.348094252423078 ], [ -99.573398342114729, 19.348094252423078 ], [ -99.573398342114729, 19.34863324159355 ], [ -99.573937331285208, 19.34863324159355 ], [ -99.573937331285208, 19.348902736178786 ], [ -99.573667836699968, 19.348902736178786 ], [ -99.573667836699968, 19.349172230764022 ], [ -99.573937331285208, 19.349172230764022 ], [ -99.573937331285208, 19.349441725349259 ], [ -99.574206825870434, 19.349441725349259 ], [ -99.574206825870434, 19.3505197036902 ], [ -99.574476320455673, 19.3505197036902 ], [ -99.574476320455673, 19.351058692860672 ], [ -99.574745815040913, 19.351058692860672 ], [ -99.574745815040913, 19.352136671201617 ] ], [ [ -99.570433901677134, 19.345129811985483 ], [ -99.570433901677134, 19.344590822815011 ], [ -99.570703396262374, 19.344590822815011 ], [ -99.570703396262374, 19.343243349888834 ], [ -99.570433901677134, 19.343243349888834 ], [ -99.570433901677134, 19.342704360718361 ], [ -99.570164407091909, 19.342704360718361 ], [ -99.570164407091909, 19.342434866133125 ], [ -99.569894912506669, 19.342434866133125 ], [ -99.569894912506669, 19.341626382377417 ], [ -99.569625417921429, 19.341626382377417 ], [ -99.569625417921429, 19.342973855303597 ], [ -99.56935592333619, 19.342973855303597 ], [ -99.56935592333619, 19.343782339059306 ], [ -99.569625417921429, 19.343782339059306 ], [ -99.569625417921429, 19.344590822815011 ], [ -99.569894912506669, 19.344590822815011 ], [ -99.569894912506669, 19.345129811985483 ], [ -99.570433901677134, 19.345129811985483 ] ], [ [ -99.573128847529503, 19.341895876962653 ], [ -99.573128847529503, 19.341626382377417 ], [ -99.572589858359024, 19.341626382377417 ], [ -99.572589858359024, 19.341895876962653 ], [ -99.573128847529503, 19.341895876962653 ] ], [ [ -99.571242385432839, 19.34135688779218 ], [ -99.571242385432839, 19.340817898621712 ], [ -99.570972890847614, 19.340817898621712 ], [ -99.570972890847614, 19.34135688779218 ], [ -99.571242385432839, 19.34135688779218 ] ], [ [ -99.570972890847614, 19.340817898621712 ], [ -99.570972890847614, 19.340548404036475 ], [ -99.570703396262374, 19.340548404036475 ], [ -99.570703396262374, 19.340817898621712 ], [ -99.570972890847614, 19.340817898621712 ] ], [ [ -99.572589858359024, 19.340548404036475 ], [ -99.572589858359024, 19.340009414866003 ], [ -99.572320363773784, 19.340009414866003 ], [ -99.572320363773784, 19.340278909451239 ], [ -99.572050869188558, 19.340278909451239 ], [ -99.572050869188558, 19.340548404036475 ], [ -99.572589858359024, 19.340548404036475 ] ], [ [ -99.573937331285208, 19.339739920280767 ], [ -99.573937331285208, 19.338931436525058 ], [ -99.573667836699968, 19.338931436525058 ], [ -99.573667836699968, 19.339200931110295 ], [ -99.573398342114729, 19.339200931110295 ], [ -99.573398342114729, 19.339739920280767 ], [ -99.573937331285208, 19.339739920280767 ] ], [ [ -99.56935592333619, 19.337853458184117 ], [ -99.56935592333619, 19.337583963598881 ], [ -99.569086428750964, 19.337583963598881 ], [ -99.569086428750964, 19.337853458184117 ], [ -99.56935592333619, 19.337853458184117 ] ], [ [ -99.566930472069075, 19.333541544820342 ], [ -99.566930472069075, 19.332733061064634 ], [ -99.566660977483835, 19.332733061064634 ], [ -99.566660977483835, 19.333541544820342 ], [ -99.566930472069075, 19.333541544820342 ] ], [ [ -99.56558299914289, 19.33111609355322 ], [ -99.56558299914289, 19.330846598967984 ], [ -99.565313504557651, 19.330846598967984 ], [ -99.565313504557651, 19.33111609355322 ], [ -99.56558299914289, 19.33111609355322 ] ], [ [ -99.566391482898595, 19.330577104382748 ], [ -99.566391482898595, 19.330307609797512 ], [ -99.56585249372813, 19.330307609797512 ], [ -99.56585249372813, 19.330577104382748 ], [ -99.566391482898595, 19.330577104382748 ] ], [ [ -99.565044009972425, 19.329768620627039 ], [ -99.565044009972425, 19.329229631456567 ], [ -99.56558299914289, 19.329229631456567 ], [ -99.56558299914289, 19.328960136871334 ], [ -99.565313504557651, 19.328960136871334 ], [ -99.565313504557651, 19.328690642286098 ], [ -99.564774515387185, 19.328690642286098 ], [ -99.564774515387185, 19.328960136871334 ], [ -99.564505020801946, 19.328960136871334 ], [ -99.564505020801946, 19.329229631456567 ], [ -99.564774515387185, 19.329229631456567 ], [ -99.564774515387185, 19.329768620627039 ], [ -99.565044009972425, 19.329768620627039 ] ] ] ] } },
{ "type": "Feature", "properties": { "ZONA_MET": "Toluca", "INTENSIDAD": "Intensa", "T_PROM_POL": 3.0, "T_MIN_CIUD": 1.0, "DIF_TERMIC": 2.0 }, "geometry": { "type": "MultiPolygon", "coordinates": [ [ [ [ -99.738868017449548, 19.329229631456567 ], [ -99.737520544523363, 19.329229631456567 ], [ -99.737520544523363, 19.328960136871334 ], [ -99.737790039108603, 19.328960136871334 ], [ -99.737790039108603, 19.328690642286098 ], [ -99.738059533693843, 19.328690642286098 ], [ -99.738059533693843, 19.327343169359917 ], [ -99.738329028279068, 19.327343169359917 ], [ -99.738329028279068, 19.327073674774681 ], [ -99.739407006620013, 19.327073674774681 ], [ -99.739407006620013, 19.327343169359917 ], [ -99.739137512034787, 19.327343169359917 ], [ -99.739137512034787, 19.327882158530389 ], [ -99.738868017449548, 19.327882158530389 ], [ -99.738868017449548, 19.329229631456567 ] ] ] ] } },
{ "type": "Feature", "properties": { "ZONA_MET": "Toluca", "INTENSIDAD": "Intensa", "T_PROM_POL": 3.0, "T_MIN_CIUD": 1.0, "DIF_TERMIC": 2.0 }, "geometry": { "type": "MultiPolygon", "coordinates": [ [ [ [ -99.591184984740295, 19.329229631456567 ], [ -99.590915490155069, 19.329229631456567 ], [ -99.590915490155069, 19.328690642286098 ], [ -99.59064599556983, 19.328690642286098 ], [ -99.59064599556983, 19.328421147700862 ], [ -99.59037650098459, 19.328421147700862 ], [ -99.59037650098459, 19.327882158530389 ], [ -99.59064599556983, 19.327882158530389 ], [ -99.59064599556983, 19.327612663945153 ], [ -99.590915490155069, 19.327612663945153 ], [ -99.590915490155069, 19.327882158530389 ], [ -99.592532457666479, 19.327882158530389 ], [ -99.592532457666479, 19.326534685604209 ], [ -99.593071446836944, 19.326534685604209 ], [ -99.593071446836944, 19.328960136871334 ], [ -99.592532457666479, 19.328960136871334 ], [ -99.592532457666479, 19.328151653115626 ], [ -99.591723973910774, 19.328151653115626 ], [ -99.591723973910774, 19.328960136871334 ], [ -99.591184984740295, 19.328960136871334 ], [ -99.591184984740295, 19.329229631456567 ] ], [ [ -99.591454479325535, 19.328690642286098 ], [ -99.591454479325535, 19.328421147700862 ], [ -99.591184984740295, 19.328421147700862 ], [ -99.591184984740295, 19.328690642286098 ], [ -99.591454479325535, 19.328690642286098 ] ], [ [ -99.590915490155069, 19.328421147700862 ], [ -99.590915490155069, 19.328151653115626 ], [ -99.59064599556983, 19.328151653115626 ], [ -99.59064599556983, 19.328421147700862 ], [ -99.590915490155069, 19.328421147700862 ] ] ] ] } },
{ "type": "Feature", "properties": { "ZONA_MET": "Toluca", "INTENSIDAD": "Extrema", "T_PROM_POL": 4.0, "T_MIN_CIUD": 1.0, "DIF_TERMIC": 2.0 }, "geometry": { "type": "MultiPolygon", "coordinates": [ [ [ [ -99.562618558705296, 19.328960136871334 ], [ -99.561810074949591, 19.328960136871334 ], [ -99.561810074949591, 19.328151653115626 ], [ -99.561540580364351, 19.328151653115626 ], [ -99.561540580364351, 19.327343169359917 ], [ -99.561271085779126, 19.327343169359917 ], [ -99.561271085779126, 19.326534685604209 ], [ -99.561540580364351, 19.326534685604209 ], [ -99.561540580364351, 19.327073674774681 ], [ -99.561810074949591, 19.327073674774681 ], [ -99.561810074949591, 19.327343169359917 ], [ -99.562079569534831, 19.327343169359917 ], [ -99.562079569534831, 19.327882158530389 ], [ -99.562349064120056, 19.327882158530389 ], [ -99.562349064120056, 19.328421147700862 ], [ -99.562618558705296, 19.328421147700862 ], [ -99.562618558705296, 19.328960136871334 ] ] ] ] } },
{ "type": "Feature", "properties": { "ZONA_MET": "Toluca", "INTENSIDAD": "Intensa", "T_PROM_POL": 3.0, "T_MIN_CIUD": 1.0, "DIF_TERMIC": 2.0 }, "geometry": { "type": "MultiPolygon", "coordinates": [ [ [ [ -99.629183721258556, 19.327612663945153 ], [ -99.628914226673317, 19.327612663945153 ], [ -99.628914226673317, 19.327343169359917 ], [ -99.628375237502851, 19.327343169359917 ], [ -99.628375237502851, 19.327073674774681 ], [ -99.627566753747132, 19.327073674774681 ], [ -99.627566753747132, 19.326265191018972 ], [ -99.628105742917612, 19.326265191018972 ], [ -99.628105742917612, 19.326534685604209 ], [ -99.628914226673317, 19.326534685604209 ], [ -99.628914226673317, 19.326804180189445 ], [ -99.629183721258556, 19.326804180189445 ], [ -99.629183721258556, 19.327073674774681 ], [ -99.629453215843796, 19.327073674774681 ], [ -99.629453215843796, 19.326804180189445 ], [ -99.629722710429022, 19.326804180189445 ], [ -99.629722710429022, 19.327073674774681 ], [ -99.629992205014261, 19.327073674774681 ], [ -99.629992205014261, 19.327343169359917 ], [ -99.629183721258556, 19.327343169359917 ], [ -99.629183721258556, 19.327612663945153 ] ] ] ] } },
{ "type": "Feature", "properties": { "ZONA_MET": "Toluca", "INTENSIDAD": "Intensa", "T_PROM_POL": 4.0, "T_MIN_CIUD": 1.0, "DIF_TERMIC": 2.0 }, "geometry": { "type": "MultiPolygon", "coordinates": [ [ [ [ -99.617595454093419, 19.327882158530389 ], [ -99.617325959508179, 19.327882158530389 ], [ -99.617325959508179, 19.327612663945153 ], [ -99.616517475752474, 19.327612663945153 ], [ -99.616517475752474, 19.327343169359917 ], [ -99.617056464922939, 19.327343169359917 ], [ -99.617056464922939, 19.327073674774681 ], [ -99.616247981167234, 19.327073674774681 ], [ -99.616247981167234, 19.327343169359917 ], [ -99.615978486581994, 19.327343169359917 ], [ -99.615978486581994, 19.326804180189445 ], [ -99.617056464922939, 19.326804180189445 ], [ -99.617056464922939, 19.326534685604209 ], [ -99.617325959508179, 19.326534685604209 ], [ -99.617325959508179, 19.326265191018972 ], [ -99.617864948678644, 19.326265191018972 ], [ -99.617864948678644, 19.326804180189445 ], [ -99.618134443263884, 19.326804180189445 ], [ -99.618134443263884, 19.327073674774681 ], [ -99.617864948678644, 19.327073674774681 ], [ -99.617864948678644, 19.327343169359917 ], [ -99.617595454093419, 19.327343169359917 ], [ -99.617595454093419, 19.327882158530389 ] ] ] ] } },
{ "type": "Feature", "properties": { "ZONA_MET": "Toluca", "INTENSIDAD": "Intensa", "T_PROM_POL": 4.0, "T_MIN_CIUD": 1.0, "DIF_TERMIC": 2.0 }, "geometry": { "type": "MultiPolygon", "coordinates": [ [ [ [ -99.662062060657334, 19.327882158530389 ], [ -99.661523071486855, 19.327882158530389 ], [ -99.661523071486855, 19.327343169359917 ], [ -99.661253576901615, 19.327343169359917 ], [ -99.661253576901615, 19.327612663945153 ], [ -99.660984082316389, 19.327612663945153 ], [ -99.660984082316389, 19.32599569643374 ], [ -99.662062060657334, 19.32599569643374 ], [ -99.662062060657334, 19.326265191018972 ], [ -99.662331555242559, 19.326265191018972 ], [ -99.662331555242559, 19.326534685604209 ], [ -99.662062060657334, 19.326534685604209 ], [ -99.662062060657334, 19.327882158530389 ] ] ] ] } },
{ "type": "Feature", "properties": { "ZONA_MET": "Toluca", "INTENSIDAD": "Intensa", "T_PROM_POL": 3.0, "T_MIN_CIUD": 1.0, "DIF_TERMIC": 2.0 }, "geometry": { "type": "MultiPolygon", "coordinates": [ [ [ [ -99.665565490265394, 19.325187212678031 ], [ -99.665026501094928, 19.325187212678031 ], [ -99.665026501094928, 19.324917718092795 ], [ -99.664218017339209, 19.324917718092795 ], [ -99.664218017339209, 19.324648223507559 ], [ -99.664487511924449, 19.324648223507559 ], [ -99.664487511924449, 19.324109234337087 ], [ -99.665026501094928, 19.324109234337087 ], [ -99.665026501094928, 19.324378728922323 ], [ -99.665295995680154, 19.324378728922323 ], [ -99.665295995680154, 19.324109234337087 ], [ -99.665565490265394, 19.324109234337087 ], [ -99.665565490265394, 19.324378728922323 ], [ -99.666373974021099, 19.324378728922323 ], [ -99.666373974021099, 19.324648223507559 ], [ -99.665834984850633, 19.324648223507559 ], [ -99.665834984850633, 19.324917718092795 ], [ -99.665565490265394, 19.324917718092795 ], [ -99.665565490265394, 19.325187212678031 ] ] ] ] } },
{ "type": "Feature", "properties": { "ZONA_MET": "Toluca", "INTENSIDAD": "Intensa", "T_PROM_POL": 3.0, "T_MIN_CIUD": 1.0, "DIF_TERMIC": 2.0 }, "geometry": { "type": "MultiPolygon", "coordinates": [ [ [ [ -99.52003841423803, 19.324378728922323 ], [ -99.519229930482325, 19.324378728922323 ], [ -99.519229930482325, 19.324109234337087 ], [ -99.519499425067565, 19.324109234337087 ], [ -99.519499425067565, 19.32383973975185 ], [ -99.52003841423803, 19.32383973975185 ], [ -99.52003841423803, 19.323570245166614 ], [ -99.52030790882327, 19.323570245166614 ], [ -99.52030790882327, 19.323300750581378 ], [ -99.520846897993735, 19.323300750581378 ], [ -99.520846897993735, 19.323031255996145 ], [ -99.521116392578975, 19.323031255996145 ], [ -99.521116392578975, 19.323300750581378 ], [ -99.521385887164215, 19.323300750581378 ], [ -99.521385887164215, 19.323570245166614 ], [ -99.520846897993735, 19.323570245166614 ], [ -99.520846897993735, 19.324109234337087 ], [ -99.52003841423803, 19.324109234337087 ], [ -99.52003841423803, 19.324378728922323 ] ] ] ] } },
{ "type": "Feature", "properties": { "ZONA_MET": "Toluca", "INTENSIDAD": "Intensa", "T_PROM_POL": 3.0, "T_MIN_CIUD": 1.0, "DIF_TERMIC": 2.0 }, "geometry": { "type": "MultiPolygon", "coordinates": [ [ [ [ -99.735095093256248, 19.328421147700862 ], [ -99.734825598671009, 19.328421147700862 ], [ -99.734825598671009, 19.328151653115626 ], [ -99.734286609500529, 19.328151653115626 ], [ -99.734286609500529, 19.327882158530389 ], [ -99.733747620330064, 19.327882158530389 ], [ -99.733747620330064, 19.327343169359917 ], [ -99.733478125744824, 19.327343169359917 ], [ -99.733478125744824, 19.326804180189445 ], [ -99.733208631159599, 19.326804180189445 ], [ -99.733208631159599, 19.326534685604209 ], [ -99.732939136574359, 19.326534685604209 ], [ -99.732939136574359, 19.32599569643374 ], [ -99.733478125744824, 19.32599569643374 ], [ -99.733478125744824, 19.324378728922323 ], [ -99.732130652818654, 19.324378728922323 ], [ -99.732130652818654, 19.324648223507559 ], [ -99.732939136574359, 19.324648223507559 ], [ -99.732939136574359, 19.324917718092795 ], [ -99.732669641989119, 19.324917718092795 ], [ -99.732669641989119, 19.325187212678031 ], [ -99.732400147403879, 19.325187212678031 ], [ -99.732400147403879, 19.325456707263267 ], [ -99.732130652818654, 19.325456707263267 ], [ -99.732130652818654, 19.324917718092795 ], [ -99.73078317989247, 19.324917718092795 ], [ -99.73078317989247, 19.325726201848504 ], [ -99.730244190722004, 19.325726201848504 ], [ -99.730244190722004, 19.32599569643374 ], [ -99.73078317989247, 19.32599569643374 ], [ -99.73078317989247, 19.326265191018972 ], [ -99.730244190722004, 19.326265191018972 ], [ -99.730244190722004, 19.326534685604209 ], [ -99.729974696136765, 19.326534685604209 ], [ -99.729974696136765, 19.32599569643374 ], [ -99.729705201551525, 19.32599569643374 ], [ -99.729705201551525, 19.326265191018972 ], [ -99.729435706966285, 19.326265191018972 ], [ -99.729435706966285, 19.325456707263267 ], [ -99.729705201551525, 19.325456707263267 ], [ -99.729705201551525, 19.324917718092795 ], [ -99.729974696136765, 19.324917718092795 ], [ -99.729974696136765, 19.324648223507559 ], [ -99.729705201551525, 19.324648223507559 ], [ -99.729705201551525, 19.324109234337087 ], [ -99.729974696136765, 19.324109234337087 ], [ -99.729974696136765, 19.323570245166614 ], [ -99.73078317989247, 19.323570245166614 ], [ -99.73078317989247, 19.324109234337087 ], [ -99.732939136574359, 19.324109234337087 ], [ -99.732939136574359, 19.323570245166614 ], [ -99.733208631159599, 19.323570245166614 ], [ -99.733208631159599, 19.322761761410909 ], [ -99.733478125744824, 19.322761761410909 ], [ -99.733478125744824, 19.323300750581378 ], [ -99.733747620330064, 19.323300750581378 ], [ -99.733747620330064, 19.324378728922323 ], [ -99.734017114915304, 19.324378728922323 ], [ -99.734017114915304, 19.324917718092795 ], [ -99.734286609500529, 19.324917718092795 ], [ -99.734286609500529, 19.325456707263267 ], [ -99.735095093256248, 19.325456707263267 ], [ -99.735095093256248, 19.325726201848504 ], [ -99.735364587841474, 19.325726201848504 ], [ -99.735364587841474, 19.32599569643374 ], [ -99.736173071597193, 19.32599569643374 ], [ -99.736173071597193, 19.326265191018972 ], [ -99.736981555352898, 19.326265191018972 ], [ -99.736981555352898, 19.326534685604209 ], [ -99.737251049938124, 19.326534685604209 ], [ -99.737251049938124, 19.327073674774681 ], [ -99.737520544523363, 19.327073674774681 ], [ -99.737520544523363, 19.327343169359917 ], [ -99.737251049938124, 19.327343169359917 ], [ -99.737251049938124, 19.327612663945153 ], [ -99.737520544523363, 19.327612663945153 ], [ -99.737520544523363, 19.327882158530389 ], [ -99.737251049938124, 19.327882158530389 ], [ -99.737251049938124, 19.328151653115626 ], [ -99.735903577011953, 19.328151653115626 ], [ -99.735903577011953, 19.327882158530389 ], [ -99.735364587841474, 19.327882158530389 ], [ -99.735364587841474, 19.328151653115626 ], [ -99.735095093256248, 19.328151653115626 ], [ -99.735095093256248, 19.328421147700862 ] ], [ [ -99.73078317989247, 19.324917718092795 ], [ -99.73078317989247, 19.324648223507559 ], [ -99.73051368530723, 19.324648223507559 ], [ -99.73051368530723, 19.324917718092795 ], [ -99.73078317989247, 19.324917718092795 ] ] ] ] } },
{ "type": "Feature", "properties": { "ZONA_MET": "Toluca", "INTENSIDAD": "Intensa", "T_PROM_POL": 4.0, "T_MIN_CIUD": 1.0, "DIF_TERMIC": 2.0 }, "geometry": { "type": "MultiPolygon", "coordinates": [ [ [ [ -99.561271085779126, 19.327073674774681 ], [ -99.561001591193886, 19.327073674774681 ], [ -99.561001591193886, 19.326534685604209 ], [ -99.560732096608646, 19.326534685604209 ], [ -99.560732096608646, 19.32599569643374 ], [ -99.560462602023406, 19.32599569643374 ], [ -99.560462602023406, 19.325456707263267 ], [ -99.560193107438181, 19.325456707263267 ], [ -99.560193107438181, 19.324917718092795 ], [ -99.559923612852941, 19.324917718092795 ], [ -99.559923612852941, 19.324109234337087 ], [ -99.559654118267702, 19.324109234337087 ], [ -99.559654118267702, 19.32383973975185 ], [ -99.559384623682462, 19.32383973975185 ], [ -99.559384623682462, 19.323031255996145 ], [ -99.559115129097236, 19.323031255996145 ], [ -99.559115129097236, 19.322222772240437 ], [ -99.558845634511997, 19.322222772240437 ], [ -99.558845634511997, 19.321953277655201 ], [ -99.558576139926757, 19.321953277655201 ], [ -99.558576139926757, 19.321144793899492 ], [ -99.558845634511997, 19.321144793899492 ], [ -99.558845634511997, 19.321683783069965 ], [ -99.559115129097236, 19.321683783069965 ], [ -99.559115129097236, 19.321414288484728 ], [ -99.559384623682462, 19.321414288484728 ], [ -99.559384623682462, 19.322222772240437 ], [ -99.559654118267702, 19.322222772240437 ], [ -99.559654118267702, 19.322492266825673 ], [ -99.559923612852941, 19.322492266825673 ], [ -99.559923612852941, 19.323300750581378 ], [ -99.560193107438181, 19.323300750581378 ], [ -99.560193107438181, 19.32383973975185 ], [ -99.560462602023406, 19.32383973975185 ], [ -99.560462602023406, 19.324109234337087 ], [ -99.560193107438181, 19.324109234337087 ], [ -99.560193107438181, 19.324378728922323 ], [ -99.560732096608646, 19.324378728922323 ], [ -99.560732096608646, 19.325187212678031 ], [ -99.561001591193886, 19.325187212678031 ], [ -99.561001591193886, 19.325456707263267 ], [ -99.561271085779126, 19.325456707263267 ], [ -99.561271085779126, 19.326265191018972 ], [ -99.561540580364351, 19.326265191018972 ], [ -99.561540580364351, 19.326534685604209 ], [ -99.561271085779126, 19.326534685604209 ], [ -99.561271085779126, 19.327073674774681 ] ] ] ] } },
{ "type": "Feature", "properties": { "ZONA_MET": "Toluca", "INTENSIDAD": "Intensa", "T_PROM_POL": 4.0, "T_MIN_CIUD": 1.0, "DIF_TERMIC": 2.0 }, "geometry": { "type": "MultiPolygon", "coordinates": [ [ [ [ -99.570972890847614, 19.331655082723692 ], [ -99.570703396262374, 19.331655082723692 ], [ -99.570703396262374, 19.331385588138456 ], [ -99.570433901677134, 19.331385588138456 ], [ -99.570433901677134, 19.331655082723692 ], [ -99.570164407091909, 19.331655082723692 ], [ -99.570164407091909, 19.330846598967984 ], [ -99.569625417921429, 19.330846598967984 ], [ -99.569625417921429, 19.330577104382748 ], [ -99.569894912506669, 19.330577104382748 ], [ -99.569894912506669, 19.330307609797512 ], [ -99.56935592333619, 19.330307609797512 ], [ -99.56935592333619, 19.329768620627039 ], [ -99.569086428750964, 19.329768620627039 ], [ -99.569086428750964, 19.329499126041803 ], [ -99.568277944995245, 19.329499126041803 ], [ -99.568277944995245, 19.329768620627039 ], [ -99.568008450410019, 19.329768620627039 ], [ -99.568008450410019, 19.328960136871334 ], [ -99.566930472069075, 19.328960136871334 ], [ -99.566930472069075, 19.329229631456567 ], [ -99.56612198831337, 19.329229631456567 ], [ -99.56612198831337, 19.328151653115626 ], [ -99.56585249372813, 19.328151653115626 ], [ -99.56585249372813, 19.328421147700862 ], [ -99.56558299914289, 19.328421147700862 ], [ -99.56558299914289, 19.328151653115626 ], [ -99.565044009972425, 19.328151653115626 ], [ -99.565044009972425, 19.327612663945153 ], [ -99.56558299914289, 19.327612663945153 ], [ -99.56558299914289, 19.327882158530389 ], [ -99.566391482898595, 19.327882158530389 ], [ -99.566391482898595, 19.327612663945153 ], [ -99.566930472069075, 19.327612663945153 ], [ -99.566930472069075, 19.326804180189445 ], [ -99.56558299914289, 19.326804180189445 ], [ -99.56558299914289, 19.326534685604209 ], [ -99.565313504557651, 19.326534685604209 ], [ -99.565313504557651, 19.326265191018972 ], [ -99.565044009972425, 19.326265191018972 ], [ -99.565044009972425, 19.326804180189445 ], [ -99.564505020801946, 19.326804180189445 ], [ -99.564505020801946, 19.327343169359917 ], [ -99.563427042461001, 19.327343169359917 ], [ -99.563427042461001, 19.327073674774681 ], [ -99.563157547875775, 19.327073674774681 ], [ -99.563157547875775, 19.326804180189445 ], [ -99.562888053290536, 19.326804180189445 ], [ -99.562888053290536, 19.326534685604209 ], [ -99.562618558705296, 19.326534685604209 ], [ -99.562618558705296, 19.325726201848504 ], [ -99.562349064120056, 19.325726201848504 ], [ -99.562349064120056, 19.325456707263267 ], [ -99.562079569534831, 19.325456707263267 ], [ -99.562079569534831, 19.324917718092795 ], [ -99.561810074949591, 19.324917718092795 ], [ -99.561810074949591, 19.324378728922323 ], [ -99.561540580364351, 19.324378728922323 ], [ -99.561540580364351, 19.323570245166614 ], [ -99.561271085779126, 19.323570245166614 ], [ -99.561271085779126, 19.322761761410909 ], [ -99.560732096608646, 19.322761761410909 ], [ -99.560732096608646, 19.321953277655201 ], [ -99.560462602023406, 19.321953277655201 ], [ -99.560462602023406, 19.321144793899492 ], [ -99.560193107438181, 19.321144793899492 ], [ -99.560193107438181, 19.320875299314256 ], [ -99.561001591193886, 19.320875299314256 ], [ -99.561001591193886, 19.321144793899492 ], [ -99.561271085779126, 19.321144793899492 ], [ -99.561271085779126, 19.321953277655201 ], [ -99.561540580364351, 19.321953277655201 ], [ -99.561540580364351, 19.322761761410909 ], [ -99.561810074949591, 19.322761761410909 ], [ -99.561810074949591, 19.323031255996145 ], [ -99.562079569534831, 19.323031255996145 ], [ -99.562079569534831, 19.323300750581378 ], [ -99.562349064120056, 19.323300750581378 ], [ -99.562349064120056, 19.324378728922323 ], [ -99.562618558705296, 19.324378728922323 ], [ -99.562618558705296, 19.324917718092795 ], [ -99.563157547875775, 19.324917718092795 ], [ -99.563157547875775, 19.325187212678031 ], [ -99.562888053290536, 19.325187212678031 ], [ -99.562888053290536, 19.325726201848504 ], [ -99.563157547875775, 19.325726201848504 ], [ -99.563157547875775, 19.32599569643374 ], [ -99.563427042461001, 19.32599569643374 ], [ -99.563427042461001, 19.326534685604209 ], [ -99.56423552621672, 19.326534685604209 ], [ -99.56423552621672, 19.326265191018972 ], [ -99.564774515387185, 19.326265191018972 ], [ -99.564774515387185, 19.32599569643374 ], [ -99.565044009972425, 19.32599569643374 ], [ -99.565044009972425, 19.325456707263267 ], [ -99.565313504557651, 19.325456707263267 ], [ -99.565313504557651, 19.324917718092795 ], [ -99.56585249372813, 19.324917718092795 ], [ -99.56585249372813, 19.324378728922323 ], [ -99.56558299914289, 19.324378728922323 ], [ -99.56558299914289, 19.324109234337087 ], [ -99.565313504557651, 19.324109234337087 ], [ -99.565313504557651, 19.32383973975185 ], [ -99.56558299914289, 19.32383973975185 ], [ -99.56558299914289, 19.323570245166614 ], [ -99.565313504557651, 19.323570245166614 ], [ -99.565313504557651, 19.323031255996145 ], [ -99.565044009972425, 19.323031255996145 ], [ -99.565044009972425, 19.322761761410909 ], [ -99.56558299914289, 19.322761761410909 ], [ -99.56558299914289, 19.322222772240437 ], [ -99.56423552621672, 19.322222772240437 ], [ -99.56423552621672, 19.321953277655201 ], [ -99.565044009972425, 19.321953277655201 ], [ -99.565044009972425, 19.321683783069965 ], [ -99.56558299914289, 19.321683783069965 ], [ -99.56558299914289, 19.321953277655201 ], [ -99.56612198831337, 19.321953277655201 ], [ -99.56612198831337, 19.322222772240437 ], [ -99.567199966654314, 19.322222772240437 ], [ -99.567199966654314, 19.323300750581378 ], [ -99.56746946123954, 19.323300750581378 ], [ -99.56746946123954, 19.32383973975185 ], [ -99.56773895582478, 19.32383973975185 ], [ -99.56773895582478, 19.324109234337087 ], [ -99.568008450410019, 19.324109234337087 ], [ -99.568008450410019, 19.324378728922323 ], [ -99.568277944995245, 19.324378728922323 ], [ -99.568277944995245, 19.324917718092795 ], [ -99.568547439580485, 19.324917718092795 ], [ -99.568547439580485, 19.325726201848504 ], [ -99.568277944995245, 19.325726201848504 ], [ -99.568277944995245, 19.326534685604209 ], [ -99.568547439580485, 19.326534685604209 ], [ -99.568547439580485, 19.327073674774681 ], [ -99.568008450410019, 19.327073674774681 ], [ -99.568008450410019, 19.327612663945153 ], [ -99.56773895582478, 19.327612663945153 ], [ -99.56773895582478, 19.327882158530389 ], [ -99.566930472069075, 19.327882158530389 ], [ -99.566930472069075, 19.328421147700862 ], [ -99.56773895582478, 19.328421147700862 ], [ -99.56773895582478, 19.328690642286098 ], [ -99.568277944995245, 19.328690642286098 ], [ -99.568277944995245, 19.328960136871334 ], [ -99.568547439580485, 19.328960136871334 ], [ -99.568547439580485, 19.328421147700862 ], [ -99.56935592333619, 19.328421147700862 ], [ -99.56935592333619, 19.328690642286098 ], [ -99.569625417921429, 19.328690642286098 ], [ -99.569625417921429, 19.328960136871334 ], [ -99.569894912506669, 19.328960136871334 ], [ -99.569894912506669, 19.329229631456567 ], [ -99.570433901677134, 19.329229631456567 ], [ -99.570433901677134, 19.330846598967984 ], [ -99.570972890847614, 19.330846598967984 ], [ -99.570972890847614, 19.331655082723692 ] ], [ [ -99.56746946123954, 19.327612663945153 ], [ -99.56746946123954, 19.327343169359917 ], [ -99.56773895582478, 19.327343169359917 ], [ -99.56773895582478, 19.326804180189445 ], [ -99.567199966654314, 19.326804180189445 ], [ -99.567199966654314, 19.327612663945153 ], [ -99.56746946123954, 19.327612663945153 ] ], [ [ -99.568277944995245, 19.326804180189445 ], [ -99.568277944995245, 19.326534685604209 ], [ -99.568008450410019, 19.326534685604209 ], [ -99.568008450410019, 19.326804180189445 ], [ -99.568277944995245, 19.326804180189445 ] ], [ [ -99.56773895582478, 19.326265191018972 ], [ -99.56773895582478, 19.32599569643374 ], [ -99.568008450410019, 19.32599569643374 ], [ -99.568008450410019, 19.325726201848504 ], [ -99.56746946123954, 19.325726201848504 ], [ -99.56746946123954, 19.325456707263267 ], [ -99.567199966654314, 19.325456707263267 ], [ -99.567199966654314, 19.326265191018972 ], [ -99.56773895582478, 19.326265191018972 ] ], [ [ -99.566660977483835, 19.326265191018972 ], [ -99.566660977483835, 19.325726201848504 ], [ -99.566391482898595, 19.325726201848504 ], [ -99.566391482898595, 19.326265191018972 ], [ -99.566660977483835, 19.326265191018972 ] ], [ [ -99.56612198831337, 19.32599569643374 ], [ -99.56612198831337, 19.325726201848504 ], [ -99.56585249372813, 19.325726201848504 ], [ -99.56585249372813, 19.32599569643374 ], [ -99.56612198831337, 19.32599569643374 ] ], [ [ -99.567199966654314, 19.325456707263267 ], [ -99.567199966654314, 19.324917718092795 ], [ -99.56746946123954, 19.324917718092795 ], [ -99.56746946123954, 19.324648223507559 ], [ -99.56773895582478, 19.324648223507559 ], [ -99.56773895582478, 19.324378728922323 ], [ -99.566660977483835, 19.324378728922323 ], [ -99.566660977483835, 19.324648223507559 ], [ -99.566391482898595, 19.324648223507559 ], [ -99.566391482898595, 19.325187212678031 ], [ -99.566660977483835, 19.325187212678031 ], [ -99.566660977483835, 19.325456707263267 ], [ -99.567199966654314, 19.325456707263267 ] ], [ [ -99.566391482898595, 19.325456707263267 ], [ -99.566391482898595, 19.325187212678031 ], [ -99.56585249372813, 19.325187212678031 ], [ -99.56585249372813, 19.325456707263267 ], [ -99.566391482898595, 19.325456707263267 ] ], [ [ -99.567199966654314, 19.324109234337087 ], [ -99.567199966654314, 19.32383973975185 ], [ -99.566930472069075, 19.32383973975185 ], [ -99.566930472069075, 19.324109234337087 ], [ -99.567199966654314, 19.324109234337087 ] ], [ [ -99.566391482898595, 19.323570245166614 ], [ -99.566391482898595, 19.323300750581378 ], [ -99.566930472069075, 19.323300750581378 ], [ -99.566930472069075, 19.322761761410909 ], [ -99.56558299914289, 19.322761761410909 ], [ -99.56558299914289, 19.323300750581378 ], [ -99.56585249372813, 19.323300750581378 ], [ -99.56585249372813, 19.323570245166614 ], [ -99.566391482898595, 19.323570245166614 ] ] ] ] } },
{ "type": "Feature", "properties": { "ZONA_MET": "Toluca", "INTENSIDAD": "Intensa", "T_PROM_POL": 3.0, "T_MIN_CIUD": 1.0, "DIF_TERMIC": 2.0 }, "geometry": { "type": "MultiPolygon", "coordinates": [ [ [ [ -99.6130140461444, 19.321953277655201 ], [ -99.612205562388695, 19.321953277655201 ], [ -99.612205562388695, 19.320875299314256 ], [ -99.6130140461444, 19.320875299314256 ], [ -99.6130140461444, 19.321144793899492 ], [ -99.61328354072964, 19.321144793899492 ], [ -99.61328354072964, 19.320875299314256 ], [ -99.613553035314879, 19.320875299314256 ], [ -99.613553035314879, 19.321144793899492 ], [ -99.614092024485345, 19.321144793899492 ], [ -99.614092024485345, 19.321683783069965 ], [ -99.6130140461444, 19.321683783069965 ], [ -99.6130140461444, 19.321953277655201 ] ] ] ] } },
{ "type": "Feature", "properties": { "ZONA_MET": "Toluca", "INTENSIDAD": "Intensa", "T_PROM_POL": 4.0, "T_MIN_CIUD": 1.0, "DIF_TERMIC": 2.0 }, "geometry": { "type": "MultiPolygon", "coordinates": [ [ [ [ -99.669607909043933, 19.324917718092795 ], [ -99.668799425288228, 19.324917718092795 ], [ -99.668799425288228, 19.324648223507559 ], [ -99.668529930702988, 19.324648223507559 ], [ -99.668529930702988, 19.324917718092795 ], [ -99.667721446947283, 19.324917718092795 ], [ -99.667721446947283, 19.324648223507559 ], [ -99.667451952362043, 19.324648223507559 ], [ -99.667451952362043, 19.32383973975185 ], [ -99.667990941532523, 19.32383973975185 ], [ -99.667990941532523, 19.323031255996145 ], [ -99.668529930702988, 19.323031255996145 ], [ -99.668529930702988, 19.322761761410909 ], [ -99.668799425288228, 19.322761761410909 ], [ -99.668799425288228, 19.321144793899492 ], [ -99.668529930702988, 19.321144793899492 ], [ -99.668529930702988, 19.320875299314256 ], [ -99.668260436117748, 19.320875299314256 ], [ -99.668260436117748, 19.32060580472902 ], [ -99.668799425288228, 19.32060580472902 ], [ -99.668799425288228, 19.320875299314256 ], [ -99.669338414458693, 19.320875299314256 ], [ -99.669338414458693, 19.321144793899492 ], [ -99.670146898214398, 19.321144793899492 ], [ -99.670146898214398, 19.321953277655201 ], [ -99.669877403629172, 19.321953277655201 ], [ -99.669877403629172, 19.321683783069965 ], [ -99.669607909043933, 19.321683783069965 ], [ -99.669607909043933, 19.322222772240437 ], [ -99.669338414458693, 19.322222772240437 ], [ -99.669338414458693, 19.323570245166614 ], [ -99.669607909043933, 19.323570245166614 ], [ -99.669607909043933, 19.32383973975185 ], [ -99.669338414458693, 19.32383973975185 ], [ -99.669338414458693, 19.324378728922323 ], [ -99.669607909043933, 19.324378728922323 ], [ -99.669607909043933, 19.324917718092795 ] ], [ [ -99.668529930702988, 19.324648223507559 ], [ -99.668529930702988, 19.324378728922323 ], [ -99.668260436117748, 19.324378728922323 ], [ -99.668260436117748, 19.324648223507559 ], [ -99.668529930702988, 19.324648223507559 ] ], [ [ -99.668529930702988, 19.32383973975185 ], [ -99.668529930702988, 19.323570245166614 ], [ -99.668260436117748, 19.323570245166614 ], [ -99.668260436117748, 19.32383973975185 ], [ -99.668529930702988, 19.32383973975185 ] ] ] ] } },
{ "type": "Feature", "properties": { "ZONA_MET": "Toluca", "INTENSIDAD": "Extrema", "T_PROM_POL": 4.0, "T_MIN_CIUD": 1.0, "DIF_TERMIC": 2.0 }, "geometry": { "type": "MultiPolygon", "coordinates": [ [ [ [ -99.559115129097236, 19.321683783069965 ], [ -99.558845634511997, 19.321683783069965 ], [ -99.558845634511997, 19.320875299314256 ], [ -99.558306645341531, 19.320875299314256 ], [ -99.558306645341531, 19.32060580472902 ], [ -99.558037150756292, 19.32060580472902 ], [ -99.558037150756292, 19.320066815558548 ], [ -99.557767656171052, 19.320066815558548 ], [ -99.557767656171052, 19.319258331802843 ], [ -99.558037150756292, 19.319258331802843 ], [ -99.558037150756292, 19.319527826388079 ], [ -99.558306645341531, 19.319527826388079 ], [ -99.558306645341531, 19.319258331802843 ], [ -99.558845634511997, 19.319258331802843 ], [ -99.558845634511997, 19.319797320973315 ], [ -99.559115129097236, 19.319797320973315 ], [ -99.559115129097236, 19.320066815558548 ], [ -99.558845634511997, 19.320066815558548 ], [ -99.558845634511997, 19.32060580472902 ], [ -99.559654118267702, 19.32060580472902 ], [ -99.559654118267702, 19.320336310143784 ], [ -99.559923612852941, 19.320336310143784 ], [ -99.559923612852941, 19.320066815558548 ], [ -99.560193107438181, 19.320066815558548 ], [ -99.560193107438181, 19.319258331802843 ], [ -99.560462602023406, 19.319258331802843 ], [ -99.560462602023406, 19.320066815558548 ], [ -99.560732096608646, 19.320066815558548 ], [ -99.560732096608646, 19.320875299314256 ], [ -99.559384623682462, 19.320875299314256 ], [ -99.559384623682462, 19.321144793899492 ], [ -99.559115129097236, 19.321144793899492 ], [ -99.559115129097236, 19.321683783069965 ] ] ] ] } },
{ "type": "Feature", "properties": { "ZONA_MET": "Toluca", "INTENSIDAD": "Intensa", "T_PROM_POL": 4.0, "T_MIN_CIUD": 1.0, "DIF_TERMIC": 2.0 }, "geometry": { "type": "MultiPolygon", "coordinates": [ [ [ [ -99.733208631159599, 19.322222772240437 ], [ -99.732939136574359, 19.322222772240437 ], [ -99.732939136574359, 19.321683783069965 ], [ -99.732669641989119, 19.321683783069965 ], [ -99.732669641989119, 19.320336310143784 ], [ -99.732400147403879, 19.320336310143784 ], [ -99.732400147403879, 19.319797320973315 ], [ -99.731591663648175, 19.319797320973315 ], [ -99.731591663648175, 19.318988837217606 ], [ -99.732130652818654, 19.318988837217606 ], [ -99.732130652818654, 19.319258331802843 ], [ -99.732400147403879, 19.319258331802843 ], [ -99.732400147403879, 19.318988837217606 ], [ -99.732669641989119, 19.318988837217606 ], [ -99.732669641989119, 19.319797320973315 ], [ -99.732939136574359, 19.319797320973315 ], [ -99.732939136574359, 19.321144793899492 ], [ -99.733208631159599, 19.321144793899492 ], [ -99.733208631159599, 19.322222772240437 ] ] ] ] } },
{ "type": "Feature", "properties": { "ZONA_MET": "Toluca", "INTENSIDAD": "Intensa", "T_PROM_POL": 4.0, "T_MIN_CIUD": 1.0, "DIF_TERMIC": 2.0 }, "geometry": { "type": "MultiPolygon", "coordinates": [ [ [ [ -99.556959172415347, 19.32060580472902 ], [ -99.555611699489162, 19.32060580472902 ], [ -99.555611699489162, 19.320336310143784 ], [ -99.554533721148218, 19.320336310143784 ], [ -99.554533721148218, 19.319797320973315 ], [ -99.554264226562992, 19.319797320973315 ], [ -99.554264226562992, 19.319527826388079 ], [ -99.553994731977753, 19.319527826388079 ], [ -99.553994731977753, 19.318988837217606 ], [ -99.556150688659642, 19.318988837217606 ], [ -99.556150688659642, 19.319527826388079 ], [ -99.556420183244867, 19.319527826388079 ], [ -99.556420183244867, 19.320066815558548 ], [ -99.556689677830107, 19.320066815558548 ], [ -99.556689677830107, 19.320336310143784 ], [ -99.556959172415347, 19.320336310143784 ], [ -99.556959172415347, 19.32060580472902 ] ] ] ] } },
{ "type": "Feature", "properties": { "ZONA_MET": "Toluca", "INTENSIDAD": "Extrema", "T_PROM_POL": 4.0, "T_MIN_CIUD": 1.0, "DIF_TERMIC": 2.0 }, "geometry": { "type": "MultiPolygon", "coordinates": [ [ [ [ -99.633226140037095, 19.319797320973315 ], [ -99.632148161696151, 19.319797320973315 ], [ -99.632148161696151, 19.318988837217606 ], [ -99.632687150866616, 19.318988837217606 ], [ -99.632687150866616, 19.31871934263237 ], [ -99.633495634622321, 19.31871934263237 ], [ -99.633495634622321, 19.318988837217606 ], [ -99.633765129207561, 19.318988837217606 ], [ -99.633765129207561, 19.319527826388079 ], [ -99.633226140037095, 19.319527826388079 ], [ -99.633226140037095, 19.319797320973315 ] ], [ [ -99.633226140037095, 19.319527826388079 ], [ -99.633226140037095, 19.319258331802843 ], [ -99.632956645451856, 19.319258331802843 ], [ -99.632956645451856, 19.319527826388079 ], [ -99.633226140037095, 19.319527826388079 ] ] ] ] } },
{ "type": "Feature", "properties": { "ZONA_MET": "Toluca", "INTENSIDAD": "Intensa", "T_PROM_POL": 4.0, "T_MIN_CIUD": 1.0, "DIF_TERMIC": 2.0 }, "geometry": { "type": "MultiPolygon", "coordinates": [ [ [ [ -99.529201230136053, 19.319797320973315 ], [ -99.528392746380348, 19.319797320973315 ], [ -99.528392746380348, 19.319527826388079 ], [ -99.528931735550813, 19.319527826388079 ], [ -99.528931735550813, 19.319258331802843 ], [ -99.530009713891758, 19.319258331802843 ], [ -99.530009713891758, 19.318988837217606 ], [ -99.530279208476998, 19.318988837217606 ], [ -99.530279208476998, 19.31871934263237 ], [ -99.532704659744113, 19.31871934263237 ], [ -99.532704659744113, 19.318449848047134 ], [ -99.535399605596481, 19.318449848047134 ], [ -99.535399605596481, 19.31871934263237 ], [ -99.533782638085057, 19.31871934263237 ], [ -99.533782638085057, 19.318988837217606 ], [ -99.533513143499832, 19.318988837217606 ], [ -99.533513143499832, 19.31871934263237 ], [ -99.532974154329352, 19.31871934263237 ], [ -99.532974154329352, 19.318988837217606 ], [ -99.532165670573647, 19.318988837217606 ], [ -99.532165670573647, 19.319258331802843 ], [ -99.530279208476998, 19.319258331802843 ], [ -99.530279208476998, 19.319527826388079 ], [ -99.529201230136053, 19.319527826388079 ], [ -99.529201230136053, 19.319797320973315 ] ] ] ] } },
{ "type": "Feature", "properties": { "ZONA_MET": "Toluca", "INTENSIDAD": "Intensa", "T_PROM_POL": 4.0, "T_MIN_CIUD": 1.0, "DIF_TERMIC": 2.0 }, "geometry": { "type": "MultiPolygon", "coordinates": [ [ [ [ -99.560732096608646, 19.319527826388079 ], [ -99.560462602023406, 19.319527826388079 ], [ -99.560462602023406, 19.319258331802843 ], [ -99.560193107438181, 19.319258331802843 ], [ -99.560193107438181, 19.318988837217606 ], [ -99.560462602023406, 19.318988837217606 ], [ -99.560462602023406, 19.31871934263237 ], [ -99.561271085779126, 19.31871934263237 ], [ -99.561271085779126, 19.318449848047134 ], [ -99.561540580364351, 19.318449848047134 ], [ -99.561540580364351, 19.318180353461898 ], [ -99.561810074949591, 19.318180353461898 ], [ -99.561810074949591, 19.317910858876662 ], [ -99.562618558705296, 19.317910858876662 ], [ -99.562618558705296, 19.318180353461898 ], [ -99.562888053290536, 19.318180353461898 ], [ -99.562888053290536, 19.318449848047134 ], [ -99.562618558705296, 19.318449848047134 ], [ -99.562618558705296, 19.318988837217606 ], [ -99.562349064120056, 19.318988837217606 ], [ -99.562349064120056, 19.319258331802843 ], [ -99.561810074949591, 19.319258331802843 ], [ -99.561810074949591, 19.318988837217606 ], [ -99.561540580364351, 19.318988837217606 ], [ -99.561540580364351, 19.319258331802843 ], [ -99.560732096608646, 19.319258331802843 ], [ -99.560732096608646, 19.319527826388079 ] ] ] ] } },
{ "type": "Feature", "properties": { "ZONA_MET": "Toluca", "INTENSIDAD": "Intensa", "T_PROM_POL": 4.0, "T_MIN_CIUD": 1.0, "DIF_TERMIC": 2.0 }, "geometry": { "type": "MultiPolygon", "coordinates": [ [ [ [ -99.537825056863596, 19.321414288484728 ], [ -99.537555562278371, 19.321414288484728 ], [ -99.537555562278371, 19.320875299314256 ], [ -99.536208089352186, 19.320875299314256 ], [ -99.536208089352186, 19.32060580472902 ], [ -99.538364046034076, 19.32060580472902 ], [ -99.538364046034076, 19.320066815558548 ], [ -99.538633540619301, 19.320066815558548 ], [ -99.538633540619301, 19.319527826388079 ], [ -99.538364046034076, 19.319527826388079 ], [ -99.538364046034076, 19.31871934263237 ], [ -99.538633540619301, 19.31871934263237 ], [ -99.538633540619301, 19.318180353461898 ], [ -99.538094551448836, 19.318180353461898 ], [ -99.538094551448836, 19.318449848047134 ], [ -99.537825056863596, 19.318449848047134 ], [ -99.537825056863596, 19.31871934263237 ], [ -99.537555562278371, 19.31871934263237 ], [ -99.537555562278371, 19.318449848047134 ], [ -99.535399605596481, 19.318449848047134 ], [ -99.535399605596481, 19.318180353461898 ], [ -99.535938594766947, 19.318180353461898 ], [ -99.535938594766947, 19.317641364291426 ], [ -99.536208089352186, 19.317641364291426 ], [ -99.536208089352186, 19.317371869706189 ], [ -99.537555562278371, 19.317371869706189 ], [ -99.537555562278371, 19.317641364291426 ], [ -99.536747078522652, 19.317641364291426 ], [ -99.536747078522652, 19.317910858876662 ], [ -99.538094551448836, 19.317910858876662 ], [ -99.538094551448836, 19.317641364291426 ], [ -99.539711518960246, 19.317641364291426 ], [ -99.539711518960246, 19.317371869706189 ], [ -99.54132848647167, 19.317371869706189 ], [ -99.54132848647167, 19.317641364291426 ], [ -99.543753937738785, 19.317641364291426 ], [ -99.543753937738785, 19.317910858876662 ], [ -99.544023432324025, 19.317910858876662 ], [ -99.544023432324025, 19.317371869706189 ], [ -99.54456242149449, 19.317371869706189 ], [ -99.54456242149449, 19.317641364291426 ], [ -99.54483191607973, 19.317641364291426 ], [ -99.54483191607973, 19.317910858876662 ], [ -99.544292926909264, 19.317910858876662 ], [ -99.544292926909264, 19.318180353461898 ], [ -99.544023432324025, 19.318180353461898 ], [ -99.544023432324025, 19.318449848047134 ], [ -99.543753937738785, 19.318449848047134 ], [ -99.543753937738785, 19.31871934263237 ], [ -99.543484443153559, 19.31871934263237 ], [ -99.543484443153559, 19.318449848047134 ], [ -99.54321494856832, 19.318449848047134 ], [ -99.54321494856832, 19.318180353461898 ], [ -99.54267595939784, 19.318180353461898 ], [ -99.54267595939784, 19.317910858876662 ], [ -99.539981013545486, 19.317910858876662 ], [ -99.539981013545486, 19.318449848047134 ], [ -99.539711518960246, 19.318449848047134 ], [ -99.539711518960246, 19.318988837217606 ], [ -99.538903035204541, 19.318988837217606 ], [ -99.538903035204541, 19.319258331802843 ], [ -99.539172529789781, 19.319258331802843 ], [ -99.539172529789781, 19.320066815558548 ], [ -99.539711518960246, 19.320066815558548 ], [ -99.539711518960246, 19.320336310143784 ], [ -99.539172529789781, 19.320336310143784 ], [ -99.539172529789781, 19.32060580472902 ], [ -99.538633540619301, 19.32060580472902 ], [ -99.538633540619301, 19.321144793899492 ], [ -99.537825056863596, 19.321144793899492 ], [ -99.537825056863596, 19.321414288484728 ] ], [ [ -99.53944202437502, 19.31871934263237 ], [ -99.53944202437502, 19.318449848047134 ], [ -99.539172529789781, 19.318449848047134 ], [ -99.539172529789781, 19.31871934263237 ], [ -99.53944202437502, 19.31871934263237 ] ], [ [ -99.539172529789781, 19.318180353461898 ], [ -99.539172529789781, 19.317910858876662 ], [ -99.538903035204541, 19.317910858876662 ], [ -99.538903035204541, 19.318180353461898 ], [ -99.539172529789781, 19.318180353461898 ] ] ] ] } },
{ "type": "Feature", "properties": { "ZONA_MET": "Toluca", "INTENSIDAD": "Intensa", "T_PROM_POL": 4.0, "T_MIN_CIUD": 1.0, "DIF_TERMIC": 2.0 }, "geometry": { "type": "MultiPolygon", "coordinates": [ [ [ [ -99.551030291540158, 19.317641364291426 ], [ -99.550760796954918, 19.317641364291426 ], [ -99.550760796954918, 19.317102375120953 ], [ -99.550491302369679, 19.317102375120953 ], [ -99.550491302369679, 19.317371869706189 ], [ -99.550221807784453, 19.317371869706189 ], [ -99.550221807784453, 19.317641364291426 ], [ -99.549413324028748, 19.317641364291426 ], [ -99.549413324028748, 19.317371869706189 ], [ -99.548065851102564, 19.317371869706189 ], [ -99.548065851102564, 19.317102375120953 ], [ -99.550221807784453, 19.317102375120953 ], [ -99.550221807784453, 19.316832880535721 ], [ -99.551299786125398, 19.316832880535721 ], [ -99.551299786125398, 19.317371869706189 ], [ -99.551030291540158, 19.317371869706189 ], [ -99.551030291540158, 19.317641364291426 ] ] ] ] } },
{ "type": "Feature", "properties": { "ZONA_MET": "Toluca", "INTENSIDAD": "Intensa", "T_PROM_POL": 4.0, "T_MIN_CIUD": 1.0, "DIF_TERMIC": 2.0 }, "geometry": { "type": "MultiPolygon", "coordinates": [ [ [ [ -99.595766392689313, 19.321953277655201 ], [ -99.594957908933594, 19.321953277655201 ], [ -99.594957908933594, 19.319797320973315 ], [ -99.591723973910774, 19.319797320973315 ], [ -99.591723973910774, 19.318180353461898 ], [ -99.591993468496, 19.318180353461898 ], [ -99.591993468496, 19.317910858876662 ], [ -99.592262963081239, 19.317910858876662 ], [ -99.592262963081239, 19.317641364291426 ], [ -99.591723973910774, 19.317641364291426 ], [ -99.591723973910774, 19.316832880535721 ], [ -99.593879930592664, 19.316832880535721 ], [ -99.593879930592664, 19.317102375120953 ], [ -99.595227403518834, 19.317102375120953 ], [ -99.595227403518834, 19.316832880535721 ], [ -99.596035887274539, 19.316832880535721 ], [ -99.596035887274539, 19.316563385950484 ], [ -99.596574876445018, 19.316563385950484 ], [ -99.596574876445018, 19.31871934263237 ], [ -99.595766392689313, 19.31871934263237 ], [ -99.595766392689313, 19.32060580472902 ], [ -99.596305381859779, 19.32060580472902 ], [ -99.596305381859779, 19.320875299314256 ], [ -99.595766392689313, 19.320875299314256 ], [ -99.595766392689313, 19.321953277655201 ] ], [ [ -99.594957908933594, 19.318449848047134 ], [ -99.594957908933594, 19.318180353461898 ], [ -99.594688414348369, 19.318180353461898 ], [ -99.594688414348369, 19.318449848047134 ], [ -99.594957908933594, 19.318449848047134 ] ], [ [ -99.594418919763129, 19.318449848047134 ], [ -99.594418919763129, 19.318180353461898 ], [ -99.594149425177889, 19.318180353461898 ], [ -99.594149425177889, 19.318449848047134 ], [ -99.594418919763129, 19.318449848047134 ] ] ] ] } },
{ "type": "Feature", "properties": { "ZONA_MET": "Toluca", "INTENSIDAD": "Intensa", "T_PROM_POL": 4.0, "T_MIN_CIUD": 1.0, "DIF_TERMIC": 2.0 }, "geometry": { "type": "MultiPolygon", "coordinates": [ [ [ [ -99.565044009972425, 19.320066815558548 ], [ -99.564774515387185, 19.320066815558548 ], [ -99.564774515387185, 19.319258331802843 ], [ -99.564505020801946, 19.319258331802843 ], [ -99.564505020801946, 19.31871934263237 ], [ -99.56423552621672, 19.31871934263237 ], [ -99.56423552621672, 19.318449848047134 ], [ -99.56396603163148, 19.318449848047134 ], [ -99.56396603163148, 19.318180353461898 ], [ -99.563427042461001, 19.318180353461898 ], [ -99.563427042461001, 19.317910858876662 ], [ -99.562888053290536, 19.317910858876662 ], [ -99.562888053290536, 19.317371869706189 ], [ -99.563157547875775, 19.317371869706189 ], [ -99.563157547875775, 19.316024396780012 ], [ -99.563427042461001, 19.316024396780012 ], [ -99.563427042461001, 19.316293891365248 ], [ -99.56396603163148, 19.316293891365248 ], [ -99.56396603163148, 19.316832880535721 ], [ -99.56423552621672, 19.316832880535721 ], [ -99.56423552621672, 19.317371869706189 ], [ -99.564505020801946, 19.317371869706189 ], [ -99.564505020801946, 19.318180353461898 ], [ -99.565313504557651, 19.318180353461898 ], [ -99.565313504557651, 19.318449848047134 ], [ -99.56558299914289, 19.318449848047134 ], [ -99.56558299914289, 19.31871934263237 ], [ -99.565313504557651, 19.31871934263237 ], [ -99.565313504557651, 19.319258331802843 ], [ -99.56558299914289, 19.319258331802843 ], [ -99.56558299914289, 19.319797320973315 ], [ -99.565044009972425, 19.319797320973315 ], [ -99.565044009972425, 19.320066815558548 ] ] ] ] } },
{ "type": "Feature", "properties": { "ZONA_MET": "Toluca", "INTENSIDAD": "Intensa", "T_PROM_POL": 4.0, "T_MIN_CIUD": 1.0, "DIF_TERMIC": 2.0 }, "geometry": { "type": "MultiPolygon", "coordinates": [ [ [ [ -99.763392024706008, 19.318449848047134 ], [ -99.762853035535542, 19.318449848047134 ], [ -99.762853035535542, 19.317910858876662 ], [ -99.762583540950303, 19.317910858876662 ], [ -99.762583540950303, 19.317641364291426 ], [ -99.762314046365063, 19.317641364291426 ], [ -99.762314046365063, 19.317371869706189 ], [ -99.762044551779823, 19.317371869706189 ], [ -99.762044551779823, 19.317641364291426 ], [ -99.761775057194598, 19.317641364291426 ], [ -99.761775057194598, 19.317102375120953 ], [ -99.761505562609358, 19.317102375120953 ], [ -99.761505562609358, 19.316563385950484 ], [ -99.761775057194598, 19.316563385950484 ], [ -99.761775057194598, 19.316293891365248 ], [ -99.762314046365063, 19.316293891365248 ], [ -99.762314046365063, 19.316024396780012 ], [ -99.762583540950303, 19.316024396780012 ], [ -99.762583540950303, 19.316563385950484 ], [ -99.762314046365063, 19.316563385950484 ], [ -99.762314046365063, 19.317102375120953 ], [ -99.762583540950303, 19.317102375120953 ], [ -99.762583540950303, 19.317371869706189 ], [ -99.762853035535542, 19.317371869706189 ], [ -99.762853035535542, 19.317641364291426 ], [ -99.763122530120768, 19.317641364291426 ], [ -99.763122530120768, 19.317910858876662 ], [ -99.763392024706008, 19.317910858876662 ], [ -99.763392024706008, 19.318449848047134 ] ] ] ] } },
{ "type": "Feature", "properties": { "ZONA_MET": "Toluca", "INTENSIDAD": "Intensa", "T_PROM_POL": 3.0, "T_MIN_CIUD": 1.0, "DIF_TERMIC": 2.0 }, "geometry": { "type": "MultiPolygon", "coordinates": [ [ [ [ -99.73051368530723, 19.317371869706189 ], [ -99.729974696136765, 19.317371869706189 ], [ -99.729974696136765, 19.317102375120953 ], [ -99.730244190722004, 19.317102375120953 ], [ -99.730244190722004, 19.316563385950484 ], [ -99.73051368530723, 19.316563385950484 ], [ -99.73051368530723, 19.316024396780012 ], [ -99.73078317989247, 19.316024396780012 ], [ -99.73078317989247, 19.315754902194776 ], [ -99.731052674477709, 19.315754902194776 ], [ -99.731052674477709, 19.317102375120953 ], [ -99.73051368530723, 19.317102375120953 ], [ -99.73051368530723, 19.317371869706189 ] ] ] ] } },
{ "type": "Feature", "properties": { "ZONA_MET": "Toluca", "INTENSIDAD": "Intensa", "T_PROM_POL": 3.0, "T_MIN_CIUD": 1.0, "DIF_TERMIC": 2.0 }, "geometry": { "type": "MultiPolygon", "coordinates": [ [ [ [ -99.617595454093419, 19.316832880535721 ], [ -99.616786970337699, 19.316832880535721 ], [ -99.616786970337699, 19.316563385950484 ], [ -99.615708991996755, 19.316563385950484 ], [ -99.615708991996755, 19.316832880535721 ], [ -99.615439497411529, 19.316832880535721 ], [ -99.615439497411529, 19.316024396780012 ], [ -99.615708991996755, 19.316024396780012 ], [ -99.615708991996755, 19.315754902194776 ], [ -99.615978486581994, 19.315754902194776 ], [ -99.615978486581994, 19.316024396780012 ], [ -99.616247981167234, 19.316024396780012 ], [ -99.616247981167234, 19.315754902194776 ], [ -99.616517475752474, 19.315754902194776 ], [ -99.616517475752474, 19.31548540760954 ], [ -99.617056464922939, 19.31548540760954 ], [ -99.617056464922939, 19.316293891365248 ], [ -99.617864948678644, 19.316293891365248 ], [ -99.617864948678644, 19.316563385950484 ], [ -99.617595454093419, 19.316563385950484 ], [ -99.617595454093419, 19.316832880535721 ] ] ] ] } },
{ "type": "Feature", "properties": { "ZONA_MET": "Toluca", "INTENSIDAD": "Intensa", "T_PROM_POL": 3.0, "T_MIN_CIUD": 1.0, "DIF_TERMIC": 2.0 }, "geometry": { "type": "MultiPolygon", "coordinates": [ [ [ [ -99.646700869298883, 19.316563385950484 ], [ -99.646431374713643, 19.316563385950484 ], [ -99.646431374713643, 19.316293891365248 ], [ -99.645892385543178, 19.316293891365248 ], [ -99.645892385543178, 19.315215913024304 ], [ -99.646431374713643, 19.315215913024304 ], [ -99.646431374713643, 19.31548540760954 ], [ -99.646700869298883, 19.31548540760954 ], [ -99.646700869298883, 19.316024396780012 ], [ -99.646970363884122, 19.316024396780012 ], [ -99.646970363884122, 19.316293891365248 ], [ -99.646700869298883, 19.316293891365248 ], [ -99.646700869298883, 19.316563385950484 ] ], [ [ -99.646431374713643, 19.316024396780012 ], [ -99.646431374713643, 19.315754902194776 ], [ -99.646161880128417, 19.315754902194776 ], [ -99.646161880128417, 19.316024396780012 ], [ -99.646431374713643, 19.316024396780012 ] ] ] ] } },
{ "type": "Feature", "properties": { "ZONA_MET": "Toluca", "INTENSIDAD": "Intensa", "T_PROM_POL": 3.0, "T_MIN_CIUD": 1.0, "DIF_TERMIC": 2.0 }, "geometry": { "type": "MultiPolygon", "coordinates": [ [ [ [ -99.598730833126908, 19.316024396780012 ], [ -99.598461338541668, 19.316024396780012 ], [ -99.598461338541668, 19.31548540760954 ], [ -99.597383360200723, 19.31548540760954 ], [ -99.597383360200723, 19.314946418439067 ], [ -99.597113865615484, 19.314946418439067 ], [ -99.597113865615484, 19.315215913024304 ], [ -99.595496898104074, 19.315215913024304 ], [ -99.595496898104074, 19.31548540760954 ], [ -99.594957908933594, 19.31548540760954 ], [ -99.594957908933594, 19.314946418439067 ], [ -99.596035887274539, 19.314946418439067 ], [ -99.596035887274539, 19.314676923853831 ], [ -99.597383360200723, 19.314676923853831 ], [ -99.597383360200723, 19.314407429268595 ], [ -99.597652854785963, 19.314407429268595 ], [ -99.597652854785963, 19.314676923853831 ], [ -99.597922349371188, 19.314676923853831 ], [ -99.597922349371188, 19.314407429268595 ], [ -99.598730833126908, 19.314407429268595 ], [ -99.598730833126908, 19.315215913024304 ], [ -99.599000327712133, 19.315215913024304 ], [ -99.599000327712133, 19.31548540760954 ], [ -99.598730833126908, 19.31548540760954 ], [ -99.598730833126908, 19.316024396780012 ] ] ] ] } },
{ "type": "Feature", "properties": { "ZONA_MET": "Toluca", "INTENSIDAD": "Intensa", "T_PROM_POL": 4.0, "T_MIN_CIUD": 1.0, "DIF_TERMIC": 2.0 }, "geometry": { "type": "MultiPolygon", "coordinates": [ [ [ [ -99.593340941422184, 19.316024396780012 ], [ -99.593071446836944, 19.316024396780012 ], [ -99.593071446836944, 19.31548540760954 ], [ -99.592532457666479, 19.31548540760954 ], [ -99.592532457666479, 19.315754902194776 ], [ -99.591184984740295, 19.315754902194776 ], [ -99.591184984740295, 19.314676923853831 ], [ -99.59010700639935, 19.314676923853831 ], [ -99.59010700639935, 19.314407429268595 ], [ -99.59037650098459, 19.314407429268595 ], [ -99.59037650098459, 19.313868440098126 ], [ -99.59064599556983, 19.313868440098126 ], [ -99.59064599556983, 19.314137934683359 ], [ -99.591184984740295, 19.314137934683359 ], [ -99.591184984740295, 19.314407429268595 ], [ -99.591454479325535, 19.314407429268595 ], [ -99.591454479325535, 19.314946418439067 ], [ -99.592262963081239, 19.314946418439067 ], [ -99.592262963081239, 19.314676923853831 ], [ -99.593340941422184, 19.314676923853831 ], [ -99.593340941422184, 19.314946418439067 ], [ -99.594149425177889, 19.314946418439067 ], [ -99.594149425177889, 19.31548540760954 ], [ -99.593879930592664, 19.31548540760954 ], [ -99.593879930592664, 19.315754902194776 ], [ -99.593340941422184, 19.315754902194776 ], [ -99.593340941422184, 19.316024396780012 ] ], [ [ -99.591993468496, 19.31548540760954 ], [ -99.591993468496, 19.315215913024304 ], [ -99.591723973910774, 19.315215913024304 ], [ -99.591723973910774, 19.31548540760954 ], [ -99.591993468496, 19.31548540760954 ] ] ] ] } },
{ "type": "Feature", "properties": { "ZONA_MET": "Toluca", "INTENSIDAD": "Intensa", "T_PROM_POL": 4.0, "T_MIN_CIUD": 1.0, "DIF_TERMIC": 2.0 }, "geometry": { "type": "MultiPolygon", "coordinates": [ [ [ [ -99.63619058047469, 19.315754902194776 ], [ -99.63592108588945, 19.315754902194776 ], [ -99.63592108588945, 19.314946418439067 ], [ -99.635382096718985, 19.314946418439067 ], [ -99.635382096718985, 19.313868440098126 ], [ -99.63565159130421, 19.313868440098126 ], [ -99.63565159130421, 19.31359894551289 ], [ -99.636999064230395, 19.31359894551289 ], [ -99.636999064230395, 19.313868440098126 ], [ -99.63753805340086, 19.313868440098126 ], [ -99.63753805340086, 19.314137934683359 ], [ -99.6378075479861, 19.314137934683359 ], [ -99.6378075479861, 19.314676923853831 ], [ -99.638346537156579, 19.314676923853831 ], [ -99.638346537156579, 19.314946418439067 ], [ -99.638077042571339, 19.314946418439067 ], [ -99.638077042571339, 19.315215913024304 ], [ -99.6378075479861, 19.315215913024304 ], [ -99.6378075479861, 19.31548540760954 ], [ -99.636999064230395, 19.31548540760954 ], [ -99.636999064230395, 19.314946418439067 ], [ -99.636460075059915, 19.314946418439067 ], [ -99.636460075059915, 19.315215913024304 ], [ -99.63619058047469, 19.315215913024304 ], [ -99.63619058047469, 19.315754902194776 ] ], [ [ -99.63619058047469, 19.314946418439067 ], [ -99.63619058047469, 19.314137934683359 ], [ -99.63592108588945, 19.314137934683359 ], [ -99.63592108588945, 19.314946418439067 ], [ -99.63619058047469, 19.314946418439067 ] ], [ [ -99.637268558815634, 19.314676923853831 ], [ -99.637268558815634, 19.314137934683359 ], [ -99.636999064230395, 19.314137934683359 ], [ -99.636999064230395, 19.314676923853831 ], [ -99.637268558815634, 19.314676923853831 ] ] ] ] } },
{ "type": "Feature", "properties": { "ZONA_MET": "Toluca", "INTENSIDAD": "Intensa", "T_PROM_POL": 3.0, "T_MIN_CIUD": 1.0, "DIF_TERMIC": 2.0 }, "geometry": { "type": "MultiPolygon", "coordinates": [ [ [ [ -99.536477583937426, 19.314946418439067 ], [ -99.535399605596481, 19.314946418439067 ], [ -99.535399605596481, 19.314407429268595 ], [ -99.534860616426002, 19.314407429268595 ], [ -99.534860616426002, 19.313868440098126 ], [ -99.535130111011242, 19.313868440098126 ], [ -99.535130111011242, 19.31359894551289 ], [ -99.535399605596481, 19.31359894551289 ], [ -99.535399605596481, 19.313868440098126 ], [ -99.536477583937426, 19.313868440098126 ], [ -99.536477583937426, 19.314946418439067 ] ] ] ] } },
{ "type": "Feature", "properties": { "ZONA_MET": "Toluca", "INTENSIDAD": "Intensa", "T_PROM_POL": 4.0, "T_MIN_CIUD": 1.0, "DIF_TERMIC": 2.0 }, "geometry": { "type": "MultiPolygon", "coordinates": [ [ [ [ -99.532974154329352, 19.317102375120953 ], [ -99.531626681403182, 19.317102375120953 ], [ -99.531626681403182, 19.316832880535721 ], [ -99.531896175988408, 19.316832880535721 ], [ -99.531896175988408, 19.316024396780012 ], [ -99.531357186817942, 19.316024396780012 ], [ -99.531357186817942, 19.315754902194776 ], [ -99.531626681403182, 19.315754902194776 ], [ -99.531626681403182, 19.31548540760954 ], [ -99.530548703062237, 19.31548540760954 ], [ -99.530548703062237, 19.314946418439067 ], [ -99.530279208476998, 19.314946418439067 ], [ -99.530279208476998, 19.315215913024304 ], [ -99.530009713891758, 19.315215913024304 ], [ -99.530009713891758, 19.31548540760954 ], [ -99.528123251795108, 19.31548540760954 ], [ -99.528123251795108, 19.315754902194776 ], [ -99.527853757209868, 19.315754902194776 ], [ -99.527853757209868, 19.315215913024304 ], [ -99.527584262624643, 19.315215913024304 ], [ -99.527584262624643, 19.314137934683359 ], [ -99.527853757209868, 19.314137934683359 ], [ -99.527853757209868, 19.313868440098126 ], [ -99.528123251795108, 19.313868440098126 ], [ -99.528123251795108, 19.314137934683359 ], [ -99.528662240965588, 19.314137934683359 ], [ -99.528662240965588, 19.313868440098126 ], [ -99.528931735550813, 19.313868440098126 ], [ -99.528931735550813, 19.31359894551289 ], [ -99.529201230136053, 19.31359894551289 ], [ -99.529201230136053, 19.313329450927654 ], [ -99.529740219306518, 19.313329450927654 ], [ -99.529740219306518, 19.313059956342418 ], [ -99.530279208476998, 19.313059956342418 ], [ -99.530279208476998, 19.313329450927654 ], [ -99.530818197647463, 19.313329450927654 ], [ -99.530818197647463, 19.31359894551289 ], [ -99.531626681403182, 19.31359894551289 ], [ -99.531626681403182, 19.313868440098126 ], [ -99.533243648914592, 19.313868440098126 ], [ -99.533243648914592, 19.31359894551289 ], [ -99.533513143499832, 19.31359894551289 ], [ -99.533513143499832, 19.313329450927654 ], [ -99.533782638085057, 19.313329450927654 ], [ -99.533782638085057, 19.31359894551289 ], [ -99.534591121840776, 19.31359894551289 ], [ -99.534591121840776, 19.313329450927654 ], [ -99.534860616426002, 19.313329450927654 ], [ -99.534860616426002, 19.313868440098126 ], [ -99.534052132670297, 19.313868440098126 ], [ -99.534052132670297, 19.314137934683359 ], [ -99.534321627255537, 19.314137934683359 ], [ -99.534321627255537, 19.314407429268595 ], [ -99.534591121840776, 19.314407429268595 ], [ -99.534591121840776, 19.315215913024304 ], [ -99.534321627255537, 19.315215913024304 ], [ -99.534321627255537, 19.314676923853831 ], [ -99.533513143499832, 19.314676923853831 ], [ -99.533513143499832, 19.314946418439067 ], [ -99.533243648914592, 19.314946418439067 ], [ -99.533243648914592, 19.315215913024304 ], [ -99.533513143499832, 19.315215913024304 ], [ -99.533513143499832, 19.31548540760954 ], [ -99.532974154329352, 19.31548540760954 ], [ -99.532974154329352, 19.315754902194776 ], [ -99.533243648914592, 19.315754902194776 ], [ -99.533243648914592, 19.316563385950484 ], [ -99.534052132670297, 19.316563385950484 ], [ -99.534052132670297, 19.316832880535721 ], [ -99.532974154329352, 19.316832880535721 ], [ -99.532974154329352, 19.317102375120953 ] ], [ [ -99.532974154329352, 19.315215913024304 ], [ -99.532974154329352, 19.314946418439067 ], [ -99.532704659744113, 19.314946418439067 ], [ -99.532704659744113, 19.315215913024304 ], [ -99.532974154329352, 19.315215913024304 ] ], [ [ -99.528123251795108, 19.315215913024304 ], [ -99.528123251795108, 19.314946418439067 ], [ -99.527853757209868, 19.314946418439067 ], [ -99.527853757209868, 19.315215913024304 ], [ -99.528123251795108, 19.315215913024304 ] ] ] ] } },
{ "type": "Feature", "properties": { "ZONA_MET": "Toluca", "INTENSIDAD": "Intensa", "T_PROM_POL": 4.0, "T_MIN_CIUD": 1.0, "DIF_TERMIC": 2.0 }, "geometry": { "type": "MultiPolygon", "coordinates": [ [ [ [ -99.556420183244867, 19.316563385950484 ], [ -99.556150688659642, 19.316563385950484 ], [ -99.556150688659642, 19.316024396780012 ], [ -99.555881194074402, 19.316024396780012 ], [ -99.555881194074402, 19.315754902194776 ], [ -99.556689677830107, 19.315754902194776 ], [ -99.556689677830107, 19.315215913024304 ], [ -99.556959172415347, 19.315215913024304 ], [ -99.556959172415347, 19.313868440098126 ], [ -99.557498161585812, 19.313868440098126 ], [ -99.557498161585812, 19.313329450927654 ], [ -99.557767656171052, 19.313329450927654 ], [ -99.557767656171052, 19.313059956342418 ], [ -99.558037150756292, 19.313059956342418 ], [ -99.558037150756292, 19.312520967171945 ], [ -99.558306645341531, 19.312520967171945 ], [ -99.558306645341531, 19.313059956342418 ], [ -99.558576139926757, 19.313059956342418 ], [ -99.558576139926757, 19.31359894551289 ], [ -99.558845634511997, 19.31359894551289 ], [ -99.558845634511997, 19.314137934683359 ], [ -99.559115129097236, 19.314137934683359 ], [ -99.559115129097236, 19.314676923853831 ], [ -99.559384623682462, 19.314676923853831 ], [ -99.559384623682462, 19.314946418439067 ], [ -99.559115129097236, 19.314946418439067 ], [ -99.559115129097236, 19.31548540760954 ], [ -99.558037150756292, 19.31548540760954 ], [ -99.558037150756292, 19.315754902194776 ], [ -99.557498161585812, 19.315754902194776 ], [ -99.557498161585812, 19.316024396780012 ], [ -99.556959172415347, 19.316024396780012 ], [ -99.556959172415347, 19.316293891365248 ], [ -99.556420183244867, 19.316293891365248 ], [ -99.556420183244867, 19.316563385950484 ] ], [ [ -99.557767656171052, 19.315215913024304 ], [ -99.557767656171052, 19.314946418439067 ], [ -99.557498161585812, 19.314946418439067 ], [ -99.557498161585812, 19.315215913024304 ], [ -99.557767656171052, 19.315215913024304 ] ], [ [ -99.558576139926757, 19.314946418439067 ], [ -99.558576139926757, 19.314676923853831 ], [ -99.558306645341531, 19.314676923853831 ], [ -99.558306645341531, 19.314407429268595 ], [ -99.558037150756292, 19.314407429268595 ], [ -99.558037150756292, 19.314946418439067 ], [ -99.558576139926757, 19.314946418439067 ] ] ] ] } },
{ "type": "Feature", "properties": { "ZONA_MET": "Toluca", "INTENSIDAD": "Intensa", "T_PROM_POL": 3.0, "T_MIN_CIUD": 1.0, "DIF_TERMIC": 2.0 }, "geometry": { "type": "MultiPolygon", "coordinates": [ [ [ [ -99.56396603163148, 19.312520967171945 ], [ -99.563696537046241, 19.312520967171945 ], [ -99.563696537046241, 19.312251472586709 ], [ -99.563427042461001, 19.312251472586709 ], [ -99.563427042461001, 19.311981978001473 ], [ -99.562888053290536, 19.311981978001473 ], [ -99.562888053290536, 19.312251472586709 ], [ -99.562618558705296, 19.312251472586709 ], [ -99.562618558705296, 19.311981978001473 ], [ -99.562349064120056, 19.311981978001473 ], [ -99.562349064120056, 19.311712483416237 ], [ -99.562888053290536, 19.311712483416237 ], [ -99.562888053290536, 19.311442988831001 ], [ -99.56396603163148, 19.311442988831001 ], [ -99.56396603163148, 19.312520967171945 ] ] ] ] } },
{ "type": "Feature", "properties": { "ZONA_MET": "Toluca", "INTENSIDAD": "Intensa", "T_PROM_POL": 3.0, "T_MIN_CIUD": 1.0, "DIF_TERMIC": 2.0 }, "geometry": { "type": "MultiPolygon", "coordinates": [ [ [ [ -99.544292926909264, 19.313059956342418 ], [ -99.543753937738785, 19.313059956342418 ], [ -99.543753937738785, 19.312790461757182 ], [ -99.54321494856832, 19.312790461757182 ], [ -99.54321494856832, 19.312520967171945 ], [ -99.54294545398308, 19.312520967171945 ], [ -99.54294545398308, 19.313059956342418 ], [ -99.54267595939784, 19.313059956342418 ], [ -99.54267595939784, 19.312251472586709 ], [ -99.54294545398308, 19.312251472586709 ], [ -99.54294545398308, 19.311981978001473 ], [ -99.54321494856832, 19.311981978001473 ], [ -99.54321494856832, 19.311442988831001 ], [ -99.543484443153559, 19.311442988831001 ], [ -99.543484443153559, 19.311173494245764 ], [ -99.54483191607973, 19.311173494245764 ], [ -99.54483191607973, 19.311442988831001 ], [ -99.545101410664969, 19.311442988831001 ], [ -99.545101410664969, 19.312251472586709 ], [ -99.54483191607973, 19.312251472586709 ], [ -99.54483191607973, 19.312520967171945 ], [ -99.54456242149449, 19.312520967171945 ], [ -99.54456242149449, 19.312790461757182 ], [ -99.544292926909264, 19.312790461757182 ], [ -99.544292926909264, 19.313059956342418 ] ] ] ] } },
{ "type": "Feature", "properties": { "ZONA_MET": "Toluca", "INTENSIDAD": "Intensa", "T_PROM_POL": 3.0, "T_MIN_CIUD": 1.0, "DIF_TERMIC": 2.0 }, "geometry": { "type": "MultiPolygon", "coordinates": [ [ [ [ -99.776597259382569, 19.311712483416237 ], [ -99.77605827021209, 19.311712483416237 ], [ -99.77605827021209, 19.311173494245764 ], [ -99.77578877562685, 19.311173494245764 ], [ -99.77578877562685, 19.310903999660532 ], [ -99.775249786456385, 19.310903999660532 ], [ -99.775249786456385, 19.310634505075296 ], [ -99.77444130270068, 19.310634505075296 ], [ -99.77444130270068, 19.310365010490059 ], [ -99.775519281041625, 19.310365010490059 ], [ -99.775519281041625, 19.310634505075296 ], [ -99.776597259382569, 19.310634505075296 ], [ -99.776597259382569, 19.310365010490059 ], [ -99.776866753967795, 19.310365010490059 ], [ -99.776866753967795, 19.311442988831001 ], [ -99.776597259382569, 19.311442988831001 ], [ -99.776597259382569, 19.311712483416237 ] ] ] ] } },
{ "type": "Feature", "properties": { "ZONA_MET": "Toluca", "INTENSIDAD": "Intensa", "T_PROM_POL": 3.0, "T_MIN_CIUD": 1.0, "DIF_TERMIC": 2.0 }, "geometry": { "type": "MultiPolygon", "coordinates": [ [ [ [ -99.560462602023406, 19.311442988831001 ], [ -99.559923612852941, 19.311442988831001 ], [ -99.559923612852941, 19.309826021319587 ], [ -99.560462602023406, 19.309826021319587 ], [ -99.560462602023406, 19.311442988831001 ] ] ] ] } },
{ "type": "Feature", "properties": { "ZONA_MET": "Toluca", "INTENSIDAD": "Intensa", "T_PROM_POL": 3.0, "T_MIN_CIUD": 1.0, "DIF_TERMIC": 2.0 }, "geometry": { "type": "MultiPolygon", "coordinates": [ [ [ [ -99.781717656502039, 19.310903999660532 ], [ -99.781448161916813, 19.310903999660532 ], [ -99.781448161916813, 19.310365010490059 ], [ -99.781717656502039, 19.310365010490059 ], [ -99.781717656502039, 19.310095515904823 ], [ -99.781448161916813, 19.310095515904823 ], [ -99.781448161916813, 19.309826021319587 ], [ -99.781178667331574, 19.309826021319587 ], [ -99.781178667331574, 19.309287032149115 ], [ -99.781448161916813, 19.309287032149115 ], [ -99.781448161916813, 19.309017537563879 ], [ -99.781717656502039, 19.309017537563879 ], [ -99.781717656502039, 19.309826021319587 ], [ -99.781987151087279, 19.309826021319587 ], [ -99.781987151087279, 19.310095515904823 ], [ -99.782256645672518, 19.310095515904823 ], [ -99.782256645672518, 19.310634505075296 ], [ -99.781717656502039, 19.310634505075296 ], [ -99.781717656502039, 19.310903999660532 ] ] ] ] } },
{ "type": "Feature", "properties": { "ZONA_MET": "Toluca", "INTENSIDAD": "Intensa", "T_PROM_POL": 4.0, "T_MIN_CIUD": 1.0, "DIF_TERMIC": 2.0 }, "geometry": { "type": "MultiPolygon", "coordinates": [ [ [ [ -99.632687150866616, 19.320875299314256 ], [ -99.63241765628139, 19.320875299314256 ], [ -99.63241765628139, 19.320336310143784 ], [ -99.632148161696151, 19.320336310143784 ], [ -99.632148161696151, 19.320066815558548 ], [ -99.631878667110911, 19.320066815558548 ], [ -99.631878667110911, 19.319797320973315 ], [ -99.631609172525671, 19.319797320973315 ], [ -99.631609172525671, 19.319527826388079 ], [ -99.630800688769966, 19.319527826388079 ], [ -99.630800688769966, 19.320066815558548 ], [ -99.630261699599501, 19.320066815558548 ], [ -99.630261699599501, 19.319797320973315 ], [ -99.630531194184726, 19.319797320973315 ], [ -99.630531194184726, 19.318988837217606 ], [ -99.631339677940446, 19.318988837217606 ], [ -99.631339677940446, 19.318449848047134 ], [ -99.631878667110911, 19.318449848047134 ], [ -99.631878667110911, 19.317910858876662 ], [ -99.631339677940446, 19.317910858876662 ], [ -99.631339677940446, 19.317371869706189 ], [ -99.631070183355206, 19.317371869706189 ], [ -99.631070183355206, 19.317102375120953 ], [ -99.630800688769966, 19.317102375120953 ], [ -99.630800688769966, 19.316832880535721 ], [ -99.630531194184726, 19.316832880535721 ], [ -99.630531194184726, 19.316563385950484 ], [ -99.630800688769966, 19.316563385950484 ], [ -99.630800688769966, 19.316293891365248 ], [ -99.631070183355206, 19.316293891365248 ], [ -99.631070183355206, 19.316563385950484 ], [ -99.631339677940446, 19.316563385950484 ], [ -99.631339677940446, 19.316024396780012 ], [ -99.631070183355206, 19.316024396780012 ], [ -99.631070183355206, 19.314946418439067 ], [ -99.630531194184726, 19.314946418439067 ], [ -99.630531194184726, 19.314676923853831 ], [ -99.630261699599501, 19.314676923853831 ], [ -99.630261699599501, 19.314137934683359 ], [ -99.629992205014261, 19.314137934683359 ], [ -99.629992205014261, 19.31359894551289 ], [ -99.629722710429022, 19.31359894551289 ], [ -99.629722710429022, 19.313059956342418 ], [ -99.629453215843796, 19.313059956342418 ], [ -99.629453215843796, 19.312790461757182 ], [ -99.629722710429022, 19.312790461757182 ], [ -99.629722710429022, 19.312520967171945 ], [ -99.629992205014261, 19.312520967171945 ], [ -99.629992205014261, 19.311712483416237 ], [ -99.630261699599501, 19.311712483416237 ], [ -99.630261699599501, 19.311442988831001 ], [ -99.630531194184726, 19.311442988831001 ], [ -99.630531194184726, 19.311173494245764 ], [ -99.630800688769966, 19.311173494245764 ], [ -99.630800688769966, 19.311442988831001 ], [ -99.631070183355206, 19.311442988831001 ], [ -99.631070183355206, 19.310365010490059 ], [ -99.630800688769966, 19.310365010490059 ], [ -99.630800688769966, 19.309287032149115 ], [ -99.629992205014261, 19.309287032149115 ], [ -99.629992205014261, 19.309017537563879 ], [ -99.632956645451856, 19.309017537563879 ], [ -99.632956645451856, 19.309556526734351 ], [ -99.633226140037095, 19.309556526734351 ], [ -99.633226140037095, 19.309017537563879 ], [ -99.633765129207561, 19.309017537563879 ], [ -99.633765129207561, 19.309556526734351 ], [ -99.6340346237928, 19.309556526734351 ], [ -99.6340346237928, 19.309826021319587 ], [ -99.63430411837804, 19.309826021319587 ], [ -99.63430411837804, 19.310095515904823 ], [ -99.634843107548505, 19.310095515904823 ], [ -99.634843107548505, 19.309556526734351 ], [ -99.635112602133745, 19.309556526734351 ], [ -99.635112602133745, 19.310095515904823 ], [ -99.63592108588945, 19.310095515904823 ], [ -99.63592108588945, 19.310634505075296 ], [ -99.635382096718985, 19.310634505075296 ], [ -99.635382096718985, 19.310903999660532 ], [ -99.63565159130421, 19.310903999660532 ], [ -99.63565159130421, 19.311173494245764 ], [ -99.635382096718985, 19.311173494245764 ], [ -99.635382096718985, 19.311712483416237 ], [ -99.63592108588945, 19.311712483416237 ], [ -99.63592108588945, 19.312520967171945 ], [ -99.635112602133745, 19.312520967171945 ], [ -99.635112602133745, 19.312251472586709 ], [ -99.634843107548505, 19.312251472586709 ], [ -99.634843107548505, 19.311981978001473 ], [ -99.633495634622321, 19.311981978001473 ], [ -99.633495634622321, 19.312251472586709 ], [ -99.632956645451856, 19.312251472586709 ], [ -99.632956645451856, 19.312520967171945 ], [ -99.632687150866616, 19.312520967171945 ], [ -99.632687150866616, 19.313868440098126 ], [ -99.632956645451856, 19.313868440098126 ], [ -99.632956645451856, 19.314137934683359 ], [ -99.632687150866616, 19.314137934683359 ], [ -99.632687150866616, 19.314407429268595 ], [ -99.63241765628139, 19.314407429268595 ], [ -99.63241765628139, 19.314676923853831 ], [ -99.632687150866616, 19.314676923853831 ], [ -99.632687150866616, 19.315215913024304 ], [ -99.63241765628139, 19.315215913024304 ], [ -99.63241765628139, 19.31548540760954 ], [ -99.631609172525671, 19.31548540760954 ], [ -99.631609172525671, 19.315754902194776 ], [ -99.632687150866616, 19.315754902194776 ], [ -99.632687150866616, 19.316293891365248 ], [ -99.63241765628139, 19.316293891365248 ], [ -99.63241765628139, 19.316024396780012 ], [ -99.632148161696151, 19.316024396780012 ], [ -99.632148161696151, 19.317102375120953 ], [ -99.632687150866616, 19.317102375120953 ], [ -99.632687150866616, 19.316832880535721 ], [ -99.632956645451856, 19.316832880535721 ], [ -99.632956645451856, 19.317102375120953 ], [ -99.633226140037095, 19.317102375120953 ], [ -99.633226140037095, 19.317371869706189 ], [ -99.633765129207561, 19.317371869706189 ], [ -99.633765129207561, 19.317102375120953 ], [ -99.633495634622321, 19.317102375120953 ], [ -99.633495634622321, 19.316832880535721 ], [ -99.6340346237928, 19.316832880535721 ], [ -99.6340346237928, 19.317371869706189 ], [ -99.63430411837804, 19.317371869706189 ], [ -99.63430411837804, 19.317641364291426 ], [ -99.634573612963266, 19.317641364291426 ], [ -99.634573612963266, 19.317910858876662 ], [ -99.634843107548505, 19.317910858876662 ], [ -99.634843107548505, 19.318180353461898 ], [ -99.635112602133745, 19.318180353461898 ], [ -99.635112602133745, 19.319258331802843 ], [ -99.635382096718985, 19.319258331802843 ], [ -99.635382096718985, 19.31871934263237 ], [ -99.63565159130421, 19.31871934263237 ], [ -99.63565159130421, 19.319527826388079 ], [ -99.635382096718985, 19.319527826388079 ], [ -99.635382096718985, 19.319797320973315 ], [ -99.63430411837804, 19.319797320973315 ], [ -99.63430411837804, 19.320066815558548 ], [ -99.633765129207561, 19.320066815558548 ], [ -99.633765129207561, 19.320336310143784 ], [ -99.633226140037095, 19.320336310143784 ], [ -99.633226140037095, 19.32060580472902 ], [ -99.632956645451856, 19.32060580472902 ], [ -99.632956645451856, 19.320336310143784 ], [ -99.632687150866616, 19.320336310143784 ], [ -99.632687150866616, 19.320875299314256 ] ], [ [ -99.633495634622321, 19.319797320973315 ], [ -99.633495634622321, 19.319527826388079 ], [ -99.633765129207561, 19.319527826388079 ], [ -99.633765129207561, 19.319258331802843 ], [ -99.6340346237928, 19.319258331802843 ], [ -99.6340346237928, 19.319527826388079 ], [ -99.63430411837804, 19.319527826388079 ], [ -99.63430411837804, 19.318988837217606 ], [ -99.633765129207561, 19.318988837217606 ], [ -99.633765129207561, 19.31871934263237 ], [ -99.632687150866616, 19.31871934263237 ], [ -99.632687150866616, 19.318988837217606 ], [ -99.63241765628139, 19.318988837217606 ], [ -99.63241765628139, 19.318449848047134 ], [ -99.631878667110911, 19.318449848047134 ], [ -99.631878667110911, 19.318988837217606 ], [ -99.632148161696151, 19.318988837217606 ], [ -99.632148161696151, 19.319797320973315 ], [ -99.633495634622321, 19.319797320973315 ] ], [ [ -99.634843107548505, 19.318449848047134 ], [ -99.634843107548505, 19.318180353461898 ], [ -99.63430411837804, 19.318180353461898 ], [ -99.63430411837804, 19.318449848047134 ], [ -99.634843107548505, 19.318449848047134 ] ], [ [ -99.6340346237928, 19.318180353461898 ], [ -99.6340346237928, 19.317910858876662 ], [ -99.633765129207561, 19.317910858876662 ], [ -99.633765129207561, 19.317641364291426 ], [ -99.632956645451856, 19.317641364291426 ], [ -99.632956645451856, 19.317910858876662 ], [ -99.633226140037095, 19.317910858876662 ], [ -99.633226140037095, 19.318180353461898 ], [ -99.6340346237928, 19.318180353461898 ] ], [ [ -99.631609172525671, 19.316832880535721 ], [ -99.631609172525671, 19.316563385950484 ], [ -99.631339677940446, 19.316563385950484 ], [ -99.631339677940446, 19.316832880535721 ], [ -99.631609172525671, 19.316832880535721 ] ], [ [ -99.631609172525671, 19.314676923853831 ], [ -99.631609172525671, 19.314407429268595 ], [ -99.631339677940446, 19.314407429268595 ], [ -99.631339677940446, 19.314676923853831 ], [ -99.631609172525671, 19.314676923853831 ] ], [ [ -99.630531194184726, 19.31359894551289 ], [ -99.630531194184726, 19.313059956342418 ], [ -99.630261699599501, 19.313059956342418 ], [ -99.630261699599501, 19.31359894551289 ], [ -99.630531194184726, 19.31359894551289 ] ], [ [ -99.630800688769966, 19.312790461757182 ], [ -99.630800688769966, 19.312251472586709 ], [ -99.631070183355206, 19.312251472586709 ], [ -99.631070183355206, 19.312520967171945 ], [ -99.631609172525671, 19.312520967171945 ], [ -99.631609172525671, 19.311981978001473 ], [ -99.631070183355206, 19.311981978001473 ], [ -99.631070183355206, 19.311712483416237 ], [ -99.630531194184726, 19.311712483416237 ], [ -99.630531194184726, 19.312790461757182 ], [ -99.630800688769966, 19.312790461757182 ] ], [ [ -99.63241765628139, 19.311712483416237 ], [ -99.63241765628139, 19.311442988831001 ], [ -99.631878667110911, 19.311442988831001 ], [ -99.631878667110911, 19.311712483416237 ], [ -99.63241765628139, 19.311712483416237 ] ], [ [ -99.6340346237928, 19.310903999660532 ], [ -99.6340346237928, 19.310095515904823 ], [ -99.633765129207561, 19.310095515904823 ], [ -99.633765129207561, 19.310365010490059 ], [ -99.633495634622321, 19.310365010490059 ], [ -99.633495634622321, 19.310634505075296 ], [ -99.632956645451856, 19.310634505075296 ], [ -99.632956645451856, 19.310903999660532 ], [ -99.6340346237928, 19.310903999660532 ] ], [ [ -99.631339677940446, 19.310095515904823 ], [ -99.631339677940446, 19.309556526734351 ], [ -99.631070183355206, 19.309556526734351 ], [ -99.631070183355206, 19.310095515904823 ], [ -99.631339677940446, 19.310095515904823 ] ], [ [ -99.633495634622321, 19.309826021319587 ], [ -99.633495634622321, 19.309556526734351 ], [ -99.633226140037095, 19.309556526734351 ], [ -99.633226140037095, 19.309826021319587 ], [ -99.633495634622321, 19.309826021319587 ] ] ] ] } },
{ "type": "Feature", "properties": { "ZONA_MET": "Toluca", "INTENSIDAD": "Extrema", "T_PROM_POL": 4.0, "T_MIN_CIUD": 1.0, "DIF_TERMIC": 2.0 }, "geometry": { "type": "MultiPolygon", "coordinates": [ [ [ [ -99.558037150756292, 19.310095515904823 ], [ -99.557767656171052, 19.310095515904823 ], [ -99.557767656171052, 19.309556526734351 ], [ -99.557498161585812, 19.309556526734351 ], [ -99.557498161585812, 19.309017537563879 ], [ -99.558576139926757, 19.309017537563879 ], [ -99.558576139926757, 19.309287032149115 ], [ -99.558845634511997, 19.309287032149115 ], [ -99.558845634511997, 19.309556526734351 ], [ -99.558576139926757, 19.309556526734351 ], [ -99.558576139926757, 19.309826021319587 ], [ -99.558037150756292, 19.309826021319587 ], [ -99.558037150756292, 19.310095515904823 ] ] ] ] } },
{ "type": "Feature", "properties": { "ZONA_MET": "Toluca", "INTENSIDAD": "Intensa", "T_PROM_POL": 3.0, "T_MIN_CIUD": 1.0, "DIF_TERMIC": 2.0 }, "geometry": { "type": "MultiPolygon", "coordinates": [ [ [ [ -99.535130111011242, 19.310634505075296 ], [ -99.534321627255537, 19.310634505075296 ], [ -99.534321627255537, 19.309826021319587 ], [ -99.534052132670297, 19.309826021319587 ], [ -99.534052132670297, 19.308748042978642 ], [ -99.534321627255537, 19.308748042978642 ], [ -99.534321627255537, 19.30820905380817 ], [ -99.534591121840776, 19.30820905380817 ], [ -99.534591121840776, 19.308478548393406 ], [ -99.534860616426002, 19.308478548393406 ], [ -99.534860616426002, 19.309017537563879 ], [ -99.535130111011242, 19.309017537563879 ], [ -99.535130111011242, 19.309287032149115 ], [ -99.534591121840776, 19.309287032149115 ], [ -99.534591121840776, 19.309826021319587 ], [ -99.534860616426002, 19.309826021319587 ], [ -99.534860616426002, 19.310365010490059 ], [ -99.535130111011242, 19.310365010490059 ], [ -99.535130111011242, 19.310634505075296 ] ] ] ] } },
{ "type": "Feature", "properties": { "ZONA_MET": "Toluca", "INTENSIDAD": "Extrema", "T_PROM_POL": 4.0, "T_MIN_CIUD": 1.0, "DIF_TERMIC": 2.0 }, "geometry": { "type": "MultiPolygon", "coordinates": [ [ [ [ -99.634843107548505, 19.310095515904823 ], [ -99.63430411837804, 19.310095515904823 ], [ -99.63430411837804, 19.309826021319587 ], [ -99.6340346237928, 19.309826021319587 ], [ -99.6340346237928, 19.309556526734351 ], [ -99.633765129207561, 19.309556526734351 ], [ -99.633765129207561, 19.309017537563879 ], [ -99.632956645451856, 19.309017537563879 ], [ -99.632956645451856, 19.308748042978642 ], [ -99.632687150866616, 19.308748042978642 ], [ -99.632687150866616, 19.309017537563879 ], [ -99.630800688769966, 19.309017537563879 ], [ -99.630800688769966, 19.308748042978642 ], [ -99.630531194184726, 19.308748042978642 ], [ -99.630531194184726, 19.308478548393406 ], [ -99.630261699599501, 19.308478548393406 ], [ -99.630261699599501, 19.30820905380817 ], [ -99.630531194184726, 19.30820905380817 ], [ -99.630531194184726, 19.307939559222934 ], [ -99.633226140037095, 19.307939559222934 ], [ -99.633226140037095, 19.30820905380817 ], [ -99.633765129207561, 19.30820905380817 ], [ -99.633765129207561, 19.308748042978642 ], [ -99.63430411837804, 19.308748042978642 ], [ -99.63430411837804, 19.309017537563879 ], [ -99.634843107548505, 19.309017537563879 ], [ -99.634843107548505, 19.310095515904823 ] ], [ [ -99.632687150866616, 19.308478548393406 ], [ -99.632687150866616, 19.30820905380817 ], [ -99.632148161696151, 19.30820905380817 ], [ -99.632148161696151, 19.308478548393406 ], [ -99.632687150866616, 19.308478548393406 ] ] ] ] } },
{ "type": "Feature", "properties": { "ZONA_MET": "Toluca", "INTENSIDAD": "Intensa", "T_PROM_POL": 3.0, "T_MIN_CIUD": 1.0, "DIF_TERMIC": 2.0 }, "geometry": { "type": "MultiPolygon", "coordinates": [ [ [ [ -99.528931735550813, 19.309287032149115 ], [ -99.528392746380348, 19.309287032149115 ], [ -99.528392746380348, 19.309017537563879 ], [ -99.528123251795108, 19.309017537563879 ], [ -99.528123251795108, 19.309287032149115 ], [ -99.527853757209868, 19.309287032149115 ], [ -99.527853757209868, 19.309017537563879 ], [ -99.527584262624643, 19.309017537563879 ], [ -99.527584262624643, 19.30820905380817 ], [ -99.527853757209868, 19.30820905380817 ], [ -99.527853757209868, 19.307939559222934 ], [ -99.528931735550813, 19.307939559222934 ], [ -99.528931735550813, 19.309287032149115 ] ] ] ] } },
{ "type": "Feature", "properties": { "ZONA_MET": "Toluca", "INTENSIDAD": "Extrema", "T_PROM_POL": 4.0, "T_MIN_CIUD": 1.0, "DIF_TERMIC": 2.0 }, "geometry": { "type": "MultiPolygon", "coordinates": [ [ [ [ -99.638077042571339, 19.308478548393406 ], [ -99.636729569645155, 19.308478548393406 ], [ -99.636729569645155, 19.307939559222934 ], [ -99.636999064230395, 19.307939559222934 ], [ -99.636999064230395, 19.307670064637701 ], [ -99.638077042571339, 19.307670064637701 ], [ -99.638077042571339, 19.308478548393406 ] ] ] ] } },
{ "type": "Feature", "properties": { "ZONA_MET": "Toluca", "INTENSIDAD": "Intensa", "T_PROM_POL": 4.0, "T_MIN_CIUD": 1.0, "DIF_TERMIC": 2.0 }, "geometry": { "type": "MultiPolygon", "coordinates": [ [ [ [ -99.638077042571339, 19.309556526734351 ], [ -99.6378075479861, 19.309556526734351 ], [ -99.6378075479861, 19.309017537563879 ], [ -99.63753805340086, 19.309017537563879 ], [ -99.63753805340086, 19.308748042978642 ], [ -99.637268558815634, 19.308748042978642 ], [ -99.637268558815634, 19.308478548393406 ], [ -99.638077042571339, 19.308478548393406 ], [ -99.638077042571339, 19.307670064637701 ], [ -99.636999064230395, 19.307670064637701 ], [ -99.636999064230395, 19.307939559222934 ], [ -99.636729569645155, 19.307939559222934 ], [ -99.636729569645155, 19.30820905380817 ], [ -99.636460075059915, 19.30820905380817 ], [ -99.636460075059915, 19.307670064637701 ], [ -99.63619058047469, 19.307670064637701 ], [ -99.63619058047469, 19.307400570052465 ], [ -99.636460075059915, 19.307400570052465 ], [ -99.636460075059915, 19.307131075467229 ], [ -99.636729569645155, 19.307131075467229 ], [ -99.636729569645155, 19.307400570052465 ], [ -99.638346537156579, 19.307400570052465 ], [ -99.638346537156579, 19.307670064637701 ], [ -99.639694010082749, 19.307670064637701 ], [ -99.639694010082749, 19.306861580881993 ], [ -99.640502493838454, 19.306861580881993 ], [ -99.640502493838454, 19.307400570052465 ], [ -99.640771988423694, 19.307400570052465 ], [ -99.640771988423694, 19.307670064637701 ], [ -99.640502493838454, 19.307670064637701 ], [ -99.640502493838454, 19.307939559222934 ], [ -99.63942451549751, 19.307939559222934 ], [ -99.63942451549751, 19.30820905380817 ], [ -99.639155020912284, 19.30820905380817 ], [ -99.639155020912284, 19.308478548393406 ], [ -99.63942451549751, 19.308478548393406 ], [ -99.63942451549751, 19.308748042978642 ], [ -99.639155020912284, 19.308748042978642 ], [ -99.639155020912284, 19.309287032149115 ], [ -99.638077042571339, 19.309287032149115 ], [ -99.638077042571339, 19.309556526734351 ] ] ] ] } },
{ "type": "Feature", "properties": { "ZONA_MET": "Toluca", "INTENSIDAD": "Intensa", "T_PROM_POL": 3.0, "T_MIN_CIUD": 1.0, "DIF_TERMIC": 2.0 }, "geometry": { "type": "MultiPolygon", "coordinates": [ [ [ [ -99.600886789808783, 19.30820905380817 ], [ -99.600078306053078, 19.30820905380817 ], [ -99.600078306053078, 19.307131075467229 ], [ -99.599269822297373, 19.307131075467229 ], [ -99.599269822297373, 19.307400570052465 ], [ -99.599000327712133, 19.307400570052465 ], [ -99.599000327712133, 19.306861580881993 ], [ -99.598730833126908, 19.306861580881993 ], [ -99.598730833126908, 19.306592086296757 ], [ -99.600886789808783, 19.306592086296757 ], [ -99.600886789808783, 19.30820905380817 ] ] ] ] } },
{ "type": "Feature", "properties": { "ZONA_MET": "Toluca", "INTENSIDAD": "Intensa", "T_PROM_POL": 4.0, "T_MIN_CIUD": 1.0, "DIF_TERMIC": 2.0 }, "geometry": { "type": "MultiPolygon", "coordinates": [ [ [ [ -99.63753805340086, 19.310095515904823 ], [ -99.636460075059915, 19.310095515904823 ], [ -99.636460075059915, 19.309826021319587 ], [ -99.63619058047469, 19.309826021319587 ], [ -99.63619058047469, 19.309556526734351 ], [ -99.63592108588945, 19.309556526734351 ], [ -99.63592108588945, 19.309287032149115 ], [ -99.635112602133745, 19.309287032149115 ], [ -99.635112602133745, 19.309017537563879 ], [ -99.63430411837804, 19.309017537563879 ], [ -99.63430411837804, 19.308748042978642 ], [ -99.633765129207561, 19.308748042978642 ], [ -99.633765129207561, 19.30820905380817 ], [ -99.633226140037095, 19.30820905380817 ], [ -99.633226140037095, 19.307939559222934 ], [ -99.631609172525671, 19.307939559222934 ], [ -99.631609172525671, 19.307670064637701 ], [ -99.631339677940446, 19.307670064637701 ], [ -99.631339677940446, 19.307400570052465 ], [ -99.632148161696151, 19.307400570052465 ], [ -99.632148161696151, 19.306592086296757 ], [ -99.632687150866616, 19.306592086296757 ], [ -99.632687150866616, 19.30632259171152 ], [ -99.633226140037095, 19.30632259171152 ], [ -99.633226140037095, 19.307131075467229 ], [ -99.633495634622321, 19.307131075467229 ], [ -99.633495634622321, 19.307400570052465 ], [ -99.633765129207561, 19.307400570052465 ], [ -99.633765129207561, 19.307939559222934 ], [ -99.6340346237928, 19.307939559222934 ], [ -99.6340346237928, 19.30820905380817 ], [ -99.63430411837804, 19.30820905380817 ], [ -99.63430411837804, 19.308478548393406 ], [ -99.635382096718985, 19.308478548393406 ], [ -99.635382096718985, 19.30820905380817 ], [ -99.63592108588945, 19.30820905380817 ], [ -99.63592108588945, 19.307939559222934 ], [ -99.63619058047469, 19.307939559222934 ], [ -99.63619058047469, 19.30820905380817 ], [ -99.636460075059915, 19.30820905380817 ], [ -99.636460075059915, 19.308748042978642 ], [ -99.636729569645155, 19.308748042978642 ], [ -99.636729569645155, 19.309287032149115 ], [ -99.637268558815634, 19.309287032149115 ], [ -99.637268558815634, 19.309556526734351 ], [ -99.63753805340086, 19.309556526734351 ], [ -99.63753805340086, 19.310095515904823 ] ], [ [ -99.63619058047469, 19.309287032149115 ], [ -99.63619058047469, 19.309017537563879 ], [ -99.63592108588945, 19.309017537563879 ], [ -99.63592108588945, 19.309287032149115 ], [ -99.63619058047469, 19.309287032149115 ] ], [ [ -99.635382096718985, 19.309017537563879 ], [ -99.635382096718985, 19.308748042978642 ], [ -99.635112602133745, 19.308748042978642 ], [ -99.635112602133745, 19.309017537563879 ], [ -99.635382096718985, 19.309017537563879 ] ] ] ] } },
{ "type": "Feature", "properties": { "ZONA_MET": "Toluca", "INTENSIDAD": "Intensa", "T_PROM_POL": 4.0, "T_MIN_CIUD": 1.0, "DIF_TERMIC": 2.0 }, "geometry": { "type": "MultiPolygon", "coordinates": [ [ [ [ -99.631339677940446, 19.307939559222934 ], [ -99.629453215843796, 19.307939559222934 ], [ -99.629453215843796, 19.307400570052465 ], [ -99.629722710429022, 19.307400570052465 ], [ -99.629722710429022, 19.307131075467229 ], [ -99.629992205014261, 19.307131075467229 ], [ -99.629992205014261, 19.306053097126284 ], [ -99.631878667110911, 19.306053097126284 ], [ -99.631878667110911, 19.306592086296757 ], [ -99.631609172525671, 19.306592086296757 ], [ -99.631609172525671, 19.307131075467229 ], [ -99.631070183355206, 19.307131075467229 ], [ -99.631070183355206, 19.306861580881993 ], [ -99.630800688769966, 19.306861580881993 ], [ -99.630800688769966, 19.306592086296757 ], [ -99.630531194184726, 19.306592086296757 ], [ -99.630531194184726, 19.30632259171152 ], [ -99.630261699599501, 19.30632259171152 ], [ -99.630261699599501, 19.306861580881993 ], [ -99.630531194184726, 19.306861580881993 ], [ -99.630531194184726, 19.307131075467229 ], [ -99.630800688769966, 19.307131075467229 ], [ -99.630800688769966, 19.307400570052465 ], [ -99.631070183355206, 19.307400570052465 ], [ -99.631070183355206, 19.307670064637701 ], [ -99.631339677940446, 19.307670064637701 ], [ -99.631339677940446, 19.307939559222934 ] ] ] ] } },
{ "type": "Feature", "properties": { "ZONA_MET": "Toluca", "INTENSIDAD": "Intensa", "T_PROM_POL": 4.0, "T_MIN_CIUD": 1.0, "DIF_TERMIC": 2.0 }, "geometry": { "type": "MultiPolygon", "coordinates": [ [ [ [ -99.56423552621672, 19.308478548393406 ], [ -99.56396603163148, 19.308478548393406 ], [ -99.56396603163148, 19.307939559222934 ], [ -99.563157547875775, 19.307939559222934 ], [ -99.563157547875775, 19.307131075467229 ], [ -99.563427042461001, 19.307131075467229 ], [ -99.563427042461001, 19.307400570052465 ], [ -99.563696537046241, 19.307400570052465 ], [ -99.563696537046241, 19.307670064637701 ], [ -99.56396603163148, 19.307670064637701 ], [ -99.56396603163148, 19.307400570052465 ], [ -99.56423552621672, 19.307400570052465 ], [ -99.56423552621672, 19.306861580881993 ], [ -99.564505020801946, 19.306861580881993 ], [ -99.564505020801946, 19.306053097126284 ], [ -99.564774515387185, 19.306053097126284 ], [ -99.564774515387185, 19.305783602541048 ], [ -99.565044009972425, 19.305783602541048 ], [ -99.565044009972425, 19.306592086296757 ], [ -99.564774515387185, 19.306592086296757 ], [ -99.564774515387185, 19.307131075467229 ], [ -99.565044009972425, 19.307131075467229 ], [ -99.565044009972425, 19.307670064637701 ], [ -99.564774515387185, 19.307670064637701 ], [ -99.564774515387185, 19.30820905380817 ], [ -99.56423552621672, 19.30820905380817 ], [ -99.56423552621672, 19.308478548393406 ] ] ] ] } },
{ "type": "Feature", "properties": { "ZONA_MET": "Toluca", "INTENSIDAD": "Extrema", "T_PROM_POL": 4.0, "T_MIN_CIUD": 1.0, "DIF_TERMIC": 2.0 }, "geometry": { "type": "MultiPolygon", "coordinates": [ [ [ [ -99.56396603163148, 19.307670064637701 ], [ -99.563696537046241, 19.307670064637701 ], [ -99.563696537046241, 19.307400570052465 ], [ -99.563427042461001, 19.307400570052465 ], [ -99.563427042461001, 19.306053097126284 ], [ -99.563696537046241, 19.306053097126284 ], [ -99.563696537046241, 19.305783602541048 ], [ -99.56396603163148, 19.305783602541048 ], [ -99.56396603163148, 19.305514107955812 ], [ -99.56423552621672, 19.305514107955812 ], [ -99.56423552621672, 19.306053097126284 ], [ -99.564505020801946, 19.306053097126284 ], [ -99.564505020801946, 19.306861580881993 ], [ -99.56423552621672, 19.306861580881993 ], [ -99.56423552621672, 19.307400570052465 ], [ -99.56396603163148, 19.307400570052465 ], [ -99.56396603163148, 19.307670064637701 ] ] ] ] } },
{ "type": "Feature", "properties": { "ZONA_MET": "Toluca", "INTENSIDAD": "Intensa", "T_PROM_POL": 4.0, "T_MIN_CIUD": 1.0, "DIF_TERMIC": 2.0 }, "geometry": { "type": "MultiPolygon", "coordinates": [ [ [ [ -99.562618558705296, 19.314946418439067 ], [ -99.562349064120056, 19.314946418439067 ], [ -99.562349064120056, 19.314137934683359 ], [ -99.562079569534831, 19.314137934683359 ], [ -99.562079569534831, 19.31359894551289 ], [ -99.562349064120056, 19.31359894551289 ], [ -99.562349064120056, 19.313059956342418 ], [ -99.562079569534831, 19.313059956342418 ], [ -99.562079569534831, 19.312790461757182 ], [ -99.561810074949591, 19.312790461757182 ], [ -99.561810074949591, 19.312520967171945 ], [ -99.561540580364351, 19.312520967171945 ], [ -99.561540580364351, 19.311981978001473 ], [ -99.561271085779126, 19.311981978001473 ], [ -99.561271085779126, 19.310095515904823 ], [ -99.561001591193886, 19.310095515904823 ], [ -99.561001591193886, 19.309826021319587 ], [ -99.560462602023406, 19.309826021319587 ], [ -99.560462602023406, 19.309556526734351 ], [ -99.559654118267702, 19.309556526734351 ], [ -99.559654118267702, 19.309826021319587 ], [ -99.559384623682462, 19.309826021319587 ], [ -99.559384623682462, 19.310095515904823 ], [ -99.558845634511997, 19.310095515904823 ], [ -99.558845634511997, 19.310365010490059 ], [ -99.558576139926757, 19.310365010490059 ], [ -99.558576139926757, 19.310903999660532 ], [ -99.558306645341531, 19.310903999660532 ], [ -99.558306645341531, 19.311712483416237 ], [ -99.558037150756292, 19.311712483416237 ], [ -99.558037150756292, 19.311442988831001 ], [ -99.557498161585812, 19.311442988831001 ], [ -99.557498161585812, 19.311173494245764 ], [ -99.558037150756292, 19.311173494245764 ], [ -99.558037150756292, 19.310903999660532 ], [ -99.556959172415347, 19.310903999660532 ], [ -99.556959172415347, 19.310634505075296 ], [ -99.557767656171052, 19.310634505075296 ], [ -99.557767656171052, 19.310095515904823 ], [ -99.557228667000587, 19.310095515904823 ], [ -99.557228667000587, 19.310365010490059 ], [ -99.556959172415347, 19.310365010490059 ], [ -99.556959172415347, 19.310095515904823 ], [ -99.556150688659642, 19.310095515904823 ], [ -99.556150688659642, 19.309826021319587 ], [ -99.557228667000587, 19.309826021319587 ], [ -99.557228667000587, 19.308478548393406 ], [ -99.556959172415347, 19.308478548393406 ], [ -99.556959172415347, 19.307939559222934 ], [ -99.557498161585812, 19.307939559222934 ], [ -99.557498161585812, 19.307670064637701 ], [ -99.556689677830107, 19.307670064637701 ], [ -99.556689677830107, 19.307939559222934 ], [ -99.556420183244867, 19.307939559222934 ], [ -99.556420183244867, 19.30820905380817 ], [ -99.556150688659642, 19.30820905380817 ], [ -99.556150688659642, 19.309556526734351 ], [ -99.555881194074402, 19.309556526734351 ], [ -99.555881194074402, 19.309017537563879 ], [ -99.554803215733457, 19.309017537563879 ], [ -99.554803215733457, 19.309556526734351 ], [ -99.554533721148218, 19.309556526734351 ], [ -99.554533721148218, 19.309826021319587 ], [ -99.554264226562992, 19.309826021319587 ], [ -99.554264226562992, 19.309556526734351 ], [ -99.553994731977753, 19.309556526734351 ], [ -99.553994731977753, 19.309017537563879 ], [ -99.553455742807273, 19.309017537563879 ], [ -99.553455742807273, 19.307939559222934 ], [ -99.553994731977753, 19.307939559222934 ], [ -99.553994731977753, 19.306053097126284 ], [ -99.553725237392513, 19.306053097126284 ], [ -99.553725237392513, 19.305783602541048 ], [ -99.553994731977753, 19.305783602541048 ], [ -99.553994731977753, 19.305514107955812 ], [ -99.554264226562992, 19.305514107955812 ], [ -99.554264226562992, 19.305783602541048 ], [ -99.554533721148218, 19.305783602541048 ], [ -99.554533721148218, 19.305244613370576 ], [ -99.554803215733457, 19.305244613370576 ], [ -99.554803215733457, 19.30632259171152 ], [ -99.554533721148218, 19.30632259171152 ], [ -99.554533721148218, 19.307131075467229 ], [ -99.555072710318697, 19.307131075467229 ], [ -99.555072710318697, 19.307670064637701 ], [ -99.556150688659642, 19.307670064637701 ], [ -99.556150688659642, 19.307131075467229 ], [ -99.556420183244867, 19.307131075467229 ], [ -99.556420183244867, 19.306592086296757 ], [ -99.556959172415347, 19.306592086296757 ], [ -99.556959172415347, 19.30632259171152 ], [ -99.558576139926757, 19.30632259171152 ], [ -99.558576139926757, 19.306053097126284 ], [ -99.558845634511997, 19.306053097126284 ], [ -99.558845634511997, 19.305783602541048 ], [ -99.559923612852941, 19.305783602541048 ], [ -99.559923612852941, 19.305514107955812 ], [ -99.560193107438181, 19.305514107955812 ], [ -99.560193107438181, 19.306053097126284 ], [ -99.560732096608646, 19.306053097126284 ], [ -99.560732096608646, 19.306861580881993 ], [ -99.560193107438181, 19.306861580881993 ], [ -99.560193107438181, 19.307131075467229 ], [ -99.559923612852941, 19.307131075467229 ], [ -99.559923612852941, 19.307400570052465 ], [ -99.559654118267702, 19.307400570052465 ], [ -99.559654118267702, 19.307670064637701 ], [ -99.559115129097236, 19.307670064637701 ], [ -99.559115129097236, 19.307939559222934 ], [ -99.558845634511997, 19.307939559222934 ], [ -99.558845634511997, 19.308748042978642 ], [ -99.559384623682462, 19.308748042978642 ], [ -99.559384623682462, 19.309017537563879 ], [ -99.561810074949591, 19.309017537563879 ], [ -99.561810074949591, 19.309556526734351 ], [ -99.561271085779126, 19.309556526734351 ], [ -99.561271085779126, 19.309826021319587 ], [ -99.561540580364351, 19.309826021319587 ], [ -99.561540580364351, 19.310095515904823 ], [ -99.561810074949591, 19.310095515904823 ], [ -99.561810074949591, 19.310634505075296 ], [ -99.561540580364351, 19.310634505075296 ], [ -99.561540580364351, 19.311442988831001 ], [ -99.561810074949591, 19.311442988831001 ], [ -99.561810074949591, 19.311981978001473 ], [ -99.562079569534831, 19.311981978001473 ], [ -99.562079569534831, 19.312251472586709 ], [ -99.562618558705296, 19.312251472586709 ], [ -99.562618558705296, 19.312520967171945 ], [ -99.562888053290536, 19.312520967171945 ], [ -99.562888053290536, 19.312251472586709 ], [ -99.563427042461001, 19.312251472586709 ], [ -99.563427042461001, 19.312520967171945 ], [ -99.563696537046241, 19.312520967171945 ], [ -99.563696537046241, 19.312790461757182 ], [ -99.563427042461001, 19.312790461757182 ], [ -99.563427042461001, 19.313059956342418 ], [ -99.563157547875775, 19.313059956342418 ], [ -99.563157547875775, 19.31359894551289 ], [ -99.562888053290536, 19.31359894551289 ], [ -99.562888053290536, 19.314407429268595 ], [ -99.562618558705296, 19.314407429268595 ], [ -99.562618558705296, 19.314946418439067 ] ], [ [ -99.562618558705296, 19.312790461757182 ], [ -99.562618558705296, 19.312520967171945 ], [ -99.562349064120056, 19.312520967171945 ], [ -99.562349064120056, 19.312790461757182 ], [ -99.562618558705296, 19.312790461757182 ] ], [ [ -99.558037150756292, 19.310095515904823 ], [ -99.558037150756292, 19.309826021319587 ], [ -99.558576139926757, 19.309826021319587 ], [ -99.558576139926757, 19.309556526734351 ], [ -99.558845634511997, 19.309556526734351 ], [ -99.558845634511997, 19.309287032149115 ], [ -99.558576139926757, 19.309287032149115 ], [ -99.558576139926757, 19.309017537563879 ], [ -99.557498161585812, 19.309017537563879 ], [ -99.557498161585812, 19.309556526734351 ], [ -99.557767656171052, 19.309556526734351 ], [ -99.557767656171052, 19.310095515904823 ], [ -99.558037150756292, 19.310095515904823 ] ], [ [ -99.561271085779126, 19.309556526734351 ], [ -99.561271085779126, 19.309287032149115 ], [ -99.561001591193886, 19.309287032149115 ], [ -99.561001591193886, 19.309556526734351 ], [ -99.561271085779126, 19.309556526734351 ] ], [ [ -99.560732096608646, 19.309556526734351 ], [ -99.560732096608646, 19.309287032149115 ], [ -99.560462602023406, 19.309287032149115 ], [ -99.560462602023406, 19.309556526734351 ], [ -99.560732096608646, 19.309556526734351 ] ], [ [ -99.555072710318697, 19.308748042978642 ], [ -99.555072710318697, 19.308478548393406 ], [ -99.555342204903937, 19.308478548393406 ], [ -99.555342204903937, 19.30820905380817 ], [ -99.555881194074402, 19.30820905380817 ], [ -99.555881194074402, 19.307939559222934 ], [ -99.554803215733457, 19.307939559222934 ], [ -99.554803215733457, 19.308748042978642 ], [ -99.555072710318697, 19.308748042978642 ] ], [ [ -99.557498161585812, 19.307131075467229 ], [ -99.557498161585812, 19.306592086296757 ], [ -99.556959172415347, 19.306592086296757 ], [ -99.556959172415347, 19.307131075467229 ], [ -99.557498161585812, 19.307131075467229 ] ] ] ] } },
{ "type": "Feature", "properties": { "ZONA_MET": "Toluca", "INTENSIDAD": "Extrema", "T_PROM_POL": 4.0, "T_MIN_CIUD": 1.0, "DIF_TERMIC": 2.0 }, "geometry": { "type": "MultiPolygon", "coordinates": [ [ [ [ -99.624063324139073, 19.30497511878534 ], [ -99.623254840383368, 19.30497511878534 ], [ -99.623254840383368, 19.303897140444398 ], [ -99.624332818724312, 19.303897140444398 ], [ -99.624332818724312, 19.304166635029635 ], [ -99.624063324139073, 19.304166635029635 ], [ -99.624063324139073, 19.30497511878534 ] ] ] ] } },
{ "type": "Feature", "properties": { "ZONA_MET": "Toluca", "INTENSIDAD": "Intensa", "T_PROM_POL": 4.0, "T_MIN_CIUD": 1.0, "DIF_TERMIC": 2.0 }, "geometry": { "type": "MultiPolygon", "coordinates": [ [ [ [ -99.579866212160397, 19.304705624200107 ], [ -99.579327222989917, 19.304705624200107 ], [ -99.579327222989917, 19.304436129614871 ], [ -99.578788233819452, 19.304436129614871 ], [ -99.578788233819452, 19.303897140444398 ], [ -99.580674695916102, 19.303897140444398 ], [ -99.580674695916102, 19.304166635029635 ], [ -99.580135706745622, 19.304166635029635 ], [ -99.580135706745622, 19.304436129614871 ], [ -99.579866212160397, 19.304436129614871 ], [ -99.579866212160397, 19.304705624200107 ] ] ] ] } },
{ "type": "Feature", "properties": { "ZONA_MET": "Toluca", "INTENSIDAD": "Intensa", "T_PROM_POL": 4.0, "T_MIN_CIUD": 1.0, "DIF_TERMIC": 2.0 }, "geometry": { "type": "MultiPolygon", "coordinates": [ [ [ [ -99.612475056973935, 19.305244613370576 ], [ -99.61166657321823, 19.305244613370576 ], [ -99.61166657321823, 19.30497511878534 ], [ -99.61112758404775, 19.30497511878534 ], [ -99.61112758404775, 19.304705624200107 ], [ -99.61166657321823, 19.304705624200107 ], [ -99.61166657321823, 19.304436129614871 ], [ -99.61112758404775, 19.304436129614871 ], [ -99.61112758404775, 19.303897140444398 ], [ -99.611936067803455, 19.303897140444398 ], [ -99.611936067803455, 19.303627645859162 ], [ -99.612205562388695, 19.303627645859162 ], [ -99.612205562388695, 19.304436129614871 ], [ -99.61274455155916, 19.304436129614871 ], [ -99.61274455155916, 19.304705624200107 ], [ -99.6130140461444, 19.304705624200107 ], [ -99.6130140461444, 19.30497511878534 ], [ -99.612475056973935, 19.30497511878534 ], [ -99.612475056973935, 19.305244613370576 ] ] ] ] } },
{ "type": "Feature", "properties": { "ZONA_MET": "Toluca", "INTENSIDAD": "Intensa", "T_PROM_POL": 3.0, "T_MIN_CIUD": 1.0, "DIF_TERMIC": 2.0 }, "geometry": { "type": "MultiPolygon", "coordinates": [ [ [ [ -99.629183721258556, 19.305783602541048 ], [ -99.628644732088077, 19.305783602541048 ], [ -99.628644732088077, 19.305514107955812 ], [ -99.628375237502851, 19.305514107955812 ], [ -99.628375237502851, 19.30497511878534 ], [ -99.628914226673317, 19.30497511878534 ], [ -99.628914226673317, 19.304436129614871 ], [ -99.628644732088077, 19.304436129614871 ], [ -99.628644732088077, 19.304166635029635 ], [ -99.628375237502851, 19.304166635029635 ], [ -99.628375237502851, 19.303627645859162 ], [ -99.628105742917612, 19.303627645859162 ], [ -99.628105742917612, 19.303897140444398 ], [ -99.627566753747132, 19.303897140444398 ], [ -99.627566753747132, 19.304166635029635 ], [ -99.627297259161907, 19.304166635029635 ], [ -99.627297259161907, 19.304705624200107 ], [ -99.626758269991427, 19.304705624200107 ], [ -99.626758269991427, 19.304436129614871 ], [ -99.626488775406202, 19.304436129614871 ], [ -99.626488775406202, 19.303897140444398 ], [ -99.627027764576667, 19.303897140444398 ], [ -99.627027764576667, 19.303358151273926 ], [ -99.626758269991427, 19.303358151273926 ], [ -99.626758269991427, 19.30308865668869 ], [ -99.626488775406202, 19.30308865668869 ], [ -99.626488775406202, 19.302819162103454 ], [ -99.626758269991427, 19.302819162103454 ], [ -99.626758269991427, 19.302280172932981 ], [ -99.627297259161907, 19.302280172932981 ], [ -99.627297259161907, 19.302010678347745 ], [ -99.628644732088077, 19.302010678347745 ], [ -99.628644732088077, 19.302280172932981 ], [ -99.629453215843796, 19.302280172932981 ], [ -99.629453215843796, 19.302549667518218 ], [ -99.628914226673317, 19.302549667518218 ], [ -99.628914226673317, 19.302819162103454 ], [ -99.628644732088077, 19.302819162103454 ], [ -99.628644732088077, 19.30308865668869 ], [ -99.628914226673317, 19.30308865668869 ], [ -99.628914226673317, 19.303358151273926 ], [ -99.629183721258556, 19.303358151273926 ], [ -99.629183721258556, 19.303627645859162 ], [ -99.629453215843796, 19.303627645859162 ], [ -99.629453215843796, 19.303897140444398 ], [ -99.629722710429022, 19.303897140444398 ], [ -99.629722710429022, 19.304166635029635 ], [ -99.629992205014261, 19.304166635029635 ], [ -99.629992205014261, 19.30497511878534 ], [ -99.629453215843796, 19.30497511878534 ], [ -99.629453215843796, 19.305244613370576 ], [ -99.628914226673317, 19.305244613370576 ], [ -99.628914226673317, 19.305514107955812 ], [ -99.629183721258556, 19.305514107955812 ], [ -99.629183721258556, 19.305783602541048 ] ], [ [ -99.629453215843796, 19.304436129614871 ], [ -99.629453215843796, 19.304166635029635 ], [ -99.628914226673317, 19.304166635029635 ], [ -99.628914226673317, 19.304436129614871 ], [ -99.629453215843796, 19.304436129614871 ] ], [ [ -99.628105742917612, 19.303627645859162 ], [ -99.628105742917612, 19.30308865668869 ], [ -99.627566753747132, 19.30308865668869 ], [ -99.627566753747132, 19.303627645859162 ], [ -99.628105742917612, 19.303627645859162 ] ] ] ] } },
{ "type": "Feature", "properties": { "ZONA_MET": "Toluca", "INTENSIDAD": "Extrema", "T_PROM_POL": 4.0, "T_MIN_CIUD": 1.0, "DIF_TERMIC": 2.0 }, "geometry": { "type": "MultiPolygon", "coordinates": [ [ [ [ -99.531626681403182, 19.306861580881993 ], [ -99.530548703062237, 19.306861580881993 ], [ -99.530548703062237, 19.306592086296757 ], [ -99.531357186817942, 19.306592086296757 ], [ -99.531357186817942, 19.30632259171152 ], [ -99.531087692232703, 19.30632259171152 ], [ -99.531087692232703, 19.305783602541048 ], [ -99.530818197647463, 19.305783602541048 ], [ -99.530818197647463, 19.306053097126284 ], [ -99.530279208476998, 19.306053097126284 ], [ -99.530279208476998, 19.305514107955812 ], [ -99.530009713891758, 19.305514107955812 ], [ -99.530009713891758, 19.305244613370576 ], [ -99.530279208476998, 19.305244613370576 ], [ -99.530279208476998, 19.304166635029635 ], [ -99.531087692232703, 19.304166635029635 ], [ -99.531087692232703, 19.30497511878534 ], [ -99.531357186817942, 19.30497511878534 ], [ -99.531357186817942, 19.304436129614871 ], [ -99.531626681403182, 19.304436129614871 ], [ -99.531626681403182, 19.303897140444398 ], [ -99.532165670573647, 19.303897140444398 ], [ -99.532165670573647, 19.303627645859162 ], [ -99.532435165158887, 19.303627645859162 ], [ -99.532435165158887, 19.304166635029635 ], [ -99.532704659744113, 19.304166635029635 ], [ -99.532704659744113, 19.304436129614871 ], [ -99.532974154329352, 19.304436129614871 ], [ -99.532974154329352, 19.304166635029635 ], [ -99.533782638085057, 19.304166635029635 ], [ -99.533782638085057, 19.303897140444398 ], [ -99.534321627255537, 19.303897140444398 ], [ -99.534321627255537, 19.303358151273926 ], [ -99.534052132670297, 19.303358151273926 ], [ -99.534052132670297, 19.30308865668869 ], [ -99.533782638085057, 19.30308865668869 ], [ -99.533782638085057, 19.302819162103454 ], [ -99.532435165158887, 19.302819162103454 ], [ -99.532435165158887, 19.303358151273926 ], [ -99.532165670573647, 19.303358151273926 ], [ -99.532165670573647, 19.302549667518218 ], [ -99.532435165158887, 19.302549667518218 ], [ -99.532435165158887, 19.301741183762513 ], [ -99.532974154329352, 19.301741183762513 ], [ -99.532974154329352, 19.302010678347745 ], [ -99.533782638085057, 19.302010678347745 ], [ -99.533782638085057, 19.302280172932981 ], [ -99.534052132670297, 19.302280172932981 ], [ -99.534052132670297, 19.302010678347745 ], [ -99.534860616426002, 19.302010678347745 ], [ -99.534860616426002, 19.303358151273926 ], [ -99.535130111011242, 19.303358151273926 ], [ -99.535130111011242, 19.304166635029635 ], [ -99.535399605596481, 19.304166635029635 ], [ -99.535399605596481, 19.304705624200107 ], [ -99.535130111011242, 19.304705624200107 ], [ -99.535130111011242, 19.30497511878534 ], [ -99.534591121840776, 19.30497511878534 ], [ -99.534591121840776, 19.305244613370576 ], [ -99.534321627255537, 19.305244613370576 ], [ -99.534321627255537, 19.305514107955812 ], [ -99.533782638085057, 19.305514107955812 ], [ -99.533782638085057, 19.305783602541048 ], [ -99.532974154329352, 19.305783602541048 ], [ -99.532974154329352, 19.305514107955812 ], [ -99.533243648914592, 19.305514107955812 ], [ -99.533243648914592, 19.304705624200107 ], [ -99.532435165158887, 19.304705624200107 ], [ -99.532435165158887, 19.305244613370576 ], [ -99.531357186817942, 19.305244613370576 ], [ -99.531357186817942, 19.305783602541048 ], [ -99.531626681403182, 19.305783602541048 ], [ -99.531626681403182, 19.30632259171152 ], [ -99.532165670573647, 19.30632259171152 ], [ -99.532165670573647, 19.306592086296757 ], [ -99.531626681403182, 19.306592086296757 ], [ -99.531626681403182, 19.306861580881993 ] ], [ [ -99.534860616426002, 19.304436129614871 ], [ -99.534860616426002, 19.304166635029635 ], [ -99.534591121840776, 19.304166635029635 ], [ -99.534591121840776, 19.303897140444398 ], [ -99.534321627255537, 19.303897140444398 ], [ -99.534321627255537, 19.304436129614871 ], [ -99.534860616426002, 19.304436129614871 ] ] ] ] } },
{ "type": "Feature", "properties": { "ZONA_MET": "Toluca", "INTENSIDAD": "Intensa", "T_PROM_POL": 4.0, "T_MIN_CIUD": 1.0, "DIF_TERMIC": 2.0 }, "geometry": { "type": "MultiPolygon", "coordinates": [ [ [ [ -99.625141302480017, 19.30497511878534 ], [ -99.624063324139073, 19.30497511878534 ], [ -99.624063324139073, 19.304166635029635 ], [ -99.624332818724312, 19.304166635029635 ], [ -99.624332818724312, 19.303897140444398 ], [ -99.624063324139073, 19.303897140444398 ], [ -99.624063324139073, 19.303627645859162 ], [ -99.623793829553833, 19.303627645859162 ], [ -99.623793829553833, 19.303358151273926 ], [ -99.624063324139073, 19.303358151273926 ], [ -99.624063324139073, 19.30308865668869 ], [ -99.623793829553833, 19.30308865668869 ], [ -99.623793829553833, 19.301741183762513 ], [ -99.624871807894777, 19.301741183762513 ], [ -99.624871807894777, 19.302010678347745 ], [ -99.625141302480017, 19.302010678347745 ], [ -99.625141302480017, 19.30308865668869 ], [ -99.624871807894777, 19.30308865668869 ], [ -99.624871807894777, 19.303897140444398 ], [ -99.625141302480017, 19.303897140444398 ], [ -99.625141302480017, 19.30497511878534 ] ], [ [ -99.624871807894777, 19.304705624200107 ], [ -99.624871807894777, 19.304166635029635 ], [ -99.624602313309538, 19.304166635029635 ], [ -99.624602313309538, 19.304705624200107 ], [ -99.624871807894777, 19.304705624200107 ] ] ] ] } },
{ "type": "Feature", "properties": { "ZONA_MET": "Toluca", "INTENSIDAD": "Intensa", "T_PROM_POL": 4.0, "T_MIN_CIUD": 1.0, "DIF_TERMIC": 2.0 }, "geometry": { "type": "MultiPolygon", "coordinates": [ [ [ [ -99.547257367346859, 19.30308865668869 ], [ -99.546987872761619, 19.30308865668869 ], [ -99.546987872761619, 19.302819162103454 ], [ -99.546718378176379, 19.302819162103454 ], [ -99.546718378176379, 19.302280172932981 ], [ -99.546179389005914, 19.302280172932981 ], [ -99.546179389005914, 19.302549667518218 ], [ -99.545909894420674, 19.302549667518218 ], [ -99.545909894420674, 19.301741183762513 ], [ -99.546718378176379, 19.301741183762513 ], [ -99.546718378176379, 19.301471689177276 ], [ -99.546987872761619, 19.301471689177276 ], [ -99.546987872761619, 19.302280172932981 ], [ -99.547257367346859, 19.302280172932981 ], [ -99.547257367346859, 19.30308865668869 ] ] ] ] } },
{ "type": "Feature", "properties": { "ZONA_MET": "Toluca", "INTENSIDAD": "Intensa", "T_PROM_POL": 4.0, "T_MIN_CIUD": 1.0, "DIF_TERMIC": 2.0 }, "geometry": { "type": "MultiPolygon", "coordinates": [ [ [ [ -99.742640941642847, 19.303627645859162 ], [ -99.742101952472382, 19.303627645859162 ], [ -99.742101952472382, 19.30308865668869 ], [ -99.742371447057607, 19.30308865668869 ], [ -99.742371447057607, 19.302819162103454 ], [ -99.742101952472382, 19.302819162103454 ], [ -99.742101952472382, 19.302280172932981 ], [ -99.742371447057607, 19.302280172932981 ], [ -99.742371447057607, 19.302010678347745 ], [ -99.742910436228087, 19.302010678347745 ], [ -99.742910436228087, 19.301741183762513 ], [ -99.743988414569031, 19.301741183762513 ], [ -99.743988414569031, 19.302010678347745 ], [ -99.744257909154257, 19.302010678347745 ], [ -99.744257909154257, 19.301741183762513 ], [ -99.744527403739497, 19.301741183762513 ], [ -99.744527403739497, 19.30120219459204 ], [ -99.744796898324736, 19.30120219459204 ], [ -99.744796898324736, 19.302549667518218 ], [ -99.743179930813312, 19.302549667518218 ], [ -99.743179930813312, 19.302819162103454 ], [ -99.742910436228087, 19.302819162103454 ], [ -99.742910436228087, 19.30308865668869 ], [ -99.742640941642847, 19.30308865668869 ], [ -99.742640941642847, 19.303627645859162 ] ], [ [ -99.743179930813312, 19.302549667518218 ], [ -99.743179930813312, 19.302280172932981 ], [ -99.742910436228087, 19.302280172932981 ], [ -99.742910436228087, 19.302549667518218 ], [ -99.743179930813312, 19.302549667518218 ] ], [ [ -99.742640941642847, 19.302549667518218 ], [ -99.742640941642847, 19.302280172932981 ], [ -99.742371447057607, 19.302280172932981 ], [ -99.742371447057607, 19.302549667518218 ], [ -99.742640941642847, 19.302549667518218 ] ] ] ] } },
{ "type": "Feature", "properties": { "ZONA_MET": "Toluca", "INTENSIDAD": "Intensa", "T_PROM_POL": 4.0, "T_MIN_CIUD": 1.0, "DIF_TERMIC": 2.0 }, "geometry": { "type": "MultiPolygon", "coordinates": [ [ [ [ -99.580135706745622, 19.302549667518218 ], [ -99.577979750063747, 19.302549667518218 ], [ -99.577979750063747, 19.302280172932981 ], [ -99.576093287967097, 19.302280172932981 ], [ -99.576093287967097, 19.301741183762513 ], [ -99.576362782552323, 19.301741183762513 ], [ -99.576362782552323, 19.30120219459204 ], [ -99.576901771722802, 19.30120219459204 ], [ -99.576901771722802, 19.301471689177276 ], [ -99.578788233819452, 19.301471689177276 ], [ -99.578788233819452, 19.301741183762513 ], [ -99.580135706745622, 19.301741183762513 ], [ -99.580135706745622, 19.302010678347745 ], [ -99.579057728404692, 19.302010678347745 ], [ -99.579057728404692, 19.302280172932981 ], [ -99.580135706745622, 19.302280172932981 ], [ -99.580135706745622, 19.302549667518218 ] ] ] ] } },
{ "type": "Feature", "properties": { "ZONA_MET": "Toluca", "INTENSIDAD": "Intensa", "T_PROM_POL": 4.0, "T_MIN_CIUD": 1.0, "DIF_TERMIC": 2.0 }, "geometry": { "type": "MultiPolygon", "coordinates": [ [ [ [ -99.619212421604828, 19.30308865668869 ], [ -99.618403937849124, 19.30308865668869 ], [ -99.618403937849124, 19.302280172932981 ], [ -99.618134443263884, 19.302280172932981 ], [ -99.618134443263884, 19.302010678347745 ], [ -99.618942927019589, 19.302010678347745 ], [ -99.618942927019589, 19.301741183762513 ], [ -99.619212421604828, 19.301741183762513 ], [ -99.619212421604828, 19.30120219459204 ], [ -99.619481916190068, 19.30120219459204 ], [ -99.619481916190068, 19.300932700006804 ], [ -99.619751410775294, 19.300932700006804 ], [ -99.619751410775294, 19.30120219459204 ], [ -99.620020905360533, 19.30120219459204 ], [ -99.620020905360533, 19.301471689177276 ], [ -99.620290399945773, 19.301471689177276 ], [ -99.620290399945773, 19.30120219459204 ], [ -99.621368378286718, 19.30120219459204 ], [ -99.621368378286718, 19.301471689177276 ], [ -99.621098883701478, 19.301471689177276 ], [ -99.621098883701478, 19.301741183762513 ], [ -99.620290399945773, 19.301741183762513 ], [ -99.620290399945773, 19.302010678347745 ], [ -99.619751410775294, 19.302010678347745 ], [ -99.619751410775294, 19.302280172932981 ], [ -99.619481916190068, 19.302280172932981 ], [ -99.619481916190068, 19.302549667518218 ], [ -99.619212421604828, 19.302549667518218 ], [ -99.619212421604828, 19.30308865668869 ] ] ] ] } },
{ "type": "Feature", "properties": { "ZONA_MET": "Toluca", "INTENSIDAD": "Intensa", "T_PROM_POL": 4.0, "T_MIN_CIUD": 1.0, "DIF_TERMIC": 2.0 }, "geometry": { "type": "MultiPolygon", "coordinates": [ [ [ [ -99.556689677830107, 19.301471689177276 ], [ -99.555611699489162, 19.301471689177276 ], [ -99.555611699489162, 19.300663205421568 ], [ -99.556150688659642, 19.300663205421568 ], [ -99.556150688659642, 19.300393710836332 ], [ -99.556959172415347, 19.300393710836332 ], [ -99.556959172415347, 19.300124216251096 ], [ -99.557498161585812, 19.300124216251096 ], [ -99.557498161585812, 19.300932700006804 ], [ -99.557228667000587, 19.300932700006804 ], [ -99.557228667000587, 19.30120219459204 ], [ -99.556689677830107, 19.30120219459204 ], [ -99.556689677830107, 19.301471689177276 ] ] ] ] } },
{ "type": "Feature", "properties": { "ZONA_MET": "Toluca", "INTENSIDAD": "Intensa", "T_PROM_POL": 3.0, "T_MIN_CIUD": 1.0, "DIF_TERMIC": 2.0 }, "geometry": { "type": "MultiPolygon", "coordinates": [ [ [ [ -99.626488775406202, 19.301741183762513 ], [ -99.626219280820962, 19.301741183762513 ], [ -99.626219280820962, 19.301471689177276 ], [ -99.625680291650482, 19.301471689177276 ], [ -99.625680291650482, 19.300932700006804 ], [ -99.625410797065257, 19.300932700006804 ], [ -99.625410797065257, 19.300663205421568 ], [ -99.625141302480017, 19.300663205421568 ], [ -99.625141302480017, 19.300393710836332 ], [ -99.625410797065257, 19.300393710836332 ], [ -99.625410797065257, 19.300124216251096 ], [ -99.625680291650482, 19.300124216251096 ], [ -99.625680291650482, 19.299854721665859 ], [ -99.625949786235722, 19.299854721665859 ], [ -99.625949786235722, 19.300124216251096 ], [ -99.626488775406202, 19.300124216251096 ], [ -99.626488775406202, 19.300393710836332 ], [ -99.626758269991427, 19.300393710836332 ], [ -99.626758269991427, 19.301471689177276 ], [ -99.626488775406202, 19.301471689177276 ], [ -99.626488775406202, 19.301741183762513 ] ] ] ] } },
{ "type": "Feature", "properties": { "ZONA_MET": "Toluca", "INTENSIDAD": "Intensa", "T_PROM_POL": 4.0, "T_MIN_CIUD": 1.0, "DIF_TERMIC": 2.0 }, "geometry": { "type": "MultiPolygon", "coordinates": [ [ [ [ -99.605737692343041, 19.303897140444398 ], [ -99.604929208587322, 19.303897140444398 ], [ -99.604929208587322, 19.30308865668869 ], [ -99.605198703172562, 19.30308865668869 ], [ -99.605198703172562, 19.303358151273926 ], [ -99.605468197757801, 19.303358151273926 ], [ -99.605468197757801, 19.30308865668869 ], [ -99.605737692343041, 19.30308865668869 ], [ -99.605737692343041, 19.302549667518218 ], [ -99.606007186928267, 19.302549667518218 ], [ -99.606007186928267, 19.302280172932981 ], [ -99.606276681513506, 19.302280172932981 ], [ -99.606276681513506, 19.302010678347745 ], [ -99.606546176098746, 19.302010678347745 ], [ -99.606546176098746, 19.301741183762513 ], [ -99.606007186928267, 19.301741183762513 ], [ -99.606007186928267, 19.301471689177276 ], [ -99.605737692343041, 19.301471689177276 ], [ -99.605737692343041, 19.30120219459204 ], [ -99.605468197757801, 19.30120219459204 ], [ -99.605468197757801, 19.300932700006804 ], [ -99.604929208587322, 19.300932700006804 ], [ -99.604929208587322, 19.30120219459204 ], [ -99.604390219416857, 19.30120219459204 ], [ -99.604390219416857, 19.301471689177276 ], [ -99.604120724831617, 19.301471689177276 ], [ -99.604120724831617, 19.302010678347745 ], [ -99.601964768149728, 19.302010678347745 ], [ -99.601964768149728, 19.302280172932981 ], [ -99.601156284394023, 19.302280172932981 ], [ -99.601156284394023, 19.302549667518218 ], [ -99.600347800638318, 19.302549667518218 ], [ -99.600347800638318, 19.302280172932981 ], [ -99.599808811467852, 19.302280172932981 ], [ -99.599808811467852, 19.302010678347745 ], [ -99.600078306053078, 19.302010678347745 ], [ -99.600078306053078, 19.301741183762513 ], [ -99.600347800638318, 19.301741183762513 ], [ -99.600347800638318, 19.301471689177276 ], [ -99.601695273564502, 19.301471689177276 ], [ -99.601695273564502, 19.30120219459204 ], [ -99.601964768149728, 19.30120219459204 ], [ -99.601964768149728, 19.300932700006804 ], [ -99.601695273564502, 19.300932700006804 ], [ -99.601695273564502, 19.300663205421568 ], [ -99.602773251905447, 19.300663205421568 ], [ -99.602773251905447, 19.300393710836332 ], [ -99.603312241075912, 19.300393710836332 ], [ -99.603312241075912, 19.300124216251096 ], [ -99.603851230246377, 19.300124216251096 ], [ -99.603851230246377, 19.299854721665859 ], [ -99.604929208587322, 19.299854721665859 ], [ -99.604929208587322, 19.299585227080623 ], [ -99.606007186928267, 19.299585227080623 ], [ -99.606007186928267, 19.299854721665859 ], [ -99.606815670683972, 19.299854721665859 ], [ -99.606815670683972, 19.299585227080623 ], [ -99.607354659854451, 19.299585227080623 ], [ -99.607354659854451, 19.299315732495387 ], [ -99.607893649024916, 19.299315732495387 ], [ -99.607893649024916, 19.299046237910151 ], [ -99.608163143610156, 19.299046237910151 ], [ -99.608163143610156, 19.299585227080623 ], [ -99.607624154439691, 19.299585227080623 ], [ -99.607624154439691, 19.299854721665859 ], [ -99.608163143610156, 19.299854721665859 ], [ -99.608163143610156, 19.300124216251096 ], [ -99.607893649024916, 19.300124216251096 ], [ -99.607893649024916, 19.300393710836332 ], [ -99.607624154439691, 19.300393710836332 ], [ -99.607624154439691, 19.300663205421568 ], [ -99.607354659854451, 19.300663205421568 ], [ -99.607354659854451, 19.300932700006804 ], [ -99.607085165269211, 19.300932700006804 ], [ -99.607085165269211, 19.302010678347745 ], [ -99.606815670683972, 19.302010678347745 ], [ -99.606815670683972, 19.302280172932981 ], [ -99.606546176098746, 19.302280172932981 ], [ -99.606546176098746, 19.30308865668869 ], [ -99.606276681513506, 19.30308865668869 ], [ -99.606276681513506, 19.303627645859162 ], [ -99.605737692343041, 19.303627645859162 ], [ -99.605737692343041, 19.303897140444398 ] ], [ [ -99.607354659854451, 19.300124216251096 ], [ -99.607354659854451, 19.299854721665859 ], [ -99.607085165269211, 19.299854721665859 ], [ -99.607085165269211, 19.300124216251096 ], [ -99.607354659854451, 19.300124216251096 ] ] ] ] } },
{ "type": "Feature", "properties": { "ZONA_MET": "Toluca", "INTENSIDAD": "Intensa", "T_PROM_POL": 4.0, "T_MIN_CIUD": 1.0, "DIF_TERMIC": 2.0 }, "geometry": { "type": "MultiPolygon", "coordinates": [ [ [ [ -99.572050869188558, 19.299854721665859 ], [ -99.571781374603319, 19.299854721665859 ], [ -99.571781374603319, 19.299315732495387 ], [ -99.572050869188558, 19.299315732495387 ], [ -99.572050869188558, 19.298237754154446 ], [ -99.572320363773784, 19.298237754154446 ], [ -99.572320363773784, 19.298507248739682 ], [ -99.572589858359024, 19.298507248739682 ], [ -99.572589858359024, 19.298776743324918 ], [ -99.573128847529503, 19.298776743324918 ], [ -99.573128847529503, 19.299046237910151 ], [ -99.574745815040913, 19.299046237910151 ], [ -99.574745815040913, 19.298776743324918 ], [ -99.575015309626153, 19.298776743324918 ], [ -99.575015309626153, 19.299046237910151 ], [ -99.575554298796618, 19.299046237910151 ], [ -99.575554298796618, 19.298776743324918 ], [ -99.576093287967097, 19.298776743324918 ], [ -99.576093287967097, 19.299046237910151 ], [ -99.577171266308028, 19.299046237910151 ], [ -99.577171266308028, 19.299315732495387 ], [ -99.575823793381858, 19.299315732495387 ], [ -99.575823793381858, 19.299585227080623 ], [ -99.575554298796618, 19.299585227080623 ], [ -99.575554298796618, 19.299315732495387 ], [ -99.573128847529503, 19.299315732495387 ], [ -99.573128847529503, 19.299585227080623 ], [ -99.572050869188558, 19.299585227080623 ], [ -99.572050869188558, 19.299854721665859 ] ], [ [ -99.572589858359024, 19.299046237910151 ], [ -99.572589858359024, 19.298776743324918 ], [ -99.572320363773784, 19.298776743324918 ], [ -99.572320363773784, 19.299046237910151 ], [ -99.572589858359024, 19.299046237910151 ] ] ] ] } },
{ "type": "Feature", "properties": { "ZONA_MET": "Toluca", "INTENSIDAD": "Intensa", "T_PROM_POL": 4.0, "T_MIN_CIUD": 1.0, "DIF_TERMIC": 2.0 }, "geometry": { "type": "MultiPolygon", "coordinates": [ [ [ [ -99.555611699489162, 19.299854721665859 ], [ -99.555342204903937, 19.299854721665859 ], [ -99.555342204903937, 19.299585227080623 ], [ -99.554803215733457, 19.299585227080623 ], [ -99.554803215733457, 19.299046237910151 ], [ -99.554533721148218, 19.299046237910151 ], [ -99.554533721148218, 19.299854721665859 ], [ -99.554264226562992, 19.299854721665859 ], [ -99.554264226562992, 19.299585227080623 ], [ -99.553994731977753, 19.299585227080623 ], [ -99.553994731977753, 19.299046237910151 ], [ -99.554264226562992, 19.299046237910151 ], [ -99.554264226562992, 19.29796825956921 ], [ -99.554803215733457, 19.29796825956921 ], [ -99.554803215733457, 19.298237754154446 ], [ -99.555611699489162, 19.298237754154446 ], [ -99.555611699489162, 19.298507248739682 ], [ -99.556689677830107, 19.298507248739682 ], [ -99.556689677830107, 19.299315732495387 ], [ -99.555881194074402, 19.299315732495387 ], [ -99.555881194074402, 19.299585227080623 ], [ -99.555611699489162, 19.299585227080623 ], [ -99.555611699489162, 19.299854721665859 ] ] ] ] } },
{ "type": "Feature", "properties": { "ZONA_MET": "Toluca", "INTENSIDAD": "Intensa", "T_PROM_POL": 3.0, "T_MIN_CIUD": 1.0, "DIF_TERMIC": 2.0 }, "geometry": { "type": "MultiPolygon", "coordinates": [ [ [ [ -99.639155020912284, 19.299585227080623 ], [ -99.638616031741805, 19.299585227080623 ], [ -99.638616031741805, 19.299315732495387 ], [ -99.638346537156579, 19.299315732495387 ], [ -99.638346537156579, 19.29796825956921 ], [ -99.638885526327044, 19.29796825956921 ], [ -99.638885526327044, 19.297698764983974 ], [ -99.639155020912284, 19.297698764983974 ], [ -99.639155020912284, 19.298237754154446 ], [ -99.639694010082749, 19.298237754154446 ], [ -99.639694010082749, 19.299046237910151 ], [ -99.639155020912284, 19.299046237910151 ], [ -99.639155020912284, 19.299585227080623 ] ], [ [ -99.638885526327044, 19.298776743324918 ], [ -99.638885526327044, 19.298507248739682 ], [ -99.638616031741805, 19.298507248739682 ], [ -99.638616031741805, 19.298776743324918 ], [ -99.638885526327044, 19.298776743324918 ] ] ] ] } },
{ "type": "Feature", "properties": { "ZONA_MET": "Toluca", "INTENSIDAD": "Intensa", "T_PROM_POL": 4.0, "T_MIN_CIUD": 1.0, "DIF_TERMIC": 2.0 }, "geometry": { "type": "MultiPolygon", "coordinates": [ [ [ [ -99.525967295113219, 19.299315732495387 ], [ -99.525158811357514, 19.299315732495387 ], [ -99.525158811357514, 19.299046237910151 ], [ -99.524889316772274, 19.299046237910151 ], [ -99.524889316772274, 19.298237754154446 ], [ -99.525158811357514, 19.298237754154446 ], [ -99.525158811357514, 19.29796825956921 ], [ -99.525428305942754, 19.29796825956921 ], [ -99.525428305942754, 19.297698764983974 ], [ -99.525697800527993, 19.297698764983974 ], [ -99.525697800527993, 19.29796825956921 ], [ -99.525967295113219, 19.29796825956921 ], [ -99.525967295113219, 19.298237754154446 ], [ -99.526236789698459, 19.298237754154446 ], [ -99.526236789698459, 19.298507248739682 ], [ -99.526506284283698, 19.298507248739682 ], [ -99.526506284283698, 19.298776743324918 ], [ -99.526236789698459, 19.298776743324918 ], [ -99.526236789698459, 19.299046237910151 ], [ -99.525967295113219, 19.299046237910151 ], [ -99.525967295113219, 19.299315732495387 ] ] ] ] } },
{ "type": "Feature", "properties": { "ZONA_MET": "Toluca", "INTENSIDAD": "Intensa", "T_PROM_POL": 3.0, "T_MIN_CIUD": 1.0, "DIF_TERMIC": 2.0 }, "geometry": { "type": "MultiPolygon", "coordinates": [ [ [ [ -99.783604118598703, 19.299315732495387 ], [ -99.783065129428223, 19.299315732495387 ], [ -99.783065129428223, 19.299046237910151 ], [ -99.783334624013463, 19.299046237910151 ], [ -99.783334624013463, 19.298776743324918 ], [ -99.782795634842984, 19.298776743324918 ], [ -99.782795634842984, 19.297698764983974 ], [ -99.783604118598703, 19.297698764983974 ], [ -99.783604118598703, 19.29796825956921 ], [ -99.784143107769168, 19.29796825956921 ], [ -99.784143107769168, 19.298237754154446 ], [ -99.784412602354408, 19.298237754154446 ], [ -99.784412602354408, 19.298507248739682 ], [ -99.783873613183928, 19.298507248739682 ], [ -99.783873613183928, 19.299046237910151 ], [ -99.783604118598703, 19.299046237910151 ], [ -99.783604118598703, 19.299315732495387 ] ] ] ] } },
{ "type": "Feature", "properties": { "ZONA_MET": "Toluca", "INTENSIDAD": "Extrema", "T_PROM_POL": 4.0, "T_MIN_CIUD": 1.0, "DIF_TERMIC": 2.0 }, "geometry": { "type": "MultiPolygon", "coordinates": [ [ [ [ -99.597922349371188, 19.298507248739682 ], [ -99.595766392689313, 19.298507248739682 ], [ -99.595766392689313, 19.298237754154446 ], [ -99.595496898104074, 19.298237754154446 ], [ -99.595496898104074, 19.297698764983974 ], [ -99.598191843956428, 19.297698764983974 ], [ -99.598191843956428, 19.298237754154446 ], [ -99.597922349371188, 19.298237754154446 ], [ -99.597922349371188, 19.298507248739682 ] ] ] ] } },
{ "type": "Feature", "properties": { "ZONA_MET": "Toluca", "INTENSIDAD": "Intensa", "T_PROM_POL": 4.0, "T_MIN_CIUD": 1.0, "DIF_TERMIC": 2.0 }, "geometry": { "type": "MultiPolygon", "coordinates": [ [ [ [ -99.623524334968607, 19.299315732495387 ], [ -99.622446356627663, 19.299315732495387 ], [ -99.622446356627663, 19.298776743324918 ], [ -99.622715851212888, 19.298776743324918 ], [ -99.622715851212888, 19.297429270398737 ], [ -99.622985345798128, 19.297429270398737 ], [ -99.622985345798128, 19.29796825956921 ], [ -99.623524334968607, 19.29796825956921 ], [ -99.623524334968607, 19.298507248739682 ], [ -99.623793829553833, 19.298507248739682 ], [ -99.623793829553833, 19.299046237910151 ], [ -99.623524334968607, 19.299046237910151 ], [ -99.623524334968607, 19.299315732495387 ] ] ] ] } },
{ "type": "Feature", "properties": { "ZONA_MET": "Toluca", "INTENSIDAD": "Extrema", "T_PROM_POL": 4.0, "T_MIN_CIUD": 1.0, "DIF_TERMIC": 2.0 }, "geometry": { "type": "MultiPolygon", "coordinates": [ [ [ [ -99.614631013655824, 19.302819162103454 ], [ -99.614092024485345, 19.302819162103454 ], [ -99.614092024485345, 19.301471689177276 ], [ -99.614361519070584, 19.301471689177276 ], [ -99.614361519070584, 19.30120219459204 ], [ -99.613822529900105, 19.30120219459204 ], [ -99.613822529900105, 19.300663205421568 ], [ -99.61328354072964, 19.300663205421568 ], [ -99.61328354072964, 19.300393710836332 ], [ -99.613822529900105, 19.300393710836332 ], [ -99.613822529900105, 19.299854721665859 ], [ -99.614092024485345, 19.299854721665859 ], [ -99.614092024485345, 19.299315732495387 ], [ -99.614361519070584, 19.299315732495387 ], [ -99.614361519070584, 19.299046237910151 ], [ -99.614092024485345, 19.299046237910151 ], [ -99.614092024485345, 19.298776743324918 ], [ -99.614631013655824, 19.298776743324918 ], [ -99.614631013655824, 19.29796825956921 ], [ -99.61490050824105, 19.29796825956921 ], [ -99.61490050824105, 19.298776743324918 ], [ -99.615170002826289, 19.298776743324918 ], [ -99.615170002826289, 19.298507248739682 ], [ -99.615439497411529, 19.298507248739682 ], [ -99.615439497411529, 19.297698764983974 ], [ -99.615978486581994, 19.297698764983974 ], [ -99.615978486581994, 19.297429270398737 ], [ -99.615708991996755, 19.297429270398737 ], [ -99.615708991996755, 19.297159775813501 ], [ -99.616517475752474, 19.297159775813501 ], [ -99.616517475752474, 19.296890281228265 ], [ -99.618403937849124, 19.296890281228265 ], [ -99.618403937849124, 19.297159775813501 ], [ -99.619751410775294, 19.297159775813501 ], [ -99.619751410775294, 19.296890281228265 ], [ -99.620829389116238, 19.296890281228265 ], [ -99.620829389116238, 19.297159775813501 ], [ -99.621098883701478, 19.297159775813501 ], [ -99.621098883701478, 19.297429270398737 ], [ -99.620290399945773, 19.297429270398737 ], [ -99.620290399945773, 19.298237754154446 ], [ -99.619481916190068, 19.298237754154446 ], [ -99.619481916190068, 19.29796825956921 ], [ -99.619212421604828, 19.29796825956921 ], [ -99.619212421604828, 19.299046237910151 ], [ -99.618673432434349, 19.299046237910151 ], [ -99.618673432434349, 19.299585227080623 ], [ -99.618942927019589, 19.299585227080623 ], [ -99.618942927019589, 19.300124216251096 ], [ -99.619212421604828, 19.300124216251096 ], [ -99.619212421604828, 19.300393710836332 ], [ -99.619481916190068, 19.300393710836332 ], [ -99.619481916190068, 19.300124216251096 ], [ -99.619751410775294, 19.300124216251096 ], [ -99.619751410775294, 19.300393710836332 ], [ -99.620290399945773, 19.300393710836332 ], [ -99.620290399945773, 19.300663205421568 ], [ -99.619751410775294, 19.300663205421568 ], [ -99.619751410775294, 19.300932700006804 ], [ -99.619481916190068, 19.300932700006804 ], [ -99.619481916190068, 19.30120219459204 ], [ -99.618942927019589, 19.30120219459204 ], [ -99.618942927019589, 19.301471689177276 ], [ -99.619212421604828, 19.301471689177276 ], [ -99.619212421604828, 19.301741183762513 ], [ -99.618942927019589, 19.301741183762513 ], [ -99.618942927019589, 19.302010678347745 ], [ -99.618134443263884, 19.302010678347745 ], [ -99.618134443263884, 19.302280172932981 ], [ -99.616786970337699, 19.302280172932981 ], [ -99.616786970337699, 19.302549667518218 ], [ -99.615978486581994, 19.302549667518218 ], [ -99.615978486581994, 19.302280172932981 ], [ -99.61490050824105, 19.302280172932981 ], [ -99.61490050824105, 19.302549667518218 ], [ -99.614631013655824, 19.302549667518218 ], [ -99.614631013655824, 19.302819162103454 ] ], [ [ -99.617864948678644, 19.301741183762513 ], [ -99.617864948678644, 19.300932700006804 ], [ -99.619212421604828, 19.300932700006804 ], [ -99.619212421604828, 19.300393710836332 ], [ -99.618942927019589, 19.300393710836332 ], [ -99.618942927019589, 19.300663205421568 ], [ -99.618673432434349, 19.300663205421568 ], [ -99.618673432434349, 19.300393710836332 ], [ -99.617864948678644, 19.300393710836332 ], [ -99.617864948678644, 19.299315732495387 ], [ -99.616786970337699, 19.299315732495387 ], [ -99.616786970337699, 19.298237754154446 ], [ -99.617056464922939, 19.298237754154446 ], [ -99.617056464922939, 19.29796825956921 ], [ -99.616786970337699, 19.29796825956921 ], [ -99.616786970337699, 19.297429270398737 ], [ -99.616247981167234, 19.297429270398737 ], [ -99.616247981167234, 19.297698764983974 ], [ -99.616517475752474, 19.297698764983974 ], [ -99.616517475752474, 19.299046237910151 ], [ -99.615708991996755, 19.299046237910151 ], [ -99.615708991996755, 19.299315732495387 ], [ -99.615170002826289, 19.299315732495387 ], [ -99.615170002826289, 19.300393710836332 ], [ -99.61490050824105, 19.300393710836332 ], [ -99.61490050824105, 19.301471689177276 ], [ -99.615708991996755, 19.301471689177276 ], [ -99.615708991996755, 19.30120219459204 ], [ -99.615978486581994, 19.30120219459204 ], [ -99.615978486581994, 19.301741183762513 ], [ -99.617864948678644, 19.301741183762513 ] ], [ [ -99.616247981167234, 19.298507248739682 ], [ -99.616247981167234, 19.298237754154446 ], [ -99.615978486581994, 19.298237754154446 ], [ -99.615978486581994, 19.298507248739682 ], [ -99.616247981167234, 19.298507248739682 ] ], [ [ -99.619212421604828, 19.29796825956921 ], [ -99.619212421604828, 19.297698764983974 ], [ -99.618942927019589, 19.297698764983974 ], [ -99.618942927019589, 19.29796825956921 ], [ -99.619212421604828, 19.29796825956921 ] ] ] ] } },
{ "type": "Feature", "properties": { "ZONA_MET": "Toluca", "INTENSIDAD": "Intensa", "T_PROM_POL": 4.0, "T_MIN_CIUD": 1.0, "DIF_TERMIC": 2.0 }, "geometry": { "type": "MultiPolygon", "coordinates": [ [ [ [ -99.54132848647167, 19.30120219459204 ], [ -99.540520002715965, 19.30120219459204 ], [ -99.540520002715965, 19.300932700006804 ], [ -99.540250508130725, 19.300932700006804 ], [ -99.540250508130725, 19.299585227080623 ], [ -99.540520002715965, 19.299585227080623 ], [ -99.540520002715965, 19.299315732495387 ], [ -99.540250508130725, 19.299315732495387 ], [ -99.540250508130725, 19.299046237910151 ], [ -99.539981013545486, 19.299046237910151 ], [ -99.539981013545486, 19.298776743324918 ], [ -99.539711518960246, 19.298776743324918 ], [ -99.539711518960246, 19.298237754154446 ], [ -99.53944202437502, 19.298237754154446 ], [ -99.53944202437502, 19.29796825956921 ], [ -99.539711518960246, 19.29796825956921 ], [ -99.539711518960246, 19.297698764983974 ], [ -99.539981013545486, 19.297698764983974 ], [ -99.539981013545486, 19.296620786643029 ], [ -99.540250508130725, 19.296620786643029 ], [ -99.540250508130725, 19.296890281228265 ], [ -99.540520002715965, 19.296890281228265 ], [ -99.540520002715965, 19.297429270398737 ], [ -99.540789497301191, 19.297429270398737 ], [ -99.540789497301191, 19.297698764983974 ], [ -99.54105899188643, 19.297698764983974 ], [ -99.54105899188643, 19.29796825956921 ], [ -99.540789497301191, 19.29796825956921 ], [ -99.540789497301191, 19.298237754154446 ], [ -99.54132848647167, 19.298237754154446 ], [ -99.54132848647167, 19.298507248739682 ], [ -99.541597981056896, 19.298507248739682 ], [ -99.541597981056896, 19.298776743324918 ], [ -99.541867475642135, 19.298776743324918 ], [ -99.541867475642135, 19.299315732495387 ], [ -99.54294545398308, 19.299315732495387 ], [ -99.54294545398308, 19.299585227080623 ], [ -99.542406464812615, 19.299585227080623 ], [ -99.542406464812615, 19.299854721665859 ], [ -99.541597981056896, 19.299854721665859 ], [ -99.541597981056896, 19.300124216251096 ], [ -99.542406464812615, 19.300124216251096 ], [ -99.542406464812615, 19.300393710836332 ], [ -99.542136970227375, 19.300393710836332 ], [ -99.542136970227375, 19.300932700006804 ], [ -99.54132848647167, 19.300932700006804 ], [ -99.54132848647167, 19.30120219459204 ] ], [ [ -99.54132848647167, 19.300932700006804 ], [ -99.54132848647167, 19.300663205421568 ], [ -99.54105899188643, 19.300663205421568 ], [ -99.54105899188643, 19.300932700006804 ], [ -99.54132848647167, 19.300932700006804 ] ], [ [ -99.54105899188643, 19.300663205421568 ], [ -99.54105899188643, 19.300124216251096 ], [ -99.540520002715965, 19.300124216251096 ], [ -99.540520002715965, 19.300393710836332 ], [ -99.540789497301191, 19.300393710836332 ], [ -99.540789497301191, 19.300663205421568 ], [ -99.54105899188643, 19.300663205421568 ] ], [ [ -99.541597981056896, 19.299585227080623 ], [ -99.541597981056896, 19.299315732495387 ], [ -99.54132848647167, 19.299315732495387 ], [ -99.54132848647167, 19.299585227080623 ], [ -99.541597981056896, 19.299585227080623 ] ], [ [ -99.54132848647167, 19.299315732495387 ], [ -99.54132848647167, 19.299046237910151 ], [ -99.54105899188643, 19.299046237910151 ], [ -99.54105899188643, 19.299315732495387 ], [ -99.54132848647167, 19.299315732495387 ] ] ] ] } },
{ "type": "Feature", "properties": { "ZONA_MET": "Toluca", "INTENSIDAD": "Intensa", "T_PROM_POL": 4.0, "T_MIN_CIUD": 1.0, "DIF_TERMIC": 2.0 }, "geometry": { "type": "MultiPolygon", "coordinates": [ [ [ [ -99.536747078522652, 19.299854721665859 ], [ -99.535669100181707, 19.299854721665859 ], [ -99.535669100181707, 19.299585227080623 ], [ -99.535938594766947, 19.299585227080623 ], [ -99.535938594766947, 19.298507248739682 ], [ -99.535669100181707, 19.298507248739682 ], [ -99.535669100181707, 19.297698764983974 ], [ -99.535399605596481, 19.297698764983974 ], [ -99.535399605596481, 19.296890281228265 ], [ -99.535130111011242, 19.296890281228265 ], [ -99.535130111011242, 19.296351292057793 ], [ -99.535399605596481, 19.296351292057793 ], [ -99.535399605596481, 19.296620786643029 ], [ -99.535669100181707, 19.296620786643029 ], [ -99.535669100181707, 19.296351292057793 ], [ -99.535938594766947, 19.296351292057793 ], [ -99.535938594766947, 19.297159775813501 ], [ -99.536208089352186, 19.297159775813501 ], [ -99.536208089352186, 19.29796825956921 ], [ -99.535938594766947, 19.29796825956921 ], [ -99.535938594766947, 19.298237754154446 ], [ -99.536208089352186, 19.298237754154446 ], [ -99.536208089352186, 19.299046237910151 ], [ -99.536477583937426, 19.299046237910151 ], [ -99.536477583937426, 19.299585227080623 ], [ -99.536747078522652, 19.299585227080623 ], [ -99.536747078522652, 19.299854721665859 ] ] ] ] } },
{ "type": "Feature", "properties": { "ZONA_MET": "Toluca", "INTENSIDAD": "Intensa", "T_PROM_POL": 4.0, "T_MIN_CIUD": 1.0, "DIF_TERMIC": 2.0 }, "geometry": { "type": "MultiPolygon", "coordinates": [ [ [ [ -99.614092024485345, 19.304705624200107 ], [ -99.613553035314879, 19.304705624200107 ], [ -99.613553035314879, 19.304436129614871 ], [ -99.6130140461444, 19.304436129614871 ], [ -99.6130140461444, 19.303897140444398 ], [ -99.612475056973935, 19.303897140444398 ], [ -99.612475056973935, 19.30308865668869 ], [ -99.61274455155916, 19.30308865668869 ], [ -99.61274455155916, 19.302819162103454 ], [ -99.611936067803455, 19.302819162103454 ], [ -99.611936067803455, 19.30120219459204 ], [ -99.612205562388695, 19.30120219459204 ], [ -99.612205562388695, 19.300932700006804 ], [ -99.612475056973935, 19.300932700006804 ], [ -99.612475056973935, 19.300393710836332 ], [ -99.61274455155916, 19.300393710836332 ], [ -99.61274455155916, 19.299854721665859 ], [ -99.6130140461444, 19.299854721665859 ], [ -99.6130140461444, 19.299585227080623 ], [ -99.61328354072964, 19.299585227080623 ], [ -99.61328354072964, 19.29796825956921 ], [ -99.613553035314879, 19.29796825956921 ], [ -99.613553035314879, 19.297429270398737 ], [ -99.614361519070584, 19.297429270398737 ], [ -99.614361519070584, 19.296890281228265 ], [ -99.614631013655824, 19.296890281228265 ], [ -99.614631013655824, 19.296620786643029 ], [ -99.61490050824105, 19.296620786643029 ], [ -99.61490050824105, 19.296351292057793 ], [ -99.615439497411529, 19.296351292057793 ], [ -99.615439497411529, 19.296620786643029 ], [ -99.616247981167234, 19.296620786643029 ], [ -99.616247981167234, 19.296890281228265 ], [ -99.616517475752474, 19.296890281228265 ], [ -99.616517475752474, 19.297159775813501 ], [ -99.615708991996755, 19.297159775813501 ], [ -99.615708991996755, 19.297429270398737 ], [ -99.615170002826289, 19.297429270398737 ], [ -99.615170002826289, 19.297698764983974 ], [ -99.61490050824105, 19.297698764983974 ], [ -99.61490050824105, 19.29796825956921 ], [ -99.614631013655824, 19.29796825956921 ], [ -99.614631013655824, 19.298776743324918 ], [ -99.613822529900105, 19.298776743324918 ], [ -99.613822529900105, 19.299046237910151 ], [ -99.614361519070584, 19.299046237910151 ], [ -99.614361519070584, 19.299315732495387 ], [ -99.614092024485345, 19.299315732495387 ], [ -99.614092024485345, 19.299854721665859 ], [ -99.613822529900105, 19.299854721665859 ], [ -99.613822529900105, 19.300393710836332 ], [ -99.61328354072964, 19.300393710836332 ], [ -99.61328354072964, 19.300663205421568 ], [ -99.613822529900105, 19.300663205421568 ], [ -99.613822529900105, 19.30120219459204 ], [ -99.6130140461444, 19.30120219459204 ], [ -99.6130140461444, 19.300932700006804 ], [ -99.61274455155916, 19.300932700006804 ], [ -99.61274455155916, 19.301471689177276 ], [ -99.612475056973935, 19.301471689177276 ], [ -99.612475056973935, 19.301741183762513 ], [ -99.61274455155916, 19.301741183762513 ], [ -99.61274455155916, 19.302280172932981 ], [ -99.6130140461444, 19.302280172932981 ], [ -99.6130140461444, 19.301471689177276 ], [ -99.613822529900105, 19.301471689177276 ], [ -99.613822529900105, 19.301741183762513 ], [ -99.613553035314879, 19.301741183762513 ], [ -99.613553035314879, 19.302010678347745 ], [ -99.614092024485345, 19.302010678347745 ], [ -99.614092024485345, 19.302819162103454 ], [ -99.614631013655824, 19.302819162103454 ], [ -99.614631013655824, 19.302549667518218 ], [ -99.61490050824105, 19.302549667518218 ], [ -99.61490050824105, 19.302280172932981 ], [ -99.615978486581994, 19.302280172932981 ], [ -99.615978486581994, 19.302549667518218 ], [ -99.616247981167234, 19.302549667518218 ], [ -99.616247981167234, 19.302819162103454 ], [ -99.615170002826289, 19.302819162103454 ], [ -99.615170002826289, 19.30308865668869 ], [ -99.614631013655824, 19.30308865668869 ], [ -99.614631013655824, 19.303358151273926 ], [ -99.614361519070584, 19.303358151273926 ], [ -99.614361519070584, 19.303627645859162 ], [ -99.614092024485345, 19.303627645859162 ], [ -99.614092024485345, 19.304705624200107 ] ], [ [ -99.613822529900105, 19.303627645859162 ], [ -99.613822529900105, 19.30308865668869 ], [ -99.61328354072964, 19.30308865668869 ], [ -99.61328354072964, 19.303627645859162 ], [ -99.613822529900105, 19.303627645859162 ] ], [ [ -99.614092024485345, 19.30308865668869 ], [ -99.614092024485345, 19.302819162103454 ], [ -99.613822529900105, 19.302819162103454 ], [ -99.613822529900105, 19.30308865668869 ], [ -99.614092024485345, 19.30308865668869 ] ], [ [ -99.6130140461444, 19.302819162103454 ], [ -99.6130140461444, 19.302549667518218 ], [ -99.61274455155916, 19.302549667518218 ], [ -99.61274455155916, 19.302819162103454 ], [ -99.6130140461444, 19.302819162103454 ] ] ] ] } },
{ "type": "Feature", "properties": { "ZONA_MET": "Toluca", "INTENSIDAD": "Extrema", "T_PROM_POL": 4.0, "T_MIN_CIUD": 1.0, "DIF_TERMIC": 2.0 }, "geometry": { "type": "MultiPolygon", "coordinates": [ [ [ [ -99.601695273564502, 19.301471689177276 ], [ -99.600617295223557, 19.301471689177276 ], [ -99.600617295223557, 19.300663205421568 ], [ -99.600347800638318, 19.300663205421568 ], [ -99.600347800638318, 19.300124216251096 ], [ -99.600617295223557, 19.300124216251096 ], [ -99.600617295223557, 19.299854721665859 ], [ -99.600078306053078, 19.299854721665859 ], [ -99.600078306053078, 19.298776743324918 ], [ -99.599808811467852, 19.298776743324918 ], [ -99.599808811467852, 19.298237754154446 ], [ -99.600078306053078, 19.298237754154446 ], [ -99.600078306053078, 19.297429270398737 ], [ -99.599808811467852, 19.297429270398737 ], [ -99.599808811467852, 19.297159775813501 ], [ -99.600078306053078, 19.297159775813501 ], [ -99.600078306053078, 19.296620786643029 ], [ -99.600617295223557, 19.296620786643029 ], [ -99.600617295223557, 19.296351292057793 ], [ -99.600886789808783, 19.296351292057793 ], [ -99.600886789808783, 19.296620786643029 ], [ -99.601425778979262, 19.296620786643029 ], [ -99.601425778979262, 19.296890281228265 ], [ -99.601964768149728, 19.296890281228265 ], [ -99.601964768149728, 19.297159775813501 ], [ -99.604929208587322, 19.297159775813501 ], [ -99.604929208587322, 19.297429270398737 ], [ -99.605198703172562, 19.297429270398737 ], [ -99.605198703172562, 19.297159775813501 ], [ -99.606276681513506, 19.297159775813501 ], [ -99.606276681513506, 19.297429270398737 ], [ -99.606815670683972, 19.297429270398737 ], [ -99.606815670683972, 19.297698764983974 ], [ -99.607893649024916, 19.297698764983974 ], [ -99.607893649024916, 19.29796825956921 ], [ -99.608163143610156, 19.29796825956921 ], [ -99.608163143610156, 19.297698764983974 ], [ -99.608432638195396, 19.297698764983974 ], [ -99.608432638195396, 19.29796825956921 ], [ -99.608702132780635, 19.29796825956921 ], [ -99.608702132780635, 19.298237754154446 ], [ -99.608432638195396, 19.298237754154446 ], [ -99.608432638195396, 19.298776743324918 ], [ -99.608163143610156, 19.298776743324918 ], [ -99.608163143610156, 19.299046237910151 ], [ -99.607893649024916, 19.299046237910151 ], [ -99.607893649024916, 19.299315732495387 ], [ -99.607354659854451, 19.299315732495387 ], [ -99.607354659854451, 19.299585227080623 ], [ -99.606815670683972, 19.299585227080623 ], [ -99.606815670683972, 19.299854721665859 ], [ -99.606007186928267, 19.299854721665859 ], [ -99.606007186928267, 19.299585227080623 ], [ -99.604929208587322, 19.299585227080623 ], [ -99.604929208587322, 19.299854721665859 ], [ -99.603851230246377, 19.299854721665859 ], [ -99.603851230246377, 19.300124216251096 ], [ -99.603312241075912, 19.300124216251096 ], [ -99.603312241075912, 19.300393710836332 ], [ -99.602773251905447, 19.300393710836332 ], [ -99.602773251905447, 19.300663205421568 ], [ -99.601695273564502, 19.300663205421568 ], [ -99.601695273564502, 19.300932700006804 ], [ -99.601964768149728, 19.300932700006804 ], [ -99.601964768149728, 19.30120219459204 ], [ -99.601695273564502, 19.30120219459204 ], [ -99.601695273564502, 19.301471689177276 ] ], [ [ -99.607354659854451, 19.299046237910151 ], [ -99.607354659854451, 19.298776743324918 ], [ -99.607085165269211, 19.298776743324918 ], [ -99.607085165269211, 19.299046237910151 ], [ -99.607354659854451, 19.299046237910151 ] ], [ [ -99.602234262734967, 19.29796825956921 ], [ -99.602234262734967, 19.297698764983974 ], [ -99.601964768149728, 19.297698764983974 ], [ -99.601964768149728, 19.29796825956921 ], [ -99.602234262734967, 19.29796825956921 ] ], [ [ -99.600886789808783, 19.29796825956921 ], [ -99.600886789808783, 19.297159775813501 ], [ -99.600617295223557, 19.297159775813501 ], [ -99.600617295223557, 19.297429270398737 ], [ -99.600347800638318, 19.297429270398737 ], [ -99.600347800638318, 19.297698764983974 ], [ -99.600617295223557, 19.297698764983974 ], [ -99.600617295223557, 19.29796825956921 ], [ -99.600886789808783, 19.29796825956921 ] ], [ [ -99.601425778979262, 19.297159775813501 ], [ -99.601425778979262, 19.296890281228265 ], [ -99.601156284394023, 19.296890281228265 ], [ -99.601156284394023, 19.297159775813501 ], [ -99.601425778979262, 19.297159775813501 ] ] ] ] } },
{ "type": "Feature", "properties": { "ZONA_MET": "Toluca", "INTENSIDAD": "Intensa", "T_PROM_POL": 4.0, "T_MIN_CIUD": 1.0, "DIF_TERMIC": 2.0 }, "geometry": { "type": "MultiPolygon", "coordinates": [ [ [ [ -99.619481916190068, 19.296890281228265 ], [ -99.616517475752474, 19.296890281228265 ], [ -99.616517475752474, 19.296620786643029 ], [ -99.616786970337699, 19.296620786643029 ], [ -99.616786970337699, 19.296351292057793 ], [ -99.617325959508179, 19.296351292057793 ], [ -99.617325959508179, 19.296620786643029 ], [ -99.617595454093419, 19.296620786643029 ], [ -99.617595454093419, 19.296351292057793 ], [ -99.618134443263884, 19.296351292057793 ], [ -99.618134443263884, 19.29581230288732 ], [ -99.618403937849124, 19.29581230288732 ], [ -99.618403937849124, 19.295542808302088 ], [ -99.618942927019589, 19.295542808302088 ], [ -99.618942927019589, 19.295273313716852 ], [ -99.619212421604828, 19.295273313716852 ], [ -99.619212421604828, 19.295542808302088 ], [ -99.619481916190068, 19.295542808302088 ], [ -99.619481916190068, 19.296890281228265 ] ], [ [ -99.618942927019589, 19.296351292057793 ], [ -99.618942927019589, 19.296081797472556 ], [ -99.618673432434349, 19.296081797472556 ], [ -99.618673432434349, 19.296351292057793 ], [ -99.618942927019589, 19.296351292057793 ] ] ] ] } },
{ "type": "Feature", "properties": { "ZONA_MET": "Toluca", "INTENSIDAD": "Intensa", "T_PROM_POL": 4.0, "T_MIN_CIUD": 1.0, "DIF_TERMIC": 2.0 }, "geometry": { "type": "MultiPolygon", "coordinates": [ [ [ [ -99.538903035204541, 19.297429270398737 ], [ -99.536477583937426, 19.297429270398737 ], [ -99.536477583937426, 19.297159775813501 ], [ -99.536208089352186, 19.297159775813501 ], [ -99.536208089352186, 19.296890281228265 ], [ -99.536477583937426, 19.296890281228265 ], [ -99.536477583937426, 19.296351292057793 ], [ -99.535938594766947, 19.296351292057793 ], [ -99.535938594766947, 19.296081797472556 ], [ -99.537825056863596, 19.296081797472556 ], [ -99.537825056863596, 19.296351292057793 ], [ -99.538094551448836, 19.296351292057793 ], [ -99.538094551448836, 19.295542808302088 ], [ -99.538364046034076, 19.295542808302088 ], [ -99.538364046034076, 19.295273313716852 ], [ -99.538633540619301, 19.295273313716852 ], [ -99.538633540619301, 19.295542808302088 ], [ -99.538903035204541, 19.295542808302088 ], [ -99.538903035204541, 19.295273313716852 ], [ -99.539172529789781, 19.295273313716852 ], [ -99.539172529789781, 19.295542808302088 ], [ -99.53944202437502, 19.295542808302088 ], [ -99.53944202437502, 19.296081797472556 ], [ -99.539172529789781, 19.296081797472556 ], [ -99.539172529789781, 19.296351292057793 ], [ -99.53944202437502, 19.296351292057793 ], [ -99.53944202437502, 19.296620786643029 ], [ -99.539711518960246, 19.296620786643029 ], [ -99.539711518960246, 19.296890281228265 ], [ -99.53944202437502, 19.296890281228265 ], [ -99.53944202437502, 19.297159775813501 ], [ -99.538903035204541, 19.297159775813501 ], [ -99.538903035204541, 19.297429270398737 ] ], [ [ -99.538633540619301, 19.297159775813501 ], [ -99.538633540619301, 19.296620786643029 ], [ -99.538094551448836, 19.296620786643029 ], [ -99.538094551448836, 19.297159775813501 ], [ -99.538633540619301, 19.297159775813501 ] ] ] ] } },
{ "type": "Feature", "properties": { "ZONA_MET": "Toluca", "INTENSIDAD": "Extrema", "T_PROM_POL": 4.0, "T_MIN_CIUD": 1.0, "DIF_TERMIC": 2.0 }, "geometry": { "type": "MultiPolygon", "coordinates": [ [ [ [ -99.579057728404692, 19.299046237910151 ], [ -99.578249244648973, 19.299046237910151 ], [ -99.578249244648973, 19.298507248739682 ], [ -99.577440760893268, 19.298507248739682 ], [ -99.577440760893268, 19.299046237910151 ], [ -99.576093287967097, 19.299046237910151 ], [ -99.576093287967097, 19.298776743324918 ], [ -99.575554298796618, 19.298776743324918 ], [ -99.575554298796618, 19.299046237910151 ], [ -99.575015309626153, 19.299046237910151 ], [ -99.575015309626153, 19.298776743324918 ], [ -99.574745815040913, 19.298776743324918 ], [ -99.574745815040913, 19.299046237910151 ], [ -99.573128847529503, 19.299046237910151 ], [ -99.573128847529503, 19.298776743324918 ], [ -99.572589858359024, 19.298776743324918 ], [ -99.572589858359024, 19.298507248739682 ], [ -99.572320363773784, 19.298507248739682 ], [ -99.572320363773784, 19.298237754154446 ], [ -99.572050869188558, 19.298237754154446 ], [ -99.572050869188558, 19.297429270398737 ], [ -99.571781374603319, 19.297429270398737 ], [ -99.571781374603319, 19.297698764983974 ], [ -99.571511880018079, 19.297698764983974 ], [ -99.571511880018079, 19.297429270398737 ], [ -99.571242385432839, 19.297429270398737 ], [ -99.571242385432839, 19.297159775813501 ], [ -99.570433901677134, 19.297159775813501 ], [ -99.570433901677134, 19.295542808302088 ], [ -99.571242385432839, 19.295542808302088 ], [ -99.571242385432839, 19.29581230288732 ], [ -99.571511880018079, 19.29581230288732 ], [ -99.571511880018079, 19.295542808302088 ], [ -99.571781374603319, 19.295542808302088 ], [ -99.571781374603319, 19.295273313716852 ], [ -99.572050869188558, 19.295273313716852 ], [ -99.572050869188558, 19.295003819131615 ], [ -99.572589858359024, 19.295003819131615 ], [ -99.572589858359024, 19.295273313716852 ], [ -99.572859352944263, 19.295273313716852 ], [ -99.572859352944263, 19.295542808302088 ], [ -99.573128847529503, 19.295542808302088 ], [ -99.573128847529503, 19.29581230288732 ], [ -99.573667836699968, 19.29581230288732 ], [ -99.573667836699968, 19.295542808302088 ], [ -99.573937331285208, 19.295542808302088 ], [ -99.573937331285208, 19.29581230288732 ], [ -99.575823793381858, 19.29581230288732 ], [ -99.575823793381858, 19.295273313716852 ], [ -99.576093287967097, 19.295273313716852 ], [ -99.576093287967097, 19.29581230288732 ], [ -99.576632277137563, 19.29581230288732 ], [ -99.576632277137563, 19.296081797472556 ], [ -99.577710255478507, 19.296081797472556 ], [ -99.577710255478507, 19.29581230288732 ], [ -99.579057728404692, 19.29581230288732 ], [ -99.579057728404692, 19.298237754154446 ], [ -99.578788233819452, 19.298237754154446 ], [ -99.578788233819452, 19.298507248739682 ], [ -99.579057728404692, 19.298507248739682 ], [ -99.579057728404692, 19.299046237910151 ] ], [ [ -99.576362782552323, 19.298776743324918 ], [ -99.576362782552323, 19.298507248739682 ], [ -99.576093287967097, 19.298507248739682 ], [ -99.576093287967097, 19.298776743324918 ], [ -99.576362782552323, 19.298776743324918 ] ], [ [ -99.574745815040913, 19.298776743324918 ], [ -99.574745815040913, 19.298507248739682 ], [ -99.575015309626153, 19.298507248739682 ], [ -99.575015309626153, 19.29796825956921 ], [ -99.574745815040913, 19.29796825956921 ], [ -99.574745815040913, 19.297698764983974 ], [ -99.575015309626153, 19.297698764983974 ], [ -99.575015309626153, 19.297159775813501 ], [ -99.574745815040913, 19.297159775813501 ], [ -99.574745815040913, 19.296890281228265 ], [ -99.574476320455673, 19.296890281228265 ], [ -99.574476320455673, 19.296620786643029 ], [ -99.575015309626153, 19.296620786643029 ], [ -99.575015309626153, 19.296081797472556 ], [ -99.572050869188558, 19.296081797472556 ], [ -99.572050869188558, 19.296351292057793 ], [ -99.572589858359024, 19.296351292057793 ], [ -99.572589858359024, 19.296890281228265 ], [ -99.572859352944263, 19.296890281228265 ], [ -99.572859352944263, 19.297698764983974 ], [ -99.572589858359024, 19.297698764983974 ], [ -99.572589858359024, 19.298237754154446 ], [ -99.573128847529503, 19.298237754154446 ], [ -99.573128847529503, 19.298507248739682 ], [ -99.573398342114729, 19.298507248739682 ], [ -99.573398342114729, 19.298776743324918 ], [ -99.574745815040913, 19.298776743324918 ] ], [ [ -99.578788233819452, 19.29796825956921 ], [ -99.578788233819452, 19.297698764983974 ], [ -99.577979750063747, 19.297698764983974 ], [ -99.577979750063747, 19.29796825956921 ], [ -99.578788233819452, 19.29796825956921 ] ] ] ] } },
{ "type": "Feature", "properties": { "ZONA_MET": "Toluca", "INTENSIDAD": "Intensa", "T_PROM_POL": 3.0, "T_MIN_CIUD": 1.0, "DIF_TERMIC": 2.0 }, "geometry": { "type": "MultiPolygon", "coordinates": [ [ [ [ -99.788724515718172, 19.296620786643029 ], [ -99.787107548206762, 19.296620786643029 ], [ -99.787107548206762, 19.296351292057793 ], [ -99.786838053621523, 19.296351292057793 ], [ -99.786838053621523, 19.296620786643029 ], [ -99.785760075280578, 19.296620786643029 ], [ -99.785760075280578, 19.296351292057793 ], [ -99.784951591524873, 19.296351292057793 ], [ -99.784951591524873, 19.296081797472556 ], [ -99.786029569865818, 19.296081797472556 ], [ -99.786029569865818, 19.295273313716852 ], [ -99.786299064451057, 19.295273313716852 ], [ -99.786299064451057, 19.295003819131615 ], [ -99.786568559036297, 19.295003819131615 ], [ -99.786568559036297, 19.295542808302088 ], [ -99.787377042792002, 19.295542808302088 ], [ -99.787377042792002, 19.29581230288732 ], [ -99.787646537377228, 19.29581230288732 ], [ -99.787646537377228, 19.296081797472556 ], [ -99.788724515718172, 19.296081797472556 ], [ -99.788724515718172, 19.296620786643029 ] ] ] ] } },
{ "type": "Feature", "properties": { "ZONA_MET": "Toluca", "INTENSIDAD": "Extrema", "T_PROM_POL": 4.0, "T_MIN_CIUD": 1.0, "DIF_TERMIC": 2.0 }, "geometry": { "type": "MultiPolygon", "coordinates": [ [ [ [ -99.548874334858269, 19.296620786643029 ], [ -99.548604840273029, 19.296620786643029 ], [ -99.548604840273029, 19.296351292057793 ], [ -99.548335345687804, 19.296351292057793 ], [ -99.548335345687804, 19.295003819131615 ], [ -99.549143829443508, 19.295003819131615 ], [ -99.549143829443508, 19.29581230288732 ], [ -99.548874334858269, 19.29581230288732 ], [ -99.548874334858269, 19.296081797472556 ], [ -99.549143829443508, 19.296081797472556 ], [ -99.549143829443508, 19.296351292057793 ], [ -99.548874334858269, 19.296351292057793 ], [ -99.548874334858269, 19.296620786643029 ] ] ] ] } },
{ "type": "Feature", "properties": { "ZONA_MET": "Toluca", "INTENSIDAD": "Intensa", "T_PROM_POL": 4.0, "T_MIN_CIUD": 1.0, "DIF_TERMIC": 2.0 }, "geometry": { "type": "MultiPolygon", "coordinates": [ [ [ [ -99.639963504667989, 19.297159775813501 ], [ -99.639694010082749, 19.297159775813501 ], [ -99.639694010082749, 19.296890281228265 ], [ -99.63942451549751, 19.296890281228265 ], [ -99.63942451549751, 19.296620786643029 ], [ -99.639155020912284, 19.296620786643029 ], [ -99.639155020912284, 19.296081797472556 ], [ -99.638885526327044, 19.296081797472556 ], [ -99.638885526327044, 19.295542808302088 ], [ -99.63942451549751, 19.295542808302088 ], [ -99.63942451549751, 19.295003819131615 ], [ -99.639694010082749, 19.295003819131615 ], [ -99.639694010082749, 19.294734324546379 ], [ -99.640502493838454, 19.294734324546379 ], [ -99.640502493838454, 19.295003819131615 ], [ -99.640771988423694, 19.295003819131615 ], [ -99.640771988423694, 19.295273313716852 ], [ -99.641310977594173, 19.295273313716852 ], [ -99.641310977594173, 19.296081797472556 ], [ -99.640771988423694, 19.296081797472556 ], [ -99.640771988423694, 19.296620786643029 ], [ -99.640502493838454, 19.296620786643029 ], [ -99.640502493838454, 19.296890281228265 ], [ -99.639963504667989, 19.296890281228265 ], [ -99.639963504667989, 19.297159775813501 ] ], [ [ -99.639694010082749, 19.296620786643029 ], [ -99.639694010082749, 19.296351292057793 ], [ -99.63942451549751, 19.296351292057793 ], [ -99.63942451549751, 19.296620786643029 ], [ -99.639694010082749, 19.296620786643029 ] ] ] ] } },
{ "type": "Feature", "properties": { "ZONA_MET": "Toluca", "INTENSIDAD": "Intensa", "T_PROM_POL": 4.0, "T_MIN_CIUD": 1.0, "DIF_TERMIC": 2.0 }, "geometry": { "type": "MultiPolygon", "coordinates": [ [ [ [ -99.549952313199213, 19.297429270398737 ], [ -99.549413324028748, 19.297429270398737 ], [ -99.549413324028748, 19.297159775813501 ], [ -99.548335345687804, 19.297159775813501 ], [ -99.548335345687804, 19.296620786643029 ], [ -99.548065851102564, 19.296620786643029 ], [ -99.548065851102564, 19.295542808302088 ], [ -99.547796356517324, 19.295542808302088 ], [ -99.547796356517324, 19.294734324546379 ], [ -99.549413324028748, 19.294734324546379 ], [ -99.549413324028748, 19.295273313716852 ], [ -99.549682818613974, 19.295273313716852 ], [ -99.549682818613974, 19.295542808302088 ], [ -99.549413324028748, 19.295542808302088 ], [ -99.549413324028748, 19.29581230288732 ], [ -99.549682818613974, 19.29581230288732 ], [ -99.549682818613974, 19.296081797472556 ], [ -99.549952313199213, 19.296081797472556 ], [ -99.549952313199213, 19.297429270398737 ] ], [ [ -99.548874334858269, 19.296620786643029 ], [ -99.548874334858269, 19.296351292057793 ], [ -99.549143829443508, 19.296351292057793 ], [ -99.549143829443508, 19.296081797472556 ], [ -99.548874334858269, 19.296081797472556 ], [ -99.548874334858269, 19.29581230288732 ], [ -99.549143829443508, 19.29581230288732 ], [ -99.549143829443508, 19.295003819131615 ], [ -99.548335345687804, 19.295003819131615 ], [ -99.548335345687804, 19.296351292057793 ], [ -99.548604840273029, 19.296351292057793 ], [ -99.548604840273029, 19.296620786643029 ], [ -99.548874334858269, 19.296620786643029 ] ] ] ] } },
{ "type": "Feature", "properties": { "ZONA_MET": "Toluca", "INTENSIDAD": "Intensa", "T_PROM_POL": 3.0, "T_MIN_CIUD": 1.0, "DIF_TERMIC": 2.0 }, "geometry": { "type": "MultiPolygon", "coordinates": [ [ [ [ -99.795192385763841, 19.296081797472556 ], [ -99.794653396593361, 19.296081797472556 ], [ -99.794653396593361, 19.29581230288732 ], [ -99.794383902008136, 19.29581230288732 ], [ -99.794383902008136, 19.295542808302088 ], [ -99.794114407422896, 19.295542808302088 ], [ -99.794114407422896, 19.295273313716852 ], [ -99.793575418252416, 19.295273313716852 ], [ -99.793575418252416, 19.294734324546379 ], [ -99.794114407422896, 19.294734324546379 ], [ -99.794114407422896, 19.295003819131615 ], [ -99.794922891178601, 19.295003819131615 ], [ -99.794922891178601, 19.295273313716852 ], [ -99.794653396593361, 19.295273313716852 ], [ -99.794653396593361, 19.295542808302088 ], [ -99.794922891178601, 19.295542808302088 ], [ -99.794922891178601, 19.29581230288732 ], [ -99.795192385763841, 19.29581230288732 ], [ -99.795192385763841, 19.296081797472556 ] ] ] ] } },
{ "type": "Feature", "properties": { "ZONA_MET": "Toluca", "INTENSIDAD": "Intensa", "T_PROM_POL": 4.0, "T_MIN_CIUD": 1.0, "DIF_TERMIC": 2.0 }, "geometry": { "type": "MultiPolygon", "coordinates": [ [ [ [ -99.550760796954918, 19.296890281228265 ], [ -99.550221807784453, 19.296890281228265 ], [ -99.550221807784453, 19.296620786643029 ], [ -99.550491302369679, 19.296620786643029 ], [ -99.550491302369679, 19.295273313716852 ], [ -99.549952313199213, 19.295273313716852 ], [ -99.549952313199213, 19.294464829961143 ], [ -99.550491302369679, 19.294464829961143 ], [ -99.550491302369679, 19.294734324546379 ], [ -99.551838775295863, 19.294734324546379 ], [ -99.551838775295863, 19.294464829961143 ], [ -99.552108269881103, 19.294464829961143 ], [ -99.552108269881103, 19.294734324546379 ], [ -99.553186248222048, 19.294734324546379 ], [ -99.553186248222048, 19.294464829961143 ], [ -99.553455742807273, 19.294464829961143 ], [ -99.553455742807273, 19.294734324546379 ], [ -99.553994731977753, 19.294734324546379 ], [ -99.553994731977753, 19.295003819131615 ], [ -99.552916753636808, 19.295003819131615 ], [ -99.552916753636808, 19.295273313716852 ], [ -99.552377764466343, 19.295273313716852 ], [ -99.552377764466343, 19.295003819131615 ], [ -99.551030291540158, 19.295003819131615 ], [ -99.551030291540158, 19.295273313716852 ], [ -99.550760796954918, 19.295273313716852 ], [ -99.550760796954918, 19.296890281228265 ] ] ] ] } },
{ "type": "Feature", "properties": { "ZONA_MET": "Toluca", "INTENSIDAD": "Intensa", "T_PROM_POL": 4.0, "T_MIN_CIUD": 1.0, "DIF_TERMIC": 2.0 }, "geometry": { "type": "MultiPolygon", "coordinates": [ [ [ [ -99.536477583937426, 19.29581230288732 ], [ -99.535938594766947, 19.29581230288732 ], [ -99.535938594766947, 19.295273313716852 ], [ -99.536208089352186, 19.295273313716852 ], [ -99.536208089352186, 19.295003819131615 ], [ -99.536747078522652, 19.295003819131615 ], [ -99.536747078522652, 19.294734324546379 ], [ -99.537016573107891, 19.294734324546379 ], [ -99.537016573107891, 19.294464829961143 ], [ -99.537555562278371, 19.294464829961143 ], [ -99.537555562278371, 19.294734324546379 ], [ -99.537825056863596, 19.294734324546379 ], [ -99.537825056863596, 19.295003819131615 ], [ -99.537016573107891, 19.295003819131615 ], [ -99.537016573107891, 19.295273313716852 ], [ -99.536747078522652, 19.295273313716852 ], [ -99.536747078522652, 19.295542808302088 ], [ -99.536477583937426, 19.295542808302088 ], [ -99.536477583937426, 19.29581230288732 ] ] ] ] } },
{ "type": "Feature", "properties": { "ZONA_MET": "Toluca", "INTENSIDAD": "Intensa", "T_PROM_POL": 4.0, "T_MIN_CIUD": 1.0, "DIF_TERMIC": 2.0 }, "geometry": { "type": "MultiPolygon", "coordinates": [ [ [ [ -99.525967295113219, 19.296081797472556 ], [ -99.524889316772274, 19.296081797472556 ], [ -99.524889316772274, 19.295003819131615 ], [ -99.525697800527993, 19.295003819131615 ], [ -99.525697800527993, 19.294195335375907 ], [ -99.526236789698459, 19.294195335375907 ], [ -99.526236789698459, 19.294464829961143 ], [ -99.526506284283698, 19.294464829961143 ], [ -99.526506284283698, 19.295273313716852 ], [ -99.526236789698459, 19.295273313716852 ], [ -99.526236789698459, 19.295542808302088 ], [ -99.525967295113219, 19.295542808302088 ], [ -99.525967295113219, 19.296081797472556 ] ], [ [ -99.525697800527993, 19.295542808302088 ], [ -99.525697800527993, 19.295273313716852 ], [ -99.525428305942754, 19.295273313716852 ], [ -99.525428305942754, 19.295542808302088 ], [ -99.525697800527993, 19.295542808302088 ] ] ] ] } },
{ "type": "Feature", "properties": { "ZONA_MET": "Toluca", "INTENSIDAD": "Intensa", "T_PROM_POL": 4.0, "T_MIN_CIUD": 1.0, "DIF_TERMIC": 2.0 }, "geometry": { "type": "MultiPolygon", "coordinates": [ [ [ [ -99.532704659744113, 19.295003819131615 ], [ -99.531896175988408, 19.295003819131615 ], [ -99.531896175988408, 19.294464829961143 ], [ -99.530818197647463, 19.294464829961143 ], [ -99.530818197647463, 19.293925840790671 ], [ -99.531087692232703, 19.293925840790671 ], [ -99.531087692232703, 19.293656346205434 ], [ -99.530818197647463, 19.293656346205434 ], [ -99.530818197647463, 19.293117357034962 ], [ -99.531357186817942, 19.293117357034962 ], [ -99.531357186817942, 19.293656346205434 ], [ -99.532165670573647, 19.293656346205434 ], [ -99.532165670573647, 19.293925840790671 ], [ -99.532704659744113, 19.293925840790671 ], [ -99.532704659744113, 19.294464829961143 ], [ -99.532974154329352, 19.294464829961143 ], [ -99.532974154329352, 19.294734324546379 ], [ -99.532704659744113, 19.294734324546379 ], [ -99.532704659744113, 19.295003819131615 ] ], [ [ -99.532165670573647, 19.294464829961143 ], [ -99.532165670573647, 19.294195335375907 ], [ -99.531896175988408, 19.294195335375907 ], [ -99.531896175988408, 19.294464829961143 ], [ -99.532165670573647, 19.294464829961143 ] ] ] ] } },
{ "type": "Feature", "properties": { "ZONA_MET": "Toluca", "INTENSIDAD": "Intensa", "T_PROM_POL": 3.0, "T_MIN_CIUD": 1.0, "DIF_TERMIC": 2.0 }, "geometry": { "type": "MultiPolygon", "coordinates": [ [ [ [ -99.643197439690823, 19.293925840790671 ], [ -99.642119461349878, 19.293925840790671 ], [ -99.642119461349878, 19.293117357034962 ], [ -99.643466934276049, 19.293117357034962 ], [ -99.643466934276049, 19.293386851620198 ], [ -99.643197439690823, 19.293386851620198 ], [ -99.643197439690823, 19.293925840790671 ] ] ] ] } },
{ "type": "Feature", "properties": { "ZONA_MET": "Toluca", "INTENSIDAD": "Extrema", "T_PROM_POL": 4.0, "T_MIN_CIUD": 1.0, "DIF_TERMIC": 2.0 }, "geometry": { "type": "MultiPolygon", "coordinates": [ [ [ [ -99.609241121951101, 19.294195335375907 ], [ -99.608163143610156, 19.294195335375907 ], [ -99.608163143610156, 19.293925840790671 ], [ -99.607893649024916, 19.293925840790671 ], [ -99.607893649024916, 19.293386851620198 ], [ -99.607624154439691, 19.293386851620198 ], [ -99.607624154439691, 19.292847862449726 ], [ -99.609780111121566, 19.292847862449726 ], [ -99.609780111121566, 19.293925840790671 ], [ -99.609241121951101, 19.293925840790671 ], [ -99.609241121951101, 19.294195335375907 ] ] ] ] } },
{ "type": "Feature", "properties": { "ZONA_MET": "Toluca", "INTENSIDAD": "Extrema", "T_PROM_POL": 4.0, "T_MIN_CIUD": 1.0, "DIF_TERMIC": 2.0 }, "geometry": { "type": "MultiPolygon", "coordinates": [ [ [ [ -99.61490050824105, 19.294734324546379 ], [ -99.613822529900105, 19.294734324546379 ], [ -99.613822529900105, 19.294464829961143 ], [ -99.613553035314879, 19.294464829961143 ], [ -99.613553035314879, 19.294734324546379 ], [ -99.612475056973935, 19.294734324546379 ], [ -99.612475056973935, 19.294464829961143 ], [ -99.612205562388695, 19.294464829961143 ], [ -99.612205562388695, 19.293656346205434 ], [ -99.611936067803455, 19.293656346205434 ], [ -99.611936067803455, 19.293386851620198 ], [ -99.61166657321823, 19.293386851620198 ], [ -99.61166657321823, 19.292847862449726 ], [ -99.6130140461444, 19.292847862449726 ], [ -99.6130140461444, 19.292578367864493 ], [ -99.613553035314879, 19.292578367864493 ], [ -99.613553035314879, 19.292308873279257 ], [ -99.614631013655824, 19.292308873279257 ], [ -99.614631013655824, 19.292578367864493 ], [ -99.61490050824105, 19.292578367864493 ], [ -99.61490050824105, 19.293925840790671 ], [ -99.615170002826289, 19.293925840790671 ], [ -99.615170002826289, 19.294464829961143 ], [ -99.61490050824105, 19.294464829961143 ], [ -99.61490050824105, 19.294734324546379 ] ] ] ] } },
{ "type": "Feature", "properties": { "ZONA_MET": "Toluca", "INTENSIDAD": "Intensa", "T_PROM_POL": 4.0, "T_MIN_CIUD": 1.0, "DIF_TERMIC": 2.0 }, "geometry": { "type": "MultiPolygon", "coordinates": [ [ [ [ -99.735903577011953, 19.293386851620198 ], [ -99.735364587841474, 19.293386851620198 ], [ -99.735364587841474, 19.293117357034962 ], [ -99.734825598671009, 19.293117357034962 ], [ -99.734825598671009, 19.292578367864493 ], [ -99.735364587841474, 19.292578367864493 ], [ -99.735364587841474, 19.292308873279257 ], [ -99.735903577011953, 19.292308873279257 ], [ -99.735903577011953, 19.293386851620198 ] ] ] ] } },
{ "type": "Feature", "properties": { "ZONA_MET": "Toluca", "INTENSIDAD": "Intensa", "T_PROM_POL": 4.0, "T_MIN_CIUD": 1.0, "DIF_TERMIC": 2.0 }, "geometry": { "type": "MultiPolygon", "coordinates": [ [ [ [ -99.538903035204541, 19.295003819131615 ], [ -99.538364046034076, 19.295003819131615 ], [ -99.538364046034076, 19.294464829961143 ], [ -99.537555562278371, 19.294464829961143 ], [ -99.537555562278371, 19.294195335375907 ], [ -99.537016573107891, 19.294195335375907 ], [ -99.537016573107891, 19.293925840790671 ], [ -99.537555562278371, 19.293925840790671 ], [ -99.537555562278371, 19.293656346205434 ], [ -99.536477583937426, 19.293656346205434 ], [ -99.536477583937426, 19.293386851620198 ], [ -99.536747078522652, 19.293386851620198 ], [ -99.536747078522652, 19.293117357034962 ], [ -99.537016573107891, 19.293117357034962 ], [ -99.537016573107891, 19.292847862449726 ], [ -99.537286067693131, 19.292847862449726 ], [ -99.537286067693131, 19.293117357034962 ], [ -99.537555562278371, 19.293117357034962 ], [ -99.537555562278371, 19.292308873279257 ], [ -99.538364046034076, 19.292308873279257 ], [ -99.538364046034076, 19.292578367864493 ], [ -99.539172529789781, 19.292578367864493 ], [ -99.539172529789781, 19.292308873279257 ], [ -99.53944202437502, 19.292308873279257 ], [ -99.53944202437502, 19.292847862449726 ], [ -99.539711518960246, 19.292847862449726 ], [ -99.539711518960246, 19.292578367864493 ], [ -99.540250508130725, 19.292578367864493 ], [ -99.540250508130725, 19.292847862449726 ], [ -99.540520002715965, 19.292847862449726 ], [ -99.540520002715965, 19.293656346205434 ], [ -99.540789497301191, 19.293656346205434 ], [ -99.540789497301191, 19.293925840790671 ], [ -99.54105899188643, 19.293925840790671 ], [ -99.54105899188643, 19.293386851620198 ], [ -99.54132848647167, 19.293386851620198 ], [ -99.54132848647167, 19.292847862449726 ], [ -99.541597981056896, 19.292847862449726 ], [ -99.541597981056896, 19.292308873279257 ], [ -99.541867475642135, 19.292308873279257 ], [ -99.541867475642135, 19.293386851620198 ], [ -99.541597981056896, 19.293386851620198 ], [ -99.541597981056896, 19.293925840790671 ], [ -99.541867475642135, 19.293925840790671 ], [ -99.541867475642135, 19.294195335375907 ], [ -99.541597981056896, 19.294195335375907 ], [ -99.541597981056896, 19.294464829961143 ], [ -99.54132848647167, 19.294464829961143 ], [ -99.54132848647167, 19.294734324546379 ], [ -99.54105899188643, 19.294734324546379 ], [ -99.54105899188643, 19.294464829961143 ], [ -99.540789497301191, 19.294464829961143 ], [ -99.540789497301191, 19.294195335375907 ], [ -99.540520002715965, 19.294195335375907 ], [ -99.540520002715965, 19.294464829961143 ], [ -99.539981013545486, 19.294464829961143 ], [ -99.539981013545486, 19.294195335375907 ], [ -99.539711518960246, 19.294195335375907 ], [ -99.539711518960246, 19.294734324546379 ], [ -99.53944202437502, 19.294734324546379 ], [ -99.53944202437502, 19.294464829961143 ], [ -99.538903035204541, 19.294464829961143 ], [ -99.538903035204541, 19.295003819131615 ] ], [ [ -99.539981013545486, 19.293925840790671 ], [ -99.539981013545486, 19.293386851620198 ], [ -99.540250508130725, 19.293386851620198 ], [ -99.540250508130725, 19.293117357034962 ], [ -99.538903035204541, 19.293117357034962 ], [ -99.538903035204541, 19.293386851620198 ], [ -99.538633540619301, 19.293386851620198 ], [ -99.538633540619301, 19.293656346205434 ], [ -99.538094551448836, 19.293656346205434 ], [ -99.538094551448836, 19.293925840790671 ], [ -99.539981013545486, 19.293925840790671 ] ] ] ] } },
{ "type": "Feature", "properties": { "ZONA_MET": "Toluca", "INTENSIDAD": "Intensa", "T_PROM_POL": 3.0, "T_MIN_CIUD": 1.0, "DIF_TERMIC": 2.0 }, "geometry": { "type": "MultiPolygon", "coordinates": [ [ [ [ -99.627297259161907, 19.293656346205434 ], [ -99.627027764576667, 19.293656346205434 ], [ -99.627027764576667, 19.293386851620198 ], [ -99.626758269991427, 19.293386851620198 ], [ -99.626758269991427, 19.292578367864493 ], [ -99.627027764576667, 19.292578367864493 ], [ -99.627027764576667, 19.292308873279257 ], [ -99.627566753747132, 19.292308873279257 ], [ -99.627566753747132, 19.292578367864493 ], [ -99.627836248332372, 19.292578367864493 ], [ -99.627836248332372, 19.293117357034962 ], [ -99.627566753747132, 19.293117357034962 ], [ -99.627566753747132, 19.293386851620198 ], [ -99.627297259161907, 19.293386851620198 ], [ -99.627297259161907, 19.293656346205434 ] ] ] ] } },
{ "type": "Feature", "properties": { "ZONA_MET": "Toluca", "INTENSIDAD": "Extrema", "T_PROM_POL": 4.0, "T_MIN_CIUD": 1.0, "DIF_TERMIC": 2.0 }, "geometry": { "type": "MultiPolygon", "coordinates": [ [ [ [ -99.535669100181707, 19.299854721665859 ], [ -99.534860616426002, 19.299854721665859 ], [ -99.534860616426002, 19.298776743324918 ], [ -99.534591121840776, 19.298776743324918 ], [ -99.534591121840776, 19.298507248739682 ], [ -99.534321627255537, 19.298507248739682 ], [ -99.534321627255537, 19.29796825956921 ], [ -99.534052132670297, 19.29796825956921 ], [ -99.534052132670297, 19.297698764983974 ], [ -99.533243648914592, 19.297698764983974 ], [ -99.533243648914592, 19.29796825956921 ], [ -99.532435165158887, 19.29796825956921 ], [ -99.532435165158887, 19.298237754154446 ], [ -99.531357186817942, 19.298237754154446 ], [ -99.531357186817942, 19.298507248739682 ], [ -99.531896175988408, 19.298507248739682 ], [ -99.531896175988408, 19.299046237910151 ], [ -99.531626681403182, 19.299046237910151 ], [ -99.531626681403182, 19.299315732495387 ], [ -99.530818197647463, 19.299315732495387 ], [ -99.530818197647463, 19.298776743324918 ], [ -99.530548703062237, 19.298776743324918 ], [ -99.530548703062237, 19.298507248739682 ], [ -99.530279208476998, 19.298507248739682 ], [ -99.530279208476998, 19.29796825956921 ], [ -99.528662240965588, 19.29796825956921 ], [ -99.528662240965588, 19.297698764983974 ], [ -99.528931735550813, 19.297698764983974 ], [ -99.528931735550813, 19.297159775813501 ], [ -99.529470724721293, 19.297159775813501 ], [ -99.529470724721293, 19.296890281228265 ], [ -99.529740219306518, 19.296890281228265 ], [ -99.529740219306518, 19.296620786643029 ], [ -99.530009713891758, 19.296620786643029 ], [ -99.530009713891758, 19.297159775813501 ], [ -99.530279208476998, 19.297159775813501 ], [ -99.530279208476998, 19.296081797472556 ], [ -99.531357186817942, 19.296081797472556 ], [ -99.531357186817942, 19.295542808302088 ], [ -99.531896175988408, 19.295542808302088 ], [ -99.531896175988408, 19.295003819131615 ], [ -99.532704659744113, 19.295003819131615 ], [ -99.532704659744113, 19.294734324546379 ], [ -99.532974154329352, 19.294734324546379 ], [ -99.532974154329352, 19.294464829961143 ], [ -99.532704659744113, 19.294464829961143 ], [ -99.532704659744113, 19.293925840790671 ], [ -99.532165670573647, 19.293925840790671 ], [ -99.532165670573647, 19.293656346205434 ], [ -99.531357186817942, 19.293656346205434 ], [ -99.531357186817942, 19.292847862449726 ], [ -99.531626681403182, 19.292847862449726 ], [ -99.531626681403182, 19.292578367864493 ], [ -99.532165670573647, 19.292578367864493 ], [ -99.532165670573647, 19.293386851620198 ], [ -99.532704659744113, 19.293386851620198 ], [ -99.532704659744113, 19.293656346205434 ], [ -99.533243648914592, 19.293656346205434 ], [ -99.533243648914592, 19.293117357034962 ], [ -99.532974154329352, 19.293117357034962 ], [ -99.532974154329352, 19.292578367864493 ], [ -99.533243648914592, 19.292578367864493 ], [ -99.533243648914592, 19.292308873279257 ], [ -99.533782638085057, 19.292308873279257 ], [ -99.533782638085057, 19.292039378694021 ], [ -99.535130111011242, 19.292039378694021 ], [ -99.535130111011242, 19.292578367864493 ], [ -99.535399605596481, 19.292578367864493 ], [ -99.535399605596481, 19.292847862449726 ], [ -99.535669100181707, 19.292847862449726 ], [ -99.535669100181707, 19.293117357034962 ], [ -99.535938594766947, 19.293117357034962 ], [ -99.535938594766947, 19.293656346205434 ], [ -99.536208089352186, 19.293656346205434 ], [ -99.536208089352186, 19.294195335375907 ], [ -99.536477583937426, 19.294195335375907 ], [ -99.536477583937426, 19.294464829961143 ], [ -99.536747078522652, 19.294464829961143 ], [ -99.536747078522652, 19.295003819131615 ], [ -99.536208089352186, 19.295003819131615 ], [ -99.536208089352186, 19.295273313716852 ], [ -99.535938594766947, 19.295273313716852 ], [ -99.535938594766947, 19.29581230288732 ], [ -99.535399605596481, 19.29581230288732 ], [ -99.535399605596481, 19.296351292057793 ], [ -99.535130111011242, 19.296351292057793 ], [ -99.535130111011242, 19.296890281228265 ], [ -99.535399605596481, 19.296890281228265 ], [ -99.535399605596481, 19.297698764983974 ], [ -99.535669100181707, 19.297698764983974 ], [ -99.535669100181707, 19.298507248739682 ], [ -99.535938594766947, 19.298507248739682 ], [ -99.535938594766947, 19.299046237910151 ], [ -99.535669100181707, 19.299046237910151 ], [ -99.535669100181707, 19.299315732495387 ], [ -99.535938594766947, 19.299315732495387 ], [ -99.535938594766947, 19.299585227080623 ], [ -99.535669100181707, 19.299585227080623 ], [ -99.535669100181707, 19.299854721665859 ] ], [ [ -99.535399605596481, 19.298507248739682 ], [ -99.535399605596481, 19.29796825956921 ], [ -99.535130111011242, 19.29796825956921 ], [ -99.535130111011242, 19.298507248739682 ], [ -99.535399605596481, 19.298507248739682 ] ], [ [ -99.534860616426002, 19.295003819131615 ], [ -99.534860616426002, 19.294464829961143 ], [ -99.535130111011242, 19.294464829961143 ], [ -99.535130111011242, 19.294195335375907 ], [ -99.534591121840776, 19.294195335375907 ], [ -99.534591121840776, 19.294464829961143 ], [ -99.534052132670297, 19.294464829961143 ], [ -99.534052132670297, 19.294195335375907 ], [ -99.533782638085057, 19.294195335375907 ], [ -99.533782638085057, 19.293925840790671 ], [ -99.533513143499832, 19.293925840790671 ], [ -99.533513143499832, 19.293656346205434 ], [ -99.533243648914592, 19.293656346205434 ], [ -99.533243648914592, 19.294195335375907 ], [ -99.533513143499832, 19.294195335375907 ], [ -99.533513143499832, 19.294464829961143 ], [ -99.533782638085057, 19.294464829961143 ], [ -99.533782638085057, 19.294734324546379 ], [ -99.534052132670297, 19.294734324546379 ], [ -99.534052132670297, 19.295003819131615 ], [ -99.534860616426002, 19.295003819131615 ] ], [ [ -99.535399605596481, 19.293386851620198 ], [ -99.535399605596481, 19.293117357034962 ], [ -99.535130111011242, 19.293117357034962 ], [ -99.535130111011242, 19.293386851620198 ], [ -99.535399605596481, 19.293386851620198 ] ] ] ] } },
{ "type": "Feature", "properties": { "ZONA_MET": "Toluca", "INTENSIDAD": "Intensa", "T_PROM_POL": 4.0, "T_MIN_CIUD": 1.0, "DIF_TERMIC": 2.0 }, "geometry": { "type": "MultiPolygon", "coordinates": [ [ [ [ -99.581213685086567, 19.300124216251096 ], [ -99.580405201330862, 19.300124216251096 ], [ -99.580405201330862, 19.299854721665859 ], [ -99.579866212160397, 19.299854721665859 ], [ -99.579866212160397, 19.299585227080623 ], [ -99.579596717575157, 19.299585227080623 ], [ -99.579596717575157, 19.300124216251096 ], [ -99.579327222989917, 19.300124216251096 ], [ -99.579327222989917, 19.299585227080623 ], [ -99.577979750063747, 19.299585227080623 ], [ -99.577979750063747, 19.299315732495387 ], [ -99.578249244648973, 19.299315732495387 ], [ -99.578249244648973, 19.299046237910151 ], [ -99.579057728404692, 19.299046237910151 ], [ -99.579057728404692, 19.298507248739682 ], [ -99.579866212160397, 19.298507248739682 ], [ -99.579866212160397, 19.298237754154446 ], [ -99.579057728404692, 19.298237754154446 ], [ -99.579057728404692, 19.29796825956921 ], [ -99.579327222989917, 19.29796825956921 ], [ -99.579327222989917, 19.297698764983974 ], [ -99.579057728404692, 19.297698764983974 ], [ -99.579057728404692, 19.29581230288732 ], [ -99.577710255478507, 19.29581230288732 ], [ -99.577710255478507, 19.296081797472556 ], [ -99.576632277137563, 19.296081797472556 ], [ -99.576632277137563, 19.29581230288732 ], [ -99.576093287967097, 19.29581230288732 ], [ -99.576093287967097, 19.295273313716852 ], [ -99.575823793381858, 19.295273313716852 ], [ -99.575823793381858, 19.29581230288732 ], [ -99.573937331285208, 19.29581230288732 ], [ -99.573937331285208, 19.295542808302088 ], [ -99.573667836699968, 19.295542808302088 ], [ -99.573667836699968, 19.29581230288732 ], [ -99.573128847529503, 19.29581230288732 ], [ -99.573128847529503, 19.295542808302088 ], [ -99.572859352944263, 19.295542808302088 ], [ -99.572859352944263, 19.294734324546379 ], [ -99.572589858359024, 19.294734324546379 ], [ -99.572589858359024, 19.295003819131615 ], [ -99.572050869188558, 19.295003819131615 ], [ -99.572050869188558, 19.295273313716852 ], [ -99.571781374603319, 19.295273313716852 ], [ -99.571781374603319, 19.295542808302088 ], [ -99.570164407091909, 19.295542808302088 ], [ -99.570164407091909, 19.29581230288732 ], [ -99.569894912506669, 19.29581230288732 ], [ -99.569894912506669, 19.296351292057793 ], [ -99.569625417921429, 19.296351292057793 ], [ -99.569625417921429, 19.296620786643029 ], [ -99.569894912506669, 19.296620786643029 ], [ -99.569894912506669, 19.296890281228265 ], [ -99.570164407091909, 19.296890281228265 ], [ -99.570164407091909, 19.297429270398737 ], [ -99.569894912506669, 19.297429270398737 ], [ -99.569894912506669, 19.297159775813501 ], [ -99.569625417921429, 19.297159775813501 ], [ -99.569625417921429, 19.297429270398737 ], [ -99.569086428750964, 19.297429270398737 ], [ -99.569086428750964, 19.296890281228265 ], [ -99.568816934165724, 19.296890281228265 ], [ -99.568816934165724, 19.295542808302088 ], [ -99.568547439580485, 19.295542808302088 ], [ -99.568547439580485, 19.295003819131615 ], [ -99.568277944995245, 19.295003819131615 ], [ -99.568277944995245, 19.294464829961143 ], [ -99.568547439580485, 19.294464829961143 ], [ -99.568547439580485, 19.294195335375907 ], [ -99.568816934165724, 19.294195335375907 ], [ -99.568816934165724, 19.293925840790671 ], [ -99.569086428750964, 19.293925840790671 ], [ -99.569086428750964, 19.293656346205434 ], [ -99.56935592333619, 19.293656346205434 ], [ -99.56935592333619, 19.295273313716852 ], [ -99.569894912506669, 19.295273313716852 ], [ -99.569894912506669, 19.295003819131615 ], [ -99.571242385432839, 19.295003819131615 ], [ -99.571242385432839, 19.294195335375907 ], [ -99.572859352944263, 19.294195335375907 ], [ -99.572859352944263, 19.294464829961143 ], [ -99.573128847529503, 19.294464829961143 ], [ -99.573128847529503, 19.294734324546379 ], [ -99.573398342114729, 19.294734324546379 ], [ -99.573398342114729, 19.295003819131615 ], [ -99.573937331285208, 19.295003819131615 ], [ -99.573937331285208, 19.295273313716852 ], [ -99.575015309626153, 19.295273313716852 ], [ -99.575015309626153, 19.294734324546379 ], [ -99.575284804211378, 19.294734324546379 ], [ -99.575284804211378, 19.294464829961143 ], [ -99.576362782552323, 19.294464829961143 ], [ -99.576362782552323, 19.294734324546379 ], [ -99.576632277137563, 19.294734324546379 ], [ -99.576632277137563, 19.294464829961143 ], [ -99.576901771722802, 19.294464829961143 ], [ -99.576901771722802, 19.294734324546379 ], [ -99.577171266308028, 19.294734324546379 ], [ -99.577171266308028, 19.295003819131615 ], [ -99.577979750063747, 19.295003819131615 ], [ -99.577979750063747, 19.293925840790671 ], [ -99.578249244648973, 19.293925840790671 ], [ -99.578249244648973, 19.294195335375907 ], [ -99.578518739234212, 19.294195335375907 ], [ -99.578518739234212, 19.293656346205434 ], [ -99.579057728404692, 19.293656346205434 ], [ -99.579057728404692, 19.293386851620198 ], [ -99.579327222989917, 19.293386851620198 ], [ -99.579327222989917, 19.293117357034962 ], [ -99.579596717575157, 19.293117357034962 ], [ -99.579596717575157, 19.292847862449726 ], [ -99.580135706745622, 19.292847862449726 ], [ -99.580135706745622, 19.292308873279257 ], [ -99.579866212160397, 19.292308873279257 ], [ -99.579866212160397, 19.292039378694021 ], [ -99.580944190501341, 19.292039378694021 ], [ -99.580944190501341, 19.292578367864493 ], [ -99.581483179671807, 19.292578367864493 ], [ -99.581483179671807, 19.292847862449726 ], [ -99.581752674257046, 19.292847862449726 ], [ -99.581752674257046, 19.292578367864493 ], [ -99.582291663427512, 19.292578367864493 ], [ -99.582291663427512, 19.292847862449726 ], [ -99.582830652597991, 19.292847862449726 ], [ -99.582830652597991, 19.295003819131615 ], [ -99.582561158012751, 19.295003819131615 ], [ -99.582561158012751, 19.295273313716852 ], [ -99.582022168842286, 19.295273313716852 ], [ -99.582022168842286, 19.295542808302088 ], [ -99.581213685086567, 19.295542808302088 ], [ -99.581213685086567, 19.295273313716852 ], [ -99.579866212160397, 19.295273313716852 ], [ -99.579866212160397, 19.295542808302088 ], [ -99.580135706745622, 19.295542808302088 ], [ -99.580135706745622, 19.29581230288732 ], [ -99.581213685086567, 19.29581230288732 ], [ -99.581213685086567, 19.296081797472556 ], [ -99.580944190501341, 19.296081797472556 ], [ -99.580944190501341, 19.297698764983974 ], [ -99.580674695916102, 19.297698764983974 ], [ -99.580674695916102, 19.298237754154446 ], [ -99.580405201330862, 19.298237754154446 ], [ -99.580405201330862, 19.298507248739682 ], [ -99.580944190501341, 19.298507248739682 ], [ -99.580944190501341, 19.299315732495387 ], [ -99.581213685086567, 19.299315732495387 ], [ -99.581213685086567, 19.299585227080623 ], [ -99.580944190501341, 19.299585227080623 ], [ -99.580944190501341, 19.299854721665859 ], [ -99.581213685086567, 19.299854721665859 ], [ -99.581213685086567, 19.300124216251096 ] ], [ [ -99.580405201330862, 19.29796825956921 ], [ -99.580405201330862, 19.297159775813501 ], [ -99.580135706745622, 19.297159775813501 ], [ -99.580135706745622, 19.296620786643029 ], [ -99.579866212160397, 19.296620786643029 ], [ -99.579866212160397, 19.29796825956921 ], [ -99.580405201330862, 19.29796825956921 ] ], [ [ -99.580135706745622, 19.296081797472556 ], [ -99.580135706745622, 19.29581230288732 ], [ -99.579866212160397, 19.29581230288732 ], [ -99.579866212160397, 19.296081797472556 ], [ -99.580135706745622, 19.296081797472556 ] ], [ [ -99.579596717575157, 19.296081797472556 ], [ -99.579596717575157, 19.29581230288732 ], [ -99.579327222989917, 19.29581230288732 ], [ -99.579327222989917, 19.296081797472556 ], [ -99.579596717575157, 19.296081797472556 ] ], [ [ -99.579057728404692, 19.295542808302088 ], [ -99.579057728404692, 19.295273313716852 ], [ -99.577440760893268, 19.295273313716852 ], [ -99.577440760893268, 19.295542808302088 ], [ -99.579057728404692, 19.295542808302088 ] ], [ [ -99.575823793381858, 19.295273313716852 ], [ -99.575823793381858, 19.295003819131615 ], [ -99.575284804211378, 19.295003819131615 ], [ -99.575284804211378, 19.295273313716852 ], [ -99.575823793381858, 19.295273313716852 ] ], [ [ -99.580944190501341, 19.294734324546379 ], [ -99.580944190501341, 19.294464829961143 ], [ -99.580674695916102, 19.294464829961143 ], [ -99.580674695916102, 19.294734324546379 ], [ -99.580944190501341, 19.294734324546379 ] ], [ [ -99.581752674257046, 19.294464829961143 ], [ -99.581752674257046, 19.293386851620198 ], [ -99.581483179671807, 19.293386851620198 ], [ -99.581483179671807, 19.293656346205434 ], [ -99.581213685086567, 19.293656346205434 ], [ -99.581213685086567, 19.294195335375907 ], [ -99.581483179671807, 19.294195335375907 ], [ -99.581483179671807, 19.294464829961143 ], [ -99.581752674257046, 19.294464829961143 ] ] ] ] } },
{ "type": "Feature", "properties": { "ZONA_MET": "Toluca", "INTENSIDAD": "Extrema", "T_PROM_POL": 4.0, "T_MIN_CIUD": 1.0, "DIF_TERMIC": 2.0 }, "geometry": { "type": "MultiPolygon", "coordinates": [ [ [ [ -99.634573612963266, 19.293117357034962 ], [ -99.633765129207561, 19.293117357034962 ], [ -99.633765129207561, 19.292308873279257 ], [ -99.63430411837804, 19.292308873279257 ], [ -99.63430411837804, 19.292039378694021 ], [ -99.634843107548505, 19.292039378694021 ], [ -99.634843107548505, 19.292578367864493 ], [ -99.634573612963266, 19.292578367864493 ], [ -99.634573612963266, 19.293117357034962 ] ] ] ] } },
{ "type": "Feature", "properties": { "ZONA_MET": "Toluca", "INTENSIDAD": "Extrema", "T_PROM_POL": 4.0, "T_MIN_CIUD": 1.0, "DIF_TERMIC": 2.0 }, "geometry": { "type": "MultiPolygon", "coordinates": [ [ [ [ -99.602503757320207, 19.292847862449726 ], [ -99.601425778979262, 19.292847862449726 ], [ -99.601425778979262, 19.292039378694021 ], [ -99.601695273564502, 19.292039378694021 ], [ -99.601695273564502, 19.291769884108785 ], [ -99.601964768149728, 19.291769884108785 ], [ -99.601964768149728, 19.291500389523549 ], [ -99.602234262734967, 19.291500389523549 ], [ -99.602234262734967, 19.292308873279257 ], [ -99.602503757320207, 19.292308873279257 ], [ -99.602503757320207, 19.292847862449726 ] ] ] ] } },
{ "type": "Feature", "properties": { "ZONA_MET": "Toluca", "INTENSIDAD": "Intensa", "T_PROM_POL": 3.0, "T_MIN_CIUD": 1.0, "DIF_TERMIC": 2.0 }, "geometry": { "type": "MultiPolygon", "coordinates": [ [ [ [ -99.525428305942754, 19.293117357034962 ], [ -99.525158811357514, 19.293117357034962 ], [ -99.525158811357514, 19.292847862449726 ], [ -99.524889316772274, 19.292847862449726 ], [ -99.524889316772274, 19.292578367864493 ], [ -99.524619822187049, 19.292578367864493 ], [ -99.524619822187049, 19.292308873279257 ], [ -99.524889316772274, 19.292308873279257 ], [ -99.524889316772274, 19.292039378694021 ], [ -99.525158811357514, 19.292039378694021 ], [ -99.525158811357514, 19.291769884108785 ], [ -99.525428305942754, 19.291769884108785 ], [ -99.525428305942754, 19.291500389523549 ], [ -99.525967295113219, 19.291500389523549 ], [ -99.525967295113219, 19.291769884108785 ], [ -99.525697800527993, 19.291769884108785 ], [ -99.525697800527993, 19.292578367864493 ], [ -99.525967295113219, 19.292578367864493 ], [ -99.525967295113219, 19.292847862449726 ], [ -99.525428305942754, 19.292847862449726 ], [ -99.525428305942754, 19.293117357034962 ] ] ] ] } },
{ "type": "Feature", "properties": { "ZONA_MET": "Toluca", "INTENSIDAD": "Intensa", "T_PROM_POL": 4.0, "T_MIN_CIUD": 1.0, "DIF_TERMIC": 2.0 }, "geometry": { "type": "MultiPolygon", "coordinates": [ [ [ [ -99.558845634511997, 19.292578367864493 ], [ -99.557498161585812, 19.292578367864493 ], [ -99.557498161585812, 19.291769884108785 ], [ -99.557228667000587, 19.291769884108785 ], [ -99.557228667000587, 19.292039378694021 ], [ -99.556420183244867, 19.292039378694021 ], [ -99.556420183244867, 19.291500389523549 ], [ -99.556689677830107, 19.291500389523549 ], [ -99.556689677830107, 19.291769884108785 ], [ -99.556959172415347, 19.291769884108785 ], [ -99.556959172415347, 19.291500389523549 ], [ -99.557228667000587, 19.291500389523549 ], [ -99.557228667000587, 19.291230894938312 ], [ -99.557767656171052, 19.291230894938312 ], [ -99.557767656171052, 19.291769884108785 ], [ -99.558037150756292, 19.291769884108785 ], [ -99.558037150756292, 19.292039378694021 ], [ -99.558306645341531, 19.292039378694021 ], [ -99.558306645341531, 19.291769884108785 ], [ -99.558845634511997, 19.291769884108785 ], [ -99.558845634511997, 19.292039378694021 ], [ -99.559115129097236, 19.292039378694021 ], [ -99.559115129097236, 19.292308873279257 ], [ -99.558845634511997, 19.292308873279257 ], [ -99.558845634511997, 19.292578367864493 ] ] ] ] } },
{ "type": "Feature", "properties": { "ZONA_MET": "Toluca", "INTENSIDAD": "Intensa", "T_PROM_POL": 4.0, "T_MIN_CIUD": 1.0, "DIF_TERMIC": 2.0 }, "geometry": { "type": "MultiPolygon", "coordinates": [ [ [ [ -99.778483721479219, 19.292308873279257 ], [ -99.778214226893979, 19.292308873279257 ], [ -99.778214226893979, 19.292039378694021 ], [ -99.777675237723514, 19.292039378694021 ], [ -99.777675237723514, 19.291769884108785 ], [ -99.777405743138274, 19.291769884108785 ], [ -99.777405743138274, 19.291230894938312 ], [ -99.777675237723514, 19.291230894938312 ], [ -99.777675237723514, 19.291500389523549 ], [ -99.77794473230874, 19.291500389523549 ], [ -99.77794473230874, 19.291230894938312 ], [ -99.778753216064445, 19.291230894938312 ], [ -99.778753216064445, 19.291769884108785 ], [ -99.778483721479219, 19.291769884108785 ], [ -99.778483721479219, 19.292308873279257 ] ] ] ] } },
{ "type": "Feature", "properties": { "ZONA_MET": "Toluca", "INTENSIDAD": "Intensa", "T_PROM_POL": 4.0, "T_MIN_CIUD": 1.0, "DIF_TERMIC": 2.0 }, "geometry": { "type": "MultiPolygon", "coordinates": [ [ [ [ -99.552108269881103, 19.292847862449726 ], [ -99.551299786125398, 19.292847862449726 ], [ -99.551299786125398, 19.292578367864493 ], [ -99.550760796954918, 19.292578367864493 ], [ -99.550760796954918, 19.292308873279257 ], [ -99.550491302369679, 19.292308873279257 ], [ -99.550491302369679, 19.292578367864493 ], [ -99.550221807784453, 19.292578367864493 ], [ -99.550221807784453, 19.292847862449726 ], [ -99.549952313199213, 19.292847862449726 ], [ -99.549952313199213, 19.292308873279257 ], [ -99.550221807784453, 19.292308873279257 ], [ -99.550221807784453, 19.292039378694021 ], [ -99.550491302369679, 19.292039378694021 ], [ -99.550491302369679, 19.291769884108785 ], [ -99.550760796954918, 19.291769884108785 ], [ -99.550760796954918, 19.291500389523549 ], [ -99.551030291540158, 19.291500389523549 ], [ -99.551030291540158, 19.291230894938312 ], [ -99.551569280710623, 19.291230894938312 ], [ -99.551569280710623, 19.291500389523549 ], [ -99.551299786125398, 19.291500389523549 ], [ -99.551299786125398, 19.292039378694021 ], [ -99.551569280710623, 19.292039378694021 ], [ -99.551569280710623, 19.292578367864493 ], [ -99.552108269881103, 19.292578367864493 ], [ -99.552108269881103, 19.292847862449726 ] ] ] ] } },
{ "type": "Feature", "properties": { "ZONA_MET": "Toluca", "INTENSIDAD": "Intensa", "T_PROM_POL": 4.0, "T_MIN_CIUD": 1.0, "DIF_TERMIC": 2.0 }, "geometry": { "type": "MultiPolygon", "coordinates": [ [ [ [ -99.530279208476998, 19.309017537563879 ], [ -99.530009713891758, 19.309017537563879 ], [ -99.530009713891758, 19.307131075467229 ], [ -99.529740219306518, 19.307131075467229 ], [ -99.529740219306518, 19.306592086296757 ], [ -99.529201230136053, 19.306592086296757 ], [ -99.529201230136053, 19.306861580881993 ], [ -99.528931735550813, 19.306861580881993 ], [ -99.528931735550813, 19.30632259171152 ], [ -99.529470724721293, 19.30632259171152 ], [ -99.529470724721293, 19.306053097126284 ], [ -99.528931735550813, 19.306053097126284 ], [ -99.528931735550813, 19.305244613370576 ], [ -99.528392746380348, 19.305244613370576 ], [ -99.528392746380348, 19.30497511878534 ], [ -99.527853757209868, 19.30497511878534 ], [ -99.527853757209868, 19.304166635029635 ], [ -99.527584262624643, 19.304166635029635 ], [ -99.527584262624643, 19.303897140444398 ], [ -99.526775778868924, 19.303897140444398 ], [ -99.526775778868924, 19.30308865668869 ], [ -99.526506284283698, 19.30308865668869 ], [ -99.526506284283698, 19.302280172932981 ], [ -99.527045273454164, 19.302280172932981 ], [ -99.527045273454164, 19.301741183762513 ], [ -99.527584262624643, 19.301741183762513 ], [ -99.527584262624643, 19.301471689177276 ], [ -99.527853757209868, 19.301471689177276 ], [ -99.527853757209868, 19.30120219459204 ], [ -99.528123251795108, 19.30120219459204 ], [ -99.528123251795108, 19.300932700006804 ], [ -99.528392746380348, 19.300932700006804 ], [ -99.528392746380348, 19.30120219459204 ], [ -99.528662240965588, 19.30120219459204 ], [ -99.528662240965588, 19.301741183762513 ], [ -99.528931735550813, 19.301741183762513 ], [ -99.528931735550813, 19.301471689177276 ], [ -99.529201230136053, 19.301471689177276 ], [ -99.529201230136053, 19.300932700006804 ], [ -99.529470724721293, 19.300932700006804 ], [ -99.529470724721293, 19.30120219459204 ], [ -99.530009713891758, 19.30120219459204 ], [ -99.530009713891758, 19.301741183762513 ], [ -99.529470724721293, 19.301741183762513 ], [ -99.529470724721293, 19.302280172932981 ], [ -99.529201230136053, 19.302280172932981 ], [ -99.529201230136053, 19.302549667518218 ], [ -99.528662240965588, 19.302549667518218 ], [ -99.528662240965588, 19.303358151273926 ], [ -99.528931735550813, 19.303358151273926 ], [ -99.528931735550813, 19.30497511878534 ], [ -99.529470724721293, 19.30497511878534 ], [ -99.529470724721293, 19.304705624200107 ], [ -99.529740219306518, 19.304705624200107 ], [ -99.529740219306518, 19.304166635029635 ], [ -99.530009713891758, 19.304166635029635 ], [ -99.530009713891758, 19.303897140444398 ], [ -99.530279208476998, 19.303897140444398 ], [ -99.530279208476998, 19.303627645859162 ], [ -99.530548703062237, 19.303627645859162 ], [ -99.530548703062237, 19.30308865668869 ], [ -99.531357186817942, 19.30308865668869 ], [ -99.531357186817942, 19.302549667518218 ], [ -99.531087692232703, 19.302549667518218 ], [ -99.531087692232703, 19.301741183762513 ], [ -99.530818197647463, 19.301741183762513 ], [ -99.530818197647463, 19.300932700006804 ], [ -99.531626681403182, 19.300932700006804 ], [ -99.531626681403182, 19.300663205421568 ], [ -99.532704659744113, 19.300663205421568 ], [ -99.532704659744113, 19.300932700006804 ], [ -99.532974154329352, 19.300932700006804 ], [ -99.532974154329352, 19.301471689177276 ], [ -99.533513143499832, 19.301471689177276 ], [ -99.533513143499832, 19.301741183762513 ], [ -99.534052132670297, 19.301741183762513 ], [ -99.534052132670297, 19.300932700006804 ], [ -99.534321627255537, 19.300932700006804 ], [ -99.534321627255537, 19.300663205421568 ], [ -99.534052132670297, 19.300663205421568 ], [ -99.534052132670297, 19.300393710836332 ], [ -99.533513143499832, 19.300393710836332 ], [ -99.533513143499832, 19.299854721665859 ], [ -99.532974154329352, 19.299854721665859 ], [ -99.532974154329352, 19.299046237910151 ], [ -99.533513143499832, 19.299046237910151 ], [ -99.533513143499832, 19.298507248739682 ], [ -99.532974154329352, 19.298507248739682 ], [ -99.532974154329352, 19.298776743324918 ], [ -99.532704659744113, 19.298776743324918 ], [ -99.532704659744113, 19.299046237910151 ], [ -99.532435165158887, 19.299046237910151 ], [ -99.532435165158887, 19.299315732495387 ], [ -99.531896175988408, 19.299315732495387 ], [ -99.531896175988408, 19.299585227080623 ], [ -99.531626681403182, 19.299585227080623 ], [ -99.531626681403182, 19.299854721665859 ], [ -99.531357186817942, 19.299854721665859 ], [ -99.531357186817942, 19.299585227080623 ], [ -99.530548703062237, 19.299585227080623 ], [ -99.530548703062237, 19.299315732495387 ], [ -99.530279208476998, 19.299315732495387 ], [ -99.530279208476998, 19.298776743324918 ], [ -99.530009713891758, 19.298776743324918 ], [ -99.530009713891758, 19.298237754154446 ], [ -99.529470724721293, 19.298237754154446 ], [ -99.529470724721293, 19.298507248739682 ], [ -99.528392746380348, 19.298507248739682 ], [ -99.528392746380348, 19.298237754154446 ], [ -99.528123251795108, 19.298237754154446 ], [ -99.528123251795108, 19.297159775813501 ], [ -99.528392746380348, 19.297159775813501 ], [ -99.528392746380348, 19.296890281228265 ], [ -99.528662240965588, 19.296890281228265 ], [ -99.528662240965588, 19.296620786643029 ], [ -99.528931735550813, 19.296620786643029 ], [ -99.528931735550813, 19.296351292057793 ], [ -99.529201230136053, 19.296351292057793 ], [ -99.529201230136053, 19.296081797472556 ], [ -99.529740219306518, 19.296081797472556 ], [ -99.529740219306518, 19.295542808302088 ], [ -99.530009713891758, 19.295542808302088 ], [ -99.530009713891758, 19.295003819131615 ], [ -99.529740219306518, 19.295003819131615 ], [ -99.529740219306518, 19.294464829961143 ], [ -99.529470724721293, 19.294464829961143 ], [ -99.529470724721293, 19.293925840790671 ], [ -99.528931735550813, 19.293925840790671 ], [ -99.528931735550813, 19.293117357034962 ], [ -99.529740219306518, 19.293117357034962 ], [ -99.529740219306518, 19.292847862449726 ], [ -99.528931735550813, 19.292847862449726 ], [ -99.528931735550813, 19.292039378694021 ], [ -99.529740219306518, 19.292039378694021 ], [ -99.529740219306518, 19.291500389523549 ], [ -99.530009713891758, 19.291500389523549 ], [ -99.530009713891758, 19.290961400353076 ], [ -99.530279208476998, 19.290961400353076 ], [ -99.530279208476998, 19.291769884108785 ], [ -99.530548703062237, 19.291769884108785 ], [ -99.530548703062237, 19.291230894938312 ], [ -99.531087692232703, 19.291230894938312 ], [ -99.531087692232703, 19.292039378694021 ], [ -99.531626681403182, 19.292039378694021 ], [ -99.531626681403182, 19.292308873279257 ], [ -99.531896175988408, 19.292308873279257 ], [ -99.531896175988408, 19.292578367864493 ], [ -99.531626681403182, 19.292578367864493 ], [ -99.531626681403182, 19.292847862449726 ], [ -99.531357186817942, 19.292847862449726 ], [ -99.531357186817942, 19.292308873279257 ], [ -99.531087692232703, 19.292308873279257 ], [ -99.531087692232703, 19.292578367864493 ], [ -99.530548703062237, 19.292578367864493 ], [ -99.530548703062237, 19.293117357034962 ], [ -99.530009713891758, 19.293117357034962 ], [ -99.530009713891758, 19.293925840790671 ], [ -99.530279208476998, 19.293925840790671 ], [ -99.530279208476998, 19.294734324546379 ], [ -99.530548703062237, 19.294734324546379 ], [ -99.530548703062237, 19.295003819131615 ], [ -99.531087692232703, 19.295003819131615 ], [ -99.531087692232703, 19.295542808302088 ], [ -99.531357186817942, 19.295542808302088 ], [ -99.531357186817942, 19.296081797472556 ], [ -99.530279208476998, 19.296081797472556 ], [ -99.530279208476998, 19.297159775813501 ], [ -99.530009713891758, 19.297159775813501 ], [ -99.530009713891758, 19.296620786643029 ], [ -99.529740219306518, 19.296620786643029 ], [ -99.529740219306518, 19.296890281228265 ], [ -99.529470724721293, 19.296890281228265 ], [ -99.529470724721293, 19.297159775813501 ], [ -99.528931735550813, 19.297159775813501 ], [ -99.528931735550813, 19.297698764983974 ], [ -99.528662240965588, 19.297698764983974 ], [ -99.528662240965588, 19.29796825956921 ], [ -99.530279208476998, 19.29796825956921 ], [ -99.530279208476998, 19.298507248739682 ], [ -99.530548703062237, 19.298507248739682 ], [ -99.530548703062237, 19.298776743324918 ], [ -99.530818197647463, 19.298776743324918 ], [ -99.530818197647463, 19.299315732495387 ], [ -99.531626681403182, 19.299315732495387 ], [ -99.531626681403182, 19.299046237910151 ], [ -99.531896175988408, 19.299046237910151 ], [ -99.531896175988408, 19.298507248739682 ], [ -99.531626681403182, 19.298507248739682 ], [ -99.531626681403182, 19.298237754154446 ], [ -99.532435165158887, 19.298237754154446 ], [ -99.532435165158887, 19.29796825956921 ], [ -99.533243648914592, 19.29796825956921 ], [ -99.533243648914592, 19.297698764983974 ], [ -99.534052132670297, 19.297698764983974 ], [ -99.534052132670297, 19.29796825956921 ], [ -99.534321627255537, 19.29796825956921 ], [ -99.534321627255537, 19.298507248739682 ], [ -99.534591121840776, 19.298507248739682 ], [ -99.534591121840776, 19.298776743324918 ], [ -99.534860616426002, 19.298776743324918 ], [ -99.534860616426002, 19.299585227080623 ], [ -99.534591121840776, 19.299585227080623 ], [ -99.534591121840776, 19.300124216251096 ], [ -99.534860616426002, 19.300124216251096 ], [ -99.534860616426002, 19.299854721665859 ], [ -99.535669100181707, 19.299854721665859 ], [ -99.535669100181707, 19.300663205421568 ], [ -99.535938594766947, 19.300663205421568 ], [ -99.535938594766947, 19.300393710836332 ], [ -99.536208089352186, 19.300393710836332 ], [ -99.536208089352186, 19.300932700006804 ], [ -99.535938594766947, 19.300932700006804 ], [ -99.535938594766947, 19.301471689177276 ], [ -99.536477583937426, 19.301471689177276 ], [ -99.536477583937426, 19.302010678347745 ], [ -99.536208089352186, 19.302010678347745 ], [ -99.536208089352186, 19.302280172932981 ], [ -99.535938594766947, 19.302280172932981 ], [ -99.535938594766947, 19.302549667518218 ], [ -99.535669100181707, 19.302549667518218 ], [ -99.535669100181707, 19.303358151273926 ], [ -99.535938594766947, 19.303358151273926 ], [ -99.535938594766947, 19.303627645859162 ], [ -99.536208089352186, 19.303627645859162 ], [ -99.536208089352186, 19.30497511878534 ], [ -99.535669100181707, 19.30497511878534 ], [ -99.535669100181707, 19.305244613370576 ], [ -99.535399605596481, 19.305244613370576 ], [ -99.535399605596481, 19.305514107955812 ], [ -99.535130111011242, 19.305514107955812 ], [ -99.535130111011242, 19.305783602541048 ], [ -99.534591121840776, 19.305783602541048 ], [ -99.534591121840776, 19.306053097126284 ], [ -99.534321627255537, 19.306053097126284 ], [ -99.534321627255537, 19.30632259171152 ], [ -99.534052132670297, 19.30632259171152 ], [ -99.534052132670297, 19.306592086296757 ], [ -99.533782638085057, 19.306592086296757 ], [ -99.533782638085057, 19.306861580881993 ], [ -99.532704659744113, 19.306861580881993 ], [ -99.532704659744113, 19.306592086296757 ], [ -99.532435165158887, 19.306592086296757 ], [ -99.532435165158887, 19.306861580881993 ], [ -99.532165670573647, 19.306861580881993 ], [ -99.532165670573647, 19.307400570052465 ], [ -99.531357186817942, 19.307400570052465 ], [ -99.531357186817942, 19.307670064637701 ], [ -99.531087692232703, 19.307670064637701 ], [ -99.531087692232703, 19.307939559222934 ], [ -99.530279208476998, 19.307939559222934 ], [ -99.530279208476998, 19.309017537563879 ] ], [ [ -99.531087692232703, 19.307131075467229 ], [ -99.531087692232703, 19.306861580881993 ], [ -99.531626681403182, 19.306861580881993 ], [ -99.531626681403182, 19.306592086296757 ], [ -99.532165670573647, 19.306592086296757 ], [ -99.532165670573647, 19.30632259171152 ], [ -99.532704659744113, 19.30632259171152 ], [ -99.532704659744113, 19.306053097126284 ], [ -99.532974154329352, 19.306053097126284 ], [ -99.532974154329352, 19.305783602541048 ], [ -99.533782638085057, 19.305783602541048 ], [ -99.533782638085057, 19.305514107955812 ], [ -99.534321627255537, 19.305514107955812 ], [ -99.534321627255537, 19.305244613370576 ], [ -99.534591121840776, 19.305244613370576 ], [ -99.534591121840776, 19.30497511878534 ], [ -99.535130111011242, 19.30497511878534 ], [ -99.535130111011242, 19.304705624200107 ], [ -99.535399605596481, 19.304705624200107 ], [ -99.535399605596481, 19.304166635029635 ], [ -99.535130111011242, 19.304166635029635 ], [ -99.535130111011242, 19.303358151273926 ], [ -99.534860616426002, 19.303358151273926 ], [ -99.534860616426002, 19.302010678347745 ], [ -99.534052132670297, 19.302010678347745 ], [ -99.534052132670297, 19.302280172932981 ], [ -99.533782638085057, 19.302280172932981 ], [ -99.533782638085057, 19.302010678347745 ], [ -99.532974154329352, 19.302010678347745 ], [ -99.532974154329352, 19.301741183762513 ], [ -99.532435165158887, 19.301741183762513 ], [ -99.532435165158887, 19.302549667518218 ], [ -99.532165670573647, 19.302549667518218 ], [ -99.532165670573647, 19.303627645859162 ], [ -99.531357186817942, 19.303627645859162 ], [ -99.531357186817942, 19.303897140444398 ], [ -99.530818197647463, 19.303897140444398 ], [ -99.530818197647463, 19.304166635029635 ], [ -99.530279208476998, 19.304166635029635 ], [ -99.530279208476998, 19.304705624200107 ], [ -99.530009713891758, 19.304705624200107 ], [ -99.530009713891758, 19.30497511878534 ], [ -99.529740219306518, 19.30497511878534 ], [ -99.529740219306518, 19.305244613370576 ], [ -99.530009713891758, 19.305244613370576 ], [ -99.530009713891758, 19.305514107955812 ], [ -99.530279208476998, 19.305514107955812 ], [ -99.530279208476998, 19.30632259171152 ], [ -99.530009713891758, 19.30632259171152 ], [ -99.530009713891758, 19.306592086296757 ], [ -99.530548703062237, 19.306592086296757 ], [ -99.530548703062237, 19.307131075467229 ], [ -99.531087692232703, 19.307131075467229 ] ], [ [ -99.528392746380348, 19.302549667518218 ], [ -99.528392746380348, 19.301741183762513 ], [ -99.528123251795108, 19.301741183762513 ], [ -99.528123251795108, 19.302549667518218 ], [ -99.528392746380348, 19.302549667518218 ] ], [ [ -99.532435165158887, 19.301741183762513 ], [ -99.532435165158887, 19.300932700006804 ], [ -99.531896175988408, 19.300932700006804 ], [ -99.531896175988408, 19.301741183762513 ], [ -99.532435165158887, 19.301741183762513 ] ], [ [ -99.534591121840776, 19.299315732495387 ], [ -99.534591121840776, 19.299046237910151 ], [ -99.534321627255537, 19.299046237910151 ], [ -99.534321627255537, 19.298776743324918 ], [ -99.534052132670297, 19.298776743324918 ], [ -99.534052132670297, 19.299046237910151 ], [ -99.533782638085057, 19.299046237910151 ], [ -99.533782638085057, 19.299315732495387 ], [ -99.534591121840776, 19.299315732495387 ] ], [ [ -99.528662240965588, 19.297429270398737 ], [ -99.528662240965588, 19.297159775813501 ], [ -99.528392746380348, 19.297159775813501 ], [ -99.528392746380348, 19.297429270398737 ], [ -99.528662240965588, 19.297429270398737 ] ] ] ] } },
{ "type": "Feature", "properties": { "ZONA_MET": "Toluca", "INTENSIDAD": "Extrema", "T_PROM_POL": 4.0, "T_MIN_CIUD": 1.0, "DIF_TERMIC": 2.0 }, "geometry": { "type": "MultiPolygon", "coordinates": [ [ [ [ -99.617864948678644, 19.292308873279257 ], [ -99.616517475752474, 19.292308873279257 ], [ -99.616517475752474, 19.292039378694021 ], [ -99.616247981167234, 19.292039378694021 ], [ -99.616247981167234, 19.290961400353076 ], [ -99.617056464922939, 19.290961400353076 ], [ -99.617056464922939, 19.291230894938312 ], [ -99.617325959508179, 19.291230894938312 ], [ -99.617325959508179, 19.291500389523549 ], [ -99.618134443263884, 19.291500389523549 ], [ -99.618134443263884, 19.292039378694021 ], [ -99.617864948678644, 19.292039378694021 ], [ -99.617864948678644, 19.292308873279257 ] ] ] ] } },
{ "type": "Feature", "properties": { "ZONA_MET": "Toluca", "INTENSIDAD": "Extrema", "T_PROM_POL": 4.0, "T_MIN_CIUD": 1.0, "DIF_TERMIC": 2.0 }, "geometry": { "type": "MultiPolygon", "coordinates": [ [ [ [ -99.54105899188643, 19.293925840790671 ], [ -99.540789497301191, 19.293925840790671 ], [ -99.540789497301191, 19.293656346205434 ], [ -99.540520002715965, 19.293656346205434 ], [ -99.540520002715965, 19.292847862449726 ], [ -99.540250508130725, 19.292847862449726 ], [ -99.540250508130725, 19.292578367864493 ], [ -99.53944202437502, 19.292578367864493 ], [ -99.53944202437502, 19.292308873279257 ], [ -99.539172529789781, 19.292308873279257 ], [ -99.539172529789781, 19.292578367864493 ], [ -99.538364046034076, 19.292578367864493 ], [ -99.538364046034076, 19.292308873279257 ], [ -99.537555562278371, 19.292308873279257 ], [ -99.537555562278371, 19.292039378694021 ], [ -99.537016573107891, 19.292039378694021 ], [ -99.537016573107891, 19.291500389523549 ], [ -99.536747078522652, 19.291500389523549 ], [ -99.536747078522652, 19.291230894938312 ], [ -99.538633540619301, 19.291230894938312 ], [ -99.538633540619301, 19.290961400353076 ], [ -99.540520002715965, 19.290961400353076 ], [ -99.540520002715965, 19.291230894938312 ], [ -99.542406464812615, 19.291230894938312 ], [ -99.542406464812615, 19.291500389523549 ], [ -99.54267595939784, 19.291500389523549 ], [ -99.54267595939784, 19.291769884108785 ], [ -99.542406464812615, 19.291769884108785 ], [ -99.542406464812615, 19.292039378694021 ], [ -99.541867475642135, 19.292039378694021 ], [ -99.541867475642135, 19.292308873279257 ], [ -99.541597981056896, 19.292308873279257 ], [ -99.541597981056896, 19.292847862449726 ], [ -99.54132848647167, 19.292847862449726 ], [ -99.54132848647167, 19.293386851620198 ], [ -99.54105899188643, 19.293386851620198 ], [ -99.54105899188643, 19.293925840790671 ] ] ] ] } },
{ "type": "Feature", "properties": { "ZONA_MET": "Toluca", "INTENSIDAD": "Intensa", "T_PROM_POL": 4.0, "T_MIN_CIUD": 1.0, "DIF_TERMIC": 2.0 }, "geometry": { "type": "MultiPolygon", "coordinates": [ [ [ [ -99.570433901677134, 19.292308873279257 ], [ -99.56935592333619, 19.292308873279257 ], [ -99.56935592333619, 19.292039378694021 ], [ -99.569625417921429, 19.292039378694021 ], [ -99.569625417921429, 19.290961400353076 ], [ -99.569894912506669, 19.290961400353076 ], [ -99.569894912506669, 19.290422411182604 ], [ -99.570164407091909, 19.290422411182604 ], [ -99.570164407091909, 19.29069190576784 ], [ -99.570703396262374, 19.29069190576784 ], [ -99.570703396262374, 19.290961400353076 ], [ -99.572050869188558, 19.290961400353076 ], [ -99.572050869188558, 19.291500389523549 ], [ -99.571781374603319, 19.291500389523549 ], [ -99.571781374603319, 19.291769884108785 ], [ -99.571511880018079, 19.291769884108785 ], [ -99.571511880018079, 19.291230894938312 ], [ -99.571242385432839, 19.291230894938312 ], [ -99.571242385432839, 19.291500389523549 ], [ -99.570703396262374, 19.291500389523549 ], [ -99.570703396262374, 19.291769884108785 ], [ -99.570433901677134, 19.291769884108785 ], [ -99.570433901677134, 19.292308873279257 ] ], [ [ -99.570433901677134, 19.291769884108785 ], [ -99.570433901677134, 19.290961400353076 ], [ -99.570164407091909, 19.290961400353076 ], [ -99.570164407091909, 19.291769884108785 ], [ -99.570433901677134, 19.291769884108785 ] ] ] ] } },
{ "type": "Feature", "properties": { "ZONA_MET": "Toluca", "INTENSIDAD": "Extrema", "T_PROM_POL": 4.0, "T_MIN_CIUD": 1.0, "DIF_TERMIC": 2.0 }, "geometry": { "type": "MultiPolygon", "coordinates": [ [ [ [ -99.557767656171052, 19.291230894938312 ], [ -99.557228667000587, 19.291230894938312 ], [ -99.557228667000587, 19.29069190576784 ], [ -99.556959172415347, 19.29069190576784 ], [ -99.556959172415347, 19.291230894938312 ], [ -99.556420183244867, 19.291230894938312 ], [ -99.556420183244867, 19.290961400353076 ], [ -99.556150688659642, 19.290961400353076 ], [ -99.556150688659642, 19.291230894938312 ], [ -99.555881194074402, 19.291230894938312 ], [ -99.555881194074402, 19.290152916597368 ], [ -99.557228667000587, 19.290152916597368 ], [ -99.557228667000587, 19.290422411182604 ], [ -99.558037150756292, 19.290422411182604 ], [ -99.558037150756292, 19.29069190576784 ], [ -99.557767656171052, 19.29069190576784 ], [ -99.557767656171052, 19.291230894938312 ] ] ] ] } },
{ "type": "Feature", "properties": { "ZONA_MET": "Toluca", "INTENSIDAD": "Intensa", "T_PROM_POL": 4.0, "T_MIN_CIUD": 1.0, "DIF_TERMIC": 2.0 }, "geometry": { "type": "MultiPolygon", "coordinates": [ [ [ [ -99.527314768039403, 19.292308873279257 ], [ -99.526775778868924, 19.292308873279257 ], [ -99.526775778868924, 19.292039378694021 ], [ -99.526506284283698, 19.292039378694021 ], [ -99.526506284283698, 19.291769884108785 ], [ -99.526236789698459, 19.291769884108785 ], [ -99.526236789698459, 19.290961400353076 ], [ -99.526775778868924, 19.290961400353076 ], [ -99.526775778868924, 19.29069190576784 ], [ -99.527314768039403, 19.29069190576784 ], [ -99.527314768039403, 19.290422411182604 ], [ -99.527584262624643, 19.290422411182604 ], [ -99.527584262624643, 19.290152916597368 ], [ -99.529201230136053, 19.290152916597368 ], [ -99.529201230136053, 19.290422411182604 ], [ -99.528931735550813, 19.290422411182604 ], [ -99.528931735550813, 19.290961400353076 ], [ -99.528392746380348, 19.290961400353076 ], [ -99.528392746380348, 19.291230894938312 ], [ -99.528123251795108, 19.291230894938312 ], [ -99.528123251795108, 19.292039378694021 ], [ -99.527314768039403, 19.292039378694021 ], [ -99.527314768039403, 19.292308873279257 ] ] ] ] } },
{ "type": "Feature", "properties": { "ZONA_MET": "Toluca", "INTENSIDAD": "Intensa", "T_PROM_POL": 4.0, "T_MIN_CIUD": 1.0, "DIF_TERMIC": 2.0 }, "geometry": { "type": "MultiPolygon", "coordinates": [ [ [ [ -99.56773895582478, 19.291500389523549 ], [ -99.56746946123954, 19.291500389523549 ], [ -99.56746946123954, 19.290961400353076 ], [ -99.567199966654314, 19.290961400353076 ], [ -99.567199966654314, 19.291230894938312 ], [ -99.566660977483835, 19.291230894938312 ], [ -99.566660977483835, 19.290422411182604 ], [ -99.566930472069075, 19.290422411182604 ], [ -99.566930472069075, 19.290152916597368 ], [ -99.567199966654314, 19.290152916597368 ], [ -99.567199966654314, 19.289883422012132 ], [ -99.56746946123954, 19.289883422012132 ], [ -99.56746946123954, 19.290422411182604 ], [ -99.56773895582478, 19.290422411182604 ], [ -99.56773895582478, 19.290152916597368 ], [ -99.568008450410019, 19.290152916597368 ], [ -99.568008450410019, 19.291230894938312 ], [ -99.56773895582478, 19.291230894938312 ], [ -99.56773895582478, 19.291500389523549 ] ] ] ] } },
{ "type": "Feature", "properties": { "ZONA_MET": "Toluca", "INTENSIDAD": "Intensa", "T_PROM_POL": 4.0, "T_MIN_CIUD": 1.0, "DIF_TERMIC": 2.0 }, "geometry": { "type": "MultiPolygon", "coordinates": [ [ [ [ -99.655863685196906, 19.292847862449726 ], [ -99.655055201441201, 19.292847862449726 ], [ -99.655055201441201, 19.292578367864493 ], [ -99.654785706855961, 19.292578367864493 ], [ -99.654785706855961, 19.292308873279257 ], [ -99.655055201441201, 19.292308873279257 ], [ -99.655055201441201, 19.292039378694021 ], [ -99.654785706855961, 19.292039378694021 ], [ -99.654785706855961, 19.291769884108785 ], [ -99.655055201441201, 19.291769884108785 ], [ -99.655055201441201, 19.290422411182604 ], [ -99.655324696026426, 19.290422411182604 ], [ -99.655324696026426, 19.290152916597368 ], [ -99.655594190611666, 19.290152916597368 ], [ -99.655594190611666, 19.289883422012132 ], [ -99.65694166353785, 19.289883422012132 ], [ -99.65694166353785, 19.290961400353076 ], [ -99.656402674367371, 19.290961400353076 ], [ -99.656402674367371, 19.291230894938312 ], [ -99.656133179782145, 19.291230894938312 ], [ -99.656133179782145, 19.291500389523549 ], [ -99.655863685196906, 19.291500389523549 ], [ -99.655863685196906, 19.292847862449726 ] ] ] ] } },
{ "type": "Feature", "properties": { "ZONA_MET": "Toluca", "INTENSIDAD": "Extrema", "T_PROM_POL": 4.0, "T_MIN_CIUD": 1.0, "DIF_TERMIC": 2.0 }, "geometry": { "type": "MultiPolygon", "coordinates": [ [ [ [ -99.552916753636808, 19.292308873279257 ], [ -99.552377764466343, 19.292308873279257 ], [ -99.552377764466343, 19.292039378694021 ], [ -99.552108269881103, 19.292039378694021 ], [ -99.552108269881103, 19.292308873279257 ], [ -99.551569280710623, 19.292308873279257 ], [ -99.551569280710623, 19.292039378694021 ], [ -99.551299786125398, 19.292039378694021 ], [ -99.551299786125398, 19.291500389523549 ], [ -99.551569280710623, 19.291500389523549 ], [ -99.551569280710623, 19.291230894938312 ], [ -99.552916753636808, 19.291230894938312 ], [ -99.552916753636808, 19.290961400353076 ], [ -99.553186248222048, 19.290961400353076 ], [ -99.553186248222048, 19.289883422012132 ], [ -99.553455742807273, 19.289883422012132 ], [ -99.553455742807273, 19.289613927426899 ], [ -99.553994731977753, 19.289613927426899 ], [ -99.553994731977753, 19.289883422012132 ], [ -99.554264226562992, 19.289883422012132 ], [ -99.554264226562992, 19.290422411182604 ], [ -99.554533721148218, 19.290422411182604 ], [ -99.554533721148218, 19.291769884108785 ], [ -99.554264226562992, 19.291769884108785 ], [ -99.554264226562992, 19.292039378694021 ], [ -99.553186248222048, 19.292039378694021 ], [ -99.553186248222048, 19.291769884108785 ], [ -99.552647259051568, 19.291769884108785 ], [ -99.552647259051568, 19.292039378694021 ], [ -99.552916753636808, 19.292039378694021 ], [ -99.552916753636808, 19.292308873279257 ] ] ] ] } },
{ "type": "Feature", "properties": { "ZONA_MET": "Toluca", "INTENSIDAD": "Extrema", "T_PROM_POL": 4.0, "T_MIN_CIUD": 1.0, "DIF_TERMIC": 2.0 }, "geometry": { "type": "MultiPolygon", "coordinates": [ [ [ [ -99.635112602133745, 19.291500389523549 ], [ -99.634573612963266, 19.291500389523549 ], [ -99.634573612963266, 19.29069190576784 ], [ -99.63430411837804, 19.29069190576784 ], [ -99.63430411837804, 19.289883422012132 ], [ -99.634843107548505, 19.289883422012132 ], [ -99.634843107548505, 19.289613927426899 ], [ -99.635112602133745, 19.289613927426899 ], [ -99.635112602133745, 19.289883422012132 ], [ -99.635382096718985, 19.289883422012132 ], [ -99.635382096718985, 19.29069190576784 ], [ -99.634843107548505, 19.29069190576784 ], [ -99.634843107548505, 19.291230894938312 ], [ -99.635112602133745, 19.291230894938312 ], [ -99.635112602133745, 19.291500389523549 ] ], [ [ -99.635112602133745, 19.290422411182604 ], [ -99.635112602133745, 19.290152916597368 ], [ -99.634843107548505, 19.290152916597368 ], [ -99.634843107548505, 19.290422411182604 ], [ -99.635112602133745, 19.290422411182604 ] ] ] ] } },
{ "type": "Feature", "properties": { "ZONA_MET": "Toluca", "INTENSIDAD": "Intensa", "T_PROM_POL": 4.0, "T_MIN_CIUD": 1.0, "DIF_TERMIC": 2.0 }, "geometry": { "type": "MultiPolygon", "coordinates": [ [ [ [ -99.537016573107891, 19.292039378694021 ], [ -99.536747078522652, 19.292039378694021 ], [ -99.536747078522652, 19.291769884108785 ], [ -99.536477583937426, 19.291769884108785 ], [ -99.536477583937426, 19.290961400353076 ], [ -99.536208089352186, 19.290961400353076 ], [ -99.536208089352186, 19.290422411182604 ], [ -99.535669100181707, 19.290422411182604 ], [ -99.535669100181707, 19.290152916597368 ], [ -99.535399605596481, 19.290152916597368 ], [ -99.535399605596481, 19.289883422012132 ], [ -99.535130111011242, 19.289883422012132 ], [ -99.535130111011242, 19.289613927426899 ], [ -99.535938594766947, 19.289613927426899 ], [ -99.535938594766947, 19.289344432841663 ], [ -99.536208089352186, 19.289344432841663 ], [ -99.536208089352186, 19.289613927426899 ], [ -99.536477583937426, 19.289613927426899 ], [ -99.536477583937426, 19.290152916597368 ], [ -99.537016573107891, 19.290152916597368 ], [ -99.537016573107891, 19.290422411182604 ], [ -99.537825056863596, 19.290422411182604 ], [ -99.537825056863596, 19.29069190576784 ], [ -99.539981013545486, 19.29069190576784 ], [ -99.539981013545486, 19.290422411182604 ], [ -99.540250508130725, 19.290422411182604 ], [ -99.540250508130725, 19.29069190576784 ], [ -99.54105899188643, 19.29069190576784 ], [ -99.54105899188643, 19.290961400353076 ], [ -99.542406464812615, 19.290961400353076 ], [ -99.542406464812615, 19.291230894938312 ], [ -99.540520002715965, 19.291230894938312 ], [ -99.540520002715965, 19.290961400353076 ], [ -99.538633540619301, 19.290961400353076 ], [ -99.538633540619301, 19.291230894938312 ], [ -99.536747078522652, 19.291230894938312 ], [ -99.536747078522652, 19.291500389523549 ], [ -99.537016573107891, 19.291500389523549 ], [ -99.537016573107891, 19.292039378694021 ] ] ] ] } },
{ "type": "Feature", "properties": { "ZONA_MET": "Toluca", "INTENSIDAD": "Intensa", "T_PROM_POL": 3.0, "T_MIN_CIUD": 1.0, "DIF_TERMIC": 2.0 }, "geometry": { "type": "MultiPolygon", "coordinates": [ [ [ [ -99.639155020912284, 19.292308873279257 ], [ -99.638885526327044, 19.292308873279257 ], [ -99.638885526327044, 19.292039378694021 ], [ -99.638346537156579, 19.292039378694021 ], [ -99.638346537156579, 19.291500389523549 ], [ -99.6378075479861, 19.291500389523549 ], [ -99.6378075479861, 19.291230894938312 ], [ -99.63753805340086, 19.291230894938312 ], [ -99.63753805340086, 19.290961400353076 ], [ -99.6378075479861, 19.290961400353076 ], [ -99.6378075479861, 19.29069190576784 ], [ -99.63753805340086, 19.29069190576784 ], [ -99.63753805340086, 19.290152916597368 ], [ -99.6378075479861, 19.290152916597368 ], [ -99.6378075479861, 19.289613927426899 ], [ -99.638077042571339, 19.289613927426899 ], [ -99.638077042571339, 19.289344432841663 ], [ -99.639155020912284, 19.289344432841663 ], [ -99.639155020912284, 19.289074938256427 ], [ -99.63942451549751, 19.289074938256427 ], [ -99.63942451549751, 19.289344432841663 ], [ -99.639694010082749, 19.289344432841663 ], [ -99.639694010082749, 19.290422411182604 ], [ -99.63942451549751, 19.290422411182604 ], [ -99.63942451549751, 19.291230894938312 ], [ -99.639694010082749, 19.291230894938312 ], [ -99.639694010082749, 19.291769884108785 ], [ -99.63942451549751, 19.291769884108785 ], [ -99.63942451549751, 19.292039378694021 ], [ -99.639155020912284, 19.292039378694021 ], [ -99.639155020912284, 19.292308873279257 ] ], [ [ -99.638616031741805, 19.291230894938312 ], [ -99.638616031741805, 19.290961400353076 ], [ -99.638346537156579, 19.290961400353076 ], [ -99.638346537156579, 19.291230894938312 ], [ -99.638616031741805, 19.291230894938312 ] ] ] ] } },
{ "type": "Feature", "properties": { "ZONA_MET": "Toluca", "INTENSIDAD": "Extrema", "T_PROM_POL": 4.0, "T_MIN_CIUD": 1.0, "DIF_TERMIC": 2.0 }, "geometry": { "type": "MultiPolygon", "coordinates": [ [ [ [ -99.619481916190068, 19.290152916597368 ], [ -99.618134443263884, 19.290152916597368 ], [ -99.618134443263884, 19.289883422012132 ], [ -99.617864948678644, 19.289883422012132 ], [ -99.617864948678644, 19.289344432841663 ], [ -99.618403937849124, 19.289344432841663 ], [ -99.618403937849124, 19.289074938256427 ], [ -99.618942927019589, 19.289074938256427 ], [ -99.618942927019589, 19.289613927426899 ], [ -99.619481916190068, 19.289613927426899 ], [ -99.619481916190068, 19.290152916597368 ] ] ] ] } },
{ "type": "Feature", "properties": { "ZONA_MET": "Toluca", "INTENSIDAD": "Intensa", "T_PROM_POL": 4.0, "T_MIN_CIUD": 1.0, "DIF_TERMIC": 2.0 }, "geometry": { "type": "MultiPolygon", "coordinates": [ [ [ [ -99.636729569645155, 19.295273313716852 ], [ -99.634573612963266, 19.295273313716852 ], [ -99.634573612963266, 19.295003819131615 ], [ -99.63430411837804, 19.295003819131615 ], [ -99.63430411837804, 19.294734324546379 ], [ -99.6340346237928, 19.294734324546379 ], [ -99.6340346237928, 19.294195335375907 ], [ -99.633495634622321, 19.294195335375907 ], [ -99.633495634622321, 19.293925840790671 ], [ -99.632956645451856, 19.293925840790671 ], [ -99.632956645451856, 19.295003819131615 ], [ -99.631339677940446, 19.295003819131615 ], [ -99.631339677940446, 19.294734324546379 ], [ -99.631070183355206, 19.294734324546379 ], [ -99.631070183355206, 19.294464829961143 ], [ -99.631609172525671, 19.294464829961143 ], [ -99.631609172525671, 19.294195335375907 ], [ -99.631339677940446, 19.294195335375907 ], [ -99.631339677940446, 19.293925840790671 ], [ -99.631070183355206, 19.293925840790671 ], [ -99.631070183355206, 19.293656346205434 ], [ -99.631339677940446, 19.293656346205434 ], [ -99.631339677940446, 19.293386851620198 ], [ -99.631878667110911, 19.293386851620198 ], [ -99.631878667110911, 19.293656346205434 ], [ -99.632148161696151, 19.293656346205434 ], [ -99.632148161696151, 19.293386851620198 ], [ -99.63241765628139, 19.293386851620198 ], [ -99.63241765628139, 19.293117357034962 ], [ -99.632956645451856, 19.293117357034962 ], [ -99.632956645451856, 19.291500389523549 ], [ -99.633226140037095, 19.291500389523549 ], [ -99.633226140037095, 19.291230894938312 ], [ -99.633765129207561, 19.291230894938312 ], [ -99.633765129207561, 19.290961400353076 ], [ -99.6340346237928, 19.290961400353076 ], [ -99.6340346237928, 19.290422411182604 ], [ -99.633765129207561, 19.290422411182604 ], [ -99.633765129207561, 19.290152916597368 ], [ -99.6340346237928, 19.290152916597368 ], [ -99.6340346237928, 19.289883422012132 ], [ -99.633765129207561, 19.289883422012132 ], [ -99.633765129207561, 19.289344432841663 ], [ -99.63430411837804, 19.289344432841663 ], [ -99.63430411837804, 19.289613927426899 ], [ -99.634843107548505, 19.289613927426899 ], [ -99.634843107548505, 19.289883422012132 ], [ -99.63430411837804, 19.289883422012132 ], [ -99.63430411837804, 19.29069190576784 ], [ -99.634573612963266, 19.29069190576784 ], [ -99.634573612963266, 19.291500389523549 ], [ -99.635112602133745, 19.291500389523549 ], [ -99.635112602133745, 19.291230894938312 ], [ -99.63565159130421, 19.291230894938312 ], [ -99.63565159130421, 19.290961400353076 ], [ -99.635382096718985, 19.290961400353076 ], [ -99.635382096718985, 19.289883422012132 ], [ -99.635112602133745, 19.289883422012132 ], [ -99.635112602133745, 19.289344432841663 ], [ -99.634843107548505, 19.289344432841663 ], [ -99.634843107548505, 19.289074938256427 ], [ -99.63565159130421, 19.289074938256427 ], [ -99.63565159130421, 19.289344432841663 ], [ -99.63592108588945, 19.289344432841663 ], [ -99.63592108588945, 19.291769884108785 ], [ -99.63565159130421, 19.291769884108785 ], [ -99.63565159130421, 19.292308873279257 ], [ -99.635382096718985, 19.292308873279257 ], [ -99.635382096718985, 19.292578367864493 ], [ -99.635112602133745, 19.292578367864493 ], [ -99.635112602133745, 19.293656346205434 ], [ -99.635382096718985, 19.293656346205434 ], [ -99.635382096718985, 19.293925840790671 ], [ -99.63565159130421, 19.293925840790671 ], [ -99.63565159130421, 19.294195335375907 ], [ -99.636729569645155, 19.294195335375907 ], [ -99.636729569645155, 19.293925840790671 ], [ -99.636999064230395, 19.293925840790671 ], [ -99.636999064230395, 19.293656346205434 ], [ -99.63753805340086, 19.293656346205434 ], [ -99.63753805340086, 19.294195335375907 ], [ -99.6378075479861, 19.294195335375907 ], [ -99.6378075479861, 19.294464829961143 ], [ -99.637268558815634, 19.294464829961143 ], [ -99.637268558815634, 19.294734324546379 ], [ -99.636460075059915, 19.294734324546379 ], [ -99.636460075059915, 19.295003819131615 ], [ -99.636729569645155, 19.295003819131615 ], [ -99.636729569645155, 19.295273313716852 ] ], [ [ -99.63430411837804, 19.294195335375907 ], [ -99.63430411837804, 19.293925840790671 ], [ -99.634843107548505, 19.293925840790671 ], [ -99.634843107548505, 19.293656346205434 ], [ -99.634573612963266, 19.293656346205434 ], [ -99.634573612963266, 19.292578367864493 ], [ -99.634843107548505, 19.292578367864493 ], [ -99.634843107548505, 19.292308873279257 ], [ -99.635112602133745, 19.292308873279257 ], [ -99.635112602133745, 19.292039378694021 ], [ -99.63430411837804, 19.292039378694021 ], [ -99.63430411837804, 19.292308873279257 ], [ -99.633765129207561, 19.292308873279257 ], [ -99.633765129207561, 19.293117357034962 ], [ -99.6340346237928, 19.293117357034962 ], [ -99.6340346237928, 19.293386851620198 ], [ -99.63430411837804, 19.293386851620198 ], [ -99.63430411837804, 19.293656346205434 ], [ -99.6340346237928, 19.293656346205434 ], [ -99.6340346237928, 19.294195335375907 ], [ -99.63430411837804, 19.294195335375907 ] ] ] ] } },
{ "type": "Feature", "properties": { "ZONA_MET": "Toluca", "INTENSIDAD": "Extrema", "T_PROM_POL": 4.0, "T_MIN_CIUD": 1.0, "DIF_TERMIC": 2.0 }, "geometry": { "type": "MultiPolygon", "coordinates": [ [ [ [ -99.535938594766947, 19.289613927426899 ], [ -99.535130111011242, 19.289613927426899 ], [ -99.535130111011242, 19.289344432841663 ], [ -99.534591121840776, 19.289344432841663 ], [ -99.534591121840776, 19.289074938256427 ], [ -99.534860616426002, 19.289074938256427 ], [ -99.534860616426002, 19.28880544367119 ], [ -99.535938594766947, 19.28880544367119 ], [ -99.535938594766947, 19.288535949085954 ], [ -99.536208089352186, 19.288535949085954 ], [ -99.536208089352186, 19.289344432841663 ], [ -99.535938594766947, 19.289344432841663 ], [ -99.535938594766947, 19.289613927426899 ] ], [ [ -99.535938594766947, 19.289344432841663 ], [ -99.535938594766947, 19.289074938256427 ], [ -99.535669100181707, 19.289074938256427 ], [ -99.535669100181707, 19.289344432841663 ], [ -99.535938594766947, 19.289344432841663 ] ] ] ] } },
{ "type": "Feature", "properties": { "ZONA_MET": "Toluca", "INTENSIDAD": "Intensa", "T_PROM_POL": 4.0, "T_MIN_CIUD": 1.0, "DIF_TERMIC": 2.0 }, "geometry": { "type": "MultiPolygon", "coordinates": [ [ [ [ -99.600347800638318, 19.300663205421568 ], [ -99.600078306053078, 19.300663205421568 ], [ -99.600078306053078, 19.300393710836332 ], [ -99.599269822297373, 19.300393710836332 ], [ -99.599269822297373, 19.300124216251096 ], [ -99.599539316882613, 19.300124216251096 ], [ -99.599539316882613, 19.299315732495387 ], [ -99.599269822297373, 19.299315732495387 ], [ -99.599269822297373, 19.298776743324918 ], [ -99.599000327712133, 19.298776743324918 ], [ -99.599000327712133, 19.298507248739682 ], [ -99.598461338541668, 19.298507248739682 ], [ -99.598461338541668, 19.299046237910151 ], [ -99.597922349371188, 19.299046237910151 ], [ -99.597922349371188, 19.298776743324918 ], [ -99.597652854785963, 19.298776743324918 ], [ -99.597652854785963, 19.299046237910151 ], [ -99.597113865615484, 19.299046237910151 ], [ -99.597113865615484, 19.298776743324918 ], [ -99.596844371030258, 19.298776743324918 ], [ -99.596844371030258, 19.298507248739682 ], [ -99.597922349371188, 19.298507248739682 ], [ -99.597922349371188, 19.298237754154446 ], [ -99.598191843956428, 19.298237754154446 ], [ -99.598191843956428, 19.29796825956921 ], [ -99.598461338541668, 19.29796825956921 ], [ -99.598461338541668, 19.297698764983974 ], [ -99.598730833126908, 19.297698764983974 ], [ -99.598730833126908, 19.29796825956921 ], [ -99.599000327712133, 19.29796825956921 ], [ -99.599000327712133, 19.297159775813501 ], [ -99.598461338541668, 19.297159775813501 ], [ -99.598461338541668, 19.296890281228265 ], [ -99.598191843956428, 19.296890281228265 ], [ -99.598191843956428, 19.296620786643029 ], [ -99.599000327712133, 19.296620786643029 ], [ -99.599000327712133, 19.296081797472556 ], [ -99.597113865615484, 19.296081797472556 ], [ -99.597113865615484, 19.296620786643029 ], [ -99.596035887274539, 19.296620786643029 ], [ -99.596035887274539, 19.296890281228265 ], [ -99.595227403518834, 19.296890281228265 ], [ -99.595227403518834, 19.29581230288732 ], [ -99.599269822297373, 19.29581230288732 ], [ -99.599269822297373, 19.295542808302088 ], [ -99.599539316882613, 19.295542808302088 ], [ -99.599539316882613, 19.29581230288732 ], [ -99.600078306053078, 19.29581230288732 ], [ -99.600078306053078, 19.296081797472556 ], [ -99.600617295223557, 19.296081797472556 ], [ -99.600617295223557, 19.295003819131615 ], [ -99.601156284394023, 19.295003819131615 ], [ -99.601156284394023, 19.294464829961143 ], [ -99.601425778979262, 19.294464829961143 ], [ -99.601425778979262, 19.294195335375907 ], [ -99.601695273564502, 19.294195335375907 ], [ -99.601695273564502, 19.293656346205434 ], [ -99.601964768149728, 19.293656346205434 ], [ -99.601964768149728, 19.293386851620198 ], [ -99.601695273564502, 19.293386851620198 ], [ -99.601695273564502, 19.293117357034962 ], [ -99.601156284394023, 19.293117357034962 ], [ -99.601156284394023, 19.292847862449726 ], [ -99.602773251905447, 19.292847862449726 ], [ -99.602773251905447, 19.292308873279257 ], [ -99.603042746490672, 19.292308873279257 ], [ -99.603042746490672, 19.292578367864493 ], [ -99.603851230246377, 19.292578367864493 ], [ -99.603851230246377, 19.292308873279257 ], [ -99.605198703172562, 19.292308873279257 ], [ -99.605198703172562, 19.292847862449726 ], [ -99.605468197757801, 19.292847862449726 ], [ -99.605468197757801, 19.293117357034962 ], [ -99.605737692343041, 19.293117357034962 ], [ -99.605737692343041, 19.293925840790671 ], [ -99.606546176098746, 19.293925840790671 ], [ -99.606546176098746, 19.294195335375907 ], [ -99.606815670683972, 19.294195335375907 ], [ -99.606815670683972, 19.294464829961143 ], [ -99.607085165269211, 19.294464829961143 ], [ -99.607085165269211, 19.294195335375907 ], [ -99.607354659854451, 19.294195335375907 ], [ -99.607354659854451, 19.293656346205434 ], [ -99.607085165269211, 19.293656346205434 ], [ -99.607085165269211, 19.293117357034962 ], [ -99.606815670683972, 19.293117357034962 ], [ -99.606815670683972, 19.292847862449726 ], [ -99.607085165269211, 19.292847862449726 ], [ -99.607085165269211, 19.292578367864493 ], [ -99.606815670683972, 19.292578367864493 ], [ -99.606815670683972, 19.292308873279257 ], [ -99.607085165269211, 19.292308873279257 ], [ -99.607085165269211, 19.292039378694021 ], [ -99.608432638195396, 19.292039378694021 ], [ -99.608432638195396, 19.292308873279257 ], [ -99.60951061653634, 19.292308873279257 ], [ -99.60951061653634, 19.292578367864493 ], [ -99.609780111121566, 19.292578367864493 ], [ -99.609780111121566, 19.292308873279257 ], [ -99.610588594877285, 19.292308873279257 ], [ -99.610588594877285, 19.292039378694021 ], [ -99.61166657321823, 19.292039378694021 ], [ -99.61166657321823, 19.292308873279257 ], [ -99.61328354072964, 19.292308873279257 ], [ -99.61328354072964, 19.292039378694021 ], [ -99.613553035314879, 19.292039378694021 ], [ -99.613553035314879, 19.291230894938312 ], [ -99.6130140461444, 19.291230894938312 ], [ -99.6130140461444, 19.290961400353076 ], [ -99.612475056973935, 19.290961400353076 ], [ -99.612475056973935, 19.29069190576784 ], [ -99.612205562388695, 19.29069190576784 ], [ -99.612205562388695, 19.290422411182604 ], [ -99.611936067803455, 19.290422411182604 ], [ -99.611936067803455, 19.290152916597368 ], [ -99.61166657321823, 19.290152916597368 ], [ -99.61166657321823, 19.289344432841663 ], [ -99.61139707863299, 19.289344432841663 ], [ -99.61139707863299, 19.289074938256427 ], [ -99.611936067803455, 19.289074938256427 ], [ -99.611936067803455, 19.288535949085954 ], [ -99.612205562388695, 19.288535949085954 ], [ -99.612205562388695, 19.28880544367119 ], [ -99.61274455155916, 19.28880544367119 ], [ -99.61274455155916, 19.289613927426899 ], [ -99.6130140461444, 19.289613927426899 ], [ -99.6130140461444, 19.289883422012132 ], [ -99.614631013655824, 19.289883422012132 ], [ -99.614631013655824, 19.289613927426899 ], [ -99.61490050824105, 19.289613927426899 ], [ -99.61490050824105, 19.289074938256427 ], [ -99.615170002826289, 19.289074938256427 ], [ -99.615170002826289, 19.288266454500718 ], [ -99.615978486581994, 19.288266454500718 ], [ -99.615978486581994, 19.288535949085954 ], [ -99.616517475752474, 19.288535949085954 ], [ -99.616517475752474, 19.289074938256427 ], [ -99.616786970337699, 19.289074938256427 ], [ -99.616786970337699, 19.28880544367119 ], [ -99.617056464922939, 19.28880544367119 ], [ -99.617056464922939, 19.289074938256427 ], [ -99.617864948678644, 19.289074938256427 ], [ -99.617864948678644, 19.288535949085954 ], [ -99.618673432434349, 19.288535949085954 ], [ -99.618673432434349, 19.28880544367119 ], [ -99.619481916190068, 19.28880544367119 ], [ -99.619481916190068, 19.289074938256427 ], [ -99.619751410775294, 19.289074938256427 ], [ -99.619751410775294, 19.290961400353076 ], [ -99.621368378286718, 19.290961400353076 ], [ -99.621368378286718, 19.290152916597368 ], [ -99.621637872871943, 19.290152916597368 ], [ -99.621637872871943, 19.290422411182604 ], [ -99.621907367457183, 19.290422411182604 ], [ -99.621907367457183, 19.291230894938312 ], [ -99.622985345798128, 19.291230894938312 ], [ -99.622985345798128, 19.290961400353076 ], [ -99.623254840383368, 19.290961400353076 ], [ -99.623254840383368, 19.29069190576784 ], [ -99.623524334968607, 19.29069190576784 ], [ -99.623524334968607, 19.289344432841663 ], [ -99.623793829553833, 19.289344432841663 ], [ -99.623793829553833, 19.289074938256427 ], [ -99.625410797065257, 19.289074938256427 ], [ -99.625410797065257, 19.28880544367119 ], [ -99.625680291650482, 19.28880544367119 ], [ -99.625680291650482, 19.288535949085954 ], [ -99.626488775406202, 19.288535949085954 ], [ -99.626488775406202, 19.28880544367119 ], [ -99.626219280820962, 19.28880544367119 ], [ -99.626219280820962, 19.289074938256427 ], [ -99.626488775406202, 19.289074938256427 ], [ -99.626488775406202, 19.289883422012132 ], [ -99.626219280820962, 19.289883422012132 ], [ -99.626219280820962, 19.29069190576784 ], [ -99.625949786235722, 19.29069190576784 ], [ -99.625949786235722, 19.291230894938312 ], [ -99.625410797065257, 19.291230894938312 ], [ -99.625410797065257, 19.291769884108785 ], [ -99.625680291650482, 19.291769884108785 ], [ -99.625680291650482, 19.292308873279257 ], [ -99.625410797065257, 19.292308873279257 ], [ -99.625410797065257, 19.292578367864493 ], [ -99.624602313309538, 19.292578367864493 ], [ -99.624602313309538, 19.293117357034962 ], [ -99.624332818724312, 19.293117357034962 ], [ -99.624332818724312, 19.293386851620198 ], [ -99.623524334968607, 19.293386851620198 ], [ -99.623524334968607, 19.294464829961143 ], [ -99.623254840383368, 19.294464829961143 ], [ -99.623254840383368, 19.295003819131615 ], [ -99.622715851212888, 19.295003819131615 ], [ -99.622715851212888, 19.295273313716852 ], [ -99.622176862042423, 19.295273313716852 ], [ -99.622176862042423, 19.295542808302088 ], [ -99.621907367457183, 19.295542808302088 ], [ -99.621907367457183, 19.295003819131615 ], [ -99.622176862042423, 19.295003819131615 ], [ -99.622176862042423, 19.294464829961143 ], [ -99.621907367457183, 19.294464829961143 ], [ -99.621907367457183, 19.293117357034962 ], [ -99.621637872871943, 19.293117357034962 ], [ -99.621637872871943, 19.292847862449726 ], [ -99.622176862042423, 19.292847862449726 ], [ -99.622176862042423, 19.292578367864493 ], [ -99.621368378286718, 19.292578367864493 ], [ -99.621368378286718, 19.293117357034962 ], [ -99.620290399945773, 19.293117357034962 ], [ -99.620290399945773, 19.292847862449726 ], [ -99.620559894531013, 19.292847862449726 ], [ -99.620559894531013, 19.292578367864493 ], [ -99.619751410775294, 19.292578367864493 ], [ -99.619751410775294, 19.292847862449726 ], [ -99.619481916190068, 19.292847862449726 ], [ -99.619481916190068, 19.293117357034962 ], [ -99.619751410775294, 19.293117357034962 ], [ -99.619751410775294, 19.293386851620198 ], [ -99.618673432434349, 19.293386851620198 ], [ -99.618673432434349, 19.293925840790671 ], [ -99.619481916190068, 19.293925840790671 ], [ -99.619481916190068, 19.294195335375907 ], [ -99.619751410775294, 19.294195335375907 ], [ -99.619751410775294, 19.294734324546379 ], [ -99.619481916190068, 19.294734324546379 ], [ -99.619481916190068, 19.295003819131615 ], [ -99.619212421604828, 19.295003819131615 ], [ -99.619212421604828, 19.294734324546379 ], [ -99.618403937849124, 19.294734324546379 ], [ -99.618403937849124, 19.292578367864493 ], [ -99.617595454093419, 19.292578367864493 ], [ -99.617595454093419, 19.293925840790671 ], [ -99.616786970337699, 19.293925840790671 ], [ -99.616786970337699, 19.292578367864493 ], [ -99.614631013655824, 19.292578367864493 ], [ -99.614631013655824, 19.292308873279257 ], [ -99.613553035314879, 19.292308873279257 ], [ -99.613553035314879, 19.292578367864493 ], [ -99.6130140461444, 19.292578367864493 ], [ -99.6130140461444, 19.292847862449726 ], [ -99.61166657321823, 19.292847862449726 ], [ -99.61166657321823, 19.293386851620198 ], [ -99.611936067803455, 19.293386851620198 ], [ -99.611936067803455, 19.293656346205434 ], [ -99.612205562388695, 19.293656346205434 ], [ -99.612205562388695, 19.294464829961143 ], [ -99.612475056973935, 19.294464829961143 ], [ -99.612475056973935, 19.294734324546379 ], [ -99.613553035314879, 19.294734324546379 ], [ -99.613553035314879, 19.294464829961143 ], [ -99.613822529900105, 19.294464829961143 ], [ -99.613822529900105, 19.294734324546379 ], [ -99.61490050824105, 19.294734324546379 ], [ -99.61490050824105, 19.294464829961143 ], [ -99.615170002826289, 19.294464829961143 ], [ -99.615170002826289, 19.293925840790671 ], [ -99.615439497411529, 19.293925840790671 ], [ -99.615439497411529, 19.293656346205434 ], [ -99.615708991996755, 19.293656346205434 ], [ -99.615708991996755, 19.294464829961143 ], [ -99.615978486581994, 19.294464829961143 ], [ -99.615978486581994, 19.294734324546379 ], [ -99.615708991996755, 19.294734324546379 ], [ -99.615708991996755, 19.295003819131615 ], [ -99.615439497411529, 19.295003819131615 ], [ -99.615439497411529, 19.294734324546379 ], [ -99.615170002826289, 19.294734324546379 ], [ -99.615170002826289, 19.295003819131615 ], [ -99.61490050824105, 19.295003819131615 ], [ -99.61490050824105, 19.295542808302088 ], [ -99.613822529900105, 19.295542808302088 ], [ -99.613822529900105, 19.295273313716852 ], [ -99.613553035314879, 19.295273313716852 ], [ -99.613553035314879, 19.295003819131615 ], [ -99.6130140461444, 19.295003819131615 ], [ -99.6130140461444, 19.295273313716852 ], [ -99.612205562388695, 19.295273313716852 ], [ -99.612205562388695, 19.295542808302088 ], [ -99.611936067803455, 19.295542808302088 ], [ -99.611936067803455, 19.296081797472556 ], [ -99.612205562388695, 19.296081797472556 ], [ -99.612205562388695, 19.296351292057793 ], [ -99.61166657321823, 19.296351292057793 ], [ -99.61166657321823, 19.295003819131615 ], [ -99.609780111121566, 19.295003819131615 ], [ -99.609780111121566, 19.294734324546379 ], [ -99.60951061653634, 19.294734324546379 ], [ -99.60951061653634, 19.295003819131615 ], [ -99.607354659854451, 19.295003819131615 ], [ -99.607354659854451, 19.295273313716852 ], [ -99.607624154439691, 19.295273313716852 ], [ -99.607624154439691, 19.29581230288732 ], [ -99.607893649024916, 19.29581230288732 ], [ -99.607893649024916, 19.296620786643029 ], [ -99.609241121951101, 19.296620786643029 ], [ -99.609241121951101, 19.296351292057793 ], [ -99.60951061653634, 19.296351292057793 ], [ -99.60951061653634, 19.296620786643029 ], [ -99.610049605706806, 19.296620786643029 ], [ -99.610049605706806, 19.296890281228265 ], [ -99.610319100292045, 19.296890281228265 ], [ -99.610319100292045, 19.297429270398737 ], [ -99.610049605706806, 19.297429270398737 ], [ -99.610049605706806, 19.297698764983974 ], [ -99.609780111121566, 19.297698764983974 ], [ -99.609780111121566, 19.298237754154446 ], [ -99.609241121951101, 19.298237754154446 ], [ -99.609241121951101, 19.298776743324918 ], [ -99.608971627365861, 19.298776743324918 ], [ -99.608971627365861, 19.298237754154446 ], [ -99.608702132780635, 19.298237754154446 ], [ -99.608702132780635, 19.29796825956921 ], [ -99.608432638195396, 19.29796825956921 ], [ -99.608432638195396, 19.297698764983974 ], [ -99.608163143610156, 19.297698764983974 ], [ -99.608163143610156, 19.29796825956921 ], [ -99.607893649024916, 19.29796825956921 ], [ -99.607893649024916, 19.297698764983974 ], [ -99.606815670683972, 19.297698764983974 ], [ -99.606815670683972, 19.297429270398737 ], [ -99.606276681513506, 19.297429270398737 ], [ -99.606276681513506, 19.297159775813501 ], [ -99.605198703172562, 19.297159775813501 ], [ -99.605198703172562, 19.297429270398737 ], [ -99.604929208587322, 19.297429270398737 ], [ -99.604929208587322, 19.297159775813501 ], [ -99.601964768149728, 19.297159775813501 ], [ -99.601964768149728, 19.296890281228265 ], [ -99.601425778979262, 19.296890281228265 ], [ -99.601425778979262, 19.296620786643029 ], [ -99.600886789808783, 19.296620786643029 ], [ -99.600886789808783, 19.296351292057793 ], [ -99.600617295223557, 19.296351292057793 ], [ -99.600617295223557, 19.296620786643029 ], [ -99.600078306053078, 19.296620786643029 ], [ -99.600078306053078, 19.297159775813501 ], [ -99.599808811467852, 19.297159775813501 ], [ -99.599808811467852, 19.297429270398737 ], [ -99.600078306053078, 19.297429270398737 ], [ -99.600078306053078, 19.297698764983974 ], [ -99.599808811467852, 19.297698764983974 ], [ -99.599808811467852, 19.29796825956921 ], [ -99.599539316882613, 19.29796825956921 ], [ -99.599539316882613, 19.298237754154446 ], [ -99.599808811467852, 19.298237754154446 ], [ -99.599808811467852, 19.298776743324918 ], [ -99.600078306053078, 19.298776743324918 ], [ -99.600078306053078, 19.299585227080623 ], [ -99.599808811467852, 19.299585227080623 ], [ -99.599808811467852, 19.300124216251096 ], [ -99.600078306053078, 19.300124216251096 ], [ -99.600078306053078, 19.299854721665859 ], [ -99.600617295223557, 19.299854721665859 ], [ -99.600617295223557, 19.300124216251096 ], [ -99.600347800638318, 19.300124216251096 ], [ -99.600347800638318, 19.300663205421568 ] ], [ [ -99.599539316882613, 19.297429270398737 ], [ -99.599539316882613, 19.296620786643029 ], [ -99.599269822297373, 19.296620786643029 ], [ -99.599269822297373, 19.297429270398737 ], [ -99.599539316882613, 19.297429270398737 ] ], [ [ -99.606276681513506, 19.296890281228265 ], [ -99.606276681513506, 19.294734324546379 ], [ -99.606007186928267, 19.294734324546379 ], [ -99.606007186928267, 19.294464829961143 ], [ -99.605198703172562, 19.294464829961143 ], [ -99.605198703172562, 19.293656346205434 ], [ -99.604929208587322, 19.293656346205434 ], [ -99.604929208587322, 19.293117357034962 ], [ -99.604659714002096, 19.293117357034962 ], [ -99.604659714002096, 19.292847862449726 ], [ -99.604120724831617, 19.292847862449726 ], [ -99.604120724831617, 19.294464829961143 ], [ -99.604659714002096, 19.294464829961143 ], [ -99.604659714002096, 19.294734324546379 ], [ -99.603851230246377, 19.294734324546379 ], [ -99.603851230246377, 19.294464829961143 ], [ -99.603312241075912, 19.294464829961143 ], [ -99.603312241075912, 19.294195335375907 ], [ -99.603042746490672, 19.294195335375907 ], [ -99.603042746490672, 19.294734324546379 ], [ -99.602773251905447, 19.294734324546379 ], [ -99.602773251905447, 19.293925840790671 ], [ -99.601964768149728, 19.293925840790671 ], [ -99.601964768149728, 19.295003819131615 ], [ -99.601156284394023, 19.295003819131615 ], [ -99.601156284394023, 19.29581230288732 ], [ -99.602503757320207, 19.29581230288732 ], [ -99.602503757320207, 19.296081797472556 ], [ -99.601425778979262, 19.296081797472556 ], [ -99.601425778979262, 19.296351292057793 ], [ -99.601964768149728, 19.296351292057793 ], [ -99.601964768149728, 19.296620786643029 ], [ -99.603581735661152, 19.296620786643029 ], [ -99.603581735661152, 19.296890281228265 ], [ -99.605737692343041, 19.296890281228265 ], [ -99.605737692343041, 19.296620786643029 ], [ -99.606007186928267, 19.296620786643029 ], [ -99.606007186928267, 19.296890281228265 ], [ -99.606276681513506, 19.296890281228265 ] ], [ [ -99.607354659854451, 19.296081797472556 ], [ -99.607354659854451, 19.29581230288732 ], [ -99.607085165269211, 19.29581230288732 ], [ -99.607085165269211, 19.296081797472556 ], [ -99.607354659854451, 19.296081797472556 ] ], [ [ -99.61139707863299, 19.294464829961143 ], [ -99.61139707863299, 19.294195335375907 ], [ -99.61166657321823, 19.294195335375907 ], [ -99.61166657321823, 19.293656346205434 ], [ -99.61139707863299, 19.293656346205434 ], [ -99.61139707863299, 19.293386851620198 ], [ -99.610588594877285, 19.293386851620198 ], [ -99.610588594877285, 19.293656346205434 ], [ -99.610858089462511, 19.293656346205434 ], [ -99.610858089462511, 19.294464829961143 ], [ -99.61139707863299, 19.294464829961143 ] ], [ [ -99.609780111121566, 19.294464829961143 ], [ -99.609780111121566, 19.292847862449726 ], [ -99.608702132780635, 19.292847862449726 ], [ -99.608702132780635, 19.292578367864493 ], [ -99.607893649024916, 19.292578367864493 ], [ -99.607893649024916, 19.292847862449726 ], [ -99.607624154439691, 19.292847862449726 ], [ -99.607624154439691, 19.293386851620198 ], [ -99.607893649024916, 19.293386851620198 ], [ -99.607893649024916, 19.293925840790671 ], [ -99.608163143610156, 19.293925840790671 ], [ -99.608163143610156, 19.294195335375907 ], [ -99.609241121951101, 19.294195335375907 ], [ -99.609241121951101, 19.294464829961143 ], [ -99.609780111121566, 19.294464829961143 ] ], [ [ -99.603042746490672, 19.293656346205434 ], [ -99.603042746490672, 19.293386851620198 ], [ -99.602773251905447, 19.293386851620198 ], [ -99.602773251905447, 19.293656346205434 ], [ -99.603042746490672, 19.293656346205434 ] ], [ [ -99.624063324139073, 19.292847862449726 ], [ -99.624063324139073, 19.292578367864493 ], [ -99.623793829553833, 19.292578367864493 ], [ -99.623793829553833, 19.292847862449726 ], [ -99.624063324139073, 19.292847862449726 ] ], [ [ -99.619212421604828, 19.292578367864493 ], [ -99.619212421604828, 19.292308873279257 ], [ -99.618403937849124, 19.292308873279257 ], [ -99.618403937849124, 19.292578367864493 ], [ -99.619212421604828, 19.292578367864493 ] ], [ [ -99.617595454093419, 19.292578367864493 ], [ -99.617595454093419, 19.292308873279257 ], [ -99.617864948678644, 19.292308873279257 ], [ -99.617864948678644, 19.292039378694021 ], [ -99.618134443263884, 19.292039378694021 ], [ -99.618134443263884, 19.291500389523549 ], [ -99.617864948678644, 19.291500389523549 ], [ -99.617864948678644, 19.291230894938312 ], [ -99.617056464922939, 19.291230894938312 ], [ -99.617056464922939, 19.290961400353076 ], [ -99.616247981167234, 19.290961400353076 ], [ -99.616247981167234, 19.292039378694021 ], [ -99.616517475752474, 19.292039378694021 ], [ -99.616517475752474, 19.292308873279257 ], [ -99.617325959508179, 19.292308873279257 ], [ -99.617325959508179, 19.292578367864493 ], [ -99.617595454093419, 19.292578367864493 ] ], [ [ -99.620829389116238, 19.292308873279257 ], [ -99.620829389116238, 19.292039378694021 ], [ -99.620559894531013, 19.292039378694021 ], [ -99.620559894531013, 19.292308873279257 ], [ -99.620829389116238, 19.292308873279257 ] ], [ [ -99.623524334968607, 19.292039378694021 ], [ -99.623524334968607, 19.291769884108785 ], [ -99.623254840383368, 19.291769884108785 ], [ -99.623254840383368, 19.292039378694021 ], [ -99.623524334968607, 19.292039378694021 ] ], [ [ -99.619751410775294, 19.292039378694021 ], [ -99.619751410775294, 19.291769884108785 ], [ -99.619481916190068, 19.291769884108785 ], [ -99.619481916190068, 19.291500389523549 ], [ -99.619212421604828, 19.291500389523549 ], [ -99.619212421604828, 19.292039378694021 ], [ -99.619751410775294, 19.292039378694021 ] ], [ [ -99.620829389116238, 19.291769884108785 ], [ -99.620829389116238, 19.291500389523549 ], [ -99.620290399945773, 19.291500389523549 ], [ -99.620290399945773, 19.291769884108785 ], [ -99.620829389116238, 19.291769884108785 ] ], [ [ -99.620020905360533, 19.291500389523549 ], [ -99.620020905360533, 19.291230894938312 ], [ -99.619751410775294, 19.291230894938312 ], [ -99.619751410775294, 19.291500389523549 ], [ -99.620020905360533, 19.291500389523549 ] ], [ [ -99.618403937849124, 19.291500389523549 ], [ -99.618403937849124, 19.290961400353076 ], [ -99.618134443263884, 19.290961400353076 ], [ -99.618134443263884, 19.291500389523549 ], [ -99.618403937849124, 19.291500389523549 ] ], [ [ -99.625410797065257, 19.291230894938312 ], [ -99.625410797065257, 19.290422411182604 ], [ -99.624871807894777, 19.290422411182604 ], [ -99.624871807894777, 19.290152916597368 ], [ -99.624332818724312, 19.290152916597368 ], [ -99.624332818724312, 19.290422411182604 ], [ -99.624602313309538, 19.290422411182604 ], [ -99.624602313309538, 19.29069190576784 ], [ -99.625141302480017, 19.29069190576784 ], [ -99.625141302480017, 19.290961400353076 ], [ -99.624063324139073, 19.290961400353076 ], [ -99.624063324139073, 19.291230894938312 ], [ -99.625410797065257, 19.291230894938312 ] ], [ [ -99.614631013655824, 19.29069190576784 ], [ -99.614631013655824, 19.290422411182604 ], [ -99.614361519070584, 19.290422411182604 ], [ -99.614361519070584, 19.29069190576784 ], [ -99.614631013655824, 19.29069190576784 ] ], [ [ -99.619481916190068, 19.290152916597368 ], [ -99.619481916190068, 19.289613927426899 ], [ -99.618942927019589, 19.289613927426899 ], [ -99.618942927019589, 19.289074938256427 ], [ -99.618403937849124, 19.289074938256427 ], [ -99.618403937849124, 19.289344432841663 ], [ -99.618134443263884, 19.289344432841663 ], [ -99.618134443263884, 19.289074938256427 ], [ -99.617864948678644, 19.289074938256427 ], [ -99.617864948678644, 19.289883422012132 ], [ -99.618134443263884, 19.289883422012132 ], [ -99.618134443263884, 19.290152916597368 ], [ -99.619481916190068, 19.290152916597368 ] ], [ [ -99.615978486581994, 19.289883422012132 ], [ -99.615978486581994, 19.289074938256427 ], [ -99.615439497411529, 19.289074938256427 ], [ -99.615439497411529, 19.289613927426899 ], [ -99.615170002826289, 19.289613927426899 ], [ -99.615170002826289, 19.289883422012132 ], [ -99.615978486581994, 19.289883422012132 ] ] ] ] } },
{ "type": "Feature", "properties": { "ZONA_MET": "Toluca", "INTENSIDAD": "Intensa", "T_PROM_POL": 3.0, "T_MIN_CIUD": 1.0, "DIF_TERMIC": 2.0 }, "geometry": { "type": "MultiPolygon", "coordinates": [ [ [ [ -99.596844371030258, 19.291500389523549 ], [ -99.596305381859779, 19.291500389523549 ], [ -99.596305381859779, 19.291230894938312 ], [ -99.596035887274539, 19.291230894938312 ], [ -99.596035887274539, 19.290961400353076 ], [ -99.595766392689313, 19.290961400353076 ], [ -99.595766392689313, 19.290422411182604 ], [ -99.595496898104074, 19.290422411182604 ], [ -99.595496898104074, 19.289883422012132 ], [ -99.596035887274539, 19.289883422012132 ], [ -99.596035887274539, 19.289613927426899 ], [ -99.595766392689313, 19.289613927426899 ], [ -99.595766392689313, 19.289074938256427 ], [ -99.595496898104074, 19.289074938256427 ], [ -99.595496898104074, 19.28880544367119 ], [ -99.595766392689313, 19.28880544367119 ], [ -99.595766392689313, 19.288535949085954 ], [ -99.596574876445018, 19.288535949085954 ], [ -99.596574876445018, 19.288266454500718 ], [ -99.597383360200723, 19.288266454500718 ], [ -99.597383360200723, 19.28880544367119 ], [ -99.597113865615484, 19.28880544367119 ], [ -99.597113865615484, 19.289074938256427 ], [ -99.596844371030258, 19.289074938256427 ], [ -99.596844371030258, 19.289344432841663 ], [ -99.596574876445018, 19.289344432841663 ], [ -99.596574876445018, 19.289613927426899 ], [ -99.596305381859779, 19.289613927426899 ], [ -99.596305381859779, 19.290152916597368 ], [ -99.596574876445018, 19.290152916597368 ], [ -99.596574876445018, 19.29069190576784 ], [ -99.596844371030258, 19.29069190576784 ], [ -99.596844371030258, 19.290961400353076 ], [ -99.597113865615484, 19.290961400353076 ], [ -99.597113865615484, 19.291230894938312 ], [ -99.596844371030258, 19.291230894938312 ], [ -99.596844371030258, 19.291500389523549 ] ] ] ] } },
{ "type": "Feature", "properties": { "ZONA_MET": "Toluca", "INTENSIDAD": "Extrema", "T_PROM_POL": 4.0, "T_MIN_CIUD": 1.0, "DIF_TERMIC": 2.0 }, "geometry": { "type": "MultiPolygon", "coordinates": [ [ [ [ -99.550491302369679, 19.29069190576784 ], [ -99.549952313199213, 19.29069190576784 ], [ -99.549952313199213, 19.290152916597368 ], [ -99.549413324028748, 19.290152916597368 ], [ -99.549413324028748, 19.290422411182604 ], [ -99.549143829443508, 19.290422411182604 ], [ -99.549143829443508, 19.289883422012132 ], [ -99.548335345687804, 19.289883422012132 ], [ -99.548335345687804, 19.289613927426899 ], [ -99.548065851102564, 19.289613927426899 ], [ -99.548065851102564, 19.290152916597368 ], [ -99.547796356517324, 19.290152916597368 ], [ -99.547796356517324, 19.289074938256427 ], [ -99.548065851102564, 19.289074938256427 ], [ -99.548065851102564, 19.288535949085954 ], [ -99.548874334858269, 19.288535949085954 ], [ -99.548874334858269, 19.28880544367119 ], [ -99.549143829443508, 19.28880544367119 ], [ -99.549143829443508, 19.287996959915482 ], [ -99.549952313199213, 19.287996959915482 ], [ -99.549952313199213, 19.28880544367119 ], [ -99.551299786125398, 19.28880544367119 ], [ -99.551299786125398, 19.288535949085954 ], [ -99.551569280710623, 19.288535949085954 ], [ -99.551569280710623, 19.288266454500718 ], [ -99.552647259051568, 19.288266454500718 ], [ -99.552647259051568, 19.289613927426899 ], [ -99.552108269881103, 19.289613927426899 ], [ -99.552108269881103, 19.289883422012132 ], [ -99.551030291540158, 19.289883422012132 ], [ -99.551030291540158, 19.290422411182604 ], [ -99.550491302369679, 19.290422411182604 ], [ -99.550491302369679, 19.29069190576784 ] ], [ [ -99.548335345687804, 19.289344432841663 ], [ -99.548335345687804, 19.289074938256427 ], [ -99.548065851102564, 19.289074938256427 ], [ -99.548065851102564, 19.289344432841663 ], [ -99.548335345687804, 19.289344432841663 ] ] ] ] } },
{ "type": "Feature", "properties": { "ZONA_MET": "Toluca", "INTENSIDAD": "Intensa", "T_PROM_POL": 4.0, "T_MIN_CIUD": 1.0, "DIF_TERMIC": 2.0 }, "geometry": { "type": "MultiPolygon", "coordinates": [ [ [ [ -99.569086428750964, 19.292039378694021 ], [ -99.568008450410019, 19.292039378694021 ], [ -99.568008450410019, 19.291230894938312 ], [ -99.568547439580485, 19.291230894938312 ], [ -99.568547439580485, 19.290422411182604 ], [ -99.568816934165724, 19.290422411182604 ], [ -99.568816934165724, 19.289883422012132 ], [ -99.568008450410019, 19.289883422012132 ], [ -99.568008450410019, 19.289613927426899 ], [ -99.566660977483835, 19.289613927426899 ], [ -99.566660977483835, 19.28880544367119 ], [ -99.56773895582478, 19.28880544367119 ], [ -99.56773895582478, 19.289074938256427 ], [ -99.568008450410019, 19.289074938256427 ], [ -99.568008450410019, 19.289344432841663 ], [ -99.569086428750964, 19.289344432841663 ], [ -99.569086428750964, 19.28880544367119 ], [ -99.56935592333619, 19.28880544367119 ], [ -99.56935592333619, 19.288266454500718 ], [ -99.569086428750964, 19.288266454500718 ], [ -99.569086428750964, 19.287996959915482 ], [ -99.56935592333619, 19.287996959915482 ], [ -99.56935592333619, 19.287727465330246 ], [ -99.569625417921429, 19.287727465330246 ], [ -99.569625417921429, 19.288535949085954 ], [ -99.570164407091909, 19.288535949085954 ], [ -99.570164407091909, 19.28880544367119 ], [ -99.570433901677134, 19.28880544367119 ], [ -99.570433901677134, 19.289074938256427 ], [ -99.570703396262374, 19.289074938256427 ], [ -99.570703396262374, 19.28880544367119 ], [ -99.571781374603319, 19.28880544367119 ], [ -99.571781374603319, 19.289074938256427 ], [ -99.572050869188558, 19.289074938256427 ], [ -99.572050869188558, 19.289344432841663 ], [ -99.572320363773784, 19.289344432841663 ], [ -99.572320363773784, 19.289613927426899 ], [ -99.571511880018079, 19.289613927426899 ], [ -99.571511880018079, 19.289883422012132 ], [ -99.571242385432839, 19.289883422012132 ], [ -99.571242385432839, 19.290152916597368 ], [ -99.570703396262374, 19.290152916597368 ], [ -99.570703396262374, 19.290422411182604 ], [ -99.570433901677134, 19.290422411182604 ], [ -99.570433901677134, 19.290152916597368 ], [ -99.569894912506669, 19.290152916597368 ], [ -99.569894912506669, 19.289613927426899 ], [ -99.569625417921429, 19.289613927426899 ], [ -99.569625417921429, 19.290422411182604 ], [ -99.56935592333619, 19.290422411182604 ], [ -99.56935592333619, 19.290961400353076 ], [ -99.569086428750964, 19.290961400353076 ], [ -99.569086428750964, 19.292039378694021 ] ] ] ] } },
{ "type": "Feature", "properties": { "ZONA_MET": "Toluca", "INTENSIDAD": "Intensa", "T_PROM_POL": 3.0, "T_MIN_CIUD": 1.0, "DIF_TERMIC": 2.0 }, "geometry": { "type": "MultiPolygon", "coordinates": [ [ [ [ -99.537016573107891, 19.28880544367119 ], [ -99.536208089352186, 19.28880544367119 ], [ -99.536208089352186, 19.288535949085954 ], [ -99.535938594766947, 19.288535949085954 ], [ -99.535938594766947, 19.288266454500718 ], [ -99.534860616426002, 19.288266454500718 ], [ -99.534860616426002, 19.288535949085954 ], [ -99.534321627255537, 19.288535949085954 ], [ -99.534321627255537, 19.288266454500718 ], [ -99.534591121840776, 19.288266454500718 ], [ -99.534591121840776, 19.287996959915482 ], [ -99.534052132670297, 19.287996959915482 ], [ -99.534052132670297, 19.287188476159773 ], [ -99.535130111011242, 19.287188476159773 ], [ -99.535130111011242, 19.28745797074501 ], [ -99.535399605596481, 19.28745797074501 ], [ -99.535399605596481, 19.287727465330246 ], [ -99.536208089352186, 19.287727465330246 ], [ -99.536208089352186, 19.287996959915482 ], [ -99.537016573107891, 19.287996959915482 ], [ -99.537016573107891, 19.28880544367119 ] ], [ [ -99.536477583937426, 19.288535949085954 ], [ -99.536477583937426, 19.288266454500718 ], [ -99.536208089352186, 19.288266454500718 ], [ -99.536208089352186, 19.288535949085954 ], [ -99.536477583937426, 19.288535949085954 ] ] ] ] } },
{ "type": "Feature", "properties": { "ZONA_MET": "Toluca", "INTENSIDAD": "Intensa", "T_PROM_POL": 4.0, "T_MIN_CIUD": 1.0, "DIF_TERMIC": 2.0 }, "geometry": { "type": "MultiPolygon", "coordinates": [ [ [ [ -99.545101410664969, 19.297698764983974 ], [ -99.54483191607973, 19.297698764983974 ], [ -99.54483191607973, 19.297429270398737 ], [ -99.543484443153559, 19.297429270398737 ], [ -99.543484443153559, 19.297159775813501 ], [ -99.54321494856832, 19.297159775813501 ], [ -99.54321494856832, 19.296890281228265 ], [ -99.543753937738785, 19.296890281228265 ], [ -99.543753937738785, 19.297159775813501 ], [ -99.544292926909264, 19.297159775813501 ], [ -99.544292926909264, 19.296620786643029 ], [ -99.54456242149449, 19.296620786643029 ], [ -99.54456242149449, 19.295542808302088 ], [ -99.54483191607973, 19.295542808302088 ], [ -99.54483191607973, 19.295003819131615 ], [ -99.545101410664969, 19.295003819131615 ], [ -99.545101410664969, 19.294734324546379 ], [ -99.545370905250209, 19.294734324546379 ], [ -99.545370905250209, 19.294464829961143 ], [ -99.545640399835435, 19.294464829961143 ], [ -99.545640399835435, 19.292578367864493 ], [ -99.545909894420674, 19.292578367864493 ], [ -99.545909894420674, 19.291769884108785 ], [ -99.546718378176379, 19.291769884108785 ], [ -99.546718378176379, 19.290961400353076 ], [ -99.547257367346859, 19.290961400353076 ], [ -99.547257367346859, 19.289613927426899 ], [ -99.547526861932084, 19.289613927426899 ], [ -99.547526861932084, 19.288266454500718 ], [ -99.547796356517324, 19.288266454500718 ], [ -99.547796356517324, 19.28745797074501 ], [ -99.548065851102564, 19.28745797074501 ], [ -99.548065851102564, 19.287188476159773 ], [ -99.548335345687804, 19.287188476159773 ], [ -99.548335345687804, 19.28745797074501 ], [ -99.548604840273029, 19.28745797074501 ], [ -99.548604840273029, 19.287727465330246 ], [ -99.548874334858269, 19.287727465330246 ], [ -99.548874334858269, 19.287996959915482 ], [ -99.549143829443508, 19.287996959915482 ], [ -99.549143829443508, 19.288266454500718 ], [ -99.548874334858269, 19.288266454500718 ], [ -99.548874334858269, 19.288535949085954 ], [ -99.548065851102564, 19.288535949085954 ], [ -99.548065851102564, 19.289074938256427 ], [ -99.547796356517324, 19.289074938256427 ], [ -99.547796356517324, 19.290152916597368 ], [ -99.548065851102564, 19.290152916597368 ], [ -99.548065851102564, 19.289613927426899 ], [ -99.548335345687804, 19.289613927426899 ], [ -99.548335345687804, 19.289883422012132 ], [ -99.549143829443508, 19.289883422012132 ], [ -99.549143829443508, 19.290422411182604 ], [ -99.549413324028748, 19.290422411182604 ], [ -99.549413324028748, 19.290152916597368 ], [ -99.549952313199213, 19.290152916597368 ], [ -99.549952313199213, 19.29069190576784 ], [ -99.550491302369679, 19.29069190576784 ], [ -99.550491302369679, 19.290422411182604 ], [ -99.550760796954918, 19.290422411182604 ], [ -99.550760796954918, 19.290961400353076 ], [ -99.549143829443508, 19.290961400353076 ], [ -99.549143829443508, 19.291230894938312 ], [ -99.548604840273029, 19.291230894938312 ], [ -99.548604840273029, 19.291500389523549 ], [ -99.548065851102564, 19.291500389523549 ], [ -99.548065851102564, 19.292308873279257 ], [ -99.547526861932084, 19.292308873279257 ], [ -99.547526861932084, 19.292578367864493 ], [ -99.547257367346859, 19.292578367864493 ], [ -99.547257367346859, 19.293117357034962 ], [ -99.546448883591154, 19.293117357034962 ], [ -99.546448883591154, 19.293656346205434 ], [ -99.546718378176379, 19.293656346205434 ], [ -99.546718378176379, 19.293925840790671 ], [ -99.546448883591154, 19.293925840790671 ], [ -99.546448883591154, 19.294464829961143 ], [ -99.545909894420674, 19.294464829961143 ], [ -99.545909894420674, 19.294734324546379 ], [ -99.546448883591154, 19.294734324546379 ], [ -99.546448883591154, 19.295003819131615 ], [ -99.546179389005914, 19.295003819131615 ], [ -99.546179389005914, 19.295273313716852 ], [ -99.545909894420674, 19.295273313716852 ], [ -99.545909894420674, 19.295542808302088 ], [ -99.545640399835435, 19.295542808302088 ], [ -99.545640399835435, 19.296081797472556 ], [ -99.545909894420674, 19.296081797472556 ], [ -99.545909894420674, 19.296351292057793 ], [ -99.545640399835435, 19.296351292057793 ], [ -99.545640399835435, 19.297429270398737 ], [ -99.545101410664969, 19.297429270398737 ], [ -99.545101410664969, 19.297698764983974 ] ], [ [ -99.546448883591154, 19.293117357034962 ], [ -99.546448883591154, 19.292847862449726 ], [ -99.545909894420674, 19.292847862449726 ], [ -99.545909894420674, 19.293117357034962 ], [ -99.546448883591154, 19.293117357034962 ] ], [ [ -99.548335345687804, 19.290961400353076 ], [ -99.548335345687804, 19.29069190576784 ], [ -99.548065851102564, 19.29069190576784 ], [ -99.548065851102564, 19.290961400353076 ], [ -99.548335345687804, 19.290961400353076 ] ] ] ] } },
{ "type": "Feature", "properties": { "ZONA_MET": "Toluca", "INTENSIDAD": "Extrema", "T_PROM_POL": 4.0, "T_MIN_CIUD": 1.0, "DIF_TERMIC": 2.0 }, "geometry": { "type": "MultiPolygon", "coordinates": [ [ [ [ -99.572050869188558, 19.28880544367119 ], [ -99.571511880018079, 19.28880544367119 ], [ -99.571511880018079, 19.288535949085954 ], [ -99.570972890847614, 19.288535949085954 ], [ -99.570972890847614, 19.288266454500718 ], [ -99.570433901677134, 19.288266454500718 ], [ -99.570433901677134, 19.28880544367119 ], [ -99.570164407091909, 19.28880544367119 ], [ -99.570164407091909, 19.288535949085954 ], [ -99.569625417921429, 19.288535949085954 ], [ -99.569625417921429, 19.288266454500718 ], [ -99.569894912506669, 19.288266454500718 ], [ -99.569894912506669, 19.287996959915482 ], [ -99.569625417921429, 19.287996959915482 ], [ -99.569625417921429, 19.287727465330246 ], [ -99.569894912506669, 19.287727465330246 ], [ -99.569894912506669, 19.28745797074501 ], [ -99.570164407091909, 19.28745797074501 ], [ -99.570164407091909, 19.286918981574537 ], [ -99.570703396262374, 19.286918981574537 ], [ -99.570703396262374, 19.287188476159773 ], [ -99.570433901677134, 19.287188476159773 ], [ -99.570433901677134, 19.287727465330246 ], [ -99.570972890847614, 19.287727465330246 ], [ -99.570972890847614, 19.287996959915482 ], [ -99.571511880018079, 19.287996959915482 ], [ -99.571511880018079, 19.287727465330246 ], [ -99.572050869188558, 19.287727465330246 ], [ -99.572050869188558, 19.28880544367119 ] ] ] ] } },
{ "type": "Feature", "properties": { "ZONA_MET": "Toluca", "INTENSIDAD": "Intensa", "T_PROM_POL": 4.0, "T_MIN_CIUD": 1.0, "DIF_TERMIC": 2.0 }, "geometry": { "type": "MultiPolygon", "coordinates": [ [ [ [ -99.629453215843796, 19.292578367864493 ], [ -99.627836248332372, 19.292578367864493 ], [ -99.627836248332372, 19.289074938256427 ], [ -99.627297259161907, 19.289074938256427 ], [ -99.627297259161907, 19.28880544367119 ], [ -99.627027764576667, 19.28880544367119 ], [ -99.627027764576667, 19.288266454500718 ], [ -99.627297259161907, 19.288266454500718 ], [ -99.627297259161907, 19.287727465330246 ], [ -99.627027764576667, 19.287727465330246 ], [ -99.627027764576667, 19.287996959915482 ], [ -99.626758269991427, 19.287996959915482 ], [ -99.626758269991427, 19.287727465330246 ], [ -99.626219280820962, 19.287727465330246 ], [ -99.626219280820962, 19.28745797074501 ], [ -99.625949786235722, 19.28745797074501 ], [ -99.625949786235722, 19.287188476159773 ], [ -99.626219280820962, 19.287188476159773 ], [ -99.626219280820962, 19.286918981574537 ], [ -99.626488775406202, 19.286918981574537 ], [ -99.626488775406202, 19.286649486989305 ], [ -99.626758269991427, 19.286649486989305 ], [ -99.626758269991427, 19.286918981574537 ], [ -99.627027764576667, 19.286918981574537 ], [ -99.627027764576667, 19.287188476159773 ], [ -99.627566753747132, 19.287188476159773 ], [ -99.627566753747132, 19.28745797074501 ], [ -99.627836248332372, 19.28745797074501 ], [ -99.627836248332372, 19.287996959915482 ], [ -99.628105742917612, 19.287996959915482 ], [ -99.628105742917612, 19.288266454500718 ], [ -99.628644732088077, 19.288266454500718 ], [ -99.628644732088077, 19.28745797074501 ], [ -99.629183721258556, 19.28745797074501 ], [ -99.629183721258556, 19.287996959915482 ], [ -99.629722710429022, 19.287996959915482 ], [ -99.629722710429022, 19.288266454500718 ], [ -99.629453215843796, 19.288266454500718 ], [ -99.629453215843796, 19.28880544367119 ], [ -99.629722710429022, 19.28880544367119 ], [ -99.629722710429022, 19.289074938256427 ], [ -99.629453215843796, 19.289074938256427 ], [ -99.629453215843796, 19.289613927426899 ], [ -99.629183721258556, 19.289613927426899 ], [ -99.629183721258556, 19.289883422012132 ], [ -99.629453215843796, 19.289883422012132 ], [ -99.629453215843796, 19.290422411182604 ], [ -99.628105742917612, 19.290422411182604 ], [ -99.628105742917612, 19.290961400353076 ], [ -99.628375237502851, 19.290961400353076 ], [ -99.628375237502851, 19.29069190576784 ], [ -99.628914226673317, 19.29069190576784 ], [ -99.628914226673317, 19.291230894938312 ], [ -99.628375237502851, 19.291230894938312 ], [ -99.628375237502851, 19.291500389523549 ], [ -99.628105742917612, 19.291500389523549 ], [ -99.628105742917612, 19.291769884108785 ], [ -99.628375237502851, 19.291769884108785 ], [ -99.628375237502851, 19.292039378694021 ], [ -99.629453215843796, 19.292039378694021 ], [ -99.629453215843796, 19.291500389523549 ], [ -99.629722710429022, 19.291500389523549 ], [ -99.629722710429022, 19.292308873279257 ], [ -99.629453215843796, 19.292308873279257 ], [ -99.629453215843796, 19.292578367864493 ] ], [ [ -99.628914226673317, 19.290152916597368 ], [ -99.628914226673317, 19.289883422012132 ], [ -99.628105742917612, 19.289883422012132 ], [ -99.628105742917612, 19.290152916597368 ], [ -99.628914226673317, 19.290152916597368 ] ] ] ] } },
{ "type": "Feature", "properties": { "ZONA_MET": "Toluca", "INTENSIDAD": "Intensa", "T_PROM_POL": 4.0, "T_MIN_CIUD": 1.0, "DIF_TERMIC": 2.0 }, "geometry": { "type": "MultiPolygon", "coordinates": [ [ [ [ -99.554803215733457, 19.292308873279257 ], [ -99.554533721148218, 19.292308873279257 ], [ -99.554533721148218, 19.292039378694021 ], [ -99.554264226562992, 19.292039378694021 ], [ -99.554264226562992, 19.291769884108785 ], [ -99.554533721148218, 19.291769884108785 ], [ -99.554533721148218, 19.290422411182604 ], [ -99.554264226562992, 19.290422411182604 ], [ -99.554264226562992, 19.289883422012132 ], [ -99.553994731977753, 19.289883422012132 ], [ -99.553994731977753, 19.289613927426899 ], [ -99.553455742807273, 19.289613927426899 ], [ -99.553455742807273, 19.289883422012132 ], [ -99.552916753636808, 19.289883422012132 ], [ -99.552916753636808, 19.290152916597368 ], [ -99.551569280710623, 19.290152916597368 ], [ -99.551569280710623, 19.290422411182604 ], [ -99.551030291540158, 19.290422411182604 ], [ -99.551030291540158, 19.289883422012132 ], [ -99.552108269881103, 19.289883422012132 ], [ -99.552108269881103, 19.289613927426899 ], [ -99.552647259051568, 19.289613927426899 ], [ -99.552647259051568, 19.288266454500718 ], [ -99.551569280710623, 19.288266454500718 ], [ -99.551569280710623, 19.288535949085954 ], [ -99.551299786125398, 19.288535949085954 ], [ -99.551299786125398, 19.287996959915482 ], [ -99.551838775295863, 19.287996959915482 ], [ -99.551838775295863, 19.28745797074501 ], [ -99.552377764466343, 19.28745797074501 ], [ -99.552377764466343, 19.286918981574537 ], [ -99.552647259051568, 19.286918981574537 ], [ -99.552647259051568, 19.286649486989305 ], [ -99.553725237392513, 19.286649486989305 ], [ -99.553725237392513, 19.286379992404068 ], [ -99.554533721148218, 19.286379992404068 ], [ -99.554533721148218, 19.286649486989305 ], [ -99.554803215733457, 19.286649486989305 ], [ -99.554803215733457, 19.286918981574537 ], [ -99.555342204903937, 19.286918981574537 ], [ -99.555342204903937, 19.287188476159773 ], [ -99.555611699489162, 19.287188476159773 ], [ -99.555611699489162, 19.287996959915482 ], [ -99.555881194074402, 19.287996959915482 ], [ -99.555881194074402, 19.288266454500718 ], [ -99.556150688659642, 19.288266454500718 ], [ -99.556150688659642, 19.289074938256427 ], [ -99.556420183244867, 19.289074938256427 ], [ -99.556420183244867, 19.289613927426899 ], [ -99.556959172415347, 19.289613927426899 ], [ -99.556959172415347, 19.289883422012132 ], [ -99.557228667000587, 19.289883422012132 ], [ -99.557228667000587, 19.290152916597368 ], [ -99.555881194074402, 19.290152916597368 ], [ -99.555881194074402, 19.291500389523549 ], [ -99.555611699489162, 19.291500389523549 ], [ -99.555611699489162, 19.291769884108785 ], [ -99.555342204903937, 19.291769884108785 ], [ -99.555342204903937, 19.292039378694021 ], [ -99.554803215733457, 19.292039378694021 ], [ -99.554803215733457, 19.292308873279257 ] ], [ [ -99.556150688659642, 19.289883422012132 ], [ -99.556150688659642, 19.289074938256427 ], [ -99.555881194074402, 19.289074938256427 ], [ -99.555881194074402, 19.289344432841663 ], [ -99.554803215733457, 19.289344432841663 ], [ -99.554803215733457, 19.289883422012132 ], [ -99.556150688659642, 19.289883422012132 ] ], [ [ -99.555611699489162, 19.289074938256427 ], [ -99.555611699489162, 19.288266454500718 ], [ -99.555342204903937, 19.288266454500718 ], [ -99.555342204903937, 19.287996959915482 ], [ -99.555072710318697, 19.287996959915482 ], [ -99.555072710318697, 19.289074938256427 ], [ -99.555611699489162, 19.289074938256427 ] ], [ [ -99.554533721148218, 19.289074938256427 ], [ -99.554533721148218, 19.28880544367119 ], [ -99.554264226562992, 19.28880544367119 ], [ -99.554264226562992, 19.289074938256427 ], [ -99.554533721148218, 19.289074938256427 ] ], [ [ -99.553186248222048, 19.28880544367119 ], [ -99.553186248222048, 19.288535949085954 ], [ -99.552916753636808, 19.288535949085954 ], [ -99.552916753636808, 19.28880544367119 ], [ -99.553186248222048, 19.28880544367119 ] ], [ [ -99.553725237392513, 19.288535949085954 ], [ -99.553725237392513, 19.288266454500718 ], [ -99.553994731977753, 19.288266454500718 ], [ -99.553994731977753, 19.287996959915482 ], [ -99.553725237392513, 19.287996959915482 ], [ -99.553725237392513, 19.28745797074501 ], [ -99.553455742807273, 19.28745797074501 ], [ -99.553455742807273, 19.287996959915482 ], [ -99.553186248222048, 19.287996959915482 ], [ -99.553186248222048, 19.288266454500718 ], [ -99.553455742807273, 19.288266454500718 ], [ -99.553455742807273, 19.288535949085954 ], [ -99.553725237392513, 19.288535949085954 ] ] ] ] } },
{ "type": "Feature", "properties": { "ZONA_MET": "Toluca", "INTENSIDAD": "Intensa", "T_PROM_POL": 4.0, "T_MIN_CIUD": 1.0, "DIF_TERMIC": 2.0 }, "geometry": { "type": "MultiPolygon", "coordinates": [ [ [ [ -99.654516212270721, 19.288266454500718 ], [ -99.654246717685481, 19.288266454500718 ], [ -99.654246717685481, 19.287996959915482 ], [ -99.653168739344551, 19.287996959915482 ], [ -99.653168739344551, 19.287727465330246 ], [ -99.652629750174071, 19.287727465330246 ], [ -99.652629750174071, 19.286649486989305 ], [ -99.653168739344551, 19.286649486989305 ], [ -99.653168739344551, 19.286110497818832 ], [ -99.653707728515016, 19.286110497818832 ], [ -99.653707728515016, 19.285841003233596 ], [ -99.654246717685481, 19.285841003233596 ], [ -99.654246717685481, 19.286110497818832 ], [ -99.654516212270721, 19.286110497818832 ], [ -99.654516212270721, 19.286379992404068 ], [ -99.654785706855961, 19.286379992404068 ], [ -99.654785706855961, 19.287727465330246 ], [ -99.654516212270721, 19.287727465330246 ], [ -99.654516212270721, 19.288266454500718 ] ], [ [ -99.653977223100256, 19.28745797074501 ], [ -99.653977223100256, 19.287188476159773 ], [ -99.654246717685481, 19.287188476159773 ], [ -99.654246717685481, 19.286649486989305 ], [ -99.653438233929776, 19.286649486989305 ], [ -99.653438233929776, 19.28745797074501 ], [ -99.653977223100256, 19.28745797074501 ] ] ] ] } },
{ "type": "Feature", "properties": { "ZONA_MET": "Toluca", "INTENSIDAD": "Intensa", "T_PROM_POL": 3.0, "T_MIN_CIUD": 1.0, "DIF_TERMIC": 2.0 }, "geometry": { "type": "MultiPolygon", "coordinates": [ [ [ [ -99.586064587620811, 19.285841003233596 ], [ -99.585525598450346, 19.285841003233596 ], [ -99.585525598450346, 19.285302014063124 ], [ -99.585256103865106, 19.285302014063124 ], [ -99.585256103865106, 19.285032519477888 ], [ -99.585525598450346, 19.285032519477888 ], [ -99.585525598450346, 19.284763024892651 ], [ -99.586064587620811, 19.284763024892651 ], [ -99.586064587620811, 19.285032519477888 ], [ -99.58660357679129, 19.285032519477888 ], [ -99.58660357679129, 19.28557150864836 ], [ -99.586064587620811, 19.28557150864836 ], [ -99.586064587620811, 19.285841003233596 ] ] ] ] } },
{ "type": "Feature", "properties": { "ZONA_MET": "Toluca", "INTENSIDAD": "Intensa", "T_PROM_POL": 4.0, "T_MIN_CIUD": 1.0, "DIF_TERMIC": 2.0 }, "geometry": { "type": "MultiPolygon", "coordinates": [ [ [ [ -99.63565159130421, 19.285302014063124 ], [ -99.635112602133745, 19.285302014063124 ], [ -99.635112602133745, 19.285032519477888 ], [ -99.634573612963266, 19.285032519477888 ], [ -99.634573612963266, 19.284493530307415 ], [ -99.6340346237928, 19.284493530307415 ], [ -99.6340346237928, 19.284224035722179 ], [ -99.634573612963266, 19.284224035722179 ], [ -99.634573612963266, 19.283954541136943 ], [ -99.635382096718985, 19.283954541136943 ], [ -99.635382096718985, 19.284224035722179 ], [ -99.63565159130421, 19.284224035722179 ], [ -99.63565159130421, 19.285302014063124 ] ] ] ] } },
{ "type": "Feature", "properties": { "ZONA_MET": "Toluca", "INTENSIDAD": "Intensa", "T_PROM_POL": 4.0, "T_MIN_CIUD": 1.0, "DIF_TERMIC": 2.0 }, "geometry": { "type": "MultiPolygon", "coordinates": [ [ [ [ -99.6378075479861, 19.286918981574537 ], [ -99.637268558815634, 19.286918981574537 ], [ -99.637268558815634, 19.286379992404068 ], [ -99.636999064230395, 19.286379992404068 ], [ -99.636999064230395, 19.285841003233596 ], [ -99.637268558815634, 19.285841003233596 ], [ -99.637268558815634, 19.28557150864836 ], [ -99.63753805340086, 19.28557150864836 ], [ -99.63753805340086, 19.284224035722179 ], [ -99.6378075479861, 19.284224035722179 ], [ -99.6378075479861, 19.284763024892651 ], [ -99.638077042571339, 19.284763024892651 ], [ -99.638077042571339, 19.284493530307415 ], [ -99.638346537156579, 19.284493530307415 ], [ -99.638346537156579, 19.283954541136943 ], [ -99.639155020912284, 19.283954541136943 ], [ -99.639155020912284, 19.284224035722179 ], [ -99.63942451549751, 19.284224035722179 ], [ -99.63942451549751, 19.284493530307415 ], [ -99.639694010082749, 19.284493530307415 ], [ -99.639694010082749, 19.284763024892651 ], [ -99.63942451549751, 19.284763024892651 ], [ -99.63942451549751, 19.285841003233596 ], [ -99.639155020912284, 19.285841003233596 ], [ -99.639155020912284, 19.286379992404068 ], [ -99.638885526327044, 19.286379992404068 ], [ -99.638885526327044, 19.286649486989305 ], [ -99.6378075479861, 19.286649486989305 ], [ -99.6378075479861, 19.286918981574537 ] ] ] ] } },
{ "type": "Feature", "properties": { "ZONA_MET": "Toluca", "INTENSIDAD": "Intensa", "T_PROM_POL": 4.0, "T_MIN_CIUD": 1.0, "DIF_TERMIC": 2.0 }, "geometry": { "type": "MultiPolygon", "coordinates": [ [ [ [ -99.504677222879593, 19.28557150864836 ], [ -99.503599244538648, 19.28557150864836 ], [ -99.503599244538648, 19.285302014063124 ], [ -99.503329749953409, 19.285302014063124 ], [ -99.503329749953409, 19.285032519477888 ], [ -99.503060255368169, 19.285032519477888 ], [ -99.503060255368169, 19.283954541136943 ], [ -99.503868739123888, 19.283954541136943 ], [ -99.503868739123888, 19.284493530307415 ], [ -99.503599244538648, 19.284493530307415 ], [ -99.503599244538648, 19.285032519477888 ], [ -99.504138233709114, 19.285032519477888 ], [ -99.504138233709114, 19.285302014063124 ], [ -99.504677222879593, 19.285302014063124 ], [ -99.504677222879593, 19.28557150864836 ] ] ] ] } },
{ "type": "Feature", "properties": { "ZONA_MET": "Toluca", "INTENSIDAD": "Intensa", "T_PROM_POL": 4.0, "T_MIN_CIUD": 1.0, "DIF_TERMIC": 2.0 }, "geometry": { "type": "MultiPolygon", "coordinates": [ [ [ [ -99.644005923446528, 19.283954541136943 ], [ -99.642388955935104, 19.283954541136943 ], [ -99.642388955935104, 19.28368504655171 ], [ -99.642658450520344, 19.28368504655171 ], [ -99.642658450520344, 19.283415551966474 ], [ -99.642927945105583, 19.283415551966474 ], [ -99.642927945105583, 19.283146057381238 ], [ -99.643197439690823, 19.283146057381238 ], [ -99.643197439690823, 19.282876562796002 ], [ -99.644005923446528, 19.282876562796002 ], [ -99.644005923446528, 19.283954541136943 ] ] ] ] } },
{ "type": "Feature", "properties": { "ZONA_MET": "Toluca", "INTENSIDAD": "Extrema", "T_PROM_POL": 4.0, "T_MIN_CIUD": 1.0, "DIF_TERMIC": 2.0 }, "geometry": { "type": "MultiPolygon", "coordinates": [ [ [ [ -99.500365309515814, 19.28368504655171 ], [ -99.498478847419165, 19.28368504655171 ], [ -99.498478847419165, 19.283415551966474 ], [ -99.498748342004404, 19.283415551966474 ], [ -99.498748342004404, 19.283146057381238 ], [ -99.499017836589644, 19.283146057381238 ], [ -99.499017836589644, 19.282876562796002 ], [ -99.499826320345349, 19.282876562796002 ], [ -99.499826320345349, 19.283146057381238 ], [ -99.500365309515814, 19.283146057381238 ], [ -99.500365309515814, 19.28368504655171 ] ] ] ] } },
{ "type": "Feature", "properties": { "ZONA_MET": "Toluca", "INTENSIDAD": "Intensa", "T_PROM_POL": 3.0, "T_MIN_CIUD": 1.0, "DIF_TERMIC": 2.0 }, "geometry": { "type": "MultiPolygon", "coordinates": [ [ [ [ -99.515726500874266, 19.282876562796002 ], [ -99.514918017118546, 19.282876562796002 ], [ -99.514918017118546, 19.282607068210766 ], [ -99.514648522533321, 19.282607068210766 ], [ -99.514648522533321, 19.282068079040293 ], [ -99.514379027948081, 19.282068079040293 ], [ -99.514379027948081, 19.281798584455057 ], [ -99.514648522533321, 19.281798584455057 ], [ -99.514648522533321, 19.281529089869821 ], [ -99.515187511703786, 19.281529089869821 ], [ -99.515187511703786, 19.282068079040293 ], [ -99.515726500874266, 19.282068079040293 ], [ -99.515726500874266, 19.282876562796002 ] ] ] ] } },
{ "type": "Feature", "properties": { "ZONA_MET": "Toluca", "INTENSIDAD": "Intensa", "T_PROM_POL": 4.0, "T_MIN_CIUD": 1.0, "DIF_TERMIC": 2.0 }, "geometry": { "type": "MultiPolygon", "coordinates": [ [ [ [ -99.501982277027238, 19.283954541136943 ], [ -99.501443287856759, 19.283954541136943 ], [ -99.501443287856759, 19.28368504655171 ], [ -99.501173793271519, 19.28368504655171 ], [ -99.501173793271519, 19.283146057381238 ], [ -99.500904298686294, 19.283146057381238 ], [ -99.500904298686294, 19.282607068210766 ], [ -99.500634804101054, 19.282607068210766 ], [ -99.500634804101054, 19.281259595284585 ], [ -99.502251771612464, 19.281259595284585 ], [ -99.502251771612464, 19.281529089869821 ], [ -99.502521266197704, 19.281529089869821 ], [ -99.502521266197704, 19.283415551966474 ], [ -99.502790760782943, 19.283415551966474 ], [ -99.502790760782943, 19.28368504655171 ], [ -99.501982277027238, 19.28368504655171 ], [ -99.501982277027238, 19.283954541136943 ] ], [ [ -99.501982277027238, 19.283415551966474 ], [ -99.501982277027238, 19.283146057381238 ], [ -99.501712782441999, 19.283146057381238 ], [ -99.501712782441999, 19.283415551966474 ], [ -99.501982277027238, 19.283415551966474 ] ], [ [ -99.501712782441999, 19.283146057381238 ], [ -99.501712782441999, 19.282876562796002 ], [ -99.501443287856759, 19.282876562796002 ], [ -99.501443287856759, 19.283146057381238 ], [ -99.501712782441999, 19.283146057381238 ] ], [ [ -99.501982277027238, 19.282876562796002 ], [ -99.501982277027238, 19.282068079040293 ], [ -99.502251771612464, 19.282068079040293 ], [ -99.502251771612464, 19.281798584455057 ], [ -99.501712782441999, 19.281798584455057 ], [ -99.501712782441999, 19.281529089869821 ], [ -99.501173793271519, 19.281529089869821 ], [ -99.501173793271519, 19.282068079040293 ], [ -99.501712782441999, 19.282068079040293 ], [ -99.501712782441999, 19.282876562796002 ], [ -99.501982277027238, 19.282876562796002 ] ] ] ] } },
{ "type": "Feature", "properties": { "ZONA_MET": "Toluca", "INTENSIDAD": "Intensa", "T_PROM_POL": 4.0, "T_MIN_CIUD": 1.0, "DIF_TERMIC": 2.0 }, "geometry": { "type": "MultiPolygon", "coordinates": [ [ [ [ -99.750725779199925, 19.282337573625529 ], [ -99.74991729544422, 19.282337573625529 ], [ -99.74991729544422, 19.281798584455057 ], [ -99.74964780085898, 19.281798584455057 ], [ -99.74964780085898, 19.282068079040293 ], [ -99.749378306273741, 19.282068079040293 ], [ -99.749378306273741, 19.282337573625529 ], [ -99.749108811688501, 19.282337573625529 ], [ -99.749108811688501, 19.281529089869821 ], [ -99.74964780085898, 19.281529089869821 ], [ -99.74964780085898, 19.281259595284585 ], [ -99.750186790029446, 19.281259595284585 ], [ -99.750186790029446, 19.281529089869821 ], [ -99.750456284614685, 19.281529089869821 ], [ -99.750456284614685, 19.281259595284585 ], [ -99.750995273785165, 19.281259595284585 ], [ -99.750995273785165, 19.282068079040293 ], [ -99.750725779199925, 19.282068079040293 ], [ -99.750725779199925, 19.282337573625529 ] ] ] ] } },
{ "type": "Feature", "properties": { "ZONA_MET": "Toluca", "INTENSIDAD": "Intensa", "T_PROM_POL": 4.0, "T_MIN_CIUD": 1.0, "DIF_TERMIC": 2.0 }, "geometry": { "type": "MultiPolygon", "coordinates": [ [ [ [ -99.637268558815634, 19.282876562796002 ], [ -99.636460075059915, 19.282876562796002 ], [ -99.636460075059915, 19.282337573625529 ], [ -99.63619058047469, 19.282337573625529 ], [ -99.63619058047469, 19.282876562796002 ], [ -99.63592108588945, 19.282876562796002 ], [ -99.63592108588945, 19.280990100699348 ], [ -99.636729569645155, 19.280990100699348 ], [ -99.636729569645155, 19.281259595284585 ], [ -99.636999064230395, 19.281259595284585 ], [ -99.636999064230395, 19.281529089869821 ], [ -99.637268558815634, 19.281529089869821 ], [ -99.637268558815634, 19.282876562796002 ] ] ] ] } },
{ "type": "Feature", "properties": { "ZONA_MET": "Toluca", "INTENSIDAD": "Intensa", "T_PROM_POL": 4.0, "T_MIN_CIUD": 1.0, "DIF_TERMIC": 2.0 }, "geometry": { "type": "MultiPolygon", "coordinates": [ [ [ [ -99.641310977594173, 19.282876562796002 ], [ -99.641041483008934, 19.282876562796002 ], [ -99.641041483008934, 19.282068079040293 ], [ -99.640232999253229, 19.282068079040293 ], [ -99.640232999253229, 19.281798584455057 ], [ -99.640502493838454, 19.281798584455057 ], [ -99.640502493838454, 19.281529089869821 ], [ -99.640771988423694, 19.281529089869821 ], [ -99.640771988423694, 19.281259595284585 ], [ -99.641041483008934, 19.281259595284585 ], [ -99.641041483008934, 19.280990100699348 ], [ -99.641310977594173, 19.280990100699348 ], [ -99.641310977594173, 19.281259595284585 ], [ -99.641580472179399, 19.281259595284585 ], [ -99.641580472179399, 19.280990100699348 ], [ -99.642119461349878, 19.280990100699348 ], [ -99.642119461349878, 19.281259595284585 ], [ -99.642388955935104, 19.281259595284585 ], [ -99.642388955935104, 19.281798584455057 ], [ -99.641580472179399, 19.281798584455057 ], [ -99.641580472179399, 19.282068079040293 ], [ -99.641310977594173, 19.282068079040293 ], [ -99.641310977594173, 19.282876562796002 ] ] ] ] } },
{ "type": "Feature", "properties": { "ZONA_MET": "Toluca", "INTENSIDAD": "Intensa", "T_PROM_POL": 4.0, "T_MIN_CIUD": 1.0, "DIF_TERMIC": 2.0 }, "geometry": { "type": "MultiPolygon", "coordinates": [ [ [ [ -99.497939858248699, 19.282876562796002 ], [ -99.49740086907822, 19.282876562796002 ], [ -99.49740086907822, 19.281529089869821 ], [ -99.49767036366346, 19.281529089869821 ], [ -99.49767036366346, 19.281259595284585 ], [ -99.499017836589644, 19.281259595284585 ], [ -99.499017836589644, 19.280990100699348 ], [ -99.49928733117487, 19.280990100699348 ], [ -99.49928733117487, 19.281529089869821 ], [ -99.498478847419165, 19.281529089869821 ], [ -99.498478847419165, 19.281798584455057 ], [ -99.498209352833925, 19.281798584455057 ], [ -99.498209352833925, 19.282337573625529 ], [ -99.497939858248699, 19.282337573625529 ], [ -99.497939858248699, 19.282876562796002 ] ] ] ] } },
{ "type": "Feature", "properties": { "ZONA_MET": "Toluca", "INTENSIDAD": "Extrema", "T_PROM_POL": 4.0, "T_MIN_CIUD": 1.0, "DIF_TERMIC": 2.0 }, "geometry": { "type": "MultiPolygon", "coordinates": [ [ [ [ -99.63592108588945, 19.283146057381238 ], [ -99.635112602133745, 19.283146057381238 ], [ -99.635112602133745, 19.282337573625529 ], [ -99.635382096718985, 19.282337573625529 ], [ -99.635382096718985, 19.282068079040293 ], [ -99.635112602133745, 19.282068079040293 ], [ -99.635112602133745, 19.279912122358407 ], [ -99.63592108588945, 19.279912122358407 ], [ -99.63592108588945, 19.283146057381238 ] ] ] ] } },
{ "type": "Feature", "properties": { "ZONA_MET": "Toluca", "INTENSIDAD": "Intensa", "T_PROM_POL": 4.0, "T_MIN_CIUD": 1.0, "DIF_TERMIC": 2.0 }, "geometry": { "type": "MultiPolygon", "coordinates": [ [ [ [ -99.487968558594972, 19.280720606114112 ], [ -99.486890580254027, 19.280720606114112 ], [ -99.486890580254027, 19.28045111152888 ], [ -99.486621085668787, 19.28045111152888 ], [ -99.486621085668787, 19.279642627773171 ], [ -99.487160074839267, 19.279642627773171 ], [ -99.487160074839267, 19.279912122358407 ], [ -99.487699064009732, 19.279912122358407 ], [ -99.487699064009732, 19.279642627773171 ], [ -99.487968558594972, 19.279642627773171 ], [ -99.487968558594972, 19.279373133187935 ], [ -99.488238053180197, 19.279373133187935 ], [ -99.488238053180197, 19.279912122358407 ], [ -99.487968558594972, 19.279912122358407 ], [ -99.487968558594972, 19.280720606114112 ] ] ] ] } },
{ "type": "Feature", "properties": { "ZONA_MET": "Toluca", "INTENSIDAD": "Intensa", "T_PROM_POL": 4.0, "T_MIN_CIUD": 1.0, "DIF_TERMIC": 2.0 }, "geometry": { "type": "MultiPolygon", "coordinates": [ [ [ [ -99.63430411837804, 19.275600208994632 ], [ -99.633495634622321, 19.275600208994632 ], [ -99.633495634622321, 19.275330714409396 ], [ -99.633226140037095, 19.275330714409396 ], [ -99.633226140037095, 19.27506121982416 ], [ -99.632956645451856, 19.27506121982416 ], [ -99.632956645451856, 19.274791725238924 ], [ -99.633226140037095, 19.274791725238924 ], [ -99.633226140037095, 19.274252736068455 ], [ -99.6340346237928, 19.274252736068455 ], [ -99.6340346237928, 19.274522230653691 ], [ -99.63430411837804, 19.274522230653691 ], [ -99.63430411837804, 19.274791725238924 ], [ -99.634843107548505, 19.274791725238924 ], [ -99.634843107548505, 19.275330714409396 ], [ -99.63430411837804, 19.275330714409396 ], [ -99.63430411837804, 19.275600208994632 ] ] ] ] } },
{ "type": "Feature", "properties": { "ZONA_MET": "Toluca", "INTENSIDAD": "Intensa", "T_PROM_POL": 3.0, "T_MIN_CIUD": 1.0, "DIF_TERMIC": 2.0 }, "geometry": { "type": "MultiPolygon", "coordinates": [ [ [ [ -99.646970363884122, 19.275330714409396 ], [ -99.646161880128417, 19.275330714409396 ], [ -99.646161880128417, 19.274522230653691 ], [ -99.645892385543178, 19.274522230653691 ], [ -99.645892385543178, 19.274252736068455 ], [ -99.646970363884122, 19.274252736068455 ], [ -99.646970363884122, 19.274522230653691 ], [ -99.647239858469362, 19.274522230653691 ], [ -99.647239858469362, 19.27506121982416 ], [ -99.646970363884122, 19.27506121982416 ], [ -99.646970363884122, 19.275330714409396 ] ] ] ] } },
{ "type": "Feature", "properties": { "ZONA_MET": "Toluca", "INTENSIDAD": "Intensa", "T_PROM_POL": 4.0, "T_MIN_CIUD": 1.0, "DIF_TERMIC": 2.0 }, "geometry": { "type": "MultiPolygon", "coordinates": [ [ [ [ -99.641041483008934, 19.279642627773171 ], [ -99.640232999253229, 19.279642627773171 ], [ -99.640232999253229, 19.279373133187935 ], [ -99.640771988423694, 19.279373133187935 ], [ -99.640771988423694, 19.279103638602699 ], [ -99.640502493838454, 19.279103638602699 ], [ -99.640502493838454, 19.278834144017463 ], [ -99.641041483008934, 19.278834144017463 ], [ -99.641041483008934, 19.278025660261754 ], [ -99.640502493838454, 19.278025660261754 ], [ -99.640502493838454, 19.277486671091285 ], [ -99.639963504667989, 19.277486671091285 ], [ -99.639963504667989, 19.277217176506049 ], [ -99.641580472179399, 19.277217176506049 ], [ -99.641580472179399, 19.277486671091285 ], [ -99.641849966764639, 19.277486671091285 ], [ -99.641849966764639, 19.276947681920813 ], [ -99.642119461349878, 19.276947681920813 ], [ -99.642119461349878, 19.276678187335577 ], [ -99.642388955935104, 19.276678187335577 ], [ -99.642388955935104, 19.276408692750341 ], [ -99.643197439690823, 19.276408692750341 ], [ -99.643197439690823, 19.274252736068455 ], [ -99.642927945105583, 19.274252736068455 ], [ -99.642927945105583, 19.273983241483219 ], [ -99.644005923446528, 19.273983241483219 ], [ -99.644005923446528, 19.274252736068455 ], [ -99.644275418031768, 19.274252736068455 ], [ -99.644275418031768, 19.274522230653691 ], [ -99.644544912616993, 19.274522230653691 ], [ -99.644544912616993, 19.27506121982416 ], [ -99.643736428861288, 19.27506121982416 ], [ -99.643736428861288, 19.275330714409396 ], [ -99.644275418031768, 19.275330714409396 ], [ -99.644275418031768, 19.275869703579868 ], [ -99.645083901787473, 19.275869703579868 ], [ -99.645083901787473, 19.276139198165104 ], [ -99.645353396372698, 19.276139198165104 ], [ -99.645353396372698, 19.276408692750341 ], [ -99.645622890957938, 19.276408692750341 ], [ -99.645622890957938, 19.276678187335577 ], [ -99.645353396372698, 19.276678187335577 ], [ -99.645353396372698, 19.276947681920813 ], [ -99.645083901787473, 19.276947681920813 ], [ -99.645083901787473, 19.277486671091285 ], [ -99.644275418031768, 19.277486671091285 ], [ -99.644275418031768, 19.277756165676518 ], [ -99.643466934276049, 19.277756165676518 ], [ -99.643466934276049, 19.27829515484699 ], [ -99.642119461349878, 19.27829515484699 ], [ -99.642119461349878, 19.278564649432226 ], [ -99.641849966764639, 19.278564649432226 ], [ -99.641849966764639, 19.279103638602699 ], [ -99.641580472179399, 19.279103638602699 ], [ -99.641580472179399, 19.278834144017463 ], [ -99.641310977594173, 19.278834144017463 ], [ -99.641310977594173, 19.279103638602699 ], [ -99.641041483008934, 19.279103638602699 ], [ -99.641041483008934, 19.279642627773171 ] ], [ [ -99.641580472179399, 19.278025660261754 ], [ -99.641580472179399, 19.277756165676518 ], [ -99.641041483008934, 19.277756165676518 ], [ -99.641041483008934, 19.278025660261754 ], [ -99.641580472179399, 19.278025660261754 ] ] ] ] } },
{ "type": "Feature", "properties": { "ZONA_MET": "Toluca", "INTENSIDAD": "Intensa", "T_PROM_POL": 4.0, "T_MIN_CIUD": 1.0, "DIF_TERMIC": 2.0 }, "geometry": { "type": "MultiPolygon", "coordinates": [ [ [ [ -99.620290399945773, 19.275330714409396 ], [ -99.619212421604828, 19.275330714409396 ], [ -99.619212421604828, 19.274791725238924 ], [ -99.618942927019589, 19.274791725238924 ], [ -99.618942927019589, 19.274522230653691 ], [ -99.619212421604828, 19.274522230653691 ], [ -99.619212421604828, 19.274252736068455 ], [ -99.620559894531013, 19.274252736068455 ], [ -99.620559894531013, 19.273983241483219 ], [ -99.621637872871943, 19.273983241483219 ], [ -99.621637872871943, 19.273713746897982 ], [ -99.622985345798128, 19.273713746897982 ], [ -99.622985345798128, 19.274252736068455 ], [ -99.622715851212888, 19.274252736068455 ], [ -99.622715851212888, 19.274791725238924 ], [ -99.621907367457183, 19.274791725238924 ], [ -99.621907367457183, 19.27506121982416 ], [ -99.621368378286718, 19.27506121982416 ], [ -99.621368378286718, 19.274791725238924 ], [ -99.620559894531013, 19.274791725238924 ], [ -99.620559894531013, 19.274522230653691 ], [ -99.620290399945773, 19.274522230653691 ], [ -99.620290399945773, 19.274791725238924 ], [ -99.620020905360533, 19.274791725238924 ], [ -99.620020905360533, 19.274522230653691 ], [ -99.619751410775294, 19.274522230653691 ], [ -99.619751410775294, 19.27506121982416 ], [ -99.620290399945773, 19.27506121982416 ], [ -99.620290399945773, 19.275330714409396 ] ] ] ] } },
{ "type": "Feature", "properties": { "ZONA_MET": "Toluca", "INTENSIDAD": "Intensa", "T_PROM_POL": 4.0, "T_MIN_CIUD": 1.0, "DIF_TERMIC": 2.0 }, "geometry": { "type": "MultiPolygon", "coordinates": [ [ [ [ -99.523002854675624, 19.271827284801329 ], [ -99.522733360090399, 19.271827284801329 ], [ -99.522733360090399, 19.271557790216097 ], [ -99.52192487633468, 19.271557790216097 ], [ -99.52192487633468, 19.271018801045624 ], [ -99.522194370919919, 19.271018801045624 ], [ -99.522194370919919, 19.270749306460388 ], [ -99.523002854675624, 19.270749306460388 ], [ -99.523002854675624, 19.271018801045624 ], [ -99.523272349260864, 19.271018801045624 ], [ -99.523272349260864, 19.271557790216097 ], [ -99.523002854675624, 19.271557790216097 ], [ -99.523002854675624, 19.271827284801329 ] ] ] ] } },
{ "type": "Feature", "properties": { "ZONA_MET": "Toluca", "INTENSIDAD": "Intensa", "T_PROM_POL": 3.0, "T_MIN_CIUD": 1.0, "DIF_TERMIC": 2.0 }, "geometry": { "type": "MultiPolygon", "coordinates": [ [ [ [ -99.594688414348369, 19.271018801045624 ], [ -99.592532457666479, 19.271018801045624 ], [ -99.592532457666479, 19.270749306460388 ], [ -99.592801952251719, 19.270749306460388 ], [ -99.592801952251719, 19.26994082270468 ], [ -99.593071446836944, 19.26994082270468 ], [ -99.593071446836944, 19.269132338948971 ], [ -99.593879930592664, 19.269132338948971 ], [ -99.593879930592664, 19.268862844363735 ], [ -99.594149425177889, 19.268862844363735 ], [ -99.594149425177889, 19.268593349778499 ], [ -99.594688414348369, 19.268593349778499 ], [ -99.594688414348369, 19.268862844363735 ], [ -99.594957908933594, 19.268862844363735 ], [ -99.594957908933594, 19.270479811875152 ], [ -99.594688414348369, 19.270479811875152 ], [ -99.594688414348369, 19.271018801045624 ] ] ] ] } },
{ "type": "Feature", "properties": { "ZONA_MET": "Toluca", "INTENSIDAD": "Intensa", "T_PROM_POL": 4.0, "T_MIN_CIUD": 1.0, "DIF_TERMIC": 2.0 }, "geometry": { "type": "MultiPolygon", "coordinates": [ [ [ [ -99.577979750063747, 19.270479811875152 ], [ -99.577710255478507, 19.270479811875152 ], [ -99.577710255478507, 19.270210317289916 ], [ -99.577440760893268, 19.270210317289916 ], [ -99.577440760893268, 19.269401833534207 ], [ -99.577171266308028, 19.269401833534207 ], [ -99.577171266308028, 19.269671328119443 ], [ -99.576901771722802, 19.269671328119443 ], [ -99.576901771722802, 19.269401833534207 ], [ -99.576632277137563, 19.269401833534207 ], [ -99.576632277137563, 19.269671328119443 ], [ -99.576362782552323, 19.269671328119443 ], [ -99.576362782552323, 19.26994082270468 ], [ -99.575823793381858, 19.26994082270468 ], [ -99.575823793381858, 19.269671328119443 ], [ -99.575554298796618, 19.269671328119443 ], [ -99.575554298796618, 19.26994082270468 ], [ -99.574745815040913, 19.26994082270468 ], [ -99.574745815040913, 19.270210317289916 ], [ -99.574476320455673, 19.270210317289916 ], [ -99.574476320455673, 19.270479811875152 ], [ -99.573937331285208, 19.270479811875152 ], [ -99.573937331285208, 19.26994082270468 ], [ -99.573667836699968, 19.26994082270468 ], [ -99.573667836699968, 19.269132338948971 ], [ -99.573937331285208, 19.269132338948971 ], [ -99.573937331285208, 19.269671328119443 ], [ -99.574206825870434, 19.269671328119443 ], [ -99.574206825870434, 19.268862844363735 ], [ -99.574476320455673, 19.268862844363735 ], [ -99.574476320455673, 19.268323855193266 ], [ -99.574745815040913, 19.268323855193266 ], [ -99.574745815040913, 19.26805436060803 ], [ -99.575284804211378, 19.26805436060803 ], [ -99.575284804211378, 19.268323855193266 ], [ -99.575015309626153, 19.268323855193266 ], [ -99.575015309626153, 19.269132338948971 ], [ -99.576093287967097, 19.269132338948971 ], [ -99.576093287967097, 19.268593349778499 ], [ -99.576362782552323, 19.268593349778499 ], [ -99.576362782552323, 19.269132338948971 ], [ -99.577979750063747, 19.269132338948971 ], [ -99.577979750063747, 19.268593349778499 ], [ -99.578249244648973, 19.268593349778499 ], [ -99.578249244648973, 19.268862844363735 ], [ -99.578518739234212, 19.268862844363735 ], [ -99.578518739234212, 19.269132338948971 ], [ -99.578788233819452, 19.269132338948971 ], [ -99.578788233819452, 19.269401833534207 ], [ -99.578518739234212, 19.269401833534207 ], [ -99.578518739234212, 19.26994082270468 ], [ -99.578249244648973, 19.26994082270468 ], [ -99.578249244648973, 19.270210317289916 ], [ -99.577979750063747, 19.270210317289916 ], [ -99.577979750063747, 19.270479811875152 ] ] ] ] } },
{ "type": "Feature", "properties": { "ZONA_MET": "Toluca", "INTENSIDAD": "Intensa", "T_PROM_POL": 3.0, "T_MIN_CIUD": 1.0, "DIF_TERMIC": 2.0 }, "geometry": { "type": "MultiPolygon", "coordinates": [ [ [ [ -99.565044009972425, 19.264281436414727 ], [ -99.564774515387185, 19.264281436414727 ], [ -99.564774515387185, 19.264011941829491 ], [ -99.564505020801946, 19.264011941829491 ], [ -99.564505020801946, 19.262933963488546 ], [ -99.564774515387185, 19.262933963488546 ], [ -99.564774515387185, 19.262394974318077 ], [ -99.565044009972425, 19.262394974318077 ], [ -99.565044009972425, 19.262933963488546 ], [ -99.565313504557651, 19.262933963488546 ], [ -99.565313504557651, 19.263203458073782 ], [ -99.56558299914289, 19.263203458073782 ], [ -99.56558299914289, 19.262933963488546 ], [ -99.56585249372813, 19.262933963488546 ], [ -99.56585249372813, 19.264011941829491 ], [ -99.565044009972425, 19.264011941829491 ], [ -99.565044009972425, 19.264281436414727 ] ] ] ] } },
{ "type": "Feature", "properties": { "ZONA_MET": "Toluca", "INTENSIDAD": "Intensa", "T_PROM_POL": 4.0, "T_MIN_CIUD": 1.0, "DIF_TERMIC": 2.0 }, "geometry": { "type": "MultiPolygon", "coordinates": [ [ [ [ -99.59064599556983, 19.263203458073782 ], [ -99.589837511814125, 19.263203458073782 ], [ -99.589837511814125, 19.262933963488546 ], [ -99.589298522643645, 19.262933963488546 ], [ -99.589298522643645, 19.26266446890331 ], [ -99.589029028058405, 19.26266446890331 ], [ -99.589029028058405, 19.262394974318077 ], [ -99.589298522643645, 19.262394974318077 ], [ -99.589298522643645, 19.262125479732841 ], [ -99.589029028058405, 19.262125479732841 ], [ -99.589029028058405, 19.261855985147605 ], [ -99.589298522643645, 19.261855985147605 ], [ -99.589298522643645, 19.261586490562369 ], [ -99.589568017228885, 19.261586490562369 ], [ -99.589568017228885, 19.261316995977133 ], [ -99.59010700639935, 19.261316995977133 ], [ -99.59010700639935, 19.261047501391896 ], [ -99.59037650098459, 19.261047501391896 ], [ -99.59037650098459, 19.261316995977133 ], [ -99.591184984740295, 19.261316995977133 ], [ -99.591184984740295, 19.262125479732841 ], [ -99.59037650098459, 19.262125479732841 ], [ -99.59037650098459, 19.26266446890331 ], [ -99.590915490155069, 19.26266446890331 ], [ -99.590915490155069, 19.262394974318077 ], [ -99.591454479325535, 19.262394974318077 ], [ -99.591454479325535, 19.26266446890331 ], [ -99.591184984740295, 19.26266446890331 ], [ -99.591184984740295, 19.262933963488546 ], [ -99.59064599556983, 19.262933963488546 ], [ -99.59064599556983, 19.263203458073782 ] ] ] ] } },
{ "type": "Feature", "properties": { "ZONA_MET": "Toluca", "INTENSIDAD": "Intensa", "T_PROM_POL": 3.0, "T_MIN_CIUD": 1.0, "DIF_TERMIC": 2.0 }, "geometry": { "type": "MultiPolygon", "coordinates": [ [ [ [ -99.593340941422184, 19.259161039295247 ], [ -99.592801952251719, 19.259161039295247 ], [ -99.592801952251719, 19.258891544710011 ], [ -99.592532457666479, 19.258891544710011 ], [ -99.592532457666479, 19.258352555539538 ], [ -99.592801952251719, 19.258352555539538 ], [ -99.592801952251719, 19.258083060954302 ], [ -99.594149425177889, 19.258083060954302 ], [ -99.594149425177889, 19.258891544710011 ], [ -99.593340941422184, 19.258891544710011 ], [ -99.593340941422184, 19.259161039295247 ] ] ] ] } },
{ "type": "Feature", "properties": { "ZONA_MET": "Toluca", "INTENSIDAD": "Intensa", "T_PROM_POL": 4.0, "T_MIN_CIUD": 1.0, "DIF_TERMIC": 2.0 }, "geometry": { "type": "MultiPolygon", "coordinates": [ [ [ [ -99.626219280820962, 19.261586490562369 ], [ -99.625410797065257, 19.261586490562369 ], [ -99.625410797065257, 19.261316995977133 ], [ -99.624871807894777, 19.261316995977133 ], [ -99.624871807894777, 19.261047501391896 ], [ -99.625410797065257, 19.261047501391896 ], [ -99.625410797065257, 19.260239017636188 ], [ -99.625141302480017, 19.260239017636188 ], [ -99.625141302480017, 19.260508512221424 ], [ -99.624871807894777, 19.260508512221424 ], [ -99.624871807894777, 19.260239017636188 ], [ -99.624602313309538, 19.260239017636188 ], [ -99.624602313309538, 19.259700028465716 ], [ -99.624332818724312, 19.259700028465716 ], [ -99.624332818724312, 19.258622050124774 ], [ -99.624871807894777, 19.258622050124774 ], [ -99.624871807894777, 19.258891544710011 ], [ -99.625141302480017, 19.258891544710011 ], [ -99.625141302480017, 19.259161039295247 ], [ -99.625410797065257, 19.259161039295247 ], [ -99.625410797065257, 19.258891544710011 ], [ -99.625680291650482, 19.258891544710011 ], [ -99.625680291650482, 19.258622050124774 ], [ -99.626219280820962, 19.258622050124774 ], [ -99.626219280820962, 19.258083060954302 ], [ -99.626488775406202, 19.258083060954302 ], [ -99.626488775406202, 19.258352555539538 ], [ -99.627566753747132, 19.258352555539538 ], [ -99.627566753747132, 19.257813566369066 ], [ -99.628105742917612, 19.257813566369066 ], [ -99.628105742917612, 19.258622050124774 ], [ -99.627836248332372, 19.258622050124774 ], [ -99.627836248332372, 19.259161039295247 ], [ -99.628105742917612, 19.259161039295247 ], [ -99.628105742917612, 19.259430533880483 ], [ -99.628375237502851, 19.259430533880483 ], [ -99.628375237502851, 19.259700028465716 ], [ -99.628914226673317, 19.259700028465716 ], [ -99.628914226673317, 19.259969523050952 ], [ -99.629183721258556, 19.259969523050952 ], [ -99.629183721258556, 19.260239017636188 ], [ -99.629453215843796, 19.260239017636188 ], [ -99.629453215843796, 19.259969523050952 ], [ -99.629722710429022, 19.259969523050952 ], [ -99.629722710429022, 19.259700028465716 ], [ -99.629453215843796, 19.259700028465716 ], [ -99.629453215843796, 19.259430533880483 ], [ -99.629183721258556, 19.259430533880483 ], [ -99.629183721258556, 19.258891544710011 ], [ -99.628914226673317, 19.258891544710011 ], [ -99.628914226673317, 19.258352555539538 ], [ -99.628375237502851, 19.258352555539538 ], [ -99.628375237502851, 19.257813566369066 ], [ -99.628644732088077, 19.257813566369066 ], [ -99.628644732088077, 19.258083060954302 ], [ -99.628914226673317, 19.258083060954302 ], [ -99.628914226673317, 19.257813566369066 ], [ -99.629183721258556, 19.257813566369066 ], [ -99.629183721258556, 19.258083060954302 ], [ -99.629453215843796, 19.258083060954302 ], [ -99.629453215843796, 19.258352555539538 ], [ -99.629722710429022, 19.258352555539538 ], [ -99.629722710429022, 19.258622050124774 ], [ -99.629992205014261, 19.258622050124774 ], [ -99.629992205014261, 19.259430533880483 ], [ -99.630261699599501, 19.259430533880483 ], [ -99.630261699599501, 19.260239017636188 ], [ -99.629992205014261, 19.260239017636188 ], [ -99.629992205014261, 19.26077800680666 ], [ -99.629722710429022, 19.26077800680666 ], [ -99.629722710429022, 19.261047501391896 ], [ -99.629183721258556, 19.261047501391896 ], [ -99.629183721258556, 19.26077800680666 ], [ -99.628914226673317, 19.26077800680666 ], [ -99.628914226673317, 19.260508512221424 ], [ -99.628644732088077, 19.260508512221424 ], [ -99.628644732088077, 19.260239017636188 ], [ -99.628375237502851, 19.260239017636188 ], [ -99.628375237502851, 19.259969523050952 ], [ -99.628105742917612, 19.259969523050952 ], [ -99.628105742917612, 19.259700028465716 ], [ -99.627566753747132, 19.259700028465716 ], [ -99.627566753747132, 19.259430533880483 ], [ -99.627297259161907, 19.259430533880483 ], [ -99.627297259161907, 19.260508512221424 ], [ -99.627027764576667, 19.260508512221424 ], [ -99.627027764576667, 19.260239017636188 ], [ -99.626758269991427, 19.260239017636188 ], [ -99.626758269991427, 19.26077800680666 ], [ -99.625949786235722, 19.26077800680666 ], [ -99.625949786235722, 19.261047501391896 ], [ -99.627027764576667, 19.261047501391896 ], [ -99.627027764576667, 19.261316995977133 ], [ -99.626219280820962, 19.261316995977133 ], [ -99.626219280820962, 19.261586490562369 ] ], [ [ -99.626219280820962, 19.260239017636188 ], [ -99.626219280820962, 19.259969523050952 ], [ -99.625410797065257, 19.259969523050952 ], [ -99.625410797065257, 19.260239017636188 ], [ -99.626219280820962, 19.260239017636188 ] ], [ [ -99.626758269991427, 19.259700028465716 ], [ -99.626758269991427, 19.259430533880483 ], [ -99.626488775406202, 19.259430533880483 ], [ -99.626488775406202, 19.259700028465716 ], [ -99.626758269991427, 19.259700028465716 ] ], [ [ -99.625680291650482, 19.259700028465716 ], [ -99.625680291650482, 19.259430533880483 ], [ -99.625410797065257, 19.259430533880483 ], [ -99.625410797065257, 19.259700028465716 ], [ -99.625680291650482, 19.259700028465716 ] ], [ [ -99.627297259161907, 19.259430533880483 ], [ -99.627297259161907, 19.259161039295247 ], [ -99.626758269991427, 19.259161039295247 ], [ -99.626758269991427, 19.259430533880483 ], [ -99.627297259161907, 19.259430533880483 ] ], [ [ -99.626758269991427, 19.259161039295247 ], [ -99.626758269991427, 19.258891544710011 ], [ -99.626219280820962, 19.258891544710011 ], [ -99.626219280820962, 19.259161039295247 ], [ -99.626758269991427, 19.259161039295247 ] ] ] ] } },
{ "type": "Feature", "properties": { "ZONA_MET": "Toluca", "INTENSIDAD": "Extrema", "T_PROM_POL": 4.0, "T_MIN_CIUD": 1.0, "DIF_TERMIC": 2.0 }, "geometry": { "type": "MultiPolygon", "coordinates": [ [ [ [ -99.620020905360533, 19.261047501391896 ], [ -99.619751410775294, 19.261047501391896 ], [ -99.619751410775294, 19.26077800680666 ], [ -99.619481916190068, 19.26077800680666 ], [ -99.619481916190068, 19.260508512221424 ], [ -99.619751410775294, 19.260508512221424 ], [ -99.619751410775294, 19.259969523050952 ], [ -99.619212421604828, 19.259969523050952 ], [ -99.619212421604828, 19.259700028465716 ], [ -99.618942927019589, 19.259700028465716 ], [ -99.618942927019589, 19.259161039295247 ], [ -99.618673432434349, 19.259161039295247 ], [ -99.618673432434349, 19.258891544710011 ], [ -99.618403937849124, 19.258891544710011 ], [ -99.618403937849124, 19.259161039295247 ], [ -99.617864948678644, 19.259161039295247 ], [ -99.617864948678644, 19.258891544710011 ], [ -99.617595454093419, 19.258891544710011 ], [ -99.617595454093419, 19.258622050124774 ], [ -99.617864948678644, 19.258622050124774 ], [ -99.617864948678644, 19.258352555539538 ], [ -99.618134443263884, 19.258352555539538 ], [ -99.618134443263884, 19.257813566369066 ], [ -99.618403937849124, 19.257813566369066 ], [ -99.618403937849124, 19.258083060954302 ], [ -99.618942927019589, 19.258083060954302 ], [ -99.618942927019589, 19.25754407178383 ], [ -99.619481916190068, 19.25754407178383 ], [ -99.619481916190068, 19.258083060954302 ], [ -99.619751410775294, 19.258083060954302 ], [ -99.619751410775294, 19.258891544710011 ], [ -99.620020905360533, 19.258891544710011 ], [ -99.620020905360533, 19.259161039295247 ], [ -99.619751410775294, 19.259161039295247 ], [ -99.619751410775294, 19.259430533880483 ], [ -99.620020905360533, 19.259430533880483 ], [ -99.620020905360533, 19.261047501391896 ] ], [ [ -99.619481916190068, 19.259161039295247 ], [ -99.619481916190068, 19.258891544710011 ], [ -99.619212421604828, 19.258891544710011 ], [ -99.619212421604828, 19.259161039295247 ], [ -99.619481916190068, 19.259161039295247 ] ] ] ] } },
{ "type": "Feature", "properties": { "ZONA_MET": "Toluca", "INTENSIDAD": "Intensa", "T_PROM_POL": 4.0, "T_MIN_CIUD": 1.0, "DIF_TERMIC": 2.0 }, "geometry": { "type": "MultiPolygon", "coordinates": [ [ [ [ -99.617864948678644, 19.259700028465716 ], [ -99.617595454093419, 19.259700028465716 ], [ -99.617595454093419, 19.259430533880483 ], [ -99.617325959508179, 19.259430533880483 ], [ -99.617325959508179, 19.259161039295247 ], [ -99.617056464922939, 19.259161039295247 ], [ -99.617056464922939, 19.258622050124774 ], [ -99.617325959508179, 19.258622050124774 ], [ -99.617325959508179, 19.257813566369066 ], [ -99.617595454093419, 19.257813566369066 ], [ -99.617595454093419, 19.25754407178383 ], [ -99.617864948678644, 19.25754407178383 ], [ -99.617864948678644, 19.257274577198594 ], [ -99.618134443263884, 19.257274577198594 ], [ -99.618134443263884, 19.25754407178383 ], [ -99.618403937849124, 19.25754407178383 ], [ -99.618403937849124, 19.257813566369066 ], [ -99.618134443263884, 19.257813566369066 ], [ -99.618134443263884, 19.258352555539538 ], [ -99.617864948678644, 19.258352555539538 ], [ -99.617864948678644, 19.258622050124774 ], [ -99.617595454093419, 19.258622050124774 ], [ -99.617595454093419, 19.258891544710011 ], [ -99.617864948678644, 19.258891544710011 ], [ -99.617864948678644, 19.259161039295247 ], [ -99.618134443263884, 19.259161039295247 ], [ -99.618134443263884, 19.259430533880483 ], [ -99.617864948678644, 19.259430533880483 ], [ -99.617864948678644, 19.259700028465716 ] ] ] ] } },
{ "type": "Feature", "properties": { "ZONA_MET": "Toluca", "INTENSIDAD": "Intensa", "T_PROM_POL": 3.0, "T_MIN_CIUD": 1.0, "DIF_TERMIC": 2.0 }, "geometry": { "type": "MultiPolygon", "coordinates": [ [ [ [ -99.632956645451856, 19.258083060954302 ], [ -99.631070183355206, 19.258083060954302 ], [ -99.631070183355206, 19.257813566369066 ], [ -99.631339677940446, 19.257813566369066 ], [ -99.631339677940446, 19.257005082613357 ], [ -99.631609172525671, 19.257005082613357 ], [ -99.631609172525671, 19.257274577198594 ], [ -99.632148161696151, 19.257274577198594 ], [ -99.632148161696151, 19.257005082613357 ], [ -99.632687150866616, 19.257005082613357 ], [ -99.632687150866616, 19.256735588028121 ], [ -99.632956645451856, 19.256735588028121 ], [ -99.632956645451856, 19.258083060954302 ] ] ] ] } },
{ "type": "Feature", "properties": { "ZONA_MET": "Toluca", "INTENSIDAD": "Intensa", "T_PROM_POL": 3.0, "T_MIN_CIUD": 1.0, "DIF_TERMIC": 2.0 }, "geometry": { "type": "MultiPolygon", "coordinates": [ [ [ [ -99.581213685086567, 19.25754407178383 ], [ -99.580944190501341, 19.25754407178383 ], [ -99.580944190501341, 19.257274577198594 ], [ -99.580405201330862, 19.257274577198594 ], [ -99.580405201330862, 19.256466093442889 ], [ -99.581483179671807, 19.256466093442889 ], [ -99.581483179671807, 19.257005082613357 ], [ -99.581213685086567, 19.257005082613357 ], [ -99.581213685086567, 19.25754407178383 ] ] ] ] } },
{ "type": "Feature", "properties": { "ZONA_MET": "Toluca", "INTENSIDAD": "Intensa", "T_PROM_POL": 4.0, "T_MIN_CIUD": 1.0, "DIF_TERMIC": 2.0 }, "geometry": { "type": "MultiPolygon", "coordinates": [ [ [ [ -99.596305381859779, 19.258891544710011 ], [ -99.596035887274539, 19.258891544710011 ], [ -99.596035887274539, 19.258622050124774 ], [ -99.595496898104074, 19.258622050124774 ], [ -99.595496898104074, 19.258352555539538 ], [ -99.594957908933594, 19.258352555539538 ], [ -99.594957908933594, 19.258083060954302 ], [ -99.594688414348369, 19.258083060954302 ], [ -99.594688414348369, 19.257813566369066 ], [ -99.594149425177889, 19.257813566369066 ], [ -99.594149425177889, 19.257274577198594 ], [ -99.593879930592664, 19.257274577198594 ], [ -99.593879930592664, 19.256196598857652 ], [ -99.594149425177889, 19.256196598857652 ], [ -99.594149425177889, 19.255927104272416 ], [ -99.594688414348369, 19.255927104272416 ], [ -99.594688414348369, 19.256196598857652 ], [ -99.594957908933594, 19.256196598857652 ], [ -99.594957908933594, 19.256466093442889 ], [ -99.595496898104074, 19.256466093442889 ], [ -99.595496898104074, 19.256735588028121 ], [ -99.595766392689313, 19.256735588028121 ], [ -99.595766392689313, 19.257005082613357 ], [ -99.596035887274539, 19.257005082613357 ], [ -99.596035887274539, 19.257274577198594 ], [ -99.595766392689313, 19.257274577198594 ], [ -99.595766392689313, 19.257813566369066 ], [ -99.595227403518834, 19.257813566369066 ], [ -99.595227403518834, 19.258083060954302 ], [ -99.596035887274539, 19.258083060954302 ], [ -99.596035887274539, 19.25754407178383 ], [ -99.596305381859779, 19.25754407178383 ], [ -99.596305381859779, 19.258083060954302 ], [ -99.597383360200723, 19.258083060954302 ], [ -99.597383360200723, 19.258622050124774 ], [ -99.596305381859779, 19.258622050124774 ], [ -99.596305381859779, 19.258891544710011 ] ], [ [ -99.595227403518834, 19.257813566369066 ], [ -99.595227403518834, 19.257274577198594 ], [ -99.594957908933594, 19.257274577198594 ], [ -99.594957908933594, 19.257813566369066 ], [ -99.595227403518834, 19.257813566369066 ] ], [ [ -99.595496898104074, 19.257274577198594 ], [ -99.595496898104074, 19.257005082613357 ], [ -99.595227403518834, 19.257005082613357 ], [ -99.595227403518834, 19.257274577198594 ], [ -99.595496898104074, 19.257274577198594 ] ] ] ] } },
{ "type": "Feature", "properties": { "ZONA_MET": "Toluca", "INTENSIDAD": "Intensa", "T_PROM_POL": 4.0, "T_MIN_CIUD": 1.0, "DIF_TERMIC": 2.0 }, "geometry": { "type": "MultiPolygon", "coordinates": [ [ [ [ -99.622176862042423, 19.259161039295247 ], [ -99.621907367457183, 19.259161039295247 ], [ -99.621907367457183, 19.258891544710011 ], [ -99.621637872871943, 19.258891544710011 ], [ -99.621637872871943, 19.257813566369066 ], [ -99.621368378286718, 19.257813566369066 ], [ -99.621368378286718, 19.257274577198594 ], [ -99.619751410775294, 19.257274577198594 ], [ -99.619751410775294, 19.257813566369066 ], [ -99.620020905360533, 19.257813566369066 ], [ -99.620020905360533, 19.258891544710011 ], [ -99.619751410775294, 19.258891544710011 ], [ -99.619751410775294, 19.258083060954302 ], [ -99.619481916190068, 19.258083060954302 ], [ -99.619481916190068, 19.25754407178383 ], [ -99.619212421604828, 19.25754407178383 ], [ -99.619212421604828, 19.257274577198594 ], [ -99.618942927019589, 19.257274577198594 ], [ -99.618942927019589, 19.25754407178383 ], [ -99.618403937849124, 19.25754407178383 ], [ -99.618403937849124, 19.257005082613357 ], [ -99.618942927019589, 19.257005082613357 ], [ -99.618942927019589, 19.256735588028121 ], [ -99.619212421604828, 19.256735588028121 ], [ -99.619212421604828, 19.256466093442889 ], [ -99.619481916190068, 19.256466093442889 ], [ -99.619481916190068, 19.256196598857652 ], [ -99.619212421604828, 19.256196598857652 ], [ -99.619212421604828, 19.255927104272416 ], [ -99.619481916190068, 19.255927104272416 ], [ -99.619481916190068, 19.25565760968718 ], [ -99.620020905360533, 19.25565760968718 ], [ -99.620020905360533, 19.255927104272416 ], [ -99.620290399945773, 19.255927104272416 ], [ -99.620290399945773, 19.256196598857652 ], [ -99.620559894531013, 19.256196598857652 ], [ -99.620559894531013, 19.256466093442889 ], [ -99.621368378286718, 19.256466093442889 ], [ -99.621368378286718, 19.256735588028121 ], [ -99.621637872871943, 19.256735588028121 ], [ -99.621637872871943, 19.257005082613357 ], [ -99.622176862042423, 19.257005082613357 ], [ -99.622176862042423, 19.257274577198594 ], [ -99.622715851212888, 19.257274577198594 ], [ -99.622715851212888, 19.25754407178383 ], [ -99.622985345798128, 19.25754407178383 ], [ -99.622985345798128, 19.258083060954302 ], [ -99.623254840383368, 19.258083060954302 ], [ -99.623254840383368, 19.258891544710011 ], [ -99.622446356627663, 19.258891544710011 ], [ -99.622446356627663, 19.258352555539538 ], [ -99.622176862042423, 19.258352555539538 ], [ -99.622176862042423, 19.259161039295247 ] ], [ [ -99.622176862042423, 19.258352555539538 ], [ -99.622176862042423, 19.257813566369066 ], [ -99.621907367457183, 19.257813566369066 ], [ -99.621907367457183, 19.258352555539538 ], [ -99.622176862042423, 19.258352555539538 ] ] ] ] } },
{ "type": "Feature", "properties": { "ZONA_MET": "Toluca", "INTENSIDAD": "Intensa", "T_PROM_POL": 3.0, "T_MIN_CIUD": 1.0, "DIF_TERMIC": 2.0 }, "geometry": { "type": "MultiPolygon", "coordinates": [ [ [ [ -99.597383360200723, 19.255388115101944 ], [ -99.596574876445018, 19.255388115101944 ], [ -99.596574876445018, 19.255118620516708 ], [ -99.596305381859779, 19.255118620516708 ], [ -99.596305381859779, 19.254849125931472 ], [ -99.596035887274539, 19.254849125931472 ], [ -99.596035887274539, 19.254579631346235 ], [ -99.594957908933594, 19.254579631346235 ], [ -99.594957908933594, 19.254310136760999 ], [ -99.595496898104074, 19.254310136760999 ], [ -99.595496898104074, 19.254040642175763 ], [ -99.597113865615484, 19.254040642175763 ], [ -99.597113865615484, 19.254849125931472 ], [ -99.597383360200723, 19.254849125931472 ], [ -99.597383360200723, 19.255388115101944 ] ] ] ] } },
{ "type": "Feature", "properties": { "ZONA_MET": "Toluca", "INTENSIDAD": "Intensa", "T_PROM_POL": 3.0, "T_MIN_CIUD": 1.0, "DIF_TERMIC": 2.0 }, "geometry": { "type": "MultiPolygon", "coordinates": [ [ [ [ -99.593610436007424, 19.254579631346235 ], [ -99.593071446836944, 19.254579631346235 ], [ -99.593071446836944, 19.254040642175763 ], [ -99.593340941422184, 19.254040642175763 ], [ -99.593340941422184, 19.253771147590527 ], [ -99.593610436007424, 19.253771147590527 ], [ -99.593610436007424, 19.252962663834822 ], [ -99.593340941422184, 19.252962663834822 ], [ -99.593340941422184, 19.252693169249586 ], [ -99.594149425177889, 19.252693169249586 ], [ -99.594149425177889, 19.253501653005291 ], [ -99.593879930592664, 19.253501653005291 ], [ -99.593879930592664, 19.254040642175763 ], [ -99.594418919763129, 19.254040642175763 ], [ -99.594418919763129, 19.254310136760999 ], [ -99.593610436007424, 19.254310136760999 ], [ -99.593610436007424, 19.254579631346235 ] ] ] ] } },
{ "type": "Feature", "properties": { "ZONA_MET": "Toluca", "INTENSIDAD": "Intensa", "T_PROM_POL": 4.0, "T_MIN_CIUD": 1.0, "DIF_TERMIC": 2.0 }, "geometry": { "type": "MultiPolygon", "coordinates": [ [ [ [ -99.615708991996755, 19.253501653005291 ], [ -99.615439497411529, 19.253501653005291 ], [ -99.615439497411529, 19.252962663834822 ], [ -99.614631013655824, 19.252962663834822 ], [ -99.614631013655824, 19.252154180079113 ], [ -99.61490050824105, 19.252154180079113 ], [ -99.61490050824105, 19.251884685493877 ], [ -99.615439497411529, 19.251884685493877 ], [ -99.615439497411529, 19.252154180079113 ], [ -99.615978486581994, 19.252154180079113 ], [ -99.615978486581994, 19.25242367466435 ], [ -99.616247981167234, 19.25242367466435 ], [ -99.616247981167234, 19.252962663834822 ], [ -99.615708991996755, 19.252962663834822 ], [ -99.615708991996755, 19.253501653005291 ] ] ] ] } },
{ "type": "Feature", "properties": { "ZONA_MET": "Toluca", "INTENSIDAD": "Intensa", "T_PROM_POL": 4.0, "T_MIN_CIUD": 1.0, "DIF_TERMIC": 2.0 }, "geometry": { "type": "MultiPolygon", "coordinates": [ [ [ [ -99.72674076111393, 19.253501653005291 ], [ -99.726471266528691, 19.253501653005291 ], [ -99.726471266528691, 19.253232158420058 ], [ -99.725932277358226, 19.253232158420058 ], [ -99.725932277358226, 19.252962663834822 ], [ -99.725393288187746, 19.252962663834822 ], [ -99.725393288187746, 19.252693169249586 ], [ -99.725932277358226, 19.252693169249586 ], [ -99.725932277358226, 19.251615190908641 ], [ -99.726201771943465, 19.251615190908641 ], [ -99.726201771943465, 19.252693169249586 ], [ -99.72674076111393, 19.252693169249586 ], [ -99.72674076111393, 19.253501653005291 ] ] ] ] } },
{ "type": "Feature", "properties": { "ZONA_MET": "Toluca", "INTENSIDAD": "Intensa", "T_PROM_POL": 4.0, "T_MIN_CIUD": 1.0, "DIF_TERMIC": 2.0 }, "geometry": { "type": "MultiPolygon", "coordinates": [ [ [ [ -99.619481916190068, 19.253501653005291 ], [ -99.618942927019589, 19.253501653005291 ], [ -99.618942927019589, 19.253232158420058 ], [ -99.618403937849124, 19.253232158420058 ], [ -99.618403937849124, 19.252693169249586 ], [ -99.618134443263884, 19.252693169249586 ], [ -99.618134443263884, 19.252962663834822 ], [ -99.617595454093419, 19.252962663834822 ], [ -99.617595454093419, 19.252693169249586 ], [ -99.617056464922939, 19.252693169249586 ], [ -99.617056464922939, 19.25242367466435 ], [ -99.616247981167234, 19.25242367466435 ], [ -99.616247981167234, 19.251884685493877 ], [ -99.616517475752474, 19.251884685493877 ], [ -99.616517475752474, 19.250537212567696 ], [ -99.615708991996755, 19.250537212567696 ], [ -99.615708991996755, 19.250267717982464 ], [ -99.615439497411529, 19.250267717982464 ], [ -99.615439497411529, 19.249459234226755 ], [ -99.615708991996755, 19.249459234226755 ], [ -99.615708991996755, 19.249998223397228 ], [ -99.617056464922939, 19.249998223397228 ], [ -99.617056464922939, 19.250267717982464 ], [ -99.617595454093419, 19.250267717982464 ], [ -99.617595454093419, 19.250537212567696 ], [ -99.618134443263884, 19.250537212567696 ], [ -99.618134443263884, 19.250806707152933 ], [ -99.618403937849124, 19.250806707152933 ], [ -99.618403937849124, 19.251615190908641 ], [ -99.618134443263884, 19.251615190908641 ], [ -99.618134443263884, 19.251884685493877 ], [ -99.618942927019589, 19.251884685493877 ], [ -99.618942927019589, 19.252154180079113 ], [ -99.619212421604828, 19.252154180079113 ], [ -99.619212421604828, 19.252962663834822 ], [ -99.619481916190068, 19.252962663834822 ], [ -99.619481916190068, 19.253501653005291 ] ], [ [ -99.618673432434349, 19.252693169249586 ], [ -99.618673432434349, 19.25242367466435 ], [ -99.618403937849124, 19.25242367466435 ], [ -99.618403937849124, 19.252693169249586 ], [ -99.618673432434349, 19.252693169249586 ] ], [ [ -99.618403937849124, 19.25242367466435 ], [ -99.618403937849124, 19.252154180079113 ], [ -99.618134443263884, 19.252154180079113 ], [ -99.618134443263884, 19.25242367466435 ], [ -99.618403937849124, 19.25242367466435 ] ], [ [ -99.617864948678644, 19.252154180079113 ], [ -99.617864948678644, 19.251884685493877 ], [ -99.617595454093419, 19.251884685493877 ], [ -99.617595454093419, 19.252154180079113 ], [ -99.617864948678644, 19.252154180079113 ] ] ] ] } },
{ "type": "Feature", "properties": { "ZONA_MET": "Toluca", "INTENSIDAD": "Intensa", "T_PROM_POL": 3.0, "T_MIN_CIUD": 1.0, "DIF_TERMIC": 2.0 }, "geometry": { "type": "MultiPolygon", "coordinates": [ [ [ [ -99.593340941422184, 19.250537212567696 ], [ -99.593071446836944, 19.250537212567696 ], [ -99.593071446836944, 19.249998223397228 ], [ -99.592532457666479, 19.249998223397228 ], [ -99.592532457666479, 19.249728728811991 ], [ -99.591993468496, 19.249728728811991 ], [ -99.591993468496, 19.249459234226755 ], [ -99.592532457666479, 19.249459234226755 ], [ -99.592532457666479, 19.249189739641519 ], [ -99.593340941422184, 19.249189739641519 ], [ -99.593340941422184, 19.249459234226755 ], [ -99.593610436007424, 19.249459234226755 ], [ -99.593610436007424, 19.249998223397228 ], [ -99.593879930592664, 19.249998223397228 ], [ -99.593879930592664, 19.250267717982464 ], [ -99.593340941422184, 19.250267717982464 ], [ -99.593340941422184, 19.250537212567696 ] ] ] ] } },
{ "type": "Feature", "properties": { "ZONA_MET": "Toluca", "INTENSIDAD": "Intensa", "T_PROM_POL": 4.0, "T_MIN_CIUD": 1.0, "DIF_TERMIC": 2.0 }, "geometry": { "type": "MultiPolygon", "coordinates": [ [ [ [ -99.575823793381858, 19.249998223397228 ], [ -99.574745815040913, 19.249998223397228 ], [ -99.574745815040913, 19.249728728811991 ], [ -99.575015309626153, 19.249728728811991 ], [ -99.575015309626153, 19.248650750471047 ], [ -99.575284804211378, 19.248650750471047 ], [ -99.575284804211378, 19.248381255885811 ], [ -99.575554298796618, 19.248381255885811 ], [ -99.575554298796618, 19.248650750471047 ], [ -99.575823793381858, 19.248650750471047 ], [ -99.575823793381858, 19.248920245056283 ], [ -99.576362782552323, 19.248920245056283 ], [ -99.576362782552323, 19.249728728811991 ], [ -99.576093287967097, 19.249728728811991 ], [ -99.576093287967097, 19.249459234226755 ], [ -99.575823793381858, 19.249459234226755 ], [ -99.575823793381858, 19.249998223397228 ] ] ] ] } },
{ "type": "Feature", "properties": { "ZONA_MET": "Toluca", "INTENSIDAD": "Intensa", "T_PROM_POL": 4.0, "T_MIN_CIUD": 1.0, "DIF_TERMIC": 2.0 }, "geometry": { "type": "MultiPolygon", "coordinates": [ [ [ [ -99.627836248332372, 19.252154180079113 ], [ -99.627566753747132, 19.252154180079113 ], [ -99.627566753747132, 19.251615190908641 ], [ -99.626219280820962, 19.251615190908641 ], [ -99.626219280820962, 19.251884685493877 ], [ -99.625949786235722, 19.251884685493877 ], [ -99.625949786235722, 19.250806707152933 ], [ -99.625410797065257, 19.250806707152933 ], [ -99.625410797065257, 19.250267717982464 ], [ -99.625680291650482, 19.250267717982464 ], [ -99.625680291650482, 19.249998223397228 ], [ -99.625410797065257, 19.249998223397228 ], [ -99.625410797065257, 19.249189739641519 ], [ -99.625680291650482, 19.249189739641519 ], [ -99.625680291650482, 19.248650750471047 ], [ -99.625410797065257, 19.248650750471047 ], [ -99.625410797065257, 19.248920245056283 ], [ -99.625141302480017, 19.248920245056283 ], [ -99.625141302480017, 19.248381255885811 ], [ -99.625410797065257, 19.248381255885811 ], [ -99.625410797065257, 19.248111761300574 ], [ -99.625949786235722, 19.248111761300574 ], [ -99.625949786235722, 19.247842266715338 ], [ -99.626219280820962, 19.247842266715338 ], [ -99.626219280820962, 19.248920245056283 ], [ -99.625949786235722, 19.248920245056283 ], [ -99.625949786235722, 19.249189739641519 ], [ -99.626219280820962, 19.249189739641519 ], [ -99.626219280820962, 19.251345696323405 ], [ -99.628375237502851, 19.251345696323405 ], [ -99.628375237502851, 19.251076201738169 ], [ -99.628644732088077, 19.251076201738169 ], [ -99.628644732088077, 19.250537212567696 ], [ -99.628914226673317, 19.250537212567696 ], [ -99.628914226673317, 19.251345696323405 ], [ -99.628644732088077, 19.251345696323405 ], [ -99.628644732088077, 19.251615190908641 ], [ -99.628105742917612, 19.251615190908641 ], [ -99.628105742917612, 19.251884685493877 ], [ -99.627836248332372, 19.251884685493877 ], [ -99.627836248332372, 19.252154180079113 ] ] ] ] } },
{ "type": "Feature", "properties": { "ZONA_MET": "Toluca", "INTENSIDAD": "Intensa", "T_PROM_POL": 4.0, "T_MIN_CIUD": 1.0, "DIF_TERMIC": 2.0 }, "geometry": { "type": "MultiPolygon", "coordinates": [ [ [ [ -99.626758269991427, 19.247842266715338 ], [ -99.626219280820962, 19.247842266715338 ], [ -99.626219280820962, 19.246764288374397 ], [ -99.626488775406202, 19.246764288374397 ], [ -99.626488775406202, 19.246494793789161 ], [ -99.626758269991427, 19.246494793789161 ], [ -99.626758269991427, 19.246764288374397 ], [ -99.627566753747132, 19.246764288374397 ], [ -99.627566753747132, 19.247303277544869 ], [ -99.627297259161907, 19.247303277544869 ], [ -99.627297259161907, 19.247572772130102 ], [ -99.626758269991427, 19.247572772130102 ], [ -99.626758269991427, 19.247842266715338 ] ], [ [ -99.627027764576667, 19.247303277544869 ], [ -99.627027764576667, 19.247033782959633 ], [ -99.626488775406202, 19.247033782959633 ], [ -99.626488775406202, 19.247303277544869 ], [ -99.627027764576667, 19.247303277544869 ] ] ] ] } },
{ "type": "Feature", "properties": { "ZONA_MET": "Toluca", "INTENSIDAD": "Intensa", "T_PROM_POL": 4.0, "T_MIN_CIUD": 1.0, "DIF_TERMIC": 2.0 }, "geometry": { "type": "MultiPolygon", "coordinates": [ [ [ [ -99.623793829553833, 19.245686310033452 ], [ -99.623254840383368, 19.245686310033452 ], [ -99.623254840383368, 19.245416815448216 ], [ -99.623524334968607, 19.245416815448216 ], [ -99.623524334968607, 19.244608331692508 ], [ -99.624063324139073, 19.244608331692508 ], [ -99.624063324139073, 19.244877826277744 ], [ -99.624602313309538, 19.244877826277744 ], [ -99.624602313309538, 19.244608331692508 ], [ -99.624871807894777, 19.244608331692508 ], [ -99.624871807894777, 19.24514732086298 ], [ -99.624602313309538, 19.24514732086298 ], [ -99.624602313309538, 19.245416815448216 ], [ -99.623793829553833, 19.245416815448216 ], [ -99.623793829553833, 19.245686310033452 ] ] ] ] } },
{ "type": "Feature", "properties": { "ZONA_MET": "Toluca", "INTENSIDAD": "Extrema", "T_PROM_POL": 4.0, "T_MIN_CIUD": 1.0, "DIF_TERMIC": 2.0 }, "geometry": { "type": "MultiPolygon", "coordinates": [ [ [ [ -99.627027764576667, 19.246225299203925 ], [ -99.626758269991427, 19.246225299203925 ], [ -99.626758269991427, 19.245686310033452 ], [ -99.626488775406202, 19.245686310033452 ], [ -99.626488775406202, 19.245416815448216 ], [ -99.626219280820962, 19.245416815448216 ], [ -99.626219280820962, 19.244877826277744 ], [ -99.625141302480017, 19.244877826277744 ], [ -99.625141302480017, 19.24514732086298 ], [ -99.624871807894777, 19.24514732086298 ], [ -99.624871807894777, 19.244608331692508 ], [ -99.625680291650482, 19.244608331692508 ], [ -99.625680291650482, 19.244338837107271 ], [ -99.626219280820962, 19.244338837107271 ], [ -99.626219280820962, 19.244608331692508 ], [ -99.626488775406202, 19.244608331692508 ], [ -99.626488775406202, 19.24514732086298 ], [ -99.626758269991427, 19.24514732086298 ], [ -99.626758269991427, 19.244877826277744 ], [ -99.627027764576667, 19.244877826277744 ], [ -99.627027764576667, 19.245416815448216 ], [ -99.627297259161907, 19.245416815448216 ], [ -99.627297259161907, 19.245686310033452 ], [ -99.627027764576667, 19.245686310033452 ], [ -99.627027764576667, 19.246225299203925 ] ] ] ] } },
{ "type": "Feature", "properties": { "ZONA_MET": "Toluca", "INTENSIDAD": "Intensa", "T_PROM_POL": 4.0, "T_MIN_CIUD": 1.0, "DIF_TERMIC": 2.0 }, "geometry": { "type": "MultiPolygon", "coordinates": [ [ [ [ -99.615439497411529, 19.245955804618688 ], [ -99.615170002826289, 19.245955804618688 ], [ -99.615170002826289, 19.245686310033452 ], [ -99.614631013655824, 19.245686310033452 ], [ -99.614631013655824, 19.245416815448216 ], [ -99.614361519070584, 19.245416815448216 ], [ -99.614361519070584, 19.24514732086298 ], [ -99.614631013655824, 19.24514732086298 ], [ -99.614631013655824, 19.244338837107271 ], [ -99.61490050824105, 19.244338837107271 ], [ -99.61490050824105, 19.244608331692508 ], [ -99.615978486581994, 19.244608331692508 ], [ -99.615978486581994, 19.244877826277744 ], [ -99.615439497411529, 19.244877826277744 ], [ -99.615439497411529, 19.245955804618688 ] ] ] ] } },
{ "type": "Feature", "properties": { "ZONA_MET": "Toluca", "INTENSIDAD": "Intensa", "T_PROM_POL": 4.0, "T_MIN_CIUD": 1.0, "DIF_TERMIC": 2.0 }, "geometry": { "type": "MultiPolygon", "coordinates": [ [ [ [ -99.627297259161907, 19.245416815448216 ], [ -99.627027764576667, 19.245416815448216 ], [ -99.627027764576667, 19.244877826277744 ], [ -99.626758269991427, 19.244877826277744 ], [ -99.626758269991427, 19.244608331692508 ], [ -99.626219280820962, 19.244608331692508 ], [ -99.626219280820962, 19.244338837107271 ], [ -99.626758269991427, 19.244338837107271 ], [ -99.626758269991427, 19.24326085876633 ], [ -99.627027764576667, 19.24326085876633 ], [ -99.627027764576667, 19.244069342522039 ], [ -99.628105742917612, 19.244069342522039 ], [ -99.628105742917612, 19.244338837107271 ], [ -99.627836248332372, 19.244338837107271 ], [ -99.627836248332372, 19.244877826277744 ], [ -99.627566753747132, 19.244877826277744 ], [ -99.627566753747132, 19.244608331692508 ], [ -99.627297259161907, 19.244608331692508 ], [ -99.627297259161907, 19.245416815448216 ] ] ] ] } },
{ "type": "Feature", "properties": { "ZONA_MET": "Toluca", "INTENSIDAD": "Intensa", "T_PROM_POL": 4.0, "T_MIN_CIUD": 1.0, "DIF_TERMIC": 2.0 }, "geometry": { "type": "MultiPolygon", "coordinates": [ [ [ [ -99.627566753747132, 19.242721869595858 ], [ -99.626758269991427, 19.242721869595858 ], [ -99.626758269991427, 19.242182880425386 ], [ -99.626488775406202, 19.242182880425386 ], [ -99.626488775406202, 19.241913385840149 ], [ -99.625949786235722, 19.241913385840149 ], [ -99.625949786235722, 19.241643891254913 ], [ -99.625680291650482, 19.241643891254913 ], [ -99.625680291650482, 19.241374396669677 ], [ -99.626488775406202, 19.241374396669677 ], [ -99.626488775406202, 19.241643891254913 ], [ -99.626758269991427, 19.241643891254913 ], [ -99.626758269991427, 19.241913385840149 ], [ -99.627027764576667, 19.241913385840149 ], [ -99.627027764576667, 19.242182880425386 ], [ -99.627297259161907, 19.242182880425386 ], [ -99.627297259161907, 19.242452375010622 ], [ -99.627566753747132, 19.242452375010622 ], [ -99.627566753747132, 19.242721869595858 ] ] ] ] } },
{ "type": "Feature", "properties": { "ZONA_MET": "Toluca", "INTENSIDAD": "Intensa", "T_PROM_POL": 4.0, "T_MIN_CIUD": 1.0, "DIF_TERMIC": 2.0 }, "geometry": { "type": "MultiPolygon", "coordinates": [ [ [ [ -99.617325959508179, 19.242452375010622 ], [ -99.617056464922939, 19.242452375010622 ], [ -99.617056464922939, 19.241913385840149 ], [ -99.616786970337699, 19.241913385840149 ], [ -99.616786970337699, 19.242452375010622 ], [ -99.616517475752474, 19.242452375010622 ], [ -99.616517475752474, 19.241913385840149 ], [ -99.616247981167234, 19.241913385840149 ], [ -99.616247981167234, 19.241104902084444 ], [ -99.616786970337699, 19.241104902084444 ], [ -99.616786970337699, 19.241374396669677 ], [ -99.617056464922939, 19.241374396669677 ], [ -99.617056464922939, 19.241643891254913 ], [ -99.617325959508179, 19.241643891254913 ], [ -99.617325959508179, 19.242452375010622 ] ] ] ] } },
{ "type": "Feature", "properties": { "ZONA_MET": "Toluca", "INTENSIDAD": "Intensa", "T_PROM_POL": 4.0, "T_MIN_CIUD": 1.0, "DIF_TERMIC": 2.0 }, "geometry": { "type": "MultiPolygon", "coordinates": [ [ [ [ -99.61490050824105, 19.242991364181094 ], [ -99.614631013655824, 19.242991364181094 ], [ -99.614631013655824, 19.242452375010622 ], [ -99.614361519070584, 19.242452375010622 ], [ -99.614361519070584, 19.242182880425386 ], [ -99.613822529900105, 19.242182880425386 ], [ -99.613822529900105, 19.241913385840149 ], [ -99.613553035314879, 19.241913385840149 ], [ -99.613553035314879, 19.241643891254913 ], [ -99.614092024485345, 19.241643891254913 ], [ -99.614092024485345, 19.241374396669677 ], [ -99.613553035314879, 19.241374396669677 ], [ -99.613553035314879, 19.241104902084444 ], [ -99.614361519070584, 19.241104902084444 ], [ -99.614361519070584, 19.241374396669677 ], [ -99.61490050824105, 19.241374396669677 ], [ -99.61490050824105, 19.241104902084444 ], [ -99.615978486581994, 19.241104902084444 ], [ -99.615978486581994, 19.242452375010622 ], [ -99.615708991996755, 19.242452375010622 ], [ -99.615708991996755, 19.242182880425386 ], [ -99.615439497411529, 19.242182880425386 ], [ -99.615439497411529, 19.241913385840149 ], [ -99.615170002826289, 19.241913385840149 ], [ -99.615170002826289, 19.242721869595858 ], [ -99.61490050824105, 19.242721869595858 ], [ -99.61490050824105, 19.242991364181094 ] ], [ [ -99.61490050824105, 19.242182880425386 ], [ -99.61490050824105, 19.241913385840149 ], [ -99.614631013655824, 19.241913385840149 ], [ -99.614631013655824, 19.242182880425386 ], [ -99.61490050824105, 19.242182880425386 ] ], [ [ -99.614631013655824, 19.241913385840149 ], [ -99.614631013655824, 19.241643891254913 ], [ -99.614361519070584, 19.241643891254913 ], [ -99.614361519070584, 19.241913385840149 ], [ -99.614631013655824, 19.241913385840149 ] ] ] ] } },
{ "type": "Feature", "properties": { "ZONA_MET": "Toluca", "INTENSIDAD": "Intensa", "T_PROM_POL": 4.0, "T_MIN_CIUD": 1.0, "DIF_TERMIC": 2.0 }, "geometry": { "type": "MultiPolygon", "coordinates": [ [ [ [ -99.601964768149728, 19.241913385840149 ], [ -99.601695273564502, 19.241913385840149 ], [ -99.601695273564502, 19.241374396669677 ], [ -99.601425778979262, 19.241374396669677 ], [ -99.601425778979262, 19.240565912913972 ], [ -99.601695273564502, 19.240565912913972 ], [ -99.601695273564502, 19.240296418328736 ], [ -99.601964768149728, 19.240296418328736 ], [ -99.601964768149728, 19.2400269237435 ], [ -99.602234262734967, 19.2400269237435 ], [ -99.602234262734967, 19.241374396669677 ], [ -99.602503757320207, 19.241374396669677 ], [ -99.602503757320207, 19.241643891254913 ], [ -99.601964768149728, 19.241643891254913 ], [ -99.601964768149728, 19.241913385840149 ] ] ] ] } },
{ "type": "Feature", "properties": { "ZONA_MET": "Toluca", "INTENSIDAD": "Intensa", "T_PROM_POL": 4.0, "T_MIN_CIUD": 1.0, "DIF_TERMIC": 2.0 }, "geometry": { "type": "MultiPolygon", "coordinates": [ [ [ [ -99.560193107438181, 19.2400269237435 ], [ -99.559384623682462, 19.2400269237435 ], [ -99.559384623682462, 19.239487934573027 ], [ -99.559654118267702, 19.239487934573027 ], [ -99.559654118267702, 19.239218439987791 ], [ -99.561001591193886, 19.239218439987791 ], [ -99.561001591193886, 19.239487934573027 ], [ -99.560462602023406, 19.239487934573027 ], [ -99.560462602023406, 19.239757429158264 ], [ -99.560193107438181, 19.239757429158264 ], [ -99.560193107438181, 19.2400269237435 ] ] ] ] } },
{ "type": "Feature", "properties": { "ZONA_MET": "Toluca", "INTENSIDAD": "Intensa", "T_PROM_POL": 4.0, "T_MIN_CIUD": 1.0, "DIF_TERMIC": 2.0 }, "geometry": { "type": "MultiPolygon", "coordinates": [ [ [ [ -99.563157547875775, 19.239487934573027 ], [ -99.562079569534831, 19.239487934573027 ], [ -99.562079569534831, 19.239218439987791 ], [ -99.561540580364351, 19.239218439987791 ], [ -99.561540580364351, 19.239487934573027 ], [ -99.561271085779126, 19.239487934573027 ], [ -99.561271085779126, 19.239218439987791 ], [ -99.561001591193886, 19.239218439987791 ], [ -99.561001591193886, 19.238948945402555 ], [ -99.562888053290536, 19.238948945402555 ], [ -99.562888053290536, 19.238679450817319 ], [ -99.563427042461001, 19.238679450817319 ], [ -99.563427042461001, 19.239218439987791 ], [ -99.563157547875775, 19.239218439987791 ], [ -99.563157547875775, 19.239487934573027 ] ] ] ] } },
{ "type": "Feature", "properties": { "ZONA_MET": "Toluca", "INTENSIDAD": "Intensa", "T_PROM_POL": 4.0, "T_MIN_CIUD": 1.0, "DIF_TERMIC": 2.0 }, "geometry": { "type": "MultiPolygon", "coordinates": [ [ [ [ -99.663948522753984, 19.239757429158264 ], [ -99.663409533583504, 19.239757429158264 ], [ -99.663409533583504, 19.238948945402555 ], [ -99.663140038998264, 19.238948945402555 ], [ -99.663140038998264, 19.238679450817319 ], [ -99.662870544413039, 19.238679450817319 ], [ -99.662870544413039, 19.238409956232083 ], [ -99.662601049827799, 19.238409956232083 ], [ -99.662601049827799, 19.23814046164685 ], [ -99.662870544413039, 19.23814046164685 ], [ -99.662870544413039, 19.237062483305905 ], [ -99.663140038998264, 19.237062483305905 ], [ -99.663140038998264, 19.238409956232083 ], [ -99.664218017339209, 19.238409956232083 ], [ -99.664218017339209, 19.238679450817319 ], [ -99.663948522753984, 19.238679450817319 ], [ -99.663948522753984, 19.239757429158264 ] ] ] ] } },
{ "type": "Feature", "properties": { "ZONA_MET": "Toluca", "INTENSIDAD": "Intensa", "T_PROM_POL": 4.0, "T_MIN_CIUD": 1.0, "DIF_TERMIC": 2.0 }, "geometry": { "type": "MultiPolygon", "coordinates": [ [ [ [ -99.58849003888794, 19.237870967061614 ], [ -99.587412060546995, 19.237870967061614 ], [ -99.587412060546995, 19.237331977891142 ], [ -99.586334082206051, 19.237331977891142 ], [ -99.586334082206051, 19.237062483305905 ], [ -99.589298522643645, 19.237062483305905 ], [ -99.589298522643645, 19.237331977891142 ], [ -99.58849003888794, 19.237331977891142 ], [ -99.58849003888794, 19.237870967061614 ] ] ] ] } },
{ "type": "Feature", "properties": { "ZONA_MET": "Toluca", "INTENSIDAD": "Intensa", "T_PROM_POL": 4.0, "T_MIN_CIUD": 1.0, "DIF_TERMIC": 2.0 }, "geometry": { "type": "MultiPolygon", "coordinates": [ [ [ [ -99.606276681513506, 19.237062483305905 ], [ -99.605737692343041, 19.237062483305905 ], [ -99.605737692343041, 19.236792988720669 ], [ -99.605468197757801, 19.236792988720669 ], [ -99.605468197757801, 19.236253999550197 ], [ -99.609780111121566, 19.236253999550197 ], [ -99.609780111121566, 19.236523494135433 ], [ -99.606276681513506, 19.236523494135433 ], [ -99.606276681513506, 19.237062483305905 ] ] ] ] } },
{ "type": "Feature", "properties": { "ZONA_MET": "Toluca", "INTENSIDAD": "Intensa", "T_PROM_POL": 4.0, "T_MIN_CIUD": 1.0, "DIF_TERMIC": 2.0 }, "geometry": { "type": "MultiPolygon", "coordinates": [ [ [ [ -99.595766392689313, 19.236792988720669 ], [ -99.595227403518834, 19.236792988720669 ], [ -99.595227403518834, 19.236523494135433 ], [ -99.594149425177889, 19.236523494135433 ], [ -99.594149425177889, 19.236792988720669 ], [ -99.593071446836944, 19.236792988720669 ], [ -99.593071446836944, 19.236523494135433 ], [ -99.593879930592664, 19.236523494135433 ], [ -99.593879930592664, 19.236253999550197 ], [ -99.594957908933594, 19.236253999550197 ], [ -99.594957908933594, 19.235715010379725 ], [ -99.595227403518834, 19.235715010379725 ], [ -99.595227403518834, 19.235984504964961 ], [ -99.596035887274539, 19.235984504964961 ], [ -99.596035887274539, 19.236253999550197 ], [ -99.595766392689313, 19.236253999550197 ], [ -99.595766392689313, 19.236792988720669 ] ] ] ] } },
{ "type": "Feature", "properties": { "ZONA_MET": "Toluca", "INTENSIDAD": "Intensa", "T_PROM_POL": 3.0, "T_MIN_CIUD": 1.0, "DIF_TERMIC": 2.0 }, "geometry": { "type": "MultiPolygon", "coordinates": [ [ [ [ -99.61328354072964, 19.236253999550197 ], [ -99.61166657321823, 19.236253999550197 ], [ -99.61166657321823, 19.235715010379725 ], [ -99.611936067803455, 19.235715010379725 ], [ -99.611936067803455, 19.23490652662402 ], [ -99.612475056973935, 19.23490652662402 ], [ -99.612475056973935, 19.235445515794488 ], [ -99.613553035314879, 19.235445515794488 ], [ -99.613553035314879, 19.235715010379725 ], [ -99.61328354072964, 19.235715010379725 ], [ -99.61328354072964, 19.236253999550197 ] ] ] ] } },
{ "type": "Feature", "properties": { "ZONA_MET": "Toluca", "INTENSIDAD": "Intensa", "T_PROM_POL": 4.0, "T_MIN_CIUD": 1.0, "DIF_TERMIC": 2.0 }, "geometry": { "type": "MultiPolygon", "coordinates": [ [ [ [ -99.575823793381858, 19.236253999550197 ], [ -99.575554298796618, 19.236253999550197 ], [ -99.575554298796618, 19.235984504964961 ], [ -99.575284804211378, 19.235984504964961 ], [ -99.575284804211378, 19.235715010379725 ], [ -99.575554298796618, 19.235715010379725 ], [ -99.575554298796618, 19.234637032038783 ], [ -99.576093287967097, 19.234637032038783 ], [ -99.576093287967097, 19.23490652662402 ], [ -99.576362782552323, 19.23490652662402 ], [ -99.576362782552323, 19.235176021209256 ], [ -99.576093287967097, 19.235176021209256 ], [ -99.576093287967097, 19.235984504964961 ], [ -99.575823793381858, 19.235984504964961 ], [ -99.575823793381858, 19.236253999550197 ] ] ] ] } },
{ "type": "Feature", "properties": { "ZONA_MET": "Toluca", "INTENSIDAD": "Intensa", "T_PROM_POL": 4.0, "T_MIN_CIUD": 1.0, "DIF_TERMIC": 2.0 }, "geometry": { "type": "MultiPolygon", "coordinates": [ [ [ [ -99.579866212160397, 19.234637032038783 ], [ -99.579327222989917, 19.234637032038783 ], [ -99.579327222989917, 19.234367537453547 ], [ -99.579057728404692, 19.234367537453547 ], [ -99.579057728404692, 19.234098042868311 ], [ -99.582561158012751, 19.234098042868311 ], [ -99.582561158012751, 19.234367537453547 ], [ -99.579866212160397, 19.234367537453547 ], [ -99.579866212160397, 19.234637032038783 ] ] ] ] } },
{ "type": "Feature", "properties": { "ZONA_MET": "Toluca", "INTENSIDAD": "Intensa", "T_PROM_POL": 4.0, "T_MIN_CIUD": 1.0, "DIF_TERMIC": 2.0 }, "geometry": { "type": "MultiPolygon", "coordinates": [ [ [ [ -99.648587331395532, 19.235176021209256 ], [ -99.648048342225067, 19.235176021209256 ], [ -99.648048342225067, 19.234098042868311 ], [ -99.647509353054588, 19.234098042868311 ], [ -99.647509353054588, 19.233559053697839 ], [ -99.647239858469362, 19.233559053697839 ], [ -99.647239858469362, 19.233289559112603 ], [ -99.647778847639827, 19.233289559112603 ], [ -99.647778847639827, 19.233020064527366 ], [ -99.648048342225067, 19.233020064527366 ], [ -99.648048342225067, 19.233289559112603 ], [ -99.648317836810293, 19.233289559112603 ], [ -99.648317836810293, 19.233559053697839 ], [ -99.648587331395532, 19.233559053697839 ], [ -99.648587331395532, 19.235176021209256 ] ] ] ] } },
{ "type": "Feature", "properties": { "ZONA_MET": "Toluca", "INTENSIDAD": "Intensa", "T_PROM_POL": 4.0, "T_MIN_CIUD": 1.0, "DIF_TERMIC": 2.0 }, "geometry": { "type": "MultiPolygon", "coordinates": [ [ [ [ -99.645892385543178, 19.233828548283075 ], [ -99.645353396372698, 19.233828548283075 ], [ -99.645353396372698, 19.233559053697839 ], [ -99.643197439690823, 19.233559053697839 ], [ -99.643197439690823, 19.233020064527366 ], [ -99.642927945105583, 19.233020064527366 ], [ -99.642927945105583, 19.233289559112603 ], [ -99.642658450520344, 19.233289559112603 ], [ -99.642658450520344, 19.23275056994213 ], [ -99.642388955935104, 19.23275056994213 ], [ -99.642388955935104, 19.232481075356894 ], [ -99.644275418031768, 19.232481075356894 ], [ -99.644275418031768, 19.23275056994213 ], [ -99.645353396372698, 19.23275056994213 ], [ -99.645353396372698, 19.232211580771661 ], [ -99.645622890957938, 19.232211580771661 ], [ -99.645622890957938, 19.232481075356894 ], [ -99.646431374713643, 19.232481075356894 ], [ -99.646431374713643, 19.232211580771661 ], [ -99.647778847639827, 19.232211580771661 ], [ -99.647778847639827, 19.23275056994213 ], [ -99.647239858469362, 19.23275056994213 ], [ -99.647239858469362, 19.233020064527366 ], [ -99.646431374713643, 19.233020064527366 ], [ -99.646431374713643, 19.23275056994213 ], [ -99.645622890957938, 19.23275056994213 ], [ -99.645622890957938, 19.233020064527366 ], [ -99.645353396372698, 19.233020064527366 ], [ -99.645353396372698, 19.233289559112603 ], [ -99.645892385543178, 19.233289559112603 ], [ -99.645892385543178, 19.233828548283075 ] ] ] ] } },
{ "type": "Feature", "properties": { "ZONA_MET": "Toluca", "INTENSIDAD": "Intensa", "T_PROM_POL": 4.0, "T_MIN_CIUD": 1.0, "DIF_TERMIC": 2.0 }, "geometry": { "type": "MultiPolygon", "coordinates": [ [ [ [ -99.63430411837804, 19.233828548283075 ], [ -99.633765129207561, 19.233828548283075 ], [ -99.633765129207561, 19.233559053697839 ], [ -99.6340346237928, 19.233559053697839 ], [ -99.6340346237928, 19.233289559112603 ], [ -99.633765129207561, 19.233289559112603 ], [ -99.633765129207561, 19.23275056994213 ], [ -99.633495634622321, 19.23275056994213 ], [ -99.633495634622321, 19.232481075356894 ], [ -99.633226140037095, 19.232481075356894 ], [ -99.633226140037095, 19.232211580771661 ], [ -99.63430411837804, 19.232211580771661 ], [ -99.63430411837804, 19.231942086186425 ], [ -99.634843107548505, 19.231942086186425 ], [ -99.634843107548505, 19.232211580771661 ], [ -99.634573612963266, 19.232211580771661 ], [ -99.634573612963266, 19.23275056994213 ], [ -99.63430411837804, 19.23275056994213 ], [ -99.63430411837804, 19.233020064527366 ], [ -99.634573612963266, 19.233020064527366 ], [ -99.634573612963266, 19.233289559112603 ], [ -99.63430411837804, 19.233289559112603 ], [ -99.63430411837804, 19.233828548283075 ] ] ] ] } },
{ "type": "Feature", "properties": { "ZONA_MET": "Toluca", "INTENSIDAD": "Intensa", "T_PROM_POL": 4.0, "T_MIN_CIUD": 1.0, "DIF_TERMIC": 2.0 }, "geometry": { "type": "MultiPolygon", "coordinates": [ [ [ [ -99.664218017339209, 19.233020064527366 ], [ -99.663948522753984, 19.233020064527366 ], [ -99.663948522753984, 19.232211580771661 ], [ -99.664487511924449, 19.232211580771661 ], [ -99.664487511924449, 19.231672591601189 ], [ -99.665026501094928, 19.231672591601189 ], [ -99.665026501094928, 19.231403097015953 ], [ -99.665295995680154, 19.231403097015953 ], [ -99.665295995680154, 19.231942086186425 ], [ -99.665565490265394, 19.231942086186425 ], [ -99.665565490265394, 19.232211580771661 ], [ -99.665295995680154, 19.232211580771661 ], [ -99.665295995680154, 19.23275056994213 ], [ -99.665026501094928, 19.23275056994213 ], [ -99.665026501094928, 19.231942086186425 ], [ -99.664757006509689, 19.231942086186425 ], [ -99.664757006509689, 19.23275056994213 ], [ -99.664218017339209, 19.23275056994213 ], [ -99.664218017339209, 19.233020064527366 ] ] ] ] } },
{ "type": "Feature", "properties": { "ZONA_MET": "Toluca", "INTENSIDAD": "Intensa", "T_PROM_POL": 4.0, "T_MIN_CIUD": 1.0, "DIF_TERMIC": 2.0 }, "geometry": { "type": "MultiPolygon", "coordinates": [ [ [ [ -99.65855863104926, 19.231403097015953 ], [ -99.65828913646402, 19.231403097015953 ], [ -99.65828913646402, 19.230864107845481 ], [ -99.657211158123076, 19.230864107845481 ], [ -99.657211158123076, 19.230325118675008 ], [ -99.657480652708315, 19.230325118675008 ], [ -99.657480652708315, 19.230055624089772 ], [ -99.657750147293555, 19.230055624089772 ], [ -99.657750147293555, 19.230325118675008 ], [ -99.65855863104926, 19.230325118675008 ], [ -99.65855863104926, 19.231403097015953 ] ] ] ] } },
{ "type": "Feature", "properties": { "ZONA_MET": "Toluca", "INTENSIDAD": "Intensa", "T_PROM_POL": 4.0, "T_MIN_CIUD": 1.0, "DIF_TERMIC": 2.0 }, "geometry": { "type": "MultiPolygon", "coordinates": [ [ [ [ -99.585525598450346, 19.228438656578358 ], [ -99.583639136353696, 19.228438656578358 ], [ -99.583639136353696, 19.228169161993122 ], [ -99.583369641768456, 19.228169161993122 ], [ -99.583369641768456, 19.227899667407886 ], [ -99.583639136353696, 19.227899667407886 ], [ -99.583639136353696, 19.22763017282265 ], [ -99.583908630938936, 19.22763017282265 ], [ -99.583908630938936, 19.227899667407886 ], [ -99.584447620109401, 19.227899667407886 ], [ -99.584447620109401, 19.22763017282265 ], [ -99.584717114694641, 19.22763017282265 ], [ -99.584717114694641, 19.227899667407886 ], [ -99.585256103865106, 19.227899667407886 ], [ -99.585256103865106, 19.228169161993122 ], [ -99.585525598450346, 19.228169161993122 ], [ -99.585525598450346, 19.228438656578358 ] ] ] ] } },
{ "type": "Feature", "properties": { "ZONA_MET": "Toluca", "INTENSIDAD": "Intensa", "T_PROM_POL": 4.0, "T_MIN_CIUD": 1.0, "DIF_TERMIC": 2.0 }, "geometry": { "type": "MultiPolygon", "coordinates": [ [ [ [ -99.684160616646665, 19.228977645748831 ], [ -99.683891122061425, 19.228977645748831 ], [ -99.683891122061425, 19.228438656578358 ], [ -99.68308263830572, 19.228438656578358 ], [ -99.68308263830572, 19.228169161993122 ], [ -99.684430111231904, 19.228169161993122 ], [ -99.684430111231904, 19.227360678237414 ], [ -99.684699605817144, 19.227360678237414 ], [ -99.684699605817144, 19.228708151163595 ], [ -99.684160616646665, 19.228708151163595 ], [ -99.684160616646665, 19.228977645748831 ] ] ] ] } },
{ "type": "Feature", "properties": { "ZONA_MET": "Toluca", "INTENSIDAD": "Intensa", "T_PROM_POL": 4.0, "T_MIN_CIUD": 1.0, "DIF_TERMIC": 2.0 }, "geometry": { "type": "MultiPolygon", "coordinates": [ [ [ [ -99.583100147183217, 19.228708151163595 ], [ -99.582561158012751, 19.228708151163595 ], [ -99.582561158012751, 19.228438656578358 ], [ -99.580944190501341, 19.228438656578358 ], [ -99.580944190501341, 19.227091183652178 ], [ -99.580674695916102, 19.227091183652178 ], [ -99.580674695916102, 19.226552194481705 ], [ -99.580944190501341, 19.226552194481705 ], [ -99.580944190501341, 19.226013205311236 ], [ -99.581213685086567, 19.226013205311236 ], [ -99.581213685086567, 19.226282699896469 ], [ -99.581483179671807, 19.226282699896469 ], [ -99.581483179671807, 19.226821689066941 ], [ -99.581752674257046, 19.226821689066941 ], [ -99.581752674257046, 19.228169161993122 ], [ -99.583369641768456, 19.228169161993122 ], [ -99.583369641768456, 19.228438656578358 ], [ -99.583100147183217, 19.228438656578358 ], [ -99.583100147183217, 19.228708151163595 ] ] ] ] } },
{ "type": "Feature", "properties": { "ZONA_MET": "Toluca", "INTENSIDAD": "Intensa", "T_PROM_POL": 4.0, "T_MIN_CIUD": 1.0, "DIF_TERMIC": 2.0 }, "geometry": { "type": "MultiPolygon", "coordinates": [ [ [ [ -99.624332818724312, 19.226013205311236 ], [ -99.623793829553833, 19.226013205311236 ], [ -99.623793829553833, 19.225743710726 ], [ -99.622985345798128, 19.225743710726 ], [ -99.622985345798128, 19.225474216140764 ], [ -99.623254840383368, 19.225474216140764 ], [ -99.623254840383368, 19.224935226970292 ], [ -99.623793829553833, 19.224935226970292 ], [ -99.623793829553833, 19.225474216140764 ], [ -99.624063324139073, 19.225474216140764 ], [ -99.624063324139073, 19.225204721555528 ], [ -99.624332818724312, 19.225204721555528 ], [ -99.624332818724312, 19.225474216140764 ], [ -99.624602313309538, 19.225474216140764 ], [ -99.624602313309538, 19.225743710726 ], [ -99.624332818724312, 19.225743710726 ], [ -99.624332818724312, 19.226013205311236 ] ] ] ] } },
{ "type": "Feature", "properties": { "ZONA_MET": "Toluca", "INTENSIDAD": "Intensa", "T_PROM_POL": 4.0, "T_MIN_CIUD": 1.0, "DIF_TERMIC": 2.0 }, "geometry": { "type": "MultiPolygon", "coordinates": [ [ [ [ -99.621368378286718, 19.225204721555528 ], [ -99.620829389116238, 19.225204721555528 ], [ -99.620829389116238, 19.224935226970292 ], [ -99.620559894531013, 19.224935226970292 ], [ -99.620559894531013, 19.224396237799819 ], [ -99.621907367457183, 19.224396237799819 ], [ -99.621907367457183, 19.224126743214583 ], [ -99.622176862042423, 19.224126743214583 ], [ -99.622176862042423, 19.224935226970292 ], [ -99.621368378286718, 19.224935226970292 ], [ -99.621368378286718, 19.225204721555528 ] ] ] ] } },
{ "type": "Feature", "properties": { "ZONA_MET": "Toluca", "INTENSIDAD": "Intensa", "T_PROM_POL": 3.0, "T_MIN_CIUD": 1.0, "DIF_TERMIC": 2.0 }, "geometry": { "type": "MultiPolygon", "coordinates": [ [ [ [ -99.678231735771476, 19.218197862339395 ], [ -99.677423252015771, 19.218197862339395 ], [ -99.677423252015771, 19.217928367754158 ], [ -99.676614768260066, 19.217928367754158 ], [ -99.676614768260066, 19.217389378583686 ], [ -99.677423252015771, 19.217389378583686 ], [ -99.677423252015771, 19.21711988399845 ], [ -99.678501230356716, 19.21711988399845 ], [ -99.678501230356716, 19.217928367754158 ], [ -99.678231735771476, 19.217928367754158 ], [ -99.678231735771476, 19.218197862339395 ] ] ] ] } },
{ "type": "Feature", "properties": { "ZONA_MET": "Toluca", "INTENSIDAD": "Intensa", "T_PROM_POL": 4.0, "T_MIN_CIUD": 1.0, "DIF_TERMIC": 2.0 }, "geometry": { "type": "MultiPolygon", "coordinates": [ [ [ [ -99.669607909043933, 19.219006346095103 ], [ -99.669338414458693, 19.219006346095103 ], [ -99.669338414458693, 19.218736851509867 ], [ -99.667451952362043, 19.218736851509867 ], [ -99.667451952362043, 19.217658873168922 ], [ -99.666104479435859, 19.217658873168922 ], [ -99.666104479435859, 19.217389378583686 ], [ -99.665834984850633, 19.217389378583686 ], [ -99.665834984850633, 19.217658873168922 ], [ -99.665565490265394, 19.217658873168922 ], [ -99.665565490265394, 19.217389378583686 ], [ -99.665295995680154, 19.217389378583686 ], [ -99.665295995680154, 19.21711988399845 ], [ -99.665565490265394, 19.21711988399845 ], [ -99.665565490265394, 19.216850389413217 ], [ -99.665834984850633, 19.216850389413217 ], [ -99.665834984850633, 19.21711988399845 ], [ -99.667451952362043, 19.21711988399845 ], [ -99.667451952362043, 19.217389378583686 ], [ -99.667721446947283, 19.217389378583686 ], [ -99.667721446947283, 19.218467356924631 ], [ -99.668799425288228, 19.218467356924631 ], [ -99.668799425288228, 19.218197862339395 ], [ -99.669068919873453, 19.218197862339395 ], [ -99.669068919873453, 19.217928367754158 ], [ -99.670146898214398, 19.217928367754158 ], [ -99.670146898214398, 19.218467356924631 ], [ -99.669877403629172, 19.218467356924631 ], [ -99.669877403629172, 19.218197862339395 ], [ -99.669607909043933, 19.218197862339395 ], [ -99.669607909043933, 19.219006346095103 ] ] ] ] } },
{ "type": "Feature", "properties": { "ZONA_MET": "Toluca", "INTENSIDAD": "Intensa", "T_PROM_POL": 4.0, "T_MIN_CIUD": 1.0, "DIF_TERMIC": 2.0 }, "geometry": { "type": "MultiPolygon", "coordinates": [ [ [ [ -99.593879930592664, 19.21711988399845 ], [ -99.593610436007424, 19.21711988399845 ], [ -99.593610436007424, 19.216850389413217 ], [ -99.593071446836944, 19.216850389413217 ], [ -99.593071446836944, 19.216580894827981 ], [ -99.592801952251719, 19.216580894827981 ], [ -99.592801952251719, 19.216311400242745 ], [ -99.592532457666479, 19.216311400242745 ], [ -99.592532457666479, 19.216041905657509 ], [ -99.592262963081239, 19.216041905657509 ], [ -99.592262963081239, 19.215772411072273 ], [ -99.593071446836944, 19.215772411072273 ], [ -99.593071446836944, 19.216311400242745 ], [ -99.594149425177889, 19.216311400242745 ], [ -99.594149425177889, 19.216580894827981 ], [ -99.593879930592664, 19.216580894827981 ], [ -99.593879930592664, 19.21711988399845 ] ] ] ] } },
{ "type": "Feature", "properties": { "ZONA_MET": "Toluca", "INTENSIDAD": "Intensa", "T_PROM_POL": 4.0, "T_MIN_CIUD": 1.0, "DIF_TERMIC": 2.0 }, "geometry": { "type": "MultiPolygon", "coordinates": [ [ [ [ -99.627297259161907, 19.210382519367556 ], [ -99.626758269991427, 19.210382519367556 ], [ -99.626758269991427, 19.209843530197084 ], [ -99.627297259161907, 19.209843530197084 ], [ -99.627297259161907, 19.209574035611848 ], [ -99.626488775406202, 19.209574035611848 ], [ -99.626488775406202, 19.209304541026611 ], [ -99.627297259161907, 19.209304541026611 ], [ -99.627297259161907, 19.208765551856139 ], [ -99.627566753747132, 19.208765551856139 ], [ -99.627566753747132, 19.208496057270903 ], [ -99.627027764576667, 19.208496057270903 ], [ -99.627027764576667, 19.208226562685667 ], [ -99.626758269991427, 19.208226562685667 ], [ -99.626758269991427, 19.207418078929962 ], [ -99.627566753747132, 19.207418078929962 ], [ -99.627566753747132, 19.207957068100434 ], [ -99.627836248332372, 19.207957068100434 ], [ -99.627836248332372, 19.208226562685667 ], [ -99.628105742917612, 19.208226562685667 ], [ -99.628105742917612, 19.209035046441375 ], [ -99.627836248332372, 19.209035046441375 ], [ -99.627836248332372, 19.209574035611848 ], [ -99.627566753747132, 19.209574035611848 ], [ -99.627566753747132, 19.21011302478232 ], [ -99.627297259161907, 19.21011302478232 ], [ -99.627297259161907, 19.210382519367556 ] ] ] ] } },
{ "type": "Feature", "properties": { "ZONA_MET": "Toluca", "INTENSIDAD": "Intensa", "T_PROM_POL": 4.0, "T_MIN_CIUD": 1.0, "DIF_TERMIC": 2.0 }, "geometry": { "type": "MultiPolygon", "coordinates": [ [ [ [ -99.625141302480017, 19.208765551856139 ], [ -99.624063324139073, 19.208765551856139 ], [ -99.624063324139073, 19.208226562685667 ], [ -99.624332818724312, 19.208226562685667 ], [ -99.624332818724312, 19.207957068100434 ], [ -99.624602313309538, 19.207957068100434 ], [ -99.624602313309538, 19.207687573515198 ], [ -99.624871807894777, 19.207687573515198 ], [ -99.624871807894777, 19.207418078929962 ], [ -99.625410797065257, 19.207418078929962 ], [ -99.625410797065257, 19.207687573515198 ], [ -99.625680291650482, 19.207687573515198 ], [ -99.625680291650482, 19.207957068100434 ], [ -99.625141302480017, 19.207957068100434 ], [ -99.625141302480017, 19.208765551856139 ] ], [ [ -99.624871807894777, 19.208226562685667 ], [ -99.624871807894777, 19.207957068100434 ], [ -99.624602313309538, 19.207957068100434 ], [ -99.624602313309538, 19.208226562685667 ], [ -99.624871807894777, 19.208226562685667 ] ] ] ] } },
{ "type": "Feature", "properties": { "ZONA_MET": "Toluca", "INTENSIDAD": "Intensa", "T_PROM_POL": 4.0, "T_MIN_CIUD": 1.0, "DIF_TERMIC": 2.0 }, "geometry": { "type": "MultiPolygon", "coordinates": [ [ [ [ -99.629992205014261, 19.206879089759489 ], [ -99.629722710429022, 19.206879089759489 ], [ -99.629722710429022, 19.204723133077604 ], [ -99.629992205014261, 19.204723133077604 ], [ -99.629992205014261, 19.204453638492367 ], [ -99.630261699599501, 19.204453638492367 ], [ -99.630261699599501, 19.204723133077604 ], [ -99.630800688769966, 19.204723133077604 ], [ -99.630800688769966, 19.20499262766284 ], [ -99.630531194184726, 19.20499262766284 ], [ -99.630531194184726, 19.205262122248072 ], [ -99.630261699599501, 19.205262122248072 ], [ -99.630261699599501, 19.205531616833309 ], [ -99.629992205014261, 19.205531616833309 ], [ -99.629992205014261, 19.205801111418545 ], [ -99.630261699599501, 19.205801111418545 ], [ -99.630261699599501, 19.206070606003781 ], [ -99.629992205014261, 19.206070606003781 ], [ -99.629992205014261, 19.206879089759489 ] ] ] ] } },
{ "type": "Feature", "properties": { "ZONA_MET": "Toluca", "INTENSIDAD": "Intensa", "T_PROM_POL": 4.0, "T_MIN_CIUD": 1.0, "DIF_TERMIC": 2.0 }, "geometry": { "type": "MultiPolygon", "coordinates": [ [ [ [ -99.56773895582478, 19.204453638492367 ], [ -99.567199966654314, 19.204453638492367 ], [ -99.567199966654314, 19.203914649321895 ], [ -99.566930472069075, 19.203914649321895 ], [ -99.566930472069075, 19.203645154736659 ], [ -99.566660977483835, 19.203645154736659 ], [ -99.566660977483835, 19.203375660151423 ], [ -99.567199966654314, 19.203375660151423 ], [ -99.567199966654314, 19.203106165566187 ], [ -99.56773895582478, 19.203106165566187 ], [ -99.56773895582478, 19.203375660151423 ], [ -99.569086428750964, 19.203375660151423 ], [ -99.569086428750964, 19.204184143907131 ], [ -99.568277944995245, 19.204184143907131 ], [ -99.568277944995245, 19.203914649321895 ], [ -99.56773895582478, 19.203914649321895 ], [ -99.56773895582478, 19.204453638492367 ] ], [ [ -99.568816934165724, 19.203914649321895 ], [ -99.568816934165724, 19.203645154736659 ], [ -99.568547439580485, 19.203645154736659 ], [ -99.568547439580485, 19.203914649321895 ], [ -99.568816934165724, 19.203914649321895 ] ] ] ] } },
{ "type": "Feature", "properties": { "ZONA_MET": "Toluca", "INTENSIDAD": "Intensa", "T_PROM_POL": 4.0, "T_MIN_CIUD": 1.0, "DIF_TERMIC": 2.0 }, "geometry": { "type": "MultiPolygon", "coordinates": [ [ [ [ -99.586064587620811, 19.203375660151423 ], [ -99.585795093035586, 19.203375660151423 ], [ -99.585795093035586, 19.20283667098095 ], [ -99.585525598450346, 19.20283667098095 ], [ -99.585525598450346, 19.202297681810478 ], [ -99.585256103865106, 19.202297681810478 ], [ -99.585256103865106, 19.202028187225242 ], [ -99.584986609279881, 19.202028187225242 ], [ -99.584986609279881, 19.201758692640009 ], [ -99.585256103865106, 19.201758692640009 ], [ -99.585256103865106, 19.201489198054773 ], [ -99.585525598450346, 19.201489198054773 ], [ -99.585525598450346, 19.201758692640009 ], [ -99.586064587620811, 19.201758692640009 ], [ -99.586064587620811, 19.202028187225242 ], [ -99.586334082206051, 19.202028187225242 ], [ -99.586334082206051, 19.202567176395714 ], [ -99.586064587620811, 19.202567176395714 ], [ -99.586064587620811, 19.203375660151423 ] ], [ [ -99.586064587620811, 19.202567176395714 ], [ -99.586064587620811, 19.202297681810478 ], [ -99.585795093035586, 19.202297681810478 ], [ -99.585795093035586, 19.202567176395714 ], [ -99.586064587620811, 19.202567176395714 ] ] ] ] } },
{ "type": "Feature", "properties": { "ZONA_MET": "Toluca", "INTENSIDAD": "Intensa", "T_PROM_POL": 4.0, "T_MIN_CIUD": 1.0, "DIF_TERMIC": 2.0 }, "geometry": { "type": "MultiPolygon", "coordinates": [ [ [ [ -99.58875953347318, 19.203106165566187 ], [ -99.5882205443027, 19.203106165566187 ], [ -99.5882205443027, 19.201758692640009 ], [ -99.587951049717475, 19.201758692640009 ], [ -99.587951049717475, 19.201489198054773 ], [ -99.5882205443027, 19.201489198054773 ], [ -99.5882205443027, 19.201219703469537 ], [ -99.58849003888794, 19.201219703469537 ], [ -99.58849003888794, 19.202028187225242 ], [ -99.58875953347318, 19.202028187225242 ], [ -99.58875953347318, 19.203106165566187 ] ] ] ] } },
{ "type": "Feature", "properties": { "ZONA_MET": "Toluca", "INTENSIDAD": "Extrema", "T_PROM_POL": 4.0, "T_MIN_CIUD": 1.0, "DIF_TERMIC": 2.0 }, "geometry": { "type": "MultiPolygon", "coordinates": [ [ [ [ -99.584986609279881, 19.202028187225242 ], [ -99.584447620109401, 19.202028187225242 ], [ -99.584447620109401, 19.201219703469537 ], [ -99.584717114694641, 19.201219703469537 ], [ -99.584717114694641, 19.200411219713828 ], [ -99.584447620109401, 19.200411219713828 ], [ -99.584447620109401, 19.200141725128592 ], [ -99.584717114694641, 19.200141725128592 ], [ -99.584717114694641, 19.19960273595812 ], [ -99.584986609279881, 19.19960273595812 ], [ -99.584986609279881, 19.200141725128592 ], [ -99.585256103865106, 19.200141725128592 ], [ -99.585256103865106, 19.201219703469537 ], [ -99.585525598450346, 19.201219703469537 ], [ -99.585525598450346, 19.201489198054773 ], [ -99.584717114694641, 19.201489198054773 ], [ -99.584717114694641, 19.201758692640009 ], [ -99.584986609279881, 19.201758692640009 ], [ -99.584986609279881, 19.202028187225242 ] ] ] ] } },
{ "type": "Feature", "properties": { "ZONA_MET": "Toluca", "INTENSIDAD": "Intensa", "T_PROM_POL": 4.0, "T_MIN_CIUD": 1.0, "DIF_TERMIC": 2.0 }, "geometry": { "type": "MultiPolygon", "coordinates": [ [ [ [ -99.58687307137653, 19.202567176395714 ], [ -99.58660357679129, 19.202567176395714 ], [ -99.58660357679129, 19.19960273595812 ], [ -99.58687307137653, 19.19960273595812 ], [ -99.58687307137653, 19.199872230543356 ], [ -99.587142565961756, 19.199872230543356 ], [ -99.587142565961756, 19.200411219713828 ], [ -99.58687307137653, 19.200411219713828 ], [ -99.58687307137653, 19.201489198054773 ], [ -99.587142565961756, 19.201489198054773 ], [ -99.587142565961756, 19.201758692640009 ], [ -99.58687307137653, 19.201758692640009 ], [ -99.58687307137653, 19.202567176395714 ] ] ] ] } },
{ "type": "Feature", "properties": { "ZONA_MET": "Toluca", "INTENSIDAD": "Intensa", "T_PROM_POL": 4.0, "T_MIN_CIUD": 1.0, "DIF_TERMIC": 2.0 }, "geometry": { "type": "MultiPolygon", "coordinates": [ [ [ [ -99.575554298796618, 19.199872230543356 ], [ -99.575284804211378, 19.199872230543356 ], [ -99.575284804211378, 19.199063746787647 ], [ -99.575554298796618, 19.199063746787647 ], [ -99.575554298796618, 19.199333241372884 ], [ -99.575823793381858, 19.199333241372884 ], [ -99.575823793381858, 19.198255263031943 ], [ -99.575284804211378, 19.198255263031943 ], [ -99.575284804211378, 19.198524757617179 ], [ -99.574745815040913, 19.198524757617179 ], [ -99.574745815040913, 19.198255263031943 ], [ -99.575015309626153, 19.198255263031943 ], [ -99.575015309626153, 19.197985768446706 ], [ -99.575284804211378, 19.197985768446706 ], [ -99.575284804211378, 19.19771627386147 ], [ -99.575554298796618, 19.19771627386147 ], [ -99.575554298796618, 19.197446779276234 ], [ -99.575823793381858, 19.197446779276234 ], [ -99.575823793381858, 19.19771627386147 ], [ -99.576362782552323, 19.19771627386147 ], [ -99.576362782552323, 19.198255263031943 ], [ -99.576093287967097, 19.198255263031943 ], [ -99.576093287967097, 19.19960273595812 ], [ -99.575554298796618, 19.19960273595812 ], [ -99.575554298796618, 19.199872230543356 ] ] ] ] } },
{ "type": "Feature", "properties": { "ZONA_MET": "Toluca", "INTENSIDAD": "Extrema", "T_PROM_POL": 4.0, "T_MIN_CIUD": 1.0, "DIF_TERMIC": 2.0 }, "geometry": { "type": "MultiPolygon", "coordinates": [ [ [ [ -99.584178125524161, 19.197985768446706 ], [ -99.583639136353696, 19.197985768446706 ], [ -99.583639136353696, 19.197446779276234 ], [ -99.583369641768456, 19.197446779276234 ], [ -99.583369641768456, 19.196638295520525 ], [ -99.583100147183217, 19.196638295520525 ], [ -99.583100147183217, 19.196099306350053 ], [ -99.583639136353696, 19.196099306350053 ], [ -99.583639136353696, 19.196638295520525 ], [ -99.583908630938936, 19.196638295520525 ], [ -99.583908630938936, 19.19771627386147 ], [ -99.584178125524161, 19.19771627386147 ], [ -99.584178125524161, 19.197985768446706 ] ] ] ] } },
{ "type": "Feature", "properties": { "ZONA_MET": "Toluca", "INTENSIDAD": "Intensa", "T_PROM_POL": 4.0, "T_MIN_CIUD": 1.0, "DIF_TERMIC": 2.0 }, "geometry": { "type": "MultiPolygon", "coordinates": [ [ [ [ -99.628914226673317, 19.195021328009112 ], [ -99.627566753747132, 19.195021328009112 ], [ -99.627566753747132, 19.194751833423876 ], [ -99.627027764576667, 19.194751833423876 ], [ -99.627027764576667, 19.195021328009112 ], [ -99.626488775406202, 19.195021328009112 ], [ -99.626488775406202, 19.194751833423876 ], [ -99.626758269991427, 19.194751833423876 ], [ -99.626758269991427, 19.193943349668167 ], [ -99.627027764576667, 19.193943349668167 ], [ -99.627027764576667, 19.194212844253403 ], [ -99.627297259161907, 19.194212844253403 ], [ -99.627297259161907, 19.19448233883864 ], [ -99.628644732088077, 19.19448233883864 ], [ -99.628644732088077, 19.194212844253403 ], [ -99.628914226673317, 19.194212844253403 ], [ -99.628914226673317, 19.195021328009112 ] ] ] ] } },
{ "type": "Feature", "properties": { "ZONA_MET": "Toluca", "INTENSIDAD": "Intensa", "T_PROM_POL": 4.0, "T_MIN_CIUD": 1.0, "DIF_TERMIC": 2.0 }, "geometry": { "type": "MultiPolygon", "coordinates": [ [ [ [ -99.626488775406202, 19.195560317179584 ], [ -99.626219280820962, 19.195560317179584 ], [ -99.626219280820962, 19.195290822594348 ], [ -99.625410797065257, 19.195290822594348 ], [ -99.625410797065257, 19.194751833423876 ], [ -99.625680291650482, 19.194751833423876 ], [ -99.625680291650482, 19.19448233883864 ], [ -99.625949786235722, 19.19448233883864 ], [ -99.625949786235722, 19.193673855082931 ], [ -99.626219280820962, 19.193673855082931 ], [ -99.626219280820962, 19.19448233883864 ], [ -99.626488775406202, 19.19448233883864 ], [ -99.626488775406202, 19.194751833423876 ], [ -99.626219280820962, 19.194751833423876 ], [ -99.626219280820962, 19.195021328009112 ], [ -99.626488775406202, 19.195021328009112 ], [ -99.626488775406202, 19.195560317179584 ] ] ] ] } },
{ "type": "Feature", "properties": { "ZONA_MET": "Toluca", "INTENSIDAD": "Extrema", "T_PROM_POL": 4.0, "T_MIN_CIUD": 1.0, "DIF_TERMIC": 2.0 }, "geometry": { "type": "MultiPolygon", "coordinates": [ [ [ [ -99.628644732088077, 19.19448233883864 ], [ -99.628105742917612, 19.19448233883864 ], [ -99.628105742917612, 19.194212844253403 ], [ -99.628375237502851, 19.194212844253403 ], [ -99.628375237502851, 19.193943349668167 ], [ -99.628105742917612, 19.193943349668167 ], [ -99.628105742917612, 19.193673855082931 ], [ -99.628375237502851, 19.193673855082931 ], [ -99.628375237502851, 19.19259587674199 ], [ -99.628644732088077, 19.19259587674199 ], [ -99.628644732088077, 19.193134865912459 ], [ -99.628914226673317, 19.193134865912459 ], [ -99.628914226673317, 19.193943349668167 ], [ -99.628644732088077, 19.193943349668167 ], [ -99.628644732088077, 19.19448233883864 ] ] ] ] } },
{ "type": "Feature", "properties": { "ZONA_MET": "Toluca", "INTENSIDAD": "Intensa", "T_PROM_POL": 4.0, "T_MIN_CIUD": 1.0, "DIF_TERMIC": 2.0 }, "geometry": { "type": "MultiPolygon", "coordinates": [ [ [ [ -99.632956645451856, 19.19259587674199 ], [ -99.631609172525671, 19.19259587674199 ], [ -99.631609172525671, 19.192326382156754 ], [ -99.631339677940446, 19.192326382156754 ], [ -99.631339677940446, 19.19259587674199 ], [ -99.631070183355206, 19.19259587674199 ], [ -99.631070183355206, 19.192056887571518 ], [ -99.63241765628139, 19.192056887571518 ], [ -99.63241765628139, 19.191787392986281 ], [ -99.632687150866616, 19.191787392986281 ], [ -99.632687150866616, 19.192056887571518 ], [ -99.632956645451856, 19.192056887571518 ], [ -99.632956645451856, 19.19259587674199 ] ] ] ] } },
{ "type": "Feature", "properties": { "ZONA_MET": "Toluca", "INTENSIDAD": "Intensa", "T_PROM_POL": 4.0, "T_MIN_CIUD": 1.0, "DIF_TERMIC": 2.0 }, "geometry": { "type": "MultiPolygon", "coordinates": [ [ [ [ -99.582561158012751, 19.191248403815809 ], [ -99.582022168842286, 19.191248403815809 ], [ -99.582022168842286, 19.190978909230573 ], [ -99.580944190501341, 19.190978909230573 ], [ -99.580944190501341, 19.190709414645337 ], [ -99.580674695916102, 19.190709414645337 ], [ -99.580674695916102, 19.190439920060101 ], [ -99.580944190501341, 19.190439920060101 ], [ -99.580944190501341, 19.189900930889628 ], [ -99.581483179671807, 19.189900930889628 ], [ -99.581483179671807, 19.190170425474864 ], [ -99.581752674257046, 19.190170425474864 ], [ -99.581752674257046, 19.190709414645337 ], [ -99.582830652597991, 19.190709414645337 ], [ -99.582830652597991, 19.190978909230573 ], [ -99.582561158012751, 19.190978909230573 ], [ -99.582561158012751, 19.191248403815809 ] ] ] ] } },
{ "type": "Feature", "properties": { "ZONA_MET": "Toluca", "INTENSIDAD": "Intensa", "T_PROM_POL": 4.0, "T_MIN_CIUD": 1.0, "DIF_TERMIC": 2.0 }, "geometry": { "type": "MultiPolygon", "coordinates": [ [ [ [ -99.589298522643645, 19.189361941719159 ], [ -99.58875953347318, 19.189361941719159 ], [ -99.58875953347318, 19.189092447133923 ], [ -99.5882205443027, 19.189092447133923 ], [ -99.5882205443027, 19.188014468792979 ], [ -99.58875953347318, 19.188014468792979 ], [ -99.58875953347318, 19.188553457963451 ], [ -99.589029028058405, 19.188553457963451 ], [ -99.589029028058405, 19.188822952548687 ], [ -99.589298522643645, 19.188822952548687 ], [ -99.589298522643645, 19.189361941719159 ] ] ] ] } },
{ "type": "Feature", "properties": { "ZONA_MET": "Toluca", "INTENSIDAD": "Intensa", "T_PROM_POL": 4.0, "T_MIN_CIUD": 1.0, "DIF_TERMIC": 2.0 }, "geometry": { "type": "MultiPolygon", "coordinates": [ [ [ [ -99.580944190501341, 19.189900930889628 ], [ -99.580674695916102, 19.189900930889628 ], [ -99.580674695916102, 19.189361941719159 ], [ -99.580405201330862, 19.189361941719159 ], [ -99.580405201330862, 19.189092447133923 ], [ -99.580135706745622, 19.189092447133923 ], [ -99.580135706745622, 19.188822952548687 ], [ -99.580405201330862, 19.188822952548687 ], [ -99.580405201330862, 19.188553457963451 ], [ -99.580135706745622, 19.188553457963451 ], [ -99.580135706745622, 19.188283963378215 ], [ -99.579057728404692, 19.188283963378215 ], [ -99.579057728404692, 19.187744974207742 ], [ -99.579596717575157, 19.187744974207742 ], [ -99.579596717575157, 19.187475479622506 ], [ -99.579327222989917, 19.187475479622506 ], [ -99.579327222989917, 19.18720598503727 ], [ -99.579057728404692, 19.18720598503727 ], [ -99.579057728404692, 19.186936490452034 ], [ -99.579327222989917, 19.186936490452034 ], [ -99.579327222989917, 19.186666995866801 ], [ -99.579596717575157, 19.186666995866801 ], [ -99.579596717575157, 19.18720598503727 ], [ -99.579866212160397, 19.18720598503727 ], [ -99.579866212160397, 19.187475479622506 ], [ -99.580135706745622, 19.187475479622506 ], [ -99.580135706745622, 19.187744974207742 ], [ -99.580405201330862, 19.187744974207742 ], [ -99.580405201330862, 19.186936490452034 ], [ -99.580674695916102, 19.186936490452034 ], [ -99.580674695916102, 19.18720598503727 ], [ -99.580944190501341, 19.18720598503727 ], [ -99.580944190501341, 19.188014468792979 ], [ -99.580674695916102, 19.188014468792979 ], [ -99.580674695916102, 19.188283963378215 ], [ -99.580944190501341, 19.188283963378215 ], [ -99.580944190501341, 19.188553457963451 ], [ -99.581213685086567, 19.188553457963451 ], [ -99.581213685086567, 19.188822952548687 ], [ -99.582022168842286, 19.188822952548687 ], [ -99.582022168842286, 19.189092447133923 ], [ -99.580944190501341, 19.189092447133923 ], [ -99.580944190501341, 19.189900930889628 ] ] ] ] } },
{ "type": "Feature", "properties": { "ZONA_MET": "Toluca", "INTENSIDAD": "Intensa", "T_PROM_POL": 4.0, "T_MIN_CIUD": 1.0, "DIF_TERMIC": 2.0 }, "geometry": { "type": "MultiPolygon", "coordinates": [ [ [ [ -99.581213685086567, 19.186936490452034 ], [ -99.580674695916102, 19.186936490452034 ], [ -99.580674695916102, 19.186397501281565 ], [ -99.580944190501341, 19.186397501281565 ], [ -99.580944190501341, 19.186128006696329 ], [ -99.581213685086567, 19.186128006696329 ], [ -99.581213685086567, 19.185858512111093 ], [ -99.581483179671807, 19.185858512111093 ], [ -99.581483179671807, 19.185589017525857 ], [ -99.581752674257046, 19.185589017525857 ], [ -99.581752674257046, 19.18531952294062 ], [ -99.582830652597991, 19.18531952294062 ], [ -99.582830652597991, 19.185589017525857 ], [ -99.582561158012751, 19.185589017525857 ], [ -99.582561158012751, 19.185858512111093 ], [ -99.582291663427512, 19.185858512111093 ], [ -99.582291663427512, 19.186128006696329 ], [ -99.581752674257046, 19.186128006696329 ], [ -99.581752674257046, 19.186397501281565 ], [ -99.581483179671807, 19.186397501281565 ], [ -99.581483179671807, 19.186666995866801 ], [ -99.581213685086567, 19.186666995866801 ], [ -99.581213685086567, 19.186936490452034 ] ] ] ] } }
]
}
