{
"type": "FeatureCollection",
"name": "UHI_Chihuahua",
"crs": { "type": "name", "properties": { "name": "urn:ogc:def:crs:OGC:1.3:CRS84" } },
"features": [
{ "type": "Feature", "properties": { "ZONA_MET": "Chihuahua", "INTENSIDAD": "Extrema", "T_PROM_POL": 4.0, "T_MIN_CIUD": 1.0, "DIF_TERMIC": 2.0 }, "geometry": { "type": "MultiPolygon", "coordinates": [ [ [ [ -106.176285174978446, 28.797382894547916 ], [ -106.175746185807967, 28.797382894547916 ], [ -106.175746185807967, 28.795765927036502 ], [ -106.176015680393206, 28.795765927036502 ], [ -106.176015680393206, 28.796304916206974 ], [ -106.176285174978446, 28.796304916206974 ], [ -106.176285174978446, 28.796035421621738 ], [ -106.176554669563686, 28.796035421621738 ], [ -106.176554669563686, 28.797113399962679 ], [ -106.176285174978446, 28.797113399962679 ], [ -106.176285174978446, 28.797382894547916 ] ] ] ] } },
{ "type": "Feature", "properties": { "ZONA_MET": "Chihuahua", "INTENSIDAD": "Extrema", "T_PROM_POL": 4.0, "T_MIN_CIUD": 1.0, "DIF_TERMIC": 2.0 }, "geometry": { "type": "MultiPolygon", "coordinates": [ [ [ [ -106.154456113574341, 28.796035421621738 ], [ -106.151222178551507, 28.796035421621738 ], [ -106.151222178551507, 28.795765927036502 ], [ -106.150683189381041, 28.795765927036502 ], [ -106.150683189381041, 28.795496432451266 ], [ -106.149874705625336, 28.795496432451266 ], [ -106.149874705625336, 28.79522693786603 ], [ -106.150952683966267, 28.79522693786603 ], [ -106.150952683966267, 28.795496432451266 ], [ -106.151491673136746, 28.795496432451266 ], [ -106.151491673136746, 28.795765927036502 ], [ -106.154456113574341, 28.795765927036502 ], [ -106.154456113574341, 28.796035421621738 ] ] ] ] } },
{ "type": "Feature", "properties": { "ZONA_MET": "Chihuahua", "INTENSIDAD": "Extrema", "T_PROM_POL": 4.0, "T_MIN_CIUD": 1.0, "DIF_TERMIC": 2.0 }, "geometry": { "type": "MultiPolygon", "coordinates": [ [ [ [ -106.175746185807967, 28.795496432451266 ], [ -106.175476691222741, 28.795496432451266 ], [ -106.175476691222741, 28.794957443280794 ], [ -106.175207196637501, 28.794957443280794 ], [ -106.175207196637501, 28.794687948695557 ], [ -106.174937702052262, 28.794687948695557 ], [ -106.174937702052262, 28.794148959525085 ], [ -106.175207196637501, 28.794148959525085 ], [ -106.175207196637501, 28.793879464939849 ], [ -106.174937702052262, 28.793879464939849 ], [ -106.174937702052262, 28.792531992013672 ], [ -106.174668207467022, 28.792531992013672 ], [ -106.174668207467022, 28.791723508257963 ], [ -106.174398712881796, 28.791723508257963 ], [ -106.174398712881796, 28.791454013672727 ], [ -106.174129218296557, 28.791454013672727 ], [ -106.174129218296557, 28.791184519087491 ], [ -106.173859723711317, 28.791184519087491 ], [ -106.173859723711317, 28.790915024502254 ], [ -106.174668207467022, 28.790915024502254 ], [ -106.174668207467022, 28.791184519087491 ], [ -106.174937702052262, 28.791184519087491 ], [ -106.174937702052262, 28.791454013672727 ], [ -106.175207196637501, 28.791454013672727 ], [ -106.175207196637501, 28.793070981184144 ], [ -106.175476691222741, 28.793070981184144 ], [ -106.175476691222741, 28.793879464939849 ], [ -106.175746185807967, 28.793879464939849 ], [ -106.175746185807967, 28.794148959525085 ], [ -106.175476691222741, 28.794148959525085 ], [ -106.175476691222741, 28.794418454110321 ], [ -106.175746185807967, 28.794418454110321 ], [ -106.175746185807967, 28.795496432451266 ] ] ] ] } },
{ "type": "Feature", "properties": { "ZONA_MET": "Chihuahua", "INTENSIDAD": "Extrema", "T_PROM_POL": 4.0, "T_MIN_CIUD": 1.0, "DIF_TERMIC": 2.0 }, "geometry": { "type": "MultiPolygon", "coordinates": [ [ [ [ -106.169547810347552, 28.791454013672727 ], [ -106.168469832006608, 28.791454013672727 ], [ -106.168469832006608, 28.791184519087491 ], [ -106.168739326591833, 28.791184519087491 ], [ -106.168739326591833, 28.790915024502254 ], [ -106.170356294103257, 28.790915024502254 ], [ -106.170356294103257, 28.790645529917022 ], [ -106.170625788688497, 28.790645529917022 ], [ -106.170625788688497, 28.790376035331786 ], [ -106.170895283273722, 28.790376035331786 ], [ -106.170895283273722, 28.790915024502254 ], [ -106.170625788688497, 28.790915024502254 ], [ -106.170625788688497, 28.791184519087491 ], [ -106.169547810347552, 28.791184519087491 ], [ -106.169547810347552, 28.791454013672727 ] ] ] ] } },
{ "type": "Feature", "properties": { "ZONA_MET": "Chihuahua", "INTENSIDAD": "Intensa", "T_PROM_POL": 4.0, "T_MIN_CIUD": 1.0, "DIF_TERMIC": 2.0 }, "geometry": { "type": "MultiPolygon", "coordinates": [ [ [ [ -106.140172900556834, 28.790915024502254 ], [ -106.139094922215889, 28.790915024502254 ], [ -106.139094922215889, 28.790645529917022 ], [ -106.138825427630664, 28.790645529917022 ], [ -106.138825427630664, 28.790376035331786 ], [ -106.138286438460185, 28.790376035331786 ], [ -106.138286438460185, 28.79010654074655 ], [ -106.138555933045424, 28.79010654074655 ], [ -106.138555933045424, 28.789837046161313 ], [ -106.139094922215889, 28.789837046161313 ], [ -106.139094922215889, 28.79010654074655 ], [ -106.139364416801129, 28.79010654074655 ], [ -106.139364416801129, 28.790376035331786 ], [ -106.139903405971609, 28.790376035331786 ], [ -106.139903405971609, 28.790645529917022 ], [ -106.140172900556834, 28.790645529917022 ], [ -106.140172900556834, 28.790915024502254 ] ] ] ] } },
{ "type": "Feature", "properties": { "ZONA_MET": "Chihuahua", "INTENSIDAD": "Intensa", "T_PROM_POL": 4.0, "T_MIN_CIUD": 1.0, "DIF_TERMIC": 2.0 }, "geometry": { "type": "MultiPolygon", "coordinates": [ [ [ [ -106.175476691222741, 28.791184519087491 ], [ -106.174668207467022, 28.791184519087491 ], [ -106.174668207467022, 28.790915024502254 ], [ -106.174398712881796, 28.790915024502254 ], [ -106.174398712881796, 28.790645529917022 ], [ -106.173590229126091, 28.790645529917022 ], [ -106.173590229126091, 28.790915024502254 ], [ -106.170895283273722, 28.790915024502254 ], [ -106.170895283273722, 28.790645529917022 ], [ -106.171434272444202, 28.790645529917022 ], [ -106.171434272444202, 28.790376035331786 ], [ -106.171703767029427, 28.790376035331786 ], [ -106.171703767029427, 28.79010654074655 ], [ -106.171973261614667, 28.79010654074655 ], [ -106.171973261614667, 28.790376035331786 ], [ -106.172512250785147, 28.790376035331786 ], [ -106.172512250785147, 28.79010654074655 ], [ -106.174129218296557, 28.79010654074655 ], [ -106.174129218296557, 28.790376035331786 ], [ -106.174398712881796, 28.790376035331786 ], [ -106.174398712881796, 28.789837046161313 ], [ -106.174668207467022, 28.789837046161313 ], [ -106.174668207467022, 28.789567551576077 ], [ -106.174937702052262, 28.789567551576077 ], [ -106.174937702052262, 28.790376035331786 ], [ -106.175207196637501, 28.790376035331786 ], [ -106.175207196637501, 28.790915024502254 ], [ -106.175476691222741, 28.790915024502254 ], [ -106.175476691222741, 28.791184519087491 ] ] ] ] } },
{ "type": "Feature", "properties": { "ZONA_MET": "Chihuahua", "INTENSIDAD": "Intensa", "T_PROM_POL": 3.0, "T_MIN_CIUD": 1.0, "DIF_TERMIC": 2.0 }, "geometry": { "type": "MultiPolygon", "coordinates": [ [ [ [ -106.156881564841456, 28.792801486598908 ], [ -106.15661207025623, 28.792801486598908 ], [ -106.15661207025623, 28.792262497428435 ], [ -106.15634257567099, 28.792262497428435 ], [ -106.15634257567099, 28.791723508257963 ], [ -106.156073081085751, 28.791723508257963 ], [ -106.156073081085751, 28.791184519087491 ], [ -106.155803586500525, 28.791184519087491 ], [ -106.155803586500525, 28.790376035331786 ], [ -106.155534091915285, 28.790376035331786 ], [ -106.155534091915285, 28.79010654074655 ], [ -106.155264597330046, 28.79010654074655 ], [ -106.155264597330046, 28.789837046161313 ], [ -106.154995102744806, 28.789837046161313 ], [ -106.154995102744806, 28.789567551576077 ], [ -106.155534091915285, 28.789567551576077 ], [ -106.155534091915285, 28.789837046161313 ], [ -106.155803586500525, 28.789837046161313 ], [ -106.155803586500525, 28.789298056990841 ], [ -106.156073081085751, 28.789298056990841 ], [ -106.156073081085751, 28.789567551576077 ], [ -106.15634257567099, 28.789567551576077 ], [ -106.15634257567099, 28.79010654074655 ], [ -106.15661207025623, 28.79010654074655 ], [ -106.15661207025623, 28.791184519087491 ], [ -106.156881564841456, 28.791184519087491 ], [ -106.156881564841456, 28.790915024502254 ], [ -106.157151059426695, 28.790915024502254 ], [ -106.157151059426695, 28.791184519087491 ], [ -106.157420554011935, 28.791184519087491 ], [ -106.157420554011935, 28.791723508257963 ], [ -106.157690048597175, 28.791723508257963 ], [ -106.157690048597175, 28.791454013672727 ], [ -106.15822903776764, 28.791454013672727 ], [ -106.15822903776764, 28.791184519087491 ], [ -106.15876802693812, 28.791184519087491 ], [ -106.15876802693812, 28.790915024502254 ], [ -106.159576510693825, 28.790915024502254 ], [ -106.159576510693825, 28.791184519087491 ], [ -106.159037521523345, 28.791184519087491 ], [ -106.159037521523345, 28.791454013672727 ], [ -106.15876802693812, 28.791454013672727 ], [ -106.15876802693812, 28.791723508257963 ], [ -106.1579595431824, 28.791723508257963 ], [ -106.1579595431824, 28.791993002843199 ], [ -106.157690048597175, 28.791993002843199 ], [ -106.157690048597175, 28.792262497428435 ], [ -106.157420554011935, 28.792262497428435 ], [ -106.157420554011935, 28.792531992013672 ], [ -106.156881564841456, 28.792531992013672 ], [ -106.156881564841456, 28.792801486598908 ] ], [ [ -106.157151059426695, 28.792262497428435 ], [ -106.157151059426695, 28.791993002843199 ], [ -106.156881564841456, 28.791993002843199 ], [ -106.156881564841456, 28.792262497428435 ], [ -106.157151059426695, 28.792262497428435 ] ], [ [ -106.15634257567099, 28.790915024502254 ], [ -106.15634257567099, 28.790376035331786 ], [ -106.156073081085751, 28.790376035331786 ], [ -106.156073081085751, 28.790915024502254 ], [ -106.15634257567099, 28.790915024502254 ] ], [ [ -106.156073081085751, 28.79010654074655 ], [ -106.156073081085751, 28.789837046161313 ], [ -106.155803586500525, 28.789837046161313 ], [ -106.155803586500525, 28.79010654074655 ], [ -106.156073081085751, 28.79010654074655 ] ] ] ] } },
{ "type": "Feature", "properties": { "ZONA_MET": "Chihuahua", "INTENSIDAD": "Extrema", "T_PROM_POL": 4.0, "T_MIN_CIUD": 1.0, "DIF_TERMIC": 2.0 }, "geometry": { "type": "MultiPolygon", "coordinates": [ [ [ [ -106.173590229126091, 28.79010654074655 ], [ -106.173051239955612, 28.79010654074655 ], [ -106.173051239955612, 28.789567551576077 ], [ -106.173590229126091, 28.789567551576077 ], [ -106.173590229126091, 28.789298056990841 ], [ -106.173859723711317, 28.789298056990841 ], [ -106.173859723711317, 28.78795058406466 ], [ -106.174129218296557, 28.78795058406466 ], [ -106.174129218296557, 28.788220078649896 ], [ -106.174398712881796, 28.788220078649896 ], [ -106.174398712881796, 28.789298056990841 ], [ -106.174668207467022, 28.789298056990841 ], [ -106.174668207467022, 28.789837046161313 ], [ -106.174398712881796, 28.789837046161313 ], [ -106.174398712881796, 28.789567551576077 ], [ -106.173859723711317, 28.789567551576077 ], [ -106.173859723711317, 28.789837046161313 ], [ -106.173590229126091, 28.789837046161313 ], [ -106.173590229126091, 28.79010654074655 ] ] ] ] } },
{ "type": "Feature", "properties": { "ZONA_MET": "Chihuahua", "INTENSIDAD": "Intensa", "T_PROM_POL": 3.0, "T_MIN_CIUD": 1.0, "DIF_TERMIC": 2.0 }, "geometry": { "type": "MultiPolygon", "coordinates": [ [ [ [ -106.160923983619995, 28.790376035331786 ], [ -106.16011549986429, 28.790376035331786 ], [ -106.16011549986429, 28.79010654074655 ], [ -106.160384994449529, 28.79010654074655 ], [ -106.160384994449529, 28.789837046161313 ], [ -106.160654489034769, 28.789837046161313 ], [ -106.160654489034769, 28.789567551576077 ], [ -106.161193478205234, 28.789567551576077 ], [ -106.161193478205234, 28.787681089479427 ], [ -106.160923983619995, 28.787681089479427 ], [ -106.160923983619995, 28.786872605723719 ], [ -106.161462972790474, 28.786872605723719 ], [ -106.161462972790474, 28.787411594894191 ], [ -106.161732467375714, 28.787411594894191 ], [ -106.161732467375714, 28.788220078649896 ], [ -106.162271456546179, 28.788220078649896 ], [ -106.162271456546179, 28.788759067820369 ], [ -106.163618929472364, 28.788759067820369 ], [ -106.163618929472364, 28.789028562405605 ], [ -106.162810445716644, 28.789028562405605 ], [ -106.162810445716644, 28.789298056990841 ], [ -106.162271456546179, 28.789298056990841 ], [ -106.162271456546179, 28.789567551576077 ], [ -106.161462972790474, 28.789567551576077 ], [ -106.161462972790474, 28.79010654074655 ], [ -106.160923983619995, 28.79010654074655 ], [ -106.160923983619995, 28.790376035331786 ] ] ] ] } },
{ "type": "Feature", "properties": { "ZONA_MET": "Chihuahua", "INTENSIDAD": "Intensa", "T_PROM_POL": 3.0, "T_MIN_CIUD": 1.0, "DIF_TERMIC": 2.0 }, "geometry": { "type": "MultiPolygon", "coordinates": [ [ [ [ -106.152300156892451, 28.787411594894191 ], [ -106.151222178551507, 28.787411594894191 ], [ -106.151222178551507, 28.787142100308955 ], [ -106.151491673136746, 28.787142100308955 ], [ -106.151491673136746, 28.786872605723719 ], [ -106.151761167721986, 28.786872605723719 ], [ -106.151761167721986, 28.786333616553247 ], [ -106.152030662307212, 28.786333616553247 ], [ -106.152030662307212, 28.786603111138483 ], [ -106.152569651477691, 28.786603111138483 ], [ -106.152569651477691, 28.786872605723719 ], [ -106.153108640648156, 28.786872605723719 ], [ -106.153108640648156, 28.787142100308955 ], [ -106.152300156892451, 28.787142100308955 ], [ -106.152300156892451, 28.787411594894191 ] ] ] ] } },
{ "type": "Feature", "properties": { "ZONA_MET": "Chihuahua", "INTENSIDAD": "Extrema", "T_PROM_POL": 4.0, "T_MIN_CIUD": 1.0, "DIF_TERMIC": 2.0 }, "geometry": { "type": "MultiPolygon", "coordinates": [ [ [ [ -106.127237160465512, 28.786603111138483 ], [ -106.125889687539342, 28.786603111138483 ], [ -106.125889687539342, 28.786333616553247 ], [ -106.124003225442692, 28.786333616553247 ], [ -106.124003225442692, 28.78606412196801 ], [ -106.126428676709807, 28.78606412196801 ], [ -106.126428676709807, 28.786333616553247 ], [ -106.127237160465512, 28.786333616553247 ], [ -106.127237160465512, 28.786603111138483 ] ] ] ] } },
{ "type": "Feature", "properties": { "ZONA_MET": "Chihuahua", "INTENSIDAD": "Extrema", "T_PROM_POL": 4.0, "T_MIN_CIUD": 1.0, "DIF_TERMIC": 2.0 }, "geometry": { "type": "MultiPolygon", "coordinates": [ [ [ [ -106.174129218296557, 28.787142100308955 ], [ -106.173859723711317, 28.787142100308955 ], [ -106.173859723711317, 28.786603111138483 ], [ -106.173590229126091, 28.786603111138483 ], [ -106.173590229126091, 28.785255638212302 ], [ -106.173859723711317, 28.785255638212302 ], [ -106.173859723711317, 28.784986143627066 ], [ -106.174129218296557, 28.784986143627066 ], [ -106.174129218296557, 28.786333616553247 ], [ -106.174398712881796, 28.786333616553247 ], [ -106.174398712881796, 28.786603111138483 ], [ -106.174129218296557, 28.786603111138483 ], [ -106.174129218296557, 28.787142100308955 ] ] ] ] } },
{ "type": "Feature", "properties": { "ZONA_MET": "Chihuahua", "INTENSIDAD": "Intensa", "T_PROM_POL": 3.0, "T_MIN_CIUD": 1.0, "DIF_TERMIC": 2.0 }, "geometry": { "type": "MultiPolygon", "coordinates": [ [ [ [ -106.148527232699152, 28.789298056990841 ], [ -106.147449254358207, 28.789298056990841 ], [ -106.147449254358207, 28.789028562405605 ], [ -106.147179759772968, 28.789028562405605 ], [ -106.147179759772968, 28.788759067820369 ], [ -106.146910265187742, 28.788759067820369 ], [ -106.146910265187742, 28.787411594894191 ], [ -106.146640770602502, 28.787411594894191 ], [ -106.146640770602502, 28.787142100308955 ], [ -106.146371276017263, 28.787142100308955 ], [ -106.146371276017263, 28.786872605723719 ], [ -106.146101781432023, 28.786872605723719 ], [ -106.146101781432023, 28.786603111138483 ], [ -106.145832286846797, 28.786603111138483 ], [ -106.145832286846797, 28.786872605723719 ], [ -106.145562792261558, 28.786872605723719 ], [ -106.145562792261558, 28.786603111138483 ], [ -106.145293297676318, 28.786603111138483 ], [ -106.145293297676318, 28.78606412196801 ], [ -106.145023803091078, 28.78606412196801 ], [ -106.145023803091078, 28.785794627382774 ], [ -106.144754308505853, 28.785794627382774 ], [ -106.144754308505853, 28.785525132797538 ], [ -106.144484813920613, 28.785525132797538 ], [ -106.144484813920613, 28.785255638212302 ], [ -106.144754308505853, 28.785255638212302 ], [ -106.144754308505853, 28.784986143627066 ], [ -106.144484813920613, 28.784986143627066 ], [ -106.144484813920613, 28.784447154456597 ], [ -106.144754308505853, 28.784447154456597 ], [ -106.144754308505853, 28.783908165286125 ], [ -106.145293297676318, 28.783908165286125 ], [ -106.145293297676318, 28.784447154456597 ], [ -106.145562792261558, 28.784447154456597 ], [ -106.145562792261558, 28.783908165286125 ], [ -106.145832286846797, 28.783908165286125 ], [ -106.145832286846797, 28.783638670700888 ], [ -106.147449254358207, 28.783638670700888 ], [ -106.147449254358207, 28.784716649041833 ], [ -106.147179759772968, 28.784716649041833 ], [ -106.147179759772968, 28.785255638212302 ], [ -106.147449254358207, 28.785255638212302 ], [ -106.147449254358207, 28.78606412196801 ], [ -106.147718748943447, 28.78606412196801 ], [ -106.147718748943447, 28.786333616553247 ], [ -106.147988243528673, 28.786333616553247 ], [ -106.147988243528673, 28.787142100308955 ], [ -106.148257738113912, 28.787142100308955 ], [ -106.148257738113912, 28.787411594894191 ], [ -106.147988243528673, 28.787411594894191 ], [ -106.147988243528673, 28.787681089479427 ], [ -106.148257738113912, 28.787681089479427 ], [ -106.148257738113912, 28.78795058406466 ], [ -106.148796727284392, 28.78795058406466 ], [ -106.148796727284392, 28.787681089479427 ], [ -106.149335716454857, 28.787681089479427 ], [ -106.149335716454857, 28.78795058406466 ], [ -106.149066221869617, 28.78795058406466 ], [ -106.149066221869617, 28.788220078649896 ], [ -106.147718748943447, 28.788220078649896 ], [ -106.147718748943447, 28.788759067820369 ], [ -106.148527232699152, 28.788759067820369 ], [ -106.148527232699152, 28.789298056990841 ] ], [ [ -106.147718748943447, 28.786603111138483 ], [ -106.147718748943447, 28.786333616553247 ], [ -106.147449254358207, 28.786333616553247 ], [ -106.147449254358207, 28.786603111138483 ], [ -106.147718748943447, 28.786603111138483 ] ], [ [ -106.146101781432023, 28.785525132797538 ], [ -106.146101781432023, 28.785255638212302 ], [ -106.145832286846797, 28.785255638212302 ], [ -106.145832286846797, 28.785525132797538 ], [ -106.146101781432023, 28.785525132797538 ] ], [ [ -106.145293297676318, 28.784986143627066 ], [ -106.145293297676318, 28.784447154456597 ], [ -106.145023803091078, 28.784447154456597 ], [ -106.145023803091078, 28.784986143627066 ], [ -106.145293297676318, 28.784986143627066 ] ], [ [ -106.146101781432023, 28.784716649041833 ], [ -106.146101781432023, 28.784447154456597 ], [ -106.145832286846797, 28.784447154456597 ], [ -106.145832286846797, 28.784716649041833 ], [ -106.146101781432023, 28.784716649041833 ] ], [ [ -106.146910265187742, 28.784447154456597 ], [ -106.146910265187742, 28.784177659871361 ], [ -106.146640770602502, 28.784177659871361 ], [ -106.146640770602502, 28.784447154456597 ], [ -106.146910265187742, 28.784447154456597 ] ] ] ] } },
{ "type": "Feature", "properties": { "ZONA_MET": "Chihuahua", "INTENSIDAD": "Intensa", "T_PROM_POL": 3.0, "T_MIN_CIUD": 1.0, "DIF_TERMIC": 2.0 }, "geometry": { "type": "MultiPolygon", "coordinates": [ [ [ [ -106.151222178551507, 28.785255638212302 ], [ -106.149874705625336, 28.785255638212302 ], [ -106.149874705625336, 28.783908165286125 ], [ -106.149605211040097, 28.783908165286125 ], [ -106.149605211040097, 28.784177659871361 ], [ -106.147718748943447, 28.784177659871361 ], [ -106.147718748943447, 28.783369176115652 ], [ -106.150144200210562, 28.783369176115652 ], [ -106.150144200210562, 28.783908165286125 ], [ -106.150413694795802, 28.783908165286125 ], [ -106.150413694795802, 28.783369176115652 ], [ -106.150952683966267, 28.783369176115652 ], [ -106.150952683966267, 28.783638670700888 ], [ -106.151222178551507, 28.783638670700888 ], [ -106.151222178551507, 28.784177659871361 ], [ -106.152300156892451, 28.784177659871361 ], [ -106.152300156892451, 28.784447154456597 ], [ -106.152569651477691, 28.784447154456597 ], [ -106.152569651477691, 28.784716649041833 ], [ -106.151491673136746, 28.784716649041833 ], [ -106.151491673136746, 28.784986143627066 ], [ -106.151222178551507, 28.784986143627066 ], [ -106.151222178551507, 28.785255638212302 ] ], [ [ -106.150952683966267, 28.784716649041833 ], [ -106.150952683966267, 28.784447154456597 ], [ -106.151222178551507, 28.784447154456597 ], [ -106.151222178551507, 28.784177659871361 ], [ -106.150683189381041, 28.784177659871361 ], [ -106.150683189381041, 28.784447154456597 ], [ -106.150413694795802, 28.784447154456597 ], [ -106.150413694795802, 28.784716649041833 ], [ -106.150952683966267, 28.784716649041833 ] ], [ [ -106.148796727284392, 28.783908165286125 ], [ -106.148796727284392, 28.783638670700888 ], [ -106.148527232699152, 28.783638670700888 ], [ -106.148527232699152, 28.783908165286125 ], [ -106.148796727284392, 28.783908165286125 ] ] ] ] } },
{ "type": "Feature", "properties": { "ZONA_MET": "Chihuahua", "INTENSIDAD": "Intensa", "T_PROM_POL": 3.0, "T_MIN_CIUD": 1.0, "DIF_TERMIC": 2.0 }, "geometry": { "type": "MultiPolygon", "coordinates": [ [ [ [ -106.154995102744806, 28.783369176115652 ], [ -106.15472560815958, 28.783369176115652 ], [ -106.15472560815958, 28.783099681530416 ], [ -106.154456113574341, 28.783099681530416 ], [ -106.154456113574341, 28.78283018694518 ], [ -106.15634257567099, 28.78283018694518 ], [ -106.15634257567099, 28.782560692359944 ], [ -106.159307016108585, 28.782560692359944 ], [ -106.159307016108585, 28.78283018694518 ], [ -106.157151059426695, 28.78283018694518 ], [ -106.157151059426695, 28.783099681530416 ], [ -106.156881564841456, 28.783099681530416 ], [ -106.156881564841456, 28.78283018694518 ], [ -106.15661207025623, 28.78283018694518 ], [ -106.15661207025623, 28.783099681530416 ], [ -106.154995102744806, 28.783099681530416 ], [ -106.154995102744806, 28.783369176115652 ] ] ] ] } },
{ "type": "Feature", "properties": { "ZONA_MET": "Chihuahua", "INTENSIDAD": "Intensa", "T_PROM_POL": 4.0, "T_MIN_CIUD": 1.0, "DIF_TERMIC": 2.0 }, "geometry": { "type": "MultiPolygon", "coordinates": [ [ [ [ -106.173859723711317, 28.785255638212302 ], [ -106.173590229126091, 28.785255638212302 ], [ -106.173590229126091, 28.784986143627066 ], [ -106.173320734540852, 28.784986143627066 ], [ -106.173320734540852, 28.784447154456597 ], [ -106.173051239955612, 28.784447154456597 ], [ -106.173051239955612, 28.783369176115652 ], [ -106.173320734540852, 28.783369176115652 ], [ -106.173320734540852, 28.783099681530416 ], [ -106.173051239955612, 28.783099681530416 ], [ -106.173051239955612, 28.782291197774708 ], [ -106.172781745370372, 28.782291197774708 ], [ -106.172781745370372, 28.781213219433766 ], [ -106.172512250785147, 28.781213219433766 ], [ -106.172512250785147, 28.780674230263294 ], [ -106.172242756199907, 28.780674230263294 ], [ -106.172242756199907, 28.780404735678058 ], [ -106.172512250785147, 28.780404735678058 ], [ -106.172512250785147, 28.779865746507586 ], [ -106.171973261614667, 28.779865746507586 ], [ -106.171973261614667, 28.779057262751877 ], [ -106.172242756199907, 28.779057262751877 ], [ -106.172242756199907, 28.777979284410936 ], [ -106.172512250785147, 28.777979284410936 ], [ -106.172512250785147, 28.778248778996172 ], [ -106.172781745370372, 28.778248778996172 ], [ -106.172781745370372, 28.779865746507586 ], [ -106.173051239955612, 28.779865746507586 ], [ -106.173051239955612, 28.781752208604239 ], [ -106.173320734540852, 28.781752208604239 ], [ -106.173320734540852, 28.78283018694518 ], [ -106.173590229126091, 28.78283018694518 ], [ -106.173590229126091, 28.784447154456597 ], [ -106.173859723711317, 28.784447154456597 ], [ -106.173859723711317, 28.785255638212302 ] ] ] ] } },
{ "type": "Feature", "properties": { "ZONA_MET": "Chihuahua", "INTENSIDAD": "Intensa", "T_PROM_POL": 4.0, "T_MIN_CIUD": 1.0, "DIF_TERMIC": 2.0 }, "geometry": { "type": "MultiPolygon", "coordinates": [ [ [ [ -106.172242756199907, 28.777440295240464 ], [ -106.171973261614667, 28.777440295240464 ], [ -106.171973261614667, 28.777170800655227 ], [ -106.171434272444202, 28.777170800655227 ], [ -106.171434272444202, 28.776631811484755 ], [ -106.171703767029427, 28.776631811484755 ], [ -106.171703767029427, 28.776092822314283 ], [ -106.171434272444202, 28.776092822314283 ], [ -106.171434272444202, 28.775823327729046 ], [ -106.171703767029427, 28.775823327729046 ], [ -106.171703767029427, 28.775553833143814 ], [ -106.171434272444202, 28.775553833143814 ], [ -106.171434272444202, 28.774745349388105 ], [ -106.171164777858962, 28.774745349388105 ], [ -106.171164777858962, 28.774475854802869 ], [ -106.171434272444202, 28.774475854802869 ], [ -106.171434272444202, 28.773936865632397 ], [ -106.171164777858962, 28.773936865632397 ], [ -106.171164777858962, 28.773397876461924 ], [ -106.170895283273722, 28.773397876461924 ], [ -106.170895283273722, 28.772319898120983 ], [ -106.169278315762313, 28.772319898120983 ], [ -106.169278315762313, 28.772050403535747 ], [ -106.170086799518018, 28.772050403535747 ], [ -106.170086799518018, 28.771780908950511 ], [ -106.169817304932778, 28.771780908950511 ], [ -106.169817304932778, 28.771511414365275 ], [ -106.168739326591833, 28.771511414365275 ], [ -106.168739326591833, 28.771241919780039 ], [ -106.169278315762313, 28.771241919780039 ], [ -106.169278315762313, 28.770972425194802 ], [ -106.170356294103257, 28.770972425194802 ], [ -106.170356294103257, 28.771241919780039 ], [ -106.171164777858962, 28.771241919780039 ], [ -106.171164777858962, 28.771780908950511 ], [ -106.171434272444202, 28.771780908950511 ], [ -106.171434272444202, 28.773397876461924 ], [ -106.171703767029427, 28.773397876461924 ], [ -106.171703767029427, 28.775014843973342 ], [ -106.171973261614667, 28.775014843973342 ], [ -106.171973261614667, 28.775553833143814 ], [ -106.172242756199907, 28.775553833143814 ], [ -106.172242756199907, 28.777440295240464 ] ] ] ] } },
{ "type": "Feature", "properties": { "ZONA_MET": "Chihuahua", "INTENSIDAD": "Intensa", "T_PROM_POL": 3.0, "T_MIN_CIUD": 1.0, "DIF_TERMIC": 2.0 }, "geometry": { "type": "MultiPolygon", "coordinates": [ [ [ [ -106.154995102744806, 28.771241919780039 ], [ -106.15472560815958, 28.771241919780039 ], [ -106.15472560815958, 28.770972425194802 ], [ -106.154456113574341, 28.770972425194802 ], [ -106.154456113574341, 28.770702930609566 ], [ -106.153917124403861, 28.770702930609566 ], [ -106.153917124403861, 28.770163941439094 ], [ -106.154456113574341, 28.770163941439094 ], [ -106.154456113574341, 28.769894446853858 ], [ -106.154995102744806, 28.769894446853858 ], [ -106.154995102744806, 28.77043343602433 ], [ -106.155264597330046, 28.77043343602433 ], [ -106.155264597330046, 28.770972425194802 ], [ -106.154995102744806, 28.770972425194802 ], [ -106.154995102744806, 28.771241919780039 ] ] ] ] } },
{ "type": "Feature", "properties": { "ZONA_MET": "Chihuahua", "INTENSIDAD": "Intensa", "T_PROM_POL": 3.0, "T_MIN_CIUD": 1.0, "DIF_TERMIC": 2.0 }, "geometry": { "type": "MultiPolygon", "coordinates": [ [ [ [ -106.156073081085751, 28.769624952268625 ], [ -106.155534091915285, 28.769624952268625 ], [ -106.155534091915285, 28.768816468512917 ], [ -106.155803586500525, 28.768816468512917 ], [ -106.155803586500525, 28.76854697392768 ], [ -106.1579595431824, 28.76854697392768 ], [ -106.1579595431824, 28.769085963098153 ], [ -106.15661207025623, 28.769085963098153 ], [ -106.15661207025623, 28.769355457683389 ], [ -106.156073081085751, 28.769355457683389 ], [ -106.156073081085751, 28.769624952268625 ] ] ] ] } },
{ "type": "Feature", "properties": { "ZONA_MET": "Chihuahua", "INTENSIDAD": "Intensa", "T_PROM_POL": 3.0, "T_MIN_CIUD": 1.0, "DIF_TERMIC": 2.0 }, "geometry": { "type": "MultiPolygon", "coordinates": [ [ [ [ -106.170625788688497, 28.769894446853858 ], [ -106.170356294103257, 28.769894446853858 ], [ -106.170356294103257, 28.768816468512917 ], [ -106.170086799518018, 28.768816468512917 ], [ -106.170086799518018, 28.766660511831031 ], [ -106.170625788688497, 28.766660511831031 ], [ -106.170625788688497, 28.766930006416263 ], [ -106.170356294103257, 28.766930006416263 ], [ -106.170356294103257, 28.7671995010015 ], [ -106.170625788688497, 28.7671995010015 ], [ -106.170625788688497, 28.768007984757208 ], [ -106.171164777858962, 28.768007984757208 ], [ -106.171164777858962, 28.768277479342444 ], [ -106.170625788688497, 28.768277479342444 ], [ -106.170625788688497, 28.76854697392768 ], [ -106.170895283273722, 28.76854697392768 ], [ -106.170895283273722, 28.769355457683389 ], [ -106.170625788688497, 28.769355457683389 ], [ -106.170625788688497, 28.769894446853858 ] ] ] ] } },
{ "type": "Feature", "properties": { "ZONA_MET": "Chihuahua", "INTENSIDAD": "Intensa", "T_PROM_POL": 3.0, "T_MIN_CIUD": 1.0, "DIF_TERMIC": 2.0 }, "geometry": { "type": "MultiPolygon", "coordinates": [ [ [ [ -105.97254726854014, 28.765852028075322 ], [ -105.971738784784435, 28.765852028075322 ], [ -105.971738784784435, 28.765582533490086 ], [ -105.9722777739549, 28.765582533490086 ], [ -105.9722777739549, 28.764774049734378 ], [ -105.97254726854014, 28.764774049734378 ], [ -105.97254726854014, 28.764235060563905 ], [ -105.973086257710619, 28.764235060563905 ], [ -105.973086257710619, 28.765043544319614 ], [ -105.97281676312538, 28.765043544319614 ], [ -105.97281676312538, 28.76531303890485 ], [ -105.97254726854014, 28.76531303890485 ], [ -105.97254726854014, 28.765852028075322 ] ] ] ] } },
{ "type": "Feature", "properties": { "ZONA_MET": "Chihuahua", "INTENSIDAD": "Intensa", "T_PROM_POL": 4.0, "T_MIN_CIUD": 1.0, "DIF_TERMIC": 2.0 }, "geometry": { "type": "MultiPolygon", "coordinates": [ [ [ [ -106.170086799518018, 28.764235060563905 ], [ -106.169817304932778, 28.764235060563905 ], [ -106.169817304932778, 28.763696071393436 ], [ -106.169547810347552, 28.763696071393436 ], [ -106.169547810347552, 28.7634265768082 ], [ -106.170086799518018, 28.7634265768082 ], [ -106.170086799518018, 28.763696071393436 ], [ -106.170625788688497, 28.763696071393436 ], [ -106.170625788688497, 28.7634265768082 ], [ -106.172242756199907, 28.7634265768082 ], [ -106.172242756199907, 28.763696071393436 ], [ -106.172781745370372, 28.763696071393436 ], [ -106.172781745370372, 28.763965565978669 ], [ -106.170086799518018, 28.763965565978669 ], [ -106.170086799518018, 28.764235060563905 ] ] ] ] } },
{ "type": "Feature", "properties": { "ZONA_MET": "Chihuahua", "INTENSIDAD": "Intensa", "T_PROM_POL": 3.0, "T_MIN_CIUD": 1.0, "DIF_TERMIC": 2.0 }, "geometry": { "type": "MultiPolygon", "coordinates": [ [ [ [ -105.972008279369675, 28.7634265768082 ], [ -105.971469290199195, 28.7634265768082 ], [ -105.971469290199195, 28.763157082222964 ], [ -105.97093030102873, 28.763157082222964 ], [ -105.97093030102873, 28.7634265768082 ], [ -105.970391311858251, 28.7634265768082 ], [ -105.970391311858251, 28.762887587637728 ], [ -105.97093030102873, 28.762887587637728 ], [ -105.97093030102873, 28.762618093052492 ], [ -105.971199795613956, 28.762618093052492 ], [ -105.971199795613956, 28.762887587637728 ], [ -105.971469290199195, 28.762887587637728 ], [ -105.971469290199195, 28.762348598467256 ], [ -105.971738784784435, 28.762348598467256 ], [ -105.971738784784435, 28.762887587637728 ], [ -105.972008279369675, 28.762887587637728 ], [ -105.972008279369675, 28.762618093052492 ], [ -105.9722777739549, 28.762618093052492 ], [ -105.9722777739549, 28.762887587637728 ], [ -105.97254726854014, 28.762887587637728 ], [ -105.97254726854014, 28.763157082222964 ], [ -105.972008279369675, 28.763157082222964 ], [ -105.972008279369675, 28.7634265768082 ] ] ] ] } },
{ "type": "Feature", "properties": { "ZONA_MET": "Chihuahua", "INTENSIDAD": "Intensa", "T_PROM_POL": 3.0, "T_MIN_CIUD": 1.0, "DIF_TERMIC": 2.0 }, "geometry": { "type": "MultiPolygon", "coordinates": [ [ [ [ -106.134513514266885, 28.764235060563905 ], [ -106.13397452509642, 28.764235060563905 ], [ -106.13397452509642, 28.763965565978669 ], [ -106.134244019681645, 28.763965565978669 ], [ -106.134244019681645, 28.763157082222964 ], [ -106.13397452509642, 28.763157082222964 ], [ -106.13397452509642, 28.762618093052492 ], [ -106.13370503051118, 28.762618093052492 ], [ -106.13370503051118, 28.762079103882019 ], [ -106.134513514266885, 28.762079103882019 ], [ -106.134513514266885, 28.764235060563905 ] ] ] ] } },
{ "type": "Feature", "properties": { "ZONA_MET": "Chihuahua", "INTENSIDAD": "Intensa", "T_PROM_POL": 4.0, "T_MIN_CIUD": 1.0, "DIF_TERMIC": 2.0 }, "geometry": { "type": "MultiPolygon", "coordinates": [ [ [ [ -106.146101781432023, 28.762348598467256 ], [ -106.145832286846797, 28.762348598467256 ], [ -106.145832286846797, 28.762079103882019 ], [ -106.145562792261558, 28.762079103882019 ], [ -106.145562792261558, 28.762348598467256 ], [ -106.145293297676318, 28.762348598467256 ], [ -106.145293297676318, 28.761809609296783 ], [ -106.145562792261558, 28.761809609296783 ], [ -106.145562792261558, 28.761540114711547 ], [ -106.145832286846797, 28.761540114711547 ], [ -106.145832286846797, 28.761270620126311 ], [ -106.146371276017263, 28.761270620126311 ], [ -106.146371276017263, 28.761540114711547 ], [ -106.146910265187742, 28.761540114711547 ], [ -106.146910265187742, 28.762079103882019 ], [ -106.146101781432023, 28.762079103882019 ], [ -106.146101781432023, 28.762348598467256 ] ], [ [ -106.146371276017263, 28.761809609296783 ], [ -106.146371276017263, 28.761540114711547 ], [ -106.146101781432023, 28.761540114711547 ], [ -106.146101781432023, 28.761809609296783 ], [ -106.146371276017263, 28.761809609296783 ] ] ] ] } },
{ "type": "Feature", "properties": { "ZONA_MET": "Chihuahua", "INTENSIDAD": "Intensa", "T_PROM_POL": 3.0, "T_MIN_CIUD": 1.0, "DIF_TERMIC": 2.0 }, "geometry": { "type": "MultiPolygon", "coordinates": [ [ [ [ -106.120769290419858, 28.760731630955842 ], [ -106.120499795834618, 28.760731630955842 ], [ -106.120499795834618, 28.760462136370606 ], [ -106.120230301249393, 28.760462136370606 ], [ -106.120230301249393, 28.759384158029661 ], [ -106.121038785005098, 28.759384158029661 ], [ -106.121038785005098, 28.760462136370606 ], [ -106.120769290419858, 28.760462136370606 ], [ -106.120769290419858, 28.760731630955842 ] ] ] ] } },
{ "type": "Feature", "properties": { "ZONA_MET": "Chihuahua", "INTENSIDAD": "Intensa", "T_PROM_POL": 4.0, "T_MIN_CIUD": 1.0, "DIF_TERMIC": 2.0 }, "geometry": { "type": "MultiPolygon", "coordinates": [ [ [ [ -106.118613333737969, 28.760462136370606 ], [ -106.118343839152729, 28.760462136370606 ], [ -106.118343839152729, 28.76019264178537 ], [ -106.118074344567503, 28.76019264178537 ], [ -106.118074344567503, 28.759653652614897 ], [ -106.118343839152729, 28.759653652614897 ], [ -106.118343839152729, 28.759114663444425 ], [ -106.118613333737969, 28.759114663444425 ], [ -106.118613333737969, 28.758845168859189 ], [ -106.118882828323208, 28.758845168859189 ], [ -106.118882828323208, 28.759114663444425 ], [ -106.119152322908448, 28.759114663444425 ], [ -106.119152322908448, 28.759384158029661 ], [ -106.119691312078913, 28.759384158029661 ], [ -106.119691312078913, 28.759653652614897 ], [ -106.119421817493674, 28.759653652614897 ], [ -106.119421817493674, 28.759923147200134 ], [ -106.118882828323208, 28.759923147200134 ], [ -106.118882828323208, 28.76019264178537 ], [ -106.118613333737969, 28.76019264178537 ], [ -106.118613333737969, 28.760462136370606 ] ], [ [ -106.118882828323208, 28.759653652614897 ], [ -106.118882828323208, 28.759384158029661 ], [ -106.118613333737969, 28.759384158029661 ], [ -106.118613333737969, 28.759653652614897 ], [ -106.118882828323208, 28.759653652614897 ] ] ] ] } },
{ "type": "Feature", "properties": { "ZONA_MET": "Chihuahua", "INTENSIDAD": "Intensa", "T_PROM_POL": 3.0, "T_MIN_CIUD": 1.0, "DIF_TERMIC": 2.0 }, "geometry": { "type": "MultiPolygon", "coordinates": [ [ [ [ -106.167122359080423, 28.759384158029661 ], [ -106.166583369909958, 28.759384158029661 ], [ -106.166583369909958, 28.759114663444425 ], [ -106.166852864495183, 28.759114663444425 ], [ -106.166852864495183, 28.758845168859189 ], [ -106.167391853665663, 28.758845168859189 ], [ -106.167391853665663, 28.758575674273953 ], [ -106.168200337421368, 28.758575674273953 ], [ -106.168200337421368, 28.75803668510348 ], [ -106.167930842836128, 28.75803668510348 ], [ -106.167930842836128, 28.757497695933012 ], [ -106.167661348250903, 28.757497695933012 ], [ -106.167661348250903, 28.757228201347775 ], [ -106.167391853665663, 28.757228201347775 ], [ -106.167391853665663, 28.756689212177303 ], [ -106.167661348250903, 28.756689212177303 ], [ -106.167661348250903, 28.756419717592067 ], [ -106.167930842836128, 28.756419717592067 ], [ -106.167930842836128, 28.756958706762539 ], [ -106.168200337421368, 28.756958706762539 ], [ -106.168200337421368, 28.757767190518244 ], [ -106.168469832006608, 28.757767190518244 ], [ -106.168469832006608, 28.75803668510348 ], [ -106.168739326591833, 28.75803668510348 ], [ -106.168739326591833, 28.758845168859189 ], [ -106.167930842836128, 28.758845168859189 ], [ -106.167930842836128, 28.759114663444425 ], [ -106.167122359080423, 28.759114663444425 ], [ -106.167122359080423, 28.759384158029661 ] ] ] ] } },
{ "type": "Feature", "properties": { "ZONA_MET": "Chihuahua", "INTENSIDAD": "Intensa", "T_PROM_POL": 3.0, "T_MIN_CIUD": 1.0, "DIF_TERMIC": 2.0 }, "geometry": { "type": "MultiPolygon", "coordinates": [ [ [ [ -105.975242214392495, 28.760462136370606 ], [ -105.974703225222029, 28.760462136370606 ], [ -105.974703225222029, 28.76019264178537 ], [ -105.974972719807269, 28.76019264178537 ], [ -105.974972719807269, 28.759923147200134 ], [ -105.975242214392495, 28.759923147200134 ], [ -105.975242214392495, 28.759653652614897 ], [ -105.974972719807269, 28.759653652614897 ], [ -105.974972719807269, 28.759114663444425 ], [ -105.975242214392495, 28.759114663444425 ], [ -105.975242214392495, 28.759384158029661 ], [ -105.975511708977734, 28.759384158029661 ], [ -105.975511708977734, 28.758845168859189 ], [ -105.975781203562974, 28.758845168859189 ], [ -105.975781203562974, 28.758306179688716 ], [ -105.976050698148214, 28.758306179688716 ], [ -105.976050698148214, 28.757767190518244 ], [ -105.976320192733439, 28.757767190518244 ], [ -105.976320192733439, 28.757228201347775 ], [ -105.976589687318679, 28.757228201347775 ], [ -105.976589687318679, 28.756958706762539 ], [ -105.976859181903919, 28.756958706762539 ], [ -105.976859181903919, 28.756419717592067 ], [ -105.977128676489144, 28.756419717592067 ], [ -105.977128676489144, 28.756150223006831 ], [ -105.977398171074384, 28.756150223006831 ], [ -105.977398171074384, 28.756958706762539 ], [ -105.977128676489144, 28.756958706762539 ], [ -105.977128676489144, 28.757767190518244 ], [ -105.976859181903919, 28.757767190518244 ], [ -105.976859181903919, 28.75803668510348 ], [ -105.976589687318679, 28.75803668510348 ], [ -105.976589687318679, 28.758575674273953 ], [ -105.976320192733439, 28.758575674273953 ], [ -105.976320192733439, 28.758845168859189 ], [ -105.976050698148214, 28.758845168859189 ], [ -105.976050698148214, 28.759923147200134 ], [ -105.975511708977734, 28.759923147200134 ], [ -105.975511708977734, 28.76019264178537 ], [ -105.975242214392495, 28.76019264178537 ], [ -105.975242214392495, 28.760462136370606 ] ] ] ] } },
{ "type": "Feature", "properties": { "ZONA_MET": "Chihuahua", "INTENSIDAD": "Intensa", "T_PROM_POL": 3.0, "T_MIN_CIUD": 1.0, "DIF_TERMIC": 2.0 }, "geometry": { "type": "MultiPolygon", "coordinates": [ [ [ [ -105.984944019460997, 28.757497695933012 ], [ -105.984674524875757, 28.757497695933012 ], [ -105.984674524875757, 28.757228201347775 ], [ -105.984405030290517, 28.757228201347775 ], [ -105.984405030290517, 28.756958706762539 ], [ -105.984674524875757, 28.756958706762539 ], [ -105.984674524875757, 28.756689212177303 ], [ -105.984135535705278, 28.756689212177303 ], [ -105.984135535705278, 28.756958706762539 ], [ -105.983596546534812, 28.756958706762539 ], [ -105.983596546534812, 28.756689212177303 ], [ -105.983866041120052, 28.756689212177303 ], [ -105.983866041120052, 28.755880728421594 ], [ -105.984135535705278, 28.755880728421594 ], [ -105.984135535705278, 28.755341739251122 ], [ -105.984674524875757, 28.755341739251122 ], [ -105.984674524875757, 28.755072244665886 ], [ -105.985213514046222, 28.755072244665886 ], [ -105.985213514046222, 28.755341739251122 ], [ -105.984944019460997, 28.755341739251122 ], [ -105.984944019460997, 28.755880728421594 ], [ -105.985213514046222, 28.755880728421594 ], [ -105.985213514046222, 28.756689212177303 ], [ -105.984944019460997, 28.756689212177303 ], [ -105.984944019460997, 28.757497695933012 ] ], [ [ -105.984944019460997, 28.756419717592067 ], [ -105.984944019460997, 28.755880728421594 ], [ -105.984674524875757, 28.755880728421594 ], [ -105.984674524875757, 28.755611233836358 ], [ -105.984405030290517, 28.755611233836358 ], [ -105.984405030290517, 28.756419717592067 ], [ -105.984944019460997, 28.756419717592067 ] ] ] ] } },
{ "type": "Feature", "properties": { "ZONA_MET": "Chihuahua", "INTENSIDAD": "Intensa", "T_PROM_POL": 3.0, "T_MIN_CIUD": 1.0, "DIF_TERMIC": 2.0 }, "geometry": { "type": "MultiPolygon", "coordinates": [ [ [ [ -106.120230301249393, 28.75803668510348 ], [ -106.119691312078913, 28.75803668510348 ], [ -106.119691312078913, 28.757767190518244 ], [ -106.118613333737969, 28.757767190518244 ], [ -106.118613333737969, 28.756958706762539 ], [ -106.118343839152729, 28.756958706762539 ], [ -106.118343839152729, 28.756689212177303 ], [ -106.118074344567503, 28.756689212177303 ], [ -106.118074344567503, 28.755880728421594 ], [ -106.117804849982264, 28.755880728421594 ], [ -106.117804849982264, 28.755341739251122 ], [ -106.117535355397024, 28.755341739251122 ], [ -106.117535355397024, 28.755072244665886 ], [ -106.117804849982264, 28.755072244665886 ], [ -106.117804849982264, 28.75480275008065 ], [ -106.118343839152729, 28.75480275008065 ], [ -106.118343839152729, 28.755341739251122 ], [ -106.118882828323208, 28.755341739251122 ], [ -106.118882828323208, 28.755880728421594 ], [ -106.119152322908448, 28.755880728421594 ], [ -106.119152322908448, 28.756419717592067 ], [ -106.119421817493674, 28.756419717592067 ], [ -106.119421817493674, 28.757228201347775 ], [ -106.119691312078913, 28.757228201347775 ], [ -106.119691312078913, 28.757497695933012 ], [ -106.120230301249393, 28.757497695933012 ], [ -106.120230301249393, 28.75803668510348 ] ], [ [ -106.118613333737969, 28.756419717592067 ], [ -106.118613333737969, 28.755880728421594 ], [ -106.118343839152729, 28.755880728421594 ], [ -106.118343839152729, 28.756419717592067 ], [ -106.118613333737969, 28.756419717592067 ] ] ] ] } },
{ "type": "Feature", "properties": { "ZONA_MET": "Chihuahua", "INTENSIDAD": "Intensa", "T_PROM_POL": 3.0, "T_MIN_CIUD": 1.0, "DIF_TERMIC": 2.0 }, "geometry": { "type": "MultiPolygon", "coordinates": [ [ [ [ -105.984405030290517, 28.758306179688716 ], [ -105.983866041120052, 28.758306179688716 ], [ -105.983866041120052, 28.75803668510348 ], [ -105.983596546534812, 28.75803668510348 ], [ -105.983596546534812, 28.757767190518244 ], [ -105.983057557364333, 28.757767190518244 ], [ -105.983057557364333, 28.757497695933012 ], [ -105.982518568193868, 28.757497695933012 ], [ -105.982518568193868, 28.757228201347775 ], [ -105.982249073608628, 28.757228201347775 ], [ -105.982249073608628, 28.756958706762539 ], [ -105.982788062779107, 28.756958706762539 ], [ -105.982788062779107, 28.755611233836358 ], [ -105.982518568193868, 28.755611233836358 ], [ -105.982518568193868, 28.755072244665886 ], [ -105.982788062779107, 28.755072244665886 ], [ -105.982788062779107, 28.754533255495417 ], [ -105.984135535705278, 28.754533255495417 ], [ -105.984135535705278, 28.75480275008065 ], [ -105.983866041120052, 28.75480275008065 ], [ -105.983866041120052, 28.755341739251122 ], [ -105.983596546534812, 28.755341739251122 ], [ -105.983596546534812, 28.755880728421594 ], [ -105.983327051949573, 28.755880728421594 ], [ -105.983327051949573, 28.756150223006831 ], [ -105.983596546534812, 28.756150223006831 ], [ -105.983596546534812, 28.756419717592067 ], [ -105.983327051949573, 28.756419717592067 ], [ -105.983327051949573, 28.756689212177303 ], [ -105.983057557364333, 28.756689212177303 ], [ -105.983057557364333, 28.757228201347775 ], [ -105.984405030290517, 28.757228201347775 ], [ -105.984405030290517, 28.758306179688716 ] ] ] ] } },
{ "type": "Feature", "properties": { "ZONA_MET": "Chihuahua", "INTENSIDAD": "Intensa", "T_PROM_POL": 3.0, "T_MIN_CIUD": 1.0, "DIF_TERMIC": 2.0 }, "geometry": { "type": "MultiPolygon", "coordinates": [ [ [ [ -106.117265860811798, 28.757228201347775 ], [ -106.116996366226559, 28.757228201347775 ], [ -106.116996366226559, 28.756958706762539 ], [ -106.116726871641319, 28.756958706762539 ], [ -106.116726871641319, 28.756419717592067 ], [ -106.116187882470854, 28.756419717592067 ], [ -106.116187882470854, 28.756150223006831 ], [ -106.116457377056079, 28.756150223006831 ], [ -106.116457377056079, 28.755880728421594 ], [ -106.116187882470854, 28.755880728421594 ], [ -106.116187882470854, 28.755611233836358 ], [ -106.115918387885614, 28.755611233836358 ], [ -106.115918387885614, 28.755072244665886 ], [ -106.116187882470854, 28.755072244665886 ], [ -106.116187882470854, 28.75480275008065 ], [ -106.116726871641319, 28.75480275008065 ], [ -106.116726871641319, 28.754533255495417 ], [ -106.116457377056079, 28.754533255495417 ], [ -106.116457377056079, 28.754263760910181 ], [ -106.116996366226559, 28.754263760910181 ], [ -106.116996366226559, 28.754533255495417 ], [ -106.117535355397024, 28.754533255495417 ], [ -106.117535355397024, 28.75480275008065 ], [ -106.117265860811798, 28.75480275008065 ], [ -106.117265860811798, 28.755072244665886 ], [ -106.116996366226559, 28.755072244665886 ], [ -106.116996366226559, 28.755341739251122 ], [ -106.116726871641319, 28.755341739251122 ], [ -106.116726871641319, 28.755072244665886 ], [ -106.116457377056079, 28.755072244665886 ], [ -106.116457377056079, 28.755611233836358 ], [ -106.116726871641319, 28.755611233836358 ], [ -106.116726871641319, 28.756150223006831 ], [ -106.116996366226559, 28.756150223006831 ], [ -106.116996366226559, 28.755880728421594 ], [ -106.117265860811798, 28.755880728421594 ], [ -106.117265860811798, 28.756150223006831 ], [ -106.117535355397024, 28.756150223006831 ], [ -106.117535355397024, 28.756419717592067 ], [ -106.116996366226559, 28.756419717592067 ], [ -106.116996366226559, 28.756689212177303 ], [ -106.117265860811798, 28.756689212177303 ], [ -106.117265860811798, 28.757228201347775 ] ] ] ] } },
{ "type": "Feature", "properties": { "ZONA_MET": "Chihuahua", "INTENSIDAD": "Intensa", "T_PROM_POL": 3.0, "T_MIN_CIUD": 1.0, "DIF_TERMIC": 2.0 }, "geometry": { "type": "MultiPolygon", "coordinates": [ [ [ [ -105.986291492387167, 28.755072244665886 ], [ -105.985483008631462, 28.755072244665886 ], [ -105.985483008631462, 28.75480275008065 ], [ -105.985213514046222, 28.75480275008065 ], [ -105.985213514046222, 28.754533255495417 ], [ -105.984944019460997, 28.754533255495417 ], [ -105.984944019460997, 28.754263760910181 ], [ -105.984674524875757, 28.754263760910181 ], [ -105.984674524875757, 28.753994266324945 ], [ -105.985213514046222, 28.753994266324945 ], [ -105.985213514046222, 28.753724771739709 ], [ -105.985483008631462, 28.753724771739709 ], [ -105.985483008631462, 28.753994266324945 ], [ -105.985752503216702, 28.753994266324945 ], [ -105.985752503216702, 28.754533255495417 ], [ -105.986021997801927, 28.754533255495417 ], [ -105.986021997801927, 28.754263760910181 ], [ -105.986291492387167, 28.754263760910181 ], [ -105.986291492387167, 28.755072244665886 ] ] ] ] } },
{ "type": "Feature", "properties": { "ZONA_MET": "Chihuahua", "INTENSIDAD": "Intensa", "T_PROM_POL": 3.0, "T_MIN_CIUD": 1.0, "DIF_TERMIC": 2.0 }, "geometry": { "type": "MultiPolygon", "coordinates": [ [ [ [ -105.981979579023402, 28.757228201347775 ], [ -105.981440589852923, 28.757228201347775 ], [ -105.981440589852923, 28.756689212177303 ], [ -105.981710084438163, 28.756689212177303 ], [ -105.981710084438163, 28.756419717592067 ], [ -105.981979579023402, 28.756419717592067 ], [ -105.981979579023402, 28.756150223006831 ], [ -105.981440589852923, 28.756150223006831 ], [ -105.981440589852923, 28.755880728421594 ], [ -105.980901600682458, 28.755880728421594 ], [ -105.980901600682458, 28.755611233836358 ], [ -105.981171095267683, 28.755611233836358 ], [ -105.981171095267683, 28.755341739251122 ], [ -105.981710084438163, 28.755341739251122 ], [ -105.981710084438163, 28.754533255495417 ], [ -105.981171095267683, 28.754533255495417 ], [ -105.981171095267683, 28.753994266324945 ], [ -105.980901600682458, 28.753994266324945 ], [ -105.980901600682458, 28.753455277154472 ], [ -105.981171095267683, 28.753455277154472 ], [ -105.981171095267683, 28.753724771739709 ], [ -105.981440589852923, 28.753724771739709 ], [ -105.981440589852923, 28.753994266324945 ], [ -105.981710084438163, 28.753994266324945 ], [ -105.981710084438163, 28.754263760910181 ], [ -105.982249073608628, 28.754263760910181 ], [ -105.982249073608628, 28.75480275008065 ], [ -105.981979579023402, 28.75480275008065 ], [ -105.981979579023402, 28.755341739251122 ], [ -105.982249073608628, 28.755341739251122 ], [ -105.982249073608628, 28.756958706762539 ], [ -105.981979579023402, 28.756958706762539 ], [ -105.981979579023402, 28.757228201347775 ] ] ] ] } },
{ "type": "Feature", "properties": { "ZONA_MET": "Chihuahua", "INTENSIDAD": "Intensa", "T_PROM_POL": 3.0, "T_MIN_CIUD": 1.0, "DIF_TERMIC": 2.0 }, "geometry": { "type": "MultiPolygon", "coordinates": [ [ [ [ -106.110259001595665, 28.752646793398764 ], [ -106.109989507010425, 28.752646793398764 ], [ -106.109989507010425, 28.752377298813528 ], [ -106.109450517839946, 28.752377298813528 ], [ -106.109450517839946, 28.752107804228292 ], [ -106.109720012425186, 28.752107804228292 ], [ -106.109720012425186, 28.751838309643055 ], [ -106.109450517839946, 28.751838309643055 ], [ -106.109450517839946, 28.750760331302114 ], [ -106.109720012425186, 28.750760331302114 ], [ -106.109720012425186, 28.75102982588735 ], [ -106.109989507010425, 28.75102982588735 ], [ -106.109989507010425, 28.751299320472587 ], [ -106.110259001595665, 28.751299320472587 ], [ -106.110259001595665, 28.751838309643055 ], [ -106.110528496180891, 28.751838309643055 ], [ -106.110528496180891, 28.751568815057823 ], [ -106.11079799076613, 28.751568815057823 ], [ -106.11079799076613, 28.751838309643055 ], [ -106.11133697993661, 28.751838309643055 ], [ -106.11133697993661, 28.752107804228292 ], [ -106.11106748535137, 28.752107804228292 ], [ -106.11106748535137, 28.752377298813528 ], [ -106.110259001595665, 28.752377298813528 ], [ -106.110259001595665, 28.752646793398764 ] ], [ [ -106.109989507010425, 28.751838309643055 ], [ -106.109989507010425, 28.751568815057823 ], [ -106.109720012425186, 28.751568815057823 ], [ -106.109720012425186, 28.751838309643055 ], [ -106.109989507010425, 28.751838309643055 ] ] ] ] } },
{ "type": "Feature", "properties": { "ZONA_MET": "Chihuahua", "INTENSIDAD": "Intensa", "T_PROM_POL": 3.0, "T_MIN_CIUD": 1.0, "DIF_TERMIC": 2.0 }, "geometry": { "type": "MultiPolygon", "coordinates": [ [ [ [ -105.989525427410001, 28.751299320472587 ], [ -105.988716943654296, 28.751299320472587 ], [ -105.988716943654296, 28.750760331302114 ], [ -105.987908459898591, 28.750760331302114 ], [ -105.987908459898591, 28.750490836716878 ], [ -105.987369470728112, 28.750490836716878 ], [ -105.987369470728112, 28.750221342131642 ], [ -105.987908459898591, 28.750221342131642 ], [ -105.987908459898591, 28.749951847546406 ], [ -105.988447449069056, 28.749951847546406 ], [ -105.988447449069056, 28.750490836716878 ], [ -105.989255932824761, 28.750490836716878 ], [ -105.989255932824761, 28.749951847546406 ], [ -105.989525427410001, 28.749951847546406 ], [ -105.989525427410001, 28.750221342131642 ], [ -105.990064416580466, 28.750221342131642 ], [ -105.990064416580466, 28.75102982588735 ], [ -105.989525427410001, 28.75102982588735 ], [ -105.989525427410001, 28.751299320472587 ] ], [ [ -105.989525427410001, 28.75102982588735 ], [ -105.989525427410001, 28.750760331302114 ], [ -105.989255932824761, 28.750760331302114 ], [ -105.989255932824761, 28.75102982588735 ], [ -105.989525427410001, 28.75102982588735 ] ] ] ] } },
{ "type": "Feature", "properties": { "ZONA_MET": "Chihuahua", "INTENSIDAD": "Intensa", "T_PROM_POL": 4.0, "T_MIN_CIUD": 1.0, "DIF_TERMIC": 2.0 }, "geometry": { "type": "MultiPolygon", "coordinates": [ [ [ [ -106.163079940301884, 28.75102982588735 ], [ -106.162810445716644, 28.75102982588735 ], [ -106.162810445716644, 28.749412858375933 ], [ -106.162271456546179, 28.749412858375933 ], [ -106.162271456546179, 28.74968235296117 ], [ -106.162001961960939, 28.74968235296117 ], [ -106.162001961960939, 28.750221342131642 ], [ -106.160654489034769, 28.750221342131642 ], [ -106.160654489034769, 28.749412858375933 ], [ -106.160923983619995, 28.749412858375933 ], [ -106.160923983619995, 28.749143363790697 ], [ -106.161193478205234, 28.749143363790697 ], [ -106.161193478205234, 28.749412858375933 ], [ -106.161462972790474, 28.749412858375933 ], [ -106.161462972790474, 28.749143363790697 ], [ -106.163079940301884, 28.749143363790697 ], [ -106.163079940301884, 28.750490836716878 ], [ -106.163349434887124, 28.750490836716878 ], [ -106.163349434887124, 28.750760331302114 ], [ -106.163079940301884, 28.750760331302114 ], [ -106.163079940301884, 28.75102982588735 ] ] ] ] } },
{ "type": "Feature", "properties": { "ZONA_MET": "Chihuahua", "INTENSIDAD": "Intensa", "T_PROM_POL": 3.0, "T_MIN_CIUD": 1.0, "DIF_TERMIC": 2.0 }, "geometry": { "type": "MultiPolygon", "coordinates": [ [ [ [ -106.108642034084241, 28.75102982588735 ], [ -106.107564055743296, 28.75102982588735 ], [ -106.107564055743296, 28.750490836716878 ], [ -106.107294561158071, 28.750490836716878 ], [ -106.107294561158071, 28.750221342131642 ], [ -106.107564055743296, 28.750221342131642 ], [ -106.107564055743296, 28.749143363790697 ], [ -106.108103044913776, 28.749143363790697 ], [ -106.108103044913776, 28.749951847546406 ], [ -106.108372539499015, 28.749951847546406 ], [ -106.108372539499015, 28.750221342131642 ], [ -106.108642034084241, 28.750221342131642 ], [ -106.108642034084241, 28.749951847546406 ], [ -106.108911528669481, 28.749951847546406 ], [ -106.108911528669481, 28.750760331302114 ], [ -106.108642034084241, 28.750760331302114 ], [ -106.108642034084241, 28.75102982588735 ] ] ] ] } },
{ "type": "Feature", "properties": { "ZONA_MET": "Chihuahua", "INTENSIDAD": "Intensa", "T_PROM_POL": 3.0, "T_MIN_CIUD": 1.0, "DIF_TERMIC": 2.0 }, "geometry": { "type": "MultiPolygon", "coordinates": [ [ [ [ -105.991411889506651, 28.75102982588735 ], [ -105.990872900336186, 28.75102982588735 ], [ -105.990872900336186, 28.749951847546406 ], [ -105.991411889506651, 28.749951847546406 ], [ -105.991411889506651, 28.749412858375933 ], [ -105.991142394921411, 28.749412858375933 ], [ -105.991142394921411, 28.748604374620228 ], [ -105.991411889506651, 28.748604374620228 ], [ -105.991411889506651, 28.749143363790697 ], [ -105.991681384091891, 28.749143363790697 ], [ -105.991681384091891, 28.748604374620228 ], [ -105.993028857018061, 28.748604374620228 ], [ -105.993028857018061, 28.748873869205461 ], [ -105.9932983516033, 28.748873869205461 ], [ -105.9932983516033, 28.749143363790697 ], [ -105.992220373262356, 28.749143363790697 ], [ -105.992220373262356, 28.74968235296117 ], [ -105.991681384091891, 28.74968235296117 ], [ -105.991681384091891, 28.749951847546406 ], [ -105.992220373262356, 28.749951847546406 ], [ -105.992220373262356, 28.750760331302114 ], [ -105.991950878677116, 28.750760331302114 ], [ -105.991950878677116, 28.750221342131642 ], [ -105.991411889506651, 28.750221342131642 ], [ -105.991411889506651, 28.750490836716878 ], [ -105.991142394921411, 28.750490836716878 ], [ -105.991142394921411, 28.750760331302114 ], [ -105.991411889506651, 28.750760331302114 ], [ -105.991411889506651, 28.75102982588735 ] ] ] ] } },
{ "type": "Feature", "properties": { "ZONA_MET": "Chihuahua", "INTENSIDAD": "Intensa", "T_PROM_POL": 4.0, "T_MIN_CIUD": 1.0, "DIF_TERMIC": 2.0 }, "geometry": { "type": "MultiPolygon", "coordinates": [ [ [ [ -105.978206654830089, 28.75480275008065 ], [ -105.977937160244863, 28.75480275008065 ], [ -105.977937160244863, 28.754533255495417 ], [ -105.977398171074384, 28.754533255495417 ], [ -105.977398171074384, 28.754263760910181 ], [ -105.978206654830089, 28.754263760910181 ], [ -105.978206654830089, 28.753724771739709 ], [ -105.978476149415329, 28.753724771739709 ], [ -105.978476149415329, 28.753185782569236 ], [ -105.978745644000568, 28.753185782569236 ], [ -105.978745644000568, 28.752377298813528 ], [ -105.979284633171034, 28.752377298813528 ], [ -105.979284633171034, 28.751838309643055 ], [ -105.979554127756273, 28.751838309643055 ], [ -105.979554127756273, 28.751299320472587 ], [ -105.979823622341513, 28.751299320472587 ], [ -105.979823622341513, 28.75102982588735 ], [ -105.980093116926739, 28.75102982588735 ], [ -105.980093116926739, 28.750221342131642 ], [ -105.980362611511978, 28.750221342131642 ], [ -105.980362611511978, 28.749951847546406 ], [ -105.980632106097218, 28.749951847546406 ], [ -105.980632106097218, 28.749412858375933 ], [ -105.980901600682458, 28.749412858375933 ], [ -105.980901600682458, 28.748873869205461 ], [ -105.981171095267683, 28.748873869205461 ], [ -105.981171095267683, 28.748604374620228 ], [ -105.981440589852923, 28.748604374620228 ], [ -105.981440589852923, 28.748065385449756 ], [ -105.981710084438163, 28.748065385449756 ], [ -105.981710084438163, 28.748873869205461 ], [ -105.981440589852923, 28.748873869205461 ], [ -105.981440589852923, 28.74968235296117 ], [ -105.981171095267683, 28.74968235296117 ], [ -105.981171095267683, 28.749951847546406 ], [ -105.980901600682458, 28.749951847546406 ], [ -105.980901600682458, 28.750221342131642 ], [ -105.980632106097218, 28.750221342131642 ], [ -105.980632106097218, 28.75102982588735 ], [ -105.980362611511978, 28.75102982588735 ], [ -105.980362611511978, 28.751299320472587 ], [ -105.980093116926739, 28.751299320472587 ], [ -105.980093116926739, 28.751838309643055 ], [ -105.979823622341513, 28.751838309643055 ], [ -105.979823622341513, 28.752107804228292 ], [ -105.980093116926739, 28.752107804228292 ], [ -105.980093116926739, 28.752377298813528 ], [ -105.979823622341513, 28.752377298813528 ], [ -105.979823622341513, 28.752916287984 ], [ -105.979284633171034, 28.752916287984 ], [ -105.979284633171034, 28.753455277154472 ], [ -105.979015138585808, 28.753455277154472 ], [ -105.979015138585808, 28.753724771739709 ], [ -105.978745644000568, 28.753724771739709 ], [ -105.978745644000568, 28.754263760910181 ], [ -105.978476149415329, 28.754263760910181 ], [ -105.978476149415329, 28.754533255495417 ], [ -105.978206654830089, 28.754533255495417 ], [ -105.978206654830089, 28.75480275008065 ] ] ] ] } },
{ "type": "Feature", "properties": { "ZONA_MET": "Chihuahua", "INTENSIDAD": "Intensa", "T_PROM_POL": 3.0, "T_MIN_CIUD": 1.0, "DIF_TERMIC": 2.0 }, "geometry": { "type": "MultiPolygon", "coordinates": [ [ [ [ -105.981979579023402, 28.748065385449756 ], [ -105.981710084438163, 28.748065385449756 ], [ -105.981710084438163, 28.747256901694048 ], [ -105.981979579023402, 28.747256901694048 ], [ -105.981979579023402, 28.746717912523575 ], [ -105.982249073608628, 28.746717912523575 ], [ -105.982249073608628, 28.746178923353103 ], [ -105.982518568193868, 28.746178923353103 ], [ -105.982518568193868, 28.745909428767867 ], [ -105.982788062779107, 28.745909428767867 ], [ -105.982788062779107, 28.745370439597398 ], [ -105.983057557364333, 28.745370439597398 ], [ -105.983057557364333, 28.744561955841689 ], [ -105.983327051949573, 28.744561955841689 ], [ -105.983327051949573, 28.744022966671217 ], [ -105.983057557364333, 28.744022966671217 ], [ -105.983057557364333, 28.743214482915509 ], [ -105.983596546534812, 28.743214482915509 ], [ -105.983596546534812, 28.743483977500745 ], [ -105.983866041120052, 28.743483977500745 ], [ -105.983866041120052, 28.742944988330272 ], [ -105.984135535705278, 28.742944988330272 ], [ -105.984135535705278, 28.74267549374504 ], [ -105.984405030290517, 28.74267549374504 ], [ -105.984405030290517, 28.741058526233623 ], [ -105.984674524875757, 28.741058526233623 ], [ -105.984674524875757, 28.741597515404095 ], [ -105.984944019460997, 28.741597515404095 ], [ -105.984944019460997, 28.741058526233623 ], [ -105.985752503216702, 28.741058526233623 ], [ -105.985752503216702, 28.742136504574567 ], [ -105.985483008631462, 28.742136504574567 ], [ -105.985483008631462, 28.742405999159804 ], [ -105.984944019460997, 28.742405999159804 ], [ -105.984944019460997, 28.742944988330272 ], [ -105.984674524875757, 28.742944988330272 ], [ -105.984674524875757, 28.743483977500745 ], [ -105.984135535705278, 28.743483977500745 ], [ -105.984135535705278, 28.743753472085981 ], [ -105.983866041120052, 28.743753472085981 ], [ -105.983866041120052, 28.744022966671217 ], [ -105.983596546534812, 28.744022966671217 ], [ -105.983596546534812, 28.744292461256453 ], [ -105.983866041120052, 28.744292461256453 ], [ -105.983866041120052, 28.744561955841689 ], [ -105.983596546534812, 28.744561955841689 ], [ -105.983596546534812, 28.744831450426926 ], [ -105.983866041120052, 28.744831450426926 ], [ -105.983866041120052, 28.745100945012162 ], [ -105.983596546534812, 28.745100945012162 ], [ -105.983596546534812, 28.745909428767867 ], [ -105.983327051949573, 28.745909428767867 ], [ -105.983327051949573, 28.746178923353103 ], [ -105.983057557364333, 28.746178923353103 ], [ -105.983057557364333, 28.746717912523575 ], [ -105.982788062779107, 28.746717912523575 ], [ -105.982788062779107, 28.746987407108811 ], [ -105.982518568193868, 28.746987407108811 ], [ -105.982518568193868, 28.747256901694048 ], [ -105.982249073608628, 28.747256901694048 ], [ -105.982249073608628, 28.74779589086452 ], [ -105.981979579023402, 28.74779589086452 ], [ -105.981979579023402, 28.748065385449756 ] ] ] ] } },
{ "type": "Feature", "properties": { "ZONA_MET": "Chihuahua", "INTENSIDAD": "Extrema", "T_PROM_POL": 4.0, "T_MIN_CIUD": 1.0, "DIF_TERMIC": 2.0 }, "geometry": { "type": "MultiPolygon", "coordinates": [ [ [ [ -105.988716943654296, 28.74051953706315 ], [ -105.987638965313351, 28.74051953706315 ], [ -105.987638965313351, 28.740250042477914 ], [ -105.987369470728112, 28.740250042477914 ], [ -105.987369470728112, 28.739980547892678 ], [ -105.987099976142872, 28.739980547892678 ], [ -105.987099976142872, 28.739711053307445 ], [ -105.988447449069056, 28.739711053307445 ], [ -105.988447449069056, 28.740250042477914 ], [ -105.988716943654296, 28.740250042477914 ], [ -105.988716943654296, 28.74051953706315 ] ] ] ] } },
{ "type": "Feature", "properties": { "ZONA_MET": "Chihuahua", "INTENSIDAD": "Extrema", "T_PROM_POL": 4.0, "T_MIN_CIUD": 1.0, "DIF_TERMIC": 2.0 }, "geometry": { "type": "MultiPolygon", "coordinates": [ [ [ [ -105.984405030290517, 28.740250042477914 ], [ -105.984135535705278, 28.740250042477914 ], [ -105.984135535705278, 28.738902569551737 ], [ -105.984405030290517, 28.738902569551737 ], [ -105.984405030290517, 28.738633074966501 ], [ -105.983866041120052, 28.738633074966501 ], [ -105.983866041120052, 28.738363580381264 ], [ -105.983596546534812, 28.738363580381264 ], [ -105.983596546534812, 28.738094085796028 ], [ -105.983057557364333, 28.738094085796028 ], [ -105.983057557364333, 28.737824591210792 ], [ -105.982518568193868, 28.737824591210792 ], [ -105.982518568193868, 28.737555096625556 ], [ -105.983327051949573, 28.737555096625556 ], [ -105.983327051949573, 28.737824591210792 ], [ -105.985213514046222, 28.737824591210792 ], [ -105.985213514046222, 28.737555096625556 ], [ -105.985752503216702, 28.737555096625556 ], [ -105.985752503216702, 28.737824591210792 ], [ -105.985483008631462, 28.737824591210792 ], [ -105.985483008631462, 28.738094085796028 ], [ -105.984405030290517, 28.738094085796028 ], [ -105.984405030290517, 28.738363580381264 ], [ -105.985213514046222, 28.738363580381264 ], [ -105.985213514046222, 28.738902569551737 ], [ -105.984674524875757, 28.738902569551737 ], [ -105.984674524875757, 28.739172064136973 ], [ -105.984405030290517, 28.739172064136973 ], [ -105.984405030290517, 28.740250042477914 ] ] ] ] } },
{ "type": "Feature", "properties": { "ZONA_MET": "Chihuahua", "INTENSIDAD": "Extrema", "T_PROM_POL": 4.0, "T_MIN_CIUD": 1.0, "DIF_TERMIC": 2.0 }, "geometry": { "type": "MultiPolygon", "coordinates": [ [ [ [ -105.986291492387167, 28.741058526233623 ], [ -105.985213514046222, 28.741058526233623 ], [ -105.985213514046222, 28.740789031648386 ], [ -105.984674524875757, 28.740789031648386 ], [ -105.984674524875757, 28.741058526233623 ], [ -105.984405030290517, 28.741058526233623 ], [ -105.984405030290517, 28.740250042477914 ], [ -105.984674524875757, 28.740250042477914 ], [ -105.984674524875757, 28.74051953706315 ], [ -105.985483008631462, 28.74051953706315 ], [ -105.985483008631462, 28.740250042477914 ], [ -105.985752503216702, 28.740250042477914 ], [ -105.985752503216702, 28.739172064136973 ], [ -105.985213514046222, 28.739172064136973 ], [ -105.985213514046222, 28.738902569551737 ], [ -105.986291492387167, 28.738902569551737 ], [ -105.986291492387167, 28.738633074966501 ], [ -105.986560986972407, 28.738633074966501 ], [ -105.986560986972407, 28.737555096625556 ], [ -105.987099976142872, 28.737555096625556 ], [ -105.987099976142872, 28.736746612869847 ], [ -105.987369470728112, 28.736746612869847 ], [ -105.987369470728112, 28.736477118284615 ], [ -105.987908459898591, 28.736477118284615 ], [ -105.987908459898591, 28.736207623699379 ], [ -105.988447449069056, 28.736207623699379 ], [ -105.988447449069056, 28.736746612869847 ], [ -105.988177954483817, 28.736746612869847 ], [ -105.988177954483817, 28.73728560204032 ], [ -105.987908459898591, 28.73728560204032 ], [ -105.987908459898591, 28.737555096625556 ], [ -105.987638965313351, 28.737555096625556 ], [ -105.987638965313351, 28.738094085796028 ], [ -105.987369470728112, 28.738094085796028 ], [ -105.987369470728112, 28.738363580381264 ], [ -105.987099976142872, 28.738363580381264 ], [ -105.987099976142872, 28.739172064136973 ], [ -105.986021997801927, 28.739172064136973 ], [ -105.986021997801927, 28.739980547892678 ], [ -105.986291492387167, 28.739980547892678 ], [ -105.986291492387167, 28.739711053307445 ], [ -105.986560986972407, 28.739711053307445 ], [ -105.986560986972407, 28.740250042477914 ], [ -105.986291492387167, 28.740250042477914 ], [ -105.986291492387167, 28.741058526233623 ] ], [ [ -105.987908459898591, 28.737016107455084 ], [ -105.987908459898591, 28.736746612869847 ], [ -105.987369470728112, 28.736746612869847 ], [ -105.987369470728112, 28.737016107455084 ], [ -105.987908459898591, 28.737016107455084 ] ] ] ] } },
{ "type": "Feature", "properties": { "ZONA_MET": "Chihuahua", "INTENSIDAD": "Intensa", "T_PROM_POL": 3.0, "T_MIN_CIUD": 1.0, "DIF_TERMIC": 2.0 }, "geometry": { "type": "MultiPolygon", "coordinates": [ [ [ [ -106.097053766919103, 28.737016107455084 ], [ -106.096784272333863, 28.737016107455084 ], [ -106.096784272333863, 28.736746612869847 ], [ -106.096514777748638, 28.736746612869847 ], [ -106.096514777748638, 28.736477118284615 ], [ -106.096245283163398, 28.736477118284615 ], [ -106.096245283163398, 28.736207623699379 ], [ -106.095975788578158, 28.736207623699379 ], [ -106.095975788578158, 28.735938129114142 ], [ -106.095706293992919, 28.735938129114142 ], [ -106.095706293992919, 28.735668634528906 ], [ -106.095436799407693, 28.735668634528906 ], [ -106.095436799407693, 28.73539913994367 ], [ -106.096245283163398, 28.73539913994367 ], [ -106.096245283163398, 28.735938129114142 ], [ -106.096514777748638, 28.735938129114142 ], [ -106.096514777748638, 28.736207623699379 ], [ -106.097053766919103, 28.736207623699379 ], [ -106.097053766919103, 28.735938129114142 ], [ -106.097323261504343, 28.735938129114142 ], [ -106.097323261504343, 28.736477118284615 ], [ -106.097053766919103, 28.736477118284615 ], [ -106.097053766919103, 28.737016107455084 ] ] ] ] } },
{ "type": "Feature", "properties": { "ZONA_MET": "Chihuahua", "INTENSIDAD": "Intensa", "T_PROM_POL": 3.0, "T_MIN_CIUD": 1.0, "DIF_TERMIC": 2.0 }, "geometry": { "type": "MultiPolygon", "coordinates": [ [ [ [ -106.13397452509642, 28.73027874282419 ], [ -106.13370503051118, 28.73027874282419 ], [ -106.13370503051118, 28.730009248238954 ], [ -106.133166041340701, 28.730009248238954 ], [ -106.133166041340701, 28.729739753653718 ], [ -106.132357557584996, 28.729739753653718 ], [ -106.132357557584996, 28.729470259068481 ], [ -106.134513514266885, 28.729470259068481 ], [ -106.134513514266885, 28.729739753653718 ], [ -106.134244019681645, 28.729739753653718 ], [ -106.134244019681645, 28.730009248238954 ], [ -106.13397452509642, 28.730009248238954 ], [ -106.13397452509642, 28.73027874282419 ] ] ] ] } },
{ "type": "Feature", "properties": { "ZONA_MET": "Chihuahua", "INTENSIDAD": "Intensa", "T_PROM_POL": 4.0, "T_MIN_CIUD": 1.0, "DIF_TERMIC": 2.0 }, "geometry": { "type": "MultiPolygon", "coordinates": [ [ [ [ -106.092741853555324, 28.730009248238954 ], [ -106.092472358970099, 28.730009248238954 ], [ -106.092472358970099, 28.729470259068481 ], [ -106.092202864384859, 28.729470259068481 ], [ -106.092202864384859, 28.728661775312773 ], [ -106.091933369799619, 28.728661775312773 ], [ -106.091933369799619, 28.727853291557064 ], [ -106.09166387521438, 28.727853291557064 ], [ -106.09166387521438, 28.727583796971832 ], [ -106.091394380629154, 28.727583796971832 ], [ -106.091394380629154, 28.726775313216123 ], [ -106.091124886043914, 28.726775313216123 ], [ -106.091124886043914, 28.725966829460415 ], [ -106.090855391458675, 28.725966829460415 ], [ -106.090855391458675, 28.725697334875179 ], [ -106.091394380629154, 28.725697334875179 ], [ -106.091394380629154, 28.726505818630887 ], [ -106.09166387521438, 28.726505818630887 ], [ -106.09166387521438, 28.726775313216123 ], [ -106.091933369799619, 28.726775313216123 ], [ -106.091933369799619, 28.727583796971832 ], [ -106.092202864384859, 28.727583796971832 ], [ -106.092202864384859, 28.728122786142301 ], [ -106.092472358970099, 28.728122786142301 ], [ -106.092472358970099, 28.728661775312773 ], [ -106.092741853555324, 28.728661775312773 ], [ -106.092741853555324, 28.730009248238954 ] ] ] ] } },
{ "type": "Feature", "properties": { "ZONA_MET": "Chihuahua", "INTENSIDAD": "Intensa", "T_PROM_POL": 4.0, "T_MIN_CIUD": 1.0, "DIF_TERMIC": 2.0 }, "geometry": { "type": "MultiPolygon", "coordinates": [ [ [ [ -105.987908459898591, 28.736477118284615 ], [ -105.987638965313351, 28.736477118284615 ], [ -105.987638965313351, 28.735938129114142 ], [ -105.987908459898591, 28.735938129114142 ], [ -105.987908459898591, 28.73539913994367 ], [ -105.988177954483817, 28.73539913994367 ], [ -105.988177954483817, 28.735129645358434 ], [ -105.988447449069056, 28.735129645358434 ], [ -105.988447449069056, 28.734590656187962 ], [ -105.988716943654296, 28.734590656187962 ], [ -105.988716943654296, 28.734051667017489 ], [ -105.988986438239522, 28.734051667017489 ], [ -105.988986438239522, 28.733782172432253 ], [ -105.989255932824761, 28.733782172432253 ], [ -105.989255932824761, 28.733243183261784 ], [ -105.989525427410001, 28.733243183261784 ], [ -105.989525427410001, 28.73216520492084 ], [ -105.989255932824761, 28.73216520492084 ], [ -105.989255932824761, 28.731895710335603 ], [ -105.990333911165706, 28.731895710335603 ], [ -105.990333911165706, 28.731356721165131 ], [ -105.990603405750946, 28.731356721165131 ], [ -105.990603405750946, 28.730817731994659 ], [ -105.990872900336186, 28.730817731994659 ], [ -105.990872900336186, 28.73027874282419 ], [ -105.991142394921411, 28.73027874282419 ], [ -105.991142394921411, 28.729739753653718 ], [ -105.991411889506651, 28.729739753653718 ], [ -105.991411889506651, 28.729200764483245 ], [ -105.991681384091891, 28.729200764483245 ], [ -105.991681384091891, 28.728931269898009 ], [ -105.991950878677116, 28.728931269898009 ], [ -105.991950878677116, 28.728392280727537 ], [ -105.991411889506651, 28.728392280727537 ], [ -105.991411889506651, 28.728122786142301 ], [ -105.991681384091891, 28.728122786142301 ], [ -105.991681384091891, 28.727853291557064 ], [ -105.991950878677116, 28.727853291557064 ], [ -105.991950878677116, 28.727583796971832 ], [ -105.992489867847596, 28.727583796971832 ], [ -105.992489867847596, 28.727314302386596 ], [ -105.992759362432835, 28.727314302386596 ], [ -105.992759362432835, 28.726775313216123 ], [ -105.993028857018061, 28.726775313216123 ], [ -105.993028857018061, 28.726236324045651 ], [ -105.9932983516033, 28.726236324045651 ], [ -105.9932983516033, 28.725966829460415 ], [ -105.99356784618854, 28.725966829460415 ], [ -105.99356784618854, 28.725427840289942 ], [ -105.99383734077378, 28.725427840289942 ], [ -105.99383734077378, 28.72488885111947 ], [ -105.994106835359005, 28.72488885111947 ], [ -105.994106835359005, 28.724349861949001 ], [ -105.994376329944245, 28.724349861949001 ], [ -105.994376329944245, 28.725427840289942 ], [ -105.994106835359005, 28.725427840289942 ], [ -105.994106835359005, 28.725966829460415 ], [ -105.99383734077378, 28.725966829460415 ], [ -105.99383734077378, 28.726236324045651 ], [ -105.99356784618854, 28.726236324045651 ], [ -105.99356784618854, 28.726775313216123 ], [ -105.9932983516033, 28.726775313216123 ], [ -105.9932983516033, 28.727044807801359 ], [ -105.99356784618854, 28.727044807801359 ], [ -105.99356784618854, 28.727853291557064 ], [ -105.9932983516033, 28.727853291557064 ], [ -105.9932983516033, 28.727314302386596 ], [ -105.993028857018061, 28.727314302386596 ], [ -105.993028857018061, 28.727583796971832 ], [ -105.992759362432835, 28.727583796971832 ], [ -105.992759362432835, 28.728122786142301 ], [ -105.992489867847596, 28.728122786142301 ], [ -105.992489867847596, 28.728661775312773 ], [ -105.992220373262356, 28.728661775312773 ], [ -105.992220373262356, 28.729200764483245 ], [ -105.991950878677116, 28.729200764483245 ], [ -105.991950878677116, 28.730009248238954 ], [ -105.991681384091891, 28.730009248238954 ], [ -105.991681384091891, 28.73027874282419 ], [ -105.991411889506651, 28.73027874282419 ], [ -105.991411889506651, 28.730817731994659 ], [ -105.991142394921411, 28.730817731994659 ], [ -105.991142394921411, 28.731087226579895 ], [ -105.991411889506651, 28.731087226579895 ], [ -105.991411889506651, 28.731356721165131 ], [ -105.991142394921411, 28.731356721165131 ], [ -105.991142394921411, 28.731626215750367 ], [ -105.990872900336186, 28.731626215750367 ], [ -105.990872900336186, 28.731895710335603 ], [ -105.990603405750946, 28.731895710335603 ], [ -105.990603405750946, 28.732434699506076 ], [ -105.990333911165706, 28.732434699506076 ], [ -105.990333911165706, 28.732704194091312 ], [ -105.990064416580466, 28.732704194091312 ], [ -105.990064416580466, 28.733243183261784 ], [ -105.989794921995241, 28.733243183261784 ], [ -105.989794921995241, 28.733782172432253 ], [ -105.989525427410001, 28.733782172432253 ], [ -105.989525427410001, 28.734590656187962 ], [ -105.989794921995241, 28.734590656187962 ], [ -105.989794921995241, 28.735129645358434 ], [ -105.990333911165706, 28.735129645358434 ], [ -105.990333911165706, 28.73539913994367 ], [ -105.988716943654296, 28.73539913994367 ], [ -105.988716943654296, 28.736207623699379 ], [ -105.987908459898591, 28.736207623699379 ], [ -105.987908459898591, 28.736477118284615 ] ], [ [ -105.989525427410001, 28.735129645358434 ], [ -105.989525427410001, 28.734860150773198 ], [ -105.988986438239522, 28.734860150773198 ], [ -105.988986438239522, 28.735129645358434 ], [ -105.989525427410001, 28.735129645358434 ] ] ] ] } },
{ "type": "Feature", "properties": { "ZONA_MET": "Chihuahua", "INTENSIDAD": "Extrema", "T_PROM_POL": 4.0, "T_MIN_CIUD": 1.0, "DIF_TERMIC": 2.0 }, "geometry": { "type": "MultiPolygon", "coordinates": [ [ [ [ -106.091124886043914, 28.724080367363765 ], [ -106.090316402288209, 28.724080367363765 ], [ -106.090316402288209, 28.723810872778529 ], [ -106.090585896873449, 28.723810872778529 ], [ -106.090585896873449, 28.723271883608056 ], [ -106.09004690770297, 28.723271883608056 ], [ -106.09004690770297, 28.722732894437584 ], [ -106.091124886043914, 28.722732894437584 ], [ -106.091124886043914, 28.724080367363765 ] ] ] ] } },
{ "type": "Feature", "properties": { "ZONA_MET": "Chihuahua", "INTENSIDAD": "Intensa", "T_PROM_POL": 4.0, "T_MIN_CIUD": 1.0, "DIF_TERMIC": 2.0 }, "geometry": { "type": "MultiPolygon", "coordinates": [ [ [ [ -106.091394380629154, 28.72488885111947 ], [ -106.091124886043914, 28.72488885111947 ], [ -106.091124886043914, 28.724619356534237 ], [ -106.090585896873449, 28.724619356534237 ], [ -106.090585896873449, 28.72488885111947 ], [ -106.090316402288209, 28.72488885111947 ], [ -106.090316402288209, 28.724619356534237 ], [ -106.09004690770297, 28.724619356534237 ], [ -106.09004690770297, 28.724080367363765 ], [ -106.08977741311773, 28.724080367363765 ], [ -106.08977741311773, 28.72300238902282 ], [ -106.089507918532505, 28.72300238902282 ], [ -106.089507918532505, 28.722732894437584 ], [ -106.089238423947265, 28.722732894437584 ], [ -106.089238423947265, 28.722193905267112 ], [ -106.088968929362025, 28.722193905267112 ], [ -106.088968929362025, 28.721924410681876 ], [ -106.088699434776785, 28.721924410681876 ], [ -106.088699434776785, 28.721385421511407 ], [ -106.089238423947265, 28.721385421511407 ], [ -106.089238423947265, 28.721924410681876 ], [ -106.08977741311773, 28.721924410681876 ], [ -106.08977741311773, 28.722732894437584 ], [ -106.09004690770297, 28.722732894437584 ], [ -106.09004690770297, 28.723541378193293 ], [ -106.090316402288209, 28.723541378193293 ], [ -106.090316402288209, 28.724080367363765 ], [ -106.091124886043914, 28.724080367363765 ], [ -106.091124886043914, 28.722732894437584 ], [ -106.09166387521438, 28.722732894437584 ], [ -106.09166387521438, 28.724349861949001 ], [ -106.091394380629154, 28.724349861949001 ], [ -106.091394380629154, 28.72488885111947 ] ] ] ] } },
{ "type": "Feature", "properties": { "ZONA_MET": "Chihuahua", "INTENSIDAD": "Intensa", "T_PROM_POL": 4.0, "T_MIN_CIUD": 1.0, "DIF_TERMIC": 2.0 }, "geometry": { "type": "MultiPolygon", "coordinates": [ [ [ [ -106.13370503051118, 28.723541378193293 ], [ -106.133166041340701, 28.723541378193293 ], [ -106.133166041340701, 28.72300238902282 ], [ -106.132627052170236, 28.72300238902282 ], [ -106.132627052170236, 28.722732894437584 ], [ -106.132357557584996, 28.722732894437584 ], [ -106.132357557584996, 28.722463399852348 ], [ -106.13208806299977, 28.722463399852348 ], [ -106.13208806299977, 28.722732894437584 ], [ -106.131279579244051, 28.722732894437584 ], [ -106.131279579244051, 28.72300238902282 ], [ -106.130740590073586, 28.72300238902282 ], [ -106.130740590073586, 28.722193905267112 ], [ -106.130471095488346, 28.722193905267112 ], [ -106.130471095488346, 28.721924410681876 ], [ -106.129123622562176, 28.721924410681876 ], [ -106.129123622562176, 28.722463399852348 ], [ -106.128854127976936, 28.722463399852348 ], [ -106.128854127976936, 28.721115926926171 ], [ -106.129123622562176, 28.721115926926171 ], [ -106.129123622562176, 28.721385421511407 ], [ -106.129932106317881, 28.721385421511407 ], [ -106.129932106317881, 28.721115926926171 ], [ -106.130471095488346, 28.721115926926171 ], [ -106.130471095488346, 28.721654916096643 ], [ -106.131010084658826, 28.721654916096643 ], [ -106.131010084658826, 28.721924410681876 ], [ -106.131279579244051, 28.721924410681876 ], [ -106.131279579244051, 28.721385421511407 ], [ -106.131010084658826, 28.721385421511407 ], [ -106.131010084658826, 28.720846432340934 ], [ -106.130201600903106, 28.720846432340934 ], [ -106.130201600903106, 28.720576937755698 ], [ -106.130471095488346, 28.720576937755698 ], [ -106.130471095488346, 28.720037948585226 ], [ -106.130740590073586, 28.720037948585226 ], [ -106.130740590073586, 28.720307443170462 ], [ -106.131010084658826, 28.720307443170462 ], [ -106.131010084658826, 28.720576937755698 ], [ -106.13208806299977, 28.720576937755698 ], [ -106.13208806299977, 28.721115926926171 ], [ -106.132627052170236, 28.721115926926171 ], [ -106.132627052170236, 28.720846432340934 ], [ -106.132896546755475, 28.720846432340934 ], [ -106.132896546755475, 28.721115926926171 ], [ -106.133166041340701, 28.721115926926171 ], [ -106.133166041340701, 28.721385421511407 ], [ -106.132896546755475, 28.721385421511407 ], [ -106.132896546755475, 28.722193905267112 ], [ -106.133166041340701, 28.722193905267112 ], [ -106.133166041340701, 28.722463399852348 ], [ -106.134244019681645, 28.722463399852348 ], [ -106.134244019681645, 28.722732894437584 ], [ -106.13397452509642, 28.722732894437584 ], [ -106.13397452509642, 28.72300238902282 ], [ -106.13343553592594, 28.72300238902282 ], [ -106.13343553592594, 28.723271883608056 ], [ -106.13370503051118, 28.723271883608056 ], [ -106.13370503051118, 28.723541378193293 ] ], [ [ -106.13208806299977, 28.722193905267112 ], [ -106.13208806299977, 28.721924410681876 ], [ -106.131279579244051, 28.721924410681876 ], [ -106.131279579244051, 28.722193905267112 ], [ -106.13208806299977, 28.722193905267112 ] ], [ [ -106.132627052170236, 28.721654916096643 ], [ -106.132627052170236, 28.721385421511407 ], [ -106.13208806299977, 28.721385421511407 ], [ -106.13208806299977, 28.721115926926171 ], [ -106.131549073829291, 28.721115926926171 ], [ -106.131549073829291, 28.721385421511407 ], [ -106.131818568414531, 28.721385421511407 ], [ -106.131818568414531, 28.721654916096643 ], [ -106.132627052170236, 28.721654916096643 ] ] ] ] } },
{ "type": "Feature", "properties": { "ZONA_MET": "Chihuahua", "INTENSIDAD": "Intensa", "T_PROM_POL": 4.0, "T_MIN_CIUD": 1.0, "DIF_TERMIC": 2.0 }, "geometry": { "type": "MultiPolygon", "coordinates": [ [ [ [ -106.004347629597973, 28.722463399852348 ], [ -106.003808640427494, 28.722463399852348 ], [ -106.003808640427494, 28.722193905267112 ], [ -106.003539145842268, 28.722193905267112 ], [ -106.003539145842268, 28.721115926926171 ], [ -106.003269651257028, 28.721115926926171 ], [ -106.003269651257028, 28.720037948585226 ], [ -106.003539145842268, 28.720037948585226 ], [ -106.003539145842268, 28.720307443170462 ], [ -106.003808640427494, 28.720307443170462 ], [ -106.003808640427494, 28.720576937755698 ], [ -106.004078135012733, 28.720576937755698 ], [ -106.004078135012733, 28.720846432340934 ], [ -106.003808640427494, 28.720846432340934 ], [ -106.003808640427494, 28.721385421511407 ], [ -106.004078135012733, 28.721385421511407 ], [ -106.004078135012733, 28.721115926926171 ], [ -106.004617124183213, 28.721115926926171 ], [ -106.004617124183213, 28.721924410681876 ], [ -106.004347629597973, 28.721924410681876 ], [ -106.004347629597973, 28.722463399852348 ] ] ] ] } },
{ "type": "Feature", "properties": { "ZONA_MET": "Chihuahua", "INTENSIDAD": "Intensa", "T_PROM_POL": 3.0, "T_MIN_CIUD": 1.0, "DIF_TERMIC": 2.0 }, "geometry": { "type": "MultiPolygon", "coordinates": [ [ [ [ -105.9932983516033, 28.721654916096643 ], [ -105.993028857018061, 28.721654916096643 ], [ -105.993028857018061, 28.721385421511407 ], [ -105.992759362432835, 28.721385421511407 ], [ -105.992759362432835, 28.721115926926171 ], [ -105.992489867847596, 28.721115926926171 ], [ -105.992489867847596, 28.721385421511407 ], [ -105.992220373262356, 28.721385421511407 ], [ -105.992220373262356, 28.721115926926171 ], [ -105.991950878677116, 28.721115926926171 ], [ -105.991950878677116, 28.720846432340934 ], [ -105.992220373262356, 28.720846432340934 ], [ -105.992220373262356, 28.720576937755698 ], [ -105.992759362432835, 28.720576937755698 ], [ -105.992759362432835, 28.719768454 ], [ -105.9932983516033, 28.719768454 ], [ -105.9932983516033, 28.719229464829517 ], [ -105.992759362432835, 28.719229464829517 ], [ -105.992759362432835, 28.718959970244281 ], [ -105.99356784618854, 28.718959970244281 ], [ -105.99356784618854, 28.719229464829517 ], [ -105.99383734077378, 28.719229464829517 ], [ -105.99383734077378, 28.718959970244281 ], [ -105.994106835359005, 28.718959970244281 ], [ -105.994106835359005, 28.720576937755698 ], [ -105.9932983516033, 28.720576937755698 ], [ -105.9932983516033, 28.720846432340934 ], [ -105.99356784618854, 28.720846432340934 ], [ -105.99356784618854, 28.721385421511407 ], [ -105.9932983516033, 28.721385421511407 ], [ -105.9932983516033, 28.721654916096643 ] ], [ [ -105.99356784618854, 28.720037948585226 ], [ -105.99356784618854, 28.719768454 ], [ -105.9932983516033, 28.719768454 ], [ -105.9932983516033, 28.720037948585226 ], [ -105.99356784618854, 28.720037948585226 ] ] ] ] } },
{ "type": "Feature", "properties": { "ZONA_MET": "Chihuahua", "INTENSIDAD": "Extrema", "T_PROM_POL": 4.0, "T_MIN_CIUD": 1.0, "DIF_TERMIC": 2.0 }, "geometry": { "type": "MultiPolygon", "coordinates": [ [ [ [ -106.126159182124582, 28.720037948585226 ], [ -106.124811709198397, 28.720037948585226 ], [ -106.124811709198397, 28.719768454 ], [ -106.124542214613157, 28.719768454 ], [ -106.124542214613157, 28.719498959414754 ], [ -106.124811709198397, 28.719498959414754 ], [ -106.124811709198397, 28.719229464829517 ], [ -106.125889687539342, 28.719229464829517 ], [ -106.125889687539342, 28.718959970244281 ], [ -106.126159182124582, 28.718959970244281 ], [ -106.126159182124582, 28.720037948585226 ] ] ] ] } },
{ "type": "Feature", "properties": { "ZONA_MET": "Chihuahua", "INTENSIDAD": "Extrema", "T_PROM_POL": 4.0, "T_MIN_CIUD": 1.0, "DIF_TERMIC": 2.0 }, "geometry": { "type": "MultiPolygon", "coordinates": [ [ [ [ -106.13343553592594, 28.720576937755698 ], [ -106.132896546755475, 28.720576937755698 ], [ -106.132896546755475, 28.720307443170462 ], [ -106.13208806299977, 28.720307443170462 ], [ -106.13208806299977, 28.720576937755698 ], [ -106.131010084658826, 28.720576937755698 ], [ -106.131010084658826, 28.720037948585226 ], [ -106.131549073829291, 28.720037948585226 ], [ -106.131549073829291, 28.719768454 ], [ -106.13208806299977, 28.719768454 ], [ -106.13208806299977, 28.719229464829517 ], [ -106.132896546755475, 28.719229464829517 ], [ -106.132896546755475, 28.718959970244281 ], [ -106.133166041340701, 28.718959970244281 ], [ -106.133166041340701, 28.719229464829517 ], [ -106.13343553592594, 28.719229464829517 ], [ -106.13343553592594, 28.719768454 ], [ -106.133166041340701, 28.719768454 ], [ -106.133166041340701, 28.720037948585226 ], [ -106.13343553592594, 28.720037948585226 ], [ -106.13343553592594, 28.720576937755698 ] ] ] ] } },
{ "type": "Feature", "properties": { "ZONA_MET": "Chihuahua", "INTENSIDAD": "Intensa", "T_PROM_POL": 3.0, "T_MIN_CIUD": 1.0, "DIF_TERMIC": 2.0 }, "geometry": { "type": "MultiPolygon", "coordinates": [ [ [ [ -106.116996366226559, 28.720037948585226 ], [ -106.116187882470854, 28.720037948585226 ], [ -106.116187882470854, 28.719498959414754 ], [ -106.115918387885614, 28.719498959414754 ], [ -106.115918387885614, 28.719229464829517 ], [ -106.116457377056079, 28.719229464829517 ], [ -106.116457377056079, 28.718959970244281 ], [ -106.117804849982264, 28.718959970244281 ], [ -106.117804849982264, 28.719768454 ], [ -106.117535355397024, 28.719768454 ], [ -106.117535355397024, 28.719498959414754 ], [ -106.117265860811798, 28.719498959414754 ], [ -106.117265860811798, 28.719768454 ], [ -106.116996366226559, 28.719768454 ], [ -106.116996366226559, 28.720037948585226 ] ] ] ] } },
{ "type": "Feature", "properties": { "ZONA_MET": "Chihuahua", "INTENSIDAD": "Intensa", "T_PROM_POL": 3.0, "T_MIN_CIUD": 1.0, "DIF_TERMIC": 2.0 }, "geometry": { "type": "MultiPolygon", "coordinates": [ [ [ [ -105.99572380287043, 28.722732894437584 ], [ -105.99545430828519, 28.722732894437584 ], [ -105.99545430828519, 28.721654916096643 ], [ -105.99572380287043, 28.721654916096643 ], [ -105.99572380287043, 28.721385421511407 ], [ -105.995993297455655, 28.721385421511407 ], [ -105.995993297455655, 28.720846432340934 ], [ -105.996262792040895, 28.720846432340934 ], [ -105.996262792040895, 28.719768454 ], [ -105.99545430828519, 28.719768454 ], [ -105.99545430828519, 28.719229464829517 ], [ -105.9970712757966, 28.719229464829517 ], [ -105.9970712757966, 28.718959970244281 ], [ -105.99734077038184, 28.718959970244281 ], [ -105.99734077038184, 28.718690475659049 ], [ -105.997879759552305, 28.718690475659049 ], [ -105.997879759552305, 28.719229464829517 ], [ -105.998688243308024, 28.719229464829517 ], [ -105.998688243308024, 28.719768454 ], [ -105.998418748722784, 28.719768454 ], [ -105.998418748722784, 28.719498959414754 ], [ -105.997610264967079, 28.719498959414754 ], [ -105.997610264967079, 28.719229464829517 ], [ -105.99734077038184, 28.719229464829517 ], [ -105.99734077038184, 28.719768454 ], [ -105.9970712757966, 28.719768454 ], [ -105.9970712757966, 28.720037948585226 ], [ -105.996801781211374, 28.720037948585226 ], [ -105.996801781211374, 28.720576937755698 ], [ -105.996532286626135, 28.720576937755698 ], [ -105.996532286626135, 28.721115926926171 ], [ -105.996262792040895, 28.721115926926171 ], [ -105.996262792040895, 28.721924410681876 ], [ -105.995993297455655, 28.721924410681876 ], [ -105.995993297455655, 28.722193905267112 ], [ -105.99572380287043, 28.722193905267112 ], [ -105.99572380287043, 28.722732894437584 ] ] ] ] } },
{ "type": "Feature", "properties": { "ZONA_MET": "Chihuahua", "INTENSIDAD": "Intensa", "T_PROM_POL": 4.0, "T_MIN_CIUD": 1.0, "DIF_TERMIC": 2.0 }, "geometry": { "type": "MultiPolygon", "coordinates": [ [ [ [ -106.13370503051118, 28.721115926926171 ], [ -106.13343553592594, 28.721115926926171 ], [ -106.13343553592594, 28.720037948585226 ], [ -106.133166041340701, 28.720037948585226 ], [ -106.133166041340701, 28.719768454 ], [ -106.13343553592594, 28.719768454 ], [ -106.13343553592594, 28.719229464829517 ], [ -106.133166041340701, 28.719229464829517 ], [ -106.133166041340701, 28.718959970244281 ], [ -106.134783008852125, 28.718959970244281 ], [ -106.134783008852125, 28.718690475659049 ], [ -106.13532199802259, 28.718690475659049 ], [ -106.13532199802259, 28.718959970244281 ], [ -106.13559149260783, 28.718959970244281 ], [ -106.13559149260783, 28.719229464829517 ], [ -106.13586098719307, 28.719229464829517 ], [ -106.13586098719307, 28.718959970244281 ], [ -106.136399976363535, 28.718959970244281 ], [ -106.136399976363535, 28.719498959414754 ], [ -106.13559149260783, 28.719498959414754 ], [ -106.13559149260783, 28.719768454 ], [ -106.13532199802259, 28.719768454 ], [ -106.13532199802259, 28.720037948585226 ], [ -106.13586098719307, 28.720037948585226 ], [ -106.13586098719307, 28.720307443170462 ], [ -106.13559149260783, 28.720307443170462 ], [ -106.13559149260783, 28.720576937755698 ], [ -106.135052503437365, 28.720576937755698 ], [ -106.135052503437365, 28.720846432340934 ], [ -106.13370503051118, 28.720846432340934 ], [ -106.13370503051118, 28.721115926926171 ] ], [ [ -106.134513514266885, 28.719498959414754 ], [ -106.134513514266885, 28.719229464829517 ], [ -106.134244019681645, 28.719229464829517 ], [ -106.134244019681645, 28.719498959414754 ], [ -106.134513514266885, 28.719498959414754 ] ] ] ] } },
{ "type": "Feature", "properties": { "ZONA_MET": "Chihuahua", "INTENSIDAD": "Intensa", "T_PROM_POL": 3.0, "T_MIN_CIUD": 1.0, "DIF_TERMIC": 2.0 }, "geometry": { "type": "MultiPolygon", "coordinates": [ [ [ [ -106.08816044560632, 28.720846432340934 ], [ -106.08789095102108, 28.720846432340934 ], [ -106.08789095102108, 28.720576937755698 ], [ -106.087621456435855, 28.720576937755698 ], [ -106.087621456435855, 28.720037948585226 ], [ -106.087082467265375, 28.720037948585226 ], [ -106.087082467265375, 28.719498959414754 ], [ -106.086812972680136, 28.719498959414754 ], [ -106.086812972680136, 28.719229464829517 ], [ -106.08654347809491, 28.719229464829517 ], [ -106.08654347809491, 28.718420981073812 ], [ -106.08627398350967, 28.718420981073812 ], [ -106.08627398350967, 28.718151486488576 ], [ -106.086812972680136, 28.718151486488576 ], [ -106.086812972680136, 28.718420981073812 ], [ -106.087351961850615, 28.718420981073812 ], [ -106.087351961850615, 28.718690475659049 ], [ -106.087082467265375, 28.718690475659049 ], [ -106.087082467265375, 28.719229464829517 ], [ -106.087351961850615, 28.719229464829517 ], [ -106.087351961850615, 28.719498959414754 ], [ -106.087621456435855, 28.719498959414754 ], [ -106.087621456435855, 28.719768454 ], [ -106.08789095102108, 28.719768454 ], [ -106.08789095102108, 28.720037948585226 ], [ -106.08816044560632, 28.720037948585226 ], [ -106.08816044560632, 28.720846432340934 ] ] ] ] } },
{ "type": "Feature", "properties": { "ZONA_MET": "Chihuahua", "INTENSIDAD": "Extrema", "T_PROM_POL": 4.0, "T_MIN_CIUD": 1.0, "DIF_TERMIC": 2.0 }, "geometry": { "type": "MultiPolygon", "coordinates": [ [ [ [ -106.124003225442692, 28.718959970244281 ], [ -106.122116763346042, 28.718959970244281 ], [ -106.122116763346042, 28.718690475659049 ], [ -106.122386257931268, 28.718690475659049 ], [ -106.122386257931268, 28.718420981073812 ], [ -106.122655752516508, 28.718420981073812 ], [ -106.122655752516508, 28.718690475659049 ], [ -106.123194741686987, 28.718690475659049 ], [ -106.123194741686987, 28.718420981073812 ], [ -106.122925247101747, 28.718420981073812 ], [ -106.122925247101747, 28.718151486488576 ], [ -106.123464236272213, 28.718151486488576 ], [ -106.123464236272213, 28.71788199190334 ], [ -106.124003225442692, 28.71788199190334 ], [ -106.124003225442692, 28.718959970244281 ] ] ] ] } },
{ "type": "Feature", "properties": { "ZONA_MET": "Chihuahua", "INTENSIDAD": "Intensa", "T_PROM_POL": 3.0, "T_MIN_CIUD": 1.0, "DIF_TERMIC": 2.0 }, "geometry": { "type": "MultiPolygon", "coordinates": [ [ [ [ -106.108103044913776, 28.718959970244281 ], [ -106.107294561158071, 28.718959970244281 ], [ -106.107294561158071, 28.718690475659049 ], [ -106.106216582817126, 28.718690475659049 ], [ -106.106216582817126, 28.718959970244281 ], [ -106.105947088231886, 28.718959970244281 ], [ -106.105947088231886, 28.718690475659049 ], [ -106.105408099061421, 28.718690475659049 ], [ -106.105408099061421, 28.718420981073812 ], [ -106.106486077402351, 28.718420981073812 ], [ -106.106486077402351, 28.718151486488576 ], [ -106.106755571987591, 28.718151486488576 ], [ -106.106755571987591, 28.71788199190334 ], [ -106.107025066572831, 28.71788199190334 ], [ -106.107025066572831, 28.717612497318104 ], [ -106.107564055743296, 28.717612497318104 ], [ -106.107564055743296, 28.717073508147632 ], [ -106.108103044913776, 28.717073508147632 ], [ -106.108103044913776, 28.718151486488576 ], [ -106.108372539499015, 28.718151486488576 ], [ -106.108372539499015, 28.718420981073812 ], [ -106.108103044913776, 28.718420981073812 ], [ -106.108103044913776, 28.718959970244281 ] ] ] ] } },
{ "type": "Feature", "properties": { "ZONA_MET": "Chihuahua", "INTENSIDAD": "Extrema", "T_PROM_POL": 4.0, "T_MIN_CIUD": 1.0, "DIF_TERMIC": 2.0 }, "geometry": { "type": "MultiPolygon", "coordinates": [ [ [ [ -106.118343839152729, 28.718151486488576 ], [ -106.117535355397024, 28.718151486488576 ], [ -106.117535355397024, 28.71788199190334 ], [ -106.116996366226559, 28.71788199190334 ], [ -106.116996366226559, 28.717343002732868 ], [ -106.117265860811798, 28.717343002732868 ], [ -106.117265860811798, 28.716804013562395 ], [ -106.117804849982264, 28.716804013562395 ], [ -106.117804849982264, 28.716534518977159 ], [ -106.118343839152729, 28.716534518977159 ], [ -106.118343839152729, 28.716804013562395 ], [ -106.118613333737969, 28.716804013562395 ], [ -106.118613333737969, 28.717073508147632 ], [ -106.118882828323208, 28.717073508147632 ], [ -106.118882828323208, 28.71788199190334 ], [ -106.118343839152729, 28.71788199190334 ], [ -106.118343839152729, 28.718151486488576 ] ] ] ] } },
{ "type": "Feature", "properties": { "ZONA_MET": "Chihuahua", "INTENSIDAD": "Extrema", "T_PROM_POL": 4.0, "T_MIN_CIUD": 1.0, "DIF_TERMIC": 2.0 }, "geometry": { "type": "MultiPolygon", "coordinates": [ [ [ [ -106.105408099061421, 28.718420981073812 ], [ -106.105138604476181, 28.718420981073812 ], [ -106.105138604476181, 28.718151486488576 ], [ -106.104869109890942, 28.718151486488576 ], [ -106.104869109890942, 28.716804013562395 ], [ -106.105138604476181, 28.716804013562395 ], [ -106.105138604476181, 28.716534518977159 ], [ -106.106216582817126, 28.716534518977159 ], [ -106.106216582817126, 28.717073508147632 ], [ -106.106755571987591, 28.717073508147632 ], [ -106.106755571987591, 28.717612497318104 ], [ -106.106486077402351, 28.717612497318104 ], [ -106.106486077402351, 28.71788199190334 ], [ -106.105947088231886, 28.71788199190334 ], [ -106.105947088231886, 28.718151486488576 ], [ -106.105408099061421, 28.718151486488576 ], [ -106.105408099061421, 28.718420981073812 ] ] ] ] } },
{ "type": "Feature", "properties": { "ZONA_MET": "Chihuahua", "INTENSIDAD": "Intensa", "T_PROM_POL": 3.0, "T_MIN_CIUD": 1.0, "DIF_TERMIC": 2.0 }, "geometry": { "type": "MultiPolygon", "coordinates": [ [ [ [ -105.995993297455655, 28.718151486488576 ], [ -105.99545430828519, 28.718151486488576 ], [ -105.99545430828519, 28.71788199190334 ], [ -105.99518481369995, 28.71788199190334 ], [ -105.99518481369995, 28.717612497318104 ], [ -105.99545430828519, 28.717612497318104 ], [ -105.99545430828519, 28.717343002732868 ], [ -105.99572380287043, 28.717343002732868 ], [ -105.99572380287043, 28.717073508147632 ], [ -105.995993297455655, 28.717073508147632 ], [ -105.995993297455655, 28.716534518977159 ], [ -105.9970712757966, 28.716534518977159 ], [ -105.9970712757966, 28.717073508147632 ], [ -105.996532286626135, 28.717073508147632 ], [ -105.996532286626135, 28.717343002732868 ], [ -105.996262792040895, 28.717343002732868 ], [ -105.996262792040895, 28.717612497318104 ], [ -105.995993297455655, 28.717612497318104 ], [ -105.995993297455655, 28.718151486488576 ] ] ] ] } },
{ "type": "Feature", "properties": { "ZONA_MET": "Chihuahua", "INTENSIDAD": "Intensa", "T_PROM_POL": 3.0, "T_MIN_CIUD": 1.0, "DIF_TERMIC": 2.0 }, "geometry": { "type": "MultiPolygon", "coordinates": [ [ [ [ -106.124003225442692, 28.71788199190334 ], [ -106.123733730857452, 28.71788199190334 ], [ -106.123733730857452, 28.717073508147632 ], [ -106.123464236272213, 28.717073508147632 ], [ -106.123464236272213, 28.717343002732868 ], [ -106.122925247101747, 28.717343002732868 ], [ -106.122925247101747, 28.716534518977159 ], [ -106.123464236272213, 28.716534518977159 ], [ -106.123464236272213, 28.716804013562395 ], [ -106.123733730857452, 28.716804013562395 ], [ -106.123733730857452, 28.716265024391923 ], [ -106.124003225442692, 28.716265024391923 ], [ -106.124003225442692, 28.71788199190334 ] ] ] ] } },
{ "type": "Feature", "properties": { "ZONA_MET": "Chihuahua", "INTENSIDAD": "Intensa", "T_PROM_POL": 4.0, "T_MIN_CIUD": 1.0, "DIF_TERMIC": 2.0 }, "geometry": { "type": "MultiPolygon", "coordinates": [ [ [ [ -106.128045644221231, 28.72488885111947 ], [ -106.126159182124582, 28.72488885111947 ], [ -106.126159182124582, 28.724619356534237 ], [ -106.125889687539342, 28.724619356534237 ], [ -106.125889687539342, 28.724080367363765 ], [ -106.126698171295047, 28.724080367363765 ], [ -106.126698171295047, 28.723810872778529 ], [ -106.125889687539342, 28.723810872778529 ], [ -106.125889687539342, 28.723271883608056 ], [ -106.126428676709807, 28.723271883608056 ], [ -106.126428676709807, 28.723541378193293 ], [ -106.126698171295047, 28.723541378193293 ], [ -106.126698171295047, 28.722732894437584 ], [ -106.126428676709807, 28.722732894437584 ], [ -106.126428676709807, 28.722193905267112 ], [ -106.125350698368862, 28.722193905267112 ], [ -106.125350698368862, 28.721924410681876 ], [ -106.124811709198397, 28.721924410681876 ], [ -106.124811709198397, 28.720846432340934 ], [ -106.124542214613157, 28.720846432340934 ], [ -106.124542214613157, 28.720576937755698 ], [ -106.124272720027918, 28.720576937755698 ], [ -106.124272720027918, 28.720307443170462 ], [ -106.124003225442692, 28.720307443170462 ], [ -106.124003225442692, 28.719768454 ], [ -106.123464236272213, 28.719768454 ], [ -106.123464236272213, 28.719498959414754 ], [ -106.122655752516508, 28.719498959414754 ], [ -106.122655752516508, 28.719229464829517 ], [ -106.122116763346042, 28.719229464829517 ], [ -106.122116763346042, 28.718959970244281 ], [ -106.124811709198397, 28.718959970244281 ], [ -106.124811709198397, 28.718420981073812 ], [ -106.125081203783637, 28.718420981073812 ], [ -106.125081203783637, 28.71788199190334 ], [ -106.124811709198397, 28.71788199190334 ], [ -106.124811709198397, 28.717343002732868 ], [ -106.125081203783637, 28.717343002732868 ], [ -106.125081203783637, 28.717612497318104 ], [ -106.125620192954102, 28.717612497318104 ], [ -106.125620192954102, 28.71788199190334 ], [ -106.126159182124582, 28.71788199190334 ], [ -106.126159182124582, 28.718151486488576 ], [ -106.126428676709807, 28.718151486488576 ], [ -106.126428676709807, 28.718420981073812 ], [ -106.126967665880287, 28.718420981073812 ], [ -106.126967665880287, 28.71788199190334 ], [ -106.127237160465512, 28.71788199190334 ], [ -106.127237160465512, 28.717073508147632 ], [ -106.126159182124582, 28.717073508147632 ], [ -106.126159182124582, 28.716804013562395 ], [ -106.125889687539342, 28.716804013562395 ], [ -106.125889687539342, 28.716265024391923 ], [ -106.125620192954102, 28.716265024391923 ], [ -106.125620192954102, 28.715995529806687 ], [ -106.126159182124582, 28.715995529806687 ], [ -106.126159182124582, 28.716265024391923 ], [ -106.126428676709807, 28.716265024391923 ], [ -106.126428676709807, 28.716534518977159 ], [ -106.126698171295047, 28.716534518977159 ], [ -106.126698171295047, 28.716804013562395 ], [ -106.126967665880287, 28.716804013562395 ], [ -106.126967665880287, 28.716534518977159 ], [ -106.128045644221231, 28.716534518977159 ], [ -106.128045644221231, 28.718959970244281 ], [ -106.127237160465512, 28.718959970244281 ], [ -106.127237160465512, 28.719498959414754 ], [ -106.127506655050752, 28.719498959414754 ], [ -106.127506655050752, 28.719768454 ], [ -106.127776149635991, 28.719768454 ], [ -106.127776149635991, 28.720037948585226 ], [ -106.126159182124582, 28.720037948585226 ], [ -106.126159182124582, 28.720307443170462 ], [ -106.125889687539342, 28.720307443170462 ], [ -106.125889687539342, 28.721654916096643 ], [ -106.126428676709807, 28.721654916096643 ], [ -106.126428676709807, 28.721924410681876 ], [ -106.126967665880287, 28.721924410681876 ], [ -106.126967665880287, 28.721115926926171 ], [ -106.127506655050752, 28.721115926926171 ], [ -106.127506655050752, 28.721654916096643 ], [ -106.127776149635991, 28.721654916096643 ], [ -106.127776149635991, 28.722193905267112 ], [ -106.126967665880287, 28.722193905267112 ], [ -106.126967665880287, 28.722463399852348 ], [ -106.127506655050752, 28.722463399852348 ], [ -106.127506655050752, 28.722732894437584 ], [ -106.126967665880287, 28.722732894437584 ], [ -106.126967665880287, 28.72300238902282 ], [ -106.127237160465512, 28.72300238902282 ], [ -106.127237160465512, 28.723271883608056 ], [ -106.128045644221231, 28.723271883608056 ], [ -106.128045644221231, 28.72488885111947 ] ], [ [ -106.126428676709807, 28.724619356534237 ], [ -106.126428676709807, 28.724349861949001 ], [ -106.126159182124582, 28.724349861949001 ], [ -106.126159182124582, 28.724619356534237 ], [ -106.126428676709807, 28.724619356534237 ] ], [ [ -106.124542214613157, 28.720307443170462 ], [ -106.124542214613157, 28.720037948585226 ], [ -106.124272720027918, 28.720037948585226 ], [ -106.124272720027918, 28.720307443170462 ], [ -106.124542214613157, 28.720307443170462 ] ], [ [ -106.126159182124582, 28.720037948585226 ], [ -106.126159182124582, 28.718959970244281 ], [ -106.125889687539342, 28.718959970244281 ], [ -106.125889687539342, 28.719229464829517 ], [ -106.124811709198397, 28.719229464829517 ], [ -106.124811709198397, 28.719498959414754 ], [ -106.124542214613157, 28.719498959414754 ], [ -106.124542214613157, 28.719768454 ], [ -106.124811709198397, 28.719768454 ], [ -106.124811709198397, 28.720037948585226 ], [ -106.126159182124582, 28.720037948585226 ] ] ] ] } },
{ "type": "Feature", "properties": { "ZONA_MET": "Chihuahua", "INTENSIDAD": "Extrema", "T_PROM_POL": 4.0, "T_MIN_CIUD": 1.0, "DIF_TERMIC": 2.0 }, "geometry": { "type": "MultiPolygon", "coordinates": [ [ [ [ -106.126967665880287, 28.718420981073812 ], [ -106.126428676709807, 28.718420981073812 ], [ -106.126428676709807, 28.718151486488576 ], [ -106.126159182124582, 28.718151486488576 ], [ -106.126159182124582, 28.71788199190334 ], [ -106.125620192954102, 28.71788199190334 ], [ -106.125620192954102, 28.717612497318104 ], [ -106.125081203783637, 28.717612497318104 ], [ -106.125081203783637, 28.717343002732868 ], [ -106.124811709198397, 28.717343002732868 ], [ -106.124811709198397, 28.716265024391923 ], [ -106.125081203783637, 28.716265024391923 ], [ -106.125081203783637, 28.715995529806687 ], [ -106.125620192954102, 28.715995529806687 ], [ -106.125620192954102, 28.716265024391923 ], [ -106.125889687539342, 28.716265024391923 ], [ -106.125889687539342, 28.716804013562395 ], [ -106.126159182124582, 28.716804013562395 ], [ -106.126159182124582, 28.717073508147632 ], [ -106.127237160465512, 28.717073508147632 ], [ -106.127237160465512, 28.71788199190334 ], [ -106.126967665880287, 28.71788199190334 ], [ -106.126967665880287, 28.718420981073812 ] ] ] ] } },
{ "type": "Feature", "properties": { "ZONA_MET": "Chihuahua", "INTENSIDAD": "Intensa", "T_PROM_POL": 4.0, "T_MIN_CIUD": 1.0, "DIF_TERMIC": 2.0 }, "geometry": { "type": "MultiPolygon", "coordinates": [ [ [ [ -106.119960806664153, 28.719229464829517 ], [ -106.118882828323208, 28.719229464829517 ], [ -106.118882828323208, 28.718959970244281 ], [ -106.119691312078913, 28.718959970244281 ], [ -106.119691312078913, 28.718690475659049 ], [ -106.119152322908448, 28.718690475659049 ], [ -106.119152322908448, 28.718420981073812 ], [ -106.116996366226559, 28.718420981073812 ], [ -106.116996366226559, 28.71788199190334 ], [ -106.117535355397024, 28.71788199190334 ], [ -106.117535355397024, 28.718151486488576 ], [ -106.118343839152729, 28.718151486488576 ], [ -106.118343839152729, 28.71788199190334 ], [ -106.118882828323208, 28.71788199190334 ], [ -106.118882828323208, 28.717612497318104 ], [ -106.119421817493674, 28.717612497318104 ], [ -106.119421817493674, 28.71788199190334 ], [ -106.119691312078913, 28.71788199190334 ], [ -106.119691312078913, 28.717612497318104 ], [ -106.119960806664153, 28.717612497318104 ], [ -106.119960806664153, 28.71788199190334 ], [ -106.120230301249393, 28.71788199190334 ], [ -106.120230301249393, 28.718151486488576 ], [ -106.120499795834618, 28.718151486488576 ], [ -106.120499795834618, 28.71788199190334 ], [ -106.120769290419858, 28.71788199190334 ], [ -106.120769290419858, 28.717612497318104 ], [ -106.120230301249393, 28.717612497318104 ], [ -106.120230301249393, 28.717073508147632 ], [ -106.120769290419858, 28.717073508147632 ], [ -106.120769290419858, 28.717343002732868 ], [ -106.121847268760803, 28.717343002732868 ], [ -106.121847268760803, 28.717073508147632 ], [ -106.122386257931268, 28.717073508147632 ], [ -106.122386257931268, 28.715995529806687 ], [ -106.122655752516508, 28.715995529806687 ], [ -106.122655752516508, 28.717612497318104 ], [ -106.122386257931268, 28.717612497318104 ], [ -106.122386257931268, 28.71788199190334 ], [ -106.122655752516508, 28.71788199190334 ], [ -106.122655752516508, 28.718151486488576 ], [ -106.122925247101747, 28.718151486488576 ], [ -106.122925247101747, 28.718420981073812 ], [ -106.123194741686987, 28.718420981073812 ], [ -106.123194741686987, 28.718690475659049 ], [ -106.122655752516508, 28.718690475659049 ], [ -106.122655752516508, 28.718420981073812 ], [ -106.122386257931268, 28.718420981073812 ], [ -106.122386257931268, 28.718690475659049 ], [ -106.122116763346042, 28.718690475659049 ], [ -106.122116763346042, 28.718151486488576 ], [ -106.121847268760803, 28.718151486488576 ], [ -106.121847268760803, 28.71788199190334 ], [ -106.121038785005098, 28.71788199190334 ], [ -106.121038785005098, 28.718959970244281 ], [ -106.119960806664153, 28.718959970244281 ], [ -106.119960806664153, 28.719229464829517 ] ] ] ] } },
{ "type": "Feature", "properties": { "ZONA_MET": "Chihuahua", "INTENSIDAD": "Intensa", "T_PROM_POL": 4.0, "T_MIN_CIUD": 1.0, "DIF_TERMIC": 2.0 }, "geometry": { "type": "MultiPolygon", "coordinates": [ [ [ [ -106.11079799076613, 28.718151486488576 ], [ -106.109720012425186, 28.718151486488576 ], [ -106.109720012425186, 28.71788199190334 ], [ -106.110528496180891, 28.71788199190334 ], [ -106.110528496180891, 28.717343002732868 ], [ -106.110259001595665, 28.717343002732868 ], [ -106.110259001595665, 28.716804013562395 ], [ -106.110528496180891, 28.716804013562395 ], [ -106.110528496180891, 28.716534518977159 ], [ -106.11133697993661, 28.716534518977159 ], [ -106.11133697993661, 28.715995529806687 ], [ -106.111606474521835, 28.715995529806687 ], [ -106.111606474521835, 28.716265024391923 ], [ -106.111875969107075, 28.716265024391923 ], [ -106.111875969107075, 28.716534518977159 ], [ -106.11241495827754, 28.716534518977159 ], [ -106.11241495827754, 28.717073508147632 ], [ -106.11268445286278, 28.717073508147632 ], [ -106.11268445286278, 28.717343002732868 ], [ -106.11241495827754, 28.717343002732868 ], [ -106.11241495827754, 28.717612497318104 ], [ -106.111875969107075, 28.717612497318104 ], [ -106.111875969107075, 28.717073508147632 ], [ -106.11106748535137, 28.717073508147632 ], [ -106.11106748535137, 28.717343002732868 ], [ -106.11079799076613, 28.717343002732868 ], [ -106.11079799076613, 28.718151486488576 ] ] ] ] } },
{ "type": "Feature", "properties": { "ZONA_MET": "Chihuahua", "INTENSIDAD": "Extrema", "T_PROM_POL": 4.0, "T_MIN_CIUD": 1.0, "DIF_TERMIC": 2.0 }, "geometry": { "type": "MultiPolygon", "coordinates": [ [ [ [ -106.121847268760803, 28.717343002732868 ], [ -106.120769290419858, 28.717343002732868 ], [ -106.120769290419858, 28.717073508147632 ], [ -106.120230301249393, 28.717073508147632 ], [ -106.120230301249393, 28.715995529806687 ], [ -106.120499795834618, 28.715995529806687 ], [ -106.120499795834618, 28.715726035221451 ], [ -106.121847268760803, 28.715726035221451 ], [ -106.121847268760803, 28.715995529806687 ], [ -106.122386257931268, 28.715995529806687 ], [ -106.122386257931268, 28.717073508147632 ], [ -106.121847268760803, 28.717073508147632 ], [ -106.121847268760803, 28.717343002732868 ] ] ] ] } },
{ "type": "Feature", "properties": { "ZONA_MET": "Chihuahua", "INTENSIDAD": "Intensa", "T_PROM_POL": 3.0, "T_MIN_CIUD": 1.0, "DIF_TERMIC": 2.0 }, "geometry": { "type": "MultiPolygon", "coordinates": [ [ [ [ -105.998957737893249, 28.717073508147632 ], [ -105.998688243308024, 28.717073508147632 ], [ -105.998688243308024, 28.716804013562395 ], [ -105.998418748722784, 28.716804013562395 ], [ -105.998418748722784, 28.716265024391923 ], [ -105.998688243308024, 28.716265024391923 ], [ -105.998688243308024, 28.715995529806687 ], [ -105.998418748722784, 28.715995529806687 ], [ -105.998418748722784, 28.715726035221451 ], [ -105.998957737893249, 28.715726035221451 ], [ -105.998957737893249, 28.715456540636218 ], [ -105.999227232478489, 28.715456540636218 ], [ -105.999227232478489, 28.715726035221451 ], [ -106.000035716234194, 28.715726035221451 ], [ -106.000035716234194, 28.716265024391923 ], [ -105.999496727063729, 28.716265024391923 ], [ -105.999496727063729, 28.715995529806687 ], [ -105.999227232478489, 28.715995529806687 ], [ -105.999227232478489, 28.716534518977159 ], [ -105.998957737893249, 28.716534518977159 ], [ -105.998957737893249, 28.717073508147632 ] ] ] ] } },
{ "type": "Feature", "properties": { "ZONA_MET": "Chihuahua", "INTENSIDAD": "Intensa", "T_PROM_POL": 4.0, "T_MIN_CIUD": 1.0, "DIF_TERMIC": 2.0 }, "geometry": { "type": "MultiPolygon", "coordinates": [ [ [ [ -106.118882828323208, 28.717073508147632 ], [ -106.118613333737969, 28.717073508147632 ], [ -106.118613333737969, 28.716804013562395 ], [ -106.118343839152729, 28.716804013562395 ], [ -106.118343839152729, 28.716534518977159 ], [ -106.118074344567503, 28.716534518977159 ], [ -106.118074344567503, 28.716265024391923 ], [ -106.118343839152729, 28.716265024391923 ], [ -106.118343839152729, 28.715456540636218 ], [ -106.118613333737969, 28.715456540636218 ], [ -106.118613333737969, 28.715726035221451 ], [ -106.119691312078913, 28.715726035221451 ], [ -106.119691312078913, 28.715456540636218 ], [ -106.119960806664153, 28.715456540636218 ], [ -106.119960806664153, 28.715726035221451 ], [ -106.120499795834618, 28.715726035221451 ], [ -106.120499795834618, 28.715995529806687 ], [ -106.120230301249393, 28.715995529806687 ], [ -106.120230301249393, 28.716804013562395 ], [ -106.119691312078913, 28.716804013562395 ], [ -106.119691312078913, 28.716534518977159 ], [ -106.119421817493674, 28.716534518977159 ], [ -106.119421817493674, 28.716804013562395 ], [ -106.119152322908448, 28.716804013562395 ], [ -106.119152322908448, 28.716534518977159 ], [ -106.118882828323208, 28.716534518977159 ], [ -106.118882828323208, 28.717073508147632 ] ] ] ] } },
{ "type": "Feature", "properties": { "ZONA_MET": "Chihuahua", "INTENSIDAD": "Intensa", "T_PROM_POL": 4.0, "T_MIN_CIUD": 1.0, "DIF_TERMIC": 2.0 }, "geometry": { "type": "MultiPolygon", "coordinates": [ [ [ [ -106.136938965534014, 28.71788199190334 ], [ -106.136130481778295, 28.71788199190334 ], [ -106.136130481778295, 28.717343002732868 ], [ -106.13586098719307, 28.717343002732868 ], [ -106.13586098719307, 28.717073508147632 ], [ -106.136130481778295, 28.717073508147632 ], [ -106.136130481778295, 28.716804013562395 ], [ -106.13586098719307, 28.716804013562395 ], [ -106.13586098719307, 28.715456540636218 ], [ -106.13532199802259, 28.715456540636218 ], [ -106.13532199802259, 28.715995529806687 ], [ -106.135052503437365, 28.715995529806687 ], [ -106.135052503437365, 28.716265024391923 ], [ -106.134783008852125, 28.716265024391923 ], [ -106.134783008852125, 28.716534518977159 ], [ -106.134513514266885, 28.716534518977159 ], [ -106.134513514266885, 28.716265024391923 ], [ -106.13397452509642, 28.716265024391923 ], [ -106.13397452509642, 28.715995529806687 ], [ -106.134783008852125, 28.715995529806687 ], [ -106.134783008852125, 28.715187046050982 ], [ -106.135052503437365, 28.715187046050982 ], [ -106.135052503437365, 28.714917551465746 ], [ -106.13532199802259, 28.714917551465746 ], [ -106.13532199802259, 28.71464805688051 ], [ -106.13559149260783, 28.71464805688051 ], [ -106.13559149260783, 28.714917551465746 ], [ -106.136669470948775, 28.714917551465746 ], [ -106.136669470948775, 28.715187046050982 ], [ -106.136938965534014, 28.715187046050982 ], [ -106.136938965534014, 28.715995529806687 ], [ -106.13720846011924, 28.715995529806687 ], [ -106.13720846011924, 28.716804013562395 ], [ -106.13747795470448, 28.716804013562395 ], [ -106.13747795470448, 28.717073508147632 ], [ -106.13720846011924, 28.717073508147632 ], [ -106.13720846011924, 28.717612497318104 ], [ -106.136938965534014, 28.717612497318104 ], [ -106.136938965534014, 28.71788199190334 ] ], [ [ -106.136938965534014, 28.716534518977159 ], [ -106.136938965534014, 28.716265024391923 ], [ -106.136669470948775, 28.716265024391923 ], [ -106.136669470948775, 28.716534518977159 ], [ -106.136938965534014, 28.716534518977159 ] ] ] ] } },
{ "type": "Feature", "properties": { "ZONA_MET": "Chihuahua", "INTENSIDAD": "Intensa", "T_PROM_POL": 4.0, "T_MIN_CIUD": 1.0, "DIF_TERMIC": 2.0 }, "geometry": { "type": "MultiPolygon", "coordinates": [ [ [ [ -106.105138604476181, 28.716804013562395 ], [ -106.104869109890942, 28.716804013562395 ], [ -106.104869109890942, 28.715995529806687 ], [ -106.104599615305702, 28.715995529806687 ], [ -106.104599615305702, 28.715726035221451 ], [ -106.104330120720476, 28.715726035221451 ], [ -106.104330120720476, 28.715187046050982 ], [ -106.104869109890942, 28.715187046050982 ], [ -106.104869109890942, 28.714917551465746 ], [ -106.105138604476181, 28.714917551465746 ], [ -106.105138604476181, 28.71464805688051 ], [ -106.105947088231886, 28.71464805688051 ], [ -106.105947088231886, 28.715726035221451 ], [ -106.105408099061421, 28.715726035221451 ], [ -106.105408099061421, 28.715995529806687 ], [ -106.105138604476181, 28.715995529806687 ], [ -106.105138604476181, 28.716804013562395 ] ] ] ] } },
{ "type": "Feature", "properties": { "ZONA_MET": "Chihuahua", "INTENSIDAD": "Intensa", "T_PROM_POL": 3.0, "T_MIN_CIUD": 1.0, "DIF_TERMIC": 2.0 }, "geometry": { "type": "MultiPolygon", "coordinates": [ [ [ [ -106.008659542961752, 28.715187046050982 ], [ -106.008390048376512, 28.715187046050982 ], [ -106.008390048376512, 28.714917551465746 ], [ -106.007581564620807, 28.714917551465746 ], [ -106.007581564620807, 28.714109067710037 ], [ -106.007312070035567, 28.714109067710037 ], [ -106.007312070035567, 28.714378562295273 ], [ -106.007042575450328, 28.714378562295273 ], [ -106.007042575450328, 28.713570078539565 ], [ -106.007581564620807, 28.713570078539565 ], [ -106.007581564620807, 28.713839573124801 ], [ -106.007851059206033, 28.713839573124801 ], [ -106.007851059206033, 28.714109067710037 ], [ -106.008120553791272, 28.714109067710037 ], [ -106.008120553791272, 28.714378562295273 ], [ -106.008659542961752, 28.714378562295273 ], [ -106.008659542961752, 28.715187046050982 ] ] ] ] } },
{ "type": "Feature", "properties": { "ZONA_MET": "Chihuahua", "INTENSIDAD": "Intensa", "T_PROM_POL": 3.0, "T_MIN_CIUD": 1.0, "DIF_TERMIC": 2.0 }, "geometry": { "type": "MultiPolygon", "coordinates": [ [ [ [ -106.003808640427494, 28.715456540636218 ], [ -106.002730662086563, 28.715456540636218 ], [ -106.002730662086563, 28.715187046050982 ], [ -106.003269651257028, 28.715187046050982 ], [ -106.003269651257028, 28.713839573124801 ], [ -106.003539145842268, 28.713839573124801 ], [ -106.003539145842268, 28.713570078539565 ], [ -106.003808640427494, 28.713570078539565 ], [ -106.003808640427494, 28.713300583954329 ], [ -106.004078135012733, 28.713300583954329 ], [ -106.004078135012733, 28.714378562295273 ], [ -106.003808640427494, 28.714378562295273 ], [ -106.003808640427494, 28.71464805688051 ], [ -106.003539145842268, 28.71464805688051 ], [ -106.003539145842268, 28.715187046050982 ], [ -106.003808640427494, 28.715187046050982 ], [ -106.003808640427494, 28.715456540636218 ] ] ] ] } },
{ "type": "Feature", "properties": { "ZONA_MET": "Chihuahua", "INTENSIDAD": "Intensa", "T_PROM_POL": 4.0, "T_MIN_CIUD": 1.0, "DIF_TERMIC": 2.0 }, "geometry": { "type": "MultiPolygon", "coordinates": [ [ [ [ -106.010546005058401, 28.713570078539565 ], [ -106.010276510473162, 28.713570078539565 ], [ -106.010276510473162, 28.713300583954329 ], [ -106.010007015887922, 28.713300583954329 ], [ -106.010007015887922, 28.713031089369093 ], [ -106.009737521302682, 28.713031089369093 ], [ -106.009737521302682, 28.713300583954329 ], [ -106.009468026717457, 28.713300583954329 ], [ -106.009468026717457, 28.712761594783856 ], [ -106.009737521302682, 28.712761594783856 ], [ -106.009737521302682, 28.712492100198624 ], [ -106.010007015887922, 28.712492100198624 ], [ -106.010007015887922, 28.712222605613388 ], [ -106.010546005058401, 28.712222605613388 ], [ -106.010546005058401, 28.713570078539565 ] ] ] ] } },
{ "type": "Feature", "properties": { "ZONA_MET": "Chihuahua", "INTENSIDAD": "Intensa", "T_PROM_POL": 4.0, "T_MIN_CIUD": 1.0, "DIF_TERMIC": 2.0 }, "geometry": { "type": "MultiPolygon", "coordinates": [ [ [ [ -106.13397452509642, 28.714917551465746 ], [ -106.132896546755475, 28.714917551465746 ], [ -106.132896546755475, 28.714378562295273 ], [ -106.133166041340701, 28.714378562295273 ], [ -106.133166041340701, 28.714109067710037 ], [ -106.131818568414531, 28.714109067710037 ], [ -106.131818568414531, 28.713839573124801 ], [ -106.131010084658826, 28.713839573124801 ], [ -106.131010084658826, 28.713031089369093 ], [ -106.130740590073586, 28.713031089369093 ], [ -106.130740590073586, 28.712492100198624 ], [ -106.131010084658826, 28.712492100198624 ], [ -106.131010084658826, 28.711953111028151 ], [ -106.131818568414531, 28.711953111028151 ], [ -106.131818568414531, 28.712222605613388 ], [ -106.13208806299977, 28.712222605613388 ], [ -106.13208806299977, 28.712492100198624 ], [ -106.132627052170236, 28.712492100198624 ], [ -106.132627052170236, 28.713031089369093 ], [ -106.132896546755475, 28.713031089369093 ], [ -106.132896546755475, 28.713300583954329 ], [ -106.133166041340701, 28.713300583954329 ], [ -106.133166041340701, 28.713570078539565 ], [ -106.13343553592594, 28.713570078539565 ], [ -106.13343553592594, 28.714378562295273 ], [ -106.13370503051118, 28.714378562295273 ], [ -106.13370503051118, 28.71464805688051 ], [ -106.13397452509642, 28.71464805688051 ], [ -106.13397452509642, 28.714917551465746 ] ], [ [ -106.132896546755475, 28.713570078539565 ], [ -106.132896546755475, 28.713300583954329 ], [ -106.132627052170236, 28.713300583954329 ], [ -106.132627052170236, 28.713570078539565 ], [ -106.132896546755475, 28.713570078539565 ] ], [ [ -106.131818568414531, 28.713300583954329 ], [ -106.131818568414531, 28.712492100198624 ], [ -106.131279579244051, 28.712492100198624 ], [ -106.131279579244051, 28.712761594783856 ], [ -106.131549073829291, 28.712761594783856 ], [ -106.131549073829291, 28.713031089369093 ], [ -106.131279579244051, 28.713031089369093 ], [ -106.131279579244051, 28.713300583954329 ], [ -106.131818568414531, 28.713300583954329 ] ] ] ] } },
{ "type": "Feature", "properties": { "ZONA_MET": "Chihuahua", "INTENSIDAD": "Intensa", "T_PROM_POL": 3.0, "T_MIN_CIUD": 1.0, "DIF_TERMIC": 2.0 }, "geometry": { "type": "MultiPolygon", "coordinates": [ [ [ [ -106.129123622562176, 28.713031089369093 ], [ -106.127237160465512, 28.713031089369093 ], [ -106.127237160465512, 28.712761594783856 ], [ -106.127506655050752, 28.712761594783856 ], [ -106.127506655050752, 28.712492100198624 ], [ -106.127776149635991, 28.712492100198624 ], [ -106.127776149635991, 28.712222605613388 ], [ -106.128045644221231, 28.712222605613388 ], [ -106.128045644221231, 28.711953111028151 ], [ -106.128584633391696, 28.711953111028151 ], [ -106.128584633391696, 28.712492100198624 ], [ -106.128854127976936, 28.712492100198624 ], [ -106.128854127976936, 28.712761594783856 ], [ -106.129123622562176, 28.712761594783856 ], [ -106.129123622562176, 28.713031089369093 ] ] ] ] } },
{ "type": "Feature", "properties": { "ZONA_MET": "Chihuahua", "INTENSIDAD": "Extrema", "T_PROM_POL": 4.0, "T_MIN_CIUD": 1.0, "DIF_TERMIC": 2.0 }, "geometry": { "type": "MultiPolygon", "coordinates": [ [ [ [ -106.11295394744802, 28.712761594783856 ], [ -106.111875969107075, 28.712761594783856 ], [ -106.111875969107075, 28.711414121857679 ], [ -106.11241495827754, 28.711414121857679 ], [ -106.11241495827754, 28.711953111028151 ], [ -106.11295394744802, 28.711953111028151 ], [ -106.11295394744802, 28.712761594783856 ] ] ] ] } },
{ "type": "Feature", "properties": { "ZONA_MET": "Chihuahua", "INTENSIDAD": "Intensa", "T_PROM_POL": 3.0, "T_MIN_CIUD": 1.0, "DIF_TERMIC": 2.0 }, "geometry": { "type": "MultiPolygon", "coordinates": [ [ [ [ -106.126967665880287, 28.712761594783856 ], [ -106.126698171295047, 28.712761594783856 ], [ -106.126698171295047, 28.712222605613388 ], [ -106.126428676709807, 28.712222605613388 ], [ -106.126428676709807, 28.711953111028151 ], [ -106.126698171295047, 28.711953111028151 ], [ -106.126698171295047, 28.711144627272443 ], [ -106.126967665880287, 28.711144627272443 ], [ -106.126967665880287, 28.711414121857679 ], [ -106.127506655050752, 28.711414121857679 ], [ -106.127506655050752, 28.711683616442915 ], [ -106.128045644221231, 28.711683616442915 ], [ -106.128045644221231, 28.711953111028151 ], [ -106.127506655050752, 28.711953111028151 ], [ -106.127506655050752, 28.712222605613388 ], [ -106.126967665880287, 28.712222605613388 ], [ -106.126967665880287, 28.712761594783856 ] ] ] ] } },
{ "type": "Feature", "properties": { "ZONA_MET": "Chihuahua", "INTENSIDAD": "Intensa", "T_PROM_POL": 3.0, "T_MIN_CIUD": 1.0, "DIF_TERMIC": 2.0 }, "geometry": { "type": "MultiPolygon", "coordinates": [ [ [ [ -106.084926510583486, 28.713300583954329 ], [ -106.08465701599826, 28.713300583954329 ], [ -106.08465701599826, 28.712761594783856 ], [ -106.084387521413021, 28.712761594783856 ], [ -106.084387521413021, 28.712492100198624 ], [ -106.084118026827781, 28.712492100198624 ], [ -106.084118026827781, 28.712222605613388 ], [ -106.083848532242541, 28.712222605613388 ], [ -106.083848532242541, 28.711953111028151 ], [ -106.083579037657316, 28.711953111028151 ], [ -106.083579037657316, 28.711414121857679 ], [ -106.083309543072076, 28.711414121857679 ], [ -106.083309543072076, 28.711144627272443 ], [ -106.083040048486836, 28.711144627272443 ], [ -106.083040048486836, 28.710605638101971 ], [ -106.082770553901597, 28.710605638101971 ], [ -106.082770553901597, 28.710066648931498 ], [ -106.083040048486836, 28.710066648931498 ], [ -106.083040048486836, 28.710336143516734 ], [ -106.083309543072076, 28.710336143516734 ], [ -106.083309543072076, 28.710605638101971 ], [ -106.083579037657316, 28.710605638101971 ], [ -106.083579037657316, 28.711144627272443 ], [ -106.083848532242541, 28.711144627272443 ], [ -106.083848532242541, 28.711683616442915 ], [ -106.084118026827781, 28.711683616442915 ], [ -106.084118026827781, 28.711953111028151 ], [ -106.084387521413021, 28.711953111028151 ], [ -106.084387521413021, 28.712222605613388 ], [ -106.08465701599826, 28.712222605613388 ], [ -106.08465701599826, 28.712492100198624 ], [ -106.084926510583486, 28.712492100198624 ], [ -106.084926510583486, 28.713300583954329 ] ] ] ] } },
{ "type": "Feature", "properties": { "ZONA_MET": "Chihuahua", "INTENSIDAD": "Intensa", "T_PROM_POL": 4.0, "T_MIN_CIUD": 1.0, "DIF_TERMIC": 2.0 }, "geometry": { "type": "MultiPolygon", "coordinates": [ [ [ [ -106.145293297676318, 28.714378562295273 ], [ -106.145023803091078, 28.714378562295273 ], [ -106.145023803091078, 28.714109067710037 ], [ -106.143676330164908, 28.714109067710037 ], [ -106.143676330164908, 28.713839573124801 ], [ -106.143406835579668, 28.713839573124801 ], [ -106.143406835579668, 28.713300583954329 ], [ -106.142867846409203, 28.713300583954329 ], [ -106.142867846409203, 28.713570078539565 ], [ -106.142598351823963, 28.713570078539565 ], [ -106.142598351823963, 28.712761594783856 ], [ -106.142867846409203, 28.712761594783856 ], [ -106.142867846409203, 28.712222605613388 ], [ -106.142598351823963, 28.712222605613388 ], [ -106.142598351823963, 28.712492100198624 ], [ -106.142328857238724, 28.712492100198624 ], [ -106.142328857238724, 28.711953111028151 ], [ -106.142059362653484, 28.711953111028151 ], [ -106.142059362653484, 28.711414121857679 ], [ -106.142598351823963, 28.711414121857679 ], [ -106.142598351823963, 28.710066648931498 ], [ -106.143137340994429, 28.710066648931498 ], [ -106.143137340994429, 28.710605638101971 ], [ -106.143676330164908, 28.710605638101971 ], [ -106.143676330164908, 28.710066648931498 ], [ -106.144484813920613, 28.710066648931498 ], [ -106.144484813920613, 28.710605638101971 ], [ -106.144754308505853, 28.710605638101971 ], [ -106.144754308505853, 28.711144627272443 ], [ -106.144484813920613, 28.711144627272443 ], [ -106.144484813920613, 28.711953111028151 ], [ -106.145293297676318, 28.711953111028151 ], [ -106.145293297676318, 28.712492100198624 ], [ -106.145562792261558, 28.712492100198624 ], [ -106.145562792261558, 28.713300583954329 ], [ -106.145293297676318, 28.713300583954329 ], [ -106.145293297676318, 28.713570078539565 ], [ -106.145023803091078, 28.713570078539565 ], [ -106.145023803091078, 28.713839573124801 ], [ -106.145293297676318, 28.713839573124801 ], [ -106.145293297676318, 28.714378562295273 ] ], [ [ -106.144754308505853, 28.713570078539565 ], [ -106.144754308505853, 28.713031089369093 ], [ -106.144484813920613, 28.713031089369093 ], [ -106.144484813920613, 28.712492100198624 ], [ -106.144215319335373, 28.712492100198624 ], [ -106.144215319335373, 28.712222605613388 ], [ -106.143945824750148, 28.712222605613388 ], [ -106.143945824750148, 28.711953111028151 ], [ -106.143676330164908, 28.711953111028151 ], [ -106.143676330164908, 28.712222605613388 ], [ -106.143406835579668, 28.712222605613388 ], [ -106.143406835579668, 28.712761594783856 ], [ -106.143676330164908, 28.712761594783856 ], [ -106.143676330164908, 28.713300583954329 ], [ -106.144215319335373, 28.713300583954329 ], [ -106.144215319335373, 28.713570078539565 ], [ -106.144754308505853, 28.713570078539565 ] ], [ [ -106.143406835579668, 28.711414121857679 ], [ -106.143406835579668, 28.710875132687207 ], [ -106.143137340994429, 28.710875132687207 ], [ -106.143137340994429, 28.711414121857679 ], [ -106.143406835579668, 28.711414121857679 ] ] ] ] } },
{ "type": "Feature", "properties": { "ZONA_MET": "Chihuahua", "INTENSIDAD": "Intensa", "T_PROM_POL": 3.0, "T_MIN_CIUD": 1.0, "DIF_TERMIC": 2.0 }, "geometry": { "type": "MultiPolygon", "coordinates": [ [ [ [ -106.117535355397024, 28.710875132687207 ], [ -106.116187882470854, 28.710875132687207 ], [ -106.116187882470854, 28.710605638101971 ], [ -106.115918387885614, 28.710605638101971 ], [ -106.115918387885614, 28.710875132687207 ], [ -106.115648893300374, 28.710875132687207 ], [ -106.115648893300374, 28.710336143516734 ], [ -106.115379398715135, 28.710336143516734 ], [ -106.115379398715135, 28.710066648931498 ], [ -106.115109904129909, 28.710066648931498 ], [ -106.115109904129909, 28.709797154346262 ], [ -106.115648893300374, 28.709797154346262 ], [ -106.115648893300374, 28.710066648931498 ], [ -106.115918387885614, 28.710066648931498 ], [ -106.115918387885614, 28.710336143516734 ], [ -106.116187882470854, 28.710336143516734 ], [ -106.116187882470854, 28.709797154346262 ], [ -106.116457377056079, 28.709797154346262 ], [ -106.116457377056079, 28.710336143516734 ], [ -106.116726871641319, 28.710336143516734 ], [ -106.116726871641319, 28.710605638101971 ], [ -106.117535355397024, 28.710605638101971 ], [ -106.117535355397024, 28.710875132687207 ] ] ] ] } },
{ "type": "Feature", "properties": { "ZONA_MET": "Chihuahua", "INTENSIDAD": "Intensa", "T_PROM_POL": 3.0, "T_MIN_CIUD": 1.0, "DIF_TERMIC": 2.0 }, "geometry": { "type": "MultiPolygon", "coordinates": [ [ [ [ -106.000844199989899, 28.712761594783856 ], [ -106.000574705404674, 28.712761594783856 ], [ -106.000574705404674, 28.712492100198624 ], [ -106.000305210819434, 28.712492100198624 ], [ -106.000305210819434, 28.711953111028151 ], [ -106.000574705404674, 28.711953111028151 ], [ -106.000574705404674, 28.710605638101971 ], [ -106.000844199989899, 28.710605638101971 ], [ -106.000844199989899, 28.710875132687207 ], [ -106.001113694575139, 28.710875132687207 ], [ -106.001113694575139, 28.710605638101971 ], [ -106.001383189160379, 28.710605638101971 ], [ -106.001383189160379, 28.710875132687207 ], [ -106.001652683745618, 28.710875132687207 ], [ -106.001652683745618, 28.710605638101971 ], [ -106.001922178330844, 28.710605638101971 ], [ -106.001922178330844, 28.709797154346262 ], [ -106.002461167501323, 28.709797154346262 ], [ -106.002461167501323, 28.710066648931498 ], [ -106.003000156671789, 28.710066648931498 ], [ -106.003000156671789, 28.710605638101971 ], [ -106.002461167501323, 28.710605638101971 ], [ -106.002461167501323, 28.710875132687207 ], [ -106.002730662086563, 28.710875132687207 ], [ -106.002730662086563, 28.711144627272443 ], [ -106.001113694575139, 28.711144627272443 ], [ -106.001113694575139, 28.711953111028151 ], [ -106.000844199989899, 28.711953111028151 ], [ -106.000844199989899, 28.712761594783856 ] ] ] ] } },
{ "type": "Feature", "properties": { "ZONA_MET": "Chihuahua", "INTENSIDAD": "Intensa", "T_PROM_POL": 4.0, "T_MIN_CIUD": 1.0, "DIF_TERMIC": 2.0 }, "geometry": { "type": "MultiPolygon", "coordinates": [ [ [ [ -106.113762431203725, 28.716265024391923 ], [ -106.113492936618485, 28.716265024391923 ], [ -106.113492936618485, 28.715726035221451 ], [ -106.11295394744802, 28.715726035221451 ], [ -106.11295394744802, 28.715995529806687 ], [ -106.111875969107075, 28.715995529806687 ], [ -106.111875969107075, 28.714917551465746 ], [ -106.112145463692315, 28.714917551465746 ], [ -106.112145463692315, 28.71464805688051 ], [ -106.11295394744802, 28.71464805688051 ], [ -106.11295394744802, 28.714378562295273 ], [ -106.113492936618485, 28.714378562295273 ], [ -106.113492936618485, 28.714109067710037 ], [ -106.11295394744802, 28.714109067710037 ], [ -106.11295394744802, 28.713839573124801 ], [ -106.113492936618485, 28.713839573124801 ], [ -106.113492936618485, 28.713300583954329 ], [ -106.11295394744802, 28.713300583954329 ], [ -106.11295394744802, 28.713031089369093 ], [ -106.11106748535137, 28.713031089369093 ], [ -106.11106748535137, 28.712222605613388 ], [ -106.11133697993661, 28.712222605613388 ], [ -106.11133697993661, 28.711683616442915 ], [ -106.111606474521835, 28.711683616442915 ], [ -106.111606474521835, 28.711144627272443 ], [ -106.111875969107075, 28.711144627272443 ], [ -106.111875969107075, 28.710605638101971 ], [ -106.112145463692315, 28.710605638101971 ], [ -106.112145463692315, 28.710875132687207 ], [ -106.11295394744802, 28.710875132687207 ], [ -106.11295394744802, 28.711144627272443 ], [ -106.113223442033259, 28.711144627272443 ], [ -106.113223442033259, 28.710875132687207 ], [ -106.113492936618485, 28.710875132687207 ], [ -106.113492936618485, 28.710066648931498 ], [ -106.113762431203725, 28.710066648931498 ], [ -106.113762431203725, 28.709797154346262 ], [ -106.11457091495943, 28.709797154346262 ], [ -106.11457091495943, 28.710066648931498 ], [ -106.114031925788964, 28.710066648931498 ], [ -106.114031925788964, 28.710605638101971 ], [ -106.114301420374204, 28.710605638101971 ], [ -106.114301420374204, 28.710875132687207 ], [ -106.114031925788964, 28.710875132687207 ], [ -106.114031925788964, 28.711414121857679 ], [ -106.114301420374204, 28.711414121857679 ], [ -106.114301420374204, 28.711683616442915 ], [ -106.115648893300374, 28.711683616442915 ], [ -106.115648893300374, 28.712492100198624 ], [ -106.115379398715135, 28.712492100198624 ], [ -106.115379398715135, 28.712761594783856 ], [ -106.115109904129909, 28.712761594783856 ], [ -106.115109904129909, 28.713570078539565 ], [ -106.114301420374204, 28.713570078539565 ], [ -106.114301420374204, 28.712761594783856 ], [ -106.114031925788964, 28.712761594783856 ], [ -106.114031925788964, 28.713839573124801 ], [ -106.113762431203725, 28.713839573124801 ], [ -106.113762431203725, 28.714109067710037 ], [ -106.114301420374204, 28.714109067710037 ], [ -106.114301420374204, 28.715187046050982 ], [ -106.114031925788964, 28.715187046050982 ], [ -106.114031925788964, 28.715726035221451 ], [ -106.11457091495943, 28.715726035221451 ], [ -106.11457091495943, 28.715456540636218 ], [ -106.115109904129909, 28.715456540636218 ], [ -106.115109904129909, 28.71464805688051 ], [ -106.115379398715135, 28.71464805688051 ], [ -106.115379398715135, 28.714917551465746 ], [ -106.118074344567503, 28.714917551465746 ], [ -106.118074344567503, 28.715726035221451 ], [ -106.117804849982264, 28.715726035221451 ], [ -106.117804849982264, 28.715995529806687 ], [ -106.115918387885614, 28.715995529806687 ], [ -106.115918387885614, 28.715456540636218 ], [ -106.115648893300374, 28.715456540636218 ], [ -106.115648893300374, 28.715187046050982 ], [ -106.115379398715135, 28.715187046050982 ], [ -106.115379398715135, 28.715726035221451 ], [ -106.115109904129909, 28.715726035221451 ], [ -106.115109904129909, 28.715995529806687 ], [ -106.113762431203725, 28.715995529806687 ], [ -106.113762431203725, 28.716265024391923 ] ], [ [ -106.117804849982264, 28.715726035221451 ], [ -106.117804849982264, 28.715187046050982 ], [ -106.117535355397024, 28.715187046050982 ], [ -106.117535355397024, 28.715726035221451 ], [ -106.117804849982264, 28.715726035221451 ] ], [ [ -106.116996366226559, 28.715726035221451 ], [ -106.116996366226559, 28.715456540636218 ], [ -106.116187882470854, 28.715456540636218 ], [ -106.116187882470854, 28.715726035221451 ], [ -106.116996366226559, 28.715726035221451 ] ], [ [ -106.114840409544669, 28.713031089369093 ], [ -106.114840409544669, 28.712222605613388 ], [ -106.115109904129909, 28.712222605613388 ], [ -106.115109904129909, 28.711953111028151 ], [ -106.11457091495943, 28.711953111028151 ], [ -106.11457091495943, 28.712222605613388 ], [ -106.114301420374204, 28.712222605613388 ], [ -106.114301420374204, 28.712492100198624 ], [ -106.11457091495943, 28.712492100198624 ], [ -106.11457091495943, 28.713031089369093 ], [ -106.114840409544669, 28.713031089369093 ] ], [ [ -106.114031925788964, 28.712761594783856 ], [ -106.114031925788964, 28.712492100198624 ], [ -106.113762431203725, 28.712492100198624 ], [ -106.113762431203725, 28.712222605613388 ], [ -106.113492936618485, 28.712222605613388 ], [ -106.113492936618485, 28.712492100198624 ], [ -106.11295394744802, 28.712492100198624 ], [ -106.11295394744802, 28.711683616442915 ], [ -106.11241495827754, 28.711683616442915 ], [ -106.11241495827754, 28.711414121857679 ], [ -106.111875969107075, 28.711414121857679 ], [ -106.111875969107075, 28.712761594783856 ], [ -106.114031925788964, 28.712761594783856 ] ] ] ] } },
{ "type": "Feature", "properties": { "ZONA_MET": "Chihuahua", "INTENSIDAD": "Intensa", "T_PROM_POL": 4.0, "T_MIN_CIUD": 1.0, "DIF_TERMIC": 2.0 }, "geometry": { "type": "MultiPolygon", "coordinates": [ [ [ [ -106.008390048376512, 28.710605638101971 ], [ -106.007851059206033, 28.710605638101971 ], [ -106.007851059206033, 28.710066648931498 ], [ -106.007042575450328, 28.710066648931498 ], [ -106.007042575450328, 28.709797154346262 ], [ -106.006773080865088, 28.709797154346262 ], [ -106.006773080865088, 28.708988670590557 ], [ -106.007042575450328, 28.708988670590557 ], [ -106.007042575450328, 28.709258165175793 ], [ -106.007581564620807, 28.709258165175793 ], [ -106.007581564620807, 28.709527659761029 ], [ -106.008120553791272, 28.709527659761029 ], [ -106.008120553791272, 28.709797154346262 ], [ -106.008390048376512, 28.709797154346262 ], [ -106.008390048376512, 28.710605638101971 ] ] ] ] } },
{ "type": "Feature", "properties": { "ZONA_MET": "Chihuahua", "INTENSIDAD": "Intensa", "T_PROM_POL": 4.0, "T_MIN_CIUD": 1.0, "DIF_TERMIC": 2.0 }, "geometry": { "type": "MultiPolygon", "coordinates": [ [ [ [ -106.124542214613157, 28.711414121857679 ], [ -106.124003225442692, 28.711414121857679 ], [ -106.124003225442692, 28.711144627272443 ], [ -106.123464236272213, 28.711144627272443 ], [ -106.123464236272213, 28.710336143516734 ], [ -106.123733730857452, 28.710336143516734 ], [ -106.123733730857452, 28.710066648931498 ], [ -106.124003225442692, 28.710066648931498 ], [ -106.124003225442692, 28.709527659761029 ], [ -106.124272720027918, 28.709527659761029 ], [ -106.124272720027918, 28.709258165175793 ], [ -106.124542214613157, 28.709258165175793 ], [ -106.124542214613157, 28.708988670590557 ], [ -106.125350698368862, 28.708988670590557 ], [ -106.125350698368862, 28.709258165175793 ], [ -106.125620192954102, 28.709258165175793 ], [ -106.125620192954102, 28.709527659761029 ], [ -106.125350698368862, 28.709527659761029 ], [ -106.125350698368862, 28.709797154346262 ], [ -106.125081203783637, 28.709797154346262 ], [ -106.125081203783637, 28.709527659761029 ], [ -106.124542214613157, 28.709527659761029 ], [ -106.124542214613157, 28.709797154346262 ], [ -106.124272720027918, 28.709797154346262 ], [ -106.124272720027918, 28.710336143516734 ], [ -106.124003225442692, 28.710336143516734 ], [ -106.124003225442692, 28.710875132687207 ], [ -106.124272720027918, 28.710875132687207 ], [ -106.124272720027918, 28.711144627272443 ], [ -106.124542214613157, 28.711144627272443 ], [ -106.124542214613157, 28.711414121857679 ] ] ] ] } },
{ "type": "Feature", "properties": { "ZONA_MET": "Chihuahua", "INTENSIDAD": "Intensa", "T_PROM_POL": 4.0, "T_MIN_CIUD": 1.0, "DIF_TERMIC": 2.0 }, "geometry": { "type": "MultiPolygon", "coordinates": [ [ [ [ -106.019439326371185, 28.708180186834849 ], [ -106.018900337200705, 28.708180186834849 ], [ -106.018900337200705, 28.70737170307914 ], [ -106.019439326371185, 28.70737170307914 ], [ -106.019439326371185, 28.707102208493904 ], [ -106.01997831554165, 28.707102208493904 ], [ -106.01997831554165, 28.707641197664376 ], [ -106.020247810126889, 28.707641197664376 ], [ -106.020247810126889, 28.707910692249612 ], [ -106.019439326371185, 28.707910692249612 ], [ -106.019439326371185, 28.708180186834849 ] ] ] ] } },
{ "type": "Feature", "properties": { "ZONA_MET": "Chihuahua", "INTENSIDAD": "Intensa", "T_PROM_POL": 4.0, "T_MIN_CIUD": 1.0, "DIF_TERMIC": 2.0 }, "geometry": { "type": "MultiPolygon", "coordinates": [ [ [ [ -106.001113694575139, 28.70737170307914 ], [ -106.000035716234194, 28.70737170307914 ], [ -106.000035716234194, 28.706832713908668 ], [ -106.000305210819434, 28.706832713908668 ], [ -106.000305210819434, 28.706293724738199 ], [ -106.000574705404674, 28.706293724738199 ], [ -106.000574705404674, 28.705754735567726 ], [ -106.001113694575139, 28.705754735567726 ], [ -106.001113694575139, 28.705215746397254 ], [ -106.001383189160379, 28.705215746397254 ], [ -106.001383189160379, 28.706563219323435 ], [ -106.000844199989899, 28.706563219323435 ], [ -106.000844199989899, 28.706832713908668 ], [ -106.000574705404674, 28.706832713908668 ], [ -106.000574705404674, 28.707102208493904 ], [ -106.001113694575139, 28.707102208493904 ], [ -106.001113694575139, 28.70737170307914 ] ] ] ] } },
{ "type": "Feature", "properties": { "ZONA_MET": "Chihuahua", "INTENSIDAD": "Intensa", "T_PROM_POL": 3.0, "T_MIN_CIUD": 1.0, "DIF_TERMIC": 2.0 }, "geometry": { "type": "MultiPolygon", "coordinates": [ [ [ [ -106.122655752516508, 28.706832713908668 ], [ -106.122386257931268, 28.706832713908668 ], [ -106.122386257931268, 28.706024230152963 ], [ -106.122655752516508, 28.706024230152963 ], [ -106.122655752516508, 28.70548524098249 ], [ -106.122925247101747, 28.70548524098249 ], [ -106.122925247101747, 28.705215746397254 ], [ -106.124003225442692, 28.705215746397254 ], [ -106.124003225442692, 28.70548524098249 ], [ -106.123464236272213, 28.70548524098249 ], [ -106.123464236272213, 28.706024230152963 ], [ -106.123194741686987, 28.706024230152963 ], [ -106.123194741686987, 28.706293724738199 ], [ -106.122655752516508, 28.706293724738199 ], [ -106.122655752516508, 28.706832713908668 ] ], [ [ -106.123194741686987, 28.706024230152963 ], [ -106.123194741686987, 28.705754735567726 ], [ -106.122925247101747, 28.705754735567726 ], [ -106.122925247101747, 28.706024230152963 ], [ -106.123194741686987, 28.706024230152963 ] ] ] ] } },
{ "type": "Feature", "properties": { "ZONA_MET": "Chihuahua", "INTENSIDAD": "Intensa", "T_PROM_POL": 3.0, "T_MIN_CIUD": 1.0, "DIF_TERMIC": 2.0 }, "geometry": { "type": "MultiPolygon", "coordinates": [ [ [ [ -106.018900337200705, 28.707102208493904 ], [ -106.018630842615465, 28.707102208493904 ], [ -106.018630842615465, 28.706293724738199 ], [ -106.01836134803024, 28.706293724738199 ], [ -106.01836134803024, 28.706024230152963 ], [ -106.01782235885976, 28.706024230152963 ], [ -106.01782235885976, 28.70548524098249 ], [ -106.018091853445, 28.70548524098249 ], [ -106.018091853445, 28.705754735567726 ], [ -106.018630842615465, 28.705754735567726 ], [ -106.018630842615465, 28.705215746397254 ], [ -106.019169831785945, 28.705215746397254 ], [ -106.019169831785945, 28.70548524098249 ], [ -106.018900337200705, 28.70548524098249 ], [ -106.018900337200705, 28.705754735567726 ], [ -106.019169831785945, 28.705754735567726 ], [ -106.019169831785945, 28.706832713908668 ], [ -106.018900337200705, 28.706832713908668 ], [ -106.018900337200705, 28.707102208493904 ] ] ] ] } },
{ "type": "Feature", "properties": { "ZONA_MET": "Chihuahua", "INTENSIDAD": "Intensa", "T_PROM_POL": 4.0, "T_MIN_CIUD": 1.0, "DIF_TERMIC": 2.0 }, "geometry": { "type": "MultiPolygon", "coordinates": [ [ [ [ -106.028602142269193, 28.706293724738199 ], [ -106.028063153098728, 28.706293724738199 ], [ -106.028063153098728, 28.70548524098249 ], [ -106.028332647683968, 28.70548524098249 ], [ -106.028332647683968, 28.704676757226782 ], [ -106.028602142269193, 28.704676757226782 ], [ -106.028602142269193, 28.704407262641546 ], [ -106.028871636854433, 28.704407262641546 ], [ -106.028871636854433, 28.706024230152963 ], [ -106.028602142269193, 28.706024230152963 ], [ -106.028602142269193, 28.706293724738199 ] ] ] ] } },
{ "type": "Feature", "properties": { "ZONA_MET": "Chihuahua", "INTENSIDAD": "Intensa", "T_PROM_POL": 3.0, "T_MIN_CIUD": 1.0, "DIF_TERMIC": 2.0 }, "geometry": { "type": "MultiPolygon", "coordinates": [ [ [ [ -106.013779940081221, 28.704946251812018 ], [ -106.013240950910756, 28.704946251812018 ], [ -106.013240950910756, 28.704407262641546 ], [ -106.013510445495996, 28.704407262641546 ], [ -106.013510445495996, 28.704137768056309 ], [ -106.012701961740277, 28.704137768056309 ], [ -106.012701961740277, 28.703598778885841 ], [ -106.012971456325516, 28.703598778885841 ], [ -106.012971456325516, 28.703868273471073 ], [ -106.013779940081221, 28.703868273471073 ], [ -106.013779940081221, 28.703598778885841 ], [ -106.014318929251701, 28.703598778885841 ], [ -106.014318929251701, 28.703868273471073 ], [ -106.014049434666461, 28.703868273471073 ], [ -106.014049434666461, 28.704407262641546 ], [ -106.014318929251701, 28.704407262641546 ], [ -106.014318929251701, 28.704676757226782 ], [ -106.013779940081221, 28.704676757226782 ], [ -106.013779940081221, 28.704946251812018 ] ] ] ] } },
{ "type": "Feature", "properties": { "ZONA_MET": "Chihuahua", "INTENSIDAD": "Intensa", "T_PROM_POL": 4.0, "T_MIN_CIUD": 1.0, "DIF_TERMIC": 2.0 }, "geometry": { "type": "MultiPolygon", "coordinates": [ [ [ [ -106.008120553791272, 28.705754735567726 ], [ -106.007851059206033, 28.705754735567726 ], [ -106.007851059206033, 28.70548524098249 ], [ -106.007581564620807, 28.70548524098249 ], [ -106.007581564620807, 28.705215746397254 ], [ -106.007312070035567, 28.705215746397254 ], [ -106.007312070035567, 28.704407262641546 ], [ -106.007581564620807, 28.704407262641546 ], [ -106.007581564620807, 28.703868273471073 ], [ -106.008120553791272, 28.703868273471073 ], [ -106.008120553791272, 28.703598778885841 ], [ -106.008390048376512, 28.703598778885841 ], [ -106.008390048376512, 28.703329284300604 ], [ -106.008659542961752, 28.703329284300604 ], [ -106.008659542961752, 28.703868273471073 ], [ -106.008929037546977, 28.703868273471073 ], [ -106.008929037546977, 28.704407262641546 ], [ -106.009468026717457, 28.704407262641546 ], [ -106.009468026717457, 28.704946251812018 ], [ -106.008929037546977, 28.704946251812018 ], [ -106.008929037546977, 28.704676757226782 ], [ -106.008659542961752, 28.704676757226782 ], [ -106.008659542961752, 28.704946251812018 ], [ -106.008390048376512, 28.704946251812018 ], [ -106.008390048376512, 28.705215746397254 ], [ -106.008120553791272, 28.705215746397254 ], [ -106.008120553791272, 28.705754735567726 ] ], [ [ -106.008390048376512, 28.704676757226782 ], [ -106.008390048376512, 28.704407262641546 ], [ -106.008120553791272, 28.704407262641546 ], [ -106.008120553791272, 28.704676757226782 ], [ -106.008390048376512, 28.704676757226782 ] ] ] ] } },
{ "type": "Feature", "properties": { "ZONA_MET": "Chihuahua", "INTENSIDAD": "Intensa", "T_PROM_POL": 3.0, "T_MIN_CIUD": 1.0, "DIF_TERMIC": 2.0 }, "geometry": { "type": "MultiPolygon", "coordinates": [ [ [ [ -106.13343553592594, 28.703329284300604 ], [ -106.133166041340701, 28.703329284300604 ], [ -106.133166041340701, 28.703059789715368 ], [ -106.132627052170236, 28.703059789715368 ], [ -106.132627052170236, 28.70225130595966 ], [ -106.132357557584996, 28.70225130595966 ], [ -106.132357557584996, 28.701712316789187 ], [ -106.132627052170236, 28.701712316789187 ], [ -106.132627052170236, 28.701442822203951 ], [ -106.133166041340701, 28.701442822203951 ], [ -106.133166041340701, 28.702790295130132 ], [ -106.13343553592594, 28.702790295130132 ], [ -106.13343553592594, 28.703329284300604 ] ] ] ] } },
{ "type": "Feature", "properties": { "ZONA_MET": "Chihuahua", "INTENSIDAD": "Intensa", "T_PROM_POL": 3.0, "T_MIN_CIUD": 1.0, "DIF_TERMIC": 2.0 }, "geometry": { "type": "MultiPolygon", "coordinates": [ [ [ [ -106.003269651257028, 28.708719176005321 ], [ -106.003000156671789, 28.708719176005321 ], [ -106.003000156671789, 28.707910692249612 ], [ -106.003269651257028, 28.707910692249612 ], [ -106.003269651257028, 28.70737170307914 ], [ -106.003539145842268, 28.70737170307914 ], [ -106.003539145842268, 28.706832713908668 ], [ -106.003808640427494, 28.706832713908668 ], [ -106.003808640427494, 28.706563219323435 ], [ -106.004078135012733, 28.706563219323435 ], [ -106.004078135012733, 28.705754735567726 ], [ -106.004347629597973, 28.705754735567726 ], [ -106.004347629597973, 28.70548524098249 ], [ -106.004617124183213, 28.70548524098249 ], [ -106.004617124183213, 28.704946251812018 ], [ -106.004886618768438, 28.704946251812018 ], [ -106.004886618768438, 28.703868273471073 ], [ -106.005425607938918, 28.703868273471073 ], [ -106.005425607938918, 28.703059789715368 ], [ -106.005964597109383, 28.703059789715368 ], [ -106.005964597109383, 28.701981811374424 ], [ -106.005695102524157, 28.701981811374424 ], [ -106.005695102524157, 28.701712316789187 ], [ -106.004886618768438, 28.701712316789187 ], [ -106.004886618768438, 28.700903833033479 ], [ -106.004617124183213, 28.700903833033479 ], [ -106.004617124183213, 28.700634338448246 ], [ -106.005964597109383, 28.700634338448246 ], [ -106.005964597109383, 28.701173327618715 ], [ -106.005425607938918, 28.701173327618715 ], [ -106.005425607938918, 28.701442822203951 ], [ -106.005964597109383, 28.701442822203951 ], [ -106.005964597109383, 28.701712316789187 ], [ -106.006234091694623, 28.701712316789187 ], [ -106.006234091694623, 28.701981811374424 ], [ -106.006503586279862, 28.701981811374424 ], [ -106.006503586279862, 28.70225130595966 ], [ -106.006773080865088, 28.70225130595966 ], [ -106.006773080865088, 28.702790295130132 ], [ -106.007042575450328, 28.702790295130132 ], [ -106.007042575450328, 28.701981811374424 ], [ -106.007581564620807, 28.701981811374424 ], [ -106.007581564620807, 28.70225130595966 ], [ -106.007312070035567, 28.70225130595966 ], [ -106.007312070035567, 28.702520800544896 ], [ -106.007581564620807, 28.702520800544896 ], [ -106.007581564620807, 28.702790295130132 ], [ -106.008120553791272, 28.702790295130132 ], [ -106.008120553791272, 28.702520800544896 ], [ -106.008390048376512, 28.702520800544896 ], [ -106.008390048376512, 28.703059789715368 ], [ -106.008120553791272, 28.703059789715368 ], [ -106.008120553791272, 28.703598778885841 ], [ -106.007312070035567, 28.703598778885841 ], [ -106.007312070035567, 28.703868273471073 ], [ -106.007042575450328, 28.703868273471073 ], [ -106.007042575450328, 28.704407262641546 ], [ -106.006773080865088, 28.704407262641546 ], [ -106.006773080865088, 28.703868273471073 ], [ -106.006503586279862, 28.703868273471073 ], [ -106.006503586279862, 28.704407262641546 ], [ -106.006234091694623, 28.704407262641546 ], [ -106.006234091694623, 28.704676757226782 ], [ -106.005695102524157, 28.704676757226782 ], [ -106.005695102524157, 28.704137768056309 ], [ -106.005425607938918, 28.704137768056309 ], [ -106.005425607938918, 28.704946251812018 ], [ -106.005964597109383, 28.704946251812018 ], [ -106.005964597109383, 28.706024230152963 ], [ -106.005425607938918, 28.706024230152963 ], [ -106.005425607938918, 28.70548524098249 ], [ -106.004886618768438, 28.70548524098249 ], [ -106.004886618768438, 28.705754735567726 ], [ -106.004617124183213, 28.705754735567726 ], [ -106.004617124183213, 28.706563219323435 ], [ -106.004347629597973, 28.706563219323435 ], [ -106.004347629597973, 28.706832713908668 ], [ -106.004078135012733, 28.706832713908668 ], [ -106.004078135012733, 28.70737170307914 ], [ -106.003808640427494, 28.70737170307914 ], [ -106.003808640427494, 28.707641197664376 ], [ -106.003539145842268, 28.707641197664376 ], [ -106.003539145842268, 28.708449681420085 ], [ -106.003269651257028, 28.708449681420085 ], [ -106.003269651257028, 28.708719176005321 ] ], [ [ -106.006234091694623, 28.703868273471073 ], [ -106.006234091694623, 28.703598778885841 ], [ -106.005964597109383, 28.703598778885841 ], [ -106.005964597109383, 28.703868273471073 ], [ -106.006234091694623, 28.703868273471073 ] ], [ [ -106.007042575450328, 28.703598778885841 ], [ -106.007042575450328, 28.703329284300604 ], [ -106.006503586279862, 28.703329284300604 ], [ -106.006503586279862, 28.703598778885841 ], [ -106.007042575450328, 28.703598778885841 ] ], [ [ -106.007851059206033, 28.703329284300604 ], [ -106.007851059206033, 28.703059789715368 ], [ -106.007312070035567, 28.703059789715368 ], [ -106.007312070035567, 28.703329284300604 ], [ -106.007851059206033, 28.703329284300604 ] ], [ [ -106.006773080865088, 28.703059789715368 ], [ -106.006773080865088, 28.702790295130132 ], [ -106.006234091694623, 28.702790295130132 ], [ -106.006234091694623, 28.703059789715368 ], [ -106.006773080865088, 28.703059789715368 ] ] ] ] } },
{ "type": "Feature", "properties": { "ZONA_MET": "Chihuahua", "INTENSIDAD": "Extrema", "T_PROM_POL": 4.0, "T_MIN_CIUD": 1.0, "DIF_TERMIC": 2.0 }, "geometry": { "type": "MultiPolygon", "coordinates": [ [ [ [ -106.030758098951083, 28.701442822203951 ], [ -106.030219109780617, 28.701442822203951 ], [ -106.030219109780617, 28.701173327618715 ], [ -106.029949615195378, 28.701173327618715 ], [ -106.029949615195378, 28.700903833033479 ], [ -106.029410626024912, 28.700903833033479 ], [ -106.029410626024912, 28.700634338448246 ], [ -106.029680120610138, 28.700634338448246 ], [ -106.029680120610138, 28.70036484386301 ], [ -106.029410626024912, 28.70036484386301 ], [ -106.029410626024912, 28.700095349277774 ], [ -106.029949615195378, 28.700095349277774 ], [ -106.029949615195378, 28.70036484386301 ], [ -106.030219109780617, 28.70036484386301 ], [ -106.030219109780617, 28.700634338448246 ], [ -106.030488604365843, 28.700634338448246 ], [ -106.030488604365843, 28.700903833033479 ], [ -106.030758098951083, 28.700903833033479 ], [ -106.030758098951083, 28.701442822203951 ] ] ] ] } },
{ "type": "Feature", "properties": { "ZONA_MET": "Chihuahua", "INTENSIDAD": "Intensa", "T_PROM_POL": 3.0, "T_MIN_CIUD": 1.0, "DIF_TERMIC": 2.0 }, "geometry": { "type": "MultiPolygon", "coordinates": [ [ [ [ -106.013240950910756, 28.701442822203951 ], [ -106.012701961740277, 28.701442822203951 ], [ -106.012701961740277, 28.70036484386301 ], [ -106.012162972569811, 28.70036484386301 ], [ -106.012162972569811, 28.700095349277774 ], [ -106.011893477984572, 28.700095349277774 ], [ -106.011893477984572, 28.699825854692538 ], [ -106.012432467155051, 28.699825854692538 ], [ -106.012432467155051, 28.700095349277774 ], [ -106.012701961740277, 28.700095349277774 ], [ -106.012701961740277, 28.699825854692538 ], [ -106.012971456325516, 28.699825854692538 ], [ -106.012971456325516, 28.700095349277774 ], [ -106.013240950910756, 28.700095349277774 ], [ -106.013240950910756, 28.701442822203951 ] ] ] ] } },
{ "type": "Feature", "properties": { "ZONA_MET": "Chihuahua", "INTENSIDAD": "Intensa", "T_PROM_POL": 4.0, "T_MIN_CIUD": 1.0, "DIF_TERMIC": 2.0 }, "geometry": { "type": "MultiPolygon", "coordinates": [ [ [ [ -106.032914055632972, 28.700634338448246 ], [ -106.032644561047732, 28.700634338448246 ], [ -106.032644561047732, 28.700095349277774 ], [ -106.032105571877267, 28.700095349277774 ], [ -106.032105571877267, 28.699556360107302 ], [ -106.031566582706787, 28.699556360107302 ], [ -106.031566582706787, 28.699286865522065 ], [ -106.032105571877267, 28.699286865522065 ], [ -106.032105571877267, 28.698747876351593 ], [ -106.032375066462507, 28.698747876351593 ], [ -106.032375066462507, 28.699017370936829 ], [ -106.032644561047732, 28.699017370936829 ], [ -106.032644561047732, 28.699556360107302 ], [ -106.032914055632972, 28.699556360107302 ], [ -106.032914055632972, 28.700634338448246 ] ] ] ] } },
{ "type": "Feature", "properties": { "ZONA_MET": "Chihuahua", "INTENSIDAD": "Intensa", "T_PROM_POL": 3.0, "T_MIN_CIUD": 1.0, "DIF_TERMIC": 2.0 }, "geometry": { "type": "MultiPolygon", "coordinates": [ [ [ [ -106.100557196527163, 28.699556360107302 ], [ -106.097862250674808, 28.699556360107302 ], [ -106.097862250674808, 28.699286865522065 ], [ -106.098131745260048, 28.699286865522065 ], [ -106.098131745260048, 28.699017370936829 ], [ -106.099209723600993, 28.699017370936829 ], [ -106.099209723600993, 28.698747876351593 ], [ -106.099748712771458, 28.698747876351593 ], [ -106.099748712771458, 28.699286865522065 ], [ -106.100557196527163, 28.699286865522065 ], [ -106.100557196527163, 28.699556360107302 ] ] ] ] } },
{ "type": "Feature", "properties": { "ZONA_MET": "Chihuahua", "INTENSIDAD": "Intensa", "T_PROM_POL": 3.0, "T_MIN_CIUD": 1.0, "DIF_TERMIC": 2.0 }, "geometry": { "type": "MultiPolygon", "coordinates": [ [ [ [ -106.007581564620807, 28.700634338448246 ], [ -106.007312070035567, 28.700634338448246 ], [ -106.007312070035567, 28.699825854692538 ], [ -106.007581564620807, 28.699825854692538 ], [ -106.007581564620807, 28.699017370936829 ], [ -106.008120553791272, 28.699017370936829 ], [ -106.008120553791272, 28.698747876351593 ], [ -106.008390048376512, 28.698747876351593 ], [ -106.008390048376512, 28.698208887181121 ], [ -106.008659542961752, 28.698208887181121 ], [ -106.008659542961752, 28.698747876351593 ], [ -106.008929037546977, 28.698747876351593 ], [ -106.008929037546977, 28.699286865522065 ], [ -106.008659542961752, 28.699286865522065 ], [ -106.008659542961752, 28.699017370936829 ], [ -106.008390048376512, 28.699017370936829 ], [ -106.008390048376512, 28.699286865522065 ], [ -106.008120553791272, 28.699286865522065 ], [ -106.008120553791272, 28.700095349277774 ], [ -106.007851059206033, 28.700095349277774 ], [ -106.007851059206033, 28.70036484386301 ], [ -106.007581564620807, 28.70036484386301 ], [ -106.007581564620807, 28.700634338448246 ] ] ] ] } },
{ "type": "Feature", "properties": { "ZONA_MET": "Chihuahua", "INTENSIDAD": "Intensa", "T_PROM_POL": 4.0, "T_MIN_CIUD": 1.0, "DIF_TERMIC": 2.0 }, "geometry": { "type": "MultiPolygon", "coordinates": [ [ [ [ -106.027524163928248, 28.698747876351593 ], [ -106.026985174757783, 28.698747876351593 ], [ -106.026985174757783, 28.698478381766357 ], [ -106.026715680172543, 28.698478381766357 ], [ -106.026715680172543, 28.698747876351593 ], [ -106.026176691002078, 28.698747876351593 ], [ -106.026176691002078, 28.698478381766357 ], [ -106.025907196416838, 28.698478381766357 ], [ -106.025907196416838, 28.697669898010652 ], [ -106.026446185587318, 28.697669898010652 ], [ -106.026446185587318, 28.697939392595885 ], [ -106.027524163928248, 28.697939392595885 ], [ -106.027524163928248, 28.698208887181121 ], [ -106.027254669343023, 28.698208887181121 ], [ -106.027254669343023, 28.698478381766357 ], [ -106.027524163928248, 28.698478381766357 ], [ -106.027524163928248, 28.698747876351593 ] ] ] ] } },
{ "type": "Feature", "properties": { "ZONA_MET": "Chihuahua", "INTENSIDAD": "Intensa", "T_PROM_POL": 4.0, "T_MIN_CIUD": 1.0, "DIF_TERMIC": 2.0 }, "geometry": { "type": "MultiPolygon", "coordinates": [ [ [ [ -106.025098712661134, 28.697939392595885 ], [ -106.024829218075894, 28.697939392595885 ], [ -106.024829218075894, 28.697669898010652 ], [ -106.024559723490654, 28.697669898010652 ], [ -106.024559723490654, 28.697400403425416 ], [ -106.024290228905429, 28.697400403425416 ], [ -106.024290228905429, 28.69713090884018 ], [ -106.023751239734949, 28.69713090884018 ], [ -106.023751239734949, 28.696861414254943 ], [ -106.023212250564484, 28.696861414254943 ], [ -106.023212250564484, 28.696591919669707 ], [ -106.023481745149724, 28.696591919669707 ], [ -106.023481745149724, 28.696322425084471 ], [ -106.023751239734949, 28.696322425084471 ], [ -106.023751239734949, 28.696052930499235 ], [ -106.024290228905429, 28.696052930499235 ], [ -106.024290228905429, 28.696322425084471 ], [ -106.024559723490654, 28.696322425084471 ], [ -106.024559723490654, 28.696861414254943 ], [ -106.025098712661134, 28.696861414254943 ], [ -106.025098712661134, 28.69713090884018 ], [ -106.025368207246373, 28.69713090884018 ], [ -106.025368207246373, 28.697400403425416 ], [ -106.025907196416838, 28.697400403425416 ], [ -106.025907196416838, 28.697669898010652 ], [ -106.025098712661134, 28.697669898010652 ], [ -106.025098712661134, 28.697939392595885 ] ] ] ] } },
{ "type": "Feature", "properties": { "ZONA_MET": "Chihuahua", "INTENSIDAD": "Intensa", "T_PROM_POL": 4.0, "T_MIN_CIUD": 1.0, "DIF_TERMIC": 2.0 }, "geometry": { "type": "MultiPolygon", "coordinates": [ [ [ [ -106.006234091694623, 28.696322425084471 ], [ -106.005695102524157, 28.696322425084471 ], [ -106.005695102524157, 28.696052930499235 ], [ -106.005964597109383, 28.696052930499235 ], [ -106.005964597109383, 28.695783435913999 ], [ -106.006234091694623, 28.695783435913999 ], [ -106.006234091694623, 28.694705457573054 ], [ -106.006503586279862, 28.694705457573054 ], [ -106.006503586279862, 28.69497495215829 ], [ -106.006773080865088, 28.69497495215829 ], [ -106.006773080865088, 28.695244446743526 ], [ -106.007042575450328, 28.695244446743526 ], [ -106.007042575450328, 28.695513941328763 ], [ -106.007581564620807, 28.695513941328763 ], [ -106.007581564620807, 28.695783435913999 ], [ -106.007312070035567, 28.695783435913999 ], [ -106.007312070035567, 28.696052930499235 ], [ -106.007042575450328, 28.696052930499235 ], [ -106.007042575450328, 28.695783435913999 ], [ -106.006503586279862, 28.695783435913999 ], [ -106.006503586279862, 28.696052930499235 ], [ -106.006234091694623, 28.696052930499235 ], [ -106.006234091694623, 28.696322425084471 ] ] ] ] } },
{ "type": "Feature", "properties": { "ZONA_MET": "Chihuahua", "INTENSIDAD": "Intensa", "T_PROM_POL": 3.0, "T_MIN_CIUD": 1.0, "DIF_TERMIC": 2.0 }, "geometry": { "type": "MultiPolygon", "coordinates": [ [ [ [ -106.01782235885976, 28.694705457573054 ], [ -106.017552864274535, 28.694705457573054 ], [ -106.017552864274535, 28.694435962987821 ], [ -106.017013875104055, 28.694435962987821 ], [ -106.017013875104055, 28.694166468402585 ], [ -106.016744380518816, 28.694166468402585 ], [ -106.016744380518816, 28.693896973817349 ], [ -106.017283369689295, 28.693896973817349 ], [ -106.017283369689295, 28.693357984646877 ], [ -106.017552864274535, 28.693357984646877 ], [ -106.017552864274535, 28.693627479232113 ], [ -106.018091853445, 28.693627479232113 ], [ -106.018091853445, 28.694435962987821 ], [ -106.01782235885976, 28.694435962987821 ], [ -106.01782235885976, 28.694705457573054 ] ], [ [ -106.017552864274535, 28.694166468402585 ], [ -106.017552864274535, 28.693896973817349 ], [ -106.017283369689295, 28.693896973817349 ], [ -106.017283369689295, 28.694166468402585 ], [ -106.017552864274535, 28.694166468402585 ] ] ] ] } },
{ "type": "Feature", "properties": { "ZONA_MET": "Chihuahua", "INTENSIDAD": "Intensa", "T_PROM_POL": 4.0, "T_MIN_CIUD": 1.0, "DIF_TERMIC": 2.0 }, "geometry": { "type": "MultiPolygon", "coordinates": [ [ [ [ -106.078728135123072, 28.693627479232113 ], [ -106.078189145952592, 28.693627479232113 ], [ -106.078189145952592, 28.693088490061641 ], [ -106.078728135123072, 28.693088490061641 ], [ -106.078728135123072, 28.692549500891168 ], [ -106.078997629708297, 28.692549500891168 ], [ -106.078997629708297, 28.692280006305932 ], [ -106.079536618878777, 28.692280006305932 ], [ -106.079536618878777, 28.692010511720696 ], [ -106.079806113464002, 28.692010511720696 ], [ -106.079806113464002, 28.69174101713546 ], [ -106.080075608049242, 28.69174101713546 ], [ -106.080075608049242, 28.692280006305932 ], [ -106.079806113464002, 28.692280006305932 ], [ -106.079806113464002, 28.692549500891168 ], [ -106.079267124293537, 28.692549500891168 ], [ -106.079267124293537, 28.693357984646877 ], [ -106.078728135123072, 28.693357984646877 ], [ -106.078728135123072, 28.693627479232113 ] ] ] ] } },
{ "type": "Feature", "properties": { "ZONA_MET": "Chihuahua", "INTENSIDAD": "Intensa", "T_PROM_POL": 3.0, "T_MIN_CIUD": 1.0, "DIF_TERMIC": 2.0 }, "geometry": { "type": "MultiPolygon", "coordinates": [ [ [ [ -106.015935896763111, 28.693896973817349 ], [ -106.015666402177871, 28.693896973817349 ], [ -106.015666402177871, 28.693627479232113 ], [ -106.015396907592645, 28.693627479232113 ], [ -106.015396907592645, 28.692818995476404 ], [ -106.015666402177871, 28.692818995476404 ], [ -106.015666402177871, 28.692549500891168 ], [ -106.015396907592645, 28.692549500891168 ], [ -106.015396907592645, 28.691202027964991 ], [ -106.015666402177871, 28.691202027964991 ], [ -106.015666402177871, 28.692280006305932 ], [ -106.015935896763111, 28.692280006305932 ], [ -106.015935896763111, 28.693088490061641 ], [ -106.015666402177871, 28.693088490061641 ], [ -106.015666402177871, 28.693357984646877 ], [ -106.015935896763111, 28.693357984646877 ], [ -106.015935896763111, 28.693896973817349 ] ] ] ] } },
{ "type": "Feature", "properties": { "ZONA_MET": "Chihuahua", "INTENSIDAD": "Intensa", "T_PROM_POL": 3.0, "T_MIN_CIUD": 1.0, "DIF_TERMIC": 2.0 }, "geometry": { "type": "MultiPolygon", "coordinates": [ [ [ [ -106.013240950910756, 28.693088490061641 ], [ -106.012971456325516, 28.693088490061641 ], [ -106.012971456325516, 28.692818995476404 ], [ -106.012701961740277, 28.692818995476404 ], [ -106.012701961740277, 28.693088490061641 ], [ -106.012432467155051, 28.693088490061641 ], [ -106.012432467155051, 28.692818995476404 ], [ -106.012162972569811, 28.692818995476404 ], [ -106.012162972569811, 28.69174101713546 ], [ -106.011893477984572, 28.69174101713546 ], [ -106.011893477984572, 28.691202027964991 ], [ -106.012162972569811, 28.691202027964991 ], [ -106.012162972569811, 28.690663038794519 ], [ -106.012432467155051, 28.690663038794519 ], [ -106.012432467155051, 28.690124049624046 ], [ -106.012701961740277, 28.690124049624046 ], [ -106.012701961740277, 28.690932533379755 ], [ -106.013240950910756, 28.690932533379755 ], [ -106.013240950910756, 28.691202027964991 ], [ -106.012701961740277, 28.691202027964991 ], [ -106.012701961740277, 28.692549500891168 ], [ -106.013240950910756, 28.692549500891168 ], [ -106.013240950910756, 28.693088490061641 ] ] ] ] } },
{ "type": "Feature", "properties": { "ZONA_MET": "Chihuahua", "INTENSIDAD": "Intensa", "T_PROM_POL": 4.0, "T_MIN_CIUD": 1.0, "DIF_TERMIC": 2.0 }, "geometry": { "type": "MultiPolygon", "coordinates": [ [ [ [ -106.100826691112403, 28.69174101713546 ], [ -106.099479218186232, 28.69174101713546 ], [ -106.099479218186232, 28.691471522550227 ], [ -106.099209723600993, 28.691471522550227 ], [ -106.099209723600993, 28.691202027964991 ], [ -106.098940229015753, 28.691202027964991 ], [ -106.098940229015753, 28.690932533379755 ], [ -106.099748712771458, 28.690932533379755 ], [ -106.099748712771458, 28.691202027964991 ], [ -106.100557196527163, 28.691202027964991 ], [ -106.100557196527163, 28.690663038794519 ], [ -106.101365680282882, 28.690663038794519 ], [ -106.101365680282882, 28.690393544209282 ], [ -106.101635174868107, 28.690393544209282 ], [ -106.101635174868107, 28.689585060453574 ], [ -106.101904669453347, 28.689585060453574 ], [ -106.101904669453347, 28.690124049624046 ], [ -106.102174164038587, 28.690124049624046 ], [ -106.102174164038587, 28.690393544209282 ], [ -106.101904669453347, 28.690393544209282 ], [ -106.101904669453347, 28.690663038794519 ], [ -106.101635174868107, 28.690663038794519 ], [ -106.101635174868107, 28.690932533379755 ], [ -106.101365680282882, 28.690932533379755 ], [ -106.101365680282882, 28.691202027964991 ], [ -106.101096185697642, 28.691202027964991 ], [ -106.101096185697642, 28.691471522550227 ], [ -106.100826691112403, 28.691471522550227 ], [ -106.100826691112403, 28.69174101713546 ] ] ] ] } },
{ "type": "Feature", "properties": { "ZONA_MET": "Chihuahua", "INTENSIDAD": "Extrema", "T_PROM_POL": 4.0, "T_MIN_CIUD": 1.0, "DIF_TERMIC": 2.0 }, "geometry": { "type": "MultiPolygon", "coordinates": [ [ [ [ -106.100557196527163, 28.691202027964991 ], [ -106.099748712771458, 28.691202027964991 ], [ -106.099748712771458, 28.690393544209282 ], [ -106.099479218186232, 28.690393544209282 ], [ -106.099479218186232, 28.690124049624046 ], [ -106.100018207356698, 28.690124049624046 ], [ -106.100018207356698, 28.689585060453574 ], [ -106.100826691112403, 28.689585060453574 ], [ -106.100826691112403, 28.68985455503881 ], [ -106.101096185697642, 28.68985455503881 ], [ -106.101096185697642, 28.689585060453574 ], [ -106.101635174868107, 28.689585060453574 ], [ -106.101635174868107, 28.68985455503881 ], [ -106.101365680282882, 28.68985455503881 ], [ -106.101365680282882, 28.690124049624046 ], [ -106.101635174868107, 28.690124049624046 ], [ -106.101635174868107, 28.690393544209282 ], [ -106.101365680282882, 28.690393544209282 ], [ -106.101365680282882, 28.690663038794519 ], [ -106.101096185697642, 28.690663038794519 ], [ -106.101096185697642, 28.690393544209282 ], [ -106.100826691112403, 28.690393544209282 ], [ -106.100826691112403, 28.690124049624046 ], [ -106.100557196527163, 28.690124049624046 ], [ -106.100557196527163, 28.690663038794519 ], [ -106.100287701941937, 28.690663038794519 ], [ -106.100287701941937, 28.690932533379755 ], [ -106.100557196527163, 28.690932533379755 ], [ -106.100557196527163, 28.691202027964991 ] ] ] ] } },
{ "type": "Feature", "properties": { "ZONA_MET": "Chihuahua", "INTENSIDAD": "Intensa", "T_PROM_POL": 3.0, "T_MIN_CIUD": 1.0, "DIF_TERMIC": 2.0 }, "geometry": { "type": "MultiPolygon", "coordinates": [ [ [ [ -106.013240950910756, 28.688507082112633 ], [ -106.012701961740277, 28.688507082112633 ], [ -106.012701961740277, 28.688237587527396 ], [ -106.012162972569811, 28.688237587527396 ], [ -106.012162972569811, 28.687698598356924 ], [ -106.012432467155051, 28.687698598356924 ], [ -106.012432467155051, 28.687429103771688 ], [ -106.012971456325516, 28.687429103771688 ], [ -106.012971456325516, 28.687698598356924 ], [ -106.013240950910756, 28.687698598356924 ], [ -106.013240950910756, 28.68796809294216 ], [ -106.013779940081221, 28.68796809294216 ], [ -106.013779940081221, 28.688237587527396 ], [ -106.013240950910756, 28.688237587527396 ], [ -106.013240950910756, 28.688507082112633 ] ] ] ] } },
{ "type": "Feature", "properties": { "ZONA_MET": "Chihuahua", "INTENSIDAD": "Intensa", "T_PROM_POL": 3.0, "T_MIN_CIUD": 1.0, "DIF_TERMIC": 2.0 }, "geometry": { "type": "MultiPolygon", "coordinates": [ [ [ [ -106.111606474521835, 28.689046071283101 ], [ -106.11106748535137, 28.689046071283101 ], [ -106.11106748535137, 28.688237587527396 ], [ -106.11079799076613, 28.688237587527396 ], [ -106.11079799076613, 28.68796809294216 ], [ -106.111606474521835, 28.68796809294216 ], [ -106.111606474521835, 28.687698598356924 ], [ -106.111875969107075, 28.687698598356924 ], [ -106.111875969107075, 28.686620620015979 ], [ -106.11241495827754, 28.686620620015979 ], [ -106.11241495827754, 28.68796809294216 ], [ -106.111875969107075, 28.68796809294216 ], [ -106.111875969107075, 28.688237587527396 ], [ -106.111606474521835, 28.688237587527396 ], [ -106.111606474521835, 28.689046071283101 ] ] ] ] } },
{ "type": "Feature", "properties": { "ZONA_MET": "Chihuahua", "INTENSIDAD": "Intensa", "T_PROM_POL": 3.0, "T_MIN_CIUD": 1.0, "DIF_TERMIC": 2.0 }, "geometry": { "type": "MultiPolygon", "coordinates": [ [ [ [ -106.115109904129909, 28.687429103771688 ], [ -106.114301420374204, 28.687429103771688 ], [ -106.114301420374204, 28.687159609186452 ], [ -106.114031925788964, 28.687159609186452 ], [ -106.114031925788964, 28.686890114601216 ], [ -106.113492936618485, 28.686890114601216 ], [ -106.113492936618485, 28.686620620015979 ], [ -106.113223442033259, 28.686620620015979 ], [ -106.113223442033259, 28.686890114601216 ], [ -106.11268445286278, 28.686890114601216 ], [ -106.11268445286278, 28.686620620015979 ], [ -106.11295394744802, 28.686620620015979 ], [ -106.11295394744802, 28.686351125430743 ], [ -106.114031925788964, 28.686351125430743 ], [ -106.114031925788964, 28.686620620015979 ], [ -106.114301420374204, 28.686620620015979 ], [ -106.114301420374204, 28.686890114601216 ], [ -106.114840409544669, 28.686890114601216 ], [ -106.114840409544669, 28.687159609186452 ], [ -106.115109904129909, 28.687159609186452 ], [ -106.115109904129909, 28.687429103771688 ] ] ] ] } },
{ "type": "Feature", "properties": { "ZONA_MET": "Chihuahua", "INTENSIDAD": "Intensa", "T_PROM_POL": 4.0, "T_MIN_CIUD": 1.0, "DIF_TERMIC": 2.0 }, "geometry": { "type": "MultiPolygon", "coordinates": [ [ [ [ -106.020247810126889, 28.686620620015979 ], [ -106.018900337200705, 28.686620620015979 ], [ -106.018900337200705, 28.686351125430743 ], [ -106.01836134803024, 28.686351125430743 ], [ -106.01836134803024, 28.686081630845507 ], [ -106.018900337200705, 28.686081630845507 ], [ -106.018900337200705, 28.685812136260271 ], [ -106.020247810126889, 28.685812136260271 ], [ -106.020247810126889, 28.686620620015979 ] ] ] ] } },
{ "type": "Feature", "properties": { "ZONA_MET": "Chihuahua", "INTENSIDAD": "Intensa", "T_PROM_POL": 3.0, "T_MIN_CIUD": 1.0, "DIF_TERMIC": 2.0 }, "geometry": { "type": "MultiPolygon", "coordinates": [ [ [ [ -106.094358821066749, 28.687159609186452 ], [ -106.093819831896269, 28.687159609186452 ], [ -106.093819831896269, 28.686081630845507 ], [ -106.093550337311044, 28.686081630845507 ], [ -106.093550337311044, 28.685812136260271 ], [ -106.094897810237214, 28.685812136260271 ], [ -106.094897810237214, 28.686351125430743 ], [ -106.094358821066749, 28.686351125430743 ], [ -106.094358821066749, 28.687159609186452 ] ] ] ] } },
{ "type": "Feature", "properties": { "ZONA_MET": "Chihuahua", "INTENSIDAD": "Extrema", "T_PROM_POL": 4.0, "T_MIN_CIUD": 1.0, "DIF_TERMIC": 2.0 }, "geometry": { "type": "MultiPolygon", "coordinates": [ [ [ [ -106.088699434776785, 28.687698598356924 ], [ -106.08816044560632, 28.687698598356924 ], [ -106.08816044560632, 28.687159609186452 ], [ -106.087351961850615, 28.687159609186452 ], [ -106.087351961850615, 28.686890114601216 ], [ -106.087082467265375, 28.686890114601216 ], [ -106.087082467265375, 28.685542641675038 ], [ -106.087351961850615, 28.685542641675038 ], [ -106.087351961850615, 28.685273147089802 ], [ -106.087621456435855, 28.685273147089802 ], [ -106.087621456435855, 28.685542641675038 ], [ -106.08789095102108, 28.685542641675038 ], [ -106.08789095102108, 28.685273147089802 ], [ -106.088699434776785, 28.685273147089802 ], [ -106.088699434776785, 28.685542641675038 ], [ -106.088968929362025, 28.685542641675038 ], [ -106.088968929362025, 28.686351125430743 ], [ -106.088699434776785, 28.686351125430743 ], [ -106.088699434776785, 28.686620620015979 ], [ -106.088968929362025, 28.686620620015979 ], [ -106.088968929362025, 28.687429103771688 ], [ -106.088699434776785, 28.687429103771688 ], [ -106.088699434776785, 28.687698598356924 ] ], [ [ -106.088699434776785, 28.686351125430743 ], [ -106.088699434776785, 28.686081630845507 ], [ -106.08842994019156, 28.686081630845507 ], [ -106.08842994019156, 28.686351125430743 ], [ -106.088699434776785, 28.686351125430743 ] ] ] ] } },
{ "type": "Feature", "properties": { "ZONA_MET": "Chihuahua", "INTENSIDAD": "Intensa", "T_PROM_POL": 3.0, "T_MIN_CIUD": 1.0, "DIF_TERMIC": 2.0 }, "geometry": { "type": "MultiPolygon", "coordinates": [ [ [ [ -106.087621456435855, 28.68796809294216 ], [ -106.086004488924431, 28.68796809294216 ], [ -106.086004488924431, 28.687429103771688 ], [ -106.086812972680136, 28.687429103771688 ], [ -106.086812972680136, 28.687159609186452 ], [ -106.08654347809491, 28.687159609186452 ], [ -106.08654347809491, 28.686890114601216 ], [ -106.086812972680136, 28.686890114601216 ], [ -106.086812972680136, 28.686620620015979 ], [ -106.08627398350967, 28.686620620015979 ], [ -106.08627398350967, 28.686081630845507 ], [ -106.085734994339191, 28.686081630845507 ], [ -106.085734994339191, 28.685812136260271 ], [ -106.085465499753965, 28.685812136260271 ], [ -106.085465499753965, 28.685273147089802 ], [ -106.084926510583486, 28.685273147089802 ], [ -106.084926510583486, 28.685003652504566 ], [ -106.084118026827781, 28.685003652504566 ], [ -106.084118026827781, 28.68473415791933 ], [ -106.083579037657316, 28.68473415791933 ], [ -106.083579037657316, 28.684464663334094 ], [ -106.083848532242541, 28.684464663334094 ], [ -106.083848532242541, 28.684195168748857 ], [ -106.084118026827781, 28.684195168748857 ], [ -106.084118026827781, 28.683925674163621 ], [ -106.084387521413021, 28.683925674163621 ], [ -106.084387521413021, 28.683656179578385 ], [ -106.08465701599826, 28.683656179578385 ], [ -106.08465701599826, 28.683386684993149 ], [ -106.084926510583486, 28.683386684993149 ], [ -106.084926510583486, 28.683117190407913 ], [ -106.085196005168726, 28.683117190407913 ], [ -106.085196005168726, 28.683386684993149 ], [ -106.085734994339191, 28.683386684993149 ], [ -106.085734994339191, 28.683925674163621 ], [ -106.085465499753965, 28.683925674163621 ], [ -106.085465499753965, 28.685003652504566 ], [ -106.085734994339191, 28.685003652504566 ], [ -106.085734994339191, 28.685273147089802 ], [ -106.08654347809491, 28.685273147089802 ], [ -106.08654347809491, 28.685003652504566 ], [ -106.087082467265375, 28.685003652504566 ], [ -106.087082467265375, 28.68473415791933 ], [ -106.08789095102108, 28.68473415791933 ], [ -106.08789095102108, 28.684464663334094 ], [ -106.088699434776785, 28.684464663334094 ], [ -106.088699434776785, 28.685003652504566 ], [ -106.088968929362025, 28.685003652504566 ], [ -106.088968929362025, 28.685542641675038 ], [ -106.088699434776785, 28.685542641675038 ], [ -106.088699434776785, 28.685273147089802 ], [ -106.08789095102108, 28.685273147089802 ], [ -106.08789095102108, 28.685542641675038 ], [ -106.087621456435855, 28.685542641675038 ], [ -106.087621456435855, 28.685273147089802 ], [ -106.087351961850615, 28.685273147089802 ], [ -106.087351961850615, 28.685542641675038 ], [ -106.087082467265375, 28.685542641675038 ], [ -106.087082467265375, 28.686890114601216 ], [ -106.087351961850615, 28.686890114601216 ], [ -106.087351961850615, 28.687159609186452 ], [ -106.08816044560632, 28.687159609186452 ], [ -106.08816044560632, 28.687698598356924 ], [ -106.087621456435855, 28.687698598356924 ], [ -106.087621456435855, 28.68796809294216 ] ], [ [ -106.087082467265375, 28.687698598356924 ], [ -106.087082467265375, 28.687429103771688 ], [ -106.086812972680136, 28.687429103771688 ], [ -106.086812972680136, 28.687698598356924 ], [ -106.087082467265375, 28.687698598356924 ] ], [ [ -106.08465701599826, 28.68473415791933 ], [ -106.08465701599826, 28.684464663334094 ], [ -106.084387521413021, 28.684464663334094 ], [ -106.084387521413021, 28.68473415791933 ], [ -106.08465701599826, 28.68473415791933 ] ] ] ] } },
{ "type": "Feature", "properties": { "ZONA_MET": "Chihuahua", "INTENSIDAD": "Intensa", "T_PROM_POL": 4.0, "T_MIN_CIUD": 1.0, "DIF_TERMIC": 2.0 }, "geometry": { "type": "MultiPolygon", "coordinates": [ [ [ [ -106.107294561158071, 28.683386684993149 ], [ -106.105677593646647, 28.683386684993149 ], [ -106.105677593646647, 28.682308706652208 ], [ -106.105408099061421, 28.682308706652208 ], [ -106.105408099061421, 28.681769717481735 ], [ -106.105677593646647, 28.681769717481735 ], [ -106.105677593646647, 28.681500222896499 ], [ -106.106755571987591, 28.681500222896499 ], [ -106.106755571987591, 28.681230728311263 ], [ -106.107025066572831, 28.681230728311263 ], [ -106.107025066572831, 28.681500222896499 ], [ -106.107564055743296, 28.681500222896499 ], [ -106.107564055743296, 28.681769717481735 ], [ -106.107833550328536, 28.681769717481735 ], [ -106.107833550328536, 28.682308706652208 ], [ -106.107564055743296, 28.682308706652208 ], [ -106.107564055743296, 28.683117190407913 ], [ -106.107294561158071, 28.683117190407913 ], [ -106.107294561158071, 28.683386684993149 ] ], [ [ -106.106755571987591, 28.682847695822677 ], [ -106.106755571987591, 28.682578201237444 ], [ -106.107025066572831, 28.682578201237444 ], [ -106.107025066572831, 28.682308706652208 ], [ -106.107294561158071, 28.682308706652208 ], [ -106.107294561158071, 28.682039212066972 ], [ -106.107025066572831, 28.682039212066972 ], [ -106.107025066572831, 28.681769717481735 ], [ -106.105677593646647, 28.681769717481735 ], [ -106.105677593646647, 28.682039212066972 ], [ -106.105947088231886, 28.682039212066972 ], [ -106.105947088231886, 28.682847695822677 ], [ -106.106755571987591, 28.682847695822677 ] ] ] ] } },
{ "type": "Feature", "properties": { "ZONA_MET": "Chihuahua", "INTENSIDAD": "Extrema", "T_PROM_POL": 4.0, "T_MIN_CIUD": 1.0, "DIF_TERMIC": 2.0 }, "geometry": { "type": "MultiPolygon", "coordinates": [ [ [ [ -106.09004690770297, 28.682847695822677 ], [ -106.089507918532505, 28.682847695822677 ], [ -106.089507918532505, 28.682578201237444 ], [ -106.088968929362025, 28.682578201237444 ], [ -106.088968929362025, 28.680961233726027 ], [ -106.089238423947265, 28.680961233726027 ], [ -106.089238423947265, 28.681500222896499 ], [ -106.089507918532505, 28.681500222896499 ], [ -106.089507918532505, 28.681769717481735 ], [ -106.08977741311773, 28.681769717481735 ], [ -106.08977741311773, 28.682308706652208 ], [ -106.09004690770297, 28.682308706652208 ], [ -106.09004690770297, 28.682847695822677 ] ] ] ] } },
{ "type": "Feature", "properties": { "ZONA_MET": "Chihuahua", "INTENSIDAD": "Intensa", "T_PROM_POL": 4.0, "T_MIN_CIUD": 1.0, "DIF_TERMIC": 2.0 }, "geometry": { "type": "MultiPolygon", "coordinates": [ [ [ [ -106.092472358970099, 28.684195168748857 ], [ -106.090585896873449, 28.684195168748857 ], [ -106.090585896873449, 28.683925674163621 ], [ -106.09004690770297, 28.683925674163621 ], [ -106.09004690770297, 28.683386684993149 ], [ -106.08977741311773, 28.683386684993149 ], [ -106.08977741311773, 28.683117190407913 ], [ -106.08842994019156, 28.683117190407913 ], [ -106.08842994019156, 28.683386684993149 ], [ -106.08789095102108, 28.683386684993149 ], [ -106.08789095102108, 28.682847695822677 ], [ -106.08816044560632, 28.682847695822677 ], [ -106.08816044560632, 28.682578201237444 ], [ -106.08789095102108, 28.682578201237444 ], [ -106.08789095102108, 28.682308706652208 ], [ -106.087621456435855, 28.682308706652208 ], [ -106.087621456435855, 28.682578201237444 ], [ -106.087351961850615, 28.682578201237444 ], [ -106.087351961850615, 28.683117190407913 ], [ -106.087082467265375, 28.683117190407913 ], [ -106.087082467265375, 28.682847695822677 ], [ -106.086812972680136, 28.682847695822677 ], [ -106.086812972680136, 28.683117190407913 ], [ -106.08654347809491, 28.683117190407913 ], [ -106.08654347809491, 28.682308706652208 ], [ -106.086812972680136, 28.682308706652208 ], [ -106.086812972680136, 28.682039212066972 ], [ -106.085734994339191, 28.682039212066972 ], [ -106.085734994339191, 28.682308706652208 ], [ -106.085196005168726, 28.682308706652208 ], [ -106.085196005168726, 28.681769717481735 ], [ -106.086004488924431, 28.681769717481735 ], [ -106.086004488924431, 28.681500222896499 ], [ -106.08627398350967, 28.681500222896499 ], [ -106.08627398350967, 28.681230728311263 ], [ -106.08654347809491, 28.681230728311263 ], [ -106.08654347809491, 28.680961233726027 ], [ -106.08627398350967, 28.680961233726027 ], [ -106.08627398350967, 28.680691739140791 ], [ -106.08654347809491, 28.680691739140791 ], [ -106.08654347809491, 28.679883255385082 ], [ -106.086004488924431, 28.679883255385082 ], [ -106.086004488924431, 28.67961376079985 ], [ -106.086812972680136, 28.67961376079985 ], [ -106.086812972680136, 28.680691739140791 ], [ -106.087621456435855, 28.680691739140791 ], [ -106.087621456435855, 28.680961233726027 ], [ -106.08789095102108, 28.680961233726027 ], [ -106.08789095102108, 28.680152749970318 ], [ -106.08816044560632, 28.680152749970318 ], [ -106.08816044560632, 28.680422244555555 ], [ -106.088699434776785, 28.680422244555555 ], [ -106.088699434776785, 28.680152749970318 ], [ -106.089238423947265, 28.680152749970318 ], [ -106.089238423947265, 28.680422244555555 ], [ -106.089507918532505, 28.680422244555555 ], [ -106.089507918532505, 28.680691739140791 ], [ -106.08977741311773, 28.680691739140791 ], [ -106.08977741311773, 28.680152749970318 ], [ -106.09004690770297, 28.680152749970318 ], [ -106.09004690770297, 28.682039212066972 ], [ -106.091394380629154, 28.682039212066972 ], [ -106.091394380629154, 28.682308706652208 ], [ -106.09166387521438, 28.682308706652208 ], [ -106.09166387521438, 28.682578201237444 ], [ -106.092472358970099, 28.682578201237444 ], [ -106.092472358970099, 28.683117190407913 ], [ -106.092202864384859, 28.683117190407913 ], [ -106.092202864384859, 28.683925674163621 ], [ -106.092472358970099, 28.683925674163621 ], [ -106.092472358970099, 28.684195168748857 ] ], [ [ -106.091124886043914, 28.683925674163621 ], [ -106.091124886043914, 28.683656179578385 ], [ -106.090855391458675, 28.683656179578385 ], [ -106.090855391458675, 28.683925674163621 ], [ -106.091124886043914, 28.683925674163621 ] ], [ [ -106.09004690770297, 28.682847695822677 ], [ -106.09004690770297, 28.682308706652208 ], [ -106.08977741311773, 28.682308706652208 ], [ -106.08977741311773, 28.681769717481735 ], [ -106.089507918532505, 28.681769717481735 ], [ -106.089507918532505, 28.681500222896499 ], [ -106.089238423947265, 28.681500222896499 ], [ -106.089238423947265, 28.680961233726027 ], [ -106.088968929362025, 28.680961233726027 ], [ -106.088968929362025, 28.682578201237444 ], [ -106.088699434776785, 28.682578201237444 ], [ -106.088699434776785, 28.682847695822677 ], [ -106.09004690770297, 28.682847695822677 ] ], [ [ -106.088699434776785, 28.682039212066972 ], [ -106.088699434776785, 28.681500222896499 ], [ -106.08816044560632, 28.681500222896499 ], [ -106.08816044560632, 28.680961233726027 ], [ -106.08789095102108, 28.680961233726027 ], [ -106.08789095102108, 28.681769717481735 ], [ -106.08816044560632, 28.681769717481735 ], [ -106.08816044560632, 28.682039212066972 ], [ -106.088699434776785, 28.682039212066972 ] ] ] ] } },
{ "type": "Feature", "properties": { "ZONA_MET": "Chihuahua", "INTENSIDAD": "Extrema", "T_PROM_POL": 4.0, "T_MIN_CIUD": 1.0, "DIF_TERMIC": 2.0 }, "geometry": { "type": "MultiPolygon", "coordinates": [ [ [ [ -105.962036979715947, 28.683656179578385 ], [ -105.961497990545467, 28.683656179578385 ], [ -105.961497990545467, 28.683117190407913 ], [ -105.961767485130707, 28.683117190407913 ], [ -105.961767485130707, 28.681769717481735 ], [ -105.962036979715947, 28.681769717481735 ], [ -105.962036979715947, 28.679883255385082 ], [ -105.962306474301172, 28.679883255385082 ], [ -105.962306474301172, 28.679344266214613 ], [ -105.962575968886412, 28.679344266214613 ], [ -105.962575968886412, 28.679883255385082 ], [ -105.962845463471652, 28.679883255385082 ], [ -105.962845463471652, 28.680152749970318 ], [ -105.963114958056892, 28.680152749970318 ], [ -105.963114958056892, 28.680422244555555 ], [ -105.962575968886412, 28.680422244555555 ], [ -105.962575968886412, 28.680691739140791 ], [ -105.962845463471652, 28.680691739140791 ], [ -105.962845463471652, 28.681230728311263 ], [ -105.963653947227357, 28.681230728311263 ], [ -105.963653947227357, 28.681769717481735 ], [ -105.963384452642117, 28.681769717481735 ], [ -105.963384452642117, 28.682039212066972 ], [ -105.962845463471652, 28.682039212066972 ], [ -105.962845463471652, 28.682308706652208 ], [ -105.962575968886412, 28.682308706652208 ], [ -105.962575968886412, 28.682039212066972 ], [ -105.962306474301172, 28.682039212066972 ], [ -105.962306474301172, 28.682578201237444 ], [ -105.962036979715947, 28.682578201237444 ], [ -105.962036979715947, 28.682847695822677 ], [ -105.962306474301172, 28.682847695822677 ], [ -105.962306474301172, 28.683117190407913 ], [ -105.962036979715947, 28.683117190407913 ], [ -105.962036979715947, 28.683656179578385 ] ] ] ] } },
{ "type": "Feature", "properties": { "ZONA_MET": "Chihuahua", "INTENSIDAD": "Intensa", "T_PROM_POL": 4.0, "T_MIN_CIUD": 1.0, "DIF_TERMIC": 2.0 }, "geometry": { "type": "MultiPolygon", "coordinates": [ [ [ [ -105.979284633171034, 28.677727298703196 ], [ -105.978745644000568, 28.677727298703196 ], [ -105.978745644000568, 28.67745780411796 ], [ -105.978206654830089, 28.67745780411796 ], [ -105.978206654830089, 28.676379825777019 ], [ -105.978745644000568, 28.676379825777019 ], [ -105.978745644000568, 28.676110331191783 ], [ -105.979015138585808, 28.676110331191783 ], [ -105.979015138585808, 28.67745780411796 ], [ -105.979284633171034, 28.67745780411796 ], [ -105.979284633171034, 28.677727298703196 ] ] ] ] } },
{ "type": "Feature", "properties": { "ZONA_MET": "Chihuahua", "INTENSIDAD": "Intensa", "T_PROM_POL": 3.0, "T_MIN_CIUD": 1.0, "DIF_TERMIC": 2.0 }, "geometry": { "type": "MultiPolygon", "coordinates": [ [ [ [ -106.023212250564484, 28.678266287873669 ], [ -106.022942755979244, 28.678266287873669 ], [ -106.022942755979244, 28.677996793288433 ], [ -106.022673261394004, 28.677996793288433 ], [ -106.022673261394004, 28.678266287873669 ], [ -106.022403766808779, 28.678266287873669 ], [ -106.022403766808779, 28.677727298703196 ], [ -106.022673261394004, 28.677727298703196 ], [ -106.022673261394004, 28.67745780411796 ], [ -106.022942755979244, 28.67745780411796 ], [ -106.022942755979244, 28.677188309532724 ], [ -106.023212250564484, 28.677188309532724 ], [ -106.023212250564484, 28.676649320362252 ], [ -106.023481745149724, 28.676649320362252 ], [ -106.023481745149724, 28.676379825777019 ], [ -106.023751239734949, 28.676379825777019 ], [ -106.023751239734949, 28.676110331191783 ], [ -106.024020734320189, 28.676110331191783 ], [ -106.024020734320189, 28.676379825777019 ], [ -106.024290228905429, 28.676379825777019 ], [ -106.024290228905429, 28.676918814947488 ], [ -106.023751239734949, 28.676918814947488 ], [ -106.023751239734949, 28.67745780411796 ], [ -106.023481745149724, 28.67745780411796 ], [ -106.023481745149724, 28.677727298703196 ], [ -106.023212250564484, 28.677727298703196 ], [ -106.023212250564484, 28.678266287873669 ] ] ] ] } },
{ "type": "Feature", "properties": { "ZONA_MET": "Chihuahua", "INTENSIDAD": "Intensa", "T_PROM_POL": 3.0, "T_MIN_CIUD": 1.0, "DIF_TERMIC": 2.0 }, "geometry": { "type": "MultiPolygon", "coordinates": [ [ [ [ -106.005695102524157, 28.676649320362252 ], [ -106.004347629597973, 28.676649320362252 ], [ -106.004347629597973, 28.676379825777019 ], [ -106.004078135012733, 28.676379825777019 ], [ -106.004078135012733, 28.676649320362252 ], [ -106.003539145842268, 28.676649320362252 ], [ -106.003539145842268, 28.676379825777019 ], [ -106.003808640427494, 28.676379825777019 ], [ -106.003808640427494, 28.676110331191783 ], [ -106.004617124183213, 28.676110331191783 ], [ -106.004617124183213, 28.676379825777019 ], [ -106.005425607938918, 28.676379825777019 ], [ -106.005425607938918, 28.675571342021311 ], [ -106.005695102524157, 28.675571342021311 ], [ -106.005695102524157, 28.675840836606547 ], [ -106.006503586279862, 28.675840836606547 ], [ -106.006503586279862, 28.676110331191783 ], [ -106.006234091694623, 28.676110331191783 ], [ -106.006234091694623, 28.676379825777019 ], [ -106.005695102524157, 28.676379825777019 ], [ -106.005695102524157, 28.676649320362252 ] ] ] ] } },
{ "type": "Feature", "properties": { "ZONA_MET": "Chihuahua", "INTENSIDAD": "Intensa", "T_PROM_POL": 4.0, "T_MIN_CIUD": 1.0, "DIF_TERMIC": 2.0 }, "geometry": { "type": "MultiPolygon", "coordinates": [ [ [ [ -106.075224705514998, 28.676110331191783 ], [ -106.074955210929758, 28.676110331191783 ], [ -106.074955210929758, 28.675032352850838 ], [ -106.076302683855943, 28.675032352850838 ], [ -106.076302683855943, 28.675840836606547 ], [ -106.076033189270703, 28.675840836606547 ], [ -106.076033189270703, 28.675301847436074 ], [ -106.075494200100238, 28.675301847436074 ], [ -106.075494200100238, 28.675571342021311 ], [ -106.075763694685477, 28.675571342021311 ], [ -106.075763694685477, 28.675840836606547 ], [ -106.075224705514998, 28.675840836606547 ], [ -106.075224705514998, 28.676110331191783 ] ] ] ] } },
{ "type": "Feature", "properties": { "ZONA_MET": "Chihuahua", "INTENSIDAD": "Intensa", "T_PROM_POL": 4.0, "T_MIN_CIUD": 1.0, "DIF_TERMIC": 2.0 }, "geometry": { "type": "MultiPolygon", "coordinates": [ [ [ [ -106.004347629597973, 28.675301847436074 ], [ -106.004078135012733, 28.675301847436074 ], [ -106.004078135012733, 28.675032352850838 ], [ -106.003539145842268, 28.675032352850838 ], [ -106.003539145842268, 28.674762858265602 ], [ -106.003269651257028, 28.674762858265602 ], [ -106.003269651257028, 28.674493363680366 ], [ -106.003000156671789, 28.674493363680366 ], [ -106.003000156671789, 28.67422386909513 ], [ -106.003539145842268, 28.67422386909513 ], [ -106.003539145842268, 28.673954374509893 ], [ -106.003808640427494, 28.673954374509893 ], [ -106.003808640427494, 28.674493363680366 ], [ -106.004078135012733, 28.674493363680366 ], [ -106.004078135012733, 28.67422386909513 ], [ -106.004617124183213, 28.67422386909513 ], [ -106.004617124183213, 28.675032352850838 ], [ -106.004347629597973, 28.675032352850838 ], [ -106.004347629597973, 28.675301847436074 ] ] ] ] } },
{ "type": "Feature", "properties": { "ZONA_MET": "Chihuahua", "INTENSIDAD": "Intensa", "T_PROM_POL": 3.0, "T_MIN_CIUD": 1.0, "DIF_TERMIC": 2.0 }, "geometry": { "type": "MultiPolygon", "coordinates": [ [ [ [ -106.024829218075894, 28.675840836606547 ], [ -106.024290228905429, 28.675840836606547 ], [ -106.024290228905429, 28.675301847436074 ], [ -106.024559723490654, 28.675301847436074 ], [ -106.024559723490654, 28.674762858265602 ], [ -106.025098712661134, 28.674762858265602 ], [ -106.025098712661134, 28.673954374509893 ], [ -106.025368207246373, 28.673954374509893 ], [ -106.025368207246373, 28.674493363680366 ], [ -106.025907196416838, 28.674493363680366 ], [ -106.025907196416838, 28.674762858265602 ], [ -106.025368207246373, 28.674762858265602 ], [ -106.025368207246373, 28.675032352850838 ], [ -106.025098712661134, 28.675032352850838 ], [ -106.025098712661134, 28.675571342021311 ], [ -106.024829218075894, 28.675571342021311 ], [ -106.024829218075894, 28.675840836606547 ] ] ] ] } },
{ "type": "Feature", "properties": { "ZONA_MET": "Chihuahua", "INTENSIDAD": "Intensa", "T_PROM_POL": 3.0, "T_MIN_CIUD": 1.0, "DIF_TERMIC": 2.0 }, "geometry": { "type": "MultiPolygon", "coordinates": [ [ [ [ -106.100826691112403, 28.675032352850838 ], [ -106.100557196527163, 28.675032352850838 ], [ -106.100557196527163, 28.674762858265602 ], [ -106.100287701941937, 28.674762858265602 ], [ -106.100287701941937, 28.675032352850838 ], [ -106.099748712771458, 28.675032352850838 ], [ -106.099748712771458, 28.67422386909513 ], [ -106.100287701941937, 28.67422386909513 ], [ -106.100287701941937, 28.673954374509893 ], [ -106.101096185697642, 28.673954374509893 ], [ -106.101096185697642, 28.674493363680366 ], [ -106.100826691112403, 28.674493363680366 ], [ -106.100826691112403, 28.675032352850838 ] ] ] ] } },
{ "type": "Feature", "properties": { "ZONA_MET": "Chihuahua", "INTENSIDAD": "Intensa", "T_PROM_POL": 3.0, "T_MIN_CIUD": 1.0, "DIF_TERMIC": 2.0 }, "geometry": { "type": "MultiPolygon", "coordinates": [ [ [ [ -105.979554127756273, 28.674493363680366 ], [ -105.979284633171034, 28.674493363680366 ], [ -105.979284633171034, 28.673954374509893 ], [ -105.979015138585808, 28.673954374509893 ], [ -105.979015138585808, 28.673415385339425 ], [ -105.978745644000568, 28.673415385339425 ], [ -105.978745644000568, 28.673145890754189 ], [ -105.979015138585808, 28.673145890754189 ], [ -105.979015138585808, 28.672876396168952 ], [ -105.979554127756273, 28.672876396168952 ], [ -105.979554127756273, 28.672606901583716 ], [ -105.980093116926739, 28.672606901583716 ], [ -105.980093116926739, 28.673684879924657 ], [ -105.979823622341513, 28.673684879924657 ], [ -105.979823622341513, 28.67422386909513 ], [ -105.979554127756273, 28.67422386909513 ], [ -105.979554127756273, 28.674493363680366 ] ] ] ] } },
{ "type": "Feature", "properties": { "ZONA_MET": "Chihuahua", "INTENSIDAD": "Extrema", "T_PROM_POL": 4.0, "T_MIN_CIUD": 1.0, "DIF_TERMIC": 2.0 }, "geometry": { "type": "MultiPolygon", "coordinates": [ [ [ [ -105.929158640317169, 28.677188309532724 ], [ -105.928889145731929, 28.677188309532724 ], [ -105.928889145731929, 28.675571342021311 ], [ -105.929158640317169, 28.675571342021311 ], [ -105.929158640317169, 28.674762858265602 ], [ -105.929428134902409, 28.674762858265602 ], [ -105.929428134902409, 28.673145890754189 ], [ -105.929697629487634, 28.673145890754189 ], [ -105.929697629487634, 28.672067912413244 ], [ -105.929967124072874, 28.672067912413244 ], [ -105.929967124072874, 28.673684879924657 ], [ -105.929697629487634, 28.673684879924657 ], [ -105.929697629487634, 28.675032352850838 ], [ -105.929428134902409, 28.675032352850838 ], [ -105.929428134902409, 28.676918814947488 ], [ -105.929158640317169, 28.676918814947488 ], [ -105.929158640317169, 28.677188309532724 ] ] ] ] } },
{ "type": "Feature", "properties": { "ZONA_MET": "Chihuahua", "INTENSIDAD": "Extrema", "T_PROM_POL": 4.0, "T_MIN_CIUD": 1.0, "DIF_TERMIC": 2.0 }, "geometry": { "type": "MultiPolygon", "coordinates": [ [ [ [ -105.963384452642117, 28.67422386909513 ], [ -105.962306474301172, 28.67422386909513 ], [ -105.962306474301172, 28.673954374509893 ], [ -105.962575968886412, 28.673954374509893 ], [ -105.962575968886412, 28.673145890754189 ], [ -105.962306474301172, 28.673145890754189 ], [ -105.962306474301172, 28.672876396168952 ], [ -105.962036979715947, 28.672876396168952 ], [ -105.962036979715947, 28.672606901583716 ], [ -105.961767485130707, 28.672606901583716 ], [ -105.961767485130707, 28.672876396168952 ], [ -105.957725066352168, 28.672876396168952 ], [ -105.957725066352168, 28.672606901583716 ], [ -105.961497990545467, 28.672606901583716 ], [ -105.961497990545467, 28.67233740699848 ], [ -105.962575968886412, 28.67233740699848 ], [ -105.962575968886412, 28.672067912413244 ], [ -105.964462430983062, 28.672067912413244 ], [ -105.964462430983062, 28.67233740699848 ], [ -105.963384452642117, 28.67233740699848 ], [ -105.963384452642117, 28.672606901583716 ], [ -105.962845463471652, 28.672606901583716 ], [ -105.962845463471652, 28.672876396168952 ], [ -105.963114958056892, 28.672876396168952 ], [ -105.963114958056892, 28.673415385339425 ], [ -105.963384452642117, 28.673415385339425 ], [ -105.963384452642117, 28.67422386909513 ] ] ] ] } },
{ "type": "Feature", "properties": { "ZONA_MET": "Chihuahua", "INTENSIDAD": "Intensa", "T_PROM_POL": 3.0, "T_MIN_CIUD": 1.0, "DIF_TERMIC": 2.0 }, "geometry": { "type": "MultiPolygon", "coordinates": [ [ [ [ -106.087621456435855, 28.673684879924657 ], [ -106.087351961850615, 28.673684879924657 ], [ -106.087351961850615, 28.673145890754189 ], [ -106.087082467265375, 28.673145890754189 ], [ -106.087082467265375, 28.672876396168952 ], [ -106.087351961850615, 28.672876396168952 ], [ -106.087351961850615, 28.672606901583716 ], [ -106.08789095102108, 28.672606901583716 ], [ -106.08789095102108, 28.672067912413244 ], [ -106.08816044560632, 28.672067912413244 ], [ -106.08816044560632, 28.671528923242771 ], [ -106.08842994019156, 28.671528923242771 ], [ -106.08842994019156, 28.672606901583716 ], [ -106.08816044560632, 28.672606901583716 ], [ -106.08816044560632, 28.672876396168952 ], [ -106.08789095102108, 28.672876396168952 ], [ -106.08789095102108, 28.673145890754189 ], [ -106.08816044560632, 28.673145890754189 ], [ -106.08816044560632, 28.673415385339425 ], [ -106.087621456435855, 28.673415385339425 ], [ -106.087621456435855, 28.673684879924657 ] ] ] ] } },
{ "type": "Feature", "properties": { "ZONA_MET": "Chihuahua", "INTENSIDAD": "Extrema", "T_PROM_POL": 4.0, "T_MIN_CIUD": 1.0, "DIF_TERMIC": 2.0 }, "geometry": { "type": "MultiPolygon", "coordinates": [ [ [ [ -105.997610264967079, 28.673415385339425 ], [ -105.996532286626135, 28.673415385339425 ], [ -105.996532286626135, 28.672876396168952 ], [ -105.99572380287043, 28.672876396168952 ], [ -105.99572380287043, 28.673145890754189 ], [ -105.99545430828519, 28.673145890754189 ], [ -105.99545430828519, 28.672876396168952 ], [ -105.99518481369995, 28.672876396168952 ], [ -105.99518481369995, 28.672606901583716 ], [ -105.99572380287043, 28.672606901583716 ], [ -105.99572380287043, 28.671798417828008 ], [ -105.995993297455655, 28.671798417828008 ], [ -105.995993297455655, 28.672067912413244 ], [ -105.996262792040895, 28.672067912413244 ], [ -105.996262792040895, 28.671528923242771 ], [ -105.995993297455655, 28.671528923242771 ], [ -105.995993297455655, 28.671259428657535 ], [ -105.996532286626135, 28.671259428657535 ], [ -105.996532286626135, 28.671798417828008 ], [ -105.996801781211374, 28.671798417828008 ], [ -105.996801781211374, 28.672067912413244 ], [ -105.9970712757966, 28.672067912413244 ], [ -105.9970712757966, 28.67233740699848 ], [ -105.99734077038184, 28.67233740699848 ], [ -105.99734077038184, 28.672606901583716 ], [ -105.9970712757966, 28.672606901583716 ], [ -105.9970712757966, 28.672876396168952 ], [ -105.997610264967079, 28.672876396168952 ], [ -105.997610264967079, 28.673415385339425 ] ] ] ] } },
{ "type": "Feature", "properties": { "ZONA_MET": "Chihuahua", "INTENSIDAD": "Intensa", "T_PROM_POL": 4.0, "T_MIN_CIUD": 1.0, "DIF_TERMIC": 2.0 }, "geometry": { "type": "MultiPolygon", "coordinates": [ [ [ [ -106.082770553901597, 28.672876396168952 ], [ -106.081962070145892, 28.672876396168952 ], [ -106.081962070145892, 28.672067912413244 ], [ -106.083040048486836, 28.672067912413244 ], [ -106.083040048486836, 28.671798417828008 ], [ -106.083309543072076, 28.671798417828008 ], [ -106.083309543072076, 28.672067912413244 ], [ -106.083579037657316, 28.672067912413244 ], [ -106.083579037657316, 28.671798417828008 ], [ -106.083848532242541, 28.671798417828008 ], [ -106.083848532242541, 28.672067912413244 ], [ -106.084118026827781, 28.672067912413244 ], [ -106.084118026827781, 28.671259428657535 ], [ -106.084387521413021, 28.671259428657535 ], [ -106.084387521413021, 28.67233740699848 ], [ -106.084118026827781, 28.67233740699848 ], [ -106.084118026827781, 28.672606901583716 ], [ -106.083848532242541, 28.672606901583716 ], [ -106.083848532242541, 28.67233740699848 ], [ -106.083309543072076, 28.67233740699848 ], [ -106.083309543072076, 28.672606901583716 ], [ -106.082770553901597, 28.672606901583716 ], [ -106.082770553901597, 28.672876396168952 ] ] ] ] } },
{ "type": "Feature", "properties": { "ZONA_MET": "Chihuahua", "INTENSIDAD": "Intensa", "T_PROM_POL": 4.0, "T_MIN_CIUD": 1.0, "DIF_TERMIC": 2.0 }, "geometry": { "type": "MultiPolygon", "coordinates": [ [ [ [ -105.998418748722784, 28.672876396168952 ], [ -105.9970712757966, 28.672876396168952 ], [ -105.9970712757966, 28.672606901583716 ], [ -105.99734077038184, 28.672606901583716 ], [ -105.99734077038184, 28.67233740699848 ], [ -105.997610264967079, 28.67233740699848 ], [ -105.997610264967079, 28.672067912413244 ], [ -105.997879759552305, 28.672067912413244 ], [ -105.997879759552305, 28.67233740699848 ], [ -105.998418748722784, 28.67233740699848 ], [ -105.998418748722784, 28.671798417828008 ], [ -105.998688243308024, 28.671798417828008 ], [ -105.998688243308024, 28.671259428657535 ], [ -105.998957737893249, 28.671259428657535 ], [ -105.998957737893249, 28.670989934072299 ], [ -105.999227232478489, 28.670989934072299 ], [ -105.999227232478489, 28.671528923242771 ], [ -105.998957737893249, 28.671528923242771 ], [ -105.998957737893249, 28.67233740699848 ], [ -105.998688243308024, 28.67233740699848 ], [ -105.998688243308024, 28.672606901583716 ], [ -105.998418748722784, 28.672606901583716 ], [ -105.998418748722784, 28.672876396168952 ] ] ] ] } },
{ "type": "Feature", "properties": { "ZONA_MET": "Chihuahua", "INTENSIDAD": "Extrema", "T_PROM_POL": 4.0, "T_MIN_CIUD": 1.0, "DIF_TERMIC": 2.0 }, "geometry": { "type": "MultiPolygon", "coordinates": [ [ [ [ -105.952604669232684, 28.671798417828008 ], [ -105.951257196306514, 28.671798417828008 ], [ -105.951257196306514, 28.671528923242771 ], [ -105.950179217965569, 28.671528923242771 ], [ -105.950179217965569, 28.671798417828008 ], [ -105.94990972338033, 28.671798417828008 ], [ -105.94990972338033, 28.671259428657535 ], [ -105.94829275586892, 28.671259428657535 ], [ -105.94829275586892, 28.670989934072299 ], [ -105.947484272113201, 28.670989934072299 ], [ -105.947484272113201, 28.670720439487063 ], [ -105.949101239624625, 28.670720439487063 ], [ -105.949101239624625, 28.670989934072299 ], [ -105.950179217965569, 28.670989934072299 ], [ -105.950179217965569, 28.67045094490183 ], [ -105.950448712550795, 28.67045094490183 ], [ -105.950448712550795, 28.671259428657535 ], [ -105.95152669089174, 28.671259428657535 ], [ -105.95152669089174, 28.671528923242771 ], [ -105.952604669232684, 28.671528923242771 ], [ -105.952604669232684, 28.671798417828008 ] ] ] ] } },
{ "type": "Feature", "properties": { "ZONA_MET": "Chihuahua", "INTENSIDAD": "Extrema", "T_PROM_POL": 4.0, "T_MIN_CIUD": 1.0, "DIF_TERMIC": 2.0 }, "geometry": { "type": "MultiPolygon", "coordinates": [ [ [ [ -105.973355752295845, 28.671798417828008 ], [ -105.970391311858251, 28.671798417828008 ], [ -105.970391311858251, 28.671528923242771 ], [ -105.971199795613956, 28.671528923242771 ], [ -105.971199795613956, 28.671259428657535 ], [ -105.97443373063679, 28.671259428657535 ], [ -105.97443373063679, 28.67045094490183 ], [ -105.974703225222029, 28.67045094490183 ], [ -105.974703225222029, 28.670989934072299 ], [ -105.976589687318679, 28.670989934072299 ], [ -105.976589687318679, 28.671259428657535 ], [ -105.975242214392495, 28.671259428657535 ], [ -105.975242214392495, 28.671528923242771 ], [ -105.973355752295845, 28.671528923242771 ], [ -105.973355752295845, 28.671798417828008 ] ] ] ] } },
{ "type": "Feature", "properties": { "ZONA_MET": "Chihuahua", "INTENSIDAD": "Intensa", "T_PROM_POL": 4.0, "T_MIN_CIUD": 1.0, "DIF_TERMIC": 2.0 }, "geometry": { "type": "MultiPolygon", "coordinates": [ [ [ [ -105.998149254137545, 28.672067912413244 ], [ -105.997879759552305, 28.672067912413244 ], [ -105.997879759552305, 28.671798417828008 ], [ -105.99734077038184, 28.671798417828008 ], [ -105.99734077038184, 28.671528923242771 ], [ -105.9970712757966, 28.671528923242771 ], [ -105.9970712757966, 28.671259428657535 ], [ -105.99734077038184, 28.671259428657535 ], [ -105.99734077038184, 28.670720439487063 ], [ -105.997610264967079, 28.670720439487063 ], [ -105.997610264967079, 28.670989934072299 ], [ -105.998149254137545, 28.670989934072299 ], [ -105.998149254137545, 28.670720439487063 ], [ -105.998418748722784, 28.670720439487063 ], [ -105.998418748722784, 28.67045094490183 ], [ -105.999227232478489, 28.67045094490183 ], [ -105.999227232478489, 28.670720439487063 ], [ -105.998688243308024, 28.670720439487063 ], [ -105.998688243308024, 28.670989934072299 ], [ -105.998418748722784, 28.670989934072299 ], [ -105.998418748722784, 28.671798417828008 ], [ -105.998149254137545, 28.671798417828008 ], [ -105.998149254137545, 28.672067912413244 ] ] ] ] } },
{ "type": "Feature", "properties": { "ZONA_MET": "Chihuahua", "INTENSIDAD": "Intensa", "T_PROM_POL": 4.0, "T_MIN_CIUD": 1.0, "DIF_TERMIC": 2.0 }, "geometry": { "type": "MultiPolygon", "coordinates": [ [ [ [ -105.977398171074384, 28.670989934072299 ], [ -105.977128676489144, 28.670989934072299 ], [ -105.977128676489144, 28.670720439487063 ], [ -105.976859181903919, 28.670720439487063 ], [ -105.976859181903919, 28.670989934072299 ], [ -105.975511708977734, 28.670989934072299 ], [ -105.975511708977734, 28.670720439487063 ], [ -105.975242214392495, 28.670720439487063 ], [ -105.975242214392495, 28.670989934072299 ], [ -105.974703225222029, 28.670989934072299 ], [ -105.974703225222029, 28.67045094490183 ], [ -105.97416423605155, 28.67045094490183 ], [ -105.97416423605155, 28.669911955731358 ], [ -105.973894741466324, 28.669911955731358 ], [ -105.973894741466324, 28.669372966560886 ], [ -105.97416423605155, 28.669372966560886 ], [ -105.97416423605155, 28.669642461146122 ], [ -105.97443373063679, 28.669642461146122 ], [ -105.97443373063679, 28.669911955731358 ], [ -105.974972719807269, 28.669911955731358 ], [ -105.974972719807269, 28.670181450316594 ], [ -105.975511708977734, 28.670181450316594 ], [ -105.975511708977734, 28.67045094490183 ], [ -105.976050698148214, 28.67045094490183 ], [ -105.976050698148214, 28.670720439487063 ], [ -105.976589687318679, 28.670720439487063 ], [ -105.976589687318679, 28.67045094490183 ], [ -105.977398171074384, 28.67045094490183 ], [ -105.977398171074384, 28.670181450316594 ], [ -105.978476149415329, 28.670181450316594 ], [ -105.978476149415329, 28.670720439487063 ], [ -105.978206654830089, 28.670720439487063 ], [ -105.978206654830089, 28.67045094490183 ], [ -105.977937160244863, 28.67045094490183 ], [ -105.977937160244863, 28.670720439487063 ], [ -105.977398171074384, 28.670720439487063 ], [ -105.977398171074384, 28.670989934072299 ] ] ] ] } },
{ "type": "Feature", "properties": { "ZONA_MET": "Chihuahua", "INTENSIDAD": "Intensa", "T_PROM_POL": 4.0, "T_MIN_CIUD": 1.0, "DIF_TERMIC": 2.0 }, "geometry": { "type": "MultiPolygon", "coordinates": [ [ [ [ -105.943980842505141, 28.67045094490183 ], [ -105.943441853334676, 28.67045094490183 ], [ -105.943441853334676, 28.670181450316594 ], [ -105.942633369578957, 28.670181450316594 ], [ -105.942633369578957, 28.669911955731358 ], [ -105.940746907482307, 28.669911955731358 ], [ -105.940746907482307, 28.669642461146122 ], [ -105.940207918311842, 28.669642461146122 ], [ -105.940207918311842, 28.669372966560886 ], [ -105.941016402067547, 28.669372966560886 ], [ -105.941016402067547, 28.669642461146122 ], [ -105.941285896652786, 28.669642461146122 ], [ -105.941285896652786, 28.669372966560886 ], [ -105.941824885823252, 28.669372966560886 ], [ -105.941824885823252, 28.669642461146122 ], [ -105.943172358749436, 28.669642461146122 ], [ -105.943172358749436, 28.669911955731358 ], [ -105.943980842505141, 28.669911955731358 ], [ -105.943980842505141, 28.669642461146122 ], [ -105.944250337090381, 28.669642461146122 ], [ -105.944250337090381, 28.669911955731358 ], [ -105.944519831675606, 28.669911955731358 ], [ -105.944519831675606, 28.669642461146122 ], [ -105.944789326260846, 28.669642461146122 ], [ -105.944789326260846, 28.670181450316594 ], [ -105.943980842505141, 28.670181450316594 ], [ -105.943980842505141, 28.67045094490183 ] ] ] ] } },
{ "type": "Feature", "properties": { "ZONA_MET": "Chihuahua", "INTENSIDAD": "Extrema", "T_PROM_POL": 4.0, "T_MIN_CIUD": 1.0, "DIF_TERMIC": 2.0 }, "geometry": { "type": "MultiPolygon", "coordinates": [ [ [ [ -105.994645824529485, 28.67233740699848 ], [ -105.994376329944245, 28.67233740699848 ], [ -105.994376329944245, 28.672067912413244 ], [ -105.994106835359005, 28.672067912413244 ], [ -105.994106835359005, 28.671798417828008 ], [ -105.99356784618854, 28.671798417828008 ], [ -105.99356784618854, 28.671259428657535 ], [ -105.9932983516033, 28.671259428657535 ], [ -105.9932983516033, 28.670720439487063 ], [ -105.992759362432835, 28.670720439487063 ], [ -105.992759362432835, 28.67045094490183 ], [ -105.993028857018061, 28.67045094490183 ], [ -105.993028857018061, 28.669911955731358 ], [ -105.9932983516033, 28.669911955731358 ], [ -105.9932983516033, 28.669103471975649 ], [ -105.99356784618854, 28.669103471975649 ], [ -105.99356784618854, 28.669642461146122 ], [ -105.99383734077378, 28.669642461146122 ], [ -105.99383734077378, 28.669911955731358 ], [ -105.994106835359005, 28.669911955731358 ], [ -105.994106835359005, 28.670181450316594 ], [ -105.994376329944245, 28.670181450316594 ], [ -105.994376329944245, 28.67045094490183 ], [ -105.994106835359005, 28.67045094490183 ], [ -105.994106835359005, 28.670720439487063 ], [ -105.994645824529485, 28.670720439487063 ], [ -105.994645824529485, 28.670989934072299 ], [ -105.99491531911471, 28.670989934072299 ], [ -105.99491531911471, 28.670720439487063 ], [ -105.99545430828519, 28.670720439487063 ], [ -105.99545430828519, 28.670989934072299 ], [ -105.99572380287043, 28.670989934072299 ], [ -105.99572380287043, 28.671259428657535 ], [ -105.99518481369995, 28.671259428657535 ], [ -105.99518481369995, 28.671798417828008 ], [ -105.99491531911471, 28.671798417828008 ], [ -105.99491531911471, 28.672067912413244 ], [ -105.994645824529485, 28.672067912413244 ], [ -105.994645824529485, 28.67233740699848 ] ] ] ] } },
{ "type": "Feature", "properties": { "ZONA_MET": "Chihuahua", "INTENSIDAD": "Intensa", "T_PROM_POL": 3.0, "T_MIN_CIUD": 1.0, "DIF_TERMIC": 2.0 }, "geometry": { "type": "MultiPolygon", "coordinates": [ [ [ [ -106.007851059206033, 28.671528923242771 ], [ -106.007312070035567, 28.671528923242771 ], [ -106.007312070035567, 28.671259428657535 ], [ -106.007581564620807, 28.671259428657535 ], [ -106.007581564620807, 28.670720439487063 ], [ -106.007851059206033, 28.670720439487063 ], [ -106.007851059206033, 28.67045094490183 ], [ -106.008120553791272, 28.67045094490183 ], [ -106.008120553791272, 28.670181450316594 ], [ -106.008390048376512, 28.670181450316594 ], [ -106.008390048376512, 28.669642461146122 ], [ -106.008659542961752, 28.669642461146122 ], [ -106.008659542961752, 28.669372966560886 ], [ -106.008929037546977, 28.669372966560886 ], [ -106.008929037546977, 28.669103471975649 ], [ -106.009198532132217, 28.669103471975649 ], [ -106.009198532132217, 28.669911955731358 ], [ -106.008929037546977, 28.669911955731358 ], [ -106.008929037546977, 28.67045094490183 ], [ -106.008659542961752, 28.67045094490183 ], [ -106.008659542961752, 28.670720439487063 ], [ -106.008390048376512, 28.670720439487063 ], [ -106.008390048376512, 28.671259428657535 ], [ -106.007851059206033, 28.671259428657535 ], [ -106.007851059206033, 28.671528923242771 ] ] ] ] } },
{ "type": "Feature", "properties": { "ZONA_MET": "Chihuahua", "INTENSIDAD": "Extrema", "T_PROM_POL": 4.0, "T_MIN_CIUD": 1.0, "DIF_TERMIC": 2.0 }, "geometry": { "type": "MultiPolygon", "coordinates": [ [ [ [ -105.937782467044713, 28.669103471975649 ], [ -105.936165499533303, 28.669103471975649 ], [ -105.936165499533303, 28.668833977390413 ], [ -105.935626510362823, 28.668833977390413 ], [ -105.935626510362823, 28.668564482805177 ], [ -105.936434994118542, 28.668564482805177 ], [ -105.936434994118542, 28.668294988219941 ], [ -105.936704488703768, 28.668294988219941 ], [ -105.936704488703768, 28.668564482805177 ], [ -105.937243477874247, 28.668564482805177 ], [ -105.937243477874247, 28.668833977390413 ], [ -105.937782467044713, 28.668833977390413 ], [ -105.937782467044713, 28.669103471975649 ] ] ] ] } },
{ "type": "Feature", "properties": { "ZONA_MET": "Chihuahua", "INTENSIDAD": "Intensa", "T_PROM_POL": 3.0, "T_MIN_CIUD": 1.0, "DIF_TERMIC": 2.0 }, "geometry": { "type": "MultiPolygon", "coordinates": [ [ [ [ -105.980093116926739, 28.672067912413244 ], [ -105.979823622341513, 28.672067912413244 ], [ -105.979823622341513, 28.671798417828008 ], [ -105.979554127756273, 28.671798417828008 ], [ -105.979554127756273, 28.672067912413244 ], [ -105.979284633171034, 28.672067912413244 ], [ -105.979284633171034, 28.671528923242771 ], [ -105.979554127756273, 28.671528923242771 ], [ -105.979554127756273, 28.671259428657535 ], [ -105.979284633171034, 28.671259428657535 ], [ -105.979284633171034, 28.670720439487063 ], [ -105.979015138585808, 28.670720439487063 ], [ -105.979015138585808, 28.67045094490183 ], [ -105.978745644000568, 28.67045094490183 ], [ -105.978745644000568, 28.670181450316594 ], [ -105.978476149415329, 28.670181450316594 ], [ -105.978476149415329, 28.669911955731358 ], [ -105.977667665659624, 28.669911955731358 ], [ -105.977667665659624, 28.669642461146122 ], [ -105.977398171074384, 28.669642461146122 ], [ -105.977398171074384, 28.669372966560886 ], [ -105.977128676489144, 28.669372966560886 ], [ -105.977128676489144, 28.669103471975649 ], [ -105.976589687318679, 28.669103471975649 ], [ -105.976589687318679, 28.668294988219941 ], [ -105.976320192733439, 28.668294988219941 ], [ -105.976320192733439, 28.667755999049469 ], [ -105.976589687318679, 28.667755999049469 ], [ -105.976589687318679, 28.667486504464236 ], [ -105.977128676489144, 28.667486504464236 ], [ -105.977128676489144, 28.667755999049469 ], [ -105.977398171074384, 28.667755999049469 ], [ -105.977398171074384, 28.668025493634705 ], [ -105.977667665659624, 28.668025493634705 ], [ -105.977667665659624, 28.667755999049469 ], [ -105.977937160244863, 28.667755999049469 ], [ -105.977937160244863, 28.668025493634705 ], [ -105.978206654830089, 28.668025493634705 ], [ -105.978206654830089, 28.668294988219941 ], [ -105.978476149415329, 28.668294988219941 ], [ -105.978476149415329, 28.668564482805177 ], [ -105.977667665659624, 28.668564482805177 ], [ -105.977667665659624, 28.669103471975649 ], [ -105.978206654830089, 28.669103471975649 ], [ -105.978206654830089, 28.669372966560886 ], [ -105.978476149415329, 28.669372966560886 ], [ -105.978476149415329, 28.669642461146122 ], [ -105.978745644000568, 28.669642461146122 ], [ -105.978745644000568, 28.668833977390413 ], [ -105.979284633171034, 28.668833977390413 ], [ -105.979284633171034, 28.669911955731358 ], [ -105.979554127756273, 28.669911955731358 ], [ -105.979554127756273, 28.670181450316594 ], [ -105.979284633171034, 28.670181450316594 ], [ -105.979284633171034, 28.67045094490183 ], [ -105.979823622341513, 28.67045094490183 ], [ -105.979823622341513, 28.670989934072299 ], [ -105.980093116926739, 28.670989934072299 ], [ -105.980093116926739, 28.672067912413244 ] ] ] ] } },
{ "type": "Feature", "properties": { "ZONA_MET": "Chihuahua", "INTENSIDAD": "Intensa", "T_PROM_POL": 3.0, "T_MIN_CIUD": 1.0, "DIF_TERMIC": 2.0 }, "geometry": { "type": "MultiPolygon", "coordinates": [ [ [ [ -106.084118026827781, 28.669103471975649 ], [ -106.083040048486836, 28.669103471975649 ], [ -106.083040048486836, 28.667486504464236 ], [ -106.083848532242541, 28.667486504464236 ], [ -106.083848532242541, 28.668025493634705 ], [ -106.084118026827781, 28.668025493634705 ], [ -106.084118026827781, 28.668564482805177 ], [ -106.084387521413021, 28.668564482805177 ], [ -106.084387521413021, 28.668833977390413 ], [ -106.084118026827781, 28.668833977390413 ], [ -106.084118026827781, 28.669103471975649 ] ], [ [ -106.083848532242541, 28.668294988219941 ], [ -106.083848532242541, 28.668025493634705 ], [ -106.083309543072076, 28.668025493634705 ], [ -106.083309543072076, 28.668294988219941 ], [ -106.083848532242541, 28.668294988219941 ] ] ] ] } },
{ "type": "Feature", "properties": { "ZONA_MET": "Chihuahua", "INTENSIDAD": "Intensa", "T_PROM_POL": 4.0, "T_MIN_CIUD": 1.0, "DIF_TERMIC": 2.0 }, "geometry": { "type": "MultiPolygon", "coordinates": [ [ [ [ -105.990064416580466, 28.670181450316594 ], [ -105.989794921995241, 28.670181450316594 ], [ -105.989794921995241, 28.669911955731358 ], [ -105.989525427410001, 28.669911955731358 ], [ -105.989525427410001, 28.668833977390413 ], [ -105.989255932824761, 28.668833977390413 ], [ -105.989255932824761, 28.668294988219941 ], [ -105.988986438239522, 28.668294988219941 ], [ -105.988986438239522, 28.667755999049469 ], [ -105.988716943654296, 28.667755999049469 ], [ -105.988716943654296, 28.667217009879 ], [ -105.988986438239522, 28.667217009879 ], [ -105.988986438239522, 28.667486504464236 ], [ -105.989255932824761, 28.667486504464236 ], [ -105.989255932824761, 28.668025493634705 ], [ -105.989525427410001, 28.668025493634705 ], [ -105.989525427410001, 28.668564482805177 ], [ -105.989794921995241, 28.668564482805177 ], [ -105.989794921995241, 28.669372966560886 ], [ -105.990064416580466, 28.669372966560886 ], [ -105.990064416580466, 28.670181450316594 ] ] ] ] } },
{ "type": "Feature", "properties": { "ZONA_MET": "Chihuahua", "INTENSIDAD": "Intensa", "T_PROM_POL": 4.0, "T_MIN_CIUD": 1.0, "DIF_TERMIC": 2.0 }, "geometry": { "type": "MultiPolygon", "coordinates": [ [ [ [ -105.950987701721274, 28.669372966560886 ], [ -105.950448712550795, 28.669372966560886 ], [ -105.950448712550795, 28.669103471975649 ], [ -105.950718207136035, 28.669103471975649 ], [ -105.950718207136035, 28.668564482805177 ], [ -105.950448712550795, 28.668564482805177 ], [ -105.950448712550795, 28.668294988219941 ], [ -105.949370734209865, 28.668294988219941 ], [ -105.949370734209865, 28.668025493634705 ], [ -105.950179217965569, 28.668025493634705 ], [ -105.950179217965569, 28.667755999049469 ], [ -105.950718207136035, 28.667755999049469 ], [ -105.950718207136035, 28.668294988219941 ], [ -105.950987701721274, 28.668294988219941 ], [ -105.950987701721274, 28.667486504464236 ], [ -105.951257196306514, 28.667486504464236 ], [ -105.951257196306514, 28.667217009879 ], [ -105.95152669089174, 28.667217009879 ], [ -105.95152669089174, 28.666947515293764 ], [ -105.951796185476979, 28.666947515293764 ], [ -105.951796185476979, 28.667217009879 ], [ -105.952065680062219, 28.667217009879 ], [ -105.952065680062219, 28.667486504464236 ], [ -105.951796185476979, 28.667486504464236 ], [ -105.951796185476979, 28.667755999049469 ], [ -105.95152669089174, 28.667755999049469 ], [ -105.95152669089174, 28.668025493634705 ], [ -105.951257196306514, 28.668025493634705 ], [ -105.951257196306514, 28.668564482805177 ], [ -105.952065680062219, 28.668564482805177 ], [ -105.952065680062219, 28.668833977390413 ], [ -105.950987701721274, 28.668833977390413 ], [ -105.950987701721274, 28.669372966560886 ] ] ] ] } },
{ "type": "Feature", "properties": { "ZONA_MET": "Chihuahua", "INTENSIDAD": "Intensa", "T_PROM_POL": 3.0, "T_MIN_CIUD": 1.0, "DIF_TERMIC": 2.0 }, "geometry": { "type": "MultiPolygon", "coordinates": [ [ [ [ -105.939938423726602, 28.669642461146122 ], [ -105.939668929141362, 28.669642461146122 ], [ -105.939668929141362, 28.669372966560886 ], [ -105.938321456215192, 28.669372966560886 ], [ -105.938321456215192, 28.669103471975649 ], [ -105.938051961629952, 28.669103471975649 ], [ -105.938051961629952, 28.668564482805177 ], [ -105.938321456215192, 28.668564482805177 ], [ -105.938321456215192, 28.667755999049469 ], [ -105.938051961629952, 28.667755999049469 ], [ -105.938051961629952, 28.667486504464236 ], [ -105.938321456215192, 28.667486504464236 ], [ -105.938321456215192, 28.667217009879 ], [ -105.938590950800418, 28.667217009879 ], [ -105.938590950800418, 28.666678020708527 ], [ -105.938860445385657, 28.666678020708527 ], [ -105.938860445385657, 28.667486504464236 ], [ -105.938590950800418, 28.667486504464236 ], [ -105.938590950800418, 28.668833977390413 ], [ -105.939129939970897, 28.668833977390413 ], [ -105.939129939970897, 28.669103471975649 ], [ -105.939938423726602, 28.669103471975649 ], [ -105.939938423726602, 28.669642461146122 ] ] ] ] } },
{ "type": "Feature", "properties": { "ZONA_MET": "Chihuahua", "INTENSIDAD": "Intensa", "T_PROM_POL": 3.0, "T_MIN_CIUD": 1.0, "DIF_TERMIC": 2.0 }, "geometry": { "type": "MultiPolygon", "coordinates": [ [ [ [ -105.956916582596463, 28.67045094490183 ], [ -105.956647088011223, 28.67045094490183 ], [ -105.956647088011223, 28.668025493634705 ], [ -105.956916582596463, 28.668025493634705 ], [ -105.956916582596463, 28.666408526123291 ], [ -105.956377593425984, 28.666408526123291 ], [ -105.956377593425984, 28.666678020708527 ], [ -105.956108098840758, 28.666678020708527 ], [ -105.956108098840758, 28.666408526123291 ], [ -105.955838604255518, 28.666408526123291 ], [ -105.955838604255518, 28.666678020708527 ], [ -105.954760625914574, 28.666678020708527 ], [ -105.954760625914574, 28.666947515293764 ], [ -105.954491131329334, 28.666947515293764 ], [ -105.954491131329334, 28.668025493634705 ], [ -105.954221636744109, 28.668025493634705 ], [ -105.954221636744109, 28.668294988219941 ], [ -105.953952142158869, 28.668294988219941 ], [ -105.953952142158869, 28.667486504464236 ], [ -105.954221636744109, 28.667486504464236 ], [ -105.954221636744109, 28.666408526123291 ], [ -105.953952142158869, 28.666408526123291 ], [ -105.953952142158869, 28.666947515293764 ], [ -105.953413152988389, 28.666947515293764 ], [ -105.953413152988389, 28.666408526123291 ], [ -105.953682647573629, 28.666408526123291 ], [ -105.953682647573629, 28.666139031538055 ], [ -105.953413152988389, 28.666139031538055 ], [ -105.953413152988389, 28.665869536952819 ], [ -105.953682647573629, 28.665869536952819 ], [ -105.953682647573629, 28.665600042367583 ], [ -105.953952142158869, 28.665600042367583 ], [ -105.953952142158869, 28.665869536952819 ], [ -105.954760625914574, 28.665869536952819 ], [ -105.954760625914574, 28.665600042367583 ], [ -105.955299615085053, 28.665600042367583 ], [ -105.955299615085053, 28.666139031538055 ], [ -105.955569109670279, 28.666139031538055 ], [ -105.955569109670279, 28.665869536952819 ], [ -105.956377593425984, 28.665869536952819 ], [ -105.956377593425984, 28.666139031538055 ], [ -105.957725066352168, 28.666139031538055 ], [ -105.957725066352168, 28.665869536952819 ], [ -105.957994560937408, 28.665869536952819 ], [ -105.957994560937408, 28.666408526123291 ], [ -105.957725066352168, 28.666408526123291 ], [ -105.957725066352168, 28.666678020708527 ], [ -105.957186077181703, 28.666678020708527 ], [ -105.957186077181703, 28.666947515293764 ], [ -105.957455571766928, 28.666947515293764 ], [ -105.957455571766928, 28.668294988219941 ], [ -105.957186077181703, 28.668294988219941 ], [ -105.957186077181703, 28.668833977390413 ], [ -105.956916582596463, 28.668833977390413 ], [ -105.956916582596463, 28.67045094490183 ] ], [ [ -105.955030120499814, 28.666408526123291 ], [ -105.955030120499814, 28.666139031538055 ], [ -105.954760625914574, 28.666139031538055 ], [ -105.954760625914574, 28.666408526123291 ], [ -105.955030120499814, 28.666408526123291 ] ] ] ] } },
{ "type": "Feature", "properties": { "ZONA_MET": "Chihuahua", "INTENSIDAD": "Intensa", "T_PROM_POL": 4.0, "T_MIN_CIUD": 1.0, "DIF_TERMIC": 2.0 }, "geometry": { "type": "MultiPolygon", "coordinates": [ [ [ [ -106.084387521413021, 28.666947515293764 ], [ -106.084118026827781, 28.666947515293764 ], [ -106.084118026827781, 28.666139031538055 ], [ -106.082770553901597, 28.666139031538055 ], [ -106.082770553901597, 28.665330547782347 ], [ -106.083309543072076, 28.665330547782347 ], [ -106.083309543072076, 28.66506105319711 ], [ -106.08465701599826, 28.66506105319711 ], [ -106.08465701599826, 28.665600042367583 ], [ -106.084387521413021, 28.665600042367583 ], [ -106.084387521413021, 28.666408526123291 ], [ -106.08465701599826, 28.666408526123291 ], [ -106.08465701599826, 28.666678020708527 ], [ -106.084387521413021, 28.666678020708527 ], [ -106.084387521413021, 28.666947515293764 ] ] ] ] } },
{ "type": "Feature", "properties": { "ZONA_MET": "Chihuahua", "INTENSIDAD": "Intensa", "T_PROM_POL": 4.0, "T_MIN_CIUD": 1.0, "DIF_TERMIC": 2.0 }, "geometry": { "type": "MultiPolygon", "coordinates": [ [ [ [ -105.960150517619297, 28.666947515293764 ], [ -105.959342033863578, 28.666947515293764 ], [ -105.959342033863578, 28.666408526123291 ], [ -105.959072539278353, 28.666408526123291 ], [ -105.959072539278353, 28.666139031538055 ], [ -105.958803044693113, 28.666139031538055 ], [ -105.958803044693113, 28.665869536952819 ], [ -105.959072539278353, 28.665869536952819 ], [ -105.959072539278353, 28.665330547782347 ], [ -105.958803044693113, 28.665330547782347 ], [ -105.958803044693113, 28.66506105319711 ], [ -105.959072539278353, 28.66506105319711 ], [ -105.959072539278353, 28.664791558611874 ], [ -105.959611528448818, 28.664791558611874 ], [ -105.959611528448818, 28.665330547782347 ], [ -105.960689506789763, 28.665330547782347 ], [ -105.960689506789763, 28.665869536952819 ], [ -105.960420012204523, 28.665869536952819 ], [ -105.960420012204523, 28.665600042367583 ], [ -105.960150517619297, 28.665600042367583 ], [ -105.960150517619297, 28.665869536952819 ], [ -105.959611528448818, 28.665869536952819 ], [ -105.959611528448818, 28.666139031538055 ], [ -105.960420012204523, 28.666139031538055 ], [ -105.960420012204523, 28.666678020708527 ], [ -105.960150517619297, 28.666678020708527 ], [ -105.960150517619297, 28.666947515293764 ] ], [ [ -105.960150517619297, 28.666678020708527 ], [ -105.960150517619297, 28.666408526123291 ], [ -105.959611528448818, 28.666408526123291 ], [ -105.959611528448818, 28.666678020708527 ], [ -105.960150517619297, 28.666678020708527 ] ], [ [ -105.959611528448818, 28.665869536952819 ], [ -105.959611528448818, 28.665600042367583 ], [ -105.959342033863578, 28.665600042367583 ], [ -105.959342033863578, 28.665869536952819 ], [ -105.959611528448818, 28.665869536952819 ] ] ] ] } },
{ "type": "Feature", "properties": { "ZONA_MET": "Chihuahua", "INTENSIDAD": "Intensa", "T_PROM_POL": 4.0, "T_MIN_CIUD": 1.0, "DIF_TERMIC": 2.0 }, "geometry": { "type": "MultiPolygon", "coordinates": [ [ [ [ -105.97416423605155, 28.666678020708527 ], [ -105.973894741466324, 28.666678020708527 ], [ -105.973894741466324, 28.665869536952819 ], [ -105.97416423605155, 28.665869536952819 ], [ -105.97416423605155, 28.665600042367583 ], [ -105.97443373063679, 28.665600042367583 ], [ -105.97443373063679, 28.665330547782347 ], [ -105.975511708977734, 28.665330547782347 ], [ -105.975511708977734, 28.664522064026642 ], [ -105.975781203562974, 28.664522064026642 ], [ -105.975781203562974, 28.66506105319711 ], [ -105.976050698148214, 28.66506105319711 ], [ -105.976050698148214, 28.664522064026642 ], [ -105.976320192733439, 28.664522064026642 ], [ -105.976320192733439, 28.665600042367583 ], [ -105.976050698148214, 28.665600042367583 ], [ -105.976050698148214, 28.665869536952819 ], [ -105.976589687318679, 28.665869536952819 ], [ -105.976589687318679, 28.666408526123291 ], [ -105.976320192733439, 28.666408526123291 ], [ -105.976320192733439, 28.666139031538055 ], [ -105.976050698148214, 28.666139031538055 ], [ -105.976050698148214, 28.666408526123291 ], [ -105.975781203562974, 28.666408526123291 ], [ -105.975781203562974, 28.666139031538055 ], [ -105.975242214392495, 28.666139031538055 ], [ -105.975242214392495, 28.665869536952819 ], [ -105.974703225222029, 28.665869536952819 ], [ -105.974703225222029, 28.666139031538055 ], [ -105.97443373063679, 28.666139031538055 ], [ -105.97443373063679, 28.666408526123291 ], [ -105.97416423605155, 28.666408526123291 ], [ -105.97416423605155, 28.666678020708527 ] ] ] ] } },
{ "type": "Feature", "properties": { "ZONA_MET": "Chihuahua", "INTENSIDAD": "Intensa", "T_PROM_POL": 4.0, "T_MIN_CIUD": 1.0, "DIF_TERMIC": 2.0 }, "geometry": { "type": "MultiPolygon", "coordinates": [ [ [ [ -105.992759362432835, 28.666408526123291 ], [ -105.991950878677116, 28.666408526123291 ], [ -105.991950878677116, 28.665869536952819 ], [ -105.991681384091891, 28.665869536952819 ], [ -105.991681384091891, 28.665330547782347 ], [ -105.991950878677116, 28.665330547782347 ], [ -105.991950878677116, 28.66506105319711 ], [ -105.991681384091891, 28.66506105319711 ], [ -105.991681384091891, 28.664522064026642 ], [ -105.991411889506651, 28.664522064026642 ], [ -105.991411889506651, 28.663983074856169 ], [ -105.991142394921411, 28.663983074856169 ], [ -105.991142394921411, 28.663444085685697 ], [ -105.991681384091891, 28.663444085685697 ], [ -105.991681384091891, 28.663983074856169 ], [ -105.991950878677116, 28.663983074856169 ], [ -105.991950878677116, 28.664791558611874 ], [ -105.992220373262356, 28.664791558611874 ], [ -105.992220373262356, 28.665869536952819 ], [ -105.992489867847596, 28.665869536952819 ], [ -105.992489867847596, 28.666139031538055 ], [ -105.992759362432835, 28.666139031538055 ], [ -105.992759362432835, 28.666408526123291 ] ] ] ] } },
{ "type": "Feature", "properties": { "ZONA_MET": "Chihuahua", "INTENSIDAD": "Intensa", "T_PROM_POL": 3.0, "T_MIN_CIUD": 1.0, "DIF_TERMIC": 2.0 }, "geometry": { "type": "MultiPolygon", "coordinates": [ [ [ [ -106.039651420263866, 28.664522064026642 ], [ -106.0391124310934, 28.664522064026642 ], [ -106.0391124310934, 28.663983074856169 ], [ -106.038842936508161, 28.663983074856169 ], [ -106.038842936508161, 28.663713580270933 ], [ -106.038303947337695, 28.663713580270933 ], [ -106.038303947337695, 28.663444085685697 ], [ -106.038842936508161, 28.663444085685697 ], [ -106.038842936508161, 28.663174591100461 ], [ -106.039920914849105, 28.663174591100461 ], [ -106.039920914849105, 28.663444085685697 ], [ -106.040190409434345, 28.663444085685697 ], [ -106.040190409434345, 28.663713580270933 ], [ -106.039920914849105, 28.663713580270933 ], [ -106.039920914849105, 28.663983074856169 ], [ -106.039651420263866, 28.663983074856169 ], [ -106.039651420263866, 28.664522064026642 ] ], [ [ -106.039381925678626, 28.663983074856169 ], [ -106.039381925678626, 28.663713580270933 ], [ -106.0391124310934, 28.663713580270933 ], [ -106.0391124310934, 28.663983074856169 ], [ -106.039381925678626, 28.663983074856169 ] ] ] ] } },
{ "type": "Feature", "properties": { "ZONA_MET": "Chihuahua", "INTENSIDAD": "Intensa", "T_PROM_POL": 3.0, "T_MIN_CIUD": 1.0, "DIF_TERMIC": 2.0 }, "geometry": { "type": "MultiPolygon", "coordinates": [ [ [ [ -106.009198532132217, 28.665330547782347 ], [ -106.008929037546977, 28.665330547782347 ], [ -106.008929037546977, 28.664522064026642 ], [ -106.009198532132217, 28.664522064026642 ], [ -106.009198532132217, 28.664252569441405 ], [ -106.009468026717457, 28.664252569441405 ], [ -106.009468026717457, 28.663983074856169 ], [ -106.009737521302682, 28.663983074856169 ], [ -106.009737521302682, 28.663713580270933 ], [ -106.010007015887922, 28.663713580270933 ], [ -106.010007015887922, 28.663174591100461 ], [ -106.009737521302682, 28.663174591100461 ], [ -106.009737521302682, 28.662905096515225 ], [ -106.010276510473162, 28.662905096515225 ], [ -106.010276510473162, 28.663174591100461 ], [ -106.010546005058401, 28.663174591100461 ], [ -106.010546005058401, 28.663444085685697 ], [ -106.010815499643627, 28.663444085685697 ], [ -106.010815499643627, 28.663713580270933 ], [ -106.010546005058401, 28.663713580270933 ], [ -106.010546005058401, 28.664252569441405 ], [ -106.009737521302682, 28.664252569441405 ], [ -106.009737521302682, 28.664522064026642 ], [ -106.009468026717457, 28.664522064026642 ], [ -106.009468026717457, 28.664791558611874 ], [ -106.009198532132217, 28.664791558611874 ], [ -106.009198532132217, 28.665330547782347 ] ] ] ] } },
{ "type": "Feature", "properties": { "ZONA_MET": "Chihuahua", "INTENSIDAD": "Intensa", "T_PROM_POL": 3.0, "T_MIN_CIUD": 1.0, "DIF_TERMIC": 2.0 }, "geometry": { "type": "MultiPolygon", "coordinates": [ [ [ [ -105.951796185476979, 28.664791558611874 ], [ -105.95152669089174, 28.664791558611874 ], [ -105.95152669089174, 28.663444085685697 ], [ -105.951796185476979, 28.663444085685697 ], [ -105.951796185476979, 28.662905096515225 ], [ -105.951257196306514, 28.662905096515225 ], [ -105.951257196306514, 28.662635601929988 ], [ -105.95152669089174, 28.662635601929988 ], [ -105.95152669089174, 28.662366107344752 ], [ -105.951796185476979, 28.662366107344752 ], [ -105.951796185476979, 28.662635601929988 ], [ -105.952604669232684, 28.662635601929988 ], [ -105.952604669232684, 28.663174591100461 ], [ -105.952335174647459, 28.663174591100461 ], [ -105.952335174647459, 28.663444085685697 ], [ -105.952065680062219, 28.663444085685697 ], [ -105.952065680062219, 28.663983074856169 ], [ -105.951796185476979, 28.663983074856169 ], [ -105.951796185476979, 28.664791558611874 ] ] ] ] } },
{ "type": "Feature", "properties": { "ZONA_MET": "Chihuahua", "INTENSIDAD": "Extrema", "T_PROM_POL": 4.0, "T_MIN_CIUD": 1.0, "DIF_TERMIC": 2.0 }, "geometry": { "type": "MultiPolygon", "coordinates": [ [ [ [ -105.931314596999059, 28.666139031538055 ], [ -105.931045102413819, 28.666139031538055 ], [ -105.931045102413819, 28.664522064026642 ], [ -105.931314596999059, 28.664522064026642 ], [ -105.931314596999059, 28.663713580270933 ], [ -105.931584091584298, 28.663713580270933 ], [ -105.931584091584298, 28.662905096515225 ], [ -105.931853586169524, 28.662905096515225 ], [ -105.931853586169524, 28.662366107344752 ], [ -105.932123080754764, 28.662366107344752 ], [ -105.932123080754764, 28.663174591100461 ], [ -105.931853586169524, 28.663174591100461 ], [ -105.931853586169524, 28.663983074856169 ], [ -105.931584091584298, 28.663983074856169 ], [ -105.931584091584298, 28.66506105319711 ], [ -105.931314596999059, 28.66506105319711 ], [ -105.931314596999059, 28.666139031538055 ] ] ] ] } },
{ "type": "Feature", "properties": { "ZONA_MET": "Chihuahua", "INTENSIDAD": "Intensa", "T_PROM_POL": 3.0, "T_MIN_CIUD": 1.0, "DIF_TERMIC": 2.0 }, "geometry": { "type": "MultiPolygon", "coordinates": [ [ [ [ -105.991681384091891, 28.669642461146122 ], [ -105.991411889506651, 28.669642461146122 ], [ -105.991411889506651, 28.669372966560886 ], [ -105.991142394921411, 28.669372966560886 ], [ -105.991142394921411, 28.668833977390413 ], [ -105.990872900336186, 28.668833977390413 ], [ -105.990872900336186, 28.668564482805177 ], [ -105.991142394921411, 28.668564482805177 ], [ -105.991142394921411, 28.668294988219941 ], [ -105.990872900336186, 28.668294988219941 ], [ -105.990872900336186, 28.667755999049469 ], [ -105.991142394921411, 28.667755999049469 ], [ -105.991142394921411, 28.667217009879 ], [ -105.990872900336186, 28.667217009879 ], [ -105.990872900336186, 28.665869536952819 ], [ -105.990603405750946, 28.665869536952819 ], [ -105.990603405750946, 28.665600042367583 ], [ -105.990333911165706, 28.665600042367583 ], [ -105.990333911165706, 28.66506105319711 ], [ -105.990064416580466, 28.66506105319711 ], [ -105.990064416580466, 28.664252569441405 ], [ -105.989794921995241, 28.664252569441405 ], [ -105.989794921995241, 28.663713580270933 ], [ -105.989525427410001, 28.663713580270933 ], [ -105.989525427410001, 28.663444085685697 ], [ -105.989255932824761, 28.663444085685697 ], [ -105.989255932824761, 28.662635601929988 ], [ -105.988986438239522, 28.662635601929988 ], [ -105.988986438239522, 28.662096612759516 ], [ -105.989255932824761, 28.662096612759516 ], [ -105.989255932824761, 28.662366107344752 ], [ -105.989525427410001, 28.662366107344752 ], [ -105.989525427410001, 28.663174591100461 ], [ -105.989794921995241, 28.663174591100461 ], [ -105.989794921995241, 28.663444085685697 ], [ -105.990064416580466, 28.663444085685697 ], [ -105.990064416580466, 28.663983074856169 ], [ -105.990603405750946, 28.663983074856169 ], [ -105.990603405750946, 28.664522064026642 ], [ -105.990872900336186, 28.664522064026642 ], [ -105.990872900336186, 28.665600042367583 ], [ -105.991142394921411, 28.665600042367583 ], [ -105.991142394921411, 28.666678020708527 ], [ -105.991411889506651, 28.666678020708527 ], [ -105.991411889506651, 28.667486504464236 ], [ -105.991681384091891, 28.667486504464236 ], [ -105.991681384091891, 28.667755999049469 ], [ -105.991411889506651, 28.667755999049469 ], [ -105.991411889506651, 28.669103471975649 ], [ -105.991681384091891, 28.669103471975649 ], [ -105.991681384091891, 28.668833977390413 ], [ -105.991950878677116, 28.668833977390413 ], [ -105.991950878677116, 28.669103471975649 ], [ -105.992489867847596, 28.669103471975649 ], [ -105.992489867847596, 28.669372966560886 ], [ -105.991681384091891, 28.669372966560886 ], [ -105.991681384091891, 28.669642461146122 ] ] ] ] } },
{ "type": "Feature", "properties": { "ZONA_MET": "Chihuahua", "INTENSIDAD": "Intensa", "T_PROM_POL": 4.0, "T_MIN_CIUD": 1.0, "DIF_TERMIC": 2.0 }, "geometry": { "type": "MultiPolygon", "coordinates": [ [ [ [ -105.976050698148214, 28.664522064026642 ], [ -105.975781203562974, 28.664522064026642 ], [ -105.975781203562974, 28.663713580270933 ], [ -105.975511708977734, 28.663713580270933 ], [ -105.975511708977734, 28.663174591100461 ], [ -105.975242214392495, 28.663174591100461 ], [ -105.975242214392495, 28.662905096515225 ], [ -105.975781203562974, 28.662905096515225 ], [ -105.975781203562974, 28.662635601929988 ], [ -105.976050698148214, 28.662635601929988 ], [ -105.976050698148214, 28.662366107344752 ], [ -105.976859181903919, 28.662366107344752 ], [ -105.976859181903919, 28.662096612759516 ], [ -105.977128676489144, 28.662096612759516 ], [ -105.977128676489144, 28.662635601929988 ], [ -105.976859181903919, 28.662635601929988 ], [ -105.976859181903919, 28.662905096515225 ], [ -105.976320192733439, 28.662905096515225 ], [ -105.976320192733439, 28.663174591100461 ], [ -105.975781203562974, 28.663174591100461 ], [ -105.975781203562974, 28.663444085685697 ], [ -105.976050698148214, 28.663444085685697 ], [ -105.976050698148214, 28.664522064026642 ] ] ] ] } },
{ "type": "Feature", "properties": { "ZONA_MET": "Chihuahua", "INTENSIDAD": "Intensa", "T_PROM_POL": 3.0, "T_MIN_CIUD": 1.0, "DIF_TERMIC": 2.0 }, "geometry": { "type": "MultiPolygon", "coordinates": [ [ [ [ -106.037495463581976, 28.663444085685697 ], [ -106.037225968996751, 28.663444085685697 ], [ -106.037225968996751, 28.663174591100461 ], [ -106.036956474411511, 28.663174591100461 ], [ -106.036956474411511, 28.662905096515225 ], [ -106.036417485241031, 28.662905096515225 ], [ -106.036417485241031, 28.662635601929988 ], [ -106.036147990655806, 28.662635601929988 ], [ -106.036147990655806, 28.66182711817428 ], [ -106.037495463581976, 28.66182711817428 ], [ -106.037495463581976, 28.661557623589047 ], [ -106.038034452752456, 28.661557623589047 ], [ -106.038034452752456, 28.663174591100461 ], [ -106.037764958167216, 28.663174591100461 ], [ -106.037764958167216, 28.662905096515225 ], [ -106.037495463581976, 28.662905096515225 ], [ -106.037495463581976, 28.663444085685697 ] ], [ [ -106.037495463581976, 28.662905096515225 ], [ -106.037495463581976, 28.662635601929988 ], [ -106.037225968996751, 28.662635601929988 ], [ -106.037225968996751, 28.662905096515225 ], [ -106.037495463581976, 28.662905096515225 ] ], [ [ -106.037225968996751, 28.662366107344752 ], [ -106.037225968996751, 28.662096612759516 ], [ -106.036956474411511, 28.662096612759516 ], [ -106.036956474411511, 28.662366107344752 ], [ -106.037225968996751, 28.662366107344752 ] ] ] ] } },
{ "type": "Feature", "properties": { "ZONA_MET": "Chihuahua", "INTENSIDAD": "Intensa", "T_PROM_POL": 3.0, "T_MIN_CIUD": 1.0, "DIF_TERMIC": 2.0 }, "geometry": { "type": "MultiPolygon", "coordinates": [ [ [ [ -106.04261586070146, 28.662905096515225 ], [ -106.04234636611622, 28.662905096515225 ], [ -106.04234636611622, 28.662635601929988 ], [ -106.042076871530995, 28.662635601929988 ], [ -106.042076871530995, 28.662096612759516 ], [ -106.041807376945755, 28.662096612759516 ], [ -106.041807376945755, 28.66182711817428 ], [ -106.040459904019571, 28.66182711817428 ], [ -106.040459904019571, 28.661288129003811 ], [ -106.04126838777529, 28.661288129003811 ], [ -106.04126838777529, 28.661557623589047 ], [ -106.042076871530995, 28.661557623589047 ], [ -106.042076871530995, 28.66182711817428 ], [ -106.04261586070146, 28.66182711817428 ], [ -106.04261586070146, 28.662096612759516 ], [ -106.0428853552867, 28.662096612759516 ], [ -106.0428853552867, 28.662366107344752 ], [ -106.04261586070146, 28.662366107344752 ], [ -106.04261586070146, 28.662905096515225 ] ] ] ] } },
{ "type": "Feature", "properties": { "ZONA_MET": "Chihuahua", "INTENSIDAD": "Intensa", "T_PROM_POL": 4.0, "T_MIN_CIUD": 1.0, "DIF_TERMIC": 2.0 }, "geometry": { "type": "MultiPolygon", "coordinates": [ [ [ [ -106.040190409434345, 28.662366107344752 ], [ -106.039381925678626, 28.662366107344752 ], [ -106.039381925678626, 28.662096612759516 ], [ -106.038842936508161, 28.662096612759516 ], [ -106.038842936508161, 28.66182711817428 ], [ -106.038573441922921, 28.66182711817428 ], [ -106.038573441922921, 28.661288129003811 ], [ -106.038842936508161, 28.661288129003811 ], [ -106.038842936508161, 28.661557623589047 ], [ -106.039920914849105, 28.661557623589047 ], [ -106.039920914849105, 28.662096612759516 ], [ -106.040190409434345, 28.662096612759516 ], [ -106.040190409434345, 28.662366107344752 ] ] ] ] } },
{ "type": "Feature", "properties": { "ZONA_MET": "Chihuahua", "INTENSIDAD": "Intensa", "T_PROM_POL": 4.0, "T_MIN_CIUD": 1.0, "DIF_TERMIC": 2.0 }, "geometry": { "type": "MultiPolygon", "coordinates": [ [ [ [ -106.009737521302682, 28.662905096515225 ], [ -106.009468026717457, 28.662905096515225 ], [ -106.009468026717457, 28.662635601929988 ], [ -106.008929037546977, 28.662635601929988 ], [ -106.008929037546977, 28.662366107344752 ], [ -106.008390048376512, 28.662366107344752 ], [ -106.008390048376512, 28.662635601929988 ], [ -106.007851059206033, 28.662635601929988 ], [ -106.007851059206033, 28.662366107344752 ], [ -106.007581564620807, 28.662366107344752 ], [ -106.007581564620807, 28.662096612759516 ], [ -106.007312070035567, 28.662096612759516 ], [ -106.007312070035567, 28.66182711817428 ], [ -106.007042575450328, 28.66182711817428 ], [ -106.007042575450328, 28.661557623589047 ], [ -106.006773080865088, 28.661557623589047 ], [ -106.006773080865088, 28.661288129003811 ], [ -106.006503586279862, 28.661288129003811 ], [ -106.006503586279862, 28.661018634418575 ], [ -106.006234091694623, 28.661018634418575 ], [ -106.006234091694623, 28.660479645248103 ], [ -106.006773080865088, 28.660479645248103 ], [ -106.006773080865088, 28.661018634418575 ], [ -106.007042575450328, 28.661018634418575 ], [ -106.007042575450328, 28.661288129003811 ], [ -106.007312070035567, 28.661288129003811 ], [ -106.007312070035567, 28.661557623589047 ], [ -106.007851059206033, 28.661557623589047 ], [ -106.007851059206033, 28.66182711817428 ], [ -106.008120553791272, 28.66182711817428 ], [ -106.008120553791272, 28.662096612759516 ], [ -106.009198532132217, 28.662096612759516 ], [ -106.009198532132217, 28.662366107344752 ], [ -106.009737521302682, 28.662366107344752 ], [ -106.009737521302682, 28.662905096515225 ] ] ] ] } },
{ "type": "Feature", "properties": { "ZONA_MET": "Chihuahua", "INTENSIDAD": "Intensa", "T_PROM_POL": 4.0, "T_MIN_CIUD": 1.0, "DIF_TERMIC": 2.0 }, "geometry": { "type": "MultiPolygon", "coordinates": [ [ [ [ -105.988986438239522, 28.662096612759516 ], [ -105.988716943654296, 28.662096612759516 ], [ -105.988716943654296, 28.661018634418575 ], [ -105.988986438239522, 28.661018634418575 ], [ -105.988986438239522, 28.660749139833339 ], [ -105.990064416580466, 28.660749139833339 ], [ -105.990064416580466, 28.660479645248103 ], [ -105.990333911165706, 28.660479645248103 ], [ -105.990333911165706, 28.660749139833339 ], [ -105.990603405750946, 28.660749139833339 ], [ -105.990603405750946, 28.661288129003811 ], [ -105.990872900336186, 28.661288129003811 ], [ -105.990872900336186, 28.661557623589047 ], [ -105.990333911165706, 28.661557623589047 ], [ -105.990333911165706, 28.661288129003811 ], [ -105.990064416580466, 28.661288129003811 ], [ -105.990064416580466, 28.661018634418575 ], [ -105.989794921995241, 28.661018634418575 ], [ -105.989794921995241, 28.661288129003811 ], [ -105.988986438239522, 28.661288129003811 ], [ -105.988986438239522, 28.662096612759516 ] ] ] ] } },
{ "type": "Feature", "properties": { "ZONA_MET": "Chihuahua", "INTENSIDAD": "Intensa", "T_PROM_POL": 3.0, "T_MIN_CIUD": 1.0, "DIF_TERMIC": 2.0 }, "geometry": { "type": "MultiPolygon", "coordinates": [ [ [ [ -105.94829275586892, 28.66506105319711 ], [ -105.947214777527975, 28.66506105319711 ], [ -105.947214777527975, 28.664791558611874 ], [ -105.94640629377227, 28.664791558611874 ], [ -105.94640629377227, 28.664522064026642 ], [ -105.94613679918703, 28.664522064026642 ], [ -105.94613679918703, 28.664252569441405 ], [ -105.946945282942735, 28.664252569441405 ], [ -105.946945282942735, 28.664522064026642 ], [ -105.947214777527975, 28.664522064026642 ], [ -105.947214777527975, 28.664252569441405 ], [ -105.94802326128368, 28.664252569441405 ], [ -105.94802326128368, 28.663983074856169 ], [ -105.94829275586892, 28.663983074856169 ], [ -105.94829275586892, 28.663174591100461 ], [ -105.948562250454145, 28.663174591100461 ], [ -105.948562250454145, 28.662635601929988 ], [ -105.94802326128368, 28.662635601929988 ], [ -105.94802326128368, 28.662905096515225 ], [ -105.94775376669844, 28.662905096515225 ], [ -105.94775376669844, 28.662366107344752 ], [ -105.946945282942735, 28.662366107344752 ], [ -105.946945282942735, 28.662096612759516 ], [ -105.946675788357496, 28.662096612759516 ], [ -105.946675788357496, 28.66182711817428 ], [ -105.94613679918703, 28.66182711817428 ], [ -105.94613679918703, 28.662096612759516 ], [ -105.945328315431325, 28.662096612759516 ], [ -105.945328315431325, 28.66182711817428 ], [ -105.945597810016551, 28.66182711817428 ], [ -105.945597810016551, 28.661557623589047 ], [ -105.94613679918703, 28.661557623589047 ], [ -105.94613679918703, 28.661288129003811 ], [ -105.946675788357496, 28.661288129003811 ], [ -105.946675788357496, 28.661018634418575 ], [ -105.94775376669844, 28.661018634418575 ], [ -105.94775376669844, 28.661288129003811 ], [ -105.94802326128368, 28.661288129003811 ], [ -105.94802326128368, 28.661557623589047 ], [ -105.94829275586892, 28.661557623589047 ], [ -105.94829275586892, 28.661018634418575 ], [ -105.948562250454145, 28.661018634418575 ], [ -105.948562250454145, 28.660479645248103 ], [ -105.948831745039385, 28.660479645248103 ], [ -105.948831745039385, 28.661557623589047 ], [ -105.948562250454145, 28.661557623589047 ], [ -105.948562250454145, 28.662096612759516 ], [ -105.949370734209865, 28.662096612759516 ], [ -105.949370734209865, 28.662366107344752 ], [ -105.949101239624625, 28.662366107344752 ], [ -105.949101239624625, 28.662635601929988 ], [ -105.948831745039385, 28.662635601929988 ], [ -105.948831745039385, 28.662905096515225 ], [ -105.949101239624625, 28.662905096515225 ], [ -105.949101239624625, 28.663983074856169 ], [ -105.948831745039385, 28.663983074856169 ], [ -105.948831745039385, 28.664791558611874 ], [ -105.94829275586892, 28.664791558611874 ], [ -105.94829275586892, 28.66506105319711 ] ], [ [ -105.946945282942735, 28.66182711817428 ], [ -105.946945282942735, 28.661557623589047 ], [ -105.946675788357496, 28.661557623589047 ], [ -105.946675788357496, 28.66182711817428 ], [ -105.946945282942735, 28.66182711817428 ] ], [ [ -105.947484272113201, 28.661557623589047 ], [ -105.947484272113201, 28.661288129003811 ], [ -105.947214777527975, 28.661288129003811 ], [ -105.947214777527975, 28.661557623589047 ], [ -105.947484272113201, 28.661557623589047 ] ] ] ] } },
{ "type": "Feature", "properties": { "ZONA_MET": "Chihuahua", "INTENSIDAD": "Intensa", "T_PROM_POL": 4.0, "T_MIN_CIUD": 1.0, "DIF_TERMIC": 2.0 }, "geometry": { "type": "MultiPolygon", "coordinates": [ [ [ [ -106.004886618768438, 28.661557623589047 ], [ -106.004078135012733, 28.661557623589047 ], [ -106.004078135012733, 28.661018634418575 ], [ -106.004347629597973, 28.661018634418575 ], [ -106.004347629597973, 28.661288129003811 ], [ -106.004617124183213, 28.661288129003811 ], [ -106.004617124183213, 28.660749139833339 ], [ -106.004886618768438, 28.660749139833339 ], [ -106.004886618768438, 28.660479645248103 ], [ -106.005156113353678, 28.660479645248103 ], [ -106.005156113353678, 28.660210150662866 ], [ -106.005964597109383, 28.660210150662866 ], [ -106.005964597109383, 28.660479645248103 ], [ -106.005425607938918, 28.660479645248103 ], [ -106.005425607938918, 28.660749139833339 ], [ -106.005156113353678, 28.660749139833339 ], [ -106.005156113353678, 28.661288129003811 ], [ -106.004886618768438, 28.661288129003811 ], [ -106.004886618768438, 28.661557623589047 ] ] ] ] } },
{ "type": "Feature", "properties": { "ZONA_MET": "Chihuahua", "INTENSIDAD": "Intensa", "T_PROM_POL": 4.0, "T_MIN_CIUD": 1.0, "DIF_TERMIC": 2.0 }, "geometry": { "type": "MultiPolygon", "coordinates": [ [ [ [ -105.961228495960242, 28.661288129003811 ], [ -105.960150517619297, 28.661288129003811 ], [ -105.960150517619297, 28.661018634418575 ], [ -105.959342033863578, 28.661018634418575 ], [ -105.959342033863578, 28.65994065607763 ], [ -105.959611528448818, 28.65994065607763 ], [ -105.959611528448818, 28.660210150662866 ], [ -105.960150517619297, 28.660210150662866 ], [ -105.960150517619297, 28.660749139833339 ], [ -105.960420012204523, 28.660749139833339 ], [ -105.960420012204523, 28.661018634418575 ], [ -105.960689506789763, 28.661018634418575 ], [ -105.960689506789763, 28.660749139833339 ], [ -105.961228495960242, 28.660749139833339 ], [ -105.961228495960242, 28.661288129003811 ] ], [ [ -105.959881023034058, 28.660749139833339 ], [ -105.959881023034058, 28.660479645248103 ], [ -105.959611528448818, 28.660479645248103 ], [ -105.959611528448818, 28.660749139833339 ], [ -105.959881023034058, 28.660749139833339 ] ] ] ] } },
{ "type": "Feature", "properties": { "ZONA_MET": "Chihuahua", "INTENSIDAD": "Intensa", "T_PROM_POL": 3.0, "T_MIN_CIUD": 1.0, "DIF_TERMIC": 2.0 }, "geometry": { "type": "MultiPolygon", "coordinates": [ [ [ [ -105.955030120499814, 28.663713580270933 ], [ -105.954221636744109, 28.663713580270933 ], [ -105.954221636744109, 28.663174591100461 ], [ -105.953952142158869, 28.663174591100461 ], [ -105.953952142158869, 28.662905096515225 ], [ -105.952874163817924, 28.662905096515225 ], [ -105.952874163817924, 28.662635601929988 ], [ -105.952604669232684, 28.662635601929988 ], [ -105.952604669232684, 28.662096612759516 ], [ -105.952065680062219, 28.662096612759516 ], [ -105.952065680062219, 28.661557623589047 ], [ -105.952335174647459, 28.661557623589047 ], [ -105.952335174647459, 28.661288129003811 ], [ -105.952874163817924, 28.661288129003811 ], [ -105.952874163817924, 28.660479645248103 ], [ -105.952335174647459, 28.660479645248103 ], [ -105.952335174647459, 28.661018634418575 ], [ -105.952065680062219, 28.661018634418575 ], [ -105.952065680062219, 28.660210150662866 ], [ -105.951796185476979, 28.660210150662866 ], [ -105.951796185476979, 28.659671161492394 ], [ -105.952335174647459, 28.659671161492394 ], [ -105.952335174647459, 28.65994065607763 ], [ -105.952604669232684, 28.65994065607763 ], [ -105.952604669232684, 28.660210150662866 ], [ -105.952874163817924, 28.660210150662866 ], [ -105.952874163817924, 28.65994065607763 ], [ -105.953143658403164, 28.65994065607763 ], [ -105.953143658403164, 28.660210150662866 ], [ -105.953413152988389, 28.660210150662866 ], [ -105.953413152988389, 28.660479645248103 ], [ -105.953952142158869, 28.660479645248103 ], [ -105.953952142158869, 28.65994065607763 ], [ -105.954221636744109, 28.65994065607763 ], [ -105.954221636744109, 28.660210150662866 ], [ -105.955569109670279, 28.660210150662866 ], [ -105.955569109670279, 28.662096612759516 ], [ -105.955299615085053, 28.662096612759516 ], [ -105.955299615085053, 28.66182711817428 ], [ -105.955030120499814, 28.66182711817428 ], [ -105.955030120499814, 28.662096612759516 ], [ -105.954760625914574, 28.662096612759516 ], [ -105.954760625914574, 28.662366107344752 ], [ -105.955030120499814, 28.662366107344752 ], [ -105.955030120499814, 28.662905096515225 ], [ -105.954760625914574, 28.662905096515225 ], [ -105.954760625914574, 28.663174591100461 ], [ -105.955030120499814, 28.663174591100461 ], [ -105.955030120499814, 28.663713580270933 ] ], [ [ -105.954491131329334, 28.663174591100461 ], [ -105.954491131329334, 28.662905096515225 ], [ -105.954221636744109, 28.662905096515225 ], [ -105.954221636744109, 28.663174591100461 ], [ -105.954491131329334, 28.663174591100461 ] ], [ [ -105.954760625914574, 28.66182711817428 ], [ -105.954760625914574, 28.661557623589047 ], [ -105.954491131329334, 28.661557623589047 ], [ -105.954491131329334, 28.66182711817428 ], [ -105.954760625914574, 28.66182711817428 ] ], [ [ -105.954221636744109, 28.66182711817428 ], [ -105.954221636744109, 28.661288129003811 ], [ -105.953952142158869, 28.661288129003811 ], [ -105.953952142158869, 28.66182711817428 ], [ -105.954221636744109, 28.66182711817428 ] ], [ [ -105.954760625914574, 28.661018634418575 ], [ -105.954760625914574, 28.660749139833339 ], [ -105.954491131329334, 28.660749139833339 ], [ -105.954491131329334, 28.661018634418575 ], [ -105.954760625914574, 28.661018634418575 ] ], [ [ -105.954221636744109, 28.661018634418575 ], [ -105.954221636744109, 28.660749139833339 ], [ -105.953952142158869, 28.660749139833339 ], [ -105.953952142158869, 28.661018634418575 ], [ -105.954221636744109, 28.661018634418575 ] ] ] ] } },
{ "type": "Feature", "properties": { "ZONA_MET": "Chihuahua", "INTENSIDAD": "Intensa", "T_PROM_POL": 3.0, "T_MIN_CIUD": 1.0, "DIF_TERMIC": 2.0 }, "geometry": { "type": "MultiPolygon", "coordinates": [ [ [ [ -105.949101239624625, 28.65994065607763 ], [ -105.94802326128368, 28.65994065607763 ], [ -105.94802326128368, 28.659132172321922 ], [ -105.949370734209865, 28.659132172321922 ], [ -105.949370734209865, 28.659671161492394 ], [ -105.949101239624625, 28.659671161492394 ], [ -105.949101239624625, 28.65994065607763 ] ] ] ] } },
{ "type": "Feature", "properties": { "ZONA_MET": "Chihuahua", "INTENSIDAD": "Intensa", "T_PROM_POL": 3.0, "T_MIN_CIUD": 1.0, "DIF_TERMIC": 2.0 }, "geometry": { "type": "MultiPolygon", "coordinates": [ [ [ [ -105.96904383893208, 28.659401666907158 ], [ -105.966887882250191, 28.659401666907158 ], [ -105.966887882250191, 28.659132172321922 ], [ -105.967426871420656, 28.659132172321922 ], [ -105.967426871420656, 28.658862677736685 ], [ -105.969582828102546, 28.658862677736685 ], [ -105.969582828102546, 28.659132172321922 ], [ -105.96904383893208, 28.659132172321922 ], [ -105.96904383893208, 28.659401666907158 ] ] ] ] } },
{ "type": "Feature", "properties": { "ZONA_MET": "Chihuahua", "INTENSIDAD": "Intensa", "T_PROM_POL": 4.0, "T_MIN_CIUD": 1.0, "DIF_TERMIC": 2.0 }, "geometry": { "type": "MultiPolygon", "coordinates": [ [ [ [ -105.957455571766928, 28.659401666907158 ], [ -105.956108098840758, 28.659401666907158 ], [ -105.956108098840758, 28.658593183151453 ], [ -105.956377593425984, 28.658593183151453 ], [ -105.956377593425984, 28.658054193980981 ], [ -105.956647088011223, 28.658054193980981 ], [ -105.956647088011223, 28.657784699395744 ], [ -105.957186077181703, 28.657784699395744 ], [ -105.957186077181703, 28.658054193980981 ], [ -105.957455571766928, 28.658054193980981 ], [ -105.957455571766928, 28.657784699395744 ], [ -105.957725066352168, 28.657784699395744 ], [ -105.957725066352168, 28.658054193980981 ], [ -105.958803044693113, 28.658054193980981 ], [ -105.958803044693113, 28.658323688566217 ], [ -105.957186077181703, 28.658323688566217 ], [ -105.957186077181703, 28.658593183151453 ], [ -105.956916582596463, 28.658593183151453 ], [ -105.956916582596463, 28.659132172321922 ], [ -105.957455571766928, 28.659132172321922 ], [ -105.957455571766928, 28.659401666907158 ] ] ] ] } },
{ "type": "Feature", "properties": { "ZONA_MET": "Chihuahua", "INTENSIDAD": "Intensa", "T_PROM_POL": 4.0, "T_MIN_CIUD": 1.0, "DIF_TERMIC": 2.0 }, "geometry": { "type": "MultiPolygon", "coordinates": [ [ [ [ -105.988986438239522, 28.660749139833339 ], [ -105.988716943654296, 28.660749139833339 ], [ -105.988716943654296, 28.660479645248103 ], [ -105.987908459898591, 28.660479645248103 ], [ -105.987908459898591, 28.660210150662866 ], [ -105.987638965313351, 28.660210150662866 ], [ -105.987638965313351, 28.659671161492394 ], [ -105.987369470728112, 28.659671161492394 ], [ -105.987369470728112, 28.659132172321922 ], [ -105.987099976142872, 28.659132172321922 ], [ -105.987099976142872, 28.658862677736685 ], [ -105.987369470728112, 28.658862677736685 ], [ -105.987369470728112, 28.658593183151453 ], [ -105.987099976142872, 28.658593183151453 ], [ -105.987099976142872, 28.658323688566217 ], [ -105.987369470728112, 28.658323688566217 ], [ -105.987369470728112, 28.658054193980981 ], [ -105.987638965313351, 28.658054193980981 ], [ -105.987638965313351, 28.658862677736685 ], [ -105.987908459898591, 28.658862677736685 ], [ -105.987908459898591, 28.659132172321922 ], [ -105.987638965313351, 28.659132172321922 ], [ -105.987638965313351, 28.659401666907158 ], [ -105.988177954483817, 28.659401666907158 ], [ -105.988177954483817, 28.65994065607763 ], [ -105.989525427410001, 28.65994065607763 ], [ -105.989525427410001, 28.659671161492394 ], [ -105.989794921995241, 28.659671161492394 ], [ -105.989794921995241, 28.659132172321922 ], [ -105.989525427410001, 28.659132172321922 ], [ -105.989525427410001, 28.658323688566217 ], [ -105.989255932824761, 28.658323688566217 ], [ -105.989255932824761, 28.658054193980981 ], [ -105.988986438239522, 28.658054193980981 ], [ -105.988986438239522, 28.657784699395744 ], [ -105.989255932824761, 28.657784699395744 ], [ -105.989255932824761, 28.657515204810508 ], [ -105.989525427410001, 28.657515204810508 ], [ -105.989525427410001, 28.658054193980981 ], [ -105.989794921995241, 28.658054193980981 ], [ -105.989794921995241, 28.658862677736685 ], [ -105.990064416580466, 28.658862677736685 ], [ -105.990064416580466, 28.659671161492394 ], [ -105.990333911165706, 28.659671161492394 ], [ -105.990333911165706, 28.660210150662866 ], [ -105.989255932824761, 28.660210150662866 ], [ -105.989255932824761, 28.660479645248103 ], [ -105.988986438239522, 28.660479645248103 ], [ -105.988986438239522, 28.660749139833339 ] ] ] ] } },
{ "type": "Feature", "properties": { "ZONA_MET": "Chihuahua", "INTENSIDAD": "Intensa", "T_PROM_POL": 3.0, "T_MIN_CIUD": 1.0, "DIF_TERMIC": 2.0 }, "geometry": { "type": "MultiPolygon", "coordinates": [ [ [ [ -105.946945282942735, 28.659671161492394 ], [ -105.945328315431325, 28.659671161492394 ], [ -105.945328315431325, 28.659401666907158 ], [ -105.944250337090381, 28.659401666907158 ], [ -105.944250337090381, 28.659671161492394 ], [ -105.943980842505141, 28.659671161492394 ], [ -105.943980842505141, 28.659401666907158 ], [ -105.943711347919901, 28.659401666907158 ], [ -105.943711347919901, 28.659132172321922 ], [ -105.943980842505141, 28.659132172321922 ], [ -105.943980842505141, 28.658862677736685 ], [ -105.944250337090381, 28.658862677736685 ], [ -105.944250337090381, 28.658323688566217 ], [ -105.944519831675606, 28.658323688566217 ], [ -105.944519831675606, 28.658054193980981 ], [ -105.944789326260846, 28.658054193980981 ], [ -105.944789326260846, 28.658323688566217 ], [ -105.945058820846086, 28.658323688566217 ], [ -105.945058820846086, 28.658862677736685 ], [ -105.945867304601791, 28.658862677736685 ], [ -105.945867304601791, 28.658593183151453 ], [ -105.94613679918703, 28.658593183151453 ], [ -105.94613679918703, 28.658054193980981 ], [ -105.94640629377227, 28.658054193980981 ], [ -105.94640629377227, 28.657515204810508 ], [ -105.946675788357496, 28.657515204810508 ], [ -105.946675788357496, 28.657784699395744 ], [ -105.946945282942735, 28.657784699395744 ], [ -105.946945282942735, 28.658054193980981 ], [ -105.946675788357496, 28.658054193980981 ], [ -105.946675788357496, 28.658593183151453 ], [ -105.947214777527975, 28.658593183151453 ], [ -105.947214777527975, 28.659401666907158 ], [ -105.946945282942735, 28.659401666907158 ], [ -105.946945282942735, 28.659671161492394 ] ] ] ] } },
{ "type": "Feature", "properties": { "ZONA_MET": "Chihuahua", "INTENSIDAD": "Intensa", "T_PROM_POL": 3.0, "T_MIN_CIUD": 1.0, "DIF_TERMIC": 2.0 }, "geometry": { "type": "MultiPolygon", "coordinates": [ [ [ [ -106.058246546645137, 28.658862677736685 ], [ -106.057438062889432, 28.658862677736685 ], [ -106.057438062889432, 28.658593183151453 ], [ -106.057168568304192, 28.658593183151453 ], [ -106.057168568304192, 28.658323688566217 ], [ -106.056899073718967, 28.658323688566217 ], [ -106.056899073718967, 28.657245710225272 ], [ -106.057707557474671, 28.657245710225272 ], [ -106.057707557474671, 28.657515204810508 ], [ -106.057977052059911, 28.657515204810508 ], [ -106.057977052059911, 28.657784699395744 ], [ -106.058246546645137, 28.657784699395744 ], [ -106.058246546645137, 28.658862677736685 ] ], [ [ -106.057707557474671, 28.658323688566217 ], [ -106.057707557474671, 28.658054193980981 ], [ -106.057168568304192, 28.658054193980981 ], [ -106.057168568304192, 28.658323688566217 ], [ -106.057707557474671, 28.658323688566217 ] ] ] ] } },
{ "type": "Feature", "properties": { "ZONA_MET": "Chihuahua", "INTENSIDAD": "Intensa", "T_PROM_POL": 3.0, "T_MIN_CIUD": 1.0, "DIF_TERMIC": 2.0 }, "geometry": { "type": "MultiPolygon", "coordinates": [ [ [ [ -105.94775376669844, 28.657784699395744 ], [ -105.947214777527975, 28.657784699395744 ], [ -105.947214777527975, 28.657515204810508 ], [ -105.947484272113201, 28.657515204810508 ], [ -105.947484272113201, 28.657245710225272 ], [ -105.947214777527975, 28.657245710225272 ], [ -105.947214777527975, 28.656976215640036 ], [ -105.946945282942735, 28.656976215640036 ], [ -105.946945282942735, 28.6567067210548 ], [ -105.94829275586892, 28.6567067210548 ], [ -105.94829275586892, 28.656976215640036 ], [ -105.948831745039385, 28.656976215640036 ], [ -105.948831745039385, 28.657245710225272 ], [ -105.94802326128368, 28.657245710225272 ], [ -105.94802326128368, 28.657515204810508 ], [ -105.94775376669844, 28.657515204810508 ], [ -105.94775376669844, 28.657784699395744 ] ] ] ] } },
{ "type": "Feature", "properties": { "ZONA_MET": "Chihuahua", "INTENSIDAD": "Intensa", "T_PROM_POL": 4.0, "T_MIN_CIUD": 1.0, "DIF_TERMIC": 2.0 }, "geometry": { "type": "MultiPolygon", "coordinates": [ [ [ [ -106.049083730747128, 28.657515204810508 ], [ -106.048544741576649, 28.657515204810508 ], [ -106.048544741576649, 28.657245710225272 ], [ -106.048005752406183, 28.657245710225272 ], [ -106.048005752406183, 28.656976215640036 ], [ -106.047197268650478, 28.656976215640036 ], [ -106.047197268650478, 28.6567067210548 ], [ -106.046119290309534, 28.6567067210548 ], [ -106.046119290309534, 28.656437226469563 ], [ -106.047466763235704, 28.656437226469563 ], [ -106.047466763235704, 28.6567067210548 ], [ -106.048544741576649, 28.6567067210548 ], [ -106.048544741576649, 28.656976215640036 ], [ -106.048814236161888, 28.656976215640036 ], [ -106.048814236161888, 28.657245710225272 ], [ -106.049083730747128, 28.657245710225272 ], [ -106.049083730747128, 28.657515204810508 ] ] ] ] } },
{ "type": "Feature", "properties": { "ZONA_MET": "Chihuahua", "INTENSIDAD": "Intensa", "T_PROM_POL": 4.0, "T_MIN_CIUD": 1.0, "DIF_TERMIC": 2.0 }, "geometry": { "type": "MultiPolygon", "coordinates": [ [ [ [ -105.97281676312538, 28.658593183151453 ], [ -105.97254726854014, 28.658593183151453 ], [ -105.97254726854014, 28.658054193980981 ], [ -105.9722777739549, 28.658054193980981 ], [ -105.9722777739549, 28.657784699395744 ], [ -105.972008279369675, 28.657784699395744 ], [ -105.972008279369675, 28.657515204810508 ], [ -105.97254726854014, 28.657515204810508 ], [ -105.97254726854014, 28.656976215640036 ], [ -105.973086257710619, 28.656976215640036 ], [ -105.973086257710619, 28.656437226469563 ], [ -105.97416423605155, 28.656437226469563 ], [ -105.97416423605155, 28.656167731884327 ], [ -105.97443373063679, 28.656167731884327 ], [ -105.97443373063679, 28.6567067210548 ], [ -105.97416423605155, 28.6567067210548 ], [ -105.97416423605155, 28.656976215640036 ], [ -105.973894741466324, 28.656976215640036 ], [ -105.973894741466324, 28.657245710225272 ], [ -105.973625246881085, 28.657245710225272 ], [ -105.973625246881085, 28.657515204810508 ], [ -105.973355752295845, 28.657515204810508 ], [ -105.973355752295845, 28.657784699395744 ], [ -105.97281676312538, 28.657784699395744 ], [ -105.97281676312538, 28.658593183151453 ] ] ] ] } },
{ "type": "Feature", "properties": { "ZONA_MET": "Chihuahua", "INTENSIDAD": "Intensa", "T_PROM_POL": 3.0, "T_MIN_CIUD": 1.0, "DIF_TERMIC": 2.0 }, "geometry": { "type": "MultiPolygon", "coordinates": [ [ [ [ -106.078458640537832, 28.664252569441405 ], [ -106.078189145952592, 28.664252569441405 ], [ -106.078189145952592, 28.663713580270933 ], [ -106.077919651367353, 28.663713580270933 ], [ -106.077919651367353, 28.661557623589047 ], [ -106.077650156782127, 28.661557623589047 ], [ -106.077650156782127, 28.66182711817428 ], [ -106.077380662196887, 28.66182711817428 ], [ -106.077380662196887, 28.662096612759516 ], [ -106.076841673026408, 28.662096612759516 ], [ -106.076841673026408, 28.661288129003811 ], [ -106.075224705514998, 28.661288129003811 ], [ -106.075224705514998, 28.661018634418575 ], [ -106.075763694685477, 28.661018634418575 ], [ -106.075763694685477, 28.660210150662866 ], [ -106.075494200100238, 28.660210150662866 ], [ -106.075494200100238, 28.65994065607763 ], [ -106.075224705514998, 28.65994065607763 ], [ -106.075224705514998, 28.659132172321922 ], [ -106.074955210929758, 28.659132172321922 ], [ -106.074955210929758, 28.658862677736685 ], [ -106.074416221759293, 28.658862677736685 ], [ -106.074416221759293, 28.657515204810508 ], [ -106.074146727174053, 28.657515204810508 ], [ -106.074146727174053, 28.6567067210548 ], [ -106.074416221759293, 28.6567067210548 ], [ -106.074416221759293, 28.655898237299091 ], [ -106.075224705514998, 28.655898237299091 ], [ -106.075224705514998, 28.656167731884327 ], [ -106.075494200100238, 28.656167731884327 ], [ -106.075494200100238, 28.656437226469563 ], [ -106.075763694685477, 28.656437226469563 ], [ -106.075763694685477, 28.655898237299091 ], [ -106.076033189270703, 28.655898237299091 ], [ -106.076033189270703, 28.656167731884327 ], [ -106.076302683855943, 28.656167731884327 ], [ -106.076302683855943, 28.657784699395744 ], [ -106.077111167611648, 28.657784699395744 ], [ -106.077111167611648, 28.658054193980981 ], [ -106.077650156782127, 28.658054193980981 ], [ -106.077650156782127, 28.658323688566217 ], [ -106.077919651367353, 28.658323688566217 ], [ -106.077919651367353, 28.658593183151453 ], [ -106.077650156782127, 28.658593183151453 ], [ -106.077650156782127, 28.658862677736685 ], [ -106.078189145952592, 28.658862677736685 ], [ -106.078189145952592, 28.660210150662866 ], [ -106.077919651367353, 28.660210150662866 ], [ -106.077919651367353, 28.65994065607763 ], [ -106.077650156782127, 28.65994065607763 ], [ -106.077650156782127, 28.660210150662866 ], [ -106.077111167611648, 28.660210150662866 ], [ -106.077111167611648, 28.660479645248103 ], [ -106.077380662196887, 28.660479645248103 ], [ -106.077380662196887, 28.660749139833339 ], [ -106.077919651367353, 28.660749139833339 ], [ -106.077919651367353, 28.660479645248103 ], [ -106.078458640537832, 28.660479645248103 ], [ -106.078458640537832, 28.660749139833339 ], [ -106.078728135123072, 28.660749139833339 ], [ -106.078728135123072, 28.65994065607763 ], [ -106.079267124293537, 28.65994065607763 ], [ -106.079267124293537, 28.660749139833339 ], [ -106.079806113464002, 28.660749139833339 ], [ -106.079806113464002, 28.661018634418575 ], [ -106.078458640537832, 28.661018634418575 ], [ -106.078458640537832, 28.661288129003811 ], [ -106.078189145952592, 28.661288129003811 ], [ -106.078189145952592, 28.661557623589047 ], [ -106.078458640537832, 28.661557623589047 ], [ -106.078458640537832, 28.662635601929988 ], [ -106.078728135123072, 28.662635601929988 ], [ -106.078728135123072, 28.662905096515225 ], [ -106.078997629708297, 28.662905096515225 ], [ -106.078997629708297, 28.663713580270933 ], [ -106.078728135123072, 28.663713580270933 ], [ -106.078728135123072, 28.663174591100461 ], [ -106.078189145952592, 28.663174591100461 ], [ -106.078189145952592, 28.663444085685697 ], [ -106.078458640537832, 28.663444085685697 ], [ -106.078458640537832, 28.664252569441405 ] ], [ [ -106.077111167611648, 28.661288129003811 ], [ -106.077111167611648, 28.661018634418575 ], [ -106.076841673026408, 28.661018634418575 ], [ -106.076841673026408, 28.661288129003811 ], [ -106.077111167611648, 28.661288129003811 ] ], [ [ -106.076841673026408, 28.660749139833339 ], [ -106.076841673026408, 28.660479645248103 ], [ -106.076572178441182, 28.660479645248103 ], [ -106.076572178441182, 28.660749139833339 ], [ -106.076841673026408, 28.660749139833339 ] ], [ [ -106.077380662196887, 28.659401666907158 ], [ -106.077380662196887, 28.658323688566217 ], [ -106.077111167611648, 28.658323688566217 ], [ -106.077111167611648, 28.659132172321922 ], [ -106.076572178441182, 28.659132172321922 ], [ -106.076572178441182, 28.659401666907158 ], [ -106.077380662196887, 28.659401666907158 ] ], [ [ -106.075494200100238, 28.659132172321922 ], [ -106.075494200100238, 28.658862677736685 ], [ -106.075224705514998, 28.658862677736685 ], [ -106.075224705514998, 28.659132172321922 ], [ -106.075494200100238, 28.659132172321922 ] ], [ [ -106.077111167611648, 28.658323688566217 ], [ -106.077111167611648, 28.658054193980981 ], [ -106.076572178441182, 28.658054193980981 ], [ -106.076572178441182, 28.658323688566217 ], [ -106.077111167611648, 28.658323688566217 ] ], [ [ -106.075494200100238, 28.658054193980981 ], [ -106.075494200100238, 28.657784699395744 ], [ -106.075763694685477, 28.657784699395744 ], [ -106.075763694685477, 28.656976215640036 ], [ -106.075494200100238, 28.656976215640036 ], [ -106.075494200100238, 28.6567067210548 ], [ -106.074955210929758, 28.6567067210548 ], [ -106.074955210929758, 28.657245710225272 ], [ -106.075224705514998, 28.657245710225272 ], [ -106.075224705514998, 28.658054193980981 ], [ -106.075494200100238, 28.658054193980981 ] ], [ [ -106.076033189270703, 28.6567067210548 ], [ -106.076033189270703, 28.656437226469563 ], [ -106.075763694685477, 28.656437226469563 ], [ -106.075763694685477, 28.6567067210548 ], [ -106.076033189270703, 28.6567067210548 ] ] ] ] } },
{ "type": "Feature", "properties": { "ZONA_MET": "Chihuahua", "INTENSIDAD": "Intensa", "T_PROM_POL": 3.0, "T_MIN_CIUD": 1.0, "DIF_TERMIC": 2.0 }, "geometry": { "type": "MultiPolygon", "coordinates": [ [ [ [ -106.004617124183213, 28.658054193980981 ], [ -106.004078135012733, 28.658054193980981 ], [ -106.004078135012733, 28.657784699395744 ], [ -106.003808640427494, 28.657784699395744 ], [ -106.003808640427494, 28.657245710225272 ], [ -106.004078135012733, 28.657245710225272 ], [ -106.004078135012733, 28.656976215640036 ], [ -106.003269651257028, 28.656976215640036 ], [ -106.003269651257028, 28.657245710225272 ], [ -106.002730662086563, 28.657245710225272 ], [ -106.002730662086563, 28.656976215640036 ], [ -106.003000156671789, 28.656976215640036 ], [ -106.003000156671789, 28.6567067210548 ], [ -106.003808640427494, 28.6567067210548 ], [ -106.003808640427494, 28.656437226469563 ], [ -106.003539145842268, 28.656437226469563 ], [ -106.003539145842268, 28.655898237299091 ], [ -106.004078135012733, 28.655898237299091 ], [ -106.004078135012733, 28.656167731884327 ], [ -106.004617124183213, 28.656167731884327 ], [ -106.004617124183213, 28.6567067210548 ], [ -106.004347629597973, 28.6567067210548 ], [ -106.004347629597973, 28.657515204810508 ], [ -106.004617124183213, 28.657515204810508 ], [ -106.004617124183213, 28.658054193980981 ] ] ] ] } },
{ "type": "Feature", "properties": { "ZONA_MET": "Chihuahua", "INTENSIDAD": "Intensa", "T_PROM_POL": 4.0, "T_MIN_CIUD": 1.0, "DIF_TERMIC": 2.0 }, "geometry": { "type": "MultiPolygon", "coordinates": [ [ [ [ -105.978206654830089, 28.657515204810508 ], [ -105.977398171074384, 28.657515204810508 ], [ -105.977398171074384, 28.657245710225272 ], [ -105.976859181903919, 28.657245710225272 ], [ -105.976859181903919, 28.6567067210548 ], [ -105.976589687318679, 28.6567067210548 ], [ -105.976589687318679, 28.656976215640036 ], [ -105.976320192733439, 28.656976215640036 ], [ -105.976320192733439, 28.6567067210548 ], [ -105.976050698148214, 28.6567067210548 ], [ -105.976050698148214, 28.656167731884327 ], [ -105.976320192733439, 28.656167731884327 ], [ -105.976320192733439, 28.655898237299091 ], [ -105.976589687318679, 28.655898237299091 ], [ -105.976589687318679, 28.656167731884327 ], [ -105.976859181903919, 28.656167731884327 ], [ -105.976859181903919, 28.656437226469563 ], [ -105.977128676489144, 28.656437226469563 ], [ -105.977128676489144, 28.656167731884327 ], [ -105.978206654830089, 28.656167731884327 ], [ -105.978206654830089, 28.656437226469563 ], [ -105.978745644000568, 28.656437226469563 ], [ -105.978745644000568, 28.6567067210548 ], [ -105.978476149415329, 28.6567067210548 ], [ -105.978476149415329, 28.656976215640036 ], [ -105.978206654830089, 28.656976215640036 ], [ -105.978206654830089, 28.657515204810508 ] ], [ [ -105.977398171074384, 28.6567067210548 ], [ -105.977398171074384, 28.656437226469563 ], [ -105.977128676489144, 28.656437226469563 ], [ -105.977128676489144, 28.6567067210548 ], [ -105.977398171074384, 28.6567067210548 ] ] ] ] } },
{ "type": "Feature", "properties": { "ZONA_MET": "Chihuahua", "INTENSIDAD": "Extrema", "T_PROM_POL": 4.0, "T_MIN_CIUD": 1.0, "DIF_TERMIC": 2.0 }, "geometry": { "type": "MultiPolygon", "coordinates": [ [ [ [ -105.973086257710619, 28.656976215640036 ], [ -105.97254726854014, 28.656976215640036 ], [ -105.97254726854014, 28.6567067210548 ], [ -105.9722777739549, 28.6567067210548 ], [ -105.9722777739549, 28.656437226469563 ], [ -105.97254726854014, 28.656437226469563 ], [ -105.97254726854014, 28.655628742713859 ], [ -105.973625246881085, 28.655628742713859 ], [ -105.973625246881085, 28.655898237299091 ], [ -105.973894741466324, 28.655898237299091 ], [ -105.973894741466324, 28.655628742713859 ], [ -105.97416423605155, 28.655628742713859 ], [ -105.97416423605155, 28.655898237299091 ], [ -105.97443373063679, 28.655898237299091 ], [ -105.97443373063679, 28.656167731884327 ], [ -105.97416423605155, 28.656167731884327 ], [ -105.97416423605155, 28.656437226469563 ], [ -105.973086257710619, 28.656437226469563 ], [ -105.973086257710619, 28.656976215640036 ] ] ] ] } },
{ "type": "Feature", "properties": { "ZONA_MET": "Chihuahua", "INTENSIDAD": "Intensa", "T_PROM_POL": 4.0, "T_MIN_CIUD": 1.0, "DIF_TERMIC": 2.0 }, "geometry": { "type": "MultiPolygon", "coordinates": [ [ [ [ -105.95152669089174, 28.659132172321922 ], [ -105.951257196306514, 28.659132172321922 ], [ -105.951257196306514, 28.658054193980981 ], [ -105.95152669089174, 28.658054193980981 ], [ -105.95152669089174, 28.657784699395744 ], [ -105.951257196306514, 28.657784699395744 ], [ -105.951257196306514, 28.657515204810508 ], [ -105.950987701721274, 28.657515204810508 ], [ -105.950987701721274, 28.657245710225272 ], [ -105.951257196306514, 28.657245710225272 ], [ -105.951257196306514, 28.656976215640036 ], [ -105.950718207136035, 28.656976215640036 ], [ -105.950718207136035, 28.657245710225272 ], [ -105.950448712550795, 28.657245710225272 ], [ -105.950448712550795, 28.6567067210548 ], [ -105.94990972338033, 28.6567067210548 ], [ -105.94990972338033, 28.656437226469563 ], [ -105.949370734209865, 28.656437226469563 ], [ -105.949370734209865, 28.656167731884327 ], [ -105.949101239624625, 28.656167731884327 ], [ -105.949101239624625, 28.655898237299091 ], [ -105.949370734209865, 28.655898237299091 ], [ -105.949370734209865, 28.655628742713859 ], [ -105.94964022879509, 28.655628742713859 ], [ -105.94964022879509, 28.655359248128622 ], [ -105.94990972338033, 28.655359248128622 ], [ -105.94990972338033, 28.655628742713859 ], [ -105.950448712550795, 28.655628742713859 ], [ -105.950448712550795, 28.655898237299091 ], [ -105.950718207136035, 28.655898237299091 ], [ -105.950718207136035, 28.656167731884327 ], [ -105.950987701721274, 28.656167731884327 ], [ -105.950987701721274, 28.656437226469563 ], [ -105.951257196306514, 28.656437226469563 ], [ -105.951257196306514, 28.6567067210548 ], [ -105.95152669089174, 28.6567067210548 ], [ -105.95152669089174, 28.657245710225272 ], [ -105.951796185476979, 28.657245710225272 ], [ -105.951796185476979, 28.657784699395744 ], [ -105.952065680062219, 28.657784699395744 ], [ -105.952065680062219, 28.658054193980981 ], [ -105.951796185476979, 28.658054193980981 ], [ -105.951796185476979, 28.658862677736685 ], [ -105.95152669089174, 28.658862677736685 ], [ -105.95152669089174, 28.659132172321922 ] ] ] ] } },
{ "type": "Feature", "properties": { "ZONA_MET": "Chihuahua", "INTENSIDAD": "Intensa", "T_PROM_POL": 4.0, "T_MIN_CIUD": 1.0, "DIF_TERMIC": 2.0 }, "geometry": { "type": "MultiPolygon", "coordinates": [ [ [ [ -106.038303947337695, 28.656437226469563 ], [ -106.037764958167216, 28.656437226469563 ], [ -106.037764958167216, 28.656167731884327 ], [ -106.037495463581976, 28.656167731884327 ], [ -106.037495463581976, 28.655628742713859 ], [ -106.038573441922921, 28.655628742713859 ], [ -106.038573441922921, 28.655359248128622 ], [ -106.038842936508161, 28.655359248128622 ], [ -106.038842936508161, 28.655628742713859 ], [ -106.0391124310934, 28.655628742713859 ], [ -106.0391124310934, 28.655359248128622 ], [ -106.040190409434345, 28.655359248128622 ], [ -106.040190409434345, 28.655628742713859 ], [ -106.039920914849105, 28.655628742713859 ], [ -106.039920914849105, 28.655898237299091 ], [ -106.038573441922921, 28.655898237299091 ], [ -106.038573441922921, 28.656167731884327 ], [ -106.038303947337695, 28.656167731884327 ], [ -106.038303947337695, 28.656437226469563 ] ], [ [ -106.038034452752456, 28.656167731884327 ], [ -106.038034452752456, 28.655898237299091 ], [ -106.037764958167216, 28.655898237299091 ], [ -106.037764958167216, 28.656167731884327 ], [ -106.038034452752456, 28.656167731884327 ] ] ] ] } },
{ "type": "Feature", "properties": { "ZONA_MET": "Chihuahua", "INTENSIDAD": "Intensa", "T_PROM_POL": 3.0, "T_MIN_CIUD": 1.0, "DIF_TERMIC": 2.0 }, "geometry": { "type": "MultiPolygon", "coordinates": [ [ [ [ -106.006234091694623, 28.659401666907158 ], [ -106.005964597109383, 28.659401666907158 ], [ -106.005964597109383, 28.658323688566217 ], [ -106.006503586279862, 28.658323688566217 ], [ -106.006503586279862, 28.658054193980981 ], [ -106.005964597109383, 28.658054193980981 ], [ -106.005964597109383, 28.657515204810508 ], [ -106.006503586279862, 28.657515204810508 ], [ -106.006503586279862, 28.657784699395744 ], [ -106.006773080865088, 28.657784699395744 ], [ -106.006773080865088, 28.657245710225272 ], [ -106.007042575450328, 28.657245710225272 ], [ -106.007042575450328, 28.6567067210548 ], [ -106.007312070035567, 28.6567067210548 ], [ -106.007312070035567, 28.656437226469563 ], [ -106.007581564620807, 28.656437226469563 ], [ -106.007581564620807, 28.655898237299091 ], [ -106.007851059206033, 28.655898237299091 ], [ -106.007851059206033, 28.655359248128622 ], [ -106.008120553791272, 28.655359248128622 ], [ -106.008120553791272, 28.655089753543386 ], [ -106.009198532132217, 28.655089753543386 ], [ -106.009198532132217, 28.655628742713859 ], [ -106.008390048376512, 28.655628742713859 ], [ -106.008390048376512, 28.655898237299091 ], [ -106.008120553791272, 28.655898237299091 ], [ -106.008120553791272, 28.656167731884327 ], [ -106.007851059206033, 28.656167731884327 ], [ -106.007851059206033, 28.6567067210548 ], [ -106.007581564620807, 28.6567067210548 ], [ -106.007581564620807, 28.657245710225272 ], [ -106.008120553791272, 28.657245710225272 ], [ -106.008120553791272, 28.657784699395744 ], [ -106.007312070035567, 28.657784699395744 ], [ -106.007312070035567, 28.658054193980981 ], [ -106.006773080865088, 28.658054193980981 ], [ -106.006773080865088, 28.658593183151453 ], [ -106.006503586279862, 28.658593183151453 ], [ -106.006503586279862, 28.658862677736685 ], [ -106.006234091694623, 28.658862677736685 ], [ -106.006234091694623, 28.659401666907158 ] ] ] ] } },
{ "type": "Feature", "properties": { "ZONA_MET": "Chihuahua", "INTENSIDAD": "Intensa", "T_PROM_POL": 3.0, "T_MIN_CIUD": 1.0, "DIF_TERMIC": 2.0 }, "geometry": { "type": "MultiPolygon", "coordinates": [ [ [ [ -105.971738784784435, 28.657515204810508 ], [ -105.971199795613956, 28.657515204810508 ], [ -105.971199795613956, 28.6567067210548 ], [ -105.97093030102873, 28.6567067210548 ], [ -105.97093030102873, 28.655898237299091 ], [ -105.97066080644349, 28.655898237299091 ], [ -105.97066080644349, 28.655089753543386 ], [ -105.970391311858251, 28.655089753543386 ], [ -105.970391311858251, 28.65482025895815 ], [ -105.97093030102873, 28.65482025895815 ], [ -105.97093030102873, 28.655089753543386 ], [ -105.971199795613956, 28.655089753543386 ], [ -105.971199795613956, 28.656437226469563 ], [ -105.971469290199195, 28.656437226469563 ], [ -105.971469290199195, 28.6567067210548 ], [ -105.972008279369675, 28.6567067210548 ], [ -105.972008279369675, 28.656976215640036 ], [ -105.971469290199195, 28.656976215640036 ], [ -105.971469290199195, 28.657245710225272 ], [ -105.971738784784435, 28.657245710225272 ], [ -105.971738784784435, 28.657515204810508 ] ] ] ] } },
{ "type": "Feature", "properties": { "ZONA_MET": "Chihuahua", "INTENSIDAD": "Intensa", "T_PROM_POL": 4.0, "T_MIN_CIUD": 1.0, "DIF_TERMIC": 2.0 }, "geometry": { "type": "MultiPolygon", "coordinates": [ [ [ [ -105.943711347919901, 28.657784699395744 ], [ -105.942633369578957, 28.657784699395744 ], [ -105.942633369578957, 28.657245710225272 ], [ -105.943441853334676, 28.657245710225272 ], [ -105.943441853334676, 28.656976215640036 ], [ -105.943711347919901, 28.656976215640036 ], [ -105.943711347919901, 28.655359248128622 ], [ -105.943441853334676, 28.655359248128622 ], [ -105.943441853334676, 28.655089753543386 ], [ -105.943172358749436, 28.655089753543386 ], [ -105.943172358749436, 28.65482025895815 ], [ -105.943711347919901, 28.65482025895815 ], [ -105.943711347919901, 28.654550764372914 ], [ -105.943980842505141, 28.654550764372914 ], [ -105.943980842505141, 28.65482025895815 ], [ -105.944250337090381, 28.65482025895815 ], [ -105.944250337090381, 28.655359248128622 ], [ -105.944519831675606, 28.655359248128622 ], [ -105.944519831675606, 28.655628742713859 ], [ -105.944789326260846, 28.655628742713859 ], [ -105.944789326260846, 28.656437226469563 ], [ -105.944250337090381, 28.656437226469563 ], [ -105.944250337090381, 28.657245710225272 ], [ -105.943980842505141, 28.657245710225272 ], [ -105.943980842505141, 28.657515204810508 ], [ -105.943711347919901, 28.657515204810508 ], [ -105.943711347919901, 28.657784699395744 ] ] ] ] } },
{ "type": "Feature", "properties": { "ZONA_MET": "Chihuahua", "INTENSIDAD": "Intensa", "T_PROM_POL": 4.0, "T_MIN_CIUD": 1.0, "DIF_TERMIC": 2.0 }, "geometry": { "type": "MultiPolygon", "coordinates": [ [ [ [ -105.959342033863578, 28.658054193980981 ], [ -105.958803044693113, 28.658054193980981 ], [ -105.958803044693113, 28.657784699395744 ], [ -105.958533550107873, 28.657784699395744 ], [ -105.958533550107873, 28.6567067210548 ], [ -105.958264055522648, 28.6567067210548 ], [ -105.958264055522648, 28.656437226469563 ], [ -105.957994560937408, 28.656437226469563 ], [ -105.957994560937408, 28.656167731884327 ], [ -105.957725066352168, 28.656167731884327 ], [ -105.957725066352168, 28.654550764372914 ], [ -105.958264055522648, 28.654550764372914 ], [ -105.958264055522648, 28.655089753543386 ], [ -105.958533550107873, 28.655089753543386 ], [ -105.958533550107873, 28.655359248128622 ], [ -105.958264055522648, 28.655359248128622 ], [ -105.958264055522648, 28.655628742713859 ], [ -105.958533550107873, 28.655628742713859 ], [ -105.958533550107873, 28.656437226469563 ], [ -105.958803044693113, 28.656437226469563 ], [ -105.958803044693113, 28.6567067210548 ], [ -105.959342033863578, 28.6567067210548 ], [ -105.959342033863578, 28.657245710225272 ], [ -105.959072539278353, 28.657245710225272 ], [ -105.959072539278353, 28.657784699395744 ], [ -105.959342033863578, 28.657784699395744 ], [ -105.959342033863578, 28.658054193980981 ] ] ] ] } },
{ "type": "Feature", "properties": { "ZONA_MET": "Chihuahua", "INTENSIDAD": "Intensa", "T_PROM_POL": 4.0, "T_MIN_CIUD": 1.0, "DIF_TERMIC": 2.0 }, "geometry": { "type": "MultiPolygon", "coordinates": [ [ [ [ -105.97254726854014, 28.656167731884327 ], [ -105.9722777739549, 28.656167731884327 ], [ -105.9722777739549, 28.655898237299091 ], [ -105.972008279369675, 28.655898237299091 ], [ -105.972008279369675, 28.655089753543386 ], [ -105.971738784784435, 28.655089753543386 ], [ -105.971738784784435, 28.65482025895815 ], [ -105.972008279369675, 28.65482025895815 ], [ -105.972008279369675, 28.654550764372914 ], [ -105.97443373063679, 28.654550764372914 ], [ -105.97443373063679, 28.654281269787678 ], [ -105.974703225222029, 28.654281269787678 ], [ -105.974703225222029, 28.654550764372914 ], [ -105.974972719807269, 28.654550764372914 ], [ -105.974972719807269, 28.654281269787678 ], [ -105.976050698148214, 28.654281269787678 ], [ -105.976050698148214, 28.655089753543386 ], [ -105.975781203562974, 28.655089753543386 ], [ -105.975781203562974, 28.655359248128622 ], [ -105.975242214392495, 28.655359248128622 ], [ -105.975242214392495, 28.655089753543386 ], [ -105.97416423605155, 28.655089753543386 ], [ -105.97416423605155, 28.655628742713859 ], [ -105.973894741466324, 28.655628742713859 ], [ -105.973894741466324, 28.655898237299091 ], [ -105.973625246881085, 28.655898237299091 ], [ -105.973625246881085, 28.655628742713859 ], [ -105.97281676312538, 28.655628742713859 ], [ -105.97281676312538, 28.655359248128622 ], [ -105.97254726854014, 28.655359248128622 ], [ -105.97254726854014, 28.656167731884327 ] ], [ [ -105.973355752295845, 28.655359248128622 ], [ -105.973355752295845, 28.655089753543386 ], [ -105.973086257710619, 28.655089753543386 ], [ -105.973086257710619, 28.655359248128622 ], [ -105.973355752295845, 28.655359248128622 ] ], [ [ -105.975511708977734, 28.655089753543386 ], [ -105.975511708977734, 28.65482025895815 ], [ -105.975242214392495, 28.65482025895815 ], [ -105.975242214392495, 28.655089753543386 ], [ -105.975511708977734, 28.655089753543386 ] ] ] ] } },
{ "type": "Feature", "properties": { "ZONA_MET": "Chihuahua", "INTENSIDAD": "Intensa", "T_PROM_POL": 4.0, "T_MIN_CIUD": 1.0, "DIF_TERMIC": 2.0 }, "geometry": { "type": "MultiPolygon", "coordinates": [ [ [ [ -106.13208806299977, 28.655089753543386 ], [ -106.131010084658826, 28.655089753543386 ], [ -106.131010084658826, 28.654011775202441 ], [ -106.131818568414531, 28.654011775202441 ], [ -106.131818568414531, 28.654550764372914 ], [ -106.13208806299977, 28.654550764372914 ], [ -106.13208806299977, 28.655089753543386 ] ] ] ] } },
{ "type": "Feature", "properties": { "ZONA_MET": "Chihuahua", "INTENSIDAD": "Intensa", "T_PROM_POL": 4.0, "T_MIN_CIUD": 1.0, "DIF_TERMIC": 2.0 }, "geometry": { "type": "MultiPolygon", "coordinates": [ [ [ [ -106.022403766808779, 28.655089753543386 ], [ -106.02159528305306, 28.655089753543386 ], [ -106.02159528305306, 28.65482025895815 ], [ -106.020517304712129, 28.65482025895815 ], [ -106.020517304712129, 28.654550764372914 ], [ -106.020247810126889, 28.654550764372914 ], [ -106.020247810126889, 28.654281269787678 ], [ -106.020786799297355, 28.654281269787678 ], [ -106.020786799297355, 28.654550764372914 ], [ -106.021056293882594, 28.654550764372914 ], [ -106.021056293882594, 28.654281269787678 ], [ -106.021325788467834, 28.654281269787678 ], [ -106.021325788467834, 28.653742280617205 ], [ -106.02159528305306, 28.653742280617205 ], [ -106.02159528305306, 28.654550764372914 ], [ -106.022403766808779, 28.654550764372914 ], [ -106.022403766808779, 28.655089753543386 ] ] ] ] } },
{ "type": "Feature", "properties": { "ZONA_MET": "Chihuahua", "INTENSIDAD": "Intensa", "T_PROM_POL": 3.0, "T_MIN_CIUD": 1.0, "DIF_TERMIC": 2.0 }, "geometry": { "type": "MultiPolygon", "coordinates": [ [ [ [ -106.129123622562176, 28.655089753543386 ], [ -106.128854127976936, 28.655089753543386 ], [ -106.128854127976936, 28.65482025895815 ], [ -106.128584633391696, 28.65482025895815 ], [ -106.128584633391696, 28.654550764372914 ], [ -106.128315138806457, 28.654550764372914 ], [ -106.128315138806457, 28.654281269787678 ], [ -106.127776149635991, 28.654281269787678 ], [ -106.127776149635991, 28.654011775202441 ], [ -106.129123622562176, 28.654011775202441 ], [ -106.129123622562176, 28.653742280617205 ], [ -106.129393117147401, 28.653742280617205 ], [ -106.129393117147401, 28.653472786031969 ], [ -106.129662611732641, 28.653472786031969 ], [ -106.129662611732641, 28.653742280617205 ], [ -106.129932106317881, 28.653742280617205 ], [ -106.129932106317881, 28.65482025895815 ], [ -106.129123622562176, 28.65482025895815 ], [ -106.129123622562176, 28.655089753543386 ] ], [ [ -106.129123622562176, 28.654550764372914 ], [ -106.129123622562176, 28.654281269787678 ], [ -106.128854127976936, 28.654281269787678 ], [ -106.128854127976936, 28.654550764372914 ], [ -106.129123622562176, 28.654550764372914 ] ] ] ] } },
{ "type": "Feature", "properties": { "ZONA_MET": "Chihuahua", "INTENSIDAD": "Intensa", "T_PROM_POL": 4.0, "T_MIN_CIUD": 1.0, "DIF_TERMIC": 2.0 }, "geometry": { "type": "MultiPolygon", "coordinates": [ [ [ [ -106.121577774175563, 28.656437226469563 ], [ -106.120769290419858, 28.656437226469563 ], [ -106.120769290419858, 28.655898237299091 ], [ -106.121038785005098, 28.655898237299091 ], [ -106.121038785005098, 28.655628742713859 ], [ -106.120769290419858, 28.655628742713859 ], [ -106.120769290419858, 28.655359248128622 ], [ -106.121038785005098, 28.655359248128622 ], [ -106.121038785005098, 28.65482025895815 ], [ -106.122116763346042, 28.65482025895815 ], [ -106.122116763346042, 28.655089753543386 ], [ -106.122386257931268, 28.655089753543386 ], [ -106.122386257931268, 28.655898237299091 ], [ -106.122655752516508, 28.655898237299091 ], [ -106.122655752516508, 28.655359248128622 ], [ -106.122925247101747, 28.655359248128622 ], [ -106.122925247101747, 28.655089753543386 ], [ -106.123194741686987, 28.655089753543386 ], [ -106.123194741686987, 28.655628742713859 ], [ -106.123733730857452, 28.655628742713859 ], [ -106.123733730857452, 28.65482025895815 ], [ -106.123194741686987, 28.65482025895815 ], [ -106.123194741686987, 28.654550764372914 ], [ -106.122655752516508, 28.654550764372914 ], [ -106.122655752516508, 28.65482025895815 ], [ -106.122386257931268, 28.65482025895815 ], [ -106.122386257931268, 28.654550764372914 ], [ -106.122116763346042, 28.654550764372914 ], [ -106.122116763346042, 28.653472786031969 ], [ -106.122386257931268, 28.653472786031969 ], [ -106.122386257931268, 28.654011775202441 ], [ -106.122655752516508, 28.654011775202441 ], [ -106.122655752516508, 28.654281269787678 ], [ -106.122925247101747, 28.654281269787678 ], [ -106.122925247101747, 28.654011775202441 ], [ -106.123733730857452, 28.654011775202441 ], [ -106.123733730857452, 28.654550764372914 ], [ -106.124272720027918, 28.654550764372914 ], [ -106.124272720027918, 28.654281269787678 ], [ -106.124542214613157, 28.654281269787678 ], [ -106.124542214613157, 28.654011775202441 ], [ -106.124811709198397, 28.654011775202441 ], [ -106.124811709198397, 28.654281269787678 ], [ -106.125350698368862, 28.654281269787678 ], [ -106.125350698368862, 28.654550764372914 ], [ -106.126159182124582, 28.654550764372914 ], [ -106.126159182124582, 28.654011775202441 ], [ -106.126967665880287, 28.654011775202441 ], [ -106.126967665880287, 28.654550764372914 ], [ -106.126698171295047, 28.654550764372914 ], [ -106.126698171295047, 28.655089753543386 ], [ -106.125889687539342, 28.655089753543386 ], [ -106.125889687539342, 28.655359248128622 ], [ -106.125620192954102, 28.655359248128622 ], [ -106.125620192954102, 28.655898237299091 ], [ -106.126159182124582, 28.655898237299091 ], [ -106.126159182124582, 28.656167731884327 ], [ -106.125350698368862, 28.656167731884327 ], [ -106.125350698368862, 28.655898237299091 ], [ -106.125081203783637, 28.655898237299091 ], [ -106.125081203783637, 28.655628742713859 ], [ -106.124811709198397, 28.655628742713859 ], [ -106.124811709198397, 28.655359248128622 ], [ -106.124542214613157, 28.655359248128622 ], [ -106.124542214613157, 28.655089753543386 ], [ -106.124272720027918, 28.655089753543386 ], [ -106.124272720027918, 28.655359248128622 ], [ -106.124003225442692, 28.655359248128622 ], [ -106.124003225442692, 28.655898237299091 ], [ -106.123194741686987, 28.655898237299091 ], [ -106.123194741686987, 28.656167731884327 ], [ -106.121577774175563, 28.656167731884327 ], [ -106.121577774175563, 28.656437226469563 ] ], [ [ -106.122116763346042, 28.655898237299091 ], [ -106.122116763346042, 28.655628742713859 ], [ -106.121847268760803, 28.655628742713859 ], [ -106.121847268760803, 28.655898237299091 ], [ -106.122116763346042, 28.655898237299091 ] ] ] ] } },
{ "type": "Feature", "properties": { "ZONA_MET": "Chihuahua", "INTENSIDAD": "Intensa", "T_PROM_POL": 4.0, "T_MIN_CIUD": 1.0, "DIF_TERMIC": 2.0 }, "geometry": { "type": "MultiPolygon", "coordinates": [ [ [ [ -105.940746907482307, 28.656437226469563 ], [ -105.940207918311842, 28.656437226469563 ], [ -105.940207918311842, 28.655628742713859 ], [ -105.940477412897081, 28.655628742713859 ], [ -105.940477412897081, 28.655359248128622 ], [ -105.940746907482307, 28.655359248128622 ], [ -105.940746907482307, 28.654550764372914 ], [ -105.941285896652786, 28.654550764372914 ], [ -105.941285896652786, 28.654011775202441 ], [ -105.941555391238012, 28.654011775202441 ], [ -105.941555391238012, 28.653742280617205 ], [ -105.941824885823252, 28.653742280617205 ], [ -105.941824885823252, 28.653472786031969 ], [ -105.942094380408491, 28.653472786031969 ], [ -105.942094380408491, 28.653203291446733 ], [ -105.942363874993731, 28.653203291446733 ], [ -105.942363874993731, 28.652933796861497 ], [ -105.942633369578957, 28.652933796861497 ], [ -105.942633369578957, 28.653203291446733 ], [ -105.942902864164196, 28.653203291446733 ], [ -105.942902864164196, 28.654281269787678 ], [ -105.942363874993731, 28.654281269787678 ], [ -105.942363874993731, 28.654011775202441 ], [ -105.941824885823252, 28.654011775202441 ], [ -105.941824885823252, 28.654550764372914 ], [ -105.941555391238012, 28.654550764372914 ], [ -105.941555391238012, 28.65482025895815 ], [ -105.941016402067547, 28.65482025895815 ], [ -105.941016402067547, 28.655628742713859 ], [ -105.940746907482307, 28.655628742713859 ], [ -105.940746907482307, 28.655898237299091 ], [ -105.941016402067547, 28.655898237299091 ], [ -105.941016402067547, 28.656167731884327 ], [ -105.940746907482307, 28.656167731884327 ], [ -105.940746907482307, 28.656437226469563 ] ] ] ] } },
{ "type": "Feature", "properties": { "ZONA_MET": "Chihuahua", "INTENSIDAD": "Intensa", "T_PROM_POL": 4.0, "T_MIN_CIUD": 1.0, "DIF_TERMIC": 2.0 }, "geometry": { "type": "MultiPolygon", "coordinates": [ [ [ [ -105.97066080644349, 28.654011775202441 ], [ -105.970121817273025, 28.654011775202441 ], [ -105.970121817273025, 28.653203291446733 ], [ -105.969852322687785, 28.653203291446733 ], [ -105.969852322687785, 28.652933796861497 ], [ -105.968504849761601, 28.652933796861497 ], [ -105.968504849761601, 28.653203291446733 ], [ -105.968235355176361, 28.653203291446733 ], [ -105.968235355176361, 28.653472786031969 ], [ -105.967696366005896, 28.653472786031969 ], [ -105.967696366005896, 28.653203291446733 ], [ -105.966618387664951, 28.653203291446733 ], [ -105.966618387664951, 28.653472786031969 ], [ -105.966079398494486, 28.653472786031969 ], [ -105.966079398494486, 28.653203291446733 ], [ -105.965540409324007, 28.653203291446733 ], [ -105.965540409324007, 28.652933796861497 ], [ -105.967157376835431, 28.652933796861497 ], [ -105.967157376835431, 28.652664302276261 ], [ -105.967965860591136, 28.652664302276261 ], [ -105.967965860591136, 28.652933796861497 ], [ -105.968235355176361, 28.652933796861497 ], [ -105.968235355176361, 28.652664302276261 ], [ -105.968774344346841, 28.652664302276261 ], [ -105.968774344346841, 28.652394807691028 ], [ -105.970121817273025, 28.652394807691028 ], [ -105.970121817273025, 28.652933796861497 ], [ -105.970391311858251, 28.652933796861497 ], [ -105.970391311858251, 28.653472786031969 ], [ -105.97066080644349, 28.653472786031969 ], [ -105.97066080644349, 28.654011775202441 ] ] ] ] } },
{ "type": "Feature", "properties": { "ZONA_MET": "Chihuahua", "INTENSIDAD": "Intensa", "T_PROM_POL": 3.0, "T_MIN_CIUD": 1.0, "DIF_TERMIC": 2.0 }, "geometry": { "type": "MultiPolygon", "coordinates": [ [ [ [ -106.001113694575139, 28.654011775202441 ], [ -106.000574705404674, 28.654011775202441 ], [ -106.000574705404674, 28.653742280617205 ], [ -106.000844199989899, 28.653742280617205 ], [ -106.000844199989899, 28.652933796861497 ], [ -106.000574705404674, 28.652933796861497 ], [ -106.000574705404674, 28.652664302276261 ], [ -106.000305210819434, 28.652664302276261 ], [ -106.000305210819434, 28.652394807691028 ], [ -106.000844199989899, 28.652394807691028 ], [ -106.000844199989899, 28.652125313105792 ], [ -106.001113694575139, 28.652125313105792 ], [ -106.001113694575139, 28.653203291446733 ], [ -106.001383189160379, 28.653203291446733 ], [ -106.001383189160379, 28.653742280617205 ], [ -106.001113694575139, 28.653742280617205 ], [ -106.001113694575139, 28.654011775202441 ] ] ] ] } },
{ "type": "Feature", "properties": { "ZONA_MET": "Chihuahua", "INTENSIDAD": "Intensa", "T_PROM_POL": 4.0, "T_MIN_CIUD": 1.0, "DIF_TERMIC": 2.0 }, "geometry": { "type": "MultiPolygon", "coordinates": [ [ [ [ -106.129662611732641, 28.652933796861497 ], [ -106.128584633391696, 28.652933796861497 ], [ -106.128584633391696, 28.652664302276261 ], [ -106.127506655050752, 28.652664302276261 ], [ -106.127506655050752, 28.652394807691028 ], [ -106.127237160465512, 28.652394807691028 ], [ -106.127237160465512, 28.652125313105792 ], [ -106.128315138806457, 28.652125313105792 ], [ -106.128315138806457, 28.652394807691028 ], [ -106.128854127976936, 28.652394807691028 ], [ -106.128854127976936, 28.652664302276261 ], [ -106.129662611732641, 28.652664302276261 ], [ -106.129662611732641, 28.652933796861497 ] ] ] ] } },
{ "type": "Feature", "properties": { "ZONA_MET": "Chihuahua", "INTENSIDAD": "Intensa", "T_PROM_POL": 4.0, "T_MIN_CIUD": 1.0, "DIF_TERMIC": 2.0 }, "geometry": { "type": "MultiPolygon", "coordinates": [ [ [ [ -106.122925247101747, 28.653203291446733 ], [ -106.121847268760803, 28.653203291446733 ], [ -106.121847268760803, 28.652664302276261 ], [ -106.122116763346042, 28.652664302276261 ], [ -106.122116763346042, 28.652125313105792 ], [ -106.122925247101747, 28.652125313105792 ], [ -106.122925247101747, 28.652394807691028 ], [ -106.123194741686987, 28.652394807691028 ], [ -106.123194741686987, 28.652664302276261 ], [ -106.122925247101747, 28.652664302276261 ], [ -106.122925247101747, 28.653203291446733 ] ] ] ] } },
{ "type": "Feature", "properties": { "ZONA_MET": "Chihuahua", "INTENSIDAD": "Intensa", "T_PROM_POL": 4.0, "T_MIN_CIUD": 1.0, "DIF_TERMIC": 2.0 }, "geometry": { "type": "MultiPolygon", "coordinates": [ [ [ [ -106.022673261394004, 28.654011775202441 ], [ -106.021864777638299, 28.654011775202441 ], [ -106.021864777638299, 28.653472786031969 ], [ -106.022403766808779, 28.653472786031969 ], [ -106.022403766808779, 28.652664302276261 ], [ -106.022673261394004, 28.652664302276261 ], [ -106.022673261394004, 28.652394807691028 ], [ -106.022942755979244, 28.652394807691028 ], [ -106.022942755979244, 28.652125313105792 ], [ -106.023212250564484, 28.652125313105792 ], [ -106.023212250564484, 28.652664302276261 ], [ -106.022942755979244, 28.652664302276261 ], [ -106.022942755979244, 28.652933796861497 ], [ -106.023212250564484, 28.652933796861497 ], [ -106.023212250564484, 28.653203291446733 ], [ -106.022942755979244, 28.653203291446733 ], [ -106.022942755979244, 28.653472786031969 ], [ -106.022673261394004, 28.653472786031969 ], [ -106.022673261394004, 28.654011775202441 ] ] ] ] } },
{ "type": "Feature", "properties": { "ZONA_MET": "Chihuahua", "INTENSIDAD": "Intensa", "T_PROM_POL": 4.0, "T_MIN_CIUD": 1.0, "DIF_TERMIC": 2.0 }, "geometry": { "type": "MultiPolygon", "coordinates": [ [ [ [ -105.958803044693113, 28.654550764372914 ], [ -105.958264055522648, 28.654550764372914 ], [ -105.958264055522648, 28.653472786031969 ], [ -105.958533550107873, 28.653472786031969 ], [ -105.958533550107873, 28.652664302276261 ], [ -105.958803044693113, 28.652664302276261 ], [ -105.958803044693113, 28.652394807691028 ], [ -105.959072539278353, 28.652394807691028 ], [ -105.959072539278353, 28.652125313105792 ], [ -105.960420012204523, 28.652125313105792 ], [ -105.960420012204523, 28.652394807691028 ], [ -105.959611528448818, 28.652394807691028 ], [ -105.959611528448818, 28.652664302276261 ], [ -105.959342033863578, 28.652664302276261 ], [ -105.959342033863578, 28.653472786031969 ], [ -105.959072539278353, 28.653472786031969 ], [ -105.959072539278353, 28.653742280617205 ], [ -105.959342033863578, 28.653742280617205 ], [ -105.959342033863578, 28.654011775202441 ], [ -105.958803044693113, 28.654011775202441 ], [ -105.958803044693113, 28.654550764372914 ] ], [ [ -105.959072539278353, 28.652933796861497 ], [ -105.959072539278353, 28.652664302276261 ], [ -105.958803044693113, 28.652664302276261 ], [ -105.958803044693113, 28.652933796861497 ], [ -105.959072539278353, 28.652933796861497 ] ] ] ] } },
{ "type": "Feature", "properties": { "ZONA_MET": "Chihuahua", "INTENSIDAD": "Intensa", "T_PROM_POL": 4.0, "T_MIN_CIUD": 1.0, "DIF_TERMIC": 2.0 }, "geometry": { "type": "MultiPolygon", "coordinates": [ [ [ [ -105.97443373063679, 28.653203291446733 ], [ -105.973894741466324, 28.653203291446733 ], [ -105.973894741466324, 28.652125313105792 ], [ -105.97416423605155, 28.652125313105792 ], [ -105.97416423605155, 28.651855818520556 ], [ -105.97443373063679, 28.651855818520556 ], [ -105.97443373063679, 28.652125313105792 ], [ -105.974703225222029, 28.652125313105792 ], [ -105.974703225222029, 28.652394807691028 ], [ -105.974972719807269, 28.652394807691028 ], [ -105.974972719807269, 28.652933796861497 ], [ -105.97443373063679, 28.652933796861497 ], [ -105.97443373063679, 28.653203291446733 ] ] ] ] } },
{ "type": "Feature", "properties": { "ZONA_MET": "Chihuahua", "INTENSIDAD": "Intensa", "T_PROM_POL": 4.0, "T_MIN_CIUD": 1.0, "DIF_TERMIC": 2.0 }, "geometry": { "type": "MultiPolygon", "coordinates": [ [ [ [ -105.979554127756273, 28.652394807691028 ], [ -105.979284633171034, 28.652394807691028 ], [ -105.979284633171034, 28.652125313105792 ], [ -105.979015138585808, 28.652125313105792 ], [ -105.979015138585808, 28.652394807691028 ], [ -105.978745644000568, 28.652394807691028 ], [ -105.978745644000568, 28.651316829350083 ], [ -105.978476149415329, 28.651316829350083 ], [ -105.978476149415329, 28.651586323935319 ], [ -105.977128676489144, 28.651586323935319 ], [ -105.977128676489144, 28.651316829350083 ], [ -105.977667665659624, 28.651316829350083 ], [ -105.977667665659624, 28.651047334764847 ], [ -105.979015138585808, 28.651047334764847 ], [ -105.979015138585808, 28.651316829350083 ], [ -105.979284633171034, 28.651316829350083 ], [ -105.979284633171034, 28.651586323935319 ], [ -105.979554127756273, 28.651586323935319 ], [ -105.979554127756273, 28.652394807691028 ] ] ] ] } },
{ "type": "Feature", "properties": { "ZONA_MET": "Chihuahua", "INTENSIDAD": "Intensa", "T_PROM_POL": 4.0, "T_MIN_CIUD": 1.0, "DIF_TERMIC": 2.0 }, "geometry": { "type": "MultiPolygon", "coordinates": [ [ [ [ -105.942902864164196, 28.652664302276261 ], [ -105.942633369578957, 28.652664302276261 ], [ -105.942633369578957, 28.652125313105792 ], [ -105.942902864164196, 28.652125313105792 ], [ -105.942902864164196, 28.651316829350083 ], [ -105.943172358749436, 28.651316829350083 ], [ -105.943172358749436, 28.651047334764847 ], [ -105.943980842505141, 28.651047334764847 ], [ -105.943980842505141, 28.651855818520556 ], [ -105.943711347919901, 28.651855818520556 ], [ -105.943711347919901, 28.652125313105792 ], [ -105.943980842505141, 28.652125313105792 ], [ -105.943980842505141, 28.652394807691028 ], [ -105.942902864164196, 28.652394807691028 ], [ -105.942902864164196, 28.652664302276261 ] ], [ [ -105.943441853334676, 28.651855818520556 ], [ -105.943441853334676, 28.651586323935319 ], [ -105.943172358749436, 28.651586323935319 ], [ -105.943172358749436, 28.651855818520556 ], [ -105.943441853334676, 28.651855818520556 ] ] ] ] } },
{ "type": "Feature", "properties": { "ZONA_MET": "Chihuahua", "INTENSIDAD": "Extrema", "T_PROM_POL": 4.0, "T_MIN_CIUD": 1.0, "DIF_TERMIC": 2.0 }, "geometry": { "type": "MultiPolygon", "coordinates": [ [ [ [ -106.129662611732641, 28.652664302276261 ], [ -106.128854127976936, 28.652664302276261 ], [ -106.128854127976936, 28.652394807691028 ], [ -106.128584633391696, 28.652394807691028 ], [ -106.128584633391696, 28.652125313105792 ], [ -106.128854127976936, 28.652125313105792 ], [ -106.128854127976936, 28.651855818520556 ], [ -106.129123622562176, 28.651855818520556 ], [ -106.129123622562176, 28.651316829350083 ], [ -106.128854127976936, 28.651316829350083 ], [ -106.128854127976936, 28.651047334764847 ], [ -106.128045644221231, 28.651047334764847 ], [ -106.128045644221231, 28.650777840179611 ], [ -106.129123622562176, 28.650777840179611 ], [ -106.129123622562176, 28.651047334764847 ], [ -106.129393117147401, 28.651047334764847 ], [ -106.129393117147401, 28.651855818520556 ], [ -106.129662611732641, 28.651855818520556 ], [ -106.129662611732641, 28.652664302276261 ] ] ] ] } },
{ "type": "Feature", "properties": { "ZONA_MET": "Chihuahua", "INTENSIDAD": "Intensa", "T_PROM_POL": 4.0, "T_MIN_CIUD": 1.0, "DIF_TERMIC": 2.0 }, "geometry": { "type": "MultiPolygon", "coordinates": [ [ [ [ -105.985213514046222, 28.651586323935319 ], [ -105.984135535705278, 28.651586323935319 ], [ -105.984135535705278, 28.651316829350083 ], [ -105.984405030290517, 28.651316829350083 ], [ -105.984405030290517, 28.651047334764847 ], [ -105.983866041120052, 28.651047334764847 ], [ -105.983866041120052, 28.651316829350083 ], [ -105.983327051949573, 28.651316829350083 ], [ -105.983327051949573, 28.651047334764847 ], [ -105.983057557364333, 28.651047334764847 ], [ -105.983057557364333, 28.650777840179611 ], [ -105.983327051949573, 28.650777840179611 ], [ -105.983327051949573, 28.650238851009139 ], [ -105.983596546534812, 28.650238851009139 ], [ -105.983596546534812, 28.650777840179611 ], [ -105.985483008631462, 28.650777840179611 ], [ -105.985483008631462, 28.651047334764847 ], [ -105.985752503216702, 28.651047334764847 ], [ -105.985752503216702, 28.651316829350083 ], [ -105.985213514046222, 28.651316829350083 ], [ -105.985213514046222, 28.651586323935319 ] ] ] ] } },
{ "type": "Feature", "properties": { "ZONA_MET": "Chihuahua", "INTENSIDAD": "Intensa", "T_PROM_POL": 4.0, "T_MIN_CIUD": 1.0, "DIF_TERMIC": 2.0 }, "geometry": { "type": "MultiPolygon", "coordinates": [ [ [ [ -106.126967665880287, 28.651047334764847 ], [ -106.126428676709807, 28.651047334764847 ], [ -106.126428676709807, 28.649969356423902 ], [ -106.125889687539342, 28.649969356423902 ], [ -106.125889687539342, 28.649699861838666 ], [ -106.126967665880287, 28.649699861838666 ], [ -106.126967665880287, 28.649430367253434 ], [ -106.127506655050752, 28.649430367253434 ], [ -106.127506655050752, 28.650238851009139 ], [ -106.126698171295047, 28.650238851009139 ], [ -106.126698171295047, 28.650777840179611 ], [ -106.126967665880287, 28.650777840179611 ], [ -106.126967665880287, 28.651047334764847 ] ] ] ] } },
{ "type": "Feature", "properties": { "ZONA_MET": "Chihuahua", "INTENSIDAD": "Intensa", "T_PROM_POL": 4.0, "T_MIN_CIUD": 1.0, "DIF_TERMIC": 2.0 }, "geometry": { "type": "MultiPolygon", "coordinates": [ [ [ [ -105.990064416580466, 28.651586323935319 ], [ -105.987638965313351, 28.651586323935319 ], [ -105.987638965313351, 28.651316829350083 ], [ -105.989794921995241, 28.651316829350083 ], [ -105.989794921995241, 28.651047334764847 ], [ -105.990064416580466, 28.651047334764847 ], [ -105.990064416580466, 28.649430367253434 ], [ -105.989525427410001, 28.649430367253434 ], [ -105.989525427410001, 28.649160872668197 ], [ -105.989794921995241, 28.649160872668197 ], [ -105.989794921995241, 28.648891378082961 ], [ -105.990064416580466, 28.648891378082961 ], [ -105.990064416580466, 28.648621883497725 ], [ -105.990333911165706, 28.648621883497725 ], [ -105.990333911165706, 28.649430367253434 ], [ -105.990603405750946, 28.649430367253434 ], [ -105.990603405750946, 28.649699861838666 ], [ -105.990333911165706, 28.649699861838666 ], [ -105.990333911165706, 28.649969356423902 ], [ -105.990603405750946, 28.649969356423902 ], [ -105.990603405750946, 28.651047334764847 ], [ -105.990333911165706, 28.651047334764847 ], [ -105.990333911165706, 28.651316829350083 ], [ -105.990064416580466, 28.651316829350083 ], [ -105.990064416580466, 28.651586323935319 ] ] ] ] } },
{ "type": "Feature", "properties": { "ZONA_MET": "Chihuahua", "INTENSIDAD": "Extrema", "T_PROM_POL": 4.0, "T_MIN_CIUD": 1.0, "DIF_TERMIC": 2.0 }, "geometry": { "type": "MultiPolygon", "coordinates": [ [ [ [ -105.976320192733439, 28.650238851009139 ], [ -105.975511708977734, 28.650238851009139 ], [ -105.975511708977734, 28.649969356423902 ], [ -105.974703225222029, 28.649969356423902 ], [ -105.974703225222029, 28.649699861838666 ], [ -105.975242214392495, 28.649699861838666 ], [ -105.975242214392495, 28.649430367253434 ], [ -105.975511708977734, 28.649430367253434 ], [ -105.975511708977734, 28.649699861838666 ], [ -105.975781203562974, 28.649699861838666 ], [ -105.975781203562974, 28.649430367253434 ], [ -105.976859181903919, 28.649430367253434 ], [ -105.976859181903919, 28.649160872668197 ], [ -105.977128676489144, 28.649160872668197 ], [ -105.977128676489144, 28.648891378082961 ], [ -105.978206654830089, 28.648891378082961 ], [ -105.978206654830089, 28.649160872668197 ], [ -105.978476149415329, 28.649160872668197 ], [ -105.978476149415329, 28.648621883497725 ], [ -105.979284633171034, 28.648621883497725 ], [ -105.979284633171034, 28.649430367253434 ], [ -105.979554127756273, 28.649430367253434 ], [ -105.979554127756273, 28.649699861838666 ], [ -105.976589687318679, 28.649699861838666 ], [ -105.976589687318679, 28.649969356423902 ], [ -105.976320192733439, 28.649969356423902 ], [ -105.976320192733439, 28.650238851009139 ] ], [ [ -105.976050698148214, 28.649969356423902 ], [ -105.976050698148214, 28.649699861838666 ], [ -105.975781203562974, 28.649699861838666 ], [ -105.975781203562974, 28.649969356423902 ], [ -105.976050698148214, 28.649969356423902 ] ] ] ] } },
{ "type": "Feature", "properties": { "ZONA_MET": "Chihuahua", "INTENSIDAD": "Intensa", "T_PROM_POL": 4.0, "T_MIN_CIUD": 1.0, "DIF_TERMIC": 2.0 }, "geometry": { "type": "MultiPolygon", "coordinates": [ [ [ [ -105.97281676312538, 28.650238851009139 ], [ -105.97254726854014, 28.650238851009139 ], [ -105.97254726854014, 28.649969356423902 ], [ -105.97093030102873, 28.649969356423902 ], [ -105.97093030102873, 28.649699861838666 ], [ -105.971469290199195, 28.649699861838666 ], [ -105.971469290199195, 28.649430367253434 ], [ -105.971738784784435, 28.649430367253434 ], [ -105.971738784784435, 28.649699861838666 ], [ -105.972008279369675, 28.649699861838666 ], [ -105.972008279369675, 28.649430367253434 ], [ -105.9722777739549, 28.649430367253434 ], [ -105.9722777739549, 28.648891378082961 ], [ -105.972008279369675, 28.648891378082961 ], [ -105.972008279369675, 28.648352388912489 ], [ -105.9722777739549, 28.648352388912489 ], [ -105.9722777739549, 28.648621883497725 ], [ -105.97254726854014, 28.648621883497725 ], [ -105.97254726854014, 28.648352388912489 ], [ -105.97281676312538, 28.648352388912489 ], [ -105.97281676312538, 28.648621883497725 ], [ -105.973086257710619, 28.648621883497725 ], [ -105.973086257710619, 28.648891378082961 ], [ -105.97254726854014, 28.648891378082961 ], [ -105.97254726854014, 28.649430367253434 ], [ -105.973086257710619, 28.649430367253434 ], [ -105.973086257710619, 28.649699861838666 ], [ -105.97281676312538, 28.649699861838666 ], [ -105.97281676312538, 28.650238851009139 ] ] ] ] } },
{ "type": "Feature", "properties": { "ZONA_MET": "Chihuahua", "INTENSIDAD": "Intensa", "T_PROM_POL": 3.0, "T_MIN_CIUD": 1.0, "DIF_TERMIC": 2.0 }, "geometry": { "type": "MultiPolygon", "coordinates": [ [ [ [ -105.998418748722784, 28.648621883497725 ], [ -105.997879759552305, 28.648621883497725 ], [ -105.997879759552305, 28.648082894327253 ], [ -105.997610264967079, 28.648082894327253 ], [ -105.997610264967079, 28.648352388912489 ], [ -105.99734077038184, 28.648352388912489 ], [ -105.99734077038184, 28.64754390515678 ], [ -105.997610264967079, 28.64754390515678 ], [ -105.997610264967079, 28.647274410571544 ], [ -105.997879759552305, 28.647274410571544 ], [ -105.997879759552305, 28.64754390515678 ], [ -105.998418748722784, 28.64754390515678 ], [ -105.998418748722784, 28.648621883497725 ] ] ] ] } },
{ "type": "Feature", "properties": { "ZONA_MET": "Chihuahua", "INTENSIDAD": "Intensa", "T_PROM_POL": 3.0, "T_MIN_CIUD": 1.0, "DIF_TERMIC": 2.0 }, "geometry": { "type": "MultiPolygon", "coordinates": [ [ [ [ -106.003808640427494, 28.648352388912489 ], [ -106.003000156671789, 28.648352388912489 ], [ -106.003000156671789, 28.647004915986308 ], [ -106.003269651257028, 28.647004915986308 ], [ -106.003269651257028, 28.647274410571544 ], [ -106.004078135012733, 28.647274410571544 ], [ -106.004078135012733, 28.647813399742017 ], [ -106.003539145842268, 28.647813399742017 ], [ -106.003539145842268, 28.648082894327253 ], [ -106.003808640427494, 28.648082894327253 ], [ -106.003808640427494, 28.648352388912489 ] ] ] ] } },
{ "type": "Feature", "properties": { "ZONA_MET": "Chihuahua", "INTENSIDAD": "Intensa", "T_PROM_POL": 4.0, "T_MIN_CIUD": 1.0, "DIF_TERMIC": 2.0 }, "geometry": { "type": "MultiPolygon", "coordinates": [ [ [ [ -105.981979579023402, 28.648082894327253 ], [ -105.981440589852923, 28.648082894327253 ], [ -105.981440589852923, 28.647004915986308 ], [ -105.981710084438163, 28.647004915986308 ], [ -105.981710084438163, 28.646735421401072 ], [ -105.982788062779107, 28.646735421401072 ], [ -105.982788062779107, 28.646196432230603 ], [ -105.983057557364333, 28.646196432230603 ], [ -105.983057557364333, 28.647004915986308 ], [ -105.982249073608628, 28.647004915986308 ], [ -105.982249073608628, 28.647274410571544 ], [ -105.981979579023402, 28.647274410571544 ], [ -105.981979579023402, 28.64754390515678 ], [ -105.981710084438163, 28.64754390515678 ], [ -105.981710084438163, 28.647813399742017 ], [ -105.981979579023402, 28.647813399742017 ], [ -105.981979579023402, 28.648082894327253 ] ] ] ] } },
{ "type": "Feature", "properties": { "ZONA_MET": "Chihuahua", "INTENSIDAD": "Intensa", "T_PROM_POL": 4.0, "T_MIN_CIUD": 1.0, "DIF_TERMIC": 2.0 }, "geometry": { "type": "MultiPolygon", "coordinates": [ [ [ [ -105.987369470728112, 28.646735421401072 ], [ -105.987099976142872, 28.646735421401072 ], [ -105.987099976142872, 28.646465926815839 ], [ -105.986830481557647, 28.646465926815839 ], [ -105.986830481557647, 28.645926937645367 ], [ -105.987369470728112, 28.645926937645367 ], [ -105.987369470728112, 28.645657443060131 ], [ -105.987638965313351, 28.645657443060131 ], [ -105.987638965313351, 28.645387948474895 ], [ -105.987908459898591, 28.645387948474895 ], [ -105.987908459898591, 28.645657443060131 ], [ -105.988177954483817, 28.645657443060131 ], [ -105.988177954483817, 28.646196432230603 ], [ -105.987638965313351, 28.646196432230603 ], [ -105.987638965313351, 28.646465926815839 ], [ -105.987369470728112, 28.646465926815839 ], [ -105.987369470728112, 28.646735421401072 ] ] ] ] } },
{ "type": "Feature", "properties": { "ZONA_MET": "Chihuahua", "INTENSIDAD": "Intensa", "T_PROM_POL": 4.0, "T_MIN_CIUD": 1.0, "DIF_TERMIC": 2.0 }, "geometry": { "type": "MultiPolygon", "coordinates": [ [ [ [ -105.993028857018061, 28.647274410571544 ], [ -105.992759362432835, 28.647274410571544 ], [ -105.992759362432835, 28.646735421401072 ], [ -105.992489867847596, 28.646735421401072 ], [ -105.992489867847596, 28.647274410571544 ], [ -105.991411889506651, 28.647274410571544 ], [ -105.991411889506651, 28.647004915986308 ], [ -105.991681384091891, 28.647004915986308 ], [ -105.991681384091891, 28.646465926815839 ], [ -105.992220373262356, 28.646465926815839 ], [ -105.992220373262356, 28.646196432230603 ], [ -105.991950878677116, 28.646196432230603 ], [ -105.991950878677116, 28.645926937645367 ], [ -105.992759362432835, 28.645926937645367 ], [ -105.992759362432835, 28.645387948474895 ], [ -105.993028857018061, 28.645387948474895 ], [ -105.993028857018061, 28.645657443060131 ], [ -105.994106835359005, 28.645657443060131 ], [ -105.994106835359005, 28.645926937645367 ], [ -105.993028857018061, 28.645926937645367 ], [ -105.993028857018061, 28.647274410571544 ] ] ] ] } },
{ "type": "Feature", "properties": { "ZONA_MET": "Chihuahua", "INTENSIDAD": "Intensa", "T_PROM_POL": 3.0, "T_MIN_CIUD": 1.0, "DIF_TERMIC": 2.0 }, "geometry": { "type": "MultiPolygon", "coordinates": [ [ [ [ -105.998418748722784, 28.647004915986308 ], [ -105.997610264967079, 28.647004915986308 ], [ -105.997610264967079, 28.646465926815839 ], [ -105.99734077038184, 28.646465926815839 ], [ -105.99734077038184, 28.646196432230603 ], [ -105.9970712757966, 28.646196432230603 ], [ -105.9970712757966, 28.645926937645367 ], [ -105.996801781211374, 28.645926937645367 ], [ -105.996801781211374, 28.645657443060131 ], [ -105.996532286626135, 28.645657443060131 ], [ -105.996532286626135, 28.645926937645367 ], [ -105.996262792040895, 28.645926937645367 ], [ -105.996262792040895, 28.646196432230603 ], [ -105.99572380287043, 28.646196432230603 ], [ -105.99572380287043, 28.645926937645367 ], [ -105.99545430828519, 28.645926937645367 ], [ -105.99545430828519, 28.646465926815839 ], [ -105.99518481369995, 28.646465926815839 ], [ -105.99518481369995, 28.646196432230603 ], [ -105.994106835359005, 28.646196432230603 ], [ -105.994106835359005, 28.645926937645367 ], [ -105.994645824529485, 28.645926937645367 ], [ -105.994645824529485, 28.645657443060131 ], [ -105.99491531911471, 28.645657443060131 ], [ -105.99491531911471, 28.645387948474895 ], [ -105.99518481369995, 28.645387948474895 ], [ -105.99518481369995, 28.645118453889658 ], [ -105.994645824529485, 28.645118453889658 ], [ -105.994645824529485, 28.645387948474895 ], [ -105.994376329944245, 28.645387948474895 ], [ -105.994376329944245, 28.644848959304422 ], [ -105.993028857018061, 28.644848959304422 ], [ -105.993028857018061, 28.644579464719186 ], [ -105.9932983516033, 28.644579464719186 ], [ -105.9932983516033, 28.64430997013395 ], [ -105.99356784618854, 28.64430997013395 ], [ -105.99356784618854, 28.644040475548714 ], [ -105.994106835359005, 28.644040475548714 ], [ -105.994106835359005, 28.644579464719186 ], [ -105.994645824529485, 28.644579464719186 ], [ -105.994645824529485, 28.644848959304422 ], [ -105.99491531911471, 28.644848959304422 ], [ -105.99491531911471, 28.644579464719186 ], [ -105.99545430828519, 28.644579464719186 ], [ -105.99545430828519, 28.64430997013395 ], [ -105.995993297455655, 28.64430997013395 ], [ -105.995993297455655, 28.644040475548714 ], [ -105.996262792040895, 28.644040475548714 ], [ -105.996262792040895, 28.64430997013395 ], [ -105.996532286626135, 28.64430997013395 ], [ -105.996532286626135, 28.644040475548714 ], [ -105.996801781211374, 28.644040475548714 ], [ -105.996801781211374, 28.643501486378245 ], [ -105.9970712757966, 28.643501486378245 ], [ -105.9970712757966, 28.643770980963478 ], [ -105.997610264967079, 28.643770980963478 ], [ -105.997610264967079, 28.644040475548714 ], [ -105.99734077038184, 28.644040475548714 ], [ -105.99734077038184, 28.644579464719186 ], [ -105.997610264967079, 28.644579464719186 ], [ -105.997610264967079, 28.645118453889658 ], [ -105.99734077038184, 28.645118453889658 ], [ -105.99734077038184, 28.644848959304422 ], [ -105.9970712757966, 28.644848959304422 ], [ -105.9970712757966, 28.644579464719186 ], [ -105.996262792040895, 28.644579464719186 ], [ -105.996262792040895, 28.645118453889658 ], [ -105.99545430828519, 28.645118453889658 ], [ -105.99545430828519, 28.645657443060131 ], [ -105.99572380287043, 28.645657443060131 ], [ -105.99572380287043, 28.645387948474895 ], [ -105.9970712757966, 28.645387948474895 ], [ -105.9970712757966, 28.645657443060131 ], [ -105.997610264967079, 28.645657443060131 ], [ -105.997610264967079, 28.645387948474895 ], [ -105.997879759552305, 28.645387948474895 ], [ -105.997879759552305, 28.645926937645367 ], [ -105.998149254137545, 28.645926937645367 ], [ -105.998149254137545, 28.646465926815839 ], [ -105.997879759552305, 28.646465926815839 ], [ -105.997879759552305, 28.646735421401072 ], [ -105.998418748722784, 28.646735421401072 ], [ -105.998418748722784, 28.647004915986308 ] ] ] ] } },
{ "type": "Feature", "properties": { "ZONA_MET": "Chihuahua", "INTENSIDAD": "Intensa", "T_PROM_POL": 4.0, "T_MIN_CIUD": 1.0, "DIF_TERMIC": 2.0 }, "geometry": { "type": "MultiPolygon", "coordinates": [ [ [ [ -106.028602142269193, 28.644579464719186 ], [ -106.028063153098728, 28.644579464719186 ], [ -106.028063153098728, 28.644040475548714 ], [ -106.027793658513488, 28.644040475548714 ], [ -106.027793658513488, 28.642693002622536 ], [ -106.027524163928248, 28.642693002622536 ], [ -106.027524163928248, 28.642154013452064 ], [ -106.027793658513488, 28.642154013452064 ], [ -106.027793658513488, 28.641884518866828 ], [ -106.028063153098728, 28.641884518866828 ], [ -106.028063153098728, 28.641345529696355 ], [ -106.028332647683968, 28.641345529696355 ], [ -106.028332647683968, 28.642693002622536 ], [ -106.028602142269193, 28.642693002622536 ], [ -106.028602142269193, 28.642962497207773 ], [ -106.028871636854433, 28.642962497207773 ], [ -106.028871636854433, 28.643231991793009 ], [ -106.028332647683968, 28.643231991793009 ], [ -106.028332647683968, 28.644040475548714 ], [ -106.028602142269193, 28.644040475548714 ], [ -106.028602142269193, 28.644579464719186 ] ] ] ] } },
{ "type": "Feature", "properties": { "ZONA_MET": "Chihuahua", "INTENSIDAD": "Intensa", "T_PROM_POL": 3.0, "T_MIN_CIUD": 1.0, "DIF_TERMIC": 2.0 }, "geometry": { "type": "MultiPolygon", "coordinates": [ [ [ [ -105.99383734077378, 28.643231991793009 ], [ -105.992759362432835, 28.643231991793009 ], [ -105.992759362432835, 28.642154013452064 ], [ -105.9932983516033, 28.642154013452064 ], [ -105.9932983516033, 28.6424235080373 ], [ -105.99356784618854, 28.6424235080373 ], [ -105.99356784618854, 28.642154013452064 ], [ -105.99383734077378, 28.642154013452064 ], [ -105.99383734077378, 28.641884518866828 ], [ -105.994106835359005, 28.641884518866828 ], [ -105.994106835359005, 28.641615024281592 ], [ -105.99383734077378, 28.641615024281592 ], [ -105.99383734077378, 28.641345529696355 ], [ -105.994376329944245, 28.641345529696355 ], [ -105.994376329944245, 28.642962497207773 ], [ -105.99383734077378, 28.642962497207773 ], [ -105.99383734077378, 28.643231991793009 ] ], [ [ -105.99383734077378, 28.642962497207773 ], [ -105.99383734077378, 28.642693002622536 ], [ -105.99356784618854, 28.642693002622536 ], [ -105.99356784618854, 28.642962497207773 ], [ -105.99383734077378, 28.642962497207773 ] ] ] ] } },
{ "type": "Feature", "properties": { "ZONA_MET": "Chihuahua", "INTENSIDAD": "Intensa", "T_PROM_POL": 3.0, "T_MIN_CIUD": 1.0, "DIF_TERMIC": 2.0 }, "geometry": { "type": "MultiPolygon", "coordinates": [ [ [ [ -106.005695102524157, 28.645387948474895 ], [ -106.005425607938918, 28.645387948474895 ], [ -106.005425607938918, 28.645118453889658 ], [ -106.004886618768438, 28.645118453889658 ], [ -106.004886618768438, 28.64430997013395 ], [ -106.004617124183213, 28.64430997013395 ], [ -106.004617124183213, 28.644040475548714 ], [ -106.004347629597973, 28.644040475548714 ], [ -106.004347629597973, 28.643231991793009 ], [ -106.004078135012733, 28.643231991793009 ], [ -106.004078135012733, 28.642962497207773 ], [ -106.003539145842268, 28.642962497207773 ], [ -106.003539145842268, 28.642693002622536 ], [ -106.003269651257028, 28.642693002622536 ], [ -106.003269651257028, 28.6424235080373 ], [ -106.003000156671789, 28.6424235080373 ], [ -106.003000156671789, 28.642693002622536 ], [ -106.002191672916084, 28.642693002622536 ], [ -106.002191672916084, 28.641884518866828 ], [ -106.001113694575139, 28.641884518866828 ], [ -106.001113694575139, 28.640806540525883 ], [ -106.001383189160379, 28.640806540525883 ], [ -106.001383189160379, 28.641076035111119 ], [ -106.001922178330844, 28.641076035111119 ], [ -106.001922178330844, 28.640806540525883 ], [ -106.002461167501323, 28.640806540525883 ], [ -106.002461167501323, 28.641076035111119 ], [ -106.003269651257028, 28.641076035111119 ], [ -106.003269651257028, 28.640806540525883 ], [ -106.004078135012733, 28.640806540525883 ], [ -106.004078135012733, 28.641884518866828 ], [ -106.004347629597973, 28.641884518866828 ], [ -106.004347629597973, 28.642154013452064 ], [ -106.005425607938918, 28.642154013452064 ], [ -106.005425607938918, 28.6424235080373 ], [ -106.005695102524157, 28.6424235080373 ], [ -106.005695102524157, 28.642693002622536 ], [ -106.005964597109383, 28.642693002622536 ], [ -106.005964597109383, 28.64430997013395 ], [ -106.005695102524157, 28.64430997013395 ], [ -106.005695102524157, 28.644579464719186 ], [ -106.005964597109383, 28.644579464719186 ], [ -106.005964597109383, 28.645118453889658 ], [ -106.005695102524157, 28.645118453889658 ], [ -106.005695102524157, 28.645387948474895 ] ], [ [ -106.005695102524157, 28.644848959304422 ], [ -106.005695102524157, 28.644579464719186 ], [ -106.005156113353678, 28.644579464719186 ], [ -106.005156113353678, 28.644848959304422 ], [ -106.005695102524157, 28.644848959304422 ] ], [ [ -106.004886618768438, 28.644040475548714 ], [ -106.004886618768438, 28.643770980963478 ], [ -106.005425607938918, 28.643770980963478 ], [ -106.005425607938918, 28.643501486378245 ], [ -106.005695102524157, 28.643501486378245 ], [ -106.005695102524157, 28.642962497207773 ], [ -106.004886618768438, 28.642962497207773 ], [ -106.004886618768438, 28.6424235080373 ], [ -106.004617124183213, 28.6424235080373 ], [ -106.004617124183213, 28.643231991793009 ], [ -106.004886618768438, 28.643231991793009 ], [ -106.004886618768438, 28.643501486378245 ], [ -106.004617124183213, 28.643501486378245 ], [ -106.004617124183213, 28.644040475548714 ], [ -106.004886618768438, 28.644040475548714 ] ] ] ] } },
{ "type": "Feature", "properties": { "ZONA_MET": "Chihuahua", "INTENSIDAD": "Intensa", "T_PROM_POL": 3.0, "T_MIN_CIUD": 1.0, "DIF_TERMIC": 2.0 }, "geometry": { "type": "MultiPolygon", "coordinates": [ [ [ [ -106.008659542961752, 28.642154013452064 ], [ -106.008390048376512, 28.642154013452064 ], [ -106.008390048376512, 28.641884518866828 ], [ -106.008120553791272, 28.641884518866828 ], [ -106.008120553791272, 28.641615024281592 ], [ -106.007581564620807, 28.641615024281592 ], [ -106.007581564620807, 28.641884518866828 ], [ -106.007312070035567, 28.641884518866828 ], [ -106.007312070035567, 28.642154013452064 ], [ -106.007042575450328, 28.642154013452064 ], [ -106.007042575450328, 28.641884518866828 ], [ -106.006773080865088, 28.641884518866828 ], [ -106.006773080865088, 28.641615024281592 ], [ -106.007042575450328, 28.641615024281592 ], [ -106.007042575450328, 28.641345529696355 ], [ -106.008120553791272, 28.641345529696355 ], [ -106.008120553791272, 28.640537045940651 ], [ -106.008390048376512, 28.640537045940651 ], [ -106.008390048376512, 28.640806540525883 ], [ -106.008659542961752, 28.640806540525883 ], [ -106.008659542961752, 28.640537045940651 ], [ -106.009198532132217, 28.640537045940651 ], [ -106.009198532132217, 28.640806540525883 ], [ -106.008929037546977, 28.640806540525883 ], [ -106.008929037546977, 28.641076035111119 ], [ -106.008659542961752, 28.641076035111119 ], [ -106.008659542961752, 28.642154013452064 ] ] ] ] } },
{ "type": "Feature", "properties": { "ZONA_MET": "Chihuahua", "INTENSIDAD": "Extrema", "T_PROM_POL": 4.0, "T_MIN_CIUD": 1.0, "DIF_TERMIC": 2.0 }, "geometry": { "type": "MultiPolygon", "coordinates": [ [ [ [ -105.941824885823252, 28.644848959304422 ], [ -105.941555391238012, 28.644848959304422 ], [ -105.941555391238012, 28.643770980963478 ], [ -105.941824885823252, 28.643770980963478 ], [ -105.941824885823252, 28.642962497207773 ], [ -105.941555391238012, 28.642962497207773 ], [ -105.941555391238012, 28.642693002622536 ], [ -105.941824885823252, 28.642693002622536 ], [ -105.941824885823252, 28.6424235080373 ], [ -105.942094380408491, 28.6424235080373 ], [ -105.942094380408491, 28.641076035111119 ], [ -105.942363874993731, 28.641076035111119 ], [ -105.942363874993731, 28.640267551355414 ], [ -105.942633369578957, 28.640267551355414 ], [ -105.942633369578957, 28.641884518866828 ], [ -105.942363874993731, 28.641884518866828 ], [ -105.942363874993731, 28.642154013452064 ], [ -105.942633369578957, 28.642154013452064 ], [ -105.942633369578957, 28.6424235080373 ], [ -105.942363874993731, 28.6424235080373 ], [ -105.942363874993731, 28.642962497207773 ], [ -105.942094380408491, 28.642962497207773 ], [ -105.942094380408491, 28.644579464719186 ], [ -105.941824885823252, 28.644579464719186 ], [ -105.941824885823252, 28.644848959304422 ] ] ] ] } },
{ "type": "Feature", "properties": { "ZONA_MET": "Chihuahua", "INTENSIDAD": "Intensa", "T_PROM_POL": 3.0, "T_MIN_CIUD": 1.0, "DIF_TERMIC": 2.0 }, "geometry": { "type": "MultiPolygon", "coordinates": [ [ [ [ -106.020247810126889, 28.641615024281592 ], [ -106.01970882095641, 28.641615024281592 ], [ -106.01970882095641, 28.641076035111119 ], [ -106.019439326371185, 28.641076035111119 ], [ -106.019439326371185, 28.640806540525883 ], [ -106.019169831785945, 28.640806540525883 ], [ -106.019169831785945, 28.641076035111119 ], [ -106.018630842615465, 28.641076035111119 ], [ -106.018630842615465, 28.640806540525883 ], [ -106.018900337200705, 28.640806540525883 ], [ -106.018900337200705, 28.639998056770178 ], [ -106.01970882095641, 28.639998056770178 ], [ -106.01970882095641, 28.640806540525883 ], [ -106.01997831554165, 28.640806540525883 ], [ -106.01997831554165, 28.641076035111119 ], [ -106.020247810126889, 28.641076035111119 ], [ -106.020247810126889, 28.641615024281592 ] ] ] ] } },
{ "type": "Feature", "properties": { "ZONA_MET": "Chihuahua", "INTENSIDAD": "Intensa", "T_PROM_POL": 3.0, "T_MIN_CIUD": 1.0, "DIF_TERMIC": 2.0 }, "geometry": { "type": "MultiPolygon", "coordinates": [ [ [ [ -106.093819831896269, 28.641345529696355 ], [ -106.092202864384859, 28.641345529696355 ], [ -106.092202864384859, 28.641076035111119 ], [ -106.091933369799619, 28.641076035111119 ], [ -106.091933369799619, 28.640267551355414 ], [ -106.092472358970099, 28.640267551355414 ], [ -106.092472358970099, 28.639998056770178 ], [ -106.092741853555324, 28.639998056770178 ], [ -106.092741853555324, 28.640267551355414 ], [ -106.093011348140564, 28.640267551355414 ], [ -106.093011348140564, 28.640537045940651 ], [ -106.093550337311044, 28.640537045940651 ], [ -106.093550337311044, 28.640806540525883 ], [ -106.093819831896269, 28.640806540525883 ], [ -106.093819831896269, 28.641345529696355 ] ] ] ] } },
{ "type": "Feature", "properties": { "ZONA_MET": "Chihuahua", "INTENSIDAD": "Intensa", "T_PROM_POL": 3.0, "T_MIN_CIUD": 1.0, "DIF_TERMIC": 2.0 }, "geometry": { "type": "MultiPolygon", "coordinates": [ [ [ [ -106.01782235885976, 28.641884518866828 ], [ -106.017283369689295, 28.641884518866828 ], [ -106.017283369689295, 28.641615024281592 ], [ -106.017013875104055, 28.641615024281592 ], [ -106.017013875104055, 28.641345529696355 ], [ -106.017283369689295, 28.641345529696355 ], [ -106.017283369689295, 28.641076035111119 ], [ -106.017013875104055, 28.641076035111119 ], [ -106.017013875104055, 28.640806540525883 ], [ -106.017283369689295, 28.640806540525883 ], [ -106.017283369689295, 28.639998056770178 ], [ -106.017552864274535, 28.639998056770178 ], [ -106.017552864274535, 28.640267551355414 ], [ -106.01782235885976, 28.640267551355414 ], [ -106.01782235885976, 28.639998056770178 ], [ -106.018091853445, 28.639998056770178 ], [ -106.018091853445, 28.639728562184942 ], [ -106.01836134803024, 28.639728562184942 ], [ -106.01836134803024, 28.640267551355414 ], [ -106.018091853445, 28.640267551355414 ], [ -106.018091853445, 28.640806540525883 ], [ -106.01782235885976, 28.640806540525883 ], [ -106.01782235885976, 28.641076035111119 ], [ -106.017552864274535, 28.641076035111119 ], [ -106.017552864274535, 28.641615024281592 ], [ -106.01782235885976, 28.641615024281592 ], [ -106.01782235885976, 28.641884518866828 ] ] ] ] } },
{ "type": "Feature", "properties": { "ZONA_MET": "Chihuahua", "INTENSIDAD": "Intensa", "T_PROM_POL": 3.0, "T_MIN_CIUD": 1.0, "DIF_TERMIC": 2.0 }, "geometry": { "type": "MultiPolygon", "coordinates": [ [ [ [ -105.995993297455655, 28.641615024281592 ], [ -105.99572380287043, 28.641615024281592 ], [ -105.99572380287043, 28.640537045940651 ], [ -105.99545430828519, 28.640537045940651 ], [ -105.99545430828519, 28.640267551355414 ], [ -105.99518481369995, 28.640267551355414 ], [ -105.99518481369995, 28.639728562184942 ], [ -105.99491531911471, 28.639728562184942 ], [ -105.99491531911471, 28.639459067599706 ], [ -105.99518481369995, 28.639459067599706 ], [ -105.99518481369995, 28.63918957301447 ], [ -105.99545430828519, 28.63918957301447 ], [ -105.99545430828519, 28.639998056770178 ], [ -105.99572380287043, 28.639998056770178 ], [ -105.99572380287043, 28.639728562184942 ], [ -105.995993297455655, 28.639728562184942 ], [ -105.995993297455655, 28.639998056770178 ], [ -105.99734077038184, 28.639998056770178 ], [ -105.99734077038184, 28.640267551355414 ], [ -105.997879759552305, 28.640267551355414 ], [ -105.997879759552305, 28.639998056770178 ], [ -105.998149254137545, 28.639998056770178 ], [ -105.998149254137545, 28.639459067599706 ], [ -105.997879759552305, 28.639459067599706 ], [ -105.997879759552305, 28.63918957301447 ], [ -105.998418748722784, 28.63918957301447 ], [ -105.998418748722784, 28.639728562184942 ], [ -105.998688243308024, 28.639728562184942 ], [ -105.998688243308024, 28.639459067599706 ], [ -105.999227232478489, 28.639459067599706 ], [ -105.999227232478489, 28.640267551355414 ], [ -106.000035716234194, 28.640267551355414 ], [ -106.000035716234194, 28.639998056770178 ], [ -106.000574705404674, 28.639998056770178 ], [ -106.000574705404674, 28.640537045940651 ], [ -106.000035716234194, 28.640537045940651 ], [ -106.000035716234194, 28.640806540525883 ], [ -105.999766221648969, 28.640806540525883 ], [ -105.999766221648969, 28.641076035111119 ], [ -105.999496727063729, 28.641076035111119 ], [ -105.999496727063729, 28.640806540525883 ], [ -105.997879759552305, 28.640806540525883 ], [ -105.997879759552305, 28.640537045940651 ], [ -105.997610264967079, 28.640537045940651 ], [ -105.997610264967079, 28.641076035111119 ], [ -105.99734077038184, 28.641076035111119 ], [ -105.99734077038184, 28.640806540525883 ], [ -105.9970712757966, 28.640806540525883 ], [ -105.9970712757966, 28.641076035111119 ], [ -105.995993297455655, 28.641076035111119 ], [ -105.995993297455655, 28.641615024281592 ] ], [ [ -105.999227232478489, 28.640537045940651 ], [ -105.999227232478489, 28.640267551355414 ], [ -105.998957737893249, 28.640267551355414 ], [ -105.998957737893249, 28.640537045940651 ], [ -105.999227232478489, 28.640537045940651 ] ], [ [ -105.996532286626135, 28.640537045940651 ], [ -105.996532286626135, 28.640267551355414 ], [ -105.996262792040895, 28.640267551355414 ], [ -105.996262792040895, 28.640537045940651 ], [ -105.996532286626135, 28.640537045940651 ] ] ] ] } },
{ "type": "Feature", "properties": { "ZONA_MET": "Chihuahua", "INTENSIDAD": "Intensa", "T_PROM_POL": 3.0, "T_MIN_CIUD": 1.0, "DIF_TERMIC": 2.0 }, "geometry": { "type": "MultiPolygon", "coordinates": [ [ [ [ -106.009198532132217, 28.640267551355414 ], [ -106.008390048376512, 28.640267551355414 ], [ -106.008390048376512, 28.639998056770178 ], [ -106.008120553791272, 28.639998056770178 ], [ -106.008120553791272, 28.639728562184942 ], [ -106.008390048376512, 28.639728562184942 ], [ -106.008390048376512, 28.63918957301447 ], [ -106.008659542961752, 28.63918957301447 ], [ -106.008659542961752, 28.638920078429233 ], [ -106.010007015887922, 28.638920078429233 ], [ -106.010007015887922, 28.639459067599706 ], [ -106.010546005058401, 28.639459067599706 ], [ -106.010546005058401, 28.639728562184942 ], [ -106.009468026717457, 28.639728562184942 ], [ -106.009468026717457, 28.639459067599706 ], [ -106.008659542961752, 28.639459067599706 ], [ -106.008659542961752, 28.639728562184942 ], [ -106.008929037546977, 28.639728562184942 ], [ -106.008929037546977, 28.639998056770178 ], [ -106.009198532132217, 28.639998056770178 ], [ -106.009198532132217, 28.640267551355414 ] ], [ [ -106.009737521302682, 28.639459067599706 ], [ -106.009737521302682, 28.63918957301447 ], [ -106.009468026717457, 28.63918957301447 ], [ -106.009468026717457, 28.639459067599706 ], [ -106.009737521302682, 28.639459067599706 ] ] ] ] } },
{ "type": "Feature", "properties": { "ZONA_MET": "Chihuahua", "INTENSIDAD": "Intensa", "T_PROM_POL": 4.0, "T_MIN_CIUD": 1.0, "DIF_TERMIC": 2.0 }, "geometry": { "type": "MultiPolygon", "coordinates": [ [ [ [ -106.015935896763111, 28.641345529696355 ], [ -106.015666402177871, 28.641345529696355 ], [ -106.015666402177871, 28.641076035111119 ], [ -106.015396907592645, 28.641076035111119 ], [ -106.015396907592645, 28.640806540525883 ], [ -106.015127413007406, 28.640806540525883 ], [ -106.015127413007406, 28.640537045940651 ], [ -106.015396907592645, 28.640537045940651 ], [ -106.015396907592645, 28.640267551355414 ], [ -106.015666402177871, 28.640267551355414 ], [ -106.015666402177871, 28.639728562184942 ], [ -106.015935896763111, 28.639728562184942 ], [ -106.015935896763111, 28.639998056770178 ], [ -106.01620539134835, 28.639998056770178 ], [ -106.01620539134835, 28.639459067599706 ], [ -106.016744380518816, 28.639459067599706 ], [ -106.016744380518816, 28.63918957301447 ], [ -106.017013875104055, 28.63918957301447 ], [ -106.017013875104055, 28.638650583843997 ], [ -106.017283369689295, 28.638650583843997 ], [ -106.017283369689295, 28.638920078429233 ], [ -106.017552864274535, 28.638920078429233 ], [ -106.017552864274535, 28.63918957301447 ], [ -106.018091853445, 28.63918957301447 ], [ -106.018091853445, 28.639459067599706 ], [ -106.017283369689295, 28.639459067599706 ], [ -106.017283369689295, 28.639998056770178 ], [ -106.016744380518816, 28.639998056770178 ], [ -106.016744380518816, 28.640537045940651 ], [ -106.01647488593359, 28.640537045940651 ], [ -106.01647488593359, 28.641076035111119 ], [ -106.015935896763111, 28.641076035111119 ], [ -106.015935896763111, 28.641345529696355 ] ], [ [ -106.016744380518816, 28.639998056770178 ], [ -106.016744380518816, 28.639728562184942 ], [ -106.01647488593359, 28.639728562184942 ], [ -106.01647488593359, 28.639998056770178 ], [ -106.016744380518816, 28.639998056770178 ] ] ] ] } },
{ "type": "Feature", "properties": { "ZONA_MET": "Chihuahua", "INTENSIDAD": "Intensa", "T_PROM_POL": 4.0, "T_MIN_CIUD": 1.0, "DIF_TERMIC": 2.0 }, "geometry": { "type": "MultiPolygon", "coordinates": [ [ [ [ -106.117265860811798, 28.640267551355414 ], [ -106.116726871641319, 28.640267551355414 ], [ -106.116726871641319, 28.639728562184942 ], [ -106.116457377056079, 28.639728562184942 ], [ -106.116457377056079, 28.638650583843997 ], [ -106.116726871641319, 28.638650583843997 ], [ -106.116726871641319, 28.638381089258761 ], [ -106.116996366226559, 28.638381089258761 ], [ -106.116996366226559, 28.638650583843997 ], [ -106.117265860811798, 28.638650583843997 ], [ -106.117265860811798, 28.638920078429233 ], [ -106.116996366226559, 28.638920078429233 ], [ -106.116996366226559, 28.639998056770178 ], [ -106.117265860811798, 28.639998056770178 ], [ -106.117265860811798, 28.640267551355414 ] ] ] ] } },
{ "type": "Feature", "properties": { "ZONA_MET": "Chihuahua", "INTENSIDAD": "Extrema", "T_PROM_POL": 4.0, "T_MIN_CIUD": 1.0, "DIF_TERMIC": 2.0 }, "geometry": { "type": "MultiPolygon", "coordinates": [ [ [ [ -105.950718207136035, 28.641345529696355 ], [ -105.950179217965569, 28.641345529696355 ], [ -105.950179217965569, 28.641076035111119 ], [ -105.94990972338033, 28.641076035111119 ], [ -105.94990972338033, 28.640537045940651 ], [ -105.94964022879509, 28.640537045940651 ], [ -105.94964022879509, 28.640267551355414 ], [ -105.949370734209865, 28.640267551355414 ], [ -105.949370734209865, 28.639728562184942 ], [ -105.949101239624625, 28.639728562184942 ], [ -105.949101239624625, 28.639459067599706 ], [ -105.949370734209865, 28.639459067599706 ], [ -105.949370734209865, 28.63918957301447 ], [ -105.94990972338033, 28.63918957301447 ], [ -105.94990972338033, 28.638920078429233 ], [ -105.950179217965569, 28.638920078429233 ], [ -105.950179217965569, 28.638650583843997 ], [ -105.94990972338033, 28.638650583843997 ], [ -105.94990972338033, 28.638111594673525 ], [ -105.950448712550795, 28.638111594673525 ], [ -105.950448712550795, 28.63918957301447 ], [ -105.950718207136035, 28.63918957301447 ], [ -105.950718207136035, 28.638920078429233 ], [ -105.950987701721274, 28.638920078429233 ], [ -105.950987701721274, 28.63918957301447 ], [ -105.951257196306514, 28.63918957301447 ], [ -105.951257196306514, 28.639459067599706 ], [ -105.95152669089174, 28.639459067599706 ], [ -105.95152669089174, 28.640267551355414 ], [ -105.951796185476979, 28.640267551355414 ], [ -105.951796185476979, 28.640537045940651 ], [ -105.950987701721274, 28.640537045940651 ], [ -105.950987701721274, 28.640806540525883 ], [ -105.950718207136035, 28.640806540525883 ], [ -105.950718207136035, 28.641345529696355 ] ] ] ] } },
{ "type": "Feature", "properties": { "ZONA_MET": "Chihuahua", "INTENSIDAD": "Intensa", "T_PROM_POL": 3.0, "T_MIN_CIUD": 1.0, "DIF_TERMIC": 2.0 }, "geometry": { "type": "MultiPolygon", "coordinates": [ [ [ [ -106.001113694575139, 28.639728562184942 ], [ -106.000574705404674, 28.639728562184942 ], [ -106.000574705404674, 28.639459067599706 ], [ -106.000035716234194, 28.639459067599706 ], [ -106.000035716234194, 28.638920078429233 ], [ -105.999227232478489, 28.638920078429233 ], [ -105.999227232478489, 28.638650583843997 ], [ -105.998688243308024, 28.638650583843997 ], [ -105.998688243308024, 28.638381089258761 ], [ -105.998957737893249, 28.638381089258761 ], [ -105.998957737893249, 28.638111594673525 ], [ -105.999496727063729, 28.638111594673525 ], [ -105.999496727063729, 28.638381089258761 ], [ -105.999766221648969, 28.638381089258761 ], [ -105.999766221648969, 28.638111594673525 ], [ -106.000035716234194, 28.638111594673525 ], [ -106.000035716234194, 28.638650583843997 ], [ -106.000305210819434, 28.638650583843997 ], [ -106.000305210819434, 28.638381089258761 ], [ -106.000574705404674, 28.638381089258761 ], [ -106.000574705404674, 28.638111594673525 ], [ -106.000844199989899, 28.638111594673525 ], [ -106.000844199989899, 28.638381089258761 ], [ -106.001652683745618, 28.638381089258761 ], [ -106.001652683745618, 28.638920078429233 ], [ -106.001383189160379, 28.638920078429233 ], [ -106.001383189160379, 28.639459067599706 ], [ -106.001113694575139, 28.639459067599706 ], [ -106.001113694575139, 28.639728562184942 ] ] ] ] } },
{ "type": "Feature", "properties": { "ZONA_MET": "Chihuahua", "INTENSIDAD": "Extrema", "T_PROM_POL": 4.0, "T_MIN_CIUD": 1.0, "DIF_TERMIC": 2.0 }, "geometry": { "type": "MultiPolygon", "coordinates": [ [ [ [ -106.015127413007406, 28.640806540525883 ], [ -106.01458842383694, 28.640806540525883 ], [ -106.01458842383694, 28.640537045940651 ], [ -106.014857918422166, 28.640537045940651 ], [ -106.014857918422166, 28.640267551355414 ], [ -106.015127413007406, 28.640267551355414 ], [ -106.015127413007406, 28.639998056770178 ], [ -106.014857918422166, 28.639998056770178 ], [ -106.014857918422166, 28.638650583843997 ], [ -106.014049434666461, 28.638650583843997 ], [ -106.014049434666461, 28.638111594673525 ], [ -106.014318929251701, 28.638111594673525 ], [ -106.014318929251701, 28.637842100088289 ], [ -106.01458842383694, 28.637842100088289 ], [ -106.01458842383694, 28.638111594673525 ], [ -106.015127413007406, 28.638111594673525 ], [ -106.015127413007406, 28.638920078429233 ], [ -106.015396907592645, 28.638920078429233 ], [ -106.015396907592645, 28.63918957301447 ], [ -106.015935896763111, 28.63918957301447 ], [ -106.015935896763111, 28.639459067599706 ], [ -106.015666402177871, 28.639459067599706 ], [ -106.015666402177871, 28.639998056770178 ], [ -106.015396907592645, 28.639998056770178 ], [ -106.015396907592645, 28.640537045940651 ], [ -106.015127413007406, 28.640537045940651 ], [ -106.015127413007406, 28.640806540525883 ] ], [ [ -106.015396907592645, 28.639459067599706 ], [ -106.015396907592645, 28.63918957301447 ], [ -106.015127413007406, 28.63918957301447 ], [ -106.015127413007406, 28.639459067599706 ], [ -106.015396907592645, 28.639459067599706 ] ] ] ] } },
{ "type": "Feature", "properties": { "ZONA_MET": "Chihuahua", "INTENSIDAD": "Intensa", "T_PROM_POL": 3.0, "T_MIN_CIUD": 1.0, "DIF_TERMIC": 2.0 }, "geometry": { "type": "MultiPolygon", "coordinates": [ [ [ [ -106.028602142269193, 28.641345529696355 ], [ -106.028332647683968, 28.641345529696355 ], [ -106.028332647683968, 28.640806540525883 ], [ -106.028602142269193, 28.640806540525883 ], [ -106.028602142269193, 28.640267551355414 ], [ -106.028063153098728, 28.640267551355414 ], [ -106.028063153098728, 28.639459067599706 ], [ -106.028332647683968, 28.639459067599706 ], [ -106.028332647683968, 28.639728562184942 ], [ -106.028602142269193, 28.639728562184942 ], [ -106.028602142269193, 28.639459067599706 ], [ -106.028871636854433, 28.639459067599706 ], [ -106.028871636854433, 28.638650583843997 ], [ -106.029141131439673, 28.638650583843997 ], [ -106.029141131439673, 28.638381089258761 ], [ -106.029680120610138, 28.638381089258761 ], [ -106.029680120610138, 28.637572605503056 ], [ -106.029949615195378, 28.637572605503056 ], [ -106.029949615195378, 28.63730311091782 ], [ -106.030219109780617, 28.63730311091782 ], [ -106.030219109780617, 28.637572605503056 ], [ -106.030488604365843, 28.637572605503056 ], [ -106.030488604365843, 28.637842100088289 ], [ -106.030219109780617, 28.637842100088289 ], [ -106.030219109780617, 28.638111594673525 ], [ -106.029949615195378, 28.638111594673525 ], [ -106.029949615195378, 28.638650583843997 ], [ -106.029410626024912, 28.638650583843997 ], [ -106.029410626024912, 28.63918957301447 ], [ -106.029141131439673, 28.63918957301447 ], [ -106.029141131439673, 28.640537045940651 ], [ -106.028871636854433, 28.640537045940651 ], [ -106.028871636854433, 28.641076035111119 ], [ -106.028602142269193, 28.641076035111119 ], [ -106.028602142269193, 28.641345529696355 ] ], [ [ -106.028871636854433, 28.639998056770178 ], [ -106.028871636854433, 28.639728562184942 ], [ -106.028602142269193, 28.639728562184942 ], [ -106.028602142269193, 28.639998056770178 ], [ -106.028871636854433, 28.639998056770178 ] ] ] ] } },
{ "type": "Feature", "properties": { "ZONA_MET": "Chihuahua", "INTENSIDAD": "Intensa", "T_PROM_POL": 4.0, "T_MIN_CIUD": 1.0, "DIF_TERMIC": 2.0 }, "geometry": { "type": "MultiPolygon", "coordinates": [ [ [ [ -106.015935896763111, 28.638650583843997 ], [ -106.015666402177871, 28.638650583843997 ], [ -106.015666402177871, 28.638381089258761 ], [ -106.015127413007406, 28.638381089258761 ], [ -106.015127413007406, 28.638111594673525 ], [ -106.01458842383694, 28.638111594673525 ], [ -106.01458842383694, 28.637572605503056 ], [ -106.014857918422166, 28.637572605503056 ], [ -106.014857918422166, 28.63730311091782 ], [ -106.015396907592645, 28.63730311091782 ], [ -106.015396907592645, 28.637572605503056 ], [ -106.015935896763111, 28.637572605503056 ], [ -106.015935896763111, 28.637842100088289 ], [ -106.015666402177871, 28.637842100088289 ], [ -106.015666402177871, 28.638111594673525 ], [ -106.015935896763111, 28.638111594673525 ], [ -106.015935896763111, 28.638650583843997 ] ] ] ] } },
{ "type": "Feature", "properties": { "ZONA_MET": "Chihuahua", "INTENSIDAD": "Intensa", "T_PROM_POL": 4.0, "T_MIN_CIUD": 1.0, "DIF_TERMIC": 2.0 }, "geometry": { "type": "MultiPolygon", "coordinates": [ [ [ [ -105.989255932824761, 28.638650583843997 ], [ -105.988716943654296, 28.638650583843997 ], [ -105.988716943654296, 28.638381089258761 ], [ -105.988447449069056, 28.638381089258761 ], [ -105.988447449069056, 28.638111594673525 ], [ -105.988177954483817, 28.638111594673525 ], [ -105.988177954483817, 28.637842100088289 ], [ -105.988447449069056, 28.637842100088289 ], [ -105.988447449069056, 28.637572605503056 ], [ -105.988986438239522, 28.637572605503056 ], [ -105.988986438239522, 28.637033616332584 ], [ -105.989525427410001, 28.637033616332584 ], [ -105.989525427410001, 28.63730311091782 ], [ -105.989255932824761, 28.63730311091782 ], [ -105.989255932824761, 28.637842100088289 ], [ -105.990064416580466, 28.637842100088289 ], [ -105.990064416580466, 28.638111594673525 ], [ -105.989255932824761, 28.638111594673525 ], [ -105.989255932824761, 28.638650583843997 ] ] ] ] } },
{ "type": "Feature", "properties": { "ZONA_MET": "Chihuahua", "INTENSIDAD": "Intensa", "T_PROM_POL": 4.0, "T_MIN_CIUD": 1.0, "DIF_TERMIC": 2.0 }, "geometry": { "type": "MultiPolygon", "coordinates": [ [ [ [ -106.024559723490654, 28.638111594673525 ], [ -106.023481745149724, 28.638111594673525 ], [ -106.023481745149724, 28.637842100088289 ], [ -106.023751239734949, 28.637842100088289 ], [ -106.023751239734949, 28.63730311091782 ], [ -106.024020734320189, 28.63730311091782 ], [ -106.024020734320189, 28.637033616332584 ], [ -106.024290228905429, 28.637033616332584 ], [ -106.024290228905429, 28.636764121747348 ], [ -106.025368207246373, 28.636764121747348 ], [ -106.025368207246373, 28.637033616332584 ], [ -106.025098712661134, 28.637033616332584 ], [ -106.025098712661134, 28.63730311091782 ], [ -106.024829218075894, 28.63730311091782 ], [ -106.024829218075894, 28.637842100088289 ], [ -106.024559723490654, 28.637842100088289 ], [ -106.024559723490654, 28.638111594673525 ] ] ] ] } },
{ "type": "Feature", "properties": { "ZONA_MET": "Chihuahua", "INTENSIDAD": "Intensa", "T_PROM_POL": 4.0, "T_MIN_CIUD": 1.0, "DIF_TERMIC": 2.0 }, "geometry": { "type": "MultiPolygon", "coordinates": [ [ [ [ -105.984405030290517, 28.638111594673525 ], [ -105.984135535705278, 28.638111594673525 ], [ -105.984135535705278, 28.637572605503056 ], [ -105.984405030290517, 28.637572605503056 ], [ -105.984405030290517, 28.636494627162111 ], [ -105.983866041120052, 28.636494627162111 ], [ -105.983866041120052, 28.636225132576875 ], [ -105.985213514046222, 28.636225132576875 ], [ -105.985213514046222, 28.636494627162111 ], [ -105.985752503216702, 28.636494627162111 ], [ -105.985752503216702, 28.636764121747348 ], [ -105.985483008631462, 28.636764121747348 ], [ -105.985483008631462, 28.637033616332584 ], [ -105.985213514046222, 28.637033616332584 ], [ -105.985213514046222, 28.636764121747348 ], [ -105.984944019460997, 28.636764121747348 ], [ -105.984944019460997, 28.63730311091782 ], [ -105.984674524875757, 28.63730311091782 ], [ -105.984674524875757, 28.637842100088289 ], [ -105.984405030290517, 28.637842100088289 ], [ -105.984405030290517, 28.638111594673525 ] ] ] ] } },
{ "type": "Feature", "properties": { "ZONA_MET": "Chihuahua", "INTENSIDAD": "Intensa", "T_PROM_POL": 3.0, "T_MIN_CIUD": 1.0, "DIF_TERMIC": 2.0 }, "geometry": { "type": "MultiPolygon", "coordinates": [ [ [ [ -105.99383734077378, 28.639998056770178 ], [ -105.993028857018061, 28.639998056770178 ], [ -105.993028857018061, 28.639728562184942 ], [ -105.992759362432835, 28.639728562184942 ], [ -105.992759362432835, 28.63918957301447 ], [ -105.991411889506651, 28.63918957301447 ], [ -105.991411889506651, 28.639459067599706 ], [ -105.991142394921411, 28.639459067599706 ], [ -105.991142394921411, 28.638920078429233 ], [ -105.990603405750946, 28.638920078429233 ], [ -105.990603405750946, 28.638381089258761 ], [ -105.990064416580466, 28.638381089258761 ], [ -105.990064416580466, 28.638111594673525 ], [ -105.990603405750946, 28.638111594673525 ], [ -105.990603405750946, 28.637842100088289 ], [ -105.990872900336186, 28.637842100088289 ], [ -105.990872900336186, 28.638381089258761 ], [ -105.991681384091891, 28.638381089258761 ], [ -105.991681384091891, 28.638111594673525 ], [ -105.991950878677116, 28.638111594673525 ], [ -105.991950878677116, 28.637572605503056 ], [ -105.992220373262356, 28.637572605503056 ], [ -105.992220373262356, 28.63730311091782 ], [ -105.991950878677116, 28.63730311091782 ], [ -105.991950878677116, 28.637033616332584 ], [ -105.991681384091891, 28.637033616332584 ], [ -105.991681384091891, 28.636764121747348 ], [ -105.991411889506651, 28.636764121747348 ], [ -105.991411889506651, 28.636494627162111 ], [ -105.991681384091891, 28.636494627162111 ], [ -105.991681384091891, 28.635955637991639 ], [ -105.992220373262356, 28.635955637991639 ], [ -105.992220373262356, 28.636225132576875 ], [ -105.992489867847596, 28.636225132576875 ], [ -105.992489867847596, 28.637033616332584 ], [ -105.992759362432835, 28.637033616332584 ], [ -105.992759362432835, 28.63730311091782 ], [ -105.993028857018061, 28.63730311091782 ], [ -105.993028857018061, 28.637033616332584 ], [ -105.9932983516033, 28.637033616332584 ], [ -105.9932983516033, 28.638381089258761 ], [ -105.99356784618854, 28.638381089258761 ], [ -105.99356784618854, 28.638650583843997 ], [ -105.994106835359005, 28.638650583843997 ], [ -105.994106835359005, 28.638920078429233 ], [ -105.994645824529485, 28.638920078429233 ], [ -105.994645824529485, 28.639728562184942 ], [ -105.99383734077378, 28.639728562184942 ], [ -105.99383734077378, 28.639998056770178 ] ], [ [ -105.991950878677116, 28.638920078429233 ], [ -105.991950878677116, 28.638650583843997 ], [ -105.991411889506651, 28.638650583843997 ], [ -105.991411889506651, 28.638920078429233 ], [ -105.991950878677116, 28.638920078429233 ] ] ] ] } },
{ "type": "Feature", "properties": { "ZONA_MET": "Chihuahua", "INTENSIDAD": "Intensa", "T_PROM_POL": 3.0, "T_MIN_CIUD": 1.0, "DIF_TERMIC": 2.0 }, "geometry": { "type": "MultiPolygon", "coordinates": [ [ [ [ -106.122925247101747, 28.639728562184942 ], [ -106.122655752516508, 28.639728562184942 ], [ -106.122655752516508, 28.638920078429233 ], [ -106.121038785005098, 28.638920078429233 ], [ -106.121038785005098, 28.638650583843997 ], [ -106.121308279590323, 28.638650583843997 ], [ -106.121308279590323, 28.638111594673525 ], [ -106.121577774175563, 28.638111594673525 ], [ -106.121577774175563, 28.638381089258761 ], [ -106.121847268760803, 28.638381089258761 ], [ -106.121847268760803, 28.638111594673525 ], [ -106.122925247101747, 28.638111594673525 ], [ -106.122925247101747, 28.637572605503056 ], [ -106.122116763346042, 28.637572605503056 ], [ -106.122116763346042, 28.637842100088289 ], [ -106.121847268760803, 28.637842100088289 ], [ -106.121847268760803, 28.637572605503056 ], [ -106.121577774175563, 28.637572605503056 ], [ -106.121577774175563, 28.63730311091782 ], [ -106.121038785005098, 28.63730311091782 ], [ -106.121038785005098, 28.635955637991639 ], [ -106.121577774175563, 28.635955637991639 ], [ -106.121577774175563, 28.636225132576875 ], [ -106.121847268760803, 28.636225132576875 ], [ -106.121847268760803, 28.635955637991639 ], [ -106.122925247101747, 28.635955637991639 ], [ -106.122925247101747, 28.636225132576875 ], [ -106.123194741686987, 28.636225132576875 ], [ -106.123194741686987, 28.638920078429233 ], [ -106.122925247101747, 28.638920078429233 ], [ -106.122925247101747, 28.639728562184942 ] ], [ [ -106.121847268760803, 28.636764121747348 ], [ -106.121847268760803, 28.636494627162111 ], [ -106.121577774175563, 28.636494627162111 ], [ -106.121577774175563, 28.636764121747348 ], [ -106.121847268760803, 28.636764121747348 ] ] ] ] } },
{ "type": "Feature", "properties": { "ZONA_MET": "Chihuahua", "INTENSIDAD": "Extrema", "T_PROM_POL": 4.0, "T_MIN_CIUD": 1.0, "DIF_TERMIC": 2.0 }, "geometry": { "type": "MultiPolygon", "coordinates": [ [ [ [ -106.121038785005098, 28.637033616332584 ], [ -106.120769290419858, 28.637033616332584 ], [ -106.120769290419858, 28.636764121747348 ], [ -106.119960806664153, 28.636764121747348 ], [ -106.119960806664153, 28.635955637991639 ], [ -106.121038785005098, 28.635955637991639 ], [ -106.121038785005098, 28.637033616332584 ] ] ] ] } },
{ "type": "Feature", "properties": { "ZONA_MET": "Chihuahua", "INTENSIDAD": "Intensa", "T_PROM_POL": 3.0, "T_MIN_CIUD": 1.0, "DIF_TERMIC": 2.0 }, "geometry": { "type": "MultiPolygon", "coordinates": [ [ [ [ -106.026985174757783, 28.637572605503056 ], [ -106.026715680172543, 28.637572605503056 ], [ -106.026715680172543, 28.63730311091782 ], [ -106.026446185587318, 28.63730311091782 ], [ -106.026446185587318, 28.637033616332584 ], [ -106.026176691002078, 28.637033616332584 ], [ -106.026176691002078, 28.636764121747348 ], [ -106.025907196416838, 28.636764121747348 ], [ -106.025907196416838, 28.636494627162111 ], [ -106.026176691002078, 28.636494627162111 ], [ -106.026176691002078, 28.635955637991639 ], [ -106.026446185587318, 28.635955637991639 ], [ -106.026446185587318, 28.635416648821167 ], [ -106.026715680172543, 28.635416648821167 ], [ -106.026715680172543, 28.636225132576875 ], [ -106.026446185587318, 28.636225132576875 ], [ -106.026446185587318, 28.636494627162111 ], [ -106.026715680172543, 28.636494627162111 ], [ -106.026715680172543, 28.636764121747348 ], [ -106.027254669343023, 28.636764121747348 ], [ -106.027254669343023, 28.63730311091782 ], [ -106.026985174757783, 28.63730311091782 ], [ -106.026985174757783, 28.637572605503056 ] ] ] ] } },
{ "type": "Feature", "properties": { "ZONA_MET": "Chihuahua", "INTENSIDAD": "Intensa", "T_PROM_POL": 4.0, "T_MIN_CIUD": 1.0, "DIF_TERMIC": 2.0 }, "geometry": { "type": "MultiPolygon", "coordinates": [ [ [ [ -106.022403766808779, 28.637572605503056 ], [ -106.022134272223539, 28.637572605503056 ], [ -106.022134272223539, 28.637033616332584 ], [ -106.02159528305306, 28.637033616332584 ], [ -106.02159528305306, 28.636764121747348 ], [ -106.021864777638299, 28.636764121747348 ], [ -106.021864777638299, 28.635955637991639 ], [ -106.022134272223539, 28.635955637991639 ], [ -106.022134272223539, 28.635686143406403 ], [ -106.022942755979244, 28.635686143406403 ], [ -106.022942755979244, 28.635416648821167 ], [ -106.024290228905429, 28.635416648821167 ], [ -106.024290228905429, 28.636225132576875 ], [ -106.024020734320189, 28.636225132576875 ], [ -106.024020734320189, 28.635955637991639 ], [ -106.022942755979244, 28.635955637991639 ], [ -106.022942755979244, 28.636225132576875 ], [ -106.023481745149724, 28.636225132576875 ], [ -106.023481745149724, 28.636494627162111 ], [ -106.023212250564484, 28.636494627162111 ], [ -106.023212250564484, 28.637033616332584 ], [ -106.022942755979244, 28.637033616332584 ], [ -106.022942755979244, 28.636764121747348 ], [ -106.022673261394004, 28.636764121747348 ], [ -106.022673261394004, 28.637033616332584 ], [ -106.022403766808779, 28.637033616332584 ], [ -106.022403766808779, 28.637572605503056 ] ] ] ] } },
{ "type": "Feature", "properties": { "ZONA_MET": "Chihuahua", "INTENSIDAD": "Intensa", "T_PROM_POL": 3.0, "T_MIN_CIUD": 1.0, "DIF_TERMIC": 2.0 }, "geometry": { "type": "MultiPolygon", "coordinates": [ [ [ [ -106.007312070035567, 28.638650583843997 ], [ -106.007042575450328, 28.638650583843997 ], [ -106.007042575450328, 28.638111594673525 ], [ -106.006773080865088, 28.638111594673525 ], [ -106.006773080865088, 28.637842100088289 ], [ -106.006234091694623, 28.637842100088289 ], [ -106.006234091694623, 28.637572605503056 ], [ -106.005964597109383, 28.637572605503056 ], [ -106.005964597109383, 28.637033616332584 ], [ -106.006773080865088, 28.637033616332584 ], [ -106.006773080865088, 28.637572605503056 ], [ -106.007042575450328, 28.637572605503056 ], [ -106.007042575450328, 28.63730311091782 ], [ -106.007312070035567, 28.63730311091782 ], [ -106.007312070035567, 28.635955637991639 ], [ -106.007042575450328, 28.635955637991639 ], [ -106.007042575450328, 28.636225132576875 ], [ -106.006773080865088, 28.636225132576875 ], [ -106.006773080865088, 28.635955637991639 ], [ -106.006503586279862, 28.635955637991639 ], [ -106.006503586279862, 28.635416648821167 ], [ -106.006773080865088, 28.635416648821167 ], [ -106.006773080865088, 28.635147154235931 ], [ -106.007312070035567, 28.635147154235931 ], [ -106.007312070035567, 28.635686143406403 ], [ -106.008120553791272, 28.635686143406403 ], [ -106.008120553791272, 28.635955637991639 ], [ -106.008390048376512, 28.635955637991639 ], [ -106.008390048376512, 28.636225132576875 ], [ -106.008120553791272, 28.636225132576875 ], [ -106.008120553791272, 28.636764121747348 ], [ -106.007581564620807, 28.636764121747348 ], [ -106.007581564620807, 28.637033616332584 ], [ -106.007851059206033, 28.637033616332584 ], [ -106.007851059206033, 28.63730311091782 ], [ -106.007581564620807, 28.63730311091782 ], [ -106.007581564620807, 28.638381089258761 ], [ -106.007312070035567, 28.638381089258761 ], [ -106.007312070035567, 28.638650583843997 ] ] ] ] } },
{ "type": "Feature", "properties": { "ZONA_MET": "Chihuahua", "INTENSIDAD": "Extrema", "T_PROM_POL": 4.0, "T_MIN_CIUD": 1.0, "DIF_TERMIC": 2.0 }, "geometry": { "type": "MultiPolygon", "coordinates": [ [ [ [ -105.980632106097218, 28.638111594673525 ], [ -105.980362611511978, 28.638111594673525 ], [ -105.980362611511978, 28.637842100088289 ], [ -105.980093116926739, 28.637842100088289 ], [ -105.980093116926739, 28.637572605503056 ], [ -105.979823622341513, 28.637572605503056 ], [ -105.979823622341513, 28.63730311091782 ], [ -105.980093116926739, 28.63730311091782 ], [ -105.980093116926739, 28.637033616332584 ], [ -105.980632106097218, 28.637033616332584 ], [ -105.980632106097218, 28.635416648821167 ], [ -105.980093116926739, 28.635416648821167 ], [ -105.980093116926739, 28.635147154235931 ], [ -105.979554127756273, 28.635147154235931 ], [ -105.979554127756273, 28.634877659650694 ], [ -105.980632106097218, 28.634877659650694 ], [ -105.980632106097218, 28.635147154235931 ], [ -105.980901600682458, 28.635147154235931 ], [ -105.980901600682458, 28.635416648821167 ], [ -105.981979579023402, 28.635416648821167 ], [ -105.981979579023402, 28.635686143406403 ], [ -105.980901600682458, 28.635686143406403 ], [ -105.980901600682458, 28.636764121747348 ], [ -105.981440589852923, 28.636764121747348 ], [ -105.981440589852923, 28.637033616332584 ], [ -105.980901600682458, 28.637033616332584 ], [ -105.980901600682458, 28.63730311091782 ], [ -105.980632106097218, 28.63730311091782 ], [ -105.980632106097218, 28.638111594673525 ] ] ] ] } },
{ "type": "Feature", "properties": { "ZONA_MET": "Chihuahua", "INTENSIDAD": "Intensa", "T_PROM_POL": 3.0, "T_MIN_CIUD": 1.0, "DIF_TERMIC": 2.0 }, "geometry": { "type": "MultiPolygon", "coordinates": [ [ [ [ -105.99383734077378, 28.635686143406403 ], [ -105.9932983516033, 28.635686143406403 ], [ -105.9932983516033, 28.635416648821167 ], [ -105.993028857018061, 28.635416648821167 ], [ -105.993028857018061, 28.635147154235931 ], [ -105.992759362432835, 28.635147154235931 ], [ -105.992759362432835, 28.634877659650694 ], [ -105.99356784618854, 28.634877659650694 ], [ -105.99356784618854, 28.634069175894989 ], [ -105.99383734077378, 28.634069175894989 ], [ -105.99383734077378, 28.634608165065458 ], [ -105.994106835359005, 28.634608165065458 ], [ -105.994106835359005, 28.634338670480226 ], [ -105.99491531911471, 28.634338670480226 ], [ -105.99491531911471, 28.634877659650694 ], [ -105.994376329944245, 28.634877659650694 ], [ -105.994376329944245, 28.635147154235931 ], [ -105.994106835359005, 28.635147154235931 ], [ -105.994106835359005, 28.635416648821167 ], [ -105.99383734077378, 28.635416648821167 ], [ -105.99383734077378, 28.635686143406403 ] ] ] ] } },
{ "type": "Feature", "properties": { "ZONA_MET": "Chihuahua", "INTENSIDAD": "Intensa", "T_PROM_POL": 3.0, "T_MIN_CIUD": 1.0, "DIF_TERMIC": 2.0 }, "geometry": { "type": "MultiPolygon", "coordinates": [ [ [ [ -105.998688243308024, 28.636494627162111 ], [ -105.998418748722784, 28.636494627162111 ], [ -105.998418748722784, 28.636225132576875 ], [ -105.997610264967079, 28.636225132576875 ], [ -105.997610264967079, 28.635955637991639 ], [ -105.99734077038184, 28.635955637991639 ], [ -105.99734077038184, 28.635416648821167 ], [ -105.9970712757966, 28.635416648821167 ], [ -105.9970712757966, 28.635686143406403 ], [ -105.996801781211374, 28.635686143406403 ], [ -105.996801781211374, 28.635955637991639 ], [ -105.996262792040895, 28.635955637991639 ], [ -105.996262792040895, 28.636494627162111 ], [ -105.995993297455655, 28.636494627162111 ], [ -105.995993297455655, 28.635955637991639 ], [ -105.99572380287043, 28.635955637991639 ], [ -105.99572380287043, 28.635416648821167 ], [ -105.995993297455655, 28.635416648821167 ], [ -105.995993297455655, 28.635147154235931 ], [ -105.996262792040895, 28.635147154235931 ], [ -105.996262792040895, 28.634877659650694 ], [ -105.995993297455655, 28.634877659650694 ], [ -105.995993297455655, 28.634069175894989 ], [ -105.996532286626135, 28.634069175894989 ], [ -105.996532286626135, 28.633799681309753 ], [ -105.997610264967079, 28.633799681309753 ], [ -105.997610264967079, 28.634608165065458 ], [ -105.99734077038184, 28.634608165065458 ], [ -105.99734077038184, 28.634877659650694 ], [ -105.997879759552305, 28.634877659650694 ], [ -105.997879759552305, 28.635147154235931 ], [ -105.998149254137545, 28.635147154235931 ], [ -105.998149254137545, 28.635416648821167 ], [ -105.998418748722784, 28.635416648821167 ], [ -105.998418748722784, 28.635955637991639 ], [ -105.998688243308024, 28.635955637991639 ], [ -105.998688243308024, 28.636494627162111 ] ], [ [ -105.9970712757966, 28.635416648821167 ], [ -105.9970712757966, 28.635147154235931 ], [ -105.996532286626135, 28.635147154235931 ], [ -105.996532286626135, 28.635416648821167 ], [ -105.9970712757966, 28.635416648821167 ] ], [ [ -105.9970712757966, 28.634877659650694 ], [ -105.9970712757966, 28.634608165065458 ], [ -105.996801781211374, 28.634608165065458 ], [ -105.996801781211374, 28.634877659650694 ], [ -105.9970712757966, 28.634877659650694 ] ], [ [ -105.996532286626135, 28.634608165065458 ], [ -105.996532286626135, 28.634338670480226 ], [ -105.996262792040895, 28.634338670480226 ], [ -105.996262792040895, 28.634608165065458 ], [ -105.996532286626135, 28.634608165065458 ] ] ] ] } },
{ "type": "Feature", "properties": { "ZONA_MET": "Chihuahua", "INTENSIDAD": "Intensa", "T_PROM_POL": 3.0, "T_MIN_CIUD": 1.0, "DIF_TERMIC": 2.0 }, "geometry": { "type": "MultiPolygon", "coordinates": [ [ [ [ -106.027254669343023, 28.636225132576875 ], [ -106.026985174757783, 28.636225132576875 ], [ -106.026985174757783, 28.635686143406403 ], [ -106.027254669343023, 28.635686143406403 ], [ -106.027254669343023, 28.635416648821167 ], [ -106.026715680172543, 28.635416648821167 ], [ -106.026715680172543, 28.635147154235931 ], [ -106.027254669343023, 28.635147154235931 ], [ -106.027254669343023, 28.634608165065458 ], [ -106.027524163928248, 28.634608165065458 ], [ -106.027524163928248, 28.633799681309753 ], [ -106.027793658513488, 28.633799681309753 ], [ -106.027793658513488, 28.634069175894989 ], [ -106.028063153098728, 28.634069175894989 ], [ -106.028063153098728, 28.634338670480226 ], [ -106.027793658513488, 28.634338670480226 ], [ -106.027793658513488, 28.635147154235931 ], [ -106.028063153098728, 28.635147154235931 ], [ -106.028063153098728, 28.635955637991639 ], [ -106.027254669343023, 28.635955637991639 ], [ -106.027254669343023, 28.636225132576875 ] ] ] ] } },
{ "type": "Feature", "properties": { "ZONA_MET": "Chihuahua", "INTENSIDAD": "Intensa", "T_PROM_POL": 4.0, "T_MIN_CIUD": 1.0, "DIF_TERMIC": 2.0 }, "geometry": { "type": "MultiPolygon", "coordinates": [ [ [ [ -105.999227232478489, 28.635416648821167 ], [ -105.998418748722784, 28.635416648821167 ], [ -105.998418748722784, 28.635147154235931 ], [ -105.998149254137545, 28.635147154235931 ], [ -105.998149254137545, 28.634877659650694 ], [ -105.997879759552305, 28.634877659650694 ], [ -105.997879759552305, 28.634608165065458 ], [ -105.998149254137545, 28.634608165065458 ], [ -105.998149254137545, 28.634069175894989 ], [ -105.997879759552305, 28.634069175894989 ], [ -105.997879759552305, 28.633799681309753 ], [ -105.998418748722784, 28.633799681309753 ], [ -105.998418748722784, 28.634608165065458 ], [ -105.998957737893249, 28.634608165065458 ], [ -105.998957737893249, 28.634069175894989 ], [ -105.999227232478489, 28.634069175894989 ], [ -105.999227232478489, 28.634338670480226 ], [ -105.999496727063729, 28.634338670480226 ], [ -105.999496727063729, 28.634069175894989 ], [ -106.000035716234194, 28.634069175894989 ], [ -106.000035716234194, 28.634338670480226 ], [ -105.999766221648969, 28.634338670480226 ], [ -105.999766221648969, 28.634608165065458 ], [ -105.999496727063729, 28.634608165065458 ], [ -105.999496727063729, 28.634877659650694 ], [ -105.998957737893249, 28.634877659650694 ], [ -105.998957737893249, 28.635147154235931 ], [ -105.999227232478489, 28.635147154235931 ], [ -105.999227232478489, 28.635416648821167 ] ] ] ] } },
{ "type": "Feature", "properties": { "ZONA_MET": "Chihuahua", "INTENSIDAD": "Intensa", "T_PROM_POL": 4.0, "T_MIN_CIUD": 1.0, "DIF_TERMIC": 2.0 }, "geometry": { "type": "MultiPolygon", "coordinates": [ [ [ [ -105.969582828102546, 28.634877659650694 ], [ -105.96904383893208, 28.634877659650694 ], [ -105.96904383893208, 28.634608165065458 ], [ -105.968774344346841, 28.634608165065458 ], [ -105.968774344346841, 28.634338670480226 ], [ -105.968235355176361, 28.634338670480226 ], [ -105.968235355176361, 28.634069175894989 ], [ -105.968504849761601, 28.634069175894989 ], [ -105.968504849761601, 28.633799681309753 ], [ -105.968774344346841, 28.633799681309753 ], [ -105.968774344346841, 28.633530186724517 ], [ -105.969582828102546, 28.633530186724517 ], [ -105.969582828102546, 28.634877659650694 ] ], [ [ -105.969313333517306, 28.634608165065458 ], [ -105.969313333517306, 28.634338670480226 ], [ -105.96904383893208, 28.634338670480226 ], [ -105.96904383893208, 28.634608165065458 ], [ -105.969313333517306, 28.634608165065458 ] ] ] ] } },
{ "type": "Feature", "properties": { "ZONA_MET": "Chihuahua", "INTENSIDAD": "Extrema", "T_PROM_POL": 4.0, "T_MIN_CIUD": 1.0, "DIF_TERMIC": 2.0 }, "geometry": { "type": "MultiPolygon", "coordinates": [ [ [ [ -106.015127413007406, 28.634877659650694 ], [ -106.014857918422166, 28.634877659650694 ], [ -106.014857918422166, 28.634608165065458 ], [ -106.014318929251701, 28.634608165065458 ], [ -106.014318929251701, 28.634338670480226 ], [ -106.01458842383694, 28.634338670480226 ], [ -106.01458842383694, 28.634069175894989 ], [ -106.014318929251701, 28.634069175894989 ], [ -106.014318929251701, 28.633799681309753 ], [ -106.014049434666461, 28.633799681309753 ], [ -106.014049434666461, 28.633530186724517 ], [ -106.013779940081221, 28.633530186724517 ], [ -106.013779940081221, 28.633260692139281 ], [ -106.014318929251701, 28.633260692139281 ], [ -106.014318929251701, 28.632991197554045 ], [ -106.01458842383694, 28.632991197554045 ], [ -106.01458842383694, 28.633260692139281 ], [ -106.014857918422166, 28.633260692139281 ], [ -106.014857918422166, 28.633799681309753 ], [ -106.015127413007406, 28.633799681309753 ], [ -106.015127413007406, 28.634877659650694 ] ] ] ] } },
{ "type": "Feature", "properties": { "ZONA_MET": "Chihuahua", "INTENSIDAD": "Intensa", "T_PROM_POL": 3.0, "T_MIN_CIUD": 1.0, "DIF_TERMIC": 2.0 }, "geometry": { "type": "MultiPolygon", "coordinates": [ [ [ [ -106.007042575450328, 28.634338670480226 ], [ -106.006773080865088, 28.634338670480226 ], [ -106.006773080865088, 28.633530186724517 ], [ -106.007312070035567, 28.633530186724517 ], [ -106.007312070035567, 28.632991197554045 ], [ -106.007581564620807, 28.632991197554045 ], [ -106.007581564620807, 28.632721702968809 ], [ -106.008120553791272, 28.632721702968809 ], [ -106.008120553791272, 28.633260692139281 ], [ -106.008390048376512, 28.633260692139281 ], [ -106.008390048376512, 28.633530186724517 ], [ -106.008659542961752, 28.633530186724517 ], [ -106.008659542961752, 28.633799681309753 ], [ -106.008120553791272, 28.633799681309753 ], [ -106.008120553791272, 28.633530186724517 ], [ -106.007581564620807, 28.633530186724517 ], [ -106.007581564620807, 28.633799681309753 ], [ -106.007042575450328, 28.633799681309753 ], [ -106.007042575450328, 28.634338670480226 ] ] ] ] } },
{ "type": "Feature", "properties": { "ZONA_MET": "Chihuahua", "INTENSIDAD": "Intensa", "T_PROM_POL": 4.0, "T_MIN_CIUD": 1.0, "DIF_TERMIC": 2.0 }, "geometry": { "type": "MultiPolygon", "coordinates": [ [ [ [ -105.978745644000568, 28.634069175894989 ], [ -105.978206654830089, 28.634069175894989 ], [ -105.978206654830089, 28.632991197554045 ], [ -105.977937160244863, 28.632991197554045 ], [ -105.977937160244863, 28.632721702968809 ], [ -105.977667665659624, 28.632721702968809 ], [ -105.977667665659624, 28.632452208383572 ], [ -105.977937160244863, 28.632452208383572 ], [ -105.977937160244863, 28.632182713798336 ], [ -105.978206654830089, 28.632182713798336 ], [ -105.978206654830089, 28.632721702968809 ], [ -105.978745644000568, 28.632721702968809 ], [ -105.978745644000568, 28.634069175894989 ] ] ] ] } },
{ "type": "Feature", "properties": { "ZONA_MET": "Chihuahua", "INTENSIDAD": "Intensa", "T_PROM_POL": 3.0, "T_MIN_CIUD": 1.0, "DIF_TERMIC": 2.0 }, "geometry": { "type": "MultiPolygon", "coordinates": [ [ [ [ -106.031027593536322, 28.633530186724517 ], [ -106.030758098951083, 28.633530186724517 ], [ -106.030758098951083, 28.633260692139281 ], [ -106.030219109780617, 28.633260692139281 ], [ -106.030219109780617, 28.632991197554045 ], [ -106.029949615195378, 28.632991197554045 ], [ -106.029949615195378, 28.633260692139281 ], [ -106.029141131439673, 28.633260692139281 ], [ -106.029141131439673, 28.632721702968809 ], [ -106.029410626024912, 28.632721702968809 ], [ -106.029410626024912, 28.632452208383572 ], [ -106.030219109780617, 28.632452208383572 ], [ -106.030219109780617, 28.632182713798336 ], [ -106.030488604365843, 28.632182713798336 ], [ -106.030488604365843, 28.632452208383572 ], [ -106.030758098951083, 28.632452208383572 ], [ -106.030758098951083, 28.632721702968809 ], [ -106.031027593536322, 28.632721702968809 ], [ -106.031027593536322, 28.632452208383572 ], [ -106.031566582706787, 28.632452208383572 ], [ -106.031566582706787, 28.632721702968809 ], [ -106.031297088121562, 28.632721702968809 ], [ -106.031297088121562, 28.632991197554045 ], [ -106.031027593536322, 28.632991197554045 ], [ -106.031027593536322, 28.633530186724517 ] ] ] ] } },
{ "type": "Feature", "properties": { "ZONA_MET": "Chihuahua", "INTENSIDAD": "Intensa", "T_PROM_POL": 3.0, "T_MIN_CIUD": 1.0, "DIF_TERMIC": 2.0 }, "geometry": { "type": "MultiPolygon", "coordinates": [ [ [ [ -106.121038785005098, 28.635955637991639 ], [ -106.119960806664153, 28.635955637991639 ], [ -106.119960806664153, 28.635686143406403 ], [ -106.120230301249393, 28.635686143406403 ], [ -106.120230301249393, 28.634877659650694 ], [ -106.120499795834618, 28.634877659650694 ], [ -106.120499795834618, 28.634608165065458 ], [ -106.120230301249393, 28.634608165065458 ], [ -106.120230301249393, 28.634069175894989 ], [ -106.120499795834618, 28.634069175894989 ], [ -106.120499795834618, 28.633799681309753 ], [ -106.120230301249393, 28.633799681309753 ], [ -106.120230301249393, 28.632991197554045 ], [ -106.121038785005098, 28.632991197554045 ], [ -106.121038785005098, 28.632721702968809 ], [ -106.120230301249393, 28.632721702968809 ], [ -106.120230301249393, 28.632452208383572 ], [ -106.120499795834618, 28.632452208383572 ], [ -106.120499795834618, 28.632182713798336 ], [ -106.121308279590323, 28.632182713798336 ], [ -106.121308279590323, 28.6319132192131 ], [ -106.122386257931268, 28.6319132192131 ], [ -106.122386257931268, 28.632182713798336 ], [ -106.122655752516508, 28.632182713798336 ], [ -106.122655752516508, 28.632452208383572 ], [ -106.123733730857452, 28.632452208383572 ], [ -106.123733730857452, 28.632182713798336 ], [ -106.124003225442692, 28.632182713798336 ], [ -106.124003225442692, 28.632721702968809 ], [ -106.124272720027918, 28.632721702968809 ], [ -106.124272720027918, 28.632452208383572 ], [ -106.125081203783637, 28.632452208383572 ], [ -106.125081203783637, 28.632991197554045 ], [ -106.124811709198397, 28.632991197554045 ], [ -106.124811709198397, 28.633260692139281 ], [ -106.124272720027918, 28.633260692139281 ], [ -106.124272720027918, 28.633799681309753 ], [ -106.124003225442692, 28.633799681309753 ], [ -106.124003225442692, 28.634069175894989 ], [ -106.123733730857452, 28.634069175894989 ], [ -106.123733730857452, 28.633260692139281 ], [ -106.123464236272213, 28.633260692139281 ], [ -106.123464236272213, 28.633530186724517 ], [ -106.122655752516508, 28.633530186724517 ], [ -106.122655752516508, 28.633799681309753 ], [ -106.122386257931268, 28.633799681309753 ], [ -106.122386257931268, 28.634069175894989 ], [ -106.121847268760803, 28.634069175894989 ], [ -106.121847268760803, 28.634877659650694 ], [ -106.121308279590323, 28.634877659650694 ], [ -106.121308279590323, 28.634338670480226 ], [ -106.121577774175563, 28.634338670480226 ], [ -106.121577774175563, 28.634069175894989 ], [ -106.121038785005098, 28.634069175894989 ], [ -106.121038785005098, 28.634877659650694 ], [ -106.120769290419858, 28.634877659650694 ], [ -106.120769290419858, 28.635147154235931 ], [ -106.121847268760803, 28.635147154235931 ], [ -106.121847268760803, 28.635416648821167 ], [ -106.121308279590323, 28.635416648821167 ], [ -106.121308279590323, 28.635686143406403 ], [ -106.121038785005098, 28.635686143406403 ], [ -106.121038785005098, 28.635955637991639 ] ] ] ] } },
{ "type": "Feature", "properties": { "ZONA_MET": "Chihuahua", "INTENSIDAD": "Intensa", "T_PROM_POL": 3.0, "T_MIN_CIUD": 1.0, "DIF_TERMIC": 2.0 }, "geometry": { "type": "MultiPolygon", "coordinates": [ [ [ [ -105.983327051949573, 28.634608165065458 ], [ -105.982788062779107, 28.634608165065458 ], [ -105.982788062779107, 28.634338670480226 ], [ -105.982249073608628, 28.634338670480226 ], [ -105.982249073608628, 28.634069175894989 ], [ -105.982518568193868, 28.634069175894989 ], [ -105.982518568193868, 28.633530186724517 ], [ -105.982788062779107, 28.633530186724517 ], [ -105.982788062779107, 28.632721702968809 ], [ -105.982518568193868, 28.632721702968809 ], [ -105.982518568193868, 28.632452208383572 ], [ -105.982788062779107, 28.632452208383572 ], [ -105.982788062779107, 28.6319132192131 ], [ -105.983327051949573, 28.6319132192131 ], [ -105.983327051949573, 28.632721702968809 ], [ -105.983866041120052, 28.632721702968809 ], [ -105.983866041120052, 28.632991197554045 ], [ -105.983596546534812, 28.632991197554045 ], [ -105.983596546534812, 28.633260692139281 ], [ -105.983057557364333, 28.633260692139281 ], [ -105.983057557364333, 28.633530186724517 ], [ -105.983327051949573, 28.633530186724517 ], [ -105.983327051949573, 28.633799681309753 ], [ -105.982788062779107, 28.633799681309753 ], [ -105.982788062779107, 28.634069175894989 ], [ -105.983327051949573, 28.634069175894989 ], [ -105.983327051949573, 28.634608165065458 ] ] ] ] } },
{ "type": "Feature", "properties": { "ZONA_MET": "Chihuahua", "INTENSIDAD": "Intensa", "T_PROM_POL": 4.0, "T_MIN_CIUD": 1.0, "DIF_TERMIC": 2.0 }, "geometry": { "type": "MultiPolygon", "coordinates": [ [ [ [ -105.992759362432835, 28.633530186724517 ], [ -105.992220373262356, 28.633530186724517 ], [ -105.992220373262356, 28.632721702968809 ], [ -105.993028857018061, 28.632721702968809 ], [ -105.993028857018061, 28.632452208383572 ], [ -105.994106835359005, 28.632452208383572 ], [ -105.994106835359005, 28.632182713798336 ], [ -105.99383734077378, 28.632182713798336 ], [ -105.99383734077378, 28.6319132192131 ], [ -105.994106835359005, 28.6319132192131 ], [ -105.994106835359005, 28.631643724627864 ], [ -105.99491531911471, 28.631643724627864 ], [ -105.99491531911471, 28.6319132192131 ], [ -105.994645824529485, 28.6319132192131 ], [ -105.994645824529485, 28.632182713798336 ], [ -105.99491531911471, 28.632182713798336 ], [ -105.99491531911471, 28.632452208383572 ], [ -105.994376329944245, 28.632452208383572 ], [ -105.994376329944245, 28.632991197554045 ], [ -105.994106835359005, 28.632991197554045 ], [ -105.994106835359005, 28.632721702968809 ], [ -105.99356784618854, 28.632721702968809 ], [ -105.99356784618854, 28.632991197554045 ], [ -105.992759362432835, 28.632991197554045 ], [ -105.992759362432835, 28.633530186724517 ] ] ] ] } },
{ "type": "Feature", "properties": { "ZONA_MET": "Chihuahua", "INTENSIDAD": "Intensa", "T_PROM_POL": 4.0, "T_MIN_CIUD": 1.0, "DIF_TERMIC": 2.0 }, "geometry": { "type": "MultiPolygon", "coordinates": [ [ [ [ -106.008659542961752, 28.632452208383572 ], [ -106.008120553791272, 28.632452208383572 ], [ -106.008120553791272, 28.632182713798336 ], [ -106.007581564620807, 28.632182713798336 ], [ -106.007581564620807, 28.6319132192131 ], [ -106.007851059206033, 28.6319132192131 ], [ -106.007851059206033, 28.631643724627864 ], [ -106.007581564620807, 28.631643724627864 ], [ -106.007581564620807, 28.631374230042631 ], [ -106.008390048376512, 28.631374230042631 ], [ -106.008390048376512, 28.631643724627864 ], [ -106.008659542961752, 28.631643724627864 ], [ -106.008659542961752, 28.6319132192131 ], [ -106.008929037546977, 28.6319132192131 ], [ -106.008929037546977, 28.632182713798336 ], [ -106.008659542961752, 28.632182713798336 ], [ -106.008659542961752, 28.632452208383572 ] ] ] ] } },
{ "type": "Feature", "properties": { "ZONA_MET": "Chihuahua", "INTENSIDAD": "Intensa", "T_PROM_POL": 3.0, "T_MIN_CIUD": 1.0, "DIF_TERMIC": 2.0 }, "geometry": { "type": "MultiPolygon", "coordinates": [ [ [ [ -106.003000156671789, 28.632991197554045 ], [ -106.002730662086563, 28.632991197554045 ], [ -106.002730662086563, 28.632721702968809 ], [ -106.002461167501323, 28.632721702968809 ], [ -106.002461167501323, 28.631643724627864 ], [ -106.002730662086563, 28.631643724627864 ], [ -106.002730662086563, 28.631374230042631 ], [ -106.003269651257028, 28.631374230042631 ], [ -106.003269651257028, 28.631643724627864 ], [ -106.003539145842268, 28.631643724627864 ], [ -106.003539145842268, 28.6319132192131 ], [ -106.002730662086563, 28.6319132192131 ], [ -106.002730662086563, 28.632452208383572 ], [ -106.003539145842268, 28.632452208383572 ], [ -106.003539145842268, 28.632721702968809 ], [ -106.003000156671789, 28.632721702968809 ], [ -106.003000156671789, 28.632991197554045 ] ] ] ] } },
{ "type": "Feature", "properties": { "ZONA_MET": "Chihuahua", "INTENSIDAD": "Intensa", "T_PROM_POL": 4.0, "T_MIN_CIUD": 1.0, "DIF_TERMIC": 2.0 }, "geometry": { "type": "MultiPolygon", "coordinates": [ [ [ [ -105.997879759552305, 28.632452208383572 ], [ -105.997610264967079, 28.632452208383572 ], [ -105.997610264967079, 28.6319132192131 ], [ -105.9970712757966, 28.6319132192131 ], [ -105.9970712757966, 28.631374230042631 ], [ -105.99734077038184, 28.631374230042631 ], [ -105.99734077038184, 28.631643724627864 ], [ -105.997879759552305, 28.631643724627864 ], [ -105.997879759552305, 28.631104735457395 ], [ -105.998149254137545, 28.631104735457395 ], [ -105.998149254137545, 28.630835240872159 ], [ -105.998418748722784, 28.630835240872159 ], [ -105.998418748722784, 28.6319132192131 ], [ -105.997879759552305, 28.6319132192131 ], [ -105.997879759552305, 28.632452208383572 ] ] ] ] } },
{ "type": "Feature", "properties": { "ZONA_MET": "Chihuahua", "INTENSIDAD": "Intensa", "T_PROM_POL": 3.0, "T_MIN_CIUD": 1.0, "DIF_TERMIC": 2.0 }, "geometry": { "type": "MultiPolygon", "coordinates": [ [ [ [ -106.01620539134835, 28.635416648821167 ], [ -106.015666402177871, 28.635416648821167 ], [ -106.015666402177871, 28.635147154235931 ], [ -106.015396907592645, 28.635147154235931 ], [ -106.015396907592645, 28.634877659650694 ], [ -106.015127413007406, 28.634877659650694 ], [ -106.015127413007406, 28.634069175894989 ], [ -106.015666402177871, 28.634069175894989 ], [ -106.015666402177871, 28.633799681309753 ], [ -106.01620539134835, 28.633799681309753 ], [ -106.01620539134835, 28.633260692139281 ], [ -106.015127413007406, 28.633260692139281 ], [ -106.015127413007406, 28.632452208383572 ], [ -106.015935896763111, 28.632452208383572 ], [ -106.015935896763111, 28.6319132192131 ], [ -106.01620539134835, 28.6319132192131 ], [ -106.01620539134835, 28.631104735457395 ], [ -106.015935896763111, 28.631104735457395 ], [ -106.015935896763111, 28.630565746286923 ], [ -106.016744380518816, 28.630565746286923 ], [ -106.016744380518816, 28.631104735457395 ], [ -106.017283369689295, 28.631104735457395 ], [ -106.017283369689295, 28.631374230042631 ], [ -106.017013875104055, 28.631374230042631 ], [ -106.017013875104055, 28.6319132192131 ], [ -106.016744380518816, 28.6319132192131 ], [ -106.016744380518816, 28.632182713798336 ], [ -106.017013875104055, 28.632182713798336 ], [ -106.017013875104055, 28.632452208383572 ], [ -106.017283369689295, 28.632452208383572 ], [ -106.017283369689295, 28.632991197554045 ], [ -106.01647488593359, 28.632991197554045 ], [ -106.01647488593359, 28.633260692139281 ], [ -106.017013875104055, 28.633260692139281 ], [ -106.017013875104055, 28.633799681309753 ], [ -106.01647488593359, 28.633799681309753 ], [ -106.01647488593359, 28.634069175894989 ], [ -106.016744380518816, 28.634069175894989 ], [ -106.016744380518816, 28.634338670480226 ], [ -106.017013875104055, 28.634338670480226 ], [ -106.017013875104055, 28.634877659650694 ], [ -106.01647488593359, 28.634877659650694 ], [ -106.01647488593359, 28.634608165065458 ], [ -106.01620539134835, 28.634608165065458 ], [ -106.01620539134835, 28.634877659650694 ], [ -106.015935896763111, 28.634877659650694 ], [ -106.015935896763111, 28.635147154235931 ], [ -106.01620539134835, 28.635147154235931 ], [ -106.01620539134835, 28.635416648821167 ] ], [ [ -106.015666402177871, 28.634608165065458 ], [ -106.015666402177871, 28.634338670480226 ], [ -106.015396907592645, 28.634338670480226 ], [ -106.015396907592645, 28.634608165065458 ], [ -106.015666402177871, 28.634608165065458 ] ] ] ] } },
{ "type": "Feature", "properties": { "ZONA_MET": "Chihuahua", "INTENSIDAD": "Intensa", "T_PROM_POL": 4.0, "T_MIN_CIUD": 1.0, "DIF_TERMIC": 2.0 }, "geometry": { "type": "MultiPolygon", "coordinates": [ [ [ [ -105.983057557364333, 28.631643724627864 ], [ -105.982788062779107, 28.631643724627864 ], [ -105.982788062779107, 28.631104735457395 ], [ -105.983057557364333, 28.631104735457395 ], [ -105.983057557364333, 28.630565746286923 ], [ -105.984674524875757, 28.630565746286923 ], [ -105.984674524875757, 28.631374230042631 ], [ -105.984135535705278, 28.631374230042631 ], [ -105.984135535705278, 28.631104735457395 ], [ -105.983866041120052, 28.631104735457395 ], [ -105.983866041120052, 28.631374230042631 ], [ -105.983057557364333, 28.631374230042631 ], [ -105.983057557364333, 28.631643724627864 ] ] ] ] } },
{ "type": "Feature", "properties": { "ZONA_MET": "Chihuahua", "INTENSIDAD": "Intensa", "T_PROM_POL": 4.0, "T_MIN_CIUD": 1.0, "DIF_TERMIC": 2.0 }, "geometry": { "type": "MultiPolygon", "coordinates": [ [ [ [ -105.955569109670279, 28.632452208383572 ], [ -105.955299615085053, 28.632452208383572 ], [ -105.955299615085053, 28.632182713798336 ], [ -105.955030120499814, 28.632182713798336 ], [ -105.955030120499814, 28.6319132192131 ], [ -105.954221636744109, 28.6319132192131 ], [ -105.954221636744109, 28.631374230042631 ], [ -105.954760625914574, 28.631374230042631 ], [ -105.954760625914574, 28.631104735457395 ], [ -105.954221636744109, 28.631104735457395 ], [ -105.954221636744109, 28.630565746286923 ], [ -105.954491131329334, 28.630565746286923 ], [ -105.954491131329334, 28.630835240872159 ], [ -105.955299615085053, 28.630835240872159 ], [ -105.955299615085053, 28.631374230042631 ], [ -105.955030120499814, 28.631374230042631 ], [ -105.955030120499814, 28.631643724627864 ], [ -105.955569109670279, 28.631643724627864 ], [ -105.955569109670279, 28.632452208383572 ] ] ] ] } },
{ "type": "Feature", "properties": { "ZONA_MET": "Chihuahua", "INTENSIDAD": "Intensa", "T_PROM_POL": 3.0, "T_MIN_CIUD": 1.0, "DIF_TERMIC": 2.0 }, "geometry": { "type": "MultiPolygon", "coordinates": [ [ [ [ -106.005425607938918, 28.631104735457395 ], [ -106.004886618768438, 28.631104735457395 ], [ -106.004886618768438, 28.630835240872159 ], [ -106.004617124183213, 28.630835240872159 ], [ -106.004617124183213, 28.63002675711645 ], [ -106.004886618768438, 28.63002675711645 ], [ -106.004886618768438, 28.629757262531214 ], [ -106.005425607938918, 28.629757262531214 ], [ -106.005425607938918, 28.630296251701687 ], [ -106.005695102524157, 28.630296251701687 ], [ -106.005695102524157, 28.630835240872159 ], [ -106.005425607938918, 28.630835240872159 ], [ -106.005425607938918, 28.631104735457395 ] ] ] ] } },
{ "type": "Feature", "properties": { "ZONA_MET": "Chihuahua", "INTENSIDAD": "Extrema", "T_PROM_POL": 4.0, "T_MIN_CIUD": 1.0, "DIF_TERMIC": 2.0 }, "geometry": { "type": "MultiPolygon", "coordinates": [ [ [ [ -105.961497990545467, 28.630565746286923 ], [ -105.960959001375002, 28.630565746286923 ], [ -105.960959001375002, 28.630296251701687 ], [ -105.958264055522648, 28.630296251701687 ], [ -105.958264055522648, 28.63002675711645 ], [ -105.957186077181703, 28.63002675711645 ], [ -105.957186077181703, 28.630296251701687 ], [ -105.956377593425984, 28.630296251701687 ], [ -105.956377593425984, 28.629757262531214 ], [ -105.959881023034058, 28.629757262531214 ], [ -105.959881023034058, 28.63002675711645 ], [ -105.961497990545467, 28.63002675711645 ], [ -105.961497990545467, 28.630565746286923 ] ] ] ] } },
{ "type": "Feature", "properties": { "ZONA_MET": "Chihuahua", "INTENSIDAD": "Intensa", "T_PROM_POL": 4.0, "T_MIN_CIUD": 1.0, "DIF_TERMIC": 2.0 }, "geometry": { "type": "MultiPolygon", "coordinates": [ [ [ [ -106.014318929251701, 28.633260692139281 ], [ -106.014049434666461, 28.633260692139281 ], [ -106.014049434666461, 28.632991197554045 ], [ -106.013779940081221, 28.632991197554045 ], [ -106.013779940081221, 28.632721702968809 ], [ -106.013510445495996, 28.632721702968809 ], [ -106.013510445495996, 28.632182713798336 ], [ -106.013240950910756, 28.632182713798336 ], [ -106.013240950910756, 28.6319132192131 ], [ -106.012971456325516, 28.6319132192131 ], [ -106.012971456325516, 28.632182713798336 ], [ -106.012701961740277, 28.632182713798336 ], [ -106.012701961740277, 28.631643724627864 ], [ -106.012432467155051, 28.631643724627864 ], [ -106.012432467155051, 28.631104735457395 ], [ -106.012701961740277, 28.631104735457395 ], [ -106.012701961740277, 28.630565746286923 ], [ -106.011084994228867, 28.630565746286923 ], [ -106.011084994228867, 28.629757262531214 ], [ -106.011623983399346, 28.629757262531214 ], [ -106.011623983399346, 28.629487767945978 ], [ -106.011893477984572, 28.629487767945978 ], [ -106.011893477984572, 28.630296251701687 ], [ -106.012162972569811, 28.630296251701687 ], [ -106.012162972569811, 28.629757262531214 ], [ -106.012432467155051, 28.629757262531214 ], [ -106.012432467155051, 28.63002675711645 ], [ -106.013779940081221, 28.63002675711645 ], [ -106.013779940081221, 28.629757262531214 ], [ -106.014049434666461, 28.629757262531214 ], [ -106.014049434666461, 28.629487767945978 ], [ -106.014318929251701, 28.629487767945978 ], [ -106.014318929251701, 28.629757262531214 ], [ -106.01458842383694, 28.629757262531214 ], [ -106.01458842383694, 28.630565746286923 ], [ -106.014049434666461, 28.630565746286923 ], [ -106.014049434666461, 28.630296251701687 ], [ -106.013240950910756, 28.630296251701687 ], [ -106.013240950910756, 28.631643724627864 ], [ -106.013779940081221, 28.631643724627864 ], [ -106.013779940081221, 28.6319132192131 ], [ -106.014049434666461, 28.6319132192131 ], [ -106.014049434666461, 28.632721702968809 ], [ -106.014318929251701, 28.632721702968809 ], [ -106.014318929251701, 28.633260692139281 ] ] ] ] } },
{ "type": "Feature", "properties": { "ZONA_MET": "Chihuahua", "INTENSIDAD": "Intensa", "T_PROM_POL": 4.0, "T_MIN_CIUD": 1.0, "DIF_TERMIC": 2.0 }, "geometry": { "type": "MultiPolygon", "coordinates": [ [ [ [ -105.996801781211374, 28.631643724627864 ], [ -105.996532286626135, 28.631643724627864 ], [ -105.996532286626135, 28.630565746286923 ], [ -105.9970712757966, 28.630565746286923 ], [ -105.9970712757966, 28.63002675711645 ], [ -105.996532286626135, 28.63002675711645 ], [ -105.996532286626135, 28.629757262531214 ], [ -105.996801781211374, 28.629757262531214 ], [ -105.996801781211374, 28.629487767945978 ], [ -105.997610264967079, 28.629487767945978 ], [ -105.997610264967079, 28.629757262531214 ], [ -105.998418748722784, 28.629757262531214 ], [ -105.998418748722784, 28.630565746286923 ], [ -105.99734077038184, 28.630565746286923 ], [ -105.99734077038184, 28.631104735457395 ], [ -105.9970712757966, 28.631104735457395 ], [ -105.9970712757966, 28.631374230042631 ], [ -105.996801781211374, 28.631374230042631 ], [ -105.996801781211374, 28.631643724627864 ] ] ] ] } },
{ "type": "Feature", "properties": { "ZONA_MET": "Chihuahua", "INTENSIDAD": "Extrema", "T_PROM_POL": 4.0, "T_MIN_CIUD": 1.0, "DIF_TERMIC": 2.0 }, "geometry": { "type": "MultiPolygon", "coordinates": [ [ [ [ -105.984674524875757, 28.630565746286923 ], [ -105.983866041120052, 28.630565746286923 ], [ -105.983866041120052, 28.629487767945978 ], [ -105.984405030290517, 28.629487767945978 ], [ -105.984405030290517, 28.629757262531214 ], [ -105.985213514046222, 28.629757262531214 ], [ -105.985213514046222, 28.63002675711645 ], [ -105.984944019460997, 28.63002675711645 ], [ -105.984944019460997, 28.630296251701687 ], [ -105.984674524875757, 28.630296251701687 ], [ -105.984674524875757, 28.630565746286923 ] ] ] ] } },
{ "type": "Feature", "properties": { "ZONA_MET": "Chihuahua", "INTENSIDAD": "Intensa", "T_PROM_POL": 4.0, "T_MIN_CIUD": 1.0, "DIF_TERMIC": 2.0 }, "geometry": { "type": "MultiPolygon", "coordinates": [ [ [ [ -105.94775376669844, 28.6319132192131 ], [ -105.947214777527975, 28.6319132192131 ], [ -105.947214777527975, 28.631374230042631 ], [ -105.946945282942735, 28.631374230042631 ], [ -105.946945282942735, 28.630835240872159 ], [ -105.946675788357496, 28.630835240872159 ], [ -105.946675788357496, 28.630296251701687 ], [ -105.94613679918703, 28.630296251701687 ], [ -105.94613679918703, 28.629757262531214 ], [ -105.946675788357496, 28.629757262531214 ], [ -105.946675788357496, 28.628948778775506 ], [ -105.946945282942735, 28.628948778775506 ], [ -105.946945282942735, 28.629487767945978 ], [ -105.947214777527975, 28.629487767945978 ], [ -105.947214777527975, 28.63002675711645 ], [ -105.946945282942735, 28.63002675711645 ], [ -105.946945282942735, 28.630565746286923 ], [ -105.947214777527975, 28.630565746286923 ], [ -105.947214777527975, 28.630835240872159 ], [ -105.947484272113201, 28.630835240872159 ], [ -105.947484272113201, 28.631374230042631 ], [ -105.94775376669844, 28.631374230042631 ], [ -105.94775376669844, 28.6319132192131 ] ] ] ] } },
{ "type": "Feature", "properties": { "ZONA_MET": "Chihuahua", "INTENSIDAD": "Intensa", "T_PROM_POL": 3.0, "T_MIN_CIUD": 1.0, "DIF_TERMIC": 2.0 }, "geometry": { "type": "MultiPolygon", "coordinates": [ [ [ [ -106.119960806664153, 28.63002675711645 ], [ -106.119691312078913, 28.63002675711645 ], [ -106.119691312078913, 28.629757262531214 ], [ -106.119421817493674, 28.629757262531214 ], [ -106.119421817493674, 28.629218273360742 ], [ -106.119152322908448, 28.629218273360742 ], [ -106.119152322908448, 28.628948778775506 ], [ -106.118613333737969, 28.628948778775506 ], [ -106.118613333737969, 28.629218273360742 ], [ -106.118074344567503, 28.629218273360742 ], [ -106.118074344567503, 28.628948778775506 ], [ -106.118343839152729, 28.628948778775506 ], [ -106.118343839152729, 28.628409789605037 ], [ -106.119152322908448, 28.628409789605037 ], [ -106.119152322908448, 28.62867928419027 ], [ -106.119691312078913, 28.62867928419027 ], [ -106.119691312078913, 28.628409789605037 ], [ -106.119960806664153, 28.628409789605037 ], [ -106.119960806664153, 28.628948778775506 ], [ -106.120230301249393, 28.628948778775506 ], [ -106.120230301249393, 28.629757262531214 ], [ -106.119960806664153, 28.629757262531214 ], [ -106.119960806664153, 28.63002675711645 ] ] ] ] } },
{ "type": "Feature", "properties": { "ZONA_MET": "Chihuahua", "INTENSIDAD": "Extrema", "T_PROM_POL": 4.0, "T_MIN_CIUD": 1.0, "DIF_TERMIC": 2.0 }, "geometry": { "type": "MultiPolygon", "coordinates": [ [ [ [ -105.988986438239522, 28.629757262531214 ], [ -105.988716943654296, 28.629757262531214 ], [ -105.988716943654296, 28.628948778775506 ], [ -105.987638965313351, 28.628948778775506 ], [ -105.987638965313351, 28.629218273360742 ], [ -105.988177954483817, 28.629218273360742 ], [ -105.988177954483817, 28.629757262531214 ], [ -105.987638965313351, 28.629757262531214 ], [ -105.987638965313351, 28.629487767945978 ], [ -105.987369470728112, 28.629487767945978 ], [ -105.987369470728112, 28.62867928419027 ], [ -105.987099976142872, 28.62867928419027 ], [ -105.987099976142872, 28.628409789605037 ], [ -105.988447449069056, 28.628409789605037 ], [ -105.988447449069056, 28.62867928419027 ], [ -105.988986438239522, 28.62867928419027 ], [ -105.988986438239522, 28.628948778775506 ], [ -105.989255932824761, 28.628948778775506 ], [ -105.989255932824761, 28.629218273360742 ], [ -105.988986438239522, 28.629218273360742 ], [ -105.988986438239522, 28.629757262531214 ] ] ] ] } },
{ "type": "Feature", "properties": { "ZONA_MET": "Chihuahua", "INTENSIDAD": "Extrema", "T_PROM_POL": 4.0, "T_MIN_CIUD": 1.0, "DIF_TERMIC": 2.0 }, "geometry": { "type": "MultiPolygon", "coordinates": [ [ [ [ -105.94613679918703, 28.630296251701687 ], [ -105.945867304601791, 28.630296251701687 ], [ -105.945867304601791, 28.63002675711645 ], [ -105.945597810016551, 28.63002675711645 ], [ -105.945597810016551, 28.629487767945978 ], [ -105.945867304601791, 28.629487767945978 ], [ -105.945867304601791, 28.629218273360742 ], [ -105.94613679918703, 28.629218273360742 ], [ -105.94613679918703, 28.628948778775506 ], [ -105.94640629377227, 28.628948778775506 ], [ -105.94640629377227, 28.628409789605037 ], [ -105.946945282942735, 28.628409789605037 ], [ -105.946945282942735, 28.628948778775506 ], [ -105.946675788357496, 28.628948778775506 ], [ -105.946675788357496, 28.629487767945978 ], [ -105.94613679918703, 28.629487767945978 ], [ -105.94613679918703, 28.630296251701687 ] ] ] ] } },
{ "type": "Feature", "properties": { "ZONA_MET": "Chihuahua", "INTENSIDAD": "Intensa", "T_PROM_POL": 4.0, "T_MIN_CIUD": 1.0, "DIF_TERMIC": 2.0 }, "geometry": { "type": "MultiPolygon", "coordinates": [ [ [ [ -106.018091853445, 28.631374230042631 ], [ -106.01782235885976, 28.631374230042631 ], [ -106.01782235885976, 28.631104735457395 ], [ -106.017552864274535, 28.631104735457395 ], [ -106.017552864274535, 28.630835240872159 ], [ -106.017283369689295, 28.630835240872159 ], [ -106.017283369689295, 28.630565746286923 ], [ -106.016744380518816, 28.630565746286923 ], [ -106.016744380518816, 28.630296251701687 ], [ -106.01647488593359, 28.630296251701687 ], [ -106.01647488593359, 28.63002675711645 ], [ -106.01620539134835, 28.63002675711645 ], [ -106.01620539134835, 28.629218273360742 ], [ -106.016744380518816, 28.629218273360742 ], [ -106.016744380518816, 28.628948778775506 ], [ -106.01647488593359, 28.628948778775506 ], [ -106.01647488593359, 28.62867928419027 ], [ -106.01620539134835, 28.62867928419027 ], [ -106.01620539134835, 28.628140295019801 ], [ -106.015935896763111, 28.628140295019801 ], [ -106.015935896763111, 28.628409789605037 ], [ -106.015666402177871, 28.628409789605037 ], [ -106.015666402177871, 28.628140295019801 ], [ -106.015127413007406, 28.628140295019801 ], [ -106.015127413007406, 28.627870800434565 ], [ -106.015396907592645, 28.627870800434565 ], [ -106.015396907592645, 28.627331811264092 ], [ -106.015935896763111, 28.627331811264092 ], [ -106.015935896763111, 28.627601305849328 ], [ -106.018091853445, 28.627601305849328 ], [ -106.018091853445, 28.627870800434565 ], [ -106.01836134803024, 28.627870800434565 ], [ -106.01836134803024, 28.628409789605037 ], [ -106.018091853445, 28.628409789605037 ], [ -106.018091853445, 28.628140295019801 ], [ -106.01782235885976, 28.628140295019801 ], [ -106.01782235885976, 28.62867928419027 ], [ -106.017552864274535, 28.62867928419027 ], [ -106.017552864274535, 28.629218273360742 ], [ -106.017283369689295, 28.629218273360742 ], [ -106.017283369689295, 28.627870800434565 ], [ -106.016744380518816, 28.627870800434565 ], [ -106.016744380518816, 28.62867928419027 ], [ -106.017013875104055, 28.62867928419027 ], [ -106.017013875104055, 28.629487767945978 ], [ -106.017283369689295, 28.629487767945978 ], [ -106.017283369689295, 28.629757262531214 ], [ -106.017552864274535, 28.629757262531214 ], [ -106.017552864274535, 28.63002675711645 ], [ -106.017283369689295, 28.63002675711645 ], [ -106.017283369689295, 28.630296251701687 ], [ -106.01782235885976, 28.630296251701687 ], [ -106.01782235885976, 28.630565746286923 ], [ -106.01836134803024, 28.630565746286923 ], [ -106.01836134803024, 28.631104735457395 ], [ -106.018091853445, 28.631104735457395 ], [ -106.018091853445, 28.631374230042631 ] ] ] ] } },
{ "type": "Feature", "properties": { "ZONA_MET": "Chihuahua", "INTENSIDAD": "Intensa", "T_PROM_POL": 4.0, "T_MIN_CIUD": 1.0, "DIF_TERMIC": 2.0 }, "geometry": { "type": "MultiPolygon", "coordinates": [ [ [ [ -105.94990972338033, 28.628948778775506 ], [ -105.949370734209865, 28.628948778775506 ], [ -105.949370734209865, 28.628140295019801 ], [ -105.94964022879509, 28.628140295019801 ], [ -105.94964022879509, 28.627062316678856 ], [ -105.950718207136035, 28.627062316678856 ], [ -105.950718207136035, 28.627601305849328 ], [ -105.950987701721274, 28.627601305849328 ], [ -105.950987701721274, 28.627870800434565 ], [ -105.95152669089174, 28.627870800434565 ], [ -105.95152669089174, 28.628409789605037 ], [ -105.951257196306514, 28.628409789605037 ], [ -105.951257196306514, 28.628140295019801 ], [ -105.94990972338033, 28.628140295019801 ], [ -105.94990972338033, 28.628948778775506 ] ], [ [ -105.950718207136035, 28.627870800434565 ], [ -105.950718207136035, 28.627601305849328 ], [ -105.950448712550795, 28.627601305849328 ], [ -105.950448712550795, 28.627870800434565 ], [ -105.950718207136035, 28.627870800434565 ] ] ] ] } },
{ "type": "Feature", "properties": { "ZONA_MET": "Chihuahua", "INTENSIDAD": "Intensa", "T_PROM_POL": 3.0, "T_MIN_CIUD": 1.0, "DIF_TERMIC": 2.0 }, "geometry": { "type": "MultiPolygon", "coordinates": [ [ [ [ -106.024020734320189, 28.629218273360742 ], [ -106.023481745149724, 28.629218273360742 ], [ -106.023481745149724, 28.628948778775506 ], [ -106.023212250564484, 28.628948778775506 ], [ -106.023212250564484, 28.628409789605037 ], [ -106.022942755979244, 28.628409789605037 ], [ -106.022942755979244, 28.62867928419027 ], [ -106.022673261394004, 28.62867928419027 ], [ -106.022673261394004, 28.628409789605037 ], [ -106.022403766808779, 28.628409789605037 ], [ -106.022403766808779, 28.627870800434565 ], [ -106.022673261394004, 28.627870800434565 ], [ -106.022673261394004, 28.627601305849328 ], [ -106.023212250564484, 28.627601305849328 ], [ -106.023212250564484, 28.627062316678856 ], [ -106.023481745149724, 28.627062316678856 ], [ -106.023481745149724, 28.627601305849328 ], [ -106.023751239734949, 28.627601305849328 ], [ -106.023751239734949, 28.627062316678856 ], [ -106.024020734320189, 28.627062316678856 ], [ -106.024020734320189, 28.62679282209362 ], [ -106.024290228905429, 28.62679282209362 ], [ -106.024290228905429, 28.627601305849328 ], [ -106.025098712661134, 28.627601305849328 ], [ -106.025098712661134, 28.62867928419027 ], [ -106.024829218075894, 28.62867928419027 ], [ -106.024829218075894, 28.628948778775506 ], [ -106.024559723490654, 28.628948778775506 ], [ -106.024559723490654, 28.62867928419027 ], [ -106.024290228905429, 28.62867928419027 ], [ -106.024290228905429, 28.627870800434565 ], [ -106.024020734320189, 28.627870800434565 ], [ -106.024020734320189, 28.628409789605037 ], [ -106.023751239734949, 28.628409789605037 ], [ -106.023751239734949, 28.628948778775506 ], [ -106.024020734320189, 28.628948778775506 ], [ -106.024020734320189, 28.629218273360742 ] ], [ [ -106.023481745149724, 28.628140295019801 ], [ -106.023481745149724, 28.627870800434565 ], [ -106.023212250564484, 28.627870800434565 ], [ -106.023212250564484, 28.628140295019801 ], [ -106.023481745149724, 28.628140295019801 ] ] ] ] } },
{ "type": "Feature", "properties": { "ZONA_MET": "Chihuahua", "INTENSIDAD": "Intensa", "T_PROM_POL": 3.0, "T_MIN_CIUD": 1.0, "DIF_TERMIC": 2.0 }, "geometry": { "type": "MultiPolygon", "coordinates": [ [ [ [ -106.027254669343023, 28.628409789605037 ], [ -106.026985174757783, 28.628409789605037 ], [ -106.026985174757783, 28.628140295019801 ], [ -106.026715680172543, 28.628140295019801 ], [ -106.026715680172543, 28.62679282209362 ], [ -106.027524163928248, 28.62679282209362 ], [ -106.027524163928248, 28.627062316678856 ], [ -106.027254669343023, 28.627062316678856 ], [ -106.027254669343023, 28.627601305849328 ], [ -106.027524163928248, 28.627601305849328 ], [ -106.027524163928248, 28.628140295019801 ], [ -106.027254669343023, 28.628140295019801 ], [ -106.027254669343023, 28.628409789605037 ] ] ] ] } },
{ "type": "Feature", "properties": { "ZONA_MET": "Chihuahua", "INTENSIDAD": "Extrema", "T_PROM_POL": 4.0, "T_MIN_CIUD": 1.0, "DIF_TERMIC": 2.0 }, "geometry": { "type": "MultiPolygon", "coordinates": [ [ [ [ -105.94964022879509, 28.628140295019801 ], [ -105.949370734209865, 28.628140295019801 ], [ -105.949370734209865, 28.627870800434565 ], [ -105.949101239624625, 28.627870800434565 ], [ -105.949101239624625, 28.627601305849328 ], [ -105.948831745039385, 28.627601305849328 ], [ -105.948831745039385, 28.627331811264092 ], [ -105.948562250454145, 28.627331811264092 ], [ -105.948562250454145, 28.627062316678856 ], [ -105.949101239624625, 28.627062316678856 ], [ -105.949101239624625, 28.62679282209362 ], [ -105.949370734209865, 28.62679282209362 ], [ -105.949370734209865, 28.626523327508384 ], [ -105.94964022879509, 28.626523327508384 ], [ -105.94964022879509, 28.626253832923148 ], [ -105.950448712550795, 28.626253832923148 ], [ -105.950448712550795, 28.627062316678856 ], [ -105.94964022879509, 28.627062316678856 ], [ -105.94964022879509, 28.628140295019801 ] ] ] ] } },
{ "type": "Feature", "properties": { "ZONA_MET": "Chihuahua", "INTENSIDAD": "Extrema", "T_PROM_POL": 4.0, "T_MIN_CIUD": 1.0, "DIF_TERMIC": 2.0 }, "geometry": { "type": "MultiPolygon", "coordinates": [ [ [ [ -105.9722777739549, 28.62867928419027 ], [ -105.971738784784435, 28.62867928419027 ], [ -105.971738784784435, 28.628409789605037 ], [ -105.971469290199195, 28.628409789605037 ], [ -105.971469290199195, 28.627870800434565 ], [ -105.971738784784435, 28.627870800434565 ], [ -105.971738784784435, 28.627601305849328 ], [ -105.971469290199195, 28.627601305849328 ], [ -105.971469290199195, 28.62679282209362 ], [ -105.971199795613956, 28.62679282209362 ], [ -105.971199795613956, 28.625714843752675 ], [ -105.971469290199195, 28.625714843752675 ], [ -105.971469290199195, 28.626523327508384 ], [ -105.972008279369675, 28.626523327508384 ], [ -105.972008279369675, 28.62679282209362 ], [ -105.9722777739549, 28.62679282209362 ], [ -105.9722777739549, 28.627062316678856 ], [ -105.972008279369675, 28.627062316678856 ], [ -105.972008279369675, 28.627331811264092 ], [ -105.9722777739549, 28.627331811264092 ], [ -105.9722777739549, 28.62867928419027 ] ] ] ] } },
{ "type": "Feature", "properties": { "ZONA_MET": "Chihuahua", "INTENSIDAD": "Intensa", "T_PROM_POL": 4.0, "T_MIN_CIUD": 1.0, "DIF_TERMIC": 2.0 }, "geometry": { "type": "MultiPolygon", "coordinates": [ [ [ [ -106.030219109780617, 28.628948778775506 ], [ -106.028871636854433, 28.628948778775506 ], [ -106.028871636854433, 28.627870800434565 ], [ -106.029410626024912, 28.627870800434565 ], [ -106.029410626024912, 28.627062316678856 ], [ -106.029680120610138, 28.627062316678856 ], [ -106.029680120610138, 28.62679282209362 ], [ -106.029949615195378, 28.62679282209362 ], [ -106.029949615195378, 28.626523327508384 ], [ -106.029410626024912, 28.626523327508384 ], [ -106.029410626024912, 28.625984338337911 ], [ -106.028871636854433, 28.625984338337911 ], [ -106.028871636854433, 28.625445349167443 ], [ -106.029141131439673, 28.625445349167443 ], [ -106.029141131439673, 28.625175854582206 ], [ -106.029949615195378, 28.625175854582206 ], [ -106.029949615195378, 28.625984338337911 ], [ -106.030488604365843, 28.625984338337911 ], [ -106.030488604365843, 28.626253832923148 ], [ -106.030758098951083, 28.626253832923148 ], [ -106.030758098951083, 28.62679282209362 ], [ -106.031297088121562, 28.62679282209362 ], [ -106.031297088121562, 28.627062316678856 ], [ -106.031566582706787, 28.627062316678856 ], [ -106.031566582706787, 28.627331811264092 ], [ -106.032105571877267, 28.627331811264092 ], [ -106.032105571877267, 28.627870800434565 ], [ -106.031297088121562, 28.627870800434565 ], [ -106.031297088121562, 28.627601305849328 ], [ -106.030219109780617, 28.627601305849328 ], [ -106.030219109780617, 28.627331811264092 ], [ -106.029949615195378, 28.627331811264092 ], [ -106.029949615195378, 28.627601305849328 ], [ -106.029680120610138, 28.627601305849328 ], [ -106.029680120610138, 28.627870800434565 ], [ -106.030219109780617, 28.627870800434565 ], [ -106.030219109780617, 28.628140295019801 ], [ -106.031027593536322, 28.628140295019801 ], [ -106.031027593536322, 28.62867928419027 ], [ -106.030219109780617, 28.62867928419027 ], [ -106.030219109780617, 28.628948778775506 ] ], [ [ -106.029680120610138, 28.62867928419027 ], [ -106.029680120610138, 28.628409789605037 ], [ -106.029141131439673, 28.628409789605037 ], [ -106.029141131439673, 28.62867928419027 ], [ -106.029680120610138, 28.62867928419027 ] ], [ [ -106.030488604365843, 28.626523327508384 ], [ -106.030488604365843, 28.626253832923148 ], [ -106.030219109780617, 28.626253832923148 ], [ -106.030219109780617, 28.626523327508384 ], [ -106.030488604365843, 28.626523327508384 ] ] ] ] } },
{ "type": "Feature", "properties": { "ZONA_MET": "Chihuahua", "INTENSIDAD": "Intensa", "T_PROM_POL": 4.0, "T_MIN_CIUD": 1.0, "DIF_TERMIC": 2.0 }, "geometry": { "type": "MultiPolygon", "coordinates": [ [ [ [ -105.952604669232684, 28.62867928419027 ], [ -105.952335174647459, 28.62867928419027 ], [ -105.952335174647459, 28.628409789605037 ], [ -105.952065680062219, 28.628409789605037 ], [ -105.952065680062219, 28.628140295019801 ], [ -105.952335174647459, 28.628140295019801 ], [ -105.952335174647459, 28.627870800434565 ], [ -105.952604669232684, 28.627870800434565 ], [ -105.952604669232684, 28.627062316678856 ], [ -105.951257196306514, 28.627062316678856 ], [ -105.951257196306514, 28.62679282209362 ], [ -105.95152669089174, 28.62679282209362 ], [ -105.95152669089174, 28.626253832923148 ], [ -105.951257196306514, 28.626253832923148 ], [ -105.951257196306514, 28.625984338337911 ], [ -105.95152669089174, 28.625984338337911 ], [ -105.95152669089174, 28.625445349167443 ], [ -105.951796185476979, 28.625445349167443 ], [ -105.951796185476979, 28.625175854582206 ], [ -105.952065680062219, 28.625175854582206 ], [ -105.952065680062219, 28.625445349167443 ], [ -105.952604669232684, 28.625445349167443 ], [ -105.952604669232684, 28.625175854582206 ], [ -105.952874163817924, 28.625175854582206 ], [ -105.952874163817924, 28.625445349167443 ], [ -105.953682647573629, 28.625445349167443 ], [ -105.953682647573629, 28.625714843752675 ], [ -105.953952142158869, 28.625714843752675 ], [ -105.953952142158869, 28.625984338337911 ], [ -105.953413152988389, 28.625984338337911 ], [ -105.953413152988389, 28.625714843752675 ], [ -105.952604669232684, 28.625714843752675 ], [ -105.952604669232684, 28.626253832923148 ], [ -105.952874163817924, 28.626253832923148 ], [ -105.952874163817924, 28.627062316678856 ], [ -105.953413152988389, 28.627062316678856 ], [ -105.953413152988389, 28.627870800434565 ], [ -105.952874163817924, 28.627870800434565 ], [ -105.952874163817924, 28.628409789605037 ], [ -105.952604669232684, 28.628409789605037 ], [ -105.952604669232684, 28.62867928419027 ] ], [ [ -105.952065680062219, 28.626523327508384 ], [ -105.952065680062219, 28.626253832923148 ], [ -105.951796185476979, 28.626253832923148 ], [ -105.951796185476979, 28.626523327508384 ], [ -105.952065680062219, 28.626523327508384 ] ] ] ] } },
{ "type": "Feature", "properties": { "ZONA_MET": "Chihuahua", "INTENSIDAD": "Intensa", "T_PROM_POL": 4.0, "T_MIN_CIUD": 1.0, "DIF_TERMIC": 2.0 }, "geometry": { "type": "MultiPolygon", "coordinates": [ [ [ [ -105.998149254137545, 28.625984338337911 ], [ -105.99734077038184, 28.625984338337911 ], [ -105.99734077038184, 28.625714843752675 ], [ -105.9970712757966, 28.625714843752675 ], [ -105.9970712757966, 28.625445349167443 ], [ -105.996801781211374, 28.625445349167443 ], [ -105.996801781211374, 28.625714843752675 ], [ -105.996532286626135, 28.625714843752675 ], [ -105.996532286626135, 28.625984338337911 ], [ -105.996262792040895, 28.625984338337911 ], [ -105.996262792040895, 28.625714843752675 ], [ -105.995993297455655, 28.625714843752675 ], [ -105.995993297455655, 28.625445349167443 ], [ -105.996262792040895, 28.625445349167443 ], [ -105.996262792040895, 28.62490635999697 ], [ -105.995993297455655, 28.62490635999697 ], [ -105.995993297455655, 28.625175854582206 ], [ -105.99572380287043, 28.625175854582206 ], [ -105.99572380287043, 28.62490635999697 ], [ -105.99545430828519, 28.62490635999697 ], [ -105.99545430828519, 28.624636865411734 ], [ -105.99572380287043, 28.624636865411734 ], [ -105.99572380287043, 28.624367370826498 ], [ -105.996532286626135, 28.624367370826498 ], [ -105.996532286626135, 28.625175854582206 ], [ -105.996801781211374, 28.625175854582206 ], [ -105.996801781211374, 28.624367370826498 ], [ -105.9970712757966, 28.624367370826498 ], [ -105.9970712757966, 28.625175854582206 ], [ -105.99734077038184, 28.625175854582206 ], [ -105.99734077038184, 28.624636865411734 ], [ -105.998957737893249, 28.624636865411734 ], [ -105.998957737893249, 28.625445349167443 ], [ -105.998418748722784, 28.625445349167443 ], [ -105.998418748722784, 28.625175854582206 ], [ -105.997879759552305, 28.625175854582206 ], [ -105.997879759552305, 28.625714843752675 ], [ -105.998149254137545, 28.625714843752675 ], [ -105.998149254137545, 28.625984338337911 ] ], [ [ -105.997610264967079, 28.625714843752675 ], [ -105.997610264967079, 28.625445349167443 ], [ -105.99734077038184, 28.625445349167443 ], [ -105.99734077038184, 28.625714843752675 ], [ -105.997610264967079, 28.625714843752675 ] ] ] ] } },
{ "type": "Feature", "properties": { "ZONA_MET": "Chihuahua", "INTENSIDAD": "Intensa", "T_PROM_POL": 3.0, "T_MIN_CIUD": 1.0, "DIF_TERMIC": 2.0 }, "geometry": { "type": "MultiPolygon", "coordinates": [ [ [ [ -106.025637701831599, 28.627870800434565 ], [ -106.025368207246373, 28.627870800434565 ], [ -106.025368207246373, 28.627331811264092 ], [ -106.025098712661134, 28.627331811264092 ], [ -106.025098712661134, 28.627062316678856 ], [ -106.024559723490654, 28.627062316678856 ], [ -106.024559723490654, 28.626523327508384 ], [ -106.024290228905429, 28.626523327508384 ], [ -106.024290228905429, 28.625984338337911 ], [ -106.024559723490654, 28.625984338337911 ], [ -106.024559723490654, 28.625445349167443 ], [ -106.025098712661134, 28.625445349167443 ], [ -106.025098712661134, 28.62490635999697 ], [ -106.024829218075894, 28.62490635999697 ], [ -106.024829218075894, 28.625175854582206 ], [ -106.024559723490654, 28.625175854582206 ], [ -106.024559723490654, 28.624636865411734 ], [ -106.024829218075894, 28.624636865411734 ], [ -106.024829218075894, 28.624367370826498 ], [ -106.025098712661134, 28.624367370826498 ], [ -106.025098712661134, 28.624636865411734 ], [ -106.025368207246373, 28.624636865411734 ], [ -106.025368207246373, 28.62490635999697 ], [ -106.025637701831599, 28.62490635999697 ], [ -106.025637701831599, 28.625175854582206 ], [ -106.025368207246373, 28.625175854582206 ], [ -106.025368207246373, 28.626523327508384 ], [ -106.025907196416838, 28.626523327508384 ], [ -106.025907196416838, 28.62679282209362 ], [ -106.025637701831599, 28.62679282209362 ], [ -106.025637701831599, 28.627062316678856 ], [ -106.025907196416838, 28.627062316678856 ], [ -106.025907196416838, 28.627331811264092 ], [ -106.025637701831599, 28.627331811264092 ], [ -106.025637701831599, 28.627870800434565 ] ] ] ] } },
{ "type": "Feature", "properties": { "ZONA_MET": "Chihuahua", "INTENSIDAD": "Intensa", "T_PROM_POL": 4.0, "T_MIN_CIUD": 1.0, "DIF_TERMIC": 2.0 }, "geometry": { "type": "MultiPolygon", "coordinates": [ [ [ [ -105.988986438239522, 28.625445349167443 ], [ -105.988447449069056, 28.625445349167443 ], [ -105.988447449069056, 28.62490635999697 ], [ -105.987908459898591, 28.62490635999697 ], [ -105.987908459898591, 28.624367370826498 ], [ -105.988177954483817, 28.624367370826498 ], [ -105.988177954483817, 28.624097876241262 ], [ -105.988716943654296, 28.624097876241262 ], [ -105.988716943654296, 28.624367370826498 ], [ -105.988986438239522, 28.624367370826498 ], [ -105.988986438239522, 28.625445349167443 ] ] ] ] } },
{ "type": "Feature", "properties": { "ZONA_MET": "Chihuahua", "INTENSIDAD": "Intensa", "T_PROM_POL": 4.0, "T_MIN_CIUD": 1.0, "DIF_TERMIC": 2.0 }, "geometry": { "type": "MultiPolygon", "coordinates": [ [ [ [ -106.011354488814106, 28.626253832923148 ], [ -106.010276510473162, 28.626253832923148 ], [ -106.010276510473162, 28.625984338337911 ], [ -106.010007015887922, 28.625984338337911 ], [ -106.010007015887922, 28.626253832923148 ], [ -106.009737521302682, 28.626253832923148 ], [ -106.009737521302682, 28.625984338337911 ], [ -106.009468026717457, 28.625984338337911 ], [ -106.009468026717457, 28.625445349167443 ], [ -106.010276510473162, 28.625445349167443 ], [ -106.010276510473162, 28.62490635999697 ], [ -106.010546005058401, 28.62490635999697 ], [ -106.010546005058401, 28.624636865411734 ], [ -106.011084994228867, 28.624636865411734 ], [ -106.011084994228867, 28.624367370826498 ], [ -106.011354488814106, 28.624367370826498 ], [ -106.011354488814106, 28.624097876241262 ], [ -106.011623983399346, 28.624097876241262 ], [ -106.011623983399346, 28.624367370826498 ], [ -106.011893477984572, 28.624367370826498 ], [ -106.011893477984572, 28.624636865411734 ], [ -106.011623983399346, 28.624636865411734 ], [ -106.011623983399346, 28.62490635999697 ], [ -106.011354488814106, 28.62490635999697 ], [ -106.011354488814106, 28.625175854582206 ], [ -106.011084994228867, 28.625175854582206 ], [ -106.011084994228867, 28.625714843752675 ], [ -106.011623983399346, 28.625714843752675 ], [ -106.011623983399346, 28.625984338337911 ], [ -106.011354488814106, 28.625984338337911 ], [ -106.011354488814106, 28.626253832923148 ] ] ] ] } },
{ "type": "Feature", "properties": { "ZONA_MET": "Chihuahua", "INTENSIDAD": "Extrema", "T_PROM_POL": 4.0, "T_MIN_CIUD": 1.0, "DIF_TERMIC": 2.0 }, "geometry": { "type": "MultiPolygon", "coordinates": [ [ [ [ -105.99518481369995, 28.62490635999697 ], [ -105.994376329944245, 28.62490635999697 ], [ -105.994376329944245, 28.624367370826498 ], [ -105.994645824529485, 28.624367370826498 ], [ -105.994645824529485, 28.624097876241262 ], [ -105.996262792040895, 28.624097876241262 ], [ -105.996262792040895, 28.624367370826498 ], [ -105.99572380287043, 28.624367370826498 ], [ -105.99572380287043, 28.624636865411734 ], [ -105.99545430828519, 28.624636865411734 ], [ -105.99545430828519, 28.624367370826498 ], [ -105.99518481369995, 28.624367370826498 ], [ -105.99518481369995, 28.62490635999697 ] ] ] ] } },
{ "type": "Feature", "properties": { "ZONA_MET": "Chihuahua", "INTENSIDAD": "Intensa", "T_PROM_POL": 4.0, "T_MIN_CIUD": 1.0, "DIF_TERMIC": 2.0 }, "geometry": { "type": "MultiPolygon", "coordinates": [ [ [ [ -106.012432467155051, 28.626253832923148 ], [ -106.012162972569811, 28.626253832923148 ], [ -106.012162972569811, 28.625984338337911 ], [ -106.011893477984572, 28.625984338337911 ], [ -106.011893477984572, 28.625714843752675 ], [ -106.012162972569811, 28.625714843752675 ], [ -106.012162972569811, 28.625175854582206 ], [ -106.012701961740277, 28.625175854582206 ], [ -106.012701961740277, 28.62490635999697 ], [ -106.013240950910756, 28.62490635999697 ], [ -106.013240950910756, 28.625175854582206 ], [ -106.013779940081221, 28.625175854582206 ], [ -106.013779940081221, 28.624367370826498 ], [ -106.014049434666461, 28.624367370826498 ], [ -106.014049434666461, 28.624097876241262 ], [ -106.01458842383694, 28.624097876241262 ], [ -106.01458842383694, 28.623828381656025 ], [ -106.014318929251701, 28.623828381656025 ], [ -106.014318929251701, 28.623558887070789 ], [ -106.014857918422166, 28.623558887070789 ], [ -106.014857918422166, 28.623289392485553 ], [ -106.015127413007406, 28.623289392485553 ], [ -106.015127413007406, 28.623558887070789 ], [ -106.015396907592645, 28.623558887070789 ], [ -106.015396907592645, 28.623828381656025 ], [ -106.015666402177871, 28.623828381656025 ], [ -106.015666402177871, 28.624097876241262 ], [ -106.015127413007406, 28.624097876241262 ], [ -106.015127413007406, 28.62490635999697 ], [ -106.01458842383694, 28.62490635999697 ], [ -106.01458842383694, 28.625175854582206 ], [ -106.014318929251701, 28.625175854582206 ], [ -106.014318929251701, 28.625445349167443 ], [ -106.013240950910756, 28.625445349167443 ], [ -106.013240950910756, 28.625714843752675 ], [ -106.012701961740277, 28.625714843752675 ], [ -106.012701961740277, 28.625984338337911 ], [ -106.012432467155051, 28.625984338337911 ], [ -106.012432467155051, 28.626253832923148 ] ] ] ] } },
{ "type": "Feature", "properties": { "ZONA_MET": "Chihuahua", "INTENSIDAD": "Intensa", "T_PROM_POL": 3.0, "T_MIN_CIUD": 1.0, "DIF_TERMIC": 2.0 }, "geometry": { "type": "MultiPolygon", "coordinates": [ [ [ [ -106.115379398715135, 28.624636865411734 ], [ -106.115109904129909, 28.624636865411734 ], [ -106.115109904129909, 28.624097876241262 ], [ -106.114301420374204, 28.624097876241262 ], [ -106.114301420374204, 28.623828381656025 ], [ -106.114031925788964, 28.623828381656025 ], [ -106.114031925788964, 28.623019897900317 ], [ -106.114301420374204, 28.623019897900317 ], [ -106.114301420374204, 28.623289392485553 ], [ -106.115109904129909, 28.623289392485553 ], [ -106.115109904129909, 28.623828381656025 ], [ -106.115379398715135, 28.623828381656025 ], [ -106.115379398715135, 28.624636865411734 ] ] ] ] } },
{ "type": "Feature", "properties": { "ZONA_MET": "Chihuahua", "INTENSIDAD": "Intensa", "T_PROM_POL": 4.0, "T_MIN_CIUD": 1.0, "DIF_TERMIC": 2.0 }, "geometry": { "type": "MultiPolygon", "coordinates": [ [ [ [ -106.013240950910756, 28.624097876241262 ], [ -106.011893477984572, 28.624097876241262 ], [ -106.011893477984572, 28.623558887070789 ], [ -106.011354488814106, 28.623558887070789 ], [ -106.011354488814106, 28.623289392485553 ], [ -106.011084994228867, 28.623289392485553 ], [ -106.011084994228867, 28.622480908729848 ], [ -106.011623983399346, 28.622480908729848 ], [ -106.011623983399346, 28.622750403315081 ], [ -106.011893477984572, 28.622750403315081 ], [ -106.011893477984572, 28.623019897900317 ], [ -106.012162972569811, 28.623019897900317 ], [ -106.012162972569811, 28.623828381656025 ], [ -106.013240950910756, 28.623828381656025 ], [ -106.013240950910756, 28.624097876241262 ] ] ] ] } },
{ "type": "Feature", "properties": { "ZONA_MET": "Chihuahua", "INTENSIDAD": "Intensa", "T_PROM_POL": 3.0, "T_MIN_CIUD": 1.0, "DIF_TERMIC": 2.0 }, "geometry": { "type": "MultiPolygon", "coordinates": [ [ [ [ -106.050161709088073, 28.624097876241262 ], [ -106.049892214502833, 28.624097876241262 ], [ -106.049892214502833, 28.622480908729848 ], [ -106.050161709088073, 28.622480908729848 ], [ -106.050161709088073, 28.622211414144612 ], [ -106.050431203673298, 28.622211414144612 ], [ -106.050431203673298, 28.622750403315081 ], [ -106.050970192843778, 28.622750403315081 ], [ -106.050970192843778, 28.623289392485553 ], [ -106.050431203673298, 28.623289392485553 ], [ -106.050431203673298, 28.623828381656025 ], [ -106.050161709088073, 28.623828381656025 ], [ -106.050161709088073, 28.624097876241262 ] ] ] ] } },
{ "type": "Feature", "properties": { "ZONA_MET": "Chihuahua", "INTENSIDAD": "Intensa", "T_PROM_POL": 3.0, "T_MIN_CIUD": 1.0, "DIF_TERMIC": 2.0 }, "geometry": { "type": "MultiPolygon", "coordinates": [ [ [ [ -106.022403766808779, 28.623289392485553 ], [ -106.022134272223539, 28.623289392485553 ], [ -106.022134272223539, 28.622480908729848 ], [ -106.02159528305306, 28.622480908729848 ], [ -106.02159528305306, 28.622211414144612 ], [ -106.022942755979244, 28.622211414144612 ], [ -106.022942755979244, 28.622750403315081 ], [ -106.023481745149724, 28.622750403315081 ], [ -106.023481745149724, 28.623019897900317 ], [ -106.022403766808779, 28.623019897900317 ], [ -106.022403766808779, 28.623289392485553 ] ] ] ] } },
{ "type": "Feature", "properties": { "ZONA_MET": "Chihuahua", "INTENSIDAD": "Extrema", "T_PROM_POL": 4.0, "T_MIN_CIUD": 1.0, "DIF_TERMIC": 2.0 }, "geometry": { "type": "MultiPolygon", "coordinates": [ [ [ [ -106.017552864274535, 28.622480908729848 ], [ -106.017013875104055, 28.622480908729848 ], [ -106.017013875104055, 28.622211414144612 ], [ -106.016744380518816, 28.622211414144612 ], [ -106.016744380518816, 28.621941919559376 ], [ -106.017013875104055, 28.621941919559376 ], [ -106.017013875104055, 28.621133435803667 ], [ -106.017552864274535, 28.621133435803667 ], [ -106.017552864274535, 28.621402930388903 ], [ -106.018091853445, 28.621402930388903 ], [ -106.018091853445, 28.62167242497414 ], [ -106.01782235885976, 28.62167242497414 ], [ -106.01782235885976, 28.621941919559376 ], [ -106.017552864274535, 28.621941919559376 ], [ -106.017552864274535, 28.622480908729848 ] ] ] ] } },
{ "type": "Feature", "properties": { "ZONA_MET": "Chihuahua", "INTENSIDAD": "Intensa", "T_PROM_POL": 3.0, "T_MIN_CIUD": 1.0, "DIF_TERMIC": 2.0 }, "geometry": { "type": "MultiPolygon", "coordinates": [ [ [ [ -106.032914055632972, 28.622211414144612 ], [ -106.032644561047732, 28.622211414144612 ], [ -106.032644561047732, 28.621941919559376 ], [ -106.031836077292027, 28.621941919559376 ], [ -106.031836077292027, 28.621133435803667 ], [ -106.031566582706787, 28.621133435803667 ], [ -106.031566582706787, 28.621402930388903 ], [ -106.031297088121562, 28.621402930388903 ], [ -106.031297088121562, 28.62167242497414 ], [ -106.030758098951083, 28.62167242497414 ], [ -106.030758098951083, 28.620863941218431 ], [ -106.031836077292027, 28.620863941218431 ], [ -106.031836077292027, 28.620594446633195 ], [ -106.032644561047732, 28.620594446633195 ], [ -106.032644561047732, 28.620324952047959 ], [ -106.032914055632972, 28.620324952047959 ], [ -106.032914055632972, 28.620863941218431 ], [ -106.033992033973917, 28.620863941218431 ], [ -106.033992033973917, 28.621133435803667 ], [ -106.033722539388677, 28.621133435803667 ], [ -106.033722539388677, 28.621402930388903 ], [ -106.033183550218212, 28.621402930388903 ], [ -106.033183550218212, 28.621133435803667 ], [ -106.032914055632972, 28.621133435803667 ], [ -106.032914055632972, 28.622211414144612 ] ] ] ] } },
{ "type": "Feature", "properties": { "ZONA_MET": "Chihuahua", "INTENSIDAD": "Intensa", "T_PROM_POL": 3.0, "T_MIN_CIUD": 1.0, "DIF_TERMIC": 2.0 }, "geometry": { "type": "MultiPolygon", "coordinates": [ [ [ [ -106.112145463692315, 28.621941919559376 ], [ -106.11106748535137, 28.621941919559376 ], [ -106.11106748535137, 28.620055457462723 ], [ -106.11133697993661, 28.620055457462723 ], [ -106.11133697993661, 28.620594446633195 ], [ -106.111606474521835, 28.620594446633195 ], [ -106.111606474521835, 28.620863941218431 ], [ -106.11268445286278, 28.620863941218431 ], [ -106.11268445286278, 28.621133435803667 ], [ -106.113223442033259, 28.621133435803667 ], [ -106.113223442033259, 28.621402930388903 ], [ -106.11295394744802, 28.621402930388903 ], [ -106.11295394744802, 28.62167242497414 ], [ -106.112145463692315, 28.62167242497414 ], [ -106.112145463692315, 28.621941919559376 ] ] ] ] } },
{ "type": "Feature", "properties": { "ZONA_MET": "Chihuahua", "INTENSIDAD": "Intensa", "T_PROM_POL": 3.0, "T_MIN_CIUD": 1.0, "DIF_TERMIC": 2.0 }, "geometry": { "type": "MultiPolygon", "coordinates": [ [ [ [ -106.027793658513488, 28.621402930388903 ], [ -106.027524163928248, 28.621402930388903 ], [ -106.027524163928248, 28.620594446633195 ], [ -106.027254669343023, 28.620594446633195 ], [ -106.027254669343023, 28.620324952047959 ], [ -106.026985174757783, 28.620324952047959 ], [ -106.026985174757783, 28.620055457462723 ], [ -106.027524163928248, 28.620055457462723 ], [ -106.027524163928248, 28.619785962877486 ], [ -106.028063153098728, 28.619785962877486 ], [ -106.028063153098728, 28.621133435803667 ], [ -106.027793658513488, 28.621133435803667 ], [ -106.027793658513488, 28.621402930388903 ] ] ] ] } },
{ "type": "Feature", "properties": { "ZONA_MET": "Chihuahua", "INTENSIDAD": "Intensa", "T_PROM_POL": 3.0, "T_MIN_CIUD": 1.0, "DIF_TERMIC": 2.0 }, "geometry": { "type": "MultiPolygon", "coordinates": [ [ [ [ -106.011893477984572, 28.622480908729848 ], [ -106.011623983399346, 28.622480908729848 ], [ -106.011623983399346, 28.621941919559376 ], [ -106.011084994228867, 28.621941919559376 ], [ -106.011084994228867, 28.621402930388903 ], [ -106.010546005058401, 28.621402930388903 ], [ -106.010546005058401, 28.620863941218431 ], [ -106.010276510473162, 28.620863941218431 ], [ -106.010276510473162, 28.620594446633195 ], [ -106.010546005058401, 28.620594446633195 ], [ -106.010546005058401, 28.620055457462723 ], [ -106.010276510473162, 28.620055457462723 ], [ -106.010276510473162, 28.619516468292254 ], [ -106.010546005058401, 28.619516468292254 ], [ -106.010546005058401, 28.619785962877486 ], [ -106.010815499643627, 28.619785962877486 ], [ -106.010815499643627, 28.620594446633195 ], [ -106.011354488814106, 28.620594446633195 ], [ -106.011354488814106, 28.621133435803667 ], [ -106.011623983399346, 28.621133435803667 ], [ -106.011623983399346, 28.62167242497414 ], [ -106.011893477984572, 28.62167242497414 ], [ -106.011893477984572, 28.622480908729848 ] ] ] ] } },
{ "type": "Feature", "properties": { "ZONA_MET": "Chihuahua", "INTENSIDAD": "Intensa", "T_PROM_POL": 4.0, "T_MIN_CIUD": 1.0, "DIF_TERMIC": 2.0 }, "geometry": { "type": "MultiPolygon", "coordinates": [ [ [ [ -106.023751239734949, 28.622211414144612 ], [ -106.022942755979244, 28.622211414144612 ], [ -106.022942755979244, 28.62167242497414 ], [ -106.022403766808779, 28.62167242497414 ], [ -106.022403766808779, 28.621402930388903 ], [ -106.022134272223539, 28.621402930388903 ], [ -106.022134272223539, 28.621133435803667 ], [ -106.021325788467834, 28.621133435803667 ], [ -106.021325788467834, 28.620863941218431 ], [ -106.021056293882594, 28.620863941218431 ], [ -106.021056293882594, 28.621133435803667 ], [ -106.020786799297355, 28.621133435803667 ], [ -106.020786799297355, 28.620863941218431 ], [ -106.020517304712129, 28.620863941218431 ], [ -106.020517304712129, 28.620594446633195 ], [ -106.021325788467834, 28.620594446633195 ], [ -106.021325788467834, 28.620324952047959 ], [ -106.02159528305306, 28.620324952047959 ], [ -106.02159528305306, 28.620594446633195 ], [ -106.022134272223539, 28.620594446633195 ], [ -106.022134272223539, 28.620863941218431 ], [ -106.022403766808779, 28.620863941218431 ], [ -106.022403766808779, 28.621133435803667 ], [ -106.022942755979244, 28.621133435803667 ], [ -106.022942755979244, 28.620594446633195 ], [ -106.022403766808779, 28.620594446633195 ], [ -106.022403766808779, 28.619785962877486 ], [ -106.022942755979244, 28.619785962877486 ], [ -106.022942755979244, 28.619516468292254 ], [ -106.023481745149724, 28.619516468292254 ], [ -106.023481745149724, 28.619785962877486 ], [ -106.023751239734949, 28.619785962877486 ], [ -106.023751239734949, 28.620055457462723 ], [ -106.024020734320189, 28.620055457462723 ], [ -106.024020734320189, 28.620324952047959 ], [ -106.023751239734949, 28.620324952047959 ], [ -106.023751239734949, 28.620863941218431 ], [ -106.024559723490654, 28.620863941218431 ], [ -106.024559723490654, 28.62167242497414 ], [ -106.024290228905429, 28.62167242497414 ], [ -106.024290228905429, 28.621941919559376 ], [ -106.024020734320189, 28.621941919559376 ], [ -106.024020734320189, 28.621402930388903 ], [ -106.023751239734949, 28.621402930388903 ], [ -106.023751239734949, 28.62167242497414 ], [ -106.023481745149724, 28.62167242497414 ], [ -106.023481745149724, 28.621941919559376 ], [ -106.023751239734949, 28.621941919559376 ], [ -106.023751239734949, 28.622211414144612 ] ], [ [ -106.023212250564484, 28.620594446633195 ], [ -106.023212250564484, 28.620324952047959 ], [ -106.022942755979244, 28.620324952047959 ], [ -106.022942755979244, 28.620594446633195 ], [ -106.023212250564484, 28.620594446633195 ] ] ] ] } },
{ "type": "Feature", "properties": { "ZONA_MET": "Chihuahua", "INTENSIDAD": "Intensa", "T_PROM_POL": 3.0, "T_MIN_CIUD": 1.0, "DIF_TERMIC": 2.0 }, "geometry": { "type": "MultiPolygon", "coordinates": [ [ [ [ -106.020786799297355, 28.620055457462723 ], [ -106.020247810126889, 28.620055457462723 ], [ -106.020247810126889, 28.619785962877486 ], [ -106.01970882095641, 28.619785962877486 ], [ -106.01970882095641, 28.619516468292254 ], [ -106.019439326371185, 28.619516468292254 ], [ -106.019439326371185, 28.619246973707018 ], [ -106.018900337200705, 28.619246973707018 ], [ -106.018900337200705, 28.618707984536545 ], [ -106.019169831785945, 28.618707984536545 ], [ -106.019169831785945, 28.618977479121781 ], [ -106.01970882095641, 28.618977479121781 ], [ -106.01970882095641, 28.619246973707018 ], [ -106.020517304712129, 28.619246973707018 ], [ -106.020517304712129, 28.619785962877486 ], [ -106.020786799297355, 28.619785962877486 ], [ -106.020786799297355, 28.620055457462723 ] ] ] ] } },
{ "type": "Feature", "properties": { "ZONA_MET": "Chihuahua", "INTENSIDAD": "Intensa", "T_PROM_POL": 3.0, "T_MIN_CIUD": 1.0, "DIF_TERMIC": 2.0 }, "geometry": { "type": "MultiPolygon", "coordinates": [ [ [ [ -106.107833550328536, 28.619785962877486 ], [ -106.107564055743296, 28.619785962877486 ], [ -106.107564055743296, 28.619246973707018 ], [ -106.107294561158071, 28.619246973707018 ], [ -106.107294561158071, 28.618438489951309 ], [ -106.107564055743296, 28.618438489951309 ], [ -106.107564055743296, 28.617899500780837 ], [ -106.106755571987591, 28.617899500780837 ], [ -106.106755571987591, 28.617630006195601 ], [ -106.107294561158071, 28.617630006195601 ], [ -106.107294561158071, 28.617360511610364 ], [ -106.107564055743296, 28.617360511610364 ], [ -106.107564055743296, 28.616821522439892 ], [ -106.107833550328536, 28.616821522439892 ], [ -106.107833550328536, 28.616552027854659 ], [ -106.108103044913776, 28.616552027854659 ], [ -106.108103044913776, 28.616013038684187 ], [ -106.108642034084241, 28.616013038684187 ], [ -106.108642034084241, 28.616282533269423 ], [ -106.108911528669481, 28.616282533269423 ], [ -106.108911528669481, 28.616013038684187 ], [ -106.10918102325472, 28.616013038684187 ], [ -106.10918102325472, 28.616552027854659 ], [ -106.108642034084241, 28.616552027854659 ], [ -106.108642034084241, 28.617091017025128 ], [ -106.108372539499015, 28.617091017025128 ], [ -106.108372539499015, 28.617360511610364 ], [ -106.108103044913776, 28.617360511610364 ], [ -106.108103044913776, 28.617630006195601 ], [ -106.108372539499015, 28.617630006195601 ], [ -106.108372539499015, 28.617899500780837 ], [ -106.108103044913776, 28.617899500780837 ], [ -106.108103044913776, 28.618707984536545 ], [ -106.107833550328536, 28.618707984536545 ], [ -106.107833550328536, 28.619785962877486 ] ] ] ] } },
{ "type": "Feature", "properties": { "ZONA_MET": "Chihuahua", "INTENSIDAD": "Extrema", "T_PROM_POL": 4.0, "T_MIN_CIUD": 1.0, "DIF_TERMIC": 2.0 }, "geometry": { "type": "MultiPolygon", "coordinates": [ [ [ [ -105.965540409324007, 28.616821522439892 ], [ -105.965270914738767, 28.616821522439892 ], [ -105.965270914738767, 28.616552027854659 ], [ -105.965001420153541, 28.616552027854659 ], [ -105.965001420153541, 28.616282533269423 ], [ -105.964731925568302, 28.616282533269423 ], [ -105.964731925568302, 28.616552027854659 ], [ -105.963923441812597, 28.616552027854659 ], [ -105.963923441812597, 28.616282533269423 ], [ -105.964462430983062, 28.616282533269423 ], [ -105.964462430983062, 28.616013038684187 ], [ -105.963923441812597, 28.616013038684187 ], [ -105.963923441812597, 28.615474049513715 ], [ -105.964192936397836, 28.615474049513715 ], [ -105.964192936397836, 28.615743544098951 ], [ -105.964731925568302, 28.615743544098951 ], [ -105.964731925568302, 28.615474049513715 ], [ -105.965270914738767, 28.615474049513715 ], [ -105.965270914738767, 28.616013038684187 ], [ -105.965540409324007, 28.616013038684187 ], [ -105.965540409324007, 28.616282533269423 ], [ -105.965809903909246, 28.616282533269423 ], [ -105.965809903909246, 28.616552027854659 ], [ -105.965540409324007, 28.616552027854659 ], [ -105.965540409324007, 28.616821522439892 ] ] ] ] } },
{ "type": "Feature", "properties": { "ZONA_MET": "Chihuahua", "INTENSIDAD": "Extrema", "T_PROM_POL": 4.0, "T_MIN_CIUD": 1.0, "DIF_TERMIC": 2.0 }, "geometry": { "type": "MultiPolygon", "coordinates": [ [ [ [ -105.966887882250191, 28.617360511610364 ], [ -105.966618387664951, 28.617360511610364 ], [ -105.966618387664951, 28.617091017025128 ], [ -105.966079398494486, 28.617091017025128 ], [ -105.966079398494486, 28.615474049513715 ], [ -105.966348893079712, 28.615474049513715 ], [ -105.966348893079712, 28.615204554928479 ], [ -105.966618387664951, 28.615204554928479 ], [ -105.966618387664951, 28.616013038684187 ], [ -105.966887882250191, 28.616013038684187 ], [ -105.966887882250191, 28.617360511610364 ] ] ] ] } },
{ "type": "Feature", "properties": { "ZONA_MET": "Chihuahua", "INTENSIDAD": "Intensa", "T_PROM_POL": 3.0, "T_MIN_CIUD": 1.0, "DIF_TERMIC": 2.0 }, "geometry": { "type": "MultiPolygon", "coordinates": [ [ [ [ -106.01458842383694, 28.620055457462723 ], [ -106.013510445495996, 28.620055457462723 ], [ -106.013510445495996, 28.619785962877486 ], [ -106.012971456325516, 28.619785962877486 ], [ -106.012971456325516, 28.619516468292254 ], [ -106.012432467155051, 28.619516468292254 ], [ -106.012432467155051, 28.619246973707018 ], [ -106.012162972569811, 28.619246973707018 ], [ -106.012162972569811, 28.618977479121781 ], [ -106.010815499643627, 28.618977479121781 ], [ -106.010815499643627, 28.618707984536545 ], [ -106.010546005058401, 28.618707984536545 ], [ -106.010546005058401, 28.618438489951309 ], [ -106.010276510473162, 28.618438489951309 ], [ -106.010276510473162, 28.618168995366073 ], [ -106.010007015887922, 28.618168995366073 ], [ -106.010007015887922, 28.617899500780837 ], [ -106.011084994228867, 28.617899500780837 ], [ -106.011084994228867, 28.617630006195601 ], [ -106.010007015887922, 28.617630006195601 ], [ -106.010007015887922, 28.617360511610364 ], [ -106.009468026717457, 28.617360511610364 ], [ -106.009468026717457, 28.617630006195601 ], [ -106.009198532132217, 28.617630006195601 ], [ -106.009198532132217, 28.618168995366073 ], [ -106.008390048376512, 28.618168995366073 ], [ -106.008390048376512, 28.617899500780837 ], [ -106.007851059206033, 28.617899500780837 ], [ -106.007851059206033, 28.618438489951309 ], [ -106.007581564620807, 28.618438489951309 ], [ -106.007581564620807, 28.618168995366073 ], [ -106.007312070035567, 28.618168995366073 ], [ -106.007312070035567, 28.617630006195601 ], [ -106.006503586279862, 28.617630006195601 ], [ -106.006503586279862, 28.617360511610364 ], [ -106.006773080865088, 28.617360511610364 ], [ -106.006773080865088, 28.617091017025128 ], [ -106.007042575450328, 28.617091017025128 ], [ -106.007042575450328, 28.616821522439892 ], [ -106.005964597109383, 28.616821522439892 ], [ -106.005964597109383, 28.615743544098951 ], [ -106.005425607938918, 28.615743544098951 ], [ -106.005425607938918, 28.615474049513715 ], [ -106.005156113353678, 28.615474049513715 ], [ -106.005156113353678, 28.615743544098951 ], [ -106.004886618768438, 28.615743544098951 ], [ -106.004886618768438, 28.615204554928479 ], [ -106.004617124183213, 28.615204554928479 ], [ -106.004617124183213, 28.61439607117277 ], [ -106.004886618768438, 28.61439607117277 ], [ -106.004886618768438, 28.614126576587534 ], [ -106.005425607938918, 28.614126576587534 ], [ -106.005425607938918, 28.61439607117277 ], [ -106.006234091694623, 28.61439607117277 ], [ -106.006234091694623, 28.614665565758006 ], [ -106.007042575450328, 28.614665565758006 ], [ -106.007042575450328, 28.614935060343242 ], [ -106.007581564620807, 28.614935060343242 ], [ -106.007581564620807, 28.615204554928479 ], [ -106.007042575450328, 28.615204554928479 ], [ -106.007042575450328, 28.615743544098951 ], [ -106.007312070035567, 28.615743544098951 ], [ -106.007312070035567, 28.616013038684187 ], [ -106.007042575450328, 28.616013038684187 ], [ -106.007042575450328, 28.616282533269423 ], [ -106.006773080865088, 28.616282533269423 ], [ -106.006773080865088, 28.615474049513715 ], [ -106.006503586279862, 28.615474049513715 ], [ -106.006503586279862, 28.615743544098951 ], [ -106.006234091694623, 28.615743544098951 ], [ -106.006234091694623, 28.616552027854659 ], [ -106.007312070035567, 28.616552027854659 ], [ -106.007312070035567, 28.616821522439892 ], [ -106.007581564620807, 28.616821522439892 ], [ -106.007581564620807, 28.617091017025128 ], [ -106.007312070035567, 28.617091017025128 ], [ -106.007312070035567, 28.617360511610364 ], [ -106.007581564620807, 28.617360511610364 ], [ -106.007581564620807, 28.617630006195601 ], [ -106.008390048376512, 28.617630006195601 ], [ -106.008390048376512, 28.617360511610364 ], [ -106.008120553791272, 28.617360511610364 ], [ -106.008120553791272, 28.616552027854659 ], [ -106.008390048376512, 28.616552027854659 ], [ -106.008390048376512, 28.616821522439892 ], [ -106.008659542961752, 28.616821522439892 ], [ -106.008659542961752, 28.616552027854659 ], [ -106.008929037546977, 28.616552027854659 ], [ -106.008929037546977, 28.616821522439892 ], [ -106.009198532132217, 28.616821522439892 ], [ -106.009198532132217, 28.616552027854659 ], [ -106.009468026717457, 28.616552027854659 ], [ -106.009468026717457, 28.616282533269423 ], [ -106.009737521302682, 28.616282533269423 ], [ -106.009737521302682, 28.617091017025128 ], [ -106.010546005058401, 28.617091017025128 ], [ -106.010546005058401, 28.617360511610364 ], [ -106.011623983399346, 28.617360511610364 ], [ -106.011623983399346, 28.617630006195601 ], [ -106.013240950910756, 28.617630006195601 ], [ -106.013240950910756, 28.615743544098951 ], [ -106.013779940081221, 28.615743544098951 ], [ -106.013779940081221, 28.615474049513715 ], [ -106.014049434666461, 28.615474049513715 ], [ -106.014049434666461, 28.616013038684187 ], [ -106.014318929251701, 28.616013038684187 ], [ -106.014318929251701, 28.616821522439892 ], [ -106.014049434666461, 28.616821522439892 ], [ -106.014049434666461, 28.617360511610364 ], [ -106.013779940081221, 28.617360511610364 ], [ -106.013779940081221, 28.617630006195601 ], [ -106.014318929251701, 28.617630006195601 ], [ -106.014318929251701, 28.617899500780837 ], [ -106.015127413007406, 28.617899500780837 ], [ -106.015127413007406, 28.618168995366073 ], [ -106.01620539134835, 28.618168995366073 ], [ -106.01620539134835, 28.617899500780837 ], [ -106.01647488593359, 28.617899500780837 ], [ -106.01647488593359, 28.617630006195601 ], [ -106.016744380518816, 28.617630006195601 ], [ -106.016744380518816, 28.618168995366073 ], [ -106.01647488593359, 28.618168995366073 ], [ -106.01647488593359, 28.618438489951309 ], [ -106.016744380518816, 28.618438489951309 ], [ -106.016744380518816, 28.618707984536545 ], [ -106.01647488593359, 28.618707984536545 ], [ -106.01647488593359, 28.618977479121781 ], [ -106.01620539134835, 28.618977479121781 ], [ -106.01620539134835, 28.619246973707018 ], [ -106.015935896763111, 28.619246973707018 ], [ -106.015935896763111, 28.619516468292254 ], [ -106.015396907592645, 28.619516468292254 ], [ -106.015396907592645, 28.619246973707018 ], [ -106.015666402177871, 28.619246973707018 ], [ -106.015666402177871, 28.618977479121781 ], [ -106.015935896763111, 28.618977479121781 ], [ -106.015935896763111, 28.618438489951309 ], [ -106.01458842383694, 28.618438489951309 ], [ -106.01458842383694, 28.618168995366073 ], [ -106.014049434666461, 28.618168995366073 ], [ -106.014049434666461, 28.617899500780837 ], [ -106.013779940081221, 28.617899500780837 ], [ -106.013779940081221, 28.618438489951309 ], [ -106.012971456325516, 28.618438489951309 ], [ -106.012971456325516, 28.617899500780837 ], [ -106.012701961740277, 28.617899500780837 ], [ -106.012701961740277, 28.619246973707018 ], [ -106.01458842383694, 28.619246973707018 ], [ -106.01458842383694, 28.619516468292254 ], [ -106.014857918422166, 28.619516468292254 ], [ -106.014857918422166, 28.619785962877486 ], [ -106.01458842383694, 28.619785962877486 ], [ -106.01458842383694, 28.620055457462723 ] ], [ [ -106.006234091694623, 28.615204554928479 ], [ -106.006234091694623, 28.614935060343242 ], [ -106.005156113353678, 28.614935060343242 ], [ -106.005156113353678, 28.615204554928479 ], [ -106.006234091694623, 28.615204554928479 ] ] ] ] } },
{ "type": "Feature", "properties": { "ZONA_MET": "Chihuahua", "INTENSIDAD": "Intensa", "T_PROM_POL": 4.0, "T_MIN_CIUD": 1.0, "DIF_TERMIC": 2.0 }, "geometry": { "type": "MultiPolygon", "coordinates": [ [ [ [ -105.960689506789763, 28.616013038684187 ], [ -105.960420012204523, 28.616013038684187 ], [ -105.960420012204523, 28.615743544098951 ], [ -105.960150517619297, 28.615743544098951 ], [ -105.960150517619297, 28.615204554928479 ], [ -105.959881023034058, 28.615204554928479 ], [ -105.959881023034058, 28.615474049513715 ], [ -105.959342033863578, 28.615474049513715 ], [ -105.959342033863578, 28.614665565758006 ], [ -105.959611528448818, 28.614665565758006 ], [ -105.959611528448818, 28.614126576587534 ], [ -105.960150517619297, 28.614126576587534 ], [ -105.960150517619297, 28.61439607117277 ], [ -105.960420012204523, 28.61439607117277 ], [ -105.960420012204523, 28.614665565758006 ], [ -105.960959001375002, 28.614665565758006 ], [ -105.960959001375002, 28.61439607117277 ], [ -105.960689506789763, 28.61439607117277 ], [ -105.960689506789763, 28.614126576587534 ], [ -105.960420012204523, 28.614126576587534 ], [ -105.960420012204523, 28.613587587417065 ], [ -105.960689506789763, 28.613587587417065 ], [ -105.960689506789763, 28.613857082002298 ], [ -105.960959001375002, 28.613857082002298 ], [ -105.960959001375002, 28.613318092831829 ], [ -105.961228495960242, 28.613318092831829 ], [ -105.961228495960242, 28.613857082002298 ], [ -105.961497990545467, 28.613857082002298 ], [ -105.961497990545467, 28.61439607117277 ], [ -105.961767485130707, 28.61439607117277 ], [ -105.961767485130707, 28.614935060343242 ], [ -105.962036979715947, 28.614935060343242 ], [ -105.962036979715947, 28.615204554928479 ], [ -105.960420012204523, 28.615204554928479 ], [ -105.960420012204523, 28.615474049513715 ], [ -105.960689506789763, 28.615474049513715 ], [ -105.960689506789763, 28.616013038684187 ] ] ] ] } },
{ "type": "Feature", "properties": { "ZONA_MET": "Chihuahua", "INTENSIDAD": "Intensa", "T_PROM_POL": 4.0, "T_MIN_CIUD": 1.0, "DIF_TERMIC": 2.0 }, "geometry": { "type": "MultiPolygon", "coordinates": [ [ [ [ -106.013240950910756, 28.614935060343242 ], [ -106.012432467155051, 28.614935060343242 ], [ -106.012432467155051, 28.61439607117277 ], [ -106.011893477984572, 28.61439607117277 ], [ -106.011893477984572, 28.614126576587534 ], [ -106.011623983399346, 28.614126576587534 ], [ -106.011623983399346, 28.61439607117277 ], [ -106.010815499643627, 28.61439607117277 ], [ -106.010815499643627, 28.614126576587534 ], [ -106.010546005058401, 28.614126576587534 ], [ -106.010546005058401, 28.61439607117277 ], [ -106.010276510473162, 28.61439607117277 ], [ -106.010276510473162, 28.614665565758006 ], [ -106.009737521302682, 28.614665565758006 ], [ -106.009737521302682, 28.613857082002298 ], [ -106.009198532132217, 28.613857082002298 ], [ -106.009198532132217, 28.614126576587534 ], [ -106.008929037546977, 28.614126576587534 ], [ -106.008929037546977, 28.613587587417065 ], [ -106.009468026717457, 28.613587587417065 ], [ -106.009468026717457, 28.612779103661357 ], [ -106.009737521302682, 28.612779103661357 ], [ -106.009737521302682, 28.613587587417065 ], [ -106.010007015887922, 28.613587587417065 ], [ -106.010007015887922, 28.614126576587534 ], [ -106.010276510473162, 28.614126576587534 ], [ -106.010276510473162, 28.613857082002298 ], [ -106.010546005058401, 28.613857082002298 ], [ -106.010546005058401, 28.613587587417065 ], [ -106.010276510473162, 28.613587587417065 ], [ -106.010276510473162, 28.613318092831829 ], [ -106.011084994228867, 28.613318092831829 ], [ -106.011084994228867, 28.613587587417065 ], [ -106.011893477984572, 28.613587587417065 ], [ -106.011893477984572, 28.613857082002298 ], [ -106.012432467155051, 28.613857082002298 ], [ -106.012432467155051, 28.614126576587534 ], [ -106.012701961740277, 28.614126576587534 ], [ -106.012701961740277, 28.61439607117277 ], [ -106.012971456325516, 28.61439607117277 ], [ -106.012971456325516, 28.614665565758006 ], [ -106.013240950910756, 28.614665565758006 ], [ -106.013240950910756, 28.614935060343242 ] ] ] ] } },
{ "type": "Feature", "properties": { "ZONA_MET": "Chihuahua", "INTENSIDAD": "Intensa", "T_PROM_POL": 4.0, "T_MIN_CIUD": 1.0, "DIF_TERMIC": 2.0 }, "geometry": { "type": "MultiPolygon", "coordinates": [ [ [ [ -105.989255932824761, 28.614126576587534 ], [ -105.988986438239522, 28.614126576587534 ], [ -105.988986438239522, 28.613857082002298 ], [ -105.988716943654296, 28.613857082002298 ], [ -105.988716943654296, 28.614126576587534 ], [ -105.988447449069056, 28.614126576587534 ], [ -105.988447449069056, 28.613857082002298 ], [ -105.988177954483817, 28.613857082002298 ], [ -105.988177954483817, 28.613587587417065 ], [ -105.987908459898591, 28.613587587417065 ], [ -105.987908459898591, 28.613048598246593 ], [ -105.988177954483817, 28.613048598246593 ], [ -105.988177954483817, 28.613318092831829 ], [ -105.988447449069056, 28.613318092831829 ], [ -105.988447449069056, 28.612779103661357 ], [ -105.988716943654296, 28.612779103661357 ], [ -105.988716943654296, 28.613318092831829 ], [ -105.989255932824761, 28.613318092831829 ], [ -105.989255932824761, 28.613048598246593 ], [ -105.989525427410001, 28.613048598246593 ], [ -105.989525427410001, 28.613587587417065 ], [ -105.989255932824761, 28.613587587417065 ], [ -105.989255932824761, 28.614126576587534 ] ] ] ] } },
{ "type": "Feature", "properties": { "ZONA_MET": "Chihuahua", "INTENSIDAD": "Intensa", "T_PROM_POL": 4.0, "T_MIN_CIUD": 1.0, "DIF_TERMIC": 2.0 }, "geometry": { "type": "MultiPolygon", "coordinates": [ [ [ [ -105.966887882250191, 28.615204554928479 ], [ -105.966618387664951, 28.615204554928479 ], [ -105.966618387664951, 28.614935060343242 ], [ -105.966348893079712, 28.614935060343242 ], [ -105.966348893079712, 28.615204554928479 ], [ -105.966079398494486, 28.615204554928479 ], [ -105.966079398494486, 28.614935060343242 ], [ -105.965809903909246, 28.614935060343242 ], [ -105.965809903909246, 28.614665565758006 ], [ -105.965270914738767, 28.614665565758006 ], [ -105.965270914738767, 28.613857082002298 ], [ -105.965809903909246, 28.613857082002298 ], [ -105.965809903909246, 28.613587587417065 ], [ -105.965540409324007, 28.613587587417065 ], [ -105.965540409324007, 28.613318092831829 ], [ -105.965809903909246, 28.613318092831829 ], [ -105.965809903909246, 28.612240114490884 ], [ -105.966079398494486, 28.612240114490884 ], [ -105.966079398494486, 28.613048598246593 ], [ -105.966618387664951, 28.613048598246593 ], [ -105.966618387664951, 28.612779103661357 ], [ -105.966887882250191, 28.612779103661357 ], [ -105.966887882250191, 28.613318092831829 ], [ -105.967157376835431, 28.613318092831829 ], [ -105.967157376835431, 28.613587587417065 ], [ -105.967426871420656, 28.613587587417065 ], [ -105.967426871420656, 28.614665565758006 ], [ -105.967696366005896, 28.614665565758006 ], [ -105.967696366005896, 28.614935060343242 ], [ -105.967157376835431, 28.614935060343242 ], [ -105.967157376835431, 28.61439607117277 ], [ -105.966887882250191, 28.61439607117277 ], [ -105.966887882250191, 28.615204554928479 ] ], [ [ -105.966618387664951, 28.614665565758006 ], [ -105.966618387664951, 28.61439607117277 ], [ -105.966079398494486, 28.61439607117277 ], [ -105.966079398494486, 28.614665565758006 ], [ -105.966618387664951, 28.614665565758006 ] ], [ [ -105.966348893079712, 28.613587587417065 ], [ -105.966348893079712, 28.613318092831829 ], [ -105.966079398494486, 28.613318092831829 ], [ -105.966079398494486, 28.613587587417065 ], [ -105.966348893079712, 28.613587587417065 ] ] ] ] } },
{ "type": "Feature", "properties": { "ZONA_MET": "Chihuahua", "INTENSIDAD": "Intensa", "T_PROM_POL": 3.0, "T_MIN_CIUD": 1.0, "DIF_TERMIC": 2.0 }, "geometry": { "type": "MultiPolygon", "coordinates": [ [ [ [ -106.109450517839946, 28.614126576587534 ], [ -106.108372539499015, 28.614126576587534 ], [ -106.108372539499015, 28.613587587417065 ], [ -106.108103044913776, 28.613587587417065 ], [ -106.108103044913776, 28.613318092831829 ], [ -106.107833550328536, 28.613318092831829 ], [ -106.107833550328536, 28.613587587417065 ], [ -106.107025066572831, 28.613587587417065 ], [ -106.107025066572831, 28.613857082002298 ], [ -106.105947088231886, 28.613857082002298 ], [ -106.105947088231886, 28.613048598246593 ], [ -106.106486077402351, 28.613048598246593 ], [ -106.106486077402351, 28.61250960907612 ], [ -106.105947088231886, 28.61250960907612 ], [ -106.105947088231886, 28.611970619905648 ], [ -106.106216582817126, 28.611970619905648 ], [ -106.106216582817126, 28.611701125320412 ], [ -106.106755571987591, 28.611701125320412 ], [ -106.106755571987591, 28.611970619905648 ], [ -106.107833550328536, 28.611970619905648 ], [ -106.107833550328536, 28.612240114490884 ], [ -106.108372539499015, 28.612240114490884 ], [ -106.108372539499015, 28.61250960907612 ], [ -106.109720012425186, 28.61250960907612 ], [ -106.109720012425186, 28.613048598246593 ], [ -106.109450517839946, 28.613048598246593 ], [ -106.109450517839946, 28.614126576587534 ] ], [ [ -106.10918102325472, 28.613318092831829 ], [ -106.10918102325472, 28.613048598246593 ], [ -106.108911528669481, 28.613048598246593 ], [ -106.108911528669481, 28.613318092831829 ], [ -106.10918102325472, 28.613318092831829 ] ], [ [ -106.108372539499015, 28.613318092831829 ], [ -106.108372539499015, 28.613048598246593 ], [ -106.108103044913776, 28.613048598246593 ], [ -106.108103044913776, 28.613318092831829 ], [ -106.108372539499015, 28.613318092831829 ] ] ] ] } },
{ "type": "Feature", "properties": { "ZONA_MET": "Chihuahua", "INTENSIDAD": "Intensa", "T_PROM_POL": 4.0, "T_MIN_CIUD": 1.0, "DIF_TERMIC": 2.0 }, "geometry": { "type": "MultiPolygon", "coordinates": [ [ [ [ -105.989255932824761, 28.613048598246593 ], [ -105.988986438239522, 28.613048598246593 ], [ -105.988986438239522, 28.612240114490884 ], [ -105.989255932824761, 28.612240114490884 ], [ -105.989255932824761, 28.611701125320412 ], [ -105.990064416580466, 28.611701125320412 ], [ -105.990064416580466, 28.612240114490884 ], [ -105.990333911165706, 28.612240114490884 ], [ -105.990333911165706, 28.612779103661357 ], [ -105.989794921995241, 28.612779103661357 ], [ -105.989794921995241, 28.612240114490884 ], [ -105.989525427410001, 28.612240114490884 ], [ -105.989525427410001, 28.61250960907612 ], [ -105.989255932824761, 28.61250960907612 ], [ -105.989255932824761, 28.613048598246593 ] ] ] ] } },
{ "type": "Feature", "properties": { "ZONA_MET": "Chihuahua", "INTENSIDAD": "Intensa", "T_PROM_POL": 4.0, "T_MIN_CIUD": 1.0, "DIF_TERMIC": 2.0 }, "geometry": { "type": "MultiPolygon", "coordinates": [ [ [ [ -105.937243477874247, 28.613318092831829 ], [ -105.936165499533303, 28.613318092831829 ], [ -105.936165499533303, 28.613048598246593 ], [ -105.935626510362823, 28.613048598246593 ], [ -105.935626510362823, 28.613318092831829 ], [ -105.934279037436653, 28.613318092831829 ], [ -105.934279037436653, 28.612779103661357 ], [ -105.935087521192358, 28.612779103661357 ], [ -105.935087521192358, 28.613048598246593 ], [ -105.935357015777598, 28.613048598246593 ], [ -105.935357015777598, 28.612779103661357 ], [ -105.935896004948063, 28.612779103661357 ], [ -105.935896004948063, 28.612240114490884 ], [ -105.935626510362823, 28.612240114490884 ], [ -105.935626510362823, 28.611970619905648 ], [ -105.936434994118542, 28.611970619905648 ], [ -105.936434994118542, 28.611701125320412 ], [ -105.936704488703768, 28.611701125320412 ], [ -105.936704488703768, 28.61250960907612 ], [ -105.936973983289008, 28.61250960907612 ], [ -105.936973983289008, 28.613048598246593 ], [ -105.937243477874247, 28.613048598246593 ], [ -105.937243477874247, 28.613318092831829 ] ], [ [ -105.936704488703768, 28.612779103661357 ], [ -105.936704488703768, 28.61250960907612 ], [ -105.936165499533303, 28.61250960907612 ], [ -105.936165499533303, 28.612779103661357 ], [ -105.936704488703768, 28.612779103661357 ] ] ] ] } },
{ "type": "Feature", "properties": { "ZONA_MET": "Chihuahua", "INTENSIDAD": "Intensa", "T_PROM_POL": 4.0, "T_MIN_CIUD": 1.0, "DIF_TERMIC": 2.0 }, "geometry": { "type": "MultiPolygon", "coordinates": [ [ [ [ -105.9970712757966, 28.614665565758006 ], [ -105.996532286626135, 28.614665565758006 ], [ -105.996532286626135, 28.61439607117277 ], [ -105.99572380287043, 28.61439607117277 ], [ -105.99572380287043, 28.614126576587534 ], [ -105.99545430828519, 28.614126576587534 ], [ -105.99545430828519, 28.613048598246593 ], [ -105.996262792040895, 28.613048598246593 ], [ -105.996262792040895, 28.612779103661357 ], [ -105.996532286626135, 28.612779103661357 ], [ -105.996532286626135, 28.611701125320412 ], [ -105.99734077038184, 28.611701125320412 ], [ -105.99734077038184, 28.611970619905648 ], [ -105.997610264967079, 28.611970619905648 ], [ -105.997610264967079, 28.612240114490884 ], [ -105.99734077038184, 28.612240114490884 ], [ -105.99734077038184, 28.61250960907612 ], [ -105.997610264967079, 28.61250960907612 ], [ -105.997610264967079, 28.613857082002298 ], [ -105.9970712757966, 28.613857082002298 ], [ -105.9970712757966, 28.614665565758006 ] ], [ [ -105.9970712757966, 28.613048598246593 ], [ -105.9970712757966, 28.612779103661357 ], [ -105.996532286626135, 28.612779103661357 ], [ -105.996532286626135, 28.613048598246593 ], [ -105.9970712757966, 28.613048598246593 ] ] ] ] } },
{ "type": "Feature", "properties": { "ZONA_MET": "Chihuahua", "INTENSIDAD": "Extrema", "T_PROM_POL": 4.0, "T_MIN_CIUD": 1.0, "DIF_TERMIC": 2.0 }, "geometry": { "type": "MultiPolygon", "coordinates": [ [ [ [ -105.965809903909246, 28.613048598246593 ], [ -105.965270914738767, 28.613048598246593 ], [ -105.965270914738767, 28.612779103661357 ], [ -105.964731925568302, 28.612779103661357 ], [ -105.964731925568302, 28.611701125320412 ], [ -105.964462430983062, 28.611701125320412 ], [ -105.964462430983062, 28.611970619905648 ], [ -105.963923441812597, 28.611970619905648 ], [ -105.963923441812597, 28.611431630735176 ], [ -105.964192936397836, 28.611431630735176 ], [ -105.964192936397836, 28.61116213614994 ], [ -105.964462430983062, 28.61116213614994 ], [ -105.964462430983062, 28.611431630735176 ], [ -105.965540409324007, 28.611431630735176 ], [ -105.965540409324007, 28.612779103661357 ], [ -105.965809903909246, 28.612779103661357 ], [ -105.965809903909246, 28.613048598246593 ] ], [ [ -105.965270914738767, 28.612240114490884 ], [ -105.965270914738767, 28.611701125320412 ], [ -105.965001420153541, 28.611701125320412 ], [ -105.965001420153541, 28.612240114490884 ], [ -105.965270914738767, 28.612240114490884 ] ] ] ] } },
{ "type": "Feature", "properties": { "ZONA_MET": "Chihuahua", "INTENSIDAD": "Intensa", "T_PROM_POL": 3.0, "T_MIN_CIUD": 1.0, "DIF_TERMIC": 2.0 }, "geometry": { "type": "MultiPolygon", "coordinates": [ [ [ [ -106.008120553791272, 28.613587587417065 ], [ -106.006773080865088, 28.613587587417065 ], [ -106.006773080865088, 28.613318092831829 ], [ -106.006503586279862, 28.613318092831829 ], [ -106.006503586279862, 28.613587587417065 ], [ -106.006234091694623, 28.613587587417065 ], [ -106.006234091694623, 28.613318092831829 ], [ -106.005964597109383, 28.613318092831829 ], [ -106.005964597109383, 28.613048598246593 ], [ -106.006773080865088, 28.613048598246593 ], [ -106.006773080865088, 28.61250960907612 ], [ -106.006234091694623, 28.61250960907612 ], [ -106.006234091694623, 28.611970619905648 ], [ -106.006503586279862, 28.611970619905648 ], [ -106.006503586279862, 28.611431630735176 ], [ -106.006234091694623, 28.611431630735176 ], [ -106.006234091694623, 28.611701125320412 ], [ -106.005964597109383, 28.611701125320412 ], [ -106.005964597109383, 28.61116213614994 ], [ -106.005695102524157, 28.61116213614994 ], [ -106.005695102524157, 28.611431630735176 ], [ -106.005425607938918, 28.611431630735176 ], [ -106.005425607938918, 28.610892641564703 ], [ -106.005964597109383, 28.610892641564703 ], [ -106.005964597109383, 28.610623146979467 ], [ -106.006234091694623, 28.610623146979467 ], [ -106.006234091694623, 28.61116213614994 ], [ -106.006773080865088, 28.61116213614994 ], [ -106.006773080865088, 28.612240114490884 ], [ -106.007042575450328, 28.612240114490884 ], [ -106.007042575450328, 28.611701125320412 ], [ -106.007581564620807, 28.611701125320412 ], [ -106.007581564620807, 28.612240114490884 ], [ -106.008120553791272, 28.612240114490884 ], [ -106.008120553791272, 28.612779103661357 ], [ -106.007851059206033, 28.612779103661357 ], [ -106.007851059206033, 28.613318092831829 ], [ -106.008120553791272, 28.613318092831829 ], [ -106.008120553791272, 28.613587587417065 ] ], [ [ -106.007581564620807, 28.613048598246593 ], [ -106.007581564620807, 28.612779103661357 ], [ -106.007042575450328, 28.612779103661357 ], [ -106.007042575450328, 28.613048598246593 ], [ -106.007581564620807, 28.613048598246593 ] ] ] ] } },
{ "type": "Feature", "properties": { "ZONA_MET": "Chihuahua", "INTENSIDAD": "Extrema", "T_PROM_POL": 4.0, "T_MIN_CIUD": 1.0, "DIF_TERMIC": 2.0 }, "geometry": { "type": "MultiPolygon", "coordinates": [ [ [ [ -105.942363874993731, 28.610892641564703 ], [ -105.941555391238012, 28.610892641564703 ], [ -105.941555391238012, 28.610623146979467 ], [ -105.940207918311842, 28.610623146979467 ], [ -105.940207918311842, 28.610892641564703 ], [ -105.939938423726602, 28.610892641564703 ], [ -105.939938423726602, 28.610353652394235 ], [ -105.940207918311842, 28.610353652394235 ], [ -105.940207918311842, 28.610084157808998 ], [ -105.940746907482307, 28.610084157808998 ], [ -105.940746907482307, 28.610353652394235 ], [ -105.941285896652786, 28.610353652394235 ], [ -105.941285896652786, 28.610084157808998 ], [ -105.941824885823252, 28.610084157808998 ], [ -105.941824885823252, 28.610623146979467 ], [ -105.942363874993731, 28.610623146979467 ], [ -105.942363874993731, 28.610892641564703 ] ] ] ] } },
{ "type": "Feature", "properties": { "ZONA_MET": "Chihuahua", "INTENSIDAD": "Extrema", "T_PROM_POL": 4.0, "T_MIN_CIUD": 1.0, "DIF_TERMIC": 2.0 }, "geometry": { "type": "MultiPolygon", "coordinates": [ [ [ [ -105.953413152988389, 28.610892641564703 ], [ -105.953143658403164, 28.610892641564703 ], [ -105.953143658403164, 28.610084157808998 ], [ -105.952335174647459, 28.610084157808998 ], [ -105.952335174647459, 28.609545168638526 ], [ -105.952874163817924, 28.609545168638526 ], [ -105.952874163817924, 28.60927567405329 ], [ -105.953413152988389, 28.60927567405329 ], [ -105.953413152988389, 28.610892641564703 ] ] ] ] } },
{ "type": "Feature", "properties": { "ZONA_MET": "Chihuahua", "INTENSIDAD": "Extrema", "T_PROM_POL": 4.0, "T_MIN_CIUD": 1.0, "DIF_TERMIC": 2.0 }, "geometry": { "type": "MultiPolygon", "coordinates": [ [ [ [ -105.942363874993731, 28.610353652394235 ], [ -105.942094380408491, 28.610353652394235 ], [ -105.942094380408491, 28.610084157808998 ], [ -105.941824885823252, 28.610084157808998 ], [ -105.941824885823252, 28.609814663223762 ], [ -105.942094380408491, 28.609814663223762 ], [ -105.942094380408491, 28.609545168638526 ], [ -105.942633369578957, 28.609545168638526 ], [ -105.942633369578957, 28.60927567405329 ], [ -105.943441853334676, 28.60927567405329 ], [ -105.943441853334676, 28.609545168638526 ], [ -105.943980842505141, 28.609545168638526 ], [ -105.943980842505141, 28.609814663223762 ], [ -105.943172358749436, 28.609814663223762 ], [ -105.943172358749436, 28.610084157808998 ], [ -105.942363874993731, 28.610084157808998 ], [ -105.942363874993731, 28.610353652394235 ] ], [ [ -105.943172358749436, 28.609814663223762 ], [ -105.943172358749436, 28.609545168638526 ], [ -105.942902864164196, 28.609545168638526 ], [ -105.942902864164196, 28.609814663223762 ], [ -105.943172358749436, 28.609814663223762 ] ] ] ] } },
{ "type": "Feature", "properties": { "ZONA_MET": "Chihuahua", "INTENSIDAD": "Extrema", "T_PROM_POL": 4.0, "T_MIN_CIUD": 1.0, "DIF_TERMIC": 2.0 }, "geometry": { "type": "MultiPolygon", "coordinates": [ [ [ [ -105.966618387664951, 28.611970619905648 ], [ -105.966348893079712, 28.611970619905648 ], [ -105.966348893079712, 28.610892641564703 ], [ -105.966079398494486, 28.610892641564703 ], [ -105.966079398494486, 28.610084157808998 ], [ -105.965809903909246, 28.610084157808998 ], [ -105.965809903909246, 28.609006179468054 ], [ -105.966079398494486, 28.609006179468054 ], [ -105.966079398494486, 28.609814663223762 ], [ -105.966348893079712, 28.609814663223762 ], [ -105.966348893079712, 28.610353652394235 ], [ -105.966618387664951, 28.610353652394235 ], [ -105.966618387664951, 28.611970619905648 ] ] ] ] } },
{ "type": "Feature", "properties": { "ZONA_MET": "Chihuahua", "INTENSIDAD": "Intensa", "T_PROM_POL": 4.0, "T_MIN_CIUD": 1.0, "DIF_TERMIC": 2.0 }, "geometry": { "type": "MultiPolygon", "coordinates": [ [ [ [ -105.991950878677116, 28.61250960907612 ], [ -105.991411889506651, 28.61250960907612 ], [ -105.991411889506651, 28.612240114490884 ], [ -105.990872900336186, 28.612240114490884 ], [ -105.990872900336186, 28.611970619905648 ], [ -105.990603405750946, 28.611970619905648 ], [ -105.990603405750946, 28.611701125320412 ], [ -105.990872900336186, 28.611701125320412 ], [ -105.990872900336186, 28.610892641564703 ], [ -105.990603405750946, 28.610892641564703 ], [ -105.990603405750946, 28.610623146979467 ], [ -105.991142394921411, 28.610623146979467 ], [ -105.991142394921411, 28.610892641564703 ], [ -105.991411889506651, 28.610892641564703 ], [ -105.991411889506651, 28.610353652394235 ], [ -105.992220373262356, 28.610353652394235 ], [ -105.992220373262356, 28.610084157808998 ], [ -105.991950878677116, 28.610084157808998 ], [ -105.991950878677116, 28.609814663223762 ], [ -105.992220373262356, 28.609814663223762 ], [ -105.992220373262356, 28.609006179468054 ], [ -105.992489867847596, 28.609006179468054 ], [ -105.992489867847596, 28.60927567405329 ], [ -105.992759362432835, 28.60927567405329 ], [ -105.992759362432835, 28.610623146979467 ], [ -105.9932983516033, 28.610623146979467 ], [ -105.9932983516033, 28.61116213614994 ], [ -105.99356784618854, 28.61116213614994 ], [ -105.99356784618854, 28.611701125320412 ], [ -105.9932983516033, 28.611701125320412 ], [ -105.9932983516033, 28.611431630735176 ], [ -105.992759362432835, 28.611431630735176 ], [ -105.992759362432835, 28.611701125320412 ], [ -105.992489867847596, 28.611701125320412 ], [ -105.992489867847596, 28.611970619905648 ], [ -105.992759362432835, 28.611970619905648 ], [ -105.992759362432835, 28.612240114490884 ], [ -105.992220373262356, 28.612240114490884 ], [ -105.992220373262356, 28.611970619905648 ], [ -105.991950878677116, 28.611970619905648 ], [ -105.991950878677116, 28.61250960907612 ] ], [ [ -105.992489867847596, 28.611701125320412 ], [ -105.992489867847596, 28.611431630735176 ], [ -105.992220373262356, 28.611431630735176 ], [ -105.992220373262356, 28.611701125320412 ], [ -105.992489867847596, 28.611701125320412 ] ], [ [ -105.992759362432835, 28.61116213614994 ], [ -105.992759362432835, 28.610623146979467 ], [ -105.992220373262356, 28.610623146979467 ], [ -105.992220373262356, 28.61116213614994 ], [ -105.992759362432835, 28.61116213614994 ] ] ] ] } },
{ "type": "Feature", "properties": { "ZONA_MET": "Chihuahua", "INTENSIDAD": "Extrema", "T_PROM_POL": 4.0, "T_MIN_CIUD": 1.0, "DIF_TERMIC": 2.0 }, "geometry": { "type": "MultiPolygon", "coordinates": [ [ [ [ -105.959072539278353, 28.610084157808998 ], [ -105.958533550107873, 28.610084157808998 ], [ -105.958533550107873, 28.609545168638526 ], [ -105.954760625914574, 28.609545168638526 ], [ -105.954760625914574, 28.60927567405329 ], [ -105.959611528448818, 28.60927567405329 ], [ -105.959611528448818, 28.609006179468054 ], [ -105.959881023034058, 28.609006179468054 ], [ -105.959881023034058, 28.60927567405329 ], [ -105.960420012204523, 28.60927567405329 ], [ -105.960420012204523, 28.608736684882818 ], [ -105.960150517619297, 28.608736684882818 ], [ -105.960150517619297, 28.608467190297581 ], [ -105.960959001375002, 28.608467190297581 ], [ -105.960959001375002, 28.60927567405329 ], [ -105.963653947227357, 28.60927567405329 ], [ -105.963653947227357, 28.609545168638526 ], [ -105.960959001375002, 28.609545168638526 ], [ -105.960959001375002, 28.609814663223762 ], [ -105.960420012204523, 28.609814663223762 ], [ -105.960420012204523, 28.609545168638526 ], [ -105.959072539278353, 28.609545168638526 ], [ -105.959072539278353, 28.610084157808998 ] ] ] ] } },
{ "type": "Feature", "properties": { "ZONA_MET": "Chihuahua", "INTENSIDAD": "Intensa", "T_PROM_POL": 3.0, "T_MIN_CIUD": 1.0, "DIF_TERMIC": 2.0 }, "geometry": { "type": "MultiPolygon", "coordinates": [ [ [ [ -106.125350698368862, 28.610084157808998 ], [ -106.125081203783637, 28.610084157808998 ], [ -106.125081203783637, 28.60927567405329 ], [ -106.125620192954102, 28.60927567405329 ], [ -106.125620192954102, 28.609006179468054 ], [ -106.125889687539342, 28.609006179468054 ], [ -106.125889687539342, 28.608467190297581 ], [ -106.125350698368862, 28.608467190297581 ], [ -106.125350698368862, 28.608197695712345 ], [ -106.126698171295047, 28.608197695712345 ], [ -106.126698171295047, 28.608467190297581 ], [ -106.126159182124582, 28.608467190297581 ], [ -106.126159182124582, 28.608736684882818 ], [ -106.126428676709807, 28.608736684882818 ], [ -106.126428676709807, 28.60927567405329 ], [ -106.126159182124582, 28.60927567405329 ], [ -106.126159182124582, 28.609545168638526 ], [ -106.125889687539342, 28.609545168638526 ], [ -106.125889687539342, 28.609814663223762 ], [ -106.125350698368862, 28.609814663223762 ], [ -106.125350698368862, 28.610084157808998 ] ] ] ] } },
{ "type": "Feature", "properties": { "ZONA_MET": "Chihuahua", "INTENSIDAD": "Intensa", "T_PROM_POL": 3.0, "T_MIN_CIUD": 1.0, "DIF_TERMIC": 2.0 }, "geometry": { "type": "MultiPolygon", "coordinates": [ [ [ [ -105.997610264967079, 28.611431630735176 ], [ -105.99734077038184, 28.611431630735176 ], [ -105.99734077038184, 28.61116213614994 ], [ -105.9970712757966, 28.61116213614994 ], [ -105.9970712757966, 28.611431630735176 ], [ -105.996532286626135, 28.611431630735176 ], [ -105.996532286626135, 28.610892641564703 ], [ -105.996262792040895, 28.610892641564703 ], [ -105.996262792040895, 28.609545168638526 ], [ -105.99572380287043, 28.609545168638526 ], [ -105.99572380287043, 28.608736684882818 ], [ -105.99545430828519, 28.608736684882818 ], [ -105.99545430828519, 28.608197695712345 ], [ -105.99572380287043, 28.608197695712345 ], [ -105.99572380287043, 28.607928201127109 ], [ -105.995993297455655, 28.607928201127109 ], [ -105.995993297455655, 28.608467190297581 ], [ -105.996262792040895, 28.608467190297581 ], [ -105.996262792040895, 28.608736684882818 ], [ -105.996532286626135, 28.608736684882818 ], [ -105.996532286626135, 28.610084157808998 ], [ -105.996801781211374, 28.610084157808998 ], [ -105.996801781211374, 28.609814663223762 ], [ -105.9970712757966, 28.609814663223762 ], [ -105.9970712757966, 28.610623146979467 ], [ -105.998149254137545, 28.610623146979467 ], [ -105.998149254137545, 28.610353652394235 ], [ -105.998688243308024, 28.610353652394235 ], [ -105.998688243308024, 28.610892641564703 ], [ -105.997879759552305, 28.610892641564703 ], [ -105.997879759552305, 28.61116213614994 ], [ -105.997610264967079, 28.61116213614994 ], [ -105.997610264967079, 28.611431630735176 ] ] ] ] } },
{ "type": "Feature", "properties": { "ZONA_MET": "Chihuahua", "INTENSIDAD": "Intensa", "T_PROM_POL": 4.0, "T_MIN_CIUD": 1.0, "DIF_TERMIC": 2.0 }, "geometry": { "type": "MultiPolygon", "coordinates": [ [ [ [ -105.940207918311842, 28.609814663223762 ], [ -105.939668929141362, 28.609814663223762 ], [ -105.939668929141362, 28.609545168638526 ], [ -105.939399434556137, 28.609545168638526 ], [ -105.939399434556137, 28.609814663223762 ], [ -105.939129939970897, 28.609814663223762 ], [ -105.939129939970897, 28.609545168638526 ], [ -105.938860445385657, 28.609545168638526 ], [ -105.938860445385657, 28.609814663223762 ], [ -105.938051961629952, 28.609814663223762 ], [ -105.938051961629952, 28.608736684882818 ], [ -105.937782467044713, 28.608736684882818 ], [ -105.937782467044713, 28.608467190297581 ], [ -105.938051961629952, 28.608467190297581 ], [ -105.938051961629952, 28.608197695712345 ], [ -105.937782467044713, 28.608197695712345 ], [ -105.937782467044713, 28.607658706541873 ], [ -105.938051961629952, 28.607658706541873 ], [ -105.938051961629952, 28.60738921195664 ], [ -105.938321456215192, 28.60738921195664 ], [ -105.938321456215192, 28.607119717371404 ], [ -105.939129939970897, 28.607119717371404 ], [ -105.939129939970897, 28.607658706541873 ], [ -105.938590950800418, 28.607658706541873 ], [ -105.938590950800418, 28.608197695712345 ], [ -105.938321456215192, 28.608197695712345 ], [ -105.938321456215192, 28.608736684882818 ], [ -105.938590950800418, 28.608736684882818 ], [ -105.938590950800418, 28.60927567405329 ], [ -105.939668929141362, 28.60927567405329 ], [ -105.939668929141362, 28.609006179468054 ], [ -105.940207918311842, 28.609006179468054 ], [ -105.940207918311842, 28.608467190297581 ], [ -105.940746907482307, 28.608467190297581 ], [ -105.940746907482307, 28.608197695712345 ], [ -105.941285896652786, 28.608197695712345 ], [ -105.941285896652786, 28.609006179468054 ], [ -105.940746907482307, 28.609006179468054 ], [ -105.940746907482307, 28.60927567405329 ], [ -105.941555391238012, 28.60927567405329 ], [ -105.941555391238012, 28.609545168638526 ], [ -105.940207918311842, 28.609545168638526 ], [ -105.940207918311842, 28.609814663223762 ] ] ] ] } },
{ "type": "Feature", "properties": { "ZONA_MET": "Chihuahua", "INTENSIDAD": "Extrema", "T_PROM_POL": 4.0, "T_MIN_CIUD": 1.0, "DIF_TERMIC": 2.0 }, "geometry": { "type": "MultiPolygon", "coordinates": [ [ [ [ -105.937782467044713, 28.608467190297581 ], [ -105.937243477874247, 28.608467190297581 ], [ -105.937243477874247, 28.608197695712345 ], [ -105.936973983289008, 28.608197695712345 ], [ -105.936973983289008, 28.607928201127109 ], [ -105.936704488703768, 28.607928201127109 ], [ -105.936704488703768, 28.607658706541873 ], [ -105.937512972459487, 28.607658706541873 ], [ -105.937512972459487, 28.607119717371404 ], [ -105.938321456215192, 28.607119717371404 ], [ -105.938321456215192, 28.60738921195664 ], [ -105.938051961629952, 28.60738921195664 ], [ -105.938051961629952, 28.607658706541873 ], [ -105.937782467044713, 28.607658706541873 ], [ -105.937782467044713, 28.608467190297581 ] ] ] ] } },
{ "type": "Feature", "properties": { "ZONA_MET": "Chihuahua", "INTENSIDAD": "Intensa", "T_PROM_POL": 3.0, "T_MIN_CIUD": 1.0, "DIF_TERMIC": 2.0 }, "geometry": { "type": "MultiPolygon", "coordinates": [ [ [ [ -105.994645824529485, 28.611701125320412 ], [ -105.994376329944245, 28.611701125320412 ], [ -105.994376329944245, 28.611431630735176 ], [ -105.99383734077378, 28.611431630735176 ], [ -105.99383734077378, 28.610892641564703 ], [ -105.994106835359005, 28.610892641564703 ], [ -105.994106835359005, 28.610623146979467 ], [ -105.99383734077378, 28.610623146979467 ], [ -105.99383734077378, 28.610084157808998 ], [ -105.9932983516033, 28.610084157808998 ], [ -105.9932983516033, 28.609814663223762 ], [ -105.993028857018061, 28.609814663223762 ], [ -105.993028857018061, 28.609545168638526 ], [ -105.9932983516033, 28.609545168638526 ], [ -105.9932983516033, 28.608467190297581 ], [ -105.992759362432835, 28.608467190297581 ], [ -105.992759362432835, 28.608736684882818 ], [ -105.992489867847596, 28.608736684882818 ], [ -105.992489867847596, 28.607928201127109 ], [ -105.992220373262356, 28.607928201127109 ], [ -105.992220373262356, 28.60738921195664 ], [ -105.992759362432835, 28.60738921195664 ], [ -105.992759362432835, 28.607658706541873 ], [ -105.993028857018061, 28.607658706541873 ], [ -105.993028857018061, 28.60738921195664 ], [ -105.9932983516033, 28.60738921195664 ], [ -105.9932983516033, 28.607658706541873 ], [ -105.99356784618854, 28.607658706541873 ], [ -105.99356784618854, 28.606850222786168 ], [ -105.99383734077378, 28.606850222786168 ], [ -105.99383734077378, 28.607119717371404 ], [ -105.994106835359005, 28.607119717371404 ], [ -105.994106835359005, 28.607928201127109 ], [ -105.993028857018061, 28.607928201127109 ], [ -105.993028857018061, 28.608197695712345 ], [ -105.99356784618854, 28.608197695712345 ], [ -105.99356784618854, 28.608467190297581 ], [ -105.99383734077378, 28.608467190297581 ], [ -105.99383734077378, 28.609006179468054 ], [ -105.994106835359005, 28.609006179468054 ], [ -105.994106835359005, 28.609545168638526 ], [ -105.99383734077378, 28.609545168638526 ], [ -105.99383734077378, 28.609814663223762 ], [ -105.994376329944245, 28.609814663223762 ], [ -105.994376329944245, 28.60927567405329 ], [ -105.994645824529485, 28.60927567405329 ], [ -105.994645824529485, 28.610084157808998 ], [ -105.99491531911471, 28.610084157808998 ], [ -105.99491531911471, 28.610623146979467 ], [ -105.99518481369995, 28.610623146979467 ], [ -105.99518481369995, 28.610892641564703 ], [ -105.99491531911471, 28.610892641564703 ], [ -105.99491531911471, 28.61116213614994 ], [ -105.994645824529485, 28.61116213614994 ], [ -105.994645824529485, 28.611701125320412 ] ], [ [ -105.994645824529485, 28.610892641564703 ], [ -105.994645824529485, 28.610623146979467 ], [ -105.994376329944245, 28.610623146979467 ], [ -105.994376329944245, 28.610892641564703 ], [ -105.994645824529485, 28.610892641564703 ] ] ] ] } },
{ "type": "Feature", "properties": { "ZONA_MET": "Chihuahua", "INTENSIDAD": "Extrema", "T_PROM_POL": 4.0, "T_MIN_CIUD": 1.0, "DIF_TERMIC": 2.0 }, "geometry": { "type": "MultiPolygon", "coordinates": [ [ [ [ -105.950179217965569, 28.608736684882818 ], [ -105.94990972338033, 28.608736684882818 ], [ -105.94990972338033, 28.608467190297581 ], [ -105.94964022879509, 28.608467190297581 ], [ -105.94964022879509, 28.608197695712345 ], [ -105.949101239624625, 28.608197695712345 ], [ -105.949101239624625, 28.606850222786168 ], [ -105.94964022879509, 28.606850222786168 ], [ -105.94964022879509, 28.607119717371404 ], [ -105.949370734209865, 28.607119717371404 ], [ -105.949370734209865, 28.60738921195664 ], [ -105.94964022879509, 28.60738921195664 ], [ -105.94964022879509, 28.607658706541873 ], [ -105.949370734209865, 28.607658706541873 ], [ -105.949370734209865, 28.607928201127109 ], [ -105.94990972338033, 28.607928201127109 ], [ -105.94990972338033, 28.607658706541873 ], [ -105.950179217965569, 28.607658706541873 ], [ -105.950179217965569, 28.608736684882818 ] ] ] ] } },
{ "type": "Feature", "properties": { "ZONA_MET": "Chihuahua", "INTENSIDAD": "Extrema", "T_PROM_POL": 4.0, "T_MIN_CIUD": 1.0, "DIF_TERMIC": 2.0 }, "geometry": { "type": "MultiPolygon", "coordinates": [ [ [ [ -105.959881023034058, 28.607928201127109 ], [ -105.959072539278353, 28.607928201127109 ], [ -105.959072539278353, 28.607658706541873 ], [ -105.958264055522648, 28.607658706541873 ], [ -105.958264055522648, 28.607119717371404 ], [ -105.958533550107873, 28.607119717371404 ], [ -105.958533550107873, 28.60738921195664 ], [ -105.959072539278353, 28.60738921195664 ], [ -105.959072539278353, 28.606580728200932 ], [ -105.959611528448818, 28.606580728200932 ], [ -105.959611528448818, 28.607658706541873 ], [ -105.959881023034058, 28.607658706541873 ], [ -105.959881023034058, 28.607928201127109 ] ] ] ] } },
{ "type": "Feature", "properties": { "ZONA_MET": "Chihuahua", "INTENSIDAD": "Intensa", "T_PROM_POL": 4.0, "T_MIN_CIUD": 1.0, "DIF_TERMIC": 2.0 }, "geometry": { "type": "MultiPolygon", "coordinates": [ [ [ [ -105.990603405750946, 28.60738921195664 ], [ -105.989525427410001, 28.60738921195664 ], [ -105.989525427410001, 28.607119717371404 ], [ -105.988716943654296, 28.607119717371404 ], [ -105.988716943654296, 28.606580728200932 ], [ -105.989525427410001, 28.606580728200932 ], [ -105.989525427410001, 28.606850222786168 ], [ -105.990064416580466, 28.606850222786168 ], [ -105.990064416580466, 28.606580728200932 ], [ -105.990333911165706, 28.606580728200932 ], [ -105.990333911165706, 28.607119717371404 ], [ -105.990603405750946, 28.607119717371404 ], [ -105.990603405750946, 28.60738921195664 ] ] ] ] } },
{ "type": "Feature", "properties": { "ZONA_MET": "Chihuahua", "INTENSIDAD": "Extrema", "T_PROM_POL": 4.0, "T_MIN_CIUD": 1.0, "DIF_TERMIC": 2.0 }, "geometry": { "type": "MultiPolygon", "coordinates": [ [ [ [ -105.965540409324007, 28.608197695712345 ], [ -105.965270914738767, 28.608197695712345 ], [ -105.965270914738767, 28.607928201127109 ], [ -105.965001420153541, 28.607928201127109 ], [ -105.965001420153541, 28.607658706541873 ], [ -105.965270914738767, 28.607658706541873 ], [ -105.965270914738767, 28.606850222786168 ], [ -105.965001420153541, 28.606850222786168 ], [ -105.965001420153541, 28.606041739030459 ], [ -105.965270914738767, 28.606041739030459 ], [ -105.965270914738767, 28.606580728200932 ], [ -105.965540409324007, 28.606580728200932 ], [ -105.965540409324007, 28.606311233615695 ], [ -105.965809903909246, 28.606311233615695 ], [ -105.965809903909246, 28.606580728200932 ], [ -105.966887882250191, 28.606580728200932 ], [ -105.966887882250191, 28.60738921195664 ], [ -105.966618387664951, 28.60738921195664 ], [ -105.966618387664951, 28.606850222786168 ], [ -105.965540409324007, 28.606850222786168 ], [ -105.965540409324007, 28.608197695712345 ] ] ] ] } },
{ "type": "Feature", "properties": { "ZONA_MET": "Chihuahua", "INTENSIDAD": "Intensa", "T_PROM_POL": 4.0, "T_MIN_CIUD": 1.0, "DIF_TERMIC": 2.0 }, "geometry": { "type": "MultiPolygon", "coordinates": [ [ [ [ -105.987099976142872, 28.60738921195664 ], [ -105.986021997801927, 28.60738921195664 ], [ -105.986021997801927, 28.607119717371404 ], [ -105.986560986972407, 28.607119717371404 ], [ -105.986560986972407, 28.606850222786168 ], [ -105.985483008631462, 28.606850222786168 ], [ -105.985483008631462, 28.606580728200932 ], [ -105.986560986972407, 28.606580728200932 ], [ -105.986560986972407, 28.606041739030459 ], [ -105.987908459898591, 28.606041739030459 ], [ -105.987908459898591, 28.606311233615695 ], [ -105.988177954483817, 28.606311233615695 ], [ -105.988177954483817, 28.606580728200932 ], [ -105.987099976142872, 28.606580728200932 ], [ -105.987099976142872, 28.60738921195664 ] ] ] ] } },
{ "type": "Feature", "properties": { "ZONA_MET": "Chihuahua", "INTENSIDAD": "Intensa", "T_PROM_POL": 3.0, "T_MIN_CIUD": 1.0, "DIF_TERMIC": 2.0 }, "geometry": { "type": "MultiPolygon", "coordinates": [ [ [ [ -105.992759362432835, 28.607119717371404 ], [ -105.992220373262356, 28.607119717371404 ], [ -105.992220373262356, 28.606580728200932 ], [ -105.991950878677116, 28.606580728200932 ], [ -105.991950878677116, 28.607119717371404 ], [ -105.991681384091891, 28.607119717371404 ], [ -105.991681384091891, 28.606850222786168 ], [ -105.991142394921411, 28.606850222786168 ], [ -105.991142394921411, 28.606580728200932 ], [ -105.990603405750946, 28.606580728200932 ], [ -105.990603405750946, 28.606311233615695 ], [ -105.991142394921411, 28.606311233615695 ], [ -105.991142394921411, 28.606041739030459 ], [ -105.991411889506651, 28.606041739030459 ], [ -105.991411889506651, 28.605502749859987 ], [ -105.991950878677116, 28.605502749859987 ], [ -105.991950878677116, 28.606041739030459 ], [ -105.992489867847596, 28.606041739030459 ], [ -105.992489867847596, 28.606311233615695 ], [ -105.992759362432835, 28.606311233615695 ], [ -105.992759362432835, 28.607119717371404 ] ], [ [ -105.991681384091891, 28.606580728200932 ], [ -105.991681384091891, 28.606041739030459 ], [ -105.991411889506651, 28.606041739030459 ], [ -105.991411889506651, 28.606580728200932 ], [ -105.991681384091891, 28.606580728200932 ] ] ] ] } },
{ "type": "Feature", "properties": { "ZONA_MET": "Chihuahua", "INTENSIDAD": "Extrema", "T_PROM_POL": 4.0, "T_MIN_CIUD": 1.0, "DIF_TERMIC": 2.0 }, "geometry": { "type": "MultiPolygon", "coordinates": [ [ [ [ -105.945328315431325, 28.606850222786168 ], [ -105.945058820846086, 28.606850222786168 ], [ -105.945058820846086, 28.605772244445223 ], [ -105.945597810016551, 28.605772244445223 ], [ -105.945597810016551, 28.606041739030459 ], [ -105.945867304601791, 28.606041739030459 ], [ -105.945867304601791, 28.605772244445223 ], [ -105.94640629377227, 28.605772244445223 ], [ -105.94640629377227, 28.604963760689515 ], [ -105.946675788357496, 28.604963760689515 ], [ -105.946675788357496, 28.606041739030459 ], [ -105.94613679918703, 28.606041739030459 ], [ -105.94613679918703, 28.606580728200932 ], [ -105.945328315431325, 28.606580728200932 ], [ -105.945328315431325, 28.606850222786168 ] ] ] ] } },
{ "type": "Feature", "properties": { "ZONA_MET": "Chihuahua", "INTENSIDAD": "Intensa", "T_PROM_POL": 3.0, "T_MIN_CIUD": 1.0, "DIF_TERMIC": 2.0 }, "geometry": { "type": "MultiPolygon", "coordinates": [ [ [ [ -105.99545430828519, 28.606311233615695 ], [ -105.99491531911471, 28.606311233615695 ], [ -105.99491531911471, 28.605772244445223 ], [ -105.994645824529485, 28.605772244445223 ], [ -105.994645824529485, 28.605233255274751 ], [ -105.994376329944245, 28.605233255274751 ], [ -105.994376329944245, 28.604424771519046 ], [ -105.994645824529485, 28.604424771519046 ], [ -105.994645824529485, 28.60415527693381 ], [ -105.99491531911471, 28.60415527693381 ], [ -105.99491531911471, 28.604424771519046 ], [ -105.99518481369995, 28.604424771519046 ], [ -105.99518481369995, 28.605502749859987 ], [ -105.99545430828519, 28.605502749859987 ], [ -105.99545430828519, 28.606311233615695 ] ] ] ] } },
{ "type": "Feature", "properties": { "ZONA_MET": "Chihuahua", "INTENSIDAD": "Extrema", "T_PROM_POL": 4.0, "T_MIN_CIUD": 1.0, "DIF_TERMIC": 2.0 }, "geometry": { "type": "MultiPolygon", "coordinates": [ [ [ [ -106.131010084658826, 28.605233255274751 ], [ -106.130201600903106, 28.605233255274751 ], [ -106.130201600903106, 28.604963760689515 ], [ -106.129932106317881, 28.604963760689515 ], [ -106.129932106317881, 28.605233255274751 ], [ -106.129662611732641, 28.605233255274751 ], [ -106.129662611732641, 28.604963760689515 ], [ -106.129393117147401, 28.604963760689515 ], [ -106.129393117147401, 28.604424771519046 ], [ -106.129932106317881, 28.604424771519046 ], [ -106.129932106317881, 28.60415527693381 ], [ -106.130201600903106, 28.60415527693381 ], [ -106.130201600903106, 28.604424771519046 ], [ -106.130740590073586, 28.604424771519046 ], [ -106.130740590073586, 28.604963760689515 ], [ -106.131010084658826, 28.604963760689515 ], [ -106.131010084658826, 28.605233255274751 ] ] ] ] } },
{ "type": "Feature", "properties": { "ZONA_MET": "Chihuahua", "INTENSIDAD": "Intensa", "T_PROM_POL": 4.0, "T_MIN_CIUD": 1.0, "DIF_TERMIC": 2.0 }, "geometry": { "type": "MultiPolygon", "coordinates": [ [ [ [ -106.131549073829291, 28.605502749859987 ], [ -106.131279579244051, 28.605502749859987 ], [ -106.131279579244051, 28.605233255274751 ], [ -106.131010084658826, 28.605233255274751 ], [ -106.131010084658826, 28.604963760689515 ], [ -106.131279579244051, 28.604963760689515 ], [ -106.131279579244051, 28.604694266104278 ], [ -106.131010084658826, 28.604694266104278 ], [ -106.131010084658826, 28.604424771519046 ], [ -106.130740590073586, 28.604424771519046 ], [ -106.130740590073586, 28.603885782348573 ], [ -106.130201600903106, 28.603885782348573 ], [ -106.130201600903106, 28.603616287763337 ], [ -106.130740590073586, 28.603616287763337 ], [ -106.130740590073586, 28.603346793178101 ], [ -106.131279579244051, 28.603346793178101 ], [ -106.131279579244051, 28.604424771519046 ], [ -106.131549073829291, 28.604424771519046 ], [ -106.131549073829291, 28.605502749859987 ] ] ] ] } },
{ "type": "Feature", "properties": { "ZONA_MET": "Chihuahua", "INTENSIDAD": "Intensa", "T_PROM_POL": 4.0, "T_MIN_CIUD": 1.0, "DIF_TERMIC": 2.0 }, "geometry": { "type": "MultiPolygon", "coordinates": [ [ [ [ -105.969582828102546, 28.604963760689515 ], [ -105.969313333517306, 28.604963760689515 ], [ -105.969313333517306, 28.604424771519046 ], [ -105.96904383893208, 28.604424771519046 ], [ -105.96904383893208, 28.604694266104278 ], [ -105.968774344346841, 28.604694266104278 ], [ -105.968774344346841, 28.604424771519046 ], [ -105.968235355176361, 28.604424771519046 ], [ -105.968235355176361, 28.60415527693381 ], [ -105.969313333517306, 28.60415527693381 ], [ -105.969313333517306, 28.603885782348573 ], [ -105.969582828102546, 28.603885782348573 ], [ -105.969582828102546, 28.603616287763337 ], [ -105.969852322687785, 28.603616287763337 ], [ -105.969852322687785, 28.603346793178101 ], [ -105.970391311858251, 28.603346793178101 ], [ -105.970391311858251, 28.603616287763337 ], [ -105.97066080644349, 28.603616287763337 ], [ -105.97066080644349, 28.60415527693381 ], [ -105.970391311858251, 28.60415527693381 ], [ -105.970391311858251, 28.604424771519046 ], [ -105.970121817273025, 28.604424771519046 ], [ -105.970121817273025, 28.604694266104278 ], [ -105.969852322687785, 28.604694266104278 ], [ -105.969852322687785, 28.604424771519046 ], [ -105.969582828102546, 28.604424771519046 ], [ -105.969582828102546, 28.604963760689515 ] ] ] ] } },
{ "type": "Feature", "properties": { "ZONA_MET": "Chihuahua", "INTENSIDAD": "Intensa", "T_PROM_POL": 3.0, "T_MIN_CIUD": 1.0, "DIF_TERMIC": 2.0 }, "geometry": { "type": "MultiPolygon", "coordinates": [ [ [ [ -105.987638965313351, 28.605772244445223 ], [ -105.987099976142872, 28.605772244445223 ], [ -105.987099976142872, 28.605502749859987 ], [ -105.986830481557647, 28.605502749859987 ], [ -105.986830481557647, 28.605233255274751 ], [ -105.986560986972407, 28.605233255274751 ], [ -105.986560986972407, 28.604424771519046 ], [ -105.985213514046222, 28.604424771519046 ], [ -105.985213514046222, 28.604694266104278 ], [ -105.984944019460997, 28.604694266104278 ], [ -105.984944019460997, 28.603077298592865 ], [ -105.985213514046222, 28.603077298592865 ], [ -105.985213514046222, 28.603616287763337 ], [ -105.986560986972407, 28.603616287763337 ], [ -105.986560986972407, 28.603885782348573 ], [ -105.986830481557647, 28.603885782348573 ], [ -105.986830481557647, 28.604424771519046 ], [ -105.987099976142872, 28.604424771519046 ], [ -105.987099976142872, 28.604694266104278 ], [ -105.987638965313351, 28.604694266104278 ], [ -105.987638965313351, 28.605233255274751 ], [ -105.987369470728112, 28.605233255274751 ], [ -105.987369470728112, 28.605502749859987 ], [ -105.987638965313351, 28.605502749859987 ], [ -105.987638965313351, 28.605772244445223 ] ], [ [ -105.985483008631462, 28.60415527693381 ], [ -105.985483008631462, 28.603885782348573 ], [ -105.985213514046222, 28.603885782348573 ], [ -105.985213514046222, 28.60415527693381 ], [ -105.985483008631462, 28.60415527693381 ] ] ] ] } },
{ "type": "Feature", "properties": { "ZONA_MET": "Chihuahua", "INTENSIDAD": "Intensa", "T_PROM_POL": 4.0, "T_MIN_CIUD": 1.0, "DIF_TERMIC": 2.0 }, "geometry": { "type": "MultiPolygon", "coordinates": [ [ [ [ -105.938860445385657, 28.604424771519046 ], [ -105.938051961629952, 28.604424771519046 ], [ -105.938051961629952, 28.603885782348573 ], [ -105.938860445385657, 28.603885782348573 ], [ -105.938860445385657, 28.603616287763337 ], [ -105.939399434556137, 28.603616287763337 ], [ -105.939399434556137, 28.602807804007629 ], [ -105.939668929141362, 28.602807804007629 ], [ -105.939668929141362, 28.603077298592865 ], [ -105.939938423726602, 28.603077298592865 ], [ -105.939938423726602, 28.60415527693381 ], [ -105.939668929141362, 28.60415527693381 ], [ -105.939668929141362, 28.603885782348573 ], [ -105.939399434556137, 28.603885782348573 ], [ -105.939399434556137, 28.60415527693381 ], [ -105.938860445385657, 28.60415527693381 ], [ -105.938860445385657, 28.604424771519046 ] ] ] ] } },
{ "type": "Feature", "properties": { "ZONA_MET": "Chihuahua", "INTENSIDAD": "Extrema", "T_PROM_POL": 4.0, "T_MIN_CIUD": 1.0, "DIF_TERMIC": 2.0 }, "geometry": { "type": "MultiPolygon", "coordinates": [ [ [ [ -105.951796185476979, 28.605233255274751 ], [ -105.95152669089174, 28.605233255274751 ], [ -105.95152669089174, 28.604424771519046 ], [ -105.951257196306514, 28.604424771519046 ], [ -105.951257196306514, 28.603616287763337 ], [ -105.950987701721274, 28.603616287763337 ], [ -105.950987701721274, 28.603077298592865 ], [ -105.950718207136035, 28.603077298592865 ], [ -105.950718207136035, 28.60199932025192 ], [ -105.950987701721274, 28.60199932025192 ], [ -105.950987701721274, 28.602268814837156 ], [ -105.951257196306514, 28.602268814837156 ], [ -105.951257196306514, 28.602807804007629 ], [ -105.951796185476979, 28.602807804007629 ], [ -105.951796185476979, 28.603616287763337 ], [ -105.95152669089174, 28.603616287763337 ], [ -105.95152669089174, 28.603885782348573 ], [ -105.951796185476979, 28.603885782348573 ], [ -105.951796185476979, 28.605233255274751 ] ] ] ] } },
{ "type": "Feature", "properties": { "ZONA_MET": "Chihuahua", "INTENSIDAD": "Intensa", "T_PROM_POL": 4.0, "T_MIN_CIUD": 1.0, "DIF_TERMIC": 2.0 }, "geometry": { "type": "MultiPolygon", "coordinates": [ [ [ [ -106.116996366226559, 28.602538309422393 ], [ -106.116457377056079, 28.602538309422393 ], [ -106.116457377056079, 28.601729825666684 ], [ -106.116726871641319, 28.601729825666684 ], [ -106.116726871641319, 28.601190836496215 ], [ -106.116996366226559, 28.601190836496215 ], [ -106.116996366226559, 28.600921341910979 ], [ -106.117265860811798, 28.600921341910979 ], [ -106.117265860811798, 28.602268814837156 ], [ -106.116996366226559, 28.602268814837156 ], [ -106.116996366226559, 28.602538309422393 ] ] ] ] } },
{ "type": "Feature", "properties": { "ZONA_MET": "Chihuahua", "INTENSIDAD": "Intensa", "T_PROM_POL": 4.0, "T_MIN_CIUD": 1.0, "DIF_TERMIC": 2.0 }, "geometry": { "type": "MultiPolygon", "coordinates": [ [ [ [ -105.990333911165706, 28.605233255274751 ], [ -105.989255932824761, 28.605233255274751 ], [ -105.989255932824761, 28.604694266104278 ], [ -105.988986438239522, 28.604694266104278 ], [ -105.988986438239522, 28.604424771519046 ], [ -105.989794921995241, 28.604424771519046 ], [ -105.989794921995241, 28.604694266104278 ], [ -105.990064416580466, 28.604694266104278 ], [ -105.990064416580466, 28.604424771519046 ], [ -105.990333911165706, 28.604424771519046 ], [ -105.990333911165706, 28.60415527693381 ], [ -105.990603405750946, 28.60415527693381 ], [ -105.990603405750946, 28.603885782348573 ], [ -105.990064416580466, 28.603885782348573 ], [ -105.990064416580466, 28.603616287763337 ], [ -105.989525427410001, 28.603616287763337 ], [ -105.989525427410001, 28.60415527693381 ], [ -105.989255932824761, 28.60415527693381 ], [ -105.989255932824761, 28.603885782348573 ], [ -105.988986438239522, 28.603885782348573 ], [ -105.988986438239522, 28.603077298592865 ], [ -105.990603405750946, 28.603077298592865 ], [ -105.990603405750946, 28.603616287763337 ], [ -105.990872900336186, 28.603616287763337 ], [ -105.990872900336186, 28.602538309422393 ], [ -105.990603405750946, 28.602538309422393 ], [ -105.990603405750946, 28.60199932025192 ], [ -105.991142394921411, 28.60199932025192 ], [ -105.991142394921411, 28.601729825666684 ], [ -105.990872900336186, 28.601729825666684 ], [ -105.990872900336186, 28.601460331081451 ], [ -105.990064416580466, 28.601460331081451 ], [ -105.990064416580466, 28.601190836496215 ], [ -105.990603405750946, 28.601190836496215 ], [ -105.990603405750946, 28.600921341910979 ], [ -105.990872900336186, 28.600921341910979 ], [ -105.990872900336186, 28.601190836496215 ], [ -105.991411889506651, 28.601190836496215 ], [ -105.991411889506651, 28.601460331081451 ], [ -105.992489867847596, 28.601460331081451 ], [ -105.992489867847596, 28.601190836496215 ], [ -105.992759362432835, 28.601190836496215 ], [ -105.992759362432835, 28.601729825666684 ], [ -105.992220373262356, 28.601729825666684 ], [ -105.992220373262356, 28.60199932025192 ], [ -105.991950878677116, 28.60199932025192 ], [ -105.991950878677116, 28.602268814837156 ], [ -105.991681384091891, 28.602268814837156 ], [ -105.991681384091891, 28.60199932025192 ], [ -105.991411889506651, 28.60199932025192 ], [ -105.991411889506651, 28.603077298592865 ], [ -105.991142394921411, 28.603077298592865 ], [ -105.991142394921411, 28.603885782348573 ], [ -105.991681384091891, 28.603885782348573 ], [ -105.991681384091891, 28.604963760689515 ], [ -105.991411889506651, 28.604963760689515 ], [ -105.991411889506651, 28.604694266104278 ], [ -105.991142394921411, 28.604694266104278 ], [ -105.991142394921411, 28.604963760689515 ], [ -105.990333911165706, 28.604963760689515 ], [ -105.990333911165706, 28.605233255274751 ] ], [ [ -105.991142394921411, 28.604424771519046 ], [ -105.991142394921411, 28.603885782348573 ], [ -105.990872900336186, 28.603885782348573 ], [ -105.990872900336186, 28.604424771519046 ], [ -105.991142394921411, 28.604424771519046 ] ] ] ] } },
{ "type": "Feature", "properties": { "ZONA_MET": "Chihuahua", "INTENSIDAD": "Extrema", "T_PROM_POL": 4.0, "T_MIN_CIUD": 1.0, "DIF_TERMIC": 2.0 }, "geometry": { "type": "MultiPolygon", "coordinates": [ [ [ [ -105.954221636744109, 28.601460331081451 ], [ -105.952604669232684, 28.601460331081451 ], [ -105.952604669232684, 28.601190836496215 ], [ -105.952335174647459, 28.601190836496215 ], [ -105.952335174647459, 28.601460331081451 ], [ -105.952065680062219, 28.601460331081451 ], [ -105.952065680062219, 28.600921341910979 ], [ -105.952335174647459, 28.600921341910979 ], [ -105.952335174647459, 28.600651847325743 ], [ -105.952874163817924, 28.600651847325743 ], [ -105.952874163817924, 28.600921341910979 ], [ -105.953143658403164, 28.600921341910979 ], [ -105.953143658403164, 28.601190836496215 ], [ -105.953682647573629, 28.601190836496215 ], [ -105.953682647573629, 28.600921341910979 ], [ -105.953952142158869, 28.600921341910979 ], [ -105.953952142158869, 28.601190836496215 ], [ -105.954221636744109, 28.601190836496215 ], [ -105.954221636744109, 28.601460331081451 ] ] ] ] } },
{ "type": "Feature", "properties": { "ZONA_MET": "Chihuahua", "INTENSIDAD": "Intensa", "T_PROM_POL": 3.0, "T_MIN_CIUD": 1.0, "DIF_TERMIC": 2.0 }, "geometry": { "type": "MultiPolygon", "coordinates": [ [ [ [ -106.04234636611622, 28.602538309422393 ], [ -106.041537882360515, 28.602538309422393 ], [ -106.041537882360515, 28.602268814837156 ], [ -106.04126838777529, 28.602268814837156 ], [ -106.04126838777529, 28.601729825666684 ], [ -106.04099889319005, 28.601729825666684 ], [ -106.04099889319005, 28.601460331081451 ], [ -106.040459904019571, 28.601460331081451 ], [ -106.040459904019571, 28.600382352740507 ], [ -106.04072939860481, 28.600382352740507 ], [ -106.04072939860481, 28.600651847325743 ], [ -106.04099889319005, 28.600651847325743 ], [ -106.04099889319005, 28.601190836496215 ], [ -106.041537882360515, 28.601190836496215 ], [ -106.041537882360515, 28.601729825666684 ], [ -106.041807376945755, 28.601729825666684 ], [ -106.041807376945755, 28.60199932025192 ], [ -106.042076871530995, 28.60199932025192 ], [ -106.042076871530995, 28.602268814837156 ], [ -106.04234636611622, 28.602268814837156 ], [ -106.04234636611622, 28.602538309422393 ] ] ] ] } },
{ "type": "Feature", "properties": { "ZONA_MET": "Chihuahua", "INTENSIDAD": "Intensa", "T_PROM_POL": 4.0, "T_MIN_CIUD": 1.0, "DIF_TERMIC": 2.0 }, "geometry": { "type": "MultiPolygon", "coordinates": [ [ [ [ -105.993028857018061, 28.601190836496215 ], [ -105.992759362432835, 28.601190836496215 ], [ -105.992759362432835, 28.600651847325743 ], [ -105.993028857018061, 28.600651847325743 ], [ -105.993028857018061, 28.600382352740507 ], [ -105.9932983516033, 28.600382352740507 ], [ -105.9932983516033, 28.600112858155271 ], [ -105.992759362432835, 28.600112858155271 ], [ -105.992759362432835, 28.599304374399562 ], [ -105.9932983516033, 28.599304374399562 ], [ -105.9932983516033, 28.599573868984798 ], [ -105.994106835359005, 28.599573868984798 ], [ -105.994106835359005, 28.599034879814326 ], [ -105.994376329944245, 28.599034879814326 ], [ -105.994376329944245, 28.59876538522909 ], [ -105.994645824529485, 28.59876538522909 ], [ -105.994645824529485, 28.599573868984798 ], [ -105.994376329944245, 28.599573868984798 ], [ -105.994376329944245, 28.599843363570034 ], [ -105.994106835359005, 28.599843363570034 ], [ -105.994106835359005, 28.600112858155271 ], [ -105.99383734077378, 28.600112858155271 ], [ -105.99383734077378, 28.600382352740507 ], [ -105.99356784618854, 28.600382352740507 ], [ -105.99356784618854, 28.600651847325743 ], [ -105.9932983516033, 28.600651847325743 ], [ -105.9932983516033, 28.600921341910979 ], [ -105.993028857018061, 28.600921341910979 ], [ -105.993028857018061, 28.601190836496215 ] ], [ [ -105.99356784618854, 28.600112858155271 ], [ -105.99356784618854, 28.599843363570034 ], [ -105.9932983516033, 28.599843363570034 ], [ -105.9932983516033, 28.600112858155271 ], [ -105.99356784618854, 28.600112858155271 ] ] ] ] } },
{ "type": "Feature", "properties": { "ZONA_MET": "Chihuahua", "INTENSIDAD": "Intensa", "T_PROM_POL": 4.0, "T_MIN_CIUD": 1.0, "DIF_TERMIC": 2.0 }, "geometry": { "type": "MultiPolygon", "coordinates": [ [ [ [ -105.932662069925229, 28.599034879814326 ], [ -105.931045102413819, 28.599034879814326 ], [ -105.931045102413819, 28.59876538522909 ], [ -105.931584091584298, 28.59876538522909 ], [ -105.931584091584298, 28.598226396058621 ], [ -105.932123080754764, 28.598226396058621 ], [ -105.932123080754764, 28.598495890643857 ], [ -105.932392575340003, 28.598495890643857 ], [ -105.932392575340003, 28.598226396058621 ], [ -105.933470553680948, 28.598226396058621 ], [ -105.933470553680948, 28.597956901473385 ], [ -105.934009542851413, 28.597956901473385 ], [ -105.934009542851413, 28.598226396058621 ], [ -105.933740048266174, 28.598226396058621 ], [ -105.933740048266174, 28.598495890643857 ], [ -105.933470553680948, 28.598495890643857 ], [ -105.933470553680948, 28.59876538522909 ], [ -105.932662069925229, 28.59876538522909 ], [ -105.932662069925229, 28.599034879814326 ] ] ] ] } },
{ "type": "Feature", "properties": { "ZONA_MET": "Chihuahua", "INTENSIDAD": "Intensa", "T_PROM_POL": 4.0, "T_MIN_CIUD": 1.0, "DIF_TERMIC": 2.0 }, "geometry": { "type": "MultiPolygon", "coordinates": [ [ [ [ -105.980632106097218, 28.599034879814326 ], [ -105.980093116926739, 28.599034879814326 ], [ -105.980093116926739, 28.59876538522909 ], [ -105.979015138585808, 28.59876538522909 ], [ -105.979015138585808, 28.598495890643857 ], [ -105.978745644000568, 28.598495890643857 ], [ -105.978745644000568, 28.597956901473385 ], [ -105.978476149415329, 28.597956901473385 ], [ -105.978476149415329, 28.597417912302912 ], [ -105.979284633171034, 28.597417912302912 ], [ -105.979284633171034, 28.597687406888149 ], [ -105.980093116926739, 28.597687406888149 ], [ -105.980093116926739, 28.597956901473385 ], [ -105.981440589852923, 28.597956901473385 ], [ -105.981440589852923, 28.597417912302912 ], [ -105.981979579023402, 28.597417912302912 ], [ -105.981979579023402, 28.598226396058621 ], [ -105.982249073608628, 28.598226396058621 ], [ -105.982249073608628, 28.597956901473385 ], [ -105.982518568193868, 28.597956901473385 ], [ -105.982518568193868, 28.598226396058621 ], [ -105.983057557364333, 28.598226396058621 ], [ -105.983057557364333, 28.598495890643857 ], [ -105.980632106097218, 28.598495890643857 ], [ -105.980632106097218, 28.599034879814326 ] ], [ [ -105.979284633171034, 28.598226396058621 ], [ -105.979284633171034, 28.597956901473385 ], [ -105.979015138585808, 28.597956901473385 ], [ -105.979015138585808, 28.598226396058621 ], [ -105.979284633171034, 28.598226396058621 ] ] ] ] } },
{ "type": "Feature", "properties": { "ZONA_MET": "Chihuahua", "INTENSIDAD": "Intensa", "T_PROM_POL": 3.0, "T_MIN_CIUD": 1.0, "DIF_TERMIC": 2.0 }, "geometry": { "type": "MultiPolygon", "coordinates": [ [ [ [ -106.031566582706787, 28.59876538522909 ], [ -106.031027593536322, 28.59876538522909 ], [ -106.031027593536322, 28.598226396058621 ], [ -106.030758098951083, 28.598226396058621 ], [ -106.030758098951083, 28.598495890643857 ], [ -106.030488604365843, 28.598495890643857 ], [ -106.030488604365843, 28.598226396058621 ], [ -106.029680120610138, 28.598226396058621 ], [ -106.029680120610138, 28.597956901473385 ], [ -106.029410626024912, 28.597956901473385 ], [ -106.029410626024912, 28.597687406888149 ], [ -106.029141131439673, 28.597687406888149 ], [ -106.029141131439673, 28.597148417717676 ], [ -106.029949615195378, 28.597148417717676 ], [ -106.029949615195378, 28.597956901473385 ], [ -106.031027593536322, 28.597956901473385 ], [ -106.031027593536322, 28.597687406888149 ], [ -106.031297088121562, 28.597687406888149 ], [ -106.031297088121562, 28.597956901473385 ], [ -106.031836077292027, 28.597956901473385 ], [ -106.031836077292027, 28.598495890643857 ], [ -106.031566582706787, 28.598495890643857 ], [ -106.031566582706787, 28.59876538522909 ] ] ] ] } },
{ "type": "Feature", "properties": { "ZONA_MET": "Chihuahua", "INTENSIDAD": "Intensa", "T_PROM_POL": 3.0, "T_MIN_CIUD": 1.0, "DIF_TERMIC": 2.0 }, "geometry": { "type": "MultiPolygon", "coordinates": [ [ [ [ -105.937243477874247, 28.59876538522909 ], [ -105.935896004948063, 28.59876538522909 ], [ -105.935896004948063, 28.598495890643857 ], [ -105.936165499533303, 28.598495890643857 ], [ -105.936165499533303, 28.598226396058621 ], [ -105.936434994118542, 28.598226396058621 ], [ -105.936434994118542, 28.597956901473385 ], [ -105.936165499533303, 28.597956901473385 ], [ -105.936165499533303, 28.597687406888149 ], [ -105.935896004948063, 28.597687406888149 ], [ -105.935896004948063, 28.597417912302912 ], [ -105.935357015777598, 28.597417912302912 ], [ -105.935357015777598, 28.597687406888149 ], [ -105.934548532021893, 28.597687406888149 ], [ -105.934548532021893, 28.597417912302912 ], [ -105.935087521192358, 28.597417912302912 ], [ -105.935087521192358, 28.597148417717676 ], [ -105.935357015777598, 28.597148417717676 ], [ -105.935357015777598, 28.59687892313244 ], [ -105.936165499533303, 28.59687892313244 ], [ -105.936165499533303, 28.597148417717676 ], [ -105.936434994118542, 28.597148417717676 ], [ -105.936434994118542, 28.597417912302912 ], [ -105.936704488703768, 28.597417912302912 ], [ -105.936704488703768, 28.598226396058621 ], [ -105.937243477874247, 28.598226396058621 ], [ -105.937243477874247, 28.59876538522909 ] ] ] ] } },
{ "type": "Feature", "properties": { "ZONA_MET": "Chihuahua", "INTENSIDAD": "Extrema", "T_PROM_POL": 4.0, "T_MIN_CIUD": 1.0, "DIF_TERMIC": 2.0 }, "geometry": { "type": "MultiPolygon", "coordinates": [ [ [ [ -105.978476149415329, 28.598495890643857 ], [ -105.978206654830089, 28.598495890643857 ], [ -105.978206654830089, 28.597956901473385 ], [ -105.977937160244863, 28.597956901473385 ], [ -105.977937160244863, 28.597687406888149 ], [ -105.977128676489144, 28.597687406888149 ], [ -105.977128676489144, 28.598226396058621 ], [ -105.976859181903919, 28.598226396058621 ], [ -105.976859181903919, 28.597956901473385 ], [ -105.976589687318679, 28.597956901473385 ], [ -105.976589687318679, 28.597417912302912 ], [ -105.976050698148214, 28.597417912302912 ], [ -105.976050698148214, 28.59687892313244 ], [ -105.977128676489144, 28.59687892313244 ], [ -105.977128676489144, 28.597148417717676 ], [ -105.977937160244863, 28.597148417717676 ], [ -105.977937160244863, 28.597417912302912 ], [ -105.978476149415329, 28.597417912302912 ], [ -105.978476149415329, 28.597956901473385 ], [ -105.978745644000568, 28.597956901473385 ], [ -105.978745644000568, 28.598226396058621 ], [ -105.978476149415329, 28.598226396058621 ], [ -105.978476149415329, 28.598495890643857 ] ], [ [ -105.977128676489144, 28.597687406888149 ], [ -105.977128676489144, 28.597417912302912 ], [ -105.976859181903919, 28.597417912302912 ], [ -105.976859181903919, 28.597687406888149 ], [ -105.977128676489144, 28.597687406888149 ] ] ] ] } },
{ "type": "Feature", "properties": { "ZONA_MET": "Chihuahua", "INTENSIDAD": "Intensa", "T_PROM_POL": 3.0, "T_MIN_CIUD": 1.0, "DIF_TERMIC": 2.0 }, "geometry": { "type": "MultiPolygon", "coordinates": [ [ [ [ -105.9932983516033, 28.599034879814326 ], [ -105.992489867847596, 28.599034879814326 ], [ -105.992489867847596, 28.59876538522909 ], [ -105.993028857018061, 28.59876538522909 ], [ -105.993028857018061, 28.598495890643857 ], [ -105.992489867847596, 28.598495890643857 ], [ -105.992489867847596, 28.598226396058621 ], [ -105.992759362432835, 28.598226396058621 ], [ -105.992759362432835, 28.597417912302912 ], [ -105.991950878677116, 28.597417912302912 ], [ -105.991950878677116, 28.597148417717676 ], [ -105.991681384091891, 28.597148417717676 ], [ -105.991681384091891, 28.59687892313244 ], [ -105.991950878677116, 28.59687892313244 ], [ -105.991950878677116, 28.596609428547204 ], [ -105.991681384091891, 28.596609428547204 ], [ -105.991681384091891, 28.596339933961968 ], [ -105.992220373262356, 28.596339933961968 ], [ -105.992220373262356, 28.59687892313244 ], [ -105.992489867847596, 28.59687892313244 ], [ -105.992489867847596, 28.597148417717676 ], [ -105.993028857018061, 28.597148417717676 ], [ -105.993028857018061, 28.59687892313244 ], [ -105.9932983516033, 28.59687892313244 ], [ -105.9932983516033, 28.597956901473385 ], [ -105.99383734077378, 28.597956901473385 ], [ -105.99383734077378, 28.597417912302912 ], [ -105.994106835359005, 28.597417912302912 ], [ -105.994106835359005, 28.598226396058621 ], [ -105.99356784618854, 28.598226396058621 ], [ -105.99356784618854, 28.59876538522909 ], [ -105.9932983516033, 28.59876538522909 ], [ -105.9932983516033, 28.599034879814326 ] ] ] ] } },
{ "type": "Feature", "properties": { "ZONA_MET": "Chihuahua", "INTENSIDAD": "Intensa", "T_PROM_POL": 3.0, "T_MIN_CIUD": 1.0, "DIF_TERMIC": 2.0 }, "geometry": { "type": "MultiPolygon", "coordinates": [ [ [ [ -106.020517304712129, 28.597148417717676 ], [ -106.01970882095641, 28.597148417717676 ], [ -106.01970882095641, 28.59687892313244 ], [ -106.019169831785945, 28.59687892313244 ], [ -106.019169831785945, 28.596339933961968 ], [ -106.019439326371185, 28.596339933961968 ], [ -106.019439326371185, 28.596609428547204 ], [ -106.020247810126889, 28.596609428547204 ], [ -106.020247810126889, 28.596339933961968 ], [ -106.020786799297355, 28.596339933961968 ], [ -106.020786799297355, 28.596609428547204 ], [ -106.021325788467834, 28.596609428547204 ], [ -106.021325788467834, 28.59687892313244 ], [ -106.020517304712129, 28.59687892313244 ], [ -106.020517304712129, 28.597148417717676 ] ] ] ] } },
{ "type": "Feature", "properties": { "ZONA_MET": "Chihuahua", "INTENSIDAD": "Intensa", "T_PROM_POL": 4.0, "T_MIN_CIUD": 1.0, "DIF_TERMIC": 2.0 }, "geometry": { "type": "MultiPolygon", "coordinates": [ [ [ [ -105.988986438239522, 28.600382352740507 ], [ -105.987908459898591, 28.600382352740507 ], [ -105.987908459898591, 28.600112858155271 ], [ -105.987099976142872, 28.600112858155271 ], [ -105.987099976142872, 28.599843363570034 ], [ -105.986291492387167, 28.599843363570034 ], [ -105.986291492387167, 28.600382352740507 ], [ -105.986021997801927, 28.600382352740507 ], [ -105.986021997801927, 28.599573868984798 ], [ -105.985213514046222, 28.599573868984798 ], [ -105.985213514046222, 28.599304374399562 ], [ -105.984944019460997, 28.599304374399562 ], [ -105.984944019460997, 28.599034879814326 ], [ -105.984405030290517, 28.599034879814326 ], [ -105.984405030290517, 28.59876538522909 ], [ -105.984135535705278, 28.59876538522909 ], [ -105.984135535705278, 28.598495890643857 ], [ -105.983866041120052, 28.598495890643857 ], [ -105.983866041120052, 28.598226396058621 ], [ -105.984674524875757, 28.598226396058621 ], [ -105.984674524875757, 28.597956901473385 ], [ -105.984944019460997, 28.597956901473385 ], [ -105.984944019460997, 28.597148417717676 ], [ -105.984674524875757, 28.597148417717676 ], [ -105.984674524875757, 28.596070439376732 ], [ -105.984944019460997, 28.596070439376732 ], [ -105.984944019460997, 28.596609428547204 ], [ -105.986291492387167, 28.596609428547204 ], [ -105.986291492387167, 28.59687892313244 ], [ -105.986560986972407, 28.59687892313244 ], [ -105.986560986972407, 28.597417912302912 ], [ -105.987099976142872, 28.597417912302912 ], [ -105.987099976142872, 28.597956901473385 ], [ -105.986830481557647, 28.597956901473385 ], [ -105.986830481557647, 28.598226396058621 ], [ -105.986291492387167, 28.598226396058621 ], [ -105.986291492387167, 28.598495890643857 ], [ -105.986830481557647, 28.598495890643857 ], [ -105.986830481557647, 28.599034879814326 ], [ -105.986560986972407, 28.599034879814326 ], [ -105.986560986972407, 28.599304374399562 ], [ -105.987099976142872, 28.599304374399562 ], [ -105.987099976142872, 28.59876538522909 ], [ -105.987638965313351, 28.59876538522909 ], [ -105.987638965313351, 28.598495890643857 ], [ -105.987908459898591, 28.598495890643857 ], [ -105.987908459898591, 28.59876538522909 ], [ -105.988177954483817, 28.59876538522909 ], [ -105.988177954483817, 28.599034879814326 ], [ -105.988447449069056, 28.599034879814326 ], [ -105.988447449069056, 28.59876538522909 ], [ -105.988716943654296, 28.59876538522909 ], [ -105.988716943654296, 28.599304374399562 ], [ -105.988986438239522, 28.599304374399562 ], [ -105.988986438239522, 28.600382352740507 ] ], [ [ -105.988716943654296, 28.600112858155271 ], [ -105.988716943654296, 28.599843363570034 ], [ -105.988447449069056, 28.599843363570034 ], [ -105.988447449069056, 28.600112858155271 ], [ -105.988716943654296, 28.600112858155271 ] ], [ [ -105.988447449069056, 28.599573868984798 ], [ -105.988447449069056, 28.599304374399562 ], [ -105.988177954483817, 28.599304374399562 ], [ -105.988177954483817, 28.599573868984798 ], [ -105.988447449069056, 28.599573868984798 ] ], [ [ -105.987908459898591, 28.599573868984798 ], [ -105.987908459898591, 28.599304374399562 ], [ -105.987369470728112, 28.599304374399562 ], [ -105.987369470728112, 28.599573868984798 ], [ -105.987908459898591, 28.599573868984798 ] ], [ [ -105.986021997801927, 28.597956901473385 ], [ -105.986021997801927, 28.597687406888149 ], [ -105.985752503216702, 28.597687406888149 ], [ -105.985752503216702, 28.597956901473385 ], [ -105.986021997801927, 28.597956901473385 ] ] ] ] } },
{ "type": "Feature", "properties": { "ZONA_MET": "Chihuahua", "INTENSIDAD": "Extrema", "T_PROM_POL": 4.0, "T_MIN_CIUD": 1.0, "DIF_TERMIC": 2.0 }, "geometry": { "type": "MultiPolygon", "coordinates": [ [ [ [ -105.973625246881085, 28.598226396058621 ], [ -105.97281676312538, 28.598226396058621 ], [ -105.97281676312538, 28.597956901473385 ], [ -105.973086257710619, 28.597956901473385 ], [ -105.973086257710619, 28.597687406888149 ], [ -105.973355752295845, 28.597687406888149 ], [ -105.973355752295845, 28.597417912302912 ], [ -105.973086257710619, 28.597417912302912 ], [ -105.973086257710619, 28.59687892313244 ], [ -105.973355752295845, 28.59687892313244 ], [ -105.973355752295845, 28.596609428547204 ], [ -105.97254726854014, 28.596609428547204 ], [ -105.97254726854014, 28.597148417717676 ], [ -105.97281676312538, 28.597148417717676 ], [ -105.97281676312538, 28.597417912302912 ], [ -105.9722777739549, 28.597417912302912 ], [ -105.9722777739549, 28.596339933961968 ], [ -105.971738784784435, 28.596339933961968 ], [ -105.971738784784435, 28.596070439376732 ], [ -105.971469290199195, 28.596070439376732 ], [ -105.971469290199195, 28.596339933961968 ], [ -105.971199795613956, 28.596339933961968 ], [ -105.971199795613956, 28.596070439376732 ], [ -105.970121817273025, 28.596070439376732 ], [ -105.970121817273025, 28.595800944791495 ], [ -105.968235355176361, 28.595800944791495 ], [ -105.968235355176361, 28.595531450206263 ], [ -105.967965860591136, 28.595531450206263 ], [ -105.967965860591136, 28.595261955621027 ], [ -105.967426871420656, 28.595261955621027 ], [ -105.967426871420656, 28.59499246103579 ], [ -105.968235355176361, 28.59499246103579 ], [ -105.968235355176361, 28.595261955621027 ], [ -105.969852322687785, 28.595261955621027 ], [ -105.969852322687785, 28.595531450206263 ], [ -105.970391311858251, 28.595531450206263 ], [ -105.970391311858251, 28.59499246103579 ], [ -105.97093030102873, 28.59499246103579 ], [ -105.97093030102873, 28.595800944791495 ], [ -105.972008279369675, 28.595800944791495 ], [ -105.972008279369675, 28.596070439376732 ], [ -105.9722777739549, 28.596070439376732 ], [ -105.9722777739549, 28.595531450206263 ], [ -105.97254726854014, 28.595531450206263 ], [ -105.97254726854014, 28.595261955621027 ], [ -105.97281676312538, 28.595261955621027 ], [ -105.97281676312538, 28.596070439376732 ], [ -105.973625246881085, 28.596070439376732 ], [ -105.973625246881085, 28.596339933961968 ], [ -105.97443373063679, 28.596339933961968 ], [ -105.97443373063679, 28.596609428547204 ], [ -105.975511708977734, 28.596609428547204 ], [ -105.975511708977734, 28.59687892313244 ], [ -105.975781203562974, 28.59687892313244 ], [ -105.975781203562974, 28.597148417717676 ], [ -105.975242214392495, 28.597148417717676 ], [ -105.975242214392495, 28.59687892313244 ], [ -105.974703225222029, 28.59687892313244 ], [ -105.974703225222029, 28.597417912302912 ], [ -105.97443373063679, 28.597417912302912 ], [ -105.97443373063679, 28.597956901473385 ], [ -105.973625246881085, 28.597956901473385 ], [ -105.973625246881085, 28.598226396058621 ] ], [ [ -105.97443373063679, 28.597148417717676 ], [ -105.97443373063679, 28.59687892313244 ], [ -105.97416423605155, 28.59687892313244 ], [ -105.97416423605155, 28.597148417717676 ], [ -105.97443373063679, 28.597148417717676 ] ] ] ] } },
{ "type": "Feature", "properties": { "ZONA_MET": "Chihuahua", "INTENSIDAD": "Intensa", "T_PROM_POL": 4.0, "T_MIN_CIUD": 1.0, "DIF_TERMIC": 2.0 }, "geometry": { "type": "MultiPolygon", "coordinates": [ [ [ [ -105.99572380287043, 28.597956901473385 ], [ -105.99545430828519, 28.597956901473385 ], [ -105.99545430828519, 28.597417912302912 ], [ -105.99572380287043, 28.597417912302912 ], [ -105.99572380287043, 28.597148417717676 ], [ -105.995993297455655, 28.597148417717676 ], [ -105.995993297455655, 28.59687892313244 ], [ -105.996532286626135, 28.59687892313244 ], [ -105.996532286626135, 28.596070439376732 ], [ -105.9970712757966, 28.596070439376732 ], [ -105.9970712757966, 28.595531450206263 ], [ -105.998418748722784, 28.595531450206263 ], [ -105.998418748722784, 28.595261955621027 ], [ -105.998957737893249, 28.595261955621027 ], [ -105.998957737893249, 28.59499246103579 ], [ -106.000305210819434, 28.59499246103579 ], [ -106.000305210819434, 28.594722966450554 ], [ -106.001113694575139, 28.594722966450554 ], [ -106.001113694575139, 28.59499246103579 ], [ -106.000574705404674, 28.59499246103579 ], [ -106.000574705404674, 28.595261955621027 ], [ -106.000035716234194, 28.595261955621027 ], [ -106.000035716234194, 28.595531450206263 ], [ -105.998957737893249, 28.595531450206263 ], [ -105.998957737893249, 28.595800944791495 ], [ -105.998418748722784, 28.595800944791495 ], [ -105.998418748722784, 28.596070439376732 ], [ -105.997879759552305, 28.596070439376732 ], [ -105.997879759552305, 28.596339933961968 ], [ -105.9970712757966, 28.596339933961968 ], [ -105.9970712757966, 28.59687892313244 ], [ -105.996801781211374, 28.59687892313244 ], [ -105.996801781211374, 28.597148417717676 ], [ -105.996532286626135, 28.597148417717676 ], [ -105.996532286626135, 28.597417912302912 ], [ -105.995993297455655, 28.597417912302912 ], [ -105.995993297455655, 28.597687406888149 ], [ -105.99572380287043, 28.597687406888149 ], [ -105.99572380287043, 28.597956901473385 ] ] ] ] } },
{ "type": "Feature", "properties": { "ZONA_MET": "Chihuahua", "INTENSIDAD": "Intensa", "T_PROM_POL": 3.0, "T_MIN_CIUD": 1.0, "DIF_TERMIC": 2.0 }, "geometry": { "type": "MultiPolygon", "coordinates": [ [ [ [ -106.003539145842268, 28.596339933961968 ], [ -106.003269651257028, 28.596339933961968 ], [ -106.003269651257028, 28.59499246103579 ], [ -106.002730662086563, 28.59499246103579 ], [ -106.002730662086563, 28.594453471865318 ], [ -106.003269651257028, 28.594453471865318 ], [ -106.003269651257028, 28.594722966450554 ], [ -106.004078135012733, 28.594722966450554 ], [ -106.004078135012733, 28.594453471865318 ], [ -106.004347629597973, 28.594453471865318 ], [ -106.004347629597973, 28.595261955621027 ], [ -106.003539145842268, 28.595261955621027 ], [ -106.003539145842268, 28.596339933961968 ] ] ] ] } },
{ "type": "Feature", "properties": { "ZONA_MET": "Chihuahua", "INTENSIDAD": "Intensa", "T_PROM_POL": 4.0, "T_MIN_CIUD": 1.0, "DIF_TERMIC": 2.0 }, "geometry": { "type": "MultiPolygon", "coordinates": [ [ [ [ -105.984674524875757, 28.596070439376732 ], [ -105.984405030290517, 28.596070439376732 ], [ -105.984405030290517, 28.595531450206263 ], [ -105.983866041120052, 28.595531450206263 ], [ -105.983866041120052, 28.595261955621027 ], [ -105.983057557364333, 28.595261955621027 ], [ -105.983057557364333, 28.595531450206263 ], [ -105.982788062779107, 28.595531450206263 ], [ -105.982788062779107, 28.595800944791495 ], [ -105.982518568193868, 28.595800944791495 ], [ -105.982518568193868, 28.594722966450554 ], [ -105.981440589852923, 28.594722966450554 ], [ -105.981440589852923, 28.594453471865318 ], [ -105.982788062779107, 28.594453471865318 ], [ -105.982788062779107, 28.594722966450554 ], [ -105.983057557364333, 28.594722966450554 ], [ -105.983057557364333, 28.594453471865318 ], [ -105.983327051949573, 28.594453471865318 ], [ -105.983327051949573, 28.594722966450554 ], [ -105.983596546534812, 28.594722966450554 ], [ -105.983596546534812, 28.594453471865318 ], [ -105.984405030290517, 28.594453471865318 ], [ -105.984405030290517, 28.594722966450554 ], [ -105.984944019460997, 28.594722966450554 ], [ -105.984944019460997, 28.59499246103579 ], [ -105.984674524875757, 28.59499246103579 ], [ -105.984674524875757, 28.595531450206263 ], [ -105.984944019460997, 28.595531450206263 ], [ -105.984944019460997, 28.595800944791495 ], [ -105.984674524875757, 28.595800944791495 ], [ -105.984674524875757, 28.596070439376732 ] ] ] ] } },
{ "type": "Feature", "properties": { "ZONA_MET": "Chihuahua", "INTENSIDAD": "Intensa", "T_PROM_POL": 4.0, "T_MIN_CIUD": 1.0, "DIF_TERMIC": 2.0 }, "geometry": { "type": "MultiPolygon", "coordinates": [ [ [ [ -105.966348893079712, 28.596339933961968 ], [ -105.965809903909246, 28.596339933961968 ], [ -105.965809903909246, 28.596070439376732 ], [ -105.965540409324007, 28.596070439376732 ], [ -105.965540409324007, 28.595800944791495 ], [ -105.965270914738767, 28.595800944791495 ], [ -105.965270914738767, 28.595261955621027 ], [ -105.965001420153541, 28.595261955621027 ], [ -105.965001420153541, 28.595531450206263 ], [ -105.964462430983062, 28.595531450206263 ], [ -105.964462430983062, 28.595261955621027 ], [ -105.964731925568302, 28.595261955621027 ], [ -105.964731925568302, 28.594722966450554 ], [ -105.965001420153541, 28.594722966450554 ], [ -105.965001420153541, 28.594453471865318 ], [ -105.965270914738767, 28.594453471865318 ], [ -105.965270914738767, 28.594183977280082 ], [ -105.965540409324007, 28.594183977280082 ], [ -105.965540409324007, 28.594453471865318 ], [ -105.965809903909246, 28.594453471865318 ], [ -105.965809903909246, 28.594722966450554 ], [ -105.966079398494486, 28.594722966450554 ], [ -105.966079398494486, 28.59499246103579 ], [ -105.967426871420656, 28.59499246103579 ], [ -105.967426871420656, 28.595261955621027 ], [ -105.967965860591136, 28.595261955621027 ], [ -105.967965860591136, 28.595531450206263 ], [ -105.968235355176361, 28.595531450206263 ], [ -105.968235355176361, 28.596070439376732 ], [ -105.967696366005896, 28.596070439376732 ], [ -105.967696366005896, 28.595800944791495 ], [ -105.967157376835431, 28.595800944791495 ], [ -105.967157376835431, 28.596070439376732 ], [ -105.966887882250191, 28.596070439376732 ], [ -105.966887882250191, 28.595800944791495 ], [ -105.966348893079712, 28.595800944791495 ], [ -105.966348893079712, 28.596339933961968 ] ], [ [ -105.966348893079712, 28.595800944791495 ], [ -105.966348893079712, 28.595531450206263 ], [ -105.966079398494486, 28.595531450206263 ], [ -105.966079398494486, 28.595800944791495 ], [ -105.966348893079712, 28.595800944791495 ] ] ] ] } },
{ "type": "Feature", "properties": { "ZONA_MET": "Chihuahua", "INTENSIDAD": "Intensa", "T_PROM_POL": 4.0, "T_MIN_CIUD": 1.0, "DIF_TERMIC": 2.0 }, "geometry": { "type": "MultiPolygon", "coordinates": [ [ [ [ -105.994376329944245, 28.594453471865318 ], [ -105.99383734077378, 28.594453471865318 ], [ -105.99383734077378, 28.594183977280082 ], [ -105.994106835359005, 28.594183977280082 ], [ -105.994106835359005, 28.593914482694846 ], [ -105.992220373262356, 28.593914482694846 ], [ -105.992220373262356, 28.59364498810961 ], [ -105.991950878677116, 28.59364498810961 ], [ -105.991950878677116, 28.593914482694846 ], [ -105.991411889506651, 28.593914482694846 ], [ -105.991411889506651, 28.59364498810961 ], [ -105.991142394921411, 28.59364498810961 ], [ -105.991142394921411, 28.593914482694846 ], [ -105.990603405750946, 28.593914482694846 ], [ -105.990603405750946, 28.59364498810961 ], [ -105.990333911165706, 28.59364498810961 ], [ -105.990333911165706, 28.593105998939137 ], [ -105.990064416580466, 28.593105998939137 ], [ -105.990064416580466, 28.592567009768665 ], [ -105.990603405750946, 28.592567009768665 ], [ -105.990603405750946, 28.593105998939137 ], [ -105.991681384091891, 28.593105998939137 ], [ -105.991681384091891, 28.592567009768665 ], [ -105.991950878677116, 28.592567009768665 ], [ -105.991950878677116, 28.592297515183432 ], [ -105.992759362432835, 28.592297515183432 ], [ -105.992759362432835, 28.592567009768665 ], [ -105.9932983516033, 28.592567009768665 ], [ -105.9932983516033, 28.592297515183432 ], [ -105.994106835359005, 28.592297515183432 ], [ -105.994106835359005, 28.592836504353901 ], [ -105.994376329944245, 28.592836504353901 ], [ -105.994376329944245, 28.59364498810961 ], [ -105.994645824529485, 28.59364498810961 ], [ -105.994645824529485, 28.594183977280082 ], [ -105.994376329944245, 28.594183977280082 ], [ -105.994376329944245, 28.594453471865318 ] ], [ [ -105.99356784618854, 28.593375493524373 ], [ -105.99356784618854, 28.593105998939137 ], [ -105.992759362432835, 28.593105998939137 ], [ -105.992759362432835, 28.593375493524373 ], [ -105.99356784618854, 28.593375493524373 ] ], [ [ -105.992489867847596, 28.593105998939137 ], [ -105.992489867847596, 28.592567009768665 ], [ -105.991950878677116, 28.592567009768665 ], [ -105.991950878677116, 28.593105998939137 ], [ -105.992489867847596, 28.593105998939137 ] ] ] ] } },
{ "type": "Feature", "properties": { "ZONA_MET": "Chihuahua", "INTENSIDAD": "Extrema", "T_PROM_POL": 4.0, "T_MIN_CIUD": 1.0, "DIF_TERMIC": 2.0 }, "geometry": { "type": "MultiPolygon", "coordinates": [ [ [ [ -105.955569109670279, 28.59364498810961 ], [ -105.954760625914574, 28.59364498810961 ], [ -105.954760625914574, 28.593375493524373 ], [ -105.955030120499814, 28.593375493524373 ], [ -105.955030120499814, 28.593105998939137 ], [ -105.954760625914574, 28.593105998939137 ], [ -105.954760625914574, 28.592567009768665 ], [ -105.954491131329334, 28.592567009768665 ], [ -105.954491131329334, 28.592836504353901 ], [ -105.954221636744109, 28.592836504353901 ], [ -105.954221636744109, 28.593375493524373 ], [ -105.954491131329334, 28.593375493524373 ], [ -105.954491131329334, 28.59364498810961 ], [ -105.953952142158869, 28.59364498810961 ], [ -105.953952142158869, 28.593105998939137 ], [ -105.953413152988389, 28.593105998939137 ], [ -105.953413152988389, 28.592567009768665 ], [ -105.953682647573629, 28.592567009768665 ], [ -105.953682647573629, 28.592836504353901 ], [ -105.953952142158869, 28.592836504353901 ], [ -105.953952142158869, 28.592028020598196 ], [ -105.953413152988389, 28.592028020598196 ], [ -105.953413152988389, 28.59175852601296 ], [ -105.954221636744109, 28.59175852601296 ], [ -105.954221636744109, 28.592028020598196 ], [ -105.954760625914574, 28.592028020598196 ], [ -105.954760625914574, 28.59175852601296 ], [ -105.955299615085053, 28.59175852601296 ], [ -105.955299615085053, 28.592567009768665 ], [ -105.955569109670279, 28.592567009768665 ], [ -105.955569109670279, 28.592297515183432 ], [ -105.955838604255518, 28.592297515183432 ], [ -105.955838604255518, 28.592567009768665 ], [ -105.956108098840758, 28.592567009768665 ], [ -105.956108098840758, 28.593105998939137 ], [ -105.955838604255518, 28.593105998939137 ], [ -105.955838604255518, 28.593375493524373 ], [ -105.955569109670279, 28.593375493524373 ], [ -105.955569109670279, 28.59364498810961 ] ], [ [ -105.955569109670279, 28.593375493524373 ], [ -105.955569109670279, 28.592836504353901 ], [ -105.955299615085053, 28.592836504353901 ], [ -105.955299615085053, 28.593375493524373 ], [ -105.955569109670279, 28.593375493524373 ] ] ] ] } },
{ "type": "Feature", "properties": { "ZONA_MET": "Chihuahua", "INTENSIDAD": "Extrema", "T_PROM_POL": 4.0, "T_MIN_CIUD": 1.0, "DIF_TERMIC": 2.0 }, "geometry": { "type": "MultiPolygon", "coordinates": [ [ [ [ -105.949370734209865, 28.597417912302912 ], [ -105.949101239624625, 28.597417912302912 ], [ -105.949101239624625, 28.596339933961968 ], [ -105.948831745039385, 28.596339933961968 ], [ -105.948831745039385, 28.595800944791495 ], [ -105.948562250454145, 28.595800944791495 ], [ -105.948562250454145, 28.59364498810961 ], [ -105.94829275586892, 28.59364498810961 ], [ -105.94829275586892, 28.593105998939137 ], [ -105.948562250454145, 28.593105998939137 ], [ -105.948562250454145, 28.591489031427724 ], [ -105.949101239624625, 28.591489031427724 ], [ -105.949101239624625, 28.59175852601296 ], [ -105.948831745039385, 28.59175852601296 ], [ -105.948831745039385, 28.593105998939137 ], [ -105.949101239624625, 28.593105998939137 ], [ -105.949101239624625, 28.59364498810961 ], [ -105.948831745039385, 28.59364498810961 ], [ -105.948831745039385, 28.594722966450554 ], [ -105.949101239624625, 28.594722966450554 ], [ -105.949101239624625, 28.596070439376732 ], [ -105.949370734209865, 28.596070439376732 ], [ -105.949370734209865, 28.597417912302912 ] ] ] ] } },
{ "type": "Feature", "properties": { "ZONA_MET": "Chihuahua", "INTENSIDAD": "Intensa", "T_PROM_POL": 4.0, "T_MIN_CIUD": 1.0, "DIF_TERMIC": 2.0 }, "geometry": { "type": "MultiPolygon", "coordinates": [ [ [ [ -105.991950878677116, 28.599034879814326 ], [ -105.991681384091891, 28.599034879814326 ], [ -105.991681384091891, 28.59876538522909 ], [ -105.990064416580466, 28.59876538522909 ], [ -105.990064416580466, 28.597956901473385 ], [ -105.989794921995241, 28.597956901473385 ], [ -105.989794921995241, 28.597687406888149 ], [ -105.988447449069056, 28.597687406888149 ], [ -105.988447449069056, 28.59687892313244 ], [ -105.988716943654296, 28.59687892313244 ], [ -105.988716943654296, 28.595800944791495 ], [ -105.988447449069056, 28.595800944791495 ], [ -105.988447449069056, 28.595531450206263 ], [ -105.988177954483817, 28.595531450206263 ], [ -105.988177954483817, 28.595800944791495 ], [ -105.986830481557647, 28.595800944791495 ], [ -105.986830481557647, 28.594722966450554 ], [ -105.987099976142872, 28.594722966450554 ], [ -105.987099976142872, 28.594453471865318 ], [ -105.987369470728112, 28.594453471865318 ], [ -105.987369470728112, 28.595261955621027 ], [ -105.987908459898591, 28.595261955621027 ], [ -105.987908459898591, 28.594453471865318 ], [ -105.988177954483817, 28.594453471865318 ], [ -105.988177954483817, 28.594722966450554 ], [ -105.988447449069056, 28.594722966450554 ], [ -105.988447449069056, 28.593914482694846 ], [ -105.988716943654296, 28.593914482694846 ], [ -105.988716943654296, 28.59364498810961 ], [ -105.988447449069056, 28.59364498810961 ], [ -105.988447449069056, 28.593375493524373 ], [ -105.989255932824761, 28.593375493524373 ], [ -105.989255932824761, 28.592567009768665 ], [ -105.988447449069056, 28.592567009768665 ], [ -105.988447449069056, 28.59175852601296 ], [ -105.988716943654296, 28.59175852601296 ], [ -105.988716943654296, 28.591489031427724 ], [ -105.988447449069056, 28.591489031427724 ], [ -105.988447449069056, 28.590950042257251 ], [ -105.989255932824761, 28.590950042257251 ], [ -105.989255932824761, 28.592297515183432 ], [ -105.989525427410001, 28.592297515183432 ], [ -105.989525427410001, 28.592836504353901 ], [ -105.989794921995241, 28.592836504353901 ], [ -105.989794921995241, 28.593375493524373 ], [ -105.990064416580466, 28.593375493524373 ], [ -105.990064416580466, 28.593914482694846 ], [ -105.989255932824761, 28.593914482694846 ], [ -105.989255932824761, 28.594183977280082 ], [ -105.988986438239522, 28.594183977280082 ], [ -105.988986438239522, 28.594722966450554 ], [ -105.988716943654296, 28.594722966450554 ], [ -105.988716943654296, 28.595531450206263 ], [ -105.988986438239522, 28.595531450206263 ], [ -105.988986438239522, 28.596070439376732 ], [ -105.989255932824761, 28.596070439376732 ], [ -105.989255932824761, 28.596339933961968 ], [ -105.988986438239522, 28.596339933961968 ], [ -105.988986438239522, 28.59687892313244 ], [ -105.989525427410001, 28.59687892313244 ], [ -105.989525427410001, 28.596609428547204 ], [ -105.989794921995241, 28.596609428547204 ], [ -105.989794921995241, 28.59687892313244 ], [ -105.990064416580466, 28.59687892313244 ], [ -105.990064416580466, 28.597417912302912 ], [ -105.990603405750946, 28.597417912302912 ], [ -105.990603405750946, 28.598226396058621 ], [ -105.990872900336186, 28.598226396058621 ], [ -105.990872900336186, 28.598495890643857 ], [ -105.991142394921411, 28.598495890643857 ], [ -105.991142394921411, 28.598226396058621 ], [ -105.991411889506651, 28.598226396058621 ], [ -105.991411889506651, 28.598495890643857 ], [ -105.991950878677116, 28.598495890643857 ], [ -105.991950878677116, 28.599034879814326 ] ], [ [ -105.989255932824761, 28.593914482694846 ], [ -105.989255932824761, 28.59364498810961 ], [ -105.988986438239522, 28.59364498810961 ], [ -105.988986438239522, 28.593914482694846 ], [ -105.989255932824761, 28.593914482694846 ] ] ] ] } },
{ "type": "Feature", "properties": { "ZONA_MET": "Chihuahua", "INTENSIDAD": "Intensa", "T_PROM_POL": 3.0, "T_MIN_CIUD": 1.0, "DIF_TERMIC": 2.0 }, "geometry": { "type": "MultiPolygon", "coordinates": [ [ [ [ -106.039920914849105, 28.592297515183432 ], [ -106.039381925678626, 28.592297515183432 ], [ -106.039381925678626, 28.592028020598196 ], [ -106.0391124310934, 28.592028020598196 ], [ -106.0391124310934, 28.591489031427724 ], [ -106.038842936508161, 28.591489031427724 ], [ -106.038842936508161, 28.59175852601296 ], [ -106.038573441922921, 28.59175852601296 ], [ -106.038573441922921, 28.592297515183432 ], [ -106.038303947337695, 28.592297515183432 ], [ -106.038303947337695, 28.591219536842488 ], [ -106.0391124310934, 28.591219536842488 ], [ -106.0391124310934, 28.590950042257251 ], [ -106.039920914849105, 28.590950042257251 ], [ -106.039920914849105, 28.592297515183432 ] ] ] ] } },
{ "type": "Feature", "properties": { "ZONA_MET": "Chihuahua", "INTENSIDAD": "Intensa", "T_PROM_POL": 3.0, "T_MIN_CIUD": 1.0, "DIF_TERMIC": 2.0 }, "geometry": { "type": "MultiPolygon", "coordinates": [ [ [ [ -106.024829218075894, 28.59175852601296 ], [ -106.023751239734949, 28.59175852601296 ], [ -106.023751239734949, 28.591219536842488 ], [ -106.024290228905429, 28.591219536842488 ], [ -106.024290228905429, 28.590680547672015 ], [ -106.024829218075894, 28.590680547672015 ], [ -106.024829218075894, 28.590950042257251 ], [ -106.025368207246373, 28.590950042257251 ], [ -106.025368207246373, 28.591219536842488 ], [ -106.024829218075894, 28.591219536842488 ], [ -106.024829218075894, 28.59175852601296 ] ] ] ] } },
{ "type": "Feature", "properties": { "ZONA_MET": "Chihuahua", "INTENSIDAD": "Intensa", "T_PROM_POL": 4.0, "T_MIN_CIUD": 1.0, "DIF_TERMIC": 2.0 }, "geometry": { "type": "MultiPolygon", "coordinates": [ [ [ [ -106.068217846298865, 28.593375493524373 ], [ -106.067948351713625, 28.593375493524373 ], [ -106.067948351713625, 28.592836504353901 ], [ -106.068217846298865, 28.592836504353901 ], [ -106.068217846298865, 28.592567009768665 ], [ -106.068487340884104, 28.592567009768665 ], [ -106.068487340884104, 28.592297515183432 ], [ -106.068756835469344, 28.592297515183432 ], [ -106.068756835469344, 28.59175852601296 ], [ -106.069295824639809, 28.59175852601296 ], [ -106.069295824639809, 28.591489031427724 ], [ -106.069565319225049, 28.591489031427724 ], [ -106.069565319225049, 28.590950042257251 ], [ -106.070373802980754, 28.590950042257251 ], [ -106.070373802980754, 28.590680547672015 ], [ -106.070912792151219, 28.590680547672015 ], [ -106.070912792151219, 28.590411053086779 ], [ -106.073068748833109, 28.590411053086779 ], [ -106.073068748833109, 28.590680547672015 ], [ -106.073877232588814, 28.590680547672015 ], [ -106.073877232588814, 28.590950042257251 ], [ -106.074955210929758, 28.590950042257251 ], [ -106.074955210929758, 28.591219536842488 ], [ -106.075494200100238, 28.591219536842488 ], [ -106.075494200100238, 28.592028020598196 ], [ -106.075224705514998, 28.592028020598196 ], [ -106.075224705514998, 28.59175852601296 ], [ -106.074955210929758, 28.59175852601296 ], [ -106.074955210929758, 28.591489031427724 ], [ -106.074685716344533, 28.591489031427724 ], [ -106.074685716344533, 28.591219536842488 ], [ -106.073338243418348, 28.591219536842488 ], [ -106.073338243418348, 28.590950042257251 ], [ -106.070912792151219, 28.590950042257251 ], [ -106.070912792151219, 28.591219536842488 ], [ -106.070373802980754, 28.591219536842488 ], [ -106.070373802980754, 28.591489031427724 ], [ -106.070104308395514, 28.591489031427724 ], [ -106.070104308395514, 28.59175852601296 ], [ -106.069565319225049, 28.59175852601296 ], [ -106.069565319225049, 28.592567009768665 ], [ -106.069026330054569, 28.592567009768665 ], [ -106.069026330054569, 28.592836504353901 ], [ -106.068756835469344, 28.592836504353901 ], [ -106.068756835469344, 28.593105998939137 ], [ -106.068217846298865, 28.593105998939137 ], [ -106.068217846298865, 28.593375493524373 ] ] ] ] } },
{ "type": "Feature", "properties": { "ZONA_MET": "Chihuahua", "INTENSIDAD": "Intensa", "T_PROM_POL": 4.0, "T_MIN_CIUD": 1.0, "DIF_TERMIC": 2.0 }, "geometry": { "type": "MultiPolygon", "coordinates": [ [ [ [ -105.985752503216702, 28.592028020598196 ], [ -105.984944019460997, 28.592028020598196 ], [ -105.984944019460997, 28.59175852601296 ], [ -105.984405030290517, 28.59175852601296 ], [ -105.984405030290517, 28.591489031427724 ], [ -105.984944019460997, 28.591489031427724 ], [ -105.984944019460997, 28.590950042257251 ], [ -105.985213514046222, 28.590950042257251 ], [ -105.985213514046222, 28.590411053086779 ], [ -105.985483008631462, 28.590411053086779 ], [ -105.985483008631462, 28.591489031427724 ], [ -105.985752503216702, 28.591489031427724 ], [ -105.985752503216702, 28.590950042257251 ], [ -105.986291492387167, 28.590950042257251 ], [ -105.986291492387167, 28.591489031427724 ], [ -105.986560986972407, 28.591489031427724 ], [ -105.986560986972407, 28.59175852601296 ], [ -105.985752503216702, 28.59175852601296 ], [ -105.985752503216702, 28.592028020598196 ] ] ] ] } },
{ "type": "Feature", "properties": { "ZONA_MET": "Chihuahua", "INTENSIDAD": "Intensa", "T_PROM_POL": 3.0, "T_MIN_CIUD": 1.0, "DIF_TERMIC": 2.0 }, "geometry": { "type": "MultiPolygon", "coordinates": [ [ [ [ -106.0428853552867, 28.590950042257251 ], [ -106.041537882360515, 28.590950042257251 ], [ -106.041537882360515, 28.590141558501543 ], [ -106.04126838777529, 28.590141558501543 ], [ -106.04126838777529, 28.590411053086779 ], [ -106.04072939860481, 28.590411053086779 ], [ -106.04072939860481, 28.590141558501543 ], [ -106.04099889319005, 28.590141558501543 ], [ -106.04099889319005, 28.589872063916307 ], [ -106.04234636611622, 28.589872063916307 ], [ -106.04234636611622, 28.590411053086779 ], [ -106.04261586070146, 28.590411053086779 ], [ -106.04261586070146, 28.590680547672015 ], [ -106.0428853552867, 28.590680547672015 ], [ -106.0428853552867, 28.590950042257251 ] ], [ [ -106.042076871530995, 28.590411053086779 ], [ -106.042076871530995, 28.590141558501543 ], [ -106.041807376945755, 28.590141558501543 ], [ -106.041807376945755, 28.590411053086779 ], [ -106.042076871530995, 28.590411053086779 ] ] ] ] } },
{ "type": "Feature", "properties": { "ZONA_MET": "Chihuahua", "INTENSIDAD": "Intensa", "T_PROM_POL": 4.0, "T_MIN_CIUD": 1.0, "DIF_TERMIC": 2.0 }, "geometry": { "type": "MultiPolygon", "coordinates": [ [ [ [ -105.983057557364333, 28.59175852601296 ], [ -105.982518568193868, 28.59175852601296 ], [ -105.982518568193868, 28.590950042257251 ], [ -105.982788062779107, 28.590950042257251 ], [ -105.982788062779107, 28.590680547672015 ], [ -105.982518568193868, 28.590680547672015 ], [ -105.982518568193868, 28.590411053086779 ], [ -105.982788062779107, 28.590411053086779 ], [ -105.982788062779107, 28.589872063916307 ], [ -105.983057557364333, 28.589872063916307 ], [ -105.983057557364333, 28.590141558501543 ], [ -105.983327051949573, 28.590141558501543 ], [ -105.983327051949573, 28.590411053086779 ], [ -105.983596546534812, 28.590411053086779 ], [ -105.983596546534812, 28.590950042257251 ], [ -105.983327051949573, 28.590950042257251 ], [ -105.983327051949573, 28.591219536842488 ], [ -105.983057557364333, 28.591219536842488 ], [ -105.983057557364333, 28.59175852601296 ] ], [ [ -105.983327051949573, 28.590680547672015 ], [ -105.983327051949573, 28.590411053086779 ], [ -105.983057557364333, 28.590411053086779 ], [ -105.983057557364333, 28.590680547672015 ], [ -105.983327051949573, 28.590680547672015 ] ] ] ] } },
{ "type": "Feature", "properties": { "ZONA_MET": "Chihuahua", "INTENSIDAD": "Intensa", "T_PROM_POL": 4.0, "T_MIN_CIUD": 1.0, "DIF_TERMIC": 2.0 }, "geometry": { "type": "MultiPolygon", "coordinates": [ [ [ [ -105.991411889506651, 28.592567009768665 ], [ -105.990872900336186, 28.592567009768665 ], [ -105.990872900336186, 28.592297515183432 ], [ -105.990333911165706, 28.592297515183432 ], [ -105.990333911165706, 28.592028020598196 ], [ -105.989794921995241, 28.592028020598196 ], [ -105.989794921995241, 28.591489031427724 ], [ -105.990064416580466, 28.591489031427724 ], [ -105.990064416580466, 28.591219536842488 ], [ -105.990333911165706, 28.591219536842488 ], [ -105.990333911165706, 28.590950042257251 ], [ -105.990872900336186, 28.590950042257251 ], [ -105.990872900336186, 28.58960256933107 ], [ -105.991411889506651, 28.58960256933107 ], [ -105.991411889506651, 28.590411053086779 ], [ -105.991142394921411, 28.590411053086779 ], [ -105.991142394921411, 28.590950042257251 ], [ -105.991681384091891, 28.590950042257251 ], [ -105.991681384091891, 28.591219536842488 ], [ -105.992220373262356, 28.591219536842488 ], [ -105.992220373262356, 28.590680547672015 ], [ -105.992759362432835, 28.590680547672015 ], [ -105.992759362432835, 28.59175852601296 ], [ -105.992489867847596, 28.59175852601296 ], [ -105.992489867847596, 28.591489031427724 ], [ -105.992220373262356, 28.591489031427724 ], [ -105.992220373262356, 28.59175852601296 ], [ -105.991950878677116, 28.59175852601296 ], [ -105.991950878677116, 28.592297515183432 ], [ -105.991411889506651, 28.592297515183432 ], [ -105.991411889506651, 28.592567009768665 ] ], [ [ -105.990872900336186, 28.592028020598196 ], [ -105.990872900336186, 28.59175852601296 ], [ -105.990603405750946, 28.59175852601296 ], [ -105.990603405750946, 28.591489031427724 ], [ -105.990333911165706, 28.591489031427724 ], [ -105.990333911165706, 28.592028020598196 ], [ -105.990872900336186, 28.592028020598196 ] ] ] ] } },
{ "type": "Feature", "properties": { "ZONA_MET": "Chihuahua", "INTENSIDAD": "Intensa", "T_PROM_POL": 4.0, "T_MIN_CIUD": 1.0, "DIF_TERMIC": 2.0 }, "geometry": { "type": "MultiPolygon", "coordinates": [ [ [ [ -105.987638965313351, 28.591219536842488 ], [ -105.987369470728112, 28.591219536842488 ], [ -105.987369470728112, 28.590411053086779 ], [ -105.987099976142872, 28.590411053086779 ], [ -105.987099976142872, 28.590141558501543 ], [ -105.987369470728112, 28.590141558501543 ], [ -105.987369470728112, 28.58960256933107 ], [ -105.988716943654296, 28.58960256933107 ], [ -105.988716943654296, 28.589872063916307 ], [ -105.988177954483817, 28.589872063916307 ], [ -105.988177954483817, 28.590141558501543 ], [ -105.988447449069056, 28.590141558501543 ], [ -105.988447449069056, 28.590411053086779 ], [ -105.987908459898591, 28.590411053086779 ], [ -105.987908459898591, 28.590950042257251 ], [ -105.987638965313351, 28.590950042257251 ], [ -105.987638965313351, 28.591219536842488 ] ] ] ] } },
{ "type": "Feature", "properties": { "ZONA_MET": "Chihuahua", "INTENSIDAD": "Intensa", "T_PROM_POL": 3.0, "T_MIN_CIUD": 1.0, "DIF_TERMIC": 2.0 }, "geometry": { "type": "MultiPolygon", "coordinates": [ [ [ [ -106.023751239734949, 28.590411053086779 ], [ -106.022403766808779, 28.590411053086779 ], [ -106.022403766808779, 28.590141558501543 ], [ -106.022673261394004, 28.590141558501543 ], [ -106.022673261394004, 28.589872063916307 ], [ -106.022403766808779, 28.589872063916307 ], [ -106.022403766808779, 28.589333074745838 ], [ -106.022673261394004, 28.589333074745838 ], [ -106.022673261394004, 28.589063580160602 ], [ -106.022942755979244, 28.589063580160602 ], [ -106.022942755979244, 28.588794085575366 ], [ -106.023212250564484, 28.588794085575366 ], [ -106.023212250564484, 28.58960256933107 ], [ -106.022942755979244, 28.58960256933107 ], [ -106.022942755979244, 28.589872063916307 ], [ -106.023212250564484, 28.589872063916307 ], [ -106.023212250564484, 28.590141558501543 ], [ -106.023751239734949, 28.590141558501543 ], [ -106.023751239734949, 28.590411053086779 ] ] ] ] } },
{ "type": "Feature", "properties": { "ZONA_MET": "Chihuahua", "INTENSIDAD": "Intensa", "T_PROM_POL": 3.0, "T_MIN_CIUD": 1.0, "DIF_TERMIC": 2.0 }, "geometry": { "type": "MultiPolygon", "coordinates": [ [ [ [ -106.025907196416838, 28.590950042257251 ], [ -106.025368207246373, 28.590950042257251 ], [ -106.025368207246373, 28.590141558501543 ], [ -106.025098712661134, 28.590141558501543 ], [ -106.025098712661134, 28.589872063916307 ], [ -106.025637701831599, 28.589872063916307 ], [ -106.025637701831599, 28.58960256933107 ], [ -106.025368207246373, 28.58960256933107 ], [ -106.025368207246373, 28.589333074745838 ], [ -106.024829218075894, 28.589333074745838 ], [ -106.024829218075894, 28.58960256933107 ], [ -106.024559723490654, 28.58960256933107 ], [ -106.024559723490654, 28.588524590990129 ], [ -106.025098712661134, 28.588524590990129 ], [ -106.025098712661134, 28.588794085575366 ], [ -106.025368207246373, 28.588794085575366 ], [ -106.025368207246373, 28.589063580160602 ], [ -106.025637701831599, 28.589063580160602 ], [ -106.025637701831599, 28.589333074745838 ], [ -106.025907196416838, 28.589333074745838 ], [ -106.025907196416838, 28.58960256933107 ], [ -106.026176691002078, 28.58960256933107 ], [ -106.026176691002078, 28.589872063916307 ], [ -106.025907196416838, 28.589872063916307 ], [ -106.025907196416838, 28.590141558501543 ], [ -106.025637701831599, 28.590141558501543 ], [ -106.025637701831599, 28.590411053086779 ], [ -106.025907196416838, 28.590411053086779 ], [ -106.025907196416838, 28.590950042257251 ] ], [ [ -106.025098712661134, 28.589063580160602 ], [ -106.025098712661134, 28.588794085575366 ], [ -106.024829218075894, 28.588794085575366 ], [ -106.024829218075894, 28.589063580160602 ], [ -106.025098712661134, 28.589063580160602 ] ] ] ] } },
{ "type": "Feature", "properties": { "ZONA_MET": "Chihuahua", "INTENSIDAD": "Intensa", "T_PROM_POL": 3.0, "T_MIN_CIUD": 1.0, "DIF_TERMIC": 2.0 }, "geometry": { "type": "MultiPolygon", "coordinates": [ [ [ [ -106.022403766808779, 28.589333074745838 ], [ -106.022134272223539, 28.589333074745838 ], [ -106.022134272223539, 28.589063580160602 ], [ -106.02159528305306, 28.589063580160602 ], [ -106.02159528305306, 28.589333074745838 ], [ -106.021325788467834, 28.589333074745838 ], [ -106.021325788467834, 28.589063580160602 ], [ -106.020786799297355, 28.589063580160602 ], [ -106.020786799297355, 28.588794085575366 ], [ -106.021056293882594, 28.588794085575366 ], [ -106.021056293882594, 28.588524590990129 ], [ -106.020517304712129, 28.588524590990129 ], [ -106.020517304712129, 28.588794085575366 ], [ -106.020247810126889, 28.588794085575366 ], [ -106.020247810126889, 28.589063580160602 ], [ -106.01970882095641, 28.589063580160602 ], [ -106.01970882095641, 28.588794085575366 ], [ -106.019169831785945, 28.588794085575366 ], [ -106.019169831785945, 28.589063580160602 ], [ -106.018900337200705, 28.589063580160602 ], [ -106.018900337200705, 28.588255096404893 ], [ -106.018630842615465, 28.588255096404893 ], [ -106.018630842615465, 28.587985601819657 ], [ -106.019439326371185, 28.587985601819657 ], [ -106.019439326371185, 28.588255096404893 ], [ -106.020786799297355, 28.588255096404893 ], [ -106.020786799297355, 28.587985601819657 ], [ -106.021056293882594, 28.587985601819657 ], [ -106.021056293882594, 28.588255096404893 ], [ -106.02159528305306, 28.588255096404893 ], [ -106.02159528305306, 28.588794085575366 ], [ -106.022403766808779, 28.588794085575366 ], [ -106.022403766808779, 28.589333074745838 ] ] ] ] } },
{ "type": "Feature", "properties": { "ZONA_MET": "Chihuahua", "INTENSIDAD": "Intensa", "T_PROM_POL": 3.0, "T_MIN_CIUD": 1.0, "DIF_TERMIC": 2.0 }, "geometry": { "type": "MultiPolygon", "coordinates": [ [ [ [ -106.028602142269193, 28.58960256933107 ], [ -106.027793658513488, 28.58960256933107 ], [ -106.027793658513488, 28.589063580160602 ], [ -106.028332647683968, 28.589063580160602 ], [ -106.028332647683968, 28.587985601819657 ], [ -106.028602142269193, 28.587985601819657 ], [ -106.028602142269193, 28.588255096404893 ], [ -106.029410626024912, 28.588255096404893 ], [ -106.029410626024912, 28.588794085575366 ], [ -106.029141131439673, 28.588794085575366 ], [ -106.029141131439673, 28.589333074745838 ], [ -106.028871636854433, 28.589333074745838 ], [ -106.028871636854433, 28.589063580160602 ], [ -106.028602142269193, 28.589063580160602 ], [ -106.028602142269193, 28.58960256933107 ] ], [ [ -106.029141131439673, 28.588794085575366 ], [ -106.029141131439673, 28.588524590990129 ], [ -106.028602142269193, 28.588524590990129 ], [ -106.028602142269193, 28.588794085575366 ], [ -106.029141131439673, 28.588794085575366 ] ] ] ] } },
{ "type": "Feature", "properties": { "ZONA_MET": "Chihuahua", "INTENSIDAD": "Intensa", "T_PROM_POL": 4.0, "T_MIN_CIUD": 1.0, "DIF_TERMIC": 2.0 }, "geometry": { "type": "MultiPolygon", "coordinates": [ [ [ [ -105.984405030290517, 28.590411053086779 ], [ -105.983596546534812, 28.590411053086779 ], [ -105.983596546534812, 28.589872063916307 ], [ -105.983327051949573, 28.589872063916307 ], [ -105.983327051949573, 28.58960256933107 ], [ -105.984135535705278, 28.58960256933107 ], [ -105.984135535705278, 28.589333074745838 ], [ -105.983866041120052, 28.589333074745838 ], [ -105.983866041120052, 28.589063580160602 ], [ -105.984135535705278, 28.589063580160602 ], [ -105.984135535705278, 28.588255096404893 ], [ -105.984944019460997, 28.588255096404893 ], [ -105.984944019460997, 28.587985601819657 ], [ -105.986291492387167, 28.587985601819657 ], [ -105.986291492387167, 28.588794085575366 ], [ -105.985483008631462, 28.588794085575366 ], [ -105.985483008631462, 28.589333074745838 ], [ -105.985752503216702, 28.589333074745838 ], [ -105.985752503216702, 28.589063580160602 ], [ -105.986291492387167, 28.589063580160602 ], [ -105.986291492387167, 28.58960256933107 ], [ -105.985483008631462, 28.58960256933107 ], [ -105.985483008631462, 28.589872063916307 ], [ -105.985213514046222, 28.589872063916307 ], [ -105.985213514046222, 28.589333074745838 ], [ -105.984944019460997, 28.589333074745838 ], [ -105.984944019460997, 28.590141558501543 ], [ -105.984405030290517, 28.590141558501543 ], [ -105.984405030290517, 28.590411053086779 ] ], [ [ -105.984674524875757, 28.589333074745838 ], [ -105.984674524875757, 28.588524590990129 ], [ -105.984405030290517, 28.588524590990129 ], [ -105.984405030290517, 28.589333074745838 ], [ -105.984674524875757, 28.589333074745838 ] ], [ [ -105.985483008631462, 28.588794085575366 ], [ -105.985483008631462, 28.588524590990129 ], [ -105.985213514046222, 28.588524590990129 ], [ -105.985213514046222, 28.588794085575366 ], [ -105.985483008631462, 28.588794085575366 ] ] ] ] } },
{ "type": "Feature", "properties": { "ZONA_MET": "Chihuahua", "INTENSIDAD": "Extrema", "T_PROM_POL": 4.0, "T_MIN_CIUD": 1.0, "DIF_TERMIC": 2.0 }, "geometry": { "type": "MultiPolygon", "coordinates": [ [ [ [ -106.139903405971609, 28.588255096404893 ], [ -106.138555933045424, 28.588255096404893 ], [ -106.138555933045424, 28.587716107234421 ], [ -106.139094922215889, 28.587716107234421 ], [ -106.139094922215889, 28.587446612649185 ], [ -106.139903405971609, 28.587446612649185 ], [ -106.139903405971609, 28.588255096404893 ] ] ] ] } },
{ "type": "Feature", "properties": { "ZONA_MET": "Chihuahua", "INTENSIDAD": "Intensa", "T_PROM_POL": 4.0, "T_MIN_CIUD": 1.0, "DIF_TERMIC": 2.0 }, "geometry": { "type": "MultiPolygon", "coordinates": [ [ [ [ -106.001383189160379, 28.58960256933107 ], [ -106.000844199989899, 28.58960256933107 ], [ -106.000844199989899, 28.588794085575366 ], [ -106.000574705404674, 28.588794085575366 ], [ -106.000574705404674, 28.588524590990129 ], [ -106.000305210819434, 28.588524590990129 ], [ -106.000305210819434, 28.588255096404893 ], [ -106.001113694575139, 28.588255096404893 ], [ -106.001113694575139, 28.587446612649185 ], [ -106.001922178330844, 28.587446612649185 ], [ -106.001922178330844, 28.587716107234421 ], [ -106.001652683745618, 28.587716107234421 ], [ -106.001652683745618, 28.587985601819657 ], [ -106.002461167501323, 28.587985601819657 ], [ -106.002461167501323, 28.588794085575366 ], [ -106.002191672916084, 28.588794085575366 ], [ -106.002191672916084, 28.588524590990129 ], [ -106.001922178330844, 28.588524590990129 ], [ -106.001922178330844, 28.588255096404893 ], [ -106.001383189160379, 28.588255096404893 ], [ -106.001383189160379, 28.588524590990129 ], [ -106.001652683745618, 28.588524590990129 ], [ -106.001652683745618, 28.588794085575366 ], [ -106.001383189160379, 28.588794085575366 ], [ -106.001383189160379, 28.589063580160602 ], [ -106.001652683745618, 28.589063580160602 ], [ -106.001652683745618, 28.589333074745838 ], [ -106.001383189160379, 28.589333074745838 ], [ -106.001383189160379, 28.58960256933107 ] ] ] ] } },
{ "type": "Feature", "properties": { "ZONA_MET": "Chihuahua", "INTENSIDAD": "Intensa", "T_PROM_POL": 3.0, "T_MIN_CIUD": 1.0, "DIF_TERMIC": 2.0 }, "geometry": { "type": "MultiPolygon", "coordinates": [ [ [ [ -106.026715680172543, 28.589333074745838 ], [ -106.026176691002078, 28.589333074745838 ], [ -106.026176691002078, 28.589063580160602 ], [ -106.025907196416838, 28.589063580160602 ], [ -106.025907196416838, 28.588794085575366 ], [ -106.025368207246373, 28.588794085575366 ], [ -106.025368207246373, 28.588255096404893 ], [ -106.026446185587318, 28.588255096404893 ], [ -106.026446185587318, 28.587985601819657 ], [ -106.026715680172543, 28.587985601819657 ], [ -106.026715680172543, 28.587446612649185 ], [ -106.027254669343023, 28.587446612649185 ], [ -106.027254669343023, 28.587177118063948 ], [ -106.027524163928248, 28.587177118063948 ], [ -106.027524163928248, 28.587716107234421 ], [ -106.027254669343023, 28.587716107234421 ], [ -106.027254669343023, 28.587985601819657 ], [ -106.026985174757783, 28.587985601819657 ], [ -106.026985174757783, 28.588524590990129 ], [ -106.026446185587318, 28.588524590990129 ], [ -106.026446185587318, 28.589063580160602 ], [ -106.026715680172543, 28.589063580160602 ], [ -106.026715680172543, 28.589333074745838 ] ] ] ] } },
{ "type": "Feature", "properties": { "ZONA_MET": "Chihuahua", "INTENSIDAD": "Intensa", "T_PROM_POL": 4.0, "T_MIN_CIUD": 1.0, "DIF_TERMIC": 2.0 }, "geometry": { "type": "MultiPolygon", "coordinates": [ [ [ [ -105.992759362432835, 28.588255096404893 ], [ -105.992220373262356, 28.588255096404893 ], [ -105.992220373262356, 28.587985601819657 ], [ -105.991950878677116, 28.587985601819657 ], [ -105.991950878677116, 28.587177118063948 ], [ -105.992220373262356, 28.587177118063948 ], [ -105.992220373262356, 28.586907623478712 ], [ -105.9932983516033, 28.586907623478712 ], [ -105.9932983516033, 28.587446612649185 ], [ -105.993028857018061, 28.587446612649185 ], [ -105.993028857018061, 28.587716107234421 ], [ -105.992759362432835, 28.587716107234421 ], [ -105.992759362432835, 28.588255096404893 ] ] ] ] } },
{ "type": "Feature", "properties": { "ZONA_MET": "Chihuahua", "INTENSIDAD": "Intensa", "T_PROM_POL": 3.0, "T_MIN_CIUD": 1.0, "DIF_TERMIC": 2.0 }, "geometry": { "type": "MultiPolygon", "coordinates": [ [ [ [ -106.13586098719307, 28.588794085575366 ], [ -106.13559149260783, 28.588794085575366 ], [ -106.13559149260783, 28.588524590990129 ], [ -106.135052503437365, 28.588524590990129 ], [ -106.135052503437365, 28.587985601819657 ], [ -106.13559149260783, 28.587985601819657 ], [ -106.13559149260783, 28.587446612649185 ], [ -106.135052503437365, 28.587446612649185 ], [ -106.135052503437365, 28.586907623478712 ], [ -106.13559149260783, 28.586907623478712 ], [ -106.13559149260783, 28.586368634308243 ], [ -106.136130481778295, 28.586368634308243 ], [ -106.136130481778295, 28.586638128893476 ], [ -106.13586098719307, 28.586638128893476 ], [ -106.13586098719307, 28.587177118063948 ], [ -106.136130481778295, 28.587177118063948 ], [ -106.136130481778295, 28.587716107234421 ], [ -106.136399976363535, 28.587716107234421 ], [ -106.136399976363535, 28.588255096404893 ], [ -106.13586098719307, 28.588255096404893 ], [ -106.13586098719307, 28.588794085575366 ] ] ] ] } },
{ "type": "Feature", "properties": { "ZONA_MET": "Chihuahua", "INTENSIDAD": "Intensa", "T_PROM_POL": 4.0, "T_MIN_CIUD": 1.0, "DIF_TERMIC": 2.0 }, "geometry": { "type": "MultiPolygon", "coordinates": [ [ [ [ -106.025098712661134, 28.588255096404893 ], [ -106.024559723490654, 28.588255096404893 ], [ -106.024559723490654, 28.587985601819657 ], [ -106.024290228905429, 28.587985601819657 ], [ -106.024290228905429, 28.588255096404893 ], [ -106.023481745149724, 28.588255096404893 ], [ -106.023481745149724, 28.587985601819657 ], [ -106.023212250564484, 28.587985601819657 ], [ -106.023212250564484, 28.587716107234421 ], [ -106.022942755979244, 28.587716107234421 ], [ -106.022942755979244, 28.586907623478712 ], [ -106.023212250564484, 28.586907623478712 ], [ -106.023212250564484, 28.586368634308243 ], [ -106.022942755979244, 28.586368634308243 ], [ -106.022942755979244, 28.586099139723007 ], [ -106.023481745149724, 28.586099139723007 ], [ -106.023481745149724, 28.586907623478712 ], [ -106.023751239734949, 28.586907623478712 ], [ -106.023751239734949, 28.586368634308243 ], [ -106.024290228905429, 28.586368634308243 ], [ -106.024290228905429, 28.586099139723007 ], [ -106.025907196416838, 28.586099139723007 ], [ -106.025907196416838, 28.587716107234421 ], [ -106.025637701831599, 28.587716107234421 ], [ -106.025637701831599, 28.587177118063948 ], [ -106.025368207246373, 28.587177118063948 ], [ -106.025368207246373, 28.587446612649185 ], [ -106.025098712661134, 28.587446612649185 ], [ -106.025098712661134, 28.588255096404893 ] ], [ [ -106.024290228905429, 28.587985601819657 ], [ -106.024290228905429, 28.587716107234421 ], [ -106.024559723490654, 28.587716107234421 ], [ -106.024559723490654, 28.587446612649185 ], [ -106.024829218075894, 28.587446612649185 ], [ -106.024829218075894, 28.587177118063948 ], [ -106.024020734320189, 28.587177118063948 ], [ -106.024020734320189, 28.587446612649185 ], [ -106.023751239734949, 28.587446612649185 ], [ -106.023751239734949, 28.587985601819657 ], [ -106.024290228905429, 28.587985601819657 ] ], [ [ -106.025368207246373, 28.586907623478712 ], [ -106.025368207246373, 28.586638128893476 ], [ -106.025098712661134, 28.586638128893476 ], [ -106.025098712661134, 28.586907623478712 ], [ -106.025368207246373, 28.586907623478712 ] ] ] ] } },
{ "type": "Feature", "properties": { "ZONA_MET": "Chihuahua", "INTENSIDAD": "Extrema", "T_PROM_POL": 4.0, "T_MIN_CIUD": 1.0, "DIF_TERMIC": 2.0 }, "geometry": { "type": "MultiPolygon", "coordinates": [ [ [ [ -105.998149254137545, 28.587716107234421 ], [ -105.997879759552305, 28.587716107234421 ], [ -105.997879759552305, 28.587446612649185 ], [ -105.997610264967079, 28.587446612649185 ], [ -105.997610264967079, 28.587716107234421 ], [ -105.99734077038184, 28.587716107234421 ], [ -105.99734077038184, 28.587446612649185 ], [ -105.9970712757966, 28.587446612649185 ], [ -105.9970712757966, 28.587177118063948 ], [ -105.99734077038184, 28.587177118063948 ], [ -105.99734077038184, 28.586907623478712 ], [ -105.997610264967079, 28.586907623478712 ], [ -105.997610264967079, 28.586638128893476 ], [ -105.998149254137545, 28.586638128893476 ], [ -105.998149254137545, 28.586368634308243 ], [ -105.997879759552305, 28.586368634308243 ], [ -105.997879759552305, 28.586099139723007 ], [ -105.997610264967079, 28.586099139723007 ], [ -105.997610264967079, 28.585560150552535 ], [ -105.997879759552305, 28.585560150552535 ], [ -105.997879759552305, 28.585829645137771 ], [ -105.998418748722784, 28.585829645137771 ], [ -105.998418748722784, 28.586638128893476 ], [ -105.998688243308024, 28.586638128893476 ], [ -105.998688243308024, 28.586368634308243 ], [ -105.998957737893249, 28.586368634308243 ], [ -105.998957737893249, 28.586907623478712 ], [ -105.998418748722784, 28.586907623478712 ], [ -105.998418748722784, 28.587177118063948 ], [ -105.998149254137545, 28.587177118063948 ], [ -105.998149254137545, 28.587716107234421 ] ], [ [ -105.997879759552305, 28.587177118063948 ], [ -105.997879759552305, 28.586907623478712 ], [ -105.997610264967079, 28.586907623478712 ], [ -105.997610264967079, 28.587177118063948 ], [ -105.997879759552305, 28.587177118063948 ] ] ] ] } },
{ "type": "Feature", "properties": { "ZONA_MET": "Chihuahua", "INTENSIDAD": "Intensa", "T_PROM_POL": 3.0, "T_MIN_CIUD": 1.0, "DIF_TERMIC": 2.0 }, "geometry": { "type": "MultiPolygon", "coordinates": [ [ [ [ -106.029141131439673, 28.587985601819657 ], [ -106.028871636854433, 28.587985601819657 ], [ -106.028871636854433, 28.587716107234421 ], [ -106.028602142269193, 28.587716107234421 ], [ -106.028602142269193, 28.587446612649185 ], [ -106.028332647683968, 28.587446612649185 ], [ -106.028332647683968, 28.587177118063948 ], [ -106.028602142269193, 28.587177118063948 ], [ -106.028602142269193, 28.586907623478712 ], [ -106.029141131439673, 28.586907623478712 ], [ -106.029141131439673, 28.586368634308243 ], [ -106.029949615195378, 28.586368634308243 ], [ -106.029949615195378, 28.586099139723007 ], [ -106.030219109780617, 28.586099139723007 ], [ -106.030219109780617, 28.585560150552535 ], [ -106.030488604365843, 28.585560150552535 ], [ -106.030488604365843, 28.586099139723007 ], [ -106.030758098951083, 28.586099139723007 ], [ -106.030758098951083, 28.586368634308243 ], [ -106.031027593536322, 28.586368634308243 ], [ -106.031027593536322, 28.586638128893476 ], [ -106.031297088121562, 28.586638128893476 ], [ -106.031297088121562, 28.586907623478712 ], [ -106.031027593536322, 28.586907623478712 ], [ -106.031027593536322, 28.587446612649185 ], [ -106.030219109780617, 28.587446612649185 ], [ -106.030219109780617, 28.587716107234421 ], [ -106.029141131439673, 28.587716107234421 ], [ -106.029141131439673, 28.587985601819657 ] ], [ [ -106.030219109780617, 28.587177118063948 ], [ -106.030219109780617, 28.586368634308243 ], [ -106.029949615195378, 28.586368634308243 ], [ -106.029949615195378, 28.586638128893476 ], [ -106.029680120610138, 28.586638128893476 ], [ -106.029680120610138, 28.586907623478712 ], [ -106.029949615195378, 28.586907623478712 ], [ -106.029949615195378, 28.587177118063948 ], [ -106.030219109780617, 28.587177118063948 ] ], [ [ -106.029680120610138, 28.587177118063948 ], [ -106.029680120610138, 28.586907623478712 ], [ -106.029410626024912, 28.586907623478712 ], [ -106.029410626024912, 28.587177118063948 ], [ -106.029680120610138, 28.587177118063948 ] ] ] ] } },
{ "type": "Feature", "properties": { "ZONA_MET": "Chihuahua", "INTENSIDAD": "Intensa", "T_PROM_POL": 4.0, "T_MIN_CIUD": 1.0, "DIF_TERMIC": 2.0 }, "geometry": { "type": "MultiPolygon", "coordinates": [ [ [ [ -106.021864777638299, 28.587177118063948 ], [ -106.02159528305306, 28.587177118063948 ], [ -106.02159528305306, 28.586907623478712 ], [ -106.021325788467834, 28.586907623478712 ], [ -106.021325788467834, 28.587177118063948 ], [ -106.021056293882594, 28.587177118063948 ], [ -106.021056293882594, 28.586638128893476 ], [ -106.021325788467834, 28.586638128893476 ], [ -106.021325788467834, 28.586368634308243 ], [ -106.02159528305306, 28.586368634308243 ], [ -106.02159528305306, 28.585829645137771 ], [ -106.021325788467834, 28.585829645137771 ], [ -106.021325788467834, 28.586099139723007 ], [ -106.020786799297355, 28.586099139723007 ], [ -106.020786799297355, 28.585560150552535 ], [ -106.021056293882594, 28.585560150552535 ], [ -106.021056293882594, 28.585290655967299 ], [ -106.021325788467834, 28.585290655967299 ], [ -106.021325788467834, 28.585560150552535 ], [ -106.021864777638299, 28.585560150552535 ], [ -106.021864777638299, 28.585021161382063 ], [ -106.022134272223539, 28.585021161382063 ], [ -106.022134272223539, 28.585560150552535 ], [ -106.022403766808779, 28.585560150552535 ], [ -106.022403766808779, 28.586368634308243 ], [ -106.021864777638299, 28.586368634308243 ], [ -106.021864777638299, 28.586638128893476 ], [ -106.022134272223539, 28.586638128893476 ], [ -106.022134272223539, 28.586907623478712 ], [ -106.021864777638299, 28.586907623478712 ], [ -106.021864777638299, 28.587177118063948 ] ] ] ] } },
{ "type": "Feature", "properties": { "ZONA_MET": "Chihuahua", "INTENSIDAD": "Intensa", "T_PROM_POL": 4.0, "T_MIN_CIUD": 1.0, "DIF_TERMIC": 2.0 }, "geometry": { "type": "MultiPolygon", "coordinates": [ [ [ [ -105.983596546534812, 28.586907623478712 ], [ -105.983327051949573, 28.586907623478712 ], [ -105.983327051949573, 28.586638128893476 ], [ -105.983057557364333, 28.586638128893476 ], [ -105.983057557364333, 28.585290655967299 ], [ -105.983327051949573, 28.585290655967299 ], [ -105.983327051949573, 28.585021161382063 ], [ -105.983866041120052, 28.585021161382063 ], [ -105.983866041120052, 28.585290655967299 ], [ -105.984405030290517, 28.585290655967299 ], [ -105.984405030290517, 28.585829645137771 ], [ -105.984674524875757, 28.585829645137771 ], [ -105.984674524875757, 28.586368634308243 ], [ -105.984405030290517, 28.586368634308243 ], [ -105.984405030290517, 28.586099139723007 ], [ -105.984135535705278, 28.586099139723007 ], [ -105.984135535705278, 28.585560150552535 ], [ -105.983327051949573, 28.585560150552535 ], [ -105.983327051949573, 28.586099139723007 ], [ -105.983596546534812, 28.586099139723007 ], [ -105.983596546534812, 28.586907623478712 ] ] ] ] } },
{ "type": "Feature", "properties": { "ZONA_MET": "Chihuahua", "INTENSIDAD": "Extrema", "T_PROM_POL": 4.0, "T_MIN_CIUD": 1.0, "DIF_TERMIC": 2.0 }, "geometry": { "type": "MultiPolygon", "coordinates": [ [ [ [ -105.963114958056892, 28.597956901473385 ], [ -105.962845463471652, 28.597956901473385 ], [ -105.962845463471652, 28.597417912302912 ], [ -105.962575968886412, 28.597417912302912 ], [ -105.962575968886412, 28.596339933961968 ], [ -105.962306474301172, 28.596339933961968 ], [ -105.962306474301172, 28.595531450206263 ], [ -105.962845463471652, 28.595531450206263 ], [ -105.962845463471652, 28.594722966450554 ], [ -105.962306474301172, 28.594722966450554 ], [ -105.962306474301172, 28.595261955621027 ], [ -105.962036979715947, 28.595261955621027 ], [ -105.962036979715947, 28.594183977280082 ], [ -105.961767485130707, 28.594183977280082 ], [ -105.961767485130707, 28.593914482694846 ], [ -105.961497990545467, 28.593914482694846 ], [ -105.961497990545467, 28.59364498810961 ], [ -105.961767485130707, 28.59364498810961 ], [ -105.961767485130707, 28.592836504353901 ], [ -105.961228495960242, 28.592836504353901 ], [ -105.961228495960242, 28.593105998939137 ], [ -105.960420012204523, 28.593105998939137 ], [ -105.960420012204523, 28.592836504353901 ], [ -105.960689506789763, 28.592836504353901 ], [ -105.960689506789763, 28.592567009768665 ], [ -105.961497990545467, 28.592567009768665 ], [ -105.961497990545467, 28.592297515183432 ], [ -105.961228495960242, 28.592297515183432 ], [ -105.961228495960242, 28.591219536842488 ], [ -105.960420012204523, 28.591219536842488 ], [ -105.960420012204523, 28.590950042257251 ], [ -105.960959001375002, 28.590950042257251 ], [ -105.960959001375002, 28.590411053086779 ], [ -105.960420012204523, 28.590411053086779 ], [ -105.960420012204523, 28.590141558501543 ], [ -105.960959001375002, 28.590141558501543 ], [ -105.960959001375002, 28.589872063916307 ], [ -105.960689506789763, 28.589872063916307 ], [ -105.960689506789763, 28.588794085575366 ], [ -105.960420012204523, 28.588794085575366 ], [ -105.960420012204523, 28.587716107234421 ], [ -105.960150517619297, 28.587716107234421 ], [ -105.960150517619297, 28.587177118063948 ], [ -105.959881023034058, 28.587177118063948 ], [ -105.959881023034058, 28.585829645137771 ], [ -105.959611528448818, 28.585829645137771 ], [ -105.959611528448818, 28.585021161382063 ], [ -105.960150517619297, 28.585021161382063 ], [ -105.960150517619297, 28.584751666796826 ], [ -105.960420012204523, 28.584751666796826 ], [ -105.960420012204523, 28.585021161382063 ], [ -105.960689506789763, 28.585021161382063 ], [ -105.960689506789763, 28.585290655967299 ], [ -105.960150517619297, 28.585290655967299 ], [ -105.960150517619297, 28.585560150552535 ], [ -105.960420012204523, 28.585560150552535 ], [ -105.960420012204523, 28.586099139723007 ], [ -105.960689506789763, 28.586099139723007 ], [ -105.960689506789763, 28.586368634308243 ], [ -105.960420012204523, 28.586368634308243 ], [ -105.960420012204523, 28.586907623478712 ], [ -105.960689506789763, 28.586907623478712 ], [ -105.960689506789763, 28.587177118063948 ], [ -105.960959001375002, 28.587177118063948 ], [ -105.960959001375002, 28.587985601819657 ], [ -105.961228495960242, 28.587985601819657 ], [ -105.961228495960242, 28.588524590990129 ], [ -105.960959001375002, 28.588524590990129 ], [ -105.960959001375002, 28.589063580160602 ], [ -105.961228495960242, 28.589063580160602 ], [ -105.961228495960242, 28.590411053086779 ], [ -105.961497990545467, 28.590411053086779 ], [ -105.961497990545467, 28.590950042257251 ], [ -105.961767485130707, 28.590950042257251 ], [ -105.961767485130707, 28.59175852601296 ], [ -105.962575968886412, 28.59175852601296 ], [ -105.962575968886412, 28.590950042257251 ], [ -105.962845463471652, 28.590950042257251 ], [ -105.962845463471652, 28.590680547672015 ], [ -105.962575968886412, 28.590680547672015 ], [ -105.962575968886412, 28.590141558501543 ], [ -105.962306474301172, 28.590141558501543 ], [ -105.962306474301172, 28.589872063916307 ], [ -105.962036979715947, 28.589872063916307 ], [ -105.962036979715947, 28.589333074745838 ], [ -105.962306474301172, 28.589333074745838 ], [ -105.962306474301172, 28.58960256933107 ], [ -105.962575968886412, 28.58960256933107 ], [ -105.962575968886412, 28.589872063916307 ], [ -105.962845463471652, 28.589872063916307 ], [ -105.962845463471652, 28.590411053086779 ], [ -105.963114958056892, 28.590411053086779 ], [ -105.963114958056892, 28.591489031427724 ], [ -105.963384452642117, 28.591489031427724 ], [ -105.963384452642117, 28.592567009768665 ], [ -105.963653947227357, 28.592567009768665 ], [ -105.963653947227357, 28.593105998939137 ], [ -105.963923441812597, 28.593105998939137 ], [ -105.963923441812597, 28.593375493524373 ], [ -105.964192936397836, 28.593375493524373 ], [ -105.964192936397836, 28.59364498810961 ], [ -105.964462430983062, 28.59364498810961 ], [ -105.964462430983062, 28.593914482694846 ], [ -105.964731925568302, 28.593914482694846 ], [ -105.964731925568302, 28.594183977280082 ], [ -105.965270914738767, 28.594183977280082 ], [ -105.965270914738767, 28.594453471865318 ], [ -105.965001420153541, 28.594453471865318 ], [ -105.965001420153541, 28.594722966450554 ], [ -105.964731925568302, 28.594722966450554 ], [ -105.964731925568302, 28.595261955621027 ], [ -105.964462430983062, 28.595261955621027 ], [ -105.964462430983062, 28.59499246103579 ], [ -105.963923441812597, 28.59499246103579 ], [ -105.963923441812597, 28.595261955621027 ], [ -105.963384452642117, 28.595261955621027 ], [ -105.963384452642117, 28.595800944791495 ], [ -105.963114958056892, 28.595800944791495 ], [ -105.963114958056892, 28.596609428547204 ], [ -105.962845463471652, 28.596609428547204 ], [ -105.962845463471652, 28.59687892313244 ], [ -105.963114958056892, 28.59687892313244 ], [ -105.963114958056892, 28.597956901473385 ] ], [ [ -105.963653947227357, 28.59499246103579 ], [ -105.963653947227357, 28.594722966450554 ], [ -105.963923441812597, 28.594722966450554 ], [ -105.963923441812597, 28.594453471865318 ], [ -105.963384452642117, 28.594453471865318 ], [ -105.963384452642117, 28.59499246103579 ], [ -105.963653947227357, 28.59499246103579 ] ], [ [ -105.963114958056892, 28.594453471865318 ], [ -105.963114958056892, 28.594183977280082 ], [ -105.962845463471652, 28.594183977280082 ], [ -105.962845463471652, 28.593914482694846 ], [ -105.962575968886412, 28.593914482694846 ], [ -105.962575968886412, 28.594453471865318 ], [ -105.963114958056892, 28.594453471865318 ] ], [ [ -105.963923441812597, 28.593914482694846 ], [ -105.963923441812597, 28.59364498810961 ], [ -105.963653947227357, 28.59364498810961 ], [ -105.963653947227357, 28.593375493524373 ], [ -105.963384452642117, 28.593375493524373 ], [ -105.963384452642117, 28.593914482694846 ], [ -105.963923441812597, 28.593914482694846 ] ], [ [ -105.962575968886412, 28.593914482694846 ], [ -105.962575968886412, 28.59364498810961 ], [ -105.962306474301172, 28.59364498810961 ], [ -105.962306474301172, 28.593375493524373 ], [ -105.962036979715947, 28.593375493524373 ], [ -105.962036979715947, 28.593914482694846 ], [ -105.962575968886412, 28.593914482694846 ] ], [ [ -105.963114958056892, 28.593375493524373 ], [ -105.963114958056892, 28.592567009768665 ], [ -105.962845463471652, 28.592567009768665 ], [ -105.962845463471652, 28.592297515183432 ], [ -105.962575968886412, 28.592297515183432 ], [ -105.962575968886412, 28.592567009768665 ], [ -105.962306474301172, 28.592567009768665 ], [ -105.962306474301172, 28.593105998939137 ], [ -105.962845463471652, 28.593105998939137 ], [ -105.962845463471652, 28.593375493524373 ], [ -105.963114958056892, 28.593375493524373 ] ], [ [ -105.963114958056892, 28.592028020598196 ], [ -105.963114958056892, 28.59175852601296 ], [ -105.962575968886412, 28.59175852601296 ], [ -105.962575968886412, 28.592028020598196 ], [ -105.963114958056892, 28.592028020598196 ] ] ] ] } },
{ "type": "Feature", "properties": { "ZONA_MET": "Chihuahua", "INTENSIDAD": "Intensa", "T_PROM_POL": 4.0, "T_MIN_CIUD": 1.0, "DIF_TERMIC": 2.0 }, "geometry": { "type": "MultiPolygon", "coordinates": [ [ [ [ -106.164966402398534, 28.586638128893476 ], [ -106.164427413228069, 28.586638128893476 ], [ -106.164427413228069, 28.586368634308243 ], [ -106.163618929472364, 28.586368634308243 ], [ -106.163618929472364, 28.585560150552535 ], [ -106.163079940301884, 28.585560150552535 ], [ -106.163079940301884, 28.584751666796826 ], [ -106.163618929472364, 28.584751666796826 ], [ -106.163618929472364, 28.58448217221159 ], [ -106.163888424057589, 28.58448217221159 ], [ -106.163888424057589, 28.584751666796826 ], [ -106.164157918642829, 28.584751666796826 ], [ -106.164157918642829, 28.585021161382063 ], [ -106.164427413228069, 28.585021161382063 ], [ -106.164427413228069, 28.585290655967299 ], [ -106.165235896983774, 28.585290655967299 ], [ -106.165235896983774, 28.586368634308243 ], [ -106.164966402398534, 28.586368634308243 ], [ -106.164966402398534, 28.586638128893476 ] ] ] ] } },
{ "type": "Feature", "properties": { "ZONA_MET": "Chihuahua", "INTENSIDAD": "Intensa", "T_PROM_POL": 3.0, "T_MIN_CIUD": 1.0, "DIF_TERMIC": 2.0 }, "geometry": { "type": "MultiPolygon", "coordinates": [ [ [ [ -105.990872900336186, 28.587716107234421 ], [ -105.990064416580466, 28.587716107234421 ], [ -105.990064416580466, 28.586099139723007 ], [ -105.990603405750946, 28.586099139723007 ], [ -105.990603405750946, 28.585829645137771 ], [ -105.990872900336186, 28.585829645137771 ], [ -105.990872900336186, 28.585290655967299 ], [ -105.991142394921411, 28.585290655967299 ], [ -105.991142394921411, 28.584751666796826 ], [ -105.991411889506651, 28.584751666796826 ], [ -105.991411889506651, 28.58448217221159 ], [ -105.991950878677116, 28.58448217221159 ], [ -105.991950878677116, 28.584212677626354 ], [ -105.992220373262356, 28.584212677626354 ], [ -105.992220373262356, 28.585290655967299 ], [ -105.992489867847596, 28.585290655967299 ], [ -105.992489867847596, 28.585560150552535 ], [ -105.992759362432835, 28.585560150552535 ], [ -105.992759362432835, 28.585290655967299 ], [ -105.993028857018061, 28.585290655967299 ], [ -105.993028857018061, 28.585560150552535 ], [ -105.9932983516033, 28.585560150552535 ], [ -105.9932983516033, 28.585829645137771 ], [ -105.993028857018061, 28.585829645137771 ], [ -105.993028857018061, 28.586099139723007 ], [ -105.992759362432835, 28.586099139723007 ], [ -105.992759362432835, 28.585829645137771 ], [ -105.992220373262356, 28.585829645137771 ], [ -105.992220373262356, 28.586099139723007 ], [ -105.991950878677116, 28.586099139723007 ], [ -105.991950878677116, 28.586368634308243 ], [ -105.991411889506651, 28.586368634308243 ], [ -105.991411889506651, 28.586638128893476 ], [ -105.990872900336186, 28.586638128893476 ], [ -105.990872900336186, 28.586907623478712 ], [ -105.991411889506651, 28.586907623478712 ], [ -105.991411889506651, 28.587177118063948 ], [ -105.991142394921411, 28.587177118063948 ], [ -105.991142394921411, 28.587446612649185 ], [ -105.990872900336186, 28.587446612649185 ], [ -105.990872900336186, 28.587716107234421 ] ], [ [ -105.990872900336186, 28.586368634308243 ], [ -105.990872900336186, 28.586099139723007 ], [ -105.990603405750946, 28.586099139723007 ], [ -105.990603405750946, 28.586368634308243 ], [ -105.990872900336186, 28.586368634308243 ] ], [ [ -105.991950878677116, 28.586099139723007 ], [ -105.991950878677116, 28.585829645137771 ], [ -105.991681384091891, 28.585829645137771 ], [ -105.991681384091891, 28.585560150552535 ], [ -105.991411889506651, 28.585560150552535 ], [ -105.991411889506651, 28.586099139723007 ], [ -105.991950878677116, 28.586099139723007 ] ], [ [ -105.991950878677116, 28.585290655967299 ], [ -105.991950878677116, 28.585021161382063 ], [ -105.991411889506651, 28.585021161382063 ], [ -105.991411889506651, 28.585290655967299 ], [ -105.991950878677116, 28.585290655967299 ] ] ] ] } },
{ "type": "Feature", "properties": { "ZONA_MET": "Chihuahua", "INTENSIDAD": "Extrema", "T_PROM_POL": 4.0, "T_MIN_CIUD": 1.0, "DIF_TERMIC": 2.0 }, "geometry": { "type": "MultiPolygon", "coordinates": [ [ [ [ -105.950987701721274, 28.587177118063948 ], [ -105.950718207136035, 28.587177118063948 ], [ -105.950718207136035, 28.586638128893476 ], [ -105.950987701721274, 28.586638128893476 ], [ -105.950987701721274, 28.586099139723007 ], [ -105.951257196306514, 28.586099139723007 ], [ -105.951257196306514, 28.585560150552535 ], [ -105.95152669089174, 28.585560150552535 ], [ -105.95152669089174, 28.585290655967299 ], [ -105.951796185476979, 28.585290655967299 ], [ -105.951796185476979, 28.584751666796826 ], [ -105.952065680062219, 28.584751666796826 ], [ -105.952065680062219, 28.584212677626354 ], [ -105.952604669232684, 28.584212677626354 ], [ -105.952604669232684, 28.584751666796826 ], [ -105.952335174647459, 28.584751666796826 ], [ -105.952335174647459, 28.585021161382063 ], [ -105.952065680062219, 28.585021161382063 ], [ -105.952065680062219, 28.585560150552535 ], [ -105.951796185476979, 28.585560150552535 ], [ -105.951796185476979, 28.586368634308243 ], [ -105.951257196306514, 28.586368634308243 ], [ -105.951257196306514, 28.586907623478712 ], [ -105.950987701721274, 28.586907623478712 ], [ -105.950987701721274, 28.587177118063948 ] ] ] ] } },
{ "type": "Feature", "properties": { "ZONA_MET": "Chihuahua", "INTENSIDAD": "Intensa", "T_PROM_POL": 4.0, "T_MIN_CIUD": 1.0, "DIF_TERMIC": 2.0 }, "geometry": { "type": "MultiPolygon", "coordinates": [ [ [ [ -106.002730662086563, 28.587716107234421 ], [ -106.002191672916084, 28.587716107234421 ], [ -106.002191672916084, 28.587177118063948 ], [ -106.001652683745618, 28.587177118063948 ], [ -106.001652683745618, 28.586907623478712 ], [ -106.001113694575139, 28.586907623478712 ], [ -106.001113694575139, 28.586638128893476 ], [ -106.001383189160379, 28.586638128893476 ], [ -106.001383189160379, 28.586099139723007 ], [ -106.001922178330844, 28.586099139723007 ], [ -106.001922178330844, 28.586368634308243 ], [ -106.002461167501323, 28.586368634308243 ], [ -106.002461167501323, 28.585560150552535 ], [ -106.001922178330844, 28.585560150552535 ], [ -106.001922178330844, 28.585021161382063 ], [ -106.002191672916084, 28.585021161382063 ], [ -106.002191672916084, 28.584751666796826 ], [ -106.002461167501323, 28.584751666796826 ], [ -106.002461167501323, 28.584212677626354 ], [ -106.002730662086563, 28.584212677626354 ], [ -106.002730662086563, 28.583943183041118 ], [ -106.003269651257028, 28.583943183041118 ], [ -106.003269651257028, 28.584751666796826 ], [ -106.004078135012733, 28.584751666796826 ], [ -106.004078135012733, 28.585290655967299 ], [ -106.002730662086563, 28.585290655967299 ], [ -106.002730662086563, 28.585560150552535 ], [ -106.003000156671789, 28.585560150552535 ], [ -106.003000156671789, 28.585829645137771 ], [ -106.003269651257028, 28.585829645137771 ], [ -106.003269651257028, 28.586638128893476 ], [ -106.002730662086563, 28.586638128893476 ], [ -106.002730662086563, 28.586907623478712 ], [ -106.003000156671789, 28.586907623478712 ], [ -106.003000156671789, 28.587177118063948 ], [ -106.002730662086563, 28.587177118063948 ], [ -106.002730662086563, 28.587716107234421 ] ], [ [ -106.003269651257028, 28.585021161382063 ], [ -106.003269651257028, 28.584751666796826 ], [ -106.002730662086563, 28.584751666796826 ], [ -106.002730662086563, 28.585021161382063 ], [ -106.003269651257028, 28.585021161382063 ] ] ] ] } },
{ "type": "Feature", "properties": { "ZONA_MET": "Chihuahua", "INTENSIDAD": "Intensa", "T_PROM_POL": 4.0, "T_MIN_CIUD": 1.0, "DIF_TERMIC": 2.0 }, "geometry": { "type": "MultiPolygon", "coordinates": [ [ [ [ -105.988447449069056, 28.586368634308243 ], [ -105.988177954483817, 28.586368634308243 ], [ -105.988177954483817, 28.586099139723007 ], [ -105.987908459898591, 28.586099139723007 ], [ -105.987908459898591, 28.585829645137771 ], [ -105.986560986972407, 28.585829645137771 ], [ -105.986560986972407, 28.585021161382063 ], [ -105.987638965313351, 28.585021161382063 ], [ -105.987638965313351, 28.584751666796826 ], [ -105.987369470728112, 28.584751666796826 ], [ -105.987369470728112, 28.58448217221159 ], [ -105.986830481557647, 28.58448217221159 ], [ -105.986830481557647, 28.584751666796826 ], [ -105.986560986972407, 28.584751666796826 ], [ -105.986560986972407, 28.584212677626354 ], [ -105.987369470728112, 28.584212677626354 ], [ -105.987369470728112, 28.583943183041118 ], [ -105.987908459898591, 28.583943183041118 ], [ -105.987908459898591, 28.58448217221159 ], [ -105.988716943654296, 28.58448217221159 ], [ -105.988716943654296, 28.584751666796826 ], [ -105.987908459898591, 28.584751666796826 ], [ -105.987908459898591, 28.585290655967299 ], [ -105.986830481557647, 28.585290655967299 ], [ -105.986830481557647, 28.585560150552535 ], [ -105.988447449069056, 28.585560150552535 ], [ -105.988447449069056, 28.585829645137771 ], [ -105.988986438239522, 28.585829645137771 ], [ -105.988986438239522, 28.586099139723007 ], [ -105.988447449069056, 28.586099139723007 ], [ -105.988447449069056, 28.586368634308243 ] ] ] ] } },
{ "type": "Feature", "properties": { "ZONA_MET": "Chihuahua", "INTENSIDAD": "Intensa", "T_PROM_POL": 3.0, "T_MIN_CIUD": 1.0, "DIF_TERMIC": 2.0 }, "geometry": { "type": "MultiPolygon", "coordinates": [ [ [ [ -106.141250878897779, 28.58448217221159 ], [ -106.139903405971609, 28.58448217221159 ], [ -106.139903405971609, 28.584212677626354 ], [ -106.139364416801129, 28.584212677626354 ], [ -106.139364416801129, 28.583673688455882 ], [ -106.139633911386369, 28.583673688455882 ], [ -106.139633911386369, 28.583943183041118 ], [ -106.141789868068258, 28.583943183041118 ], [ -106.141789868068258, 28.584212677626354 ], [ -106.141250878897779, 28.584212677626354 ], [ -106.141250878897779, 28.58448217221159 ] ] ] ] } },
{ "type": "Feature", "properties": { "ZONA_MET": "Chihuahua", "INTENSIDAD": "Intensa", "T_PROM_POL": 3.0, "T_MIN_CIUD": 1.0, "DIF_TERMIC": 2.0 }, "geometry": { "type": "MultiPolygon", "coordinates": [ [ [ [ -106.106216582817126, 28.586368634308243 ], [ -106.105677593646647, 28.586368634308243 ], [ -106.105677593646647, 28.585021161382063 ], [ -106.105947088231886, 28.585021161382063 ], [ -106.105947088231886, 28.585290655967299 ], [ -106.106755571987591, 28.585290655967299 ], [ -106.106755571987591, 28.58448217221159 ], [ -106.106486077402351, 28.58448217221159 ], [ -106.106486077402351, 28.584212677626354 ], [ -106.105138604476181, 28.584212677626354 ], [ -106.105138604476181, 28.583943183041118 ], [ -106.104869109890942, 28.583943183041118 ], [ -106.104869109890942, 28.584212677626354 ], [ -106.104599615305702, 28.584212677626354 ], [ -106.104599615305702, 28.583943183041118 ], [ -106.104060626135237, 28.583943183041118 ], [ -106.104060626135237, 28.584212677626354 ], [ -106.103521636964757, 28.584212677626354 ], [ -106.103521636964757, 28.583943183041118 ], [ -106.103791131549997, 28.583943183041118 ], [ -106.103791131549997, 28.583673688455882 ], [ -106.104599615305702, 28.583673688455882 ], [ -106.104599615305702, 28.583404193870649 ], [ -106.105677593646647, 28.583404193870649 ], [ -106.105677593646647, 28.583673688455882 ], [ -106.105947088231886, 28.583673688455882 ], [ -106.105947088231886, 28.583943183041118 ], [ -106.106755571987591, 28.583943183041118 ], [ -106.106755571987591, 28.584212677626354 ], [ -106.107564055743296, 28.584212677626354 ], [ -106.107564055743296, 28.584751666796826 ], [ -106.107833550328536, 28.584751666796826 ], [ -106.107833550328536, 28.585290655967299 ], [ -106.107025066572831, 28.585290655967299 ], [ -106.107025066572831, 28.585829645137771 ], [ -106.107294561158071, 28.585829645137771 ], [ -106.107294561158071, 28.586099139723007 ], [ -106.106486077402351, 28.586099139723007 ], [ -106.106486077402351, 28.585829645137771 ], [ -106.106216582817126, 28.585829645137771 ], [ -106.106216582817126, 28.586368634308243 ] ], [ [ -106.106755571987591, 28.585829645137771 ], [ -106.106755571987591, 28.585560150552535 ], [ -106.106486077402351, 28.585560150552535 ], [ -106.106486077402351, 28.585829645137771 ], [ -106.106755571987591, 28.585829645137771 ] ] ] ] } },
{ "type": "Feature", "properties": { "ZONA_MET": "Chihuahua", "INTENSIDAD": "Intensa", "T_PROM_POL": 3.0, "T_MIN_CIUD": 1.0, "DIF_TERMIC": 2.0 }, "geometry": { "type": "MultiPolygon", "coordinates": [ [ [ [ -106.044771817383349, 28.585560150552535 ], [ -106.044232828212884, 28.585560150552535 ], [ -106.044232828212884, 28.58448217221159 ], [ -106.04450232279811, 28.58448217221159 ], [ -106.04450232279811, 28.584212677626354 ], [ -106.044232828212884, 28.584212677626354 ], [ -106.044232828212884, 28.583673688455882 ], [ -106.043424344457165, 28.583673688455882 ], [ -106.043424344457165, 28.583404193870649 ], [ -106.04450232279811, 28.583404193870649 ], [ -106.04450232279811, 28.583943183041118 ], [ -106.044771817383349, 28.583943183041118 ], [ -106.044771817383349, 28.584212677626354 ], [ -106.045041311968589, 28.584212677626354 ], [ -106.045041311968589, 28.584751666796826 ], [ -106.044771817383349, 28.584751666796826 ], [ -106.044771817383349, 28.585560150552535 ] ] ] ] } },
{ "type": "Feature", "properties": { "ZONA_MET": "Chihuahua", "INTENSIDAD": "Extrema", "T_PROM_POL": 4.0, "T_MIN_CIUD": 1.0, "DIF_TERMIC": 2.0 }, "geometry": { "type": "MultiPolygon", "coordinates": [ [ [ [ -105.998418748722784, 28.585560150552535 ], [ -105.997879759552305, 28.585560150552535 ], [ -105.997879759552305, 28.585290655967299 ], [ -105.998149254137545, 28.585290655967299 ], [ -105.998149254137545, 28.584751666796826 ], [ -105.997879759552305, 28.584751666796826 ], [ -105.997879759552305, 28.584212677626354 ], [ -105.998418748722784, 28.584212677626354 ], [ -105.998418748722784, 28.583943183041118 ], [ -105.997879759552305, 28.583943183041118 ], [ -105.997879759552305, 28.583404193870649 ], [ -105.998149254137545, 28.583404193870649 ], [ -105.998149254137545, 28.583134699285413 ], [ -105.998957737893249, 28.583134699285413 ], [ -105.998957737893249, 28.582865204700177 ], [ -105.999227232478489, 28.582865204700177 ], [ -105.999227232478489, 28.583404193870649 ], [ -105.998957737893249, 28.583404193870649 ], [ -105.998957737893249, 28.584212677626354 ], [ -105.998688243308024, 28.584212677626354 ], [ -105.998688243308024, 28.585021161382063 ], [ -105.998418748722784, 28.585021161382063 ], [ -105.998418748722784, 28.585560150552535 ] ] ] ] } },
{ "type": "Feature", "properties": { "ZONA_MET": "Chihuahua", "INTENSIDAD": "Extrema", "T_PROM_POL": 4.0, "T_MIN_CIUD": 1.0, "DIF_TERMIC": 2.0 }, "geometry": { "type": "MultiPolygon", "coordinates": [ [ [ [ -105.99491531911471, 28.584212677626354 ], [ -105.994376329944245, 28.584212677626354 ], [ -105.994376329944245, 28.582865204700177 ], [ -105.994645824529485, 28.582865204700177 ], [ -105.994645824529485, 28.582595710114941 ], [ -105.99491531911471, 28.582595710114941 ], [ -105.99491531911471, 28.583404193870649 ], [ -105.99518481369995, 28.583404193870649 ], [ -105.99518481369995, 28.583943183041118 ], [ -105.99491531911471, 28.583943183041118 ], [ -105.99491531911471, 28.584212677626354 ] ] ] ] } },
{ "type": "Feature", "properties": { "ZONA_MET": "Chihuahua", "INTENSIDAD": "Intensa", "T_PROM_POL": 3.0, "T_MIN_CIUD": 1.0, "DIF_TERMIC": 2.0 }, "geometry": { "type": "MultiPolygon", "coordinates": [ [ [ [ -105.960150517619297, 28.585021161382063 ], [ -105.959611528448818, 28.585021161382063 ], [ -105.959611528448818, 28.58448217221159 ], [ -105.959881023034058, 28.58448217221159 ], [ -105.959881023034058, 28.584212677626354 ], [ -105.960150517619297, 28.584212677626354 ], [ -105.960150517619297, 28.583673688455882 ], [ -105.960689506789763, 28.583673688455882 ], [ -105.960689506789763, 28.583404193870649 ], [ -105.958803044693113, 28.583404193870649 ], [ -105.958803044693113, 28.583134699285413 ], [ -105.959072539278353, 28.583134699285413 ], [ -105.959072539278353, 28.582865204700177 ], [ -105.958803044693113, 28.582865204700177 ], [ -105.958803044693113, 28.582595710114941 ], [ -105.959881023034058, 28.582595710114941 ], [ -105.959881023034058, 28.582865204700177 ], [ -105.960689506789763, 28.582865204700177 ], [ -105.960689506789763, 28.583134699285413 ], [ -105.960959001375002, 28.583134699285413 ], [ -105.960959001375002, 28.583943183041118 ], [ -105.960689506789763, 28.583943183041118 ], [ -105.960689506789763, 28.584212677626354 ], [ -105.960420012204523, 28.584212677626354 ], [ -105.960420012204523, 28.58448217221159 ], [ -105.960689506789763, 28.58448217221159 ], [ -105.960689506789763, 28.584751666796826 ], [ -105.960150517619297, 28.584751666796826 ], [ -105.960150517619297, 28.585021161382063 ] ] ] ] } },
{ "type": "Feature", "properties": { "ZONA_MET": "Chihuahua", "INTENSIDAD": "Intensa", "T_PROM_POL": 4.0, "T_MIN_CIUD": 1.0, "DIF_TERMIC": 2.0 }, "geometry": { "type": "MultiPolygon", "coordinates": [ [ [ [ -105.990333911165706, 28.585021161382063 ], [ -105.989794921995241, 28.585021161382063 ], [ -105.989794921995241, 28.584751666796826 ], [ -105.990064416580466, 28.584751666796826 ], [ -105.990064416580466, 28.584212677626354 ], [ -105.989255932824761, 28.584212677626354 ], [ -105.989255932824761, 28.583943183041118 ], [ -105.988716943654296, 28.583943183041118 ], [ -105.988716943654296, 28.583673688455882 ], [ -105.988447449069056, 28.583673688455882 ], [ -105.988447449069056, 28.583134699285413 ], [ -105.987908459898591, 28.583134699285413 ], [ -105.987908459898591, 28.582326215529704 ], [ -105.988177954483817, 28.582326215529704 ], [ -105.988177954483817, 28.582595710114941 ], [ -105.988716943654296, 28.582595710114941 ], [ -105.988716943654296, 28.582865204700177 ], [ -105.989255932824761, 28.582865204700177 ], [ -105.989255932824761, 28.583134699285413 ], [ -105.988716943654296, 28.583134699285413 ], [ -105.988716943654296, 28.583404193870649 ], [ -105.990064416580466, 28.583404193870649 ], [ -105.990064416580466, 28.583673688455882 ], [ -105.990333911165706, 28.583673688455882 ], [ -105.990333911165706, 28.58448217221159 ], [ -105.990603405750946, 28.58448217221159 ], [ -105.990603405750946, 28.584751666796826 ], [ -105.990333911165706, 28.584751666796826 ], [ -105.990333911165706, 28.585021161382063 ] ] ] ] } },
{ "type": "Feature", "properties": { "ZONA_MET": "Chihuahua", "INTENSIDAD": "Intensa", "T_PROM_POL": 3.0, "T_MIN_CIUD": 1.0, "DIF_TERMIC": 2.0 }, "geometry": { "type": "MultiPolygon", "coordinates": [ [ [ [ -106.018630842615465, 28.58448217221159 ], [ -106.01782235885976, 28.58448217221159 ], [ -106.01782235885976, 28.583673688455882 ], [ -106.017552864274535, 28.583673688455882 ], [ -106.017552864274535, 28.583404193870649 ], [ -106.01836134803024, 28.583404193870649 ], [ -106.01836134803024, 28.583134699285413 ], [ -106.017552864274535, 28.583134699285413 ], [ -106.017552864274535, 28.582595710114941 ], [ -106.01620539134835, 28.582595710114941 ], [ -106.01620539134835, 28.582056720944468 ], [ -106.016744380518816, 28.582056720944468 ], [ -106.016744380518816, 28.582326215529704 ], [ -106.01836134803024, 28.582326215529704 ], [ -106.01836134803024, 28.582595710114941 ], [ -106.01970882095641, 28.582595710114941 ], [ -106.01970882095641, 28.582326215529704 ], [ -106.020247810126889, 28.582326215529704 ], [ -106.020247810126889, 28.582865204700177 ], [ -106.019439326371185, 28.582865204700177 ], [ -106.019439326371185, 28.583134699285413 ], [ -106.018900337200705, 28.583134699285413 ], [ -106.018900337200705, 28.582865204700177 ], [ -106.018630842615465, 28.582865204700177 ], [ -106.018630842615465, 28.583673688455882 ], [ -106.01836134803024, 28.583673688455882 ], [ -106.01836134803024, 28.583943183041118 ], [ -106.018630842615465, 28.583943183041118 ], [ -106.018630842615465, 28.58448217221159 ] ] ] ] } },
{ "type": "Feature", "properties": { "ZONA_MET": "Chihuahua", "INTENSIDAD": "Intensa", "T_PROM_POL": 4.0, "T_MIN_CIUD": 1.0, "DIF_TERMIC": 2.0 }, "geometry": { "type": "MultiPolygon", "coordinates": [ [ [ [ -106.005156113353678, 28.583673688455882 ], [ -106.004617124183213, 28.583673688455882 ], [ -106.004617124183213, 28.583404193870649 ], [ -106.004886618768438, 28.583404193870649 ], [ -106.004886618768438, 28.582595710114941 ], [ -106.004347629597973, 28.582595710114941 ], [ -106.004347629597973, 28.582326215529704 ], [ -106.004617124183213, 28.582326215529704 ], [ -106.004617124183213, 28.581787226359232 ], [ -106.004886618768438, 28.581787226359232 ], [ -106.004886618768438, 28.582056720944468 ], [ -106.005425607938918, 28.582056720944468 ], [ -106.005425607938918, 28.582326215529704 ], [ -106.005964597109383, 28.582326215529704 ], [ -106.005964597109383, 28.582865204700177 ], [ -106.006234091694623, 28.582865204700177 ], [ -106.006234091694623, 28.582595710114941 ], [ -106.007851059206033, 28.582595710114941 ], [ -106.007851059206033, 28.582865204700177 ], [ -106.007312070035567, 28.582865204700177 ], [ -106.007312070035567, 28.583134699285413 ], [ -106.005425607938918, 28.583134699285413 ], [ -106.005425607938918, 28.583404193870649 ], [ -106.005156113353678, 28.583404193870649 ], [ -106.005156113353678, 28.583673688455882 ] ] ] ] } },
{ "type": "Feature", "properties": { "ZONA_MET": "Chihuahua", "INTENSIDAD": "Extrema", "T_PROM_POL": 4.0, "T_MIN_CIUD": 1.0, "DIF_TERMIC": 2.0 }, "geometry": { "type": "MultiPolygon", "coordinates": [ [ [ [ -105.989255932824761, 28.582595710114941 ], [ -105.988177954483817, 28.582595710114941 ], [ -105.988177954483817, 28.582326215529704 ], [ -105.987908459898591, 28.582326215529704 ], [ -105.987908459898591, 28.581787226359232 ], [ -105.988986438239522, 28.581787226359232 ], [ -105.988986438239522, 28.582056720944468 ], [ -105.989255932824761, 28.582056720944468 ], [ -105.989255932824761, 28.582595710114941 ] ] ] ] } },
{ "type": "Feature", "properties": { "ZONA_MET": "Chihuahua", "INTENSIDAD": "Intensa", "T_PROM_POL": 4.0, "T_MIN_CIUD": 1.0, "DIF_TERMIC": 2.0 }, "geometry": { "type": "MultiPolygon", "coordinates": [ [ [ [ -106.000574705404674, 28.586368634308243 ], [ -106.000035716234194, 28.586368634308243 ], [ -106.000035716234194, 28.586099139723007 ], [ -105.999766221648969, 28.586099139723007 ], [ -105.999766221648969, 28.585829645137771 ], [ -105.999496727063729, 28.585829645137771 ], [ -105.999496727063729, 28.585560150552535 ], [ -105.999227232478489, 28.585560150552535 ], [ -105.999227232478489, 28.585290655967299 ], [ -106.000035716234194, 28.585290655967299 ], [ -106.000035716234194, 28.585021161382063 ], [ -106.000305210819434, 28.585021161382063 ], [ -106.000305210819434, 28.584751666796826 ], [ -106.000574705404674, 28.584751666796826 ], [ -106.000574705404674, 28.58448217221159 ], [ -106.000844199989899, 28.58448217221159 ], [ -106.000844199989899, 28.583943183041118 ], [ -106.001113694575139, 28.583943183041118 ], [ -106.001113694575139, 28.583404193870649 ], [ -106.001652683745618, 28.583404193870649 ], [ -106.001652683745618, 28.583134699285413 ], [ -106.000844199989899, 28.583134699285413 ], [ -106.000844199989899, 28.583673688455882 ], [ -106.000574705404674, 28.583673688455882 ], [ -106.000574705404674, 28.583134699285413 ], [ -106.000035716234194, 28.583134699285413 ], [ -106.000035716234194, 28.582595710114941 ], [ -106.000574705404674, 28.582595710114941 ], [ -106.000574705404674, 28.582056720944468 ], [ -106.001652683745618, 28.582056720944468 ], [ -106.001652683745618, 28.581517731773996 ], [ -106.001922178330844, 28.581517731773996 ], [ -106.001922178330844, 28.580709248018287 ], [ -106.002191672916084, 28.580709248018287 ], [ -106.002191672916084, 28.58124823718876 ], [ -106.003539145842268, 28.58124823718876 ], [ -106.003539145842268, 28.582056720944468 ], [ -106.002191672916084, 28.582056720944468 ], [ -106.002191672916084, 28.582326215529704 ], [ -106.002461167501323, 28.582326215529704 ], [ -106.002461167501323, 28.582865204700177 ], [ -106.002730662086563, 28.582865204700177 ], [ -106.002730662086563, 28.582595710114941 ], [ -106.003000156671789, 28.582595710114941 ], [ -106.003000156671789, 28.582326215529704 ], [ -106.003269651257028, 28.582326215529704 ], [ -106.003269651257028, 28.583134699285413 ], [ -106.002461167501323, 28.583134699285413 ], [ -106.002461167501323, 28.583673688455882 ], [ -106.002191672916084, 28.583673688455882 ], [ -106.002191672916084, 28.583943183041118 ], [ -106.001383189160379, 28.583943183041118 ], [ -106.001383189160379, 28.585560150552535 ], [ -106.001113694575139, 28.585560150552535 ], [ -106.001113694575139, 28.586099139723007 ], [ -106.000844199989899, 28.586099139723007 ], [ -106.000844199989899, 28.585829645137771 ], [ -106.000574705404674, 28.585829645137771 ], [ -106.000574705404674, 28.586368634308243 ] ] ] ] } },
{ "type": "Feature", "properties": { "ZONA_MET": "Chihuahua", "INTENSIDAD": "Intensa", "T_PROM_POL": 3.0, "T_MIN_CIUD": 1.0, "DIF_TERMIC": 2.0 }, "geometry": { "type": "MultiPolygon", "coordinates": [ [ [ [ -106.046119290309534, 28.582595710114941 ], [ -106.045580301139054, 28.582595710114941 ], [ -106.045580301139054, 28.582326215529704 ], [ -106.045849795724294, 28.582326215529704 ], [ -106.045849795724294, 28.581787226359232 ], [ -106.045310806553815, 28.581787226359232 ], [ -106.045310806553815, 28.58124823718876 ], [ -106.045041311968589, 28.58124823718876 ], [ -106.045041311968589, 28.580978742603524 ], [ -106.044771817383349, 28.580978742603524 ], [ -106.044771817383349, 28.580439753433055 ], [ -106.045041311968589, 28.580439753433055 ], [ -106.045041311968589, 28.580709248018287 ], [ -106.045310806553815, 28.580709248018287 ], [ -106.045310806553815, 28.580978742603524 ], [ -106.045849795724294, 28.580978742603524 ], [ -106.045849795724294, 28.581517731773996 ], [ -106.046119290309534, 28.581517731773996 ], [ -106.046119290309534, 28.582056720944468 ], [ -106.046388784894759, 28.582056720944468 ], [ -106.046388784894759, 28.582326215529704 ], [ -106.046119290309534, 28.582326215529704 ], [ -106.046119290309534, 28.582595710114941 ] ] ] ] } },
{ "type": "Feature", "properties": { "ZONA_MET": "Chihuahua", "INTENSIDAD": "Extrema", "T_PROM_POL": 4.0, "T_MIN_CIUD": 1.0, "DIF_TERMIC": 2.0 }, "geometry": { "type": "MultiPolygon", "coordinates": [ [ [ [ -105.978476149415329, 28.582056720944468 ], [ -105.978206654830089, 28.582056720944468 ], [ -105.978206654830089, 28.581787226359232 ], [ -105.977937160244863, 28.581787226359232 ], [ -105.977937160244863, 28.580709248018287 ], [ -105.978206654830089, 28.580709248018287 ], [ -105.978206654830089, 28.580439753433055 ], [ -105.978476149415329, 28.580439753433055 ], [ -105.978476149415329, 28.580709248018287 ], [ -105.978745644000568, 28.580709248018287 ], [ -105.978745644000568, 28.581787226359232 ], [ -105.978476149415329, 28.581787226359232 ], [ -105.978476149415329, 28.582056720944468 ] ] ] ] } },
{ "type": "Feature", "properties": { "ZONA_MET": "Chihuahua", "INTENSIDAD": "Intensa", "T_PROM_POL": 4.0, "T_MIN_CIUD": 1.0, "DIF_TERMIC": 2.0 }, "geometry": { "type": "MultiPolygon", "coordinates": [ [ [ [ -105.985483008631462, 28.58124823718876 ], [ -105.984944019460997, 28.58124823718876 ], [ -105.984944019460997, 28.580978742603524 ], [ -105.985213514046222, 28.580978742603524 ], [ -105.985213514046222, 28.580439753433055 ], [ -105.984135535705278, 28.580439753433055 ], [ -105.984135535705278, 28.580170258847819 ], [ -105.984405030290517, 28.580170258847819 ], [ -105.984405030290517, 28.579900764262582 ], [ -105.984135535705278, 28.579900764262582 ], [ -105.984135535705278, 28.579631269677346 ], [ -105.984674524875757, 28.579631269677346 ], [ -105.984674524875757, 28.579900764262582 ], [ -105.984944019460997, 28.579900764262582 ], [ -105.984944019460997, 28.579631269677346 ], [ -105.985213514046222, 28.579631269677346 ], [ -105.985213514046222, 28.579900764262582 ], [ -105.985483008631462, 28.579900764262582 ], [ -105.985483008631462, 28.58124823718876 ] ] ] ] } },
{ "type": "Feature", "properties": { "ZONA_MET": "Chihuahua", "INTENSIDAD": "Intensa", "T_PROM_POL": 4.0, "T_MIN_CIUD": 1.0, "DIF_TERMIC": 2.0 }, "geometry": { "type": "MultiPolygon", "coordinates": [ [ [ [ -105.977398171074384, 28.58124823718876 ], [ -105.976050698148214, 28.58124823718876 ], [ -105.976050698148214, 28.580709248018287 ], [ -105.975781203562974, 28.580709248018287 ], [ -105.975781203562974, 28.580978742603524 ], [ -105.975511708977734, 28.580978742603524 ], [ -105.975511708977734, 28.580439753433055 ], [ -105.975781203562974, 28.580439753433055 ], [ -105.975781203562974, 28.579631269677346 ], [ -105.977128676489144, 28.579631269677346 ], [ -105.977128676489144, 28.579900764262582 ], [ -105.977398171074384, 28.579900764262582 ], [ -105.977398171074384, 28.580170258847819 ], [ -105.976859181903919, 28.580170258847819 ], [ -105.976859181903919, 28.579900764262582 ], [ -105.976320192733439, 28.579900764262582 ], [ -105.976320192733439, 28.580170258847819 ], [ -105.976589687318679, 28.580170258847819 ], [ -105.976589687318679, 28.580709248018287 ], [ -105.977128676489144, 28.580709248018287 ], [ -105.977128676489144, 28.580978742603524 ], [ -105.977398171074384, 28.580978742603524 ], [ -105.977398171074384, 28.58124823718876 ] ] ] ] } },
{ "type": "Feature", "properties": { "ZONA_MET": "Chihuahua", "INTENSIDAD": "Intensa", "T_PROM_POL": 3.0, "T_MIN_CIUD": 1.0, "DIF_TERMIC": 2.0 }, "geometry": { "type": "MultiPolygon", "coordinates": [ [ [ [ -106.047736257820944, 28.580439753433055 ], [ -106.046927774065239, 28.580439753433055 ], [ -106.046927774065239, 28.580170258847819 ], [ -106.046658279479999, 28.580170258847819 ], [ -106.046658279479999, 28.579900764262582 ], [ -106.046388784894759, 28.579900764262582 ], [ -106.046388784894759, 28.580439753433055 ], [ -106.046119290309534, 28.580439753433055 ], [ -106.046119290309534, 28.579900764262582 ], [ -106.045310806553815, 28.579900764262582 ], [ -106.045310806553815, 28.580170258847819 ], [ -106.044771817383349, 28.580170258847819 ], [ -106.044771817383349, 28.579900764262582 ], [ -106.045041311968589, 28.579900764262582 ], [ -106.045041311968589, 28.579631269677346 ], [ -106.044771817383349, 28.579631269677346 ], [ -106.044771817383349, 28.579092280506874 ], [ -106.045310806553815, 28.579092280506874 ], [ -106.045310806553815, 28.579631269677346 ], [ -106.045849795724294, 28.579631269677346 ], [ -106.045849795724294, 28.57936177509211 ], [ -106.046388784894759, 28.57936177509211 ], [ -106.046388784894759, 28.579631269677346 ], [ -106.046658279479999, 28.579631269677346 ], [ -106.046658279479999, 28.579092280506874 ], [ -106.046927774065239, 28.579092280506874 ], [ -106.046927774065239, 28.579631269677346 ], [ -106.047197268650478, 28.579631269677346 ], [ -106.047197268650478, 28.579900764262582 ], [ -106.048005752406183, 28.579900764262582 ], [ -106.048005752406183, 28.580170258847819 ], [ -106.047736257820944, 28.580170258847819 ], [ -106.047736257820944, 28.580439753433055 ] ] ] ] } },
{ "type": "Feature", "properties": { "ZONA_MET": "Chihuahua", "INTENSIDAD": "Intensa", "T_PROM_POL": 3.0, "T_MIN_CIUD": 1.0, "DIF_TERMIC": 2.0 }, "geometry": { "type": "MultiPolygon", "coordinates": [ [ [ [ -106.131818568414531, 28.580978742603524 ], [ -106.131549073829291, 28.580978742603524 ], [ -106.131549073829291, 28.580709248018287 ], [ -106.131010084658826, 28.580709248018287 ], [ -106.131010084658826, 28.579092280506874 ], [ -106.131279579244051, 28.579092280506874 ], [ -106.131279579244051, 28.57936177509211 ], [ -106.131549073829291, 28.57936177509211 ], [ -106.131549073829291, 28.579631269677346 ], [ -106.13208806299977, 28.579631269677346 ], [ -106.13208806299977, 28.579900764262582 ], [ -106.132627052170236, 28.579900764262582 ], [ -106.132627052170236, 28.580170258847819 ], [ -106.13208806299977, 28.580170258847819 ], [ -106.13208806299977, 28.580709248018287 ], [ -106.131818568414531, 28.580709248018287 ], [ -106.131818568414531, 28.580978742603524 ] ], [ [ -106.131549073829291, 28.579900764262582 ], [ -106.131549073829291, 28.579631269677346 ], [ -106.131279579244051, 28.579631269677346 ], [ -106.131279579244051, 28.579900764262582 ], [ -106.131549073829291, 28.579900764262582 ] ] ] ] } },
{ "type": "Feature", "properties": { "ZONA_MET": "Chihuahua", "INTENSIDAD": "Extrema", "T_PROM_POL": 4.0, "T_MIN_CIUD": 1.0, "DIF_TERMIC": 2.0 }, "geometry": { "type": "MultiPolygon", "coordinates": [ [ [ [ -105.961228495960242, 28.582865204700177 ], [ -105.959881023034058, 28.582865204700177 ], [ -105.959881023034058, 28.582595710114941 ], [ -105.958533550107873, 28.582595710114941 ], [ -105.958533550107873, 28.582056720944468 ], [ -105.958264055522648, 28.582056720944468 ], [ -105.958264055522648, 28.581787226359232 ], [ -105.957725066352168, 28.581787226359232 ], [ -105.957725066352168, 28.581517731773996 ], [ -105.956108098840758, 28.581517731773996 ], [ -105.956108098840758, 28.581787226359232 ], [ -105.955299615085053, 28.581787226359232 ], [ -105.955299615085053, 28.582056720944468 ], [ -105.955030120499814, 28.582056720944468 ], [ -105.955030120499814, 28.582326215529704 ], [ -105.954221636744109, 28.582326215529704 ], [ -105.954221636744109, 28.582056720944468 ], [ -105.954760625914574, 28.582056720944468 ], [ -105.954760625914574, 28.581787226359232 ], [ -105.955030120499814, 28.581787226359232 ], [ -105.955030120499814, 28.581517731773996 ], [ -105.955569109670279, 28.581517731773996 ], [ -105.955569109670279, 28.58124823718876 ], [ -105.956108098840758, 28.58124823718876 ], [ -105.956108098840758, 28.580709248018287 ], [ -105.956647088011223, 28.580709248018287 ], [ -105.956647088011223, 28.580439753433055 ], [ -105.956916582596463, 28.580439753433055 ], [ -105.956916582596463, 28.580170258847819 ], [ -105.957186077181703, 28.580170258847819 ], [ -105.957186077181703, 28.579631269677346 ], [ -105.957455571766928, 28.579631269677346 ], [ -105.957455571766928, 28.580439753433055 ], [ -105.957725066352168, 28.580439753433055 ], [ -105.957725066352168, 28.580170258847819 ], [ -105.957994560937408, 28.580170258847819 ], [ -105.957994560937408, 28.579900764262582 ], [ -105.958264055522648, 28.579900764262582 ], [ -105.958264055522648, 28.57936177509211 ], [ -105.957994560937408, 28.57936177509211 ], [ -105.957994560937408, 28.579092280506874 ], [ -105.958533550107873, 28.579092280506874 ], [ -105.958533550107873, 28.57936177509211 ], [ -105.958803044693113, 28.57936177509211 ], [ -105.958803044693113, 28.579092280506874 ], [ -105.959611528448818, 28.579092280506874 ], [ -105.959611528448818, 28.579631269677346 ], [ -105.959342033863578, 28.579631269677346 ], [ -105.959342033863578, 28.579900764262582 ], [ -105.959072539278353, 28.579900764262582 ], [ -105.959072539278353, 28.581517731773996 ], [ -105.959342033863578, 28.581517731773996 ], [ -105.959342033863578, 28.582056720944468 ], [ -105.960420012204523, 28.582056720944468 ], [ -105.960420012204523, 28.582326215529704 ], [ -105.960150517619297, 28.582326215529704 ], [ -105.960150517619297, 28.582595710114941 ], [ -105.961228495960242, 28.582595710114941 ], [ -105.961228495960242, 28.582865204700177 ] ], [ [ -105.958533550107873, 28.581787226359232 ], [ -105.958533550107873, 28.581517731773996 ], [ -105.958264055522648, 28.581517731773996 ], [ -105.958264055522648, 28.581787226359232 ], [ -105.958533550107873, 28.581787226359232 ] ], [ [ -105.958264055522648, 28.58124823718876 ], [ -105.958264055522648, 28.580978742603524 ], [ -105.958533550107873, 28.580978742603524 ], [ -105.958533550107873, 28.580439753433055 ], [ -105.958264055522648, 28.580439753433055 ], [ -105.958264055522648, 28.580709248018287 ], [ -105.957455571766928, 28.580709248018287 ], [ -105.957455571766928, 28.580978742603524 ], [ -105.957186077181703, 28.580978742603524 ], [ -105.957186077181703, 28.58124823718876 ], [ -105.958264055522648, 28.58124823718876 ] ] ] ] } },
{ "type": "Feature", "properties": { "ZONA_MET": "Chihuahua", "INTENSIDAD": "Intensa", "T_PROM_POL": 4.0, "T_MIN_CIUD": 1.0, "DIF_TERMIC": 2.0 }, "geometry": { "type": "MultiPolygon", "coordinates": [ [ [ [ -106.049353225332354, 28.580709248018287 ], [ -106.048275246991409, 28.580709248018287 ], [ -106.048275246991409, 28.580439753433055 ], [ -106.048544741576649, 28.580439753433055 ], [ -106.048544741576649, 28.579900764262582 ], [ -106.048275246991409, 28.579900764262582 ], [ -106.048275246991409, 28.579631269677346 ], [ -106.048544741576649, 28.579631269677346 ], [ -106.048544741576649, 28.579092280506874 ], [ -106.047736257820944, 28.579092280506874 ], [ -106.047736257820944, 28.578553291336402 ], [ -106.049083730747128, 28.578553291336402 ], [ -106.049083730747128, 28.579092280506874 ], [ -106.048814236161888, 28.579092280506874 ], [ -106.048814236161888, 28.579631269677346 ], [ -106.049353225332354, 28.579631269677346 ], [ -106.049353225332354, 28.580170258847819 ], [ -106.049083730747128, 28.580170258847819 ], [ -106.049083730747128, 28.580439753433055 ], [ -106.049353225332354, 28.580439753433055 ], [ -106.049353225332354, 28.580709248018287 ] ] ] ] } },
{ "type": "Feature", "properties": { "ZONA_MET": "Chihuahua", "INTENSIDAD": "Intensa", "T_PROM_POL": 3.0, "T_MIN_CIUD": 1.0, "DIF_TERMIC": 2.0 }, "geometry": { "type": "MultiPolygon", "coordinates": [ [ [ [ -106.013779940081221, 28.579900764262582 ], [ -106.013240950910756, 28.579900764262582 ], [ -106.013240950910756, 28.579631269677346 ], [ -106.011623983399346, 28.579631269677346 ], [ -106.011623983399346, 28.57936177509211 ], [ -106.011354488814106, 28.57936177509211 ], [ -106.011354488814106, 28.579092280506874 ], [ -106.011084994228867, 28.579092280506874 ], [ -106.011084994228867, 28.578822785921638 ], [ -106.011354488814106, 28.578822785921638 ], [ -106.011354488814106, 28.578553291336402 ], [ -106.011893477984572, 28.578553291336402 ], [ -106.011893477984572, 28.578822785921638 ], [ -106.011623983399346, 28.578822785921638 ], [ -106.011623983399346, 28.579092280506874 ], [ -106.011893477984572, 28.579092280506874 ], [ -106.011893477984572, 28.57936177509211 ], [ -106.013510445495996, 28.57936177509211 ], [ -106.013510445495996, 28.579631269677346 ], [ -106.013779940081221, 28.579631269677346 ], [ -106.013779940081221, 28.579900764262582 ] ] ] ] } },
{ "type": "Feature", "properties": { "ZONA_MET": "Chihuahua", "INTENSIDAD": "Intensa", "T_PROM_POL": 4.0, "T_MIN_CIUD": 1.0, "DIF_TERMIC": 2.0 }, "geometry": { "type": "MultiPolygon", "coordinates": [ [ [ [ -106.132896546755475, 28.579092280506874 ], [ -106.131818568414531, 28.579092280506874 ], [ -106.131818568414531, 28.578822785921638 ], [ -106.13208806299977, 28.578822785921638 ], [ -106.13208806299977, 28.578014302165929 ], [ -106.132896546755475, 28.578014302165929 ], [ -106.132896546755475, 28.579092280506874 ] ] ] ] } },
{ "type": "Feature", "properties": { "ZONA_MET": "Chihuahua", "INTENSIDAD": "Intensa", "T_PROM_POL": 3.0, "T_MIN_CIUD": 1.0, "DIF_TERMIC": 2.0 }, "geometry": { "type": "MultiPolygon", "coordinates": [ [ [ [ -106.010007015887922, 28.578822785921638 ], [ -106.009468026717457, 28.578822785921638 ], [ -106.009468026717457, 28.578553291336402 ], [ -106.009737521302682, 28.578553291336402 ], [ -106.009737521302682, 28.578283796751165 ], [ -106.010276510473162, 28.578283796751165 ], [ -106.010276510473162, 28.57747531299546 ], [ -106.010546005058401, 28.57747531299546 ], [ -106.010546005058401, 28.577205818410224 ], [ -106.010276510473162, 28.577205818410224 ], [ -106.010276510473162, 28.576666829239752 ], [ -106.010546005058401, 28.576666829239752 ], [ -106.010546005058401, 28.576936323824988 ], [ -106.011084994228867, 28.576936323824988 ], [ -106.011084994228867, 28.576666829239752 ], [ -106.011354488814106, 28.576666829239752 ], [ -106.011354488814106, 28.576936323824988 ], [ -106.011623983399346, 28.576936323824988 ], [ -106.011623983399346, 28.577205818410224 ], [ -106.011354488814106, 28.577205818410224 ], [ -106.011354488814106, 28.577744807580693 ], [ -106.011623983399346, 28.577744807580693 ], [ -106.011623983399346, 28.578014302165929 ], [ -106.010815499643627, 28.578014302165929 ], [ -106.010815499643627, 28.578283796751165 ], [ -106.010546005058401, 28.578283796751165 ], [ -106.010546005058401, 28.578553291336402 ], [ -106.010007015887922, 28.578553291336402 ], [ -106.010007015887922, 28.578822785921638 ] ] ] ] } },
{ "type": "Feature", "properties": { "ZONA_MET": "Chihuahua", "INTENSIDAD": "Intensa", "T_PROM_POL": 4.0, "T_MIN_CIUD": 1.0, "DIF_TERMIC": 2.0 }, "geometry": { "type": "MultiPolygon", "coordinates": [ [ [ [ -106.125889687539342, 28.577205818410224 ], [ -106.125620192954102, 28.577205818410224 ], [ -106.125620192954102, 28.576936323824988 ], [ -106.124811709198397, 28.576936323824988 ], [ -106.124811709198397, 28.576666829239752 ], [ -106.124542214613157, 28.576666829239752 ], [ -106.124542214613157, 28.576397334654516 ], [ -106.124272720027918, 28.576397334654516 ], [ -106.124272720027918, 28.57612784006928 ], [ -106.124003225442692, 28.57612784006928 ], [ -106.124003225442692, 28.575588850898807 ], [ -106.125081203783637, 28.575588850898807 ], [ -106.125081203783637, 28.57612784006928 ], [ -106.125620192954102, 28.57612784006928 ], [ -106.125620192954102, 28.576666829239752 ], [ -106.125889687539342, 28.576666829239752 ], [ -106.125889687539342, 28.577205818410224 ] ] ] ] } },
{ "type": "Feature", "properties": { "ZONA_MET": "Chihuahua", "INTENSIDAD": "Intensa", "T_PROM_POL": 3.0, "T_MIN_CIUD": 1.0, "DIF_TERMIC": 2.0 }, "geometry": { "type": "MultiPolygon", "coordinates": [ [ [ [ -106.123464236272213, 28.576936323824988 ], [ -106.122386257931268, 28.576936323824988 ], [ -106.122386257931268, 28.576666829239752 ], [ -106.122655752516508, 28.576666829239752 ], [ -106.122655752516508, 28.576397334654516 ], [ -106.122925247101747, 28.576397334654516 ], [ -106.122925247101747, 28.57612784006928 ], [ -106.122386257931268, 28.57612784006928 ], [ -106.122386257931268, 28.575858345484043 ], [ -106.122925247101747, 28.575858345484043 ], [ -106.122925247101747, 28.575049861728335 ], [ -106.123194741686987, 28.575049861728335 ], [ -106.123194741686987, 28.574780367143099 ], [ -106.123464236272213, 28.574780367143099 ], [ -106.123464236272213, 28.575049861728335 ], [ -106.123733730857452, 28.575049861728335 ], [ -106.123733730857452, 28.575588850898807 ], [ -106.123194741686987, 28.575588850898807 ], [ -106.123194741686987, 28.57612784006928 ], [ -106.123464236272213, 28.57612784006928 ], [ -106.123464236272213, 28.576936323824988 ] ] ] ] } },
{ "type": "Feature", "properties": { "ZONA_MET": "Chihuahua", "INTENSIDAD": "Intensa", "T_PROM_POL": 4.0, "T_MIN_CIUD": 1.0, "DIF_TERMIC": 2.0 }, "geometry": { "type": "MultiPolygon", "coordinates": [ [ [ [ -106.13532199802259, 28.576936323824988 ], [ -106.135052503437365, 28.576936323824988 ], [ -106.135052503437365, 28.576397334654516 ], [ -106.134783008852125, 28.576397334654516 ], [ -106.134783008852125, 28.57612784006928 ], [ -106.134513514266885, 28.57612784006928 ], [ -106.134513514266885, 28.576666829239752 ], [ -106.134244019681645, 28.576666829239752 ], [ -106.134244019681645, 28.57612784006928 ], [ -106.13370503051118, 28.57612784006928 ], [ -106.13370503051118, 28.576397334654516 ], [ -106.13343553592594, 28.576397334654516 ], [ -106.13343553592594, 28.57612784006928 ], [ -106.133166041340701, 28.57612784006928 ], [ -106.133166041340701, 28.575858345484043 ], [ -106.134244019681645, 28.575858345484043 ], [ -106.134244019681645, 28.575049861728335 ], [ -106.134783008852125, 28.575049861728335 ], [ -106.134783008852125, 28.574780367143099 ], [ -106.136130481778295, 28.574780367143099 ], [ -106.136130481778295, 28.57424137797263 ], [ -106.136938965534014, 28.57424137797263 ], [ -106.136938965534014, 28.574510872557866 ], [ -106.13720846011924, 28.574510872557866 ], [ -106.13720846011924, 28.574780367143099 ], [ -106.136938965534014, 28.574780367143099 ], [ -106.136938965534014, 28.575319356313571 ], [ -106.136399976363535, 28.575319356313571 ], [ -106.136399976363535, 28.575049861728335 ], [ -106.136130481778295, 28.575049861728335 ], [ -106.136130481778295, 28.575319356313571 ], [ -106.13586098719307, 28.575319356313571 ], [ -106.13586098719307, 28.575588850898807 ], [ -106.13559149260783, 28.575588850898807 ], [ -106.13559149260783, 28.57612784006928 ], [ -106.13532199802259, 28.57612784006928 ], [ -106.13532199802259, 28.576936323824988 ] ], [ [ -106.135052503437365, 28.575858345484043 ], [ -106.135052503437365, 28.575588850898807 ], [ -106.134783008852125, 28.575588850898807 ], [ -106.134783008852125, 28.575858345484043 ], [ -106.135052503437365, 28.575858345484043 ] ] ] ] } },
{ "type": "Feature", "properties": { "ZONA_MET": "Chihuahua", "INTENSIDAD": "Intensa", "T_PROM_POL": 3.0, "T_MIN_CIUD": 1.0, "DIF_TERMIC": 2.0 }, "geometry": { "type": "MultiPolygon", "coordinates": [ [ [ [ -106.117535355397024, 28.575858345484043 ], [ -106.116996366226559, 28.575858345484043 ], [ -106.116996366226559, 28.575588850898807 ], [ -106.117265860811798, 28.575588850898807 ], [ -106.117265860811798, 28.575049861728335 ], [ -106.116726871641319, 28.575049861728335 ], [ -106.116726871641319, 28.574780367143099 ], [ -106.116187882470854, 28.574780367143099 ], [ -106.116187882470854, 28.574510872557866 ], [ -106.116457377056079, 28.574510872557866 ], [ -106.116457377056079, 28.57424137797263 ], [ -106.116726871641319, 28.57424137797263 ], [ -106.116726871641319, 28.573702388802158 ], [ -106.117265860811798, 28.573702388802158 ], [ -106.117265860811798, 28.57424137797263 ], [ -106.117804849982264, 28.57424137797263 ], [ -106.117804849982264, 28.573971883387394 ], [ -106.118074344567503, 28.573971883387394 ], [ -106.118074344567503, 28.573702388802158 ], [ -106.118882828323208, 28.573702388802158 ], [ -106.118882828323208, 28.57424137797263 ], [ -106.119421817493674, 28.57424137797263 ], [ -106.119421817493674, 28.574510872557866 ], [ -106.118074344567503, 28.574510872557866 ], [ -106.118074344567503, 28.574780367143099 ], [ -106.117804849982264, 28.574780367143099 ], [ -106.117804849982264, 28.575049861728335 ], [ -106.118074344567503, 28.575049861728335 ], [ -106.118074344567503, 28.575588850898807 ], [ -106.117535355397024, 28.575588850898807 ], [ -106.117535355397024, 28.575858345484043 ] ] ] ] } },
{ "type": "Feature", "properties": { "ZONA_MET": "Chihuahua", "INTENSIDAD": "Intensa", "T_PROM_POL": 3.0, "T_MIN_CIUD": 1.0, "DIF_TERMIC": 2.0 }, "geometry": { "type": "MultiPolygon", "coordinates": [ [ [ [ -106.131010084658826, 28.57612784006928 ], [ -106.130201600903106, 28.57612784006928 ], [ -106.130201600903106, 28.575858345484043 ], [ -106.129932106317881, 28.575858345484043 ], [ -106.129932106317881, 28.575588850898807 ], [ -106.130201600903106, 28.575588850898807 ], [ -106.130201600903106, 28.574780367143099 ], [ -106.131010084658826, 28.574780367143099 ], [ -106.131010084658826, 28.574510872557866 ], [ -106.131279579244051, 28.574510872557866 ], [ -106.131279579244051, 28.57424137797263 ], [ -106.13208806299977, 28.57424137797263 ], [ -106.13208806299977, 28.573971883387394 ], [ -106.131279579244051, 28.573971883387394 ], [ -106.131279579244051, 28.572893905046449 ], [ -106.131549073829291, 28.572893905046449 ], [ -106.131549073829291, 28.573432894216921 ], [ -106.131818568414531, 28.573432894216921 ], [ -106.131818568414531, 28.573702388802158 ], [ -106.132627052170236, 28.573702388802158 ], [ -106.132627052170236, 28.574510872557866 ], [ -106.132357557584996, 28.574510872557866 ], [ -106.132357557584996, 28.575049861728335 ], [ -106.13208806299977, 28.575049861728335 ], [ -106.13208806299977, 28.575588850898807 ], [ -106.131010084658826, 28.575588850898807 ], [ -106.131010084658826, 28.57612784006928 ] ] ] ] } },
{ "type": "Feature", "properties": { "ZONA_MET": "Chihuahua", "INTENSIDAD": "Intensa", "T_PROM_POL": 4.0, "T_MIN_CIUD": 1.0, "DIF_TERMIC": 2.0 }, "geometry": { "type": "MultiPolygon", "coordinates": [ [ [ [ -106.150952683966267, 28.573432894216921 ], [ -106.150683189381041, 28.573432894216921 ], [ -106.150683189381041, 28.573163399631685 ], [ -106.150413694795802, 28.573163399631685 ], [ -106.150413694795802, 28.572893905046449 ], [ -106.150144200210562, 28.572893905046449 ], [ -106.150144200210562, 28.572624410461213 ], [ -106.150413694795802, 28.572624410461213 ], [ -106.150413694795802, 28.572354915875977 ], [ -106.151222178551507, 28.572354915875977 ], [ -106.151222178551507, 28.572624410461213 ], [ -106.151491673136746, 28.572624410461213 ], [ -106.151491673136746, 28.572354915875977 ], [ -106.151761167721986, 28.572354915875977 ], [ -106.151761167721986, 28.57208542129074 ], [ -106.152300156892451, 28.57208542129074 ], [ -106.152300156892451, 28.572354915875977 ], [ -106.152030662307212, 28.572354915875977 ], [ -106.152030662307212, 28.572624410461213 ], [ -106.152300156892451, 28.572624410461213 ], [ -106.152300156892451, 28.572893905046449 ], [ -106.150952683966267, 28.572893905046449 ], [ -106.150952683966267, 28.573432894216921 ] ] ] ] } },
{ "type": "Feature", "properties": { "ZONA_MET": "Chihuahua", "INTENSIDAD": "Intensa", "T_PROM_POL": 4.0, "T_MIN_CIUD": 1.0, "DIF_TERMIC": 2.0 }, "geometry": { "type": "MultiPolygon", "coordinates": [ [ [ [ -106.115379398715135, 28.577205818410224 ], [ -106.115109904129909, 28.577205818410224 ], [ -106.115109904129909, 28.576666829239752 ], [ -106.114840409544669, 28.576666829239752 ], [ -106.114840409544669, 28.576397334654516 ], [ -106.11457091495943, 28.576397334654516 ], [ -106.11457091495943, 28.575858345484043 ], [ -106.114301420374204, 28.575858345484043 ], [ -106.114301420374204, 28.575588850898807 ], [ -106.114840409544669, 28.575588850898807 ], [ -106.114840409544669, 28.575049861728335 ], [ -106.11457091495943, 28.575049861728335 ], [ -106.11457091495943, 28.574510872557866 ], [ -106.114840409544669, 28.574510872557866 ], [ -106.114840409544669, 28.57424137797263 ], [ -106.115109904129909, 28.57424137797263 ], [ -106.115109904129909, 28.573702388802158 ], [ -106.115379398715135, 28.573702388802158 ], [ -106.115379398715135, 28.573163399631685 ], [ -106.115648893300374, 28.573163399631685 ], [ -106.115648893300374, 28.572624410461213 ], [ -106.115379398715135, 28.572624410461213 ], [ -106.115379398715135, 28.572893905046449 ], [ -106.115109904129909, 28.572893905046449 ], [ -106.115109904129909, 28.572624410461213 ], [ -106.11457091495943, 28.572624410461213 ], [ -106.11457091495943, 28.572354915875977 ], [ -106.114301420374204, 28.572354915875977 ], [ -106.114301420374204, 28.572624410461213 ], [ -106.114031925788964, 28.572624410461213 ], [ -106.114031925788964, 28.57208542129074 ], [ -106.115379398715135, 28.57208542129074 ], [ -106.115379398715135, 28.571815926705504 ], [ -106.115918387885614, 28.571815926705504 ], [ -106.115918387885614, 28.572893905046449 ], [ -106.116187882470854, 28.572893905046449 ], [ -106.116187882470854, 28.573163399631685 ], [ -106.115918387885614, 28.573163399631685 ], [ -106.115918387885614, 28.573702388802158 ], [ -106.116457377056079, 28.573702388802158 ], [ -106.116457377056079, 28.57424137797263 ], [ -106.115379398715135, 28.57424137797263 ], [ -106.115379398715135, 28.574780367143099 ], [ -106.115109904129909, 28.574780367143099 ], [ -106.115109904129909, 28.575319356313571 ], [ -106.115379398715135, 28.575319356313571 ], [ -106.115379398715135, 28.575858345484043 ], [ -106.115648893300374, 28.575858345484043 ], [ -106.115648893300374, 28.575588850898807 ], [ -106.115918387885614, 28.575588850898807 ], [ -106.115918387885614, 28.57612784006928 ], [ -106.116457377056079, 28.57612784006928 ], [ -106.116457377056079, 28.576397334654516 ], [ -106.115918387885614, 28.576397334654516 ], [ -106.115918387885614, 28.576936323824988 ], [ -106.115379398715135, 28.576936323824988 ], [ -106.115379398715135, 28.577205818410224 ] ] ] ] } },
{ "type": "Feature", "properties": { "ZONA_MET": "Chihuahua", "INTENSIDAD": "Intensa", "T_PROM_POL": 3.0, "T_MIN_CIUD": 1.0, "DIF_TERMIC": 2.0 }, "geometry": { "type": "MultiPolygon", "coordinates": [ [ [ [ -106.13747795470448, 28.572354915875977 ], [ -106.136130481778295, 28.572354915875977 ], [ -106.136130481778295, 28.57208542129074 ], [ -106.136938965534014, 28.57208542129074 ], [ -106.136938965534014, 28.571007442949799 ], [ -106.13720846011924, 28.571007442949799 ], [ -106.13720846011924, 28.570737948364563 ], [ -106.13747795470448, 28.570737948364563 ], [ -106.13747795470448, 28.572354915875977 ] ] ] ] } },
{ "type": "Feature", "properties": { "ZONA_MET": "Chihuahua", "INTENSIDAD": "Intensa", "T_PROM_POL": 4.0, "T_MIN_CIUD": 1.0, "DIF_TERMIC": 2.0 }, "geometry": { "type": "MultiPolygon", "coordinates": [ [ [ [ -106.156073081085751, 28.572354915875977 ], [ -106.155803586500525, 28.572354915875977 ], [ -106.155803586500525, 28.57208542129074 ], [ -106.155534091915285, 28.57208542129074 ], [ -106.155534091915285, 28.571276937535036 ], [ -106.155264597330046, 28.571276937535036 ], [ -106.155264597330046, 28.570737948364563 ], [ -106.15472560815958, 28.570737948364563 ], [ -106.15472560815958, 28.571276937535036 ], [ -106.154995102744806, 28.571276937535036 ], [ -106.154995102744806, 28.571546432120268 ], [ -106.154456113574341, 28.571546432120268 ], [ -106.154456113574341, 28.571276937535036 ], [ -106.154186618989101, 28.571276937535036 ], [ -106.154186618989101, 28.571007442949799 ], [ -106.154456113574341, 28.571007442949799 ], [ -106.154456113574341, 28.570737948364563 ], [ -106.154186618989101, 28.570737948364563 ], [ -106.154186618989101, 28.570468453779327 ], [ -106.153917124403861, 28.570468453779327 ], [ -106.153917124403861, 28.570198959194091 ], [ -106.155264597330046, 28.570198959194091 ], [ -106.155264597330046, 28.570468453779327 ], [ -106.155534091915285, 28.570468453779327 ], [ -106.155534091915285, 28.570737948364563 ], [ -106.155803586500525, 28.570737948364563 ], [ -106.155803586500525, 28.571007442949799 ], [ -106.156073081085751, 28.571007442949799 ], [ -106.156073081085751, 28.572354915875977 ] ] ] ] } },
{ "type": "Feature", "properties": { "ZONA_MET": "Chihuahua", "INTENSIDAD": "Extrema", "T_PROM_POL": 4.0, "T_MIN_CIUD": 1.0, "DIF_TERMIC": 2.0 }, "geometry": { "type": "MultiPolygon", "coordinates": [ [ [ [ -106.146910265187742, 28.571276937535036 ], [ -106.146640770602502, 28.571276937535036 ], [ -106.146640770602502, 28.570737948364563 ], [ -106.146371276017263, 28.570737948364563 ], [ -106.146371276017263, 28.571276937535036 ], [ -106.146101781432023, 28.571276937535036 ], [ -106.146101781432023, 28.570468453779327 ], [ -106.146640770602502, 28.570468453779327 ], [ -106.146640770602502, 28.570198959194091 ], [ -106.147449254358207, 28.570198959194091 ], [ -106.147449254358207, 28.570737948364563 ], [ -106.147179759772968, 28.570737948364563 ], [ -106.147179759772968, 28.571007442949799 ], [ -106.146910265187742, 28.571007442949799 ], [ -106.146910265187742, 28.571276937535036 ] ] ] ] } },
{ "type": "Feature", "properties": { "ZONA_MET": "Chihuahua", "INTENSIDAD": "Intensa", "T_PROM_POL": 4.0, "T_MIN_CIUD": 1.0, "DIF_TERMIC": 2.0 }, "geometry": { "type": "MultiPolygon", "coordinates": [ [ [ [ -106.152030662307212, 28.571276937535036 ], [ -106.150952683966267, 28.571276937535036 ], [ -106.150952683966267, 28.570198959194091 ], [ -106.149874705625336, 28.570198959194091 ], [ -106.149874705625336, 28.570468453779327 ], [ -106.149605211040097, 28.570468453779327 ], [ -106.149605211040097, 28.570737948364563 ], [ -106.149335716454857, 28.570737948364563 ], [ -106.149335716454857, 28.570198959194091 ], [ -106.149066221869617, 28.570198959194091 ], [ -106.149066221869617, 28.569929464608855 ], [ -106.148796727284392, 28.569929464608855 ], [ -106.148796727284392, 28.569659970023618 ], [ -106.149874705625336, 28.569659970023618 ], [ -106.149874705625336, 28.569929464608855 ], [ -106.150952683966267, 28.569929464608855 ], [ -106.150952683966267, 28.569390475438382 ], [ -106.151222178551507, 28.569390475438382 ], [ -106.151222178551507, 28.569929464608855 ], [ -106.151491673136746, 28.569929464608855 ], [ -106.151491673136746, 28.570198959194091 ], [ -106.151222178551507, 28.570198959194091 ], [ -106.151222178551507, 28.570737948364563 ], [ -106.152030662307212, 28.570737948364563 ], [ -106.152030662307212, 28.571276937535036 ] ] ] ] } },
{ "type": "Feature", "properties": { "ZONA_MET": "Chihuahua", "INTENSIDAD": "Extrema", "T_PROM_POL": 4.0, "T_MIN_CIUD": 1.0, "DIF_TERMIC": 2.0 }, "geometry": { "type": "MultiPolygon", "coordinates": [ [ [ [ -106.15634257567099, 28.570198959194091 ], [ -106.156073081085751, 28.570198959194091 ], [ -106.156073081085751, 28.569929464608855 ], [ -106.155803586500525, 28.569929464608855 ], [ -106.155803586500525, 28.570198959194091 ], [ -106.154995102744806, 28.570198959194091 ], [ -106.154995102744806, 28.569929464608855 ], [ -106.155264597330046, 28.569929464608855 ], [ -106.155264597330046, 28.569120980853146 ], [ -106.155534091915285, 28.569120980853146 ], [ -106.155534091915285, 28.569390475438382 ], [ -106.156073081085751, 28.569390475438382 ], [ -106.156073081085751, 28.569120980853146 ], [ -106.15661207025623, 28.569120980853146 ], [ -106.15661207025623, 28.569659970023618 ], [ -106.15634257567099, 28.569659970023618 ], [ -106.15634257567099, 28.570198959194091 ] ] ] ] } },
{ "type": "Feature", "properties": { "ZONA_MET": "Chihuahua", "INTENSIDAD": "Intensa", "T_PROM_POL": 4.0, "T_MIN_CIUD": 1.0, "DIF_TERMIC": 2.0 }, "geometry": { "type": "MultiPolygon", "coordinates": [ [ [ [ -106.15822903776764, 28.570737948364563 ], [ -106.157690048597175, 28.570737948364563 ], [ -106.157690048597175, 28.570468453779327 ], [ -106.157420554011935, 28.570468453779327 ], [ -106.157420554011935, 28.570198959194091 ], [ -106.1579595431824, 28.570198959194091 ], [ -106.1579595431824, 28.569929464608855 ], [ -106.15822903776764, 28.569929464608855 ], [ -106.15822903776764, 28.569659970023618 ], [ -106.1579595431824, 28.569659970023618 ], [ -106.1579595431824, 28.568043002512205 ], [ -106.15876802693812, 28.568043002512205 ], [ -106.15876802693812, 28.567773507926969 ], [ -106.159307016108585, 28.567773507926969 ], [ -106.159307016108585, 28.568043002512205 ], [ -106.159576510693825, 28.568043002512205 ], [ -106.159576510693825, 28.56885148626791 ], [ -106.15984600527905, 28.56885148626791 ], [ -106.15984600527905, 28.569120980853146 ], [ -106.16011549986429, 28.569120980853146 ], [ -106.16011549986429, 28.569659970023618 ], [ -106.15984600527905, 28.569659970023618 ], [ -106.15984600527905, 28.569929464608855 ], [ -106.159576510693825, 28.569929464608855 ], [ -106.159576510693825, 28.570198959194091 ], [ -106.159307016108585, 28.570198959194091 ], [ -106.159307016108585, 28.569929464608855 ], [ -106.159037521523345, 28.569929464608855 ], [ -106.159037521523345, 28.570468453779327 ], [ -106.15822903776764, 28.570468453779327 ], [ -106.15822903776764, 28.570737948364563 ] ], [ [ -106.15876802693812, 28.570198959194091 ], [ -106.15876802693812, 28.569390475438382 ], [ -106.15849853235288, 28.569390475438382 ], [ -106.15849853235288, 28.570198959194091 ], [ -106.15876802693812, 28.570198959194091 ] ], [ [ -106.15984600527905, 28.569659970023618 ], [ -106.15984600527905, 28.569390475438382 ], [ -106.159576510693825, 28.569390475438382 ], [ -106.159576510693825, 28.569659970023618 ], [ -106.15984600527905, 28.569659970023618 ] ] ] ] } },
{ "type": "Feature", "properties": { "ZONA_MET": "Chihuahua", "INTENSIDAD": "Intensa", "T_PROM_POL": 3.0, "T_MIN_CIUD": 1.0, "DIF_TERMIC": 2.0 }, "geometry": { "type": "MultiPolygon", "coordinates": [ [ [ [ -106.142059362653484, 28.568581991682674 ], [ -106.141789868068258, 28.568581991682674 ], [ -106.141789868068258, 28.568043002512205 ], [ -106.142059362653484, 28.568043002512205 ], [ -106.142059362653484, 28.567504013341733 ], [ -106.142867846409203, 28.567504013341733 ], [ -106.142867846409203, 28.568043002512205 ], [ -106.143676330164908, 28.568043002512205 ], [ -106.143676330164908, 28.568312497097441 ], [ -106.142059362653484, 28.568312497097441 ], [ -106.142059362653484, 28.568581991682674 ] ] ] ] } },
{ "type": "Feature", "properties": { "ZONA_MET": "Chihuahua", "INTENSIDAD": "Intensa", "T_PROM_POL": 4.0, "T_MIN_CIUD": 1.0, "DIF_TERMIC": 2.0 }, "geometry": { "type": "MultiPolygon", "coordinates": [ [ [ [ -106.144754308505853, 28.56885148626791 ], [ -106.144484813920613, 28.56885148626791 ], [ -106.144484813920613, 28.568581991682674 ], [ -106.144215319335373, 28.568581991682674 ], [ -106.144215319335373, 28.568312497097441 ], [ -106.143945824750148, 28.568312497097441 ], [ -106.143945824750148, 28.567773507926969 ], [ -106.143676330164908, 28.567773507926969 ], [ -106.143676330164908, 28.567504013341733 ], [ -106.143945824750148, 28.567504013341733 ], [ -106.143945824750148, 28.56696502417126 ], [ -106.144215319335373, 28.56696502417126 ], [ -106.144215319335373, 28.567234518756496 ], [ -106.144484813920613, 28.567234518756496 ], [ -106.144484813920613, 28.567773507926969 ], [ -106.144215319335373, 28.567773507926969 ], [ -106.144215319335373, 28.568043002512205 ], [ -106.144484813920613, 28.568043002512205 ], [ -106.144484813920613, 28.568312497097441 ], [ -106.145293297676318, 28.568312497097441 ], [ -106.145293297676318, 28.568581991682674 ], [ -106.144754308505853, 28.568581991682674 ], [ -106.144754308505853, 28.56885148626791 ] ] ] ] } },
{ "type": "Feature", "properties": { "ZONA_MET": "Chihuahua", "INTENSIDAD": "Intensa", "T_PROM_POL": 3.0, "T_MIN_CIUD": 1.0, "DIF_TERMIC": 2.0 }, "geometry": { "type": "MultiPolygon", "coordinates": [ [ [ [ -106.113762431203725, 28.567504013341733 ], [ -106.113223442033259, 28.567504013341733 ], [ -106.113223442033259, 28.566695529586024 ], [ -106.11295394744802, 28.566695529586024 ], [ -106.11295394744802, 28.56696502417126 ], [ -106.11268445286278, 28.56696502417126 ], [ -106.11268445286278, 28.566695529586024 ], [ -106.112145463692315, 28.566695529586024 ], [ -106.112145463692315, 28.566156540415552 ], [ -106.111606474521835, 28.566156540415552 ], [ -106.111606474521835, 28.565887045830316 ], [ -106.111875969107075, 28.565887045830316 ], [ -106.111875969107075, 28.565617551245079 ], [ -106.111606474521835, 28.565617551245079 ], [ -106.111606474521835, 28.565078562074611 ], [ -106.111875969107075, 28.565078562074611 ], [ -106.111875969107075, 28.565348056659847 ], [ -106.11241495827754, 28.565348056659847 ], [ -106.11241495827754, 28.565617551245079 ], [ -106.11295394744802, 28.565617551245079 ], [ -106.11295394744802, 28.566156540415552 ], [ -106.11268445286278, 28.566156540415552 ], [ -106.11268445286278, 28.566426035000788 ], [ -106.113762431203725, 28.566426035000788 ], [ -106.113762431203725, 28.566695529586024 ], [ -106.114031925788964, 28.566695529586024 ], [ -106.114031925788964, 28.56696502417126 ], [ -106.113762431203725, 28.56696502417126 ], [ -106.113762431203725, 28.567504013341733 ] ], [ [ -106.11241495827754, 28.566156540415552 ], [ -106.11241495827754, 28.565887045830316 ], [ -106.112145463692315, 28.565887045830316 ], [ -106.112145463692315, 28.566156540415552 ], [ -106.11241495827754, 28.566156540415552 ] ] ] ] } },
{ "type": "Feature", "properties": { "ZONA_MET": "Chihuahua", "INTENSIDAD": "Intensa", "T_PROM_POL": 4.0, "T_MIN_CIUD": 1.0, "DIF_TERMIC": 2.0 }, "geometry": { "type": "MultiPolygon", "coordinates": [ [ [ [ -106.151222178551507, 28.561036143296072 ], [ -106.150144200210562, 28.561036143296072 ], [ -106.150144200210562, 28.560766648710835 ], [ -106.150413694795802, 28.560766648710835 ], [ -106.150413694795802, 28.559958164955127 ], [ -106.150952683966267, 28.559958164955127 ], [ -106.150952683966267, 28.559688670369891 ], [ -106.151222178551507, 28.559688670369891 ], [ -106.151222178551507, 28.558880186614186 ], [ -106.151491673136746, 28.558880186614186 ], [ -106.151491673136746, 28.55861069202895 ], [ -106.151761167721986, 28.55861069202895 ], [ -106.151761167721986, 28.558341197443713 ], [ -106.152030662307212, 28.558341197443713 ], [ -106.152030662307212, 28.558071702858477 ], [ -106.152300156892451, 28.558071702858477 ], [ -106.152300156892451, 28.55861069202895 ], [ -106.152030662307212, 28.55861069202895 ], [ -106.152030662307212, 28.558880186614186 ], [ -106.151761167721986, 28.558880186614186 ], [ -106.151761167721986, 28.559149681199422 ], [ -106.152030662307212, 28.559149681199422 ], [ -106.152030662307212, 28.559419175784658 ], [ -106.152300156892451, 28.559419175784658 ], [ -106.152300156892451, 28.559688670369891 ], [ -106.152569651477691, 28.559688670369891 ], [ -106.152569651477691, 28.559958164955127 ], [ -106.152300156892451, 28.559958164955127 ], [ -106.152300156892451, 28.560227659540363 ], [ -106.151761167721986, 28.560227659540363 ], [ -106.151761167721986, 28.560766648710835 ], [ -106.151222178551507, 28.560766648710835 ], [ -106.151222178551507, 28.561036143296072 ] ], [ [ -106.151491673136746, 28.560227659540363 ], [ -106.151491673136746, 28.559958164955127 ], [ -106.151222178551507, 28.559958164955127 ], [ -106.151222178551507, 28.560227659540363 ], [ -106.151491673136746, 28.560227659540363 ] ], [ [ -106.152030662307212, 28.559688670369891 ], [ -106.152030662307212, 28.559419175784658 ], [ -106.151761167721986, 28.559419175784658 ], [ -106.151761167721986, 28.559688670369891 ], [ -106.152030662307212, 28.559688670369891 ] ] ] ] } },
{ "type": "Feature", "properties": { "ZONA_MET": "Chihuahua", "INTENSIDAD": "Intensa", "T_PROM_POL": 3.0, "T_MIN_CIUD": 1.0, "DIF_TERMIC": 2.0 }, "geometry": { "type": "MultiPolygon", "coordinates": [ [ [ [ -106.154995102744806, 28.555107262420883 ], [ -106.15472560815958, 28.555107262420883 ], [ -106.15472560815958, 28.55456827325041 ], [ -106.154456113574341, 28.55456827325041 ], [ -106.154456113574341, 28.554029284079938 ], [ -106.15472560815958, 28.554029284079938 ], [ -106.15472560815958, 28.553220800324233 ], [ -106.154995102744806, 28.553220800324233 ], [ -106.154995102744806, 28.553490294909466 ], [ -106.155264597330046, 28.553490294909466 ], [ -106.155264597330046, 28.553759789494702 ], [ -106.155534091915285, 28.553759789494702 ], [ -106.155534091915285, 28.553490294909466 ], [ -106.155803586500525, 28.553490294909466 ], [ -106.155803586500525, 28.553220800324233 ], [ -106.156073081085751, 28.553220800324233 ], [ -106.156073081085751, 28.552951305738997 ], [ -106.15634257567099, 28.552951305738997 ], [ -106.15634257567099, 28.553490294909466 ], [ -106.156073081085751, 28.553490294909466 ], [ -106.156073081085751, 28.554029284079938 ], [ -106.154995102744806, 28.554029284079938 ], [ -106.154995102744806, 28.555107262420883 ] ] ] ] } },
{ "type": "Feature", "properties": { "ZONA_MET": "Chihuahua", "INTENSIDAD": "Intensa", "T_PROM_POL": 4.0, "T_MIN_CIUD": 1.0, "DIF_TERMIC": 2.0 }, "geometry": { "type": "MultiPolygon", "coordinates": [ [ [ [ -106.156073081085751, 28.552142821983288 ], [ -106.155264597330046, 28.552142821983288 ], [ -106.155264597330046, 28.551603832812816 ], [ -106.155534091915285, 28.551603832812816 ], [ -106.155534091915285, 28.551064843642344 ], [ -106.155803586500525, 28.551064843642344 ], [ -106.155803586500525, 28.550795349057108 ], [ -106.154995102744806, 28.550795349057108 ], [ -106.154995102744806, 28.550256359886639 ], [ -106.155534091915285, 28.550256359886639 ], [ -106.155534091915285, 28.550525854471871 ], [ -106.15634257567099, 28.550525854471871 ], [ -106.15634257567099, 28.550795349057108 ], [ -106.15661207025623, 28.550795349057108 ], [ -106.15661207025623, 28.551064843642344 ], [ -106.15634257567099, 28.551064843642344 ], [ -106.15634257567099, 28.55133433822758 ], [ -106.15661207025623, 28.55133433822758 ], [ -106.15661207025623, 28.551603832812816 ], [ -106.15634257567099, 28.551603832812816 ], [ -106.15634257567099, 28.551873327398052 ], [ -106.156073081085751, 28.551873327398052 ], [ -106.156073081085751, 28.552142821983288 ] ] ] ] } },
{ "type": "Feature", "properties": { "ZONA_MET": "Chihuahua", "INTENSIDAD": "Intensa", "T_PROM_POL": 4.0, "T_MIN_CIUD": 1.0, "DIF_TERMIC": 2.0 }, "geometry": { "type": "MultiPolygon", "coordinates": [ [ [ [ -106.1579595431824, 28.551603832812816 ], [ -106.157420554011935, 28.551603832812816 ], [ -106.157420554011935, 28.55133433822758 ], [ -106.157151059426695, 28.55133433822758 ], [ -106.157151059426695, 28.551064843642344 ], [ -106.157690048597175, 28.551064843642344 ], [ -106.157690048597175, 28.550795349057108 ], [ -106.1579595431824, 28.550795349057108 ], [ -106.1579595431824, 28.550525854471871 ], [ -106.15822903776764, 28.550525854471871 ], [ -106.15822903776764, 28.550256359886639 ], [ -106.15849853235288, 28.550256359886639 ], [ -106.15849853235288, 28.549986865301403 ], [ -106.159037521523345, 28.549986865301403 ], [ -106.159037521523345, 28.550256359886639 ], [ -106.15876802693812, 28.550256359886639 ], [ -106.15876802693812, 28.550525854471871 ], [ -106.15849853235288, 28.550525854471871 ], [ -106.15849853235288, 28.550795349057108 ], [ -106.15822903776764, 28.550795349057108 ], [ -106.15822903776764, 28.551064843642344 ], [ -106.1579595431824, 28.551064843642344 ], [ -106.1579595431824, 28.551603832812816 ] ] ] ] } },
{ "type": "Feature", "properties": { "ZONA_MET": "Chihuahua", "INTENSIDAD": "Extrema", "T_PROM_POL": 4.0, "T_MIN_CIUD": 1.0, "DIF_TERMIC": 2.0 }, "geometry": { "type": "MultiPolygon", "coordinates": [ [ [ [ -106.15634257567099, 28.550525854471871 ], [ -106.155534091915285, 28.550525854471871 ], [ -106.155534091915285, 28.550256359886639 ], [ -106.154995102744806, 28.550256359886639 ], [ -106.154995102744806, 28.549986865301403 ], [ -106.155264597330046, 28.549986865301403 ], [ -106.155264597330046, 28.54944787613093 ], [ -106.155534091915285, 28.54944787613093 ], [ -106.155534091915285, 28.549178381545694 ], [ -106.155803586500525, 28.549178381545694 ], [ -106.155803586500525, 28.54944787613093 ], [ -106.156073081085751, 28.54944787613093 ], [ -106.156073081085751, 28.550256359886639 ], [ -106.15634257567099, 28.550256359886639 ], [ -106.15634257567099, 28.550525854471871 ] ] ] ] } },
{ "type": "Feature", "properties": { "ZONA_MET": "Chihuahua", "INTENSIDAD": "Intensa", "T_PROM_POL": 4.0, "T_MIN_CIUD": 1.0, "DIF_TERMIC": 2.0 }, "geometry": { "type": "MultiPolygon", "coordinates": [ [ [ [ -106.159576510693825, 28.547291919449044 ], [ -106.159307016108585, 28.547291919449044 ], [ -106.159307016108585, 28.547022424863808 ], [ -106.159037521523345, 28.547022424863808 ], [ -106.159037521523345, 28.5462139411081 ], [ -106.159307016108585, 28.5462139411081 ], [ -106.159307016108585, 28.545944446522864 ], [ -106.159576510693825, 28.545944446522864 ], [ -106.159576510693825, 28.545674951937627 ], [ -106.16011549986429, 28.545674951937627 ], [ -106.16011549986429, 28.545944446522864 ], [ -106.15984600527905, 28.545944446522864 ], [ -106.15984600527905, 28.547022424863808 ], [ -106.159576510693825, 28.547022424863808 ], [ -106.159576510693825, 28.547291919449044 ] ] ] ] } },
{ "type": "Feature", "properties": { "ZONA_MET": "Chihuahua", "INTENSIDAD": "Extrema", "T_PROM_POL": 4.0, "T_MIN_CIUD": 1.0, "DIF_TERMIC": 2.0 }, "geometry": { "type": "MultiPolygon", "coordinates": [ [ [ [ -106.159037521523345, 28.549986865301403 ], [ -106.15849853235288, 28.549986865301403 ], [ -106.15849853235288, 28.549717370716166 ], [ -106.15876802693812, 28.549717370716166 ], [ -106.15876802693812, 28.54944787613093 ], [ -106.159037521523345, 28.54944787613093 ], [ -106.159037521523345, 28.549178381545694 ], [ -106.15876802693812, 28.549178381545694 ], [ -106.15876802693812, 28.548908886960458 ], [ -106.159307016108585, 28.548908886960458 ], [ -106.159307016108585, 28.548639392375222 ], [ -106.159576510693825, 28.548639392375222 ], [ -106.159576510693825, 28.548369897789986 ], [ -106.15984600527905, 28.548369897789986 ], [ -106.15984600527905, 28.548100403204749 ], [ -106.159576510693825, 28.548100403204749 ], [ -106.159576510693825, 28.547561414034277 ], [ -106.15876802693812, 28.547561414034277 ], [ -106.15876802693812, 28.547291919449044 ], [ -106.15822903776764, 28.547291919449044 ], [ -106.15822903776764, 28.547022424863808 ], [ -106.1579595431824, 28.547022424863808 ], [ -106.1579595431824, 28.546752930278572 ], [ -106.15822903776764, 28.546752930278572 ], [ -106.15822903776764, 28.546483435693336 ], [ -106.15876802693812, 28.546483435693336 ], [ -106.15876802693812, 28.5462139411081 ], [ -106.159037521523345, 28.5462139411081 ], [ -106.159037521523345, 28.547022424863808 ], [ -106.159307016108585, 28.547022424863808 ], [ -106.159307016108585, 28.547291919449044 ], [ -106.159576510693825, 28.547291919449044 ], [ -106.159576510693825, 28.547022424863808 ], [ -106.15984600527905, 28.547022424863808 ], [ -106.15984600527905, 28.545944446522864 ], [ -106.16011549986429, 28.545944446522864 ], [ -106.16011549986429, 28.545674951937627 ], [ -106.160384994449529, 28.545674951937627 ], [ -106.160384994449529, 28.545944446522864 ], [ -106.160923983619995, 28.545944446522864 ], [ -106.160923983619995, 28.546752930278572 ], [ -106.161193478205234, 28.546752930278572 ], [ -106.161193478205234, 28.5462139411081 ], [ -106.161462972790474, 28.5462139411081 ], [ -106.161462972790474, 28.545944446522864 ], [ -106.161732467375714, 28.545944446522864 ], [ -106.161732467375714, 28.545674951937627 ], [ -106.161193478205234, 28.545674951937627 ], [ -106.161193478205234, 28.545405457352391 ], [ -106.160654489034769, 28.545405457352391 ], [ -106.160654489034769, 28.545135962767155 ], [ -106.160923983619995, 28.545135962767155 ], [ -106.160923983619995, 28.544866468181919 ], [ -106.161462972790474, 28.544866468181919 ], [ -106.161462972790474, 28.545405457352391 ], [ -106.162271456546179, 28.545405457352391 ], [ -106.162271456546179, 28.545674951937627 ], [ -106.162540951131419, 28.545674951937627 ], [ -106.162540951131419, 28.545944446522864 ], [ -106.162810445716644, 28.545944446522864 ], [ -106.162810445716644, 28.546483435693336 ], [ -106.162540951131419, 28.546483435693336 ], [ -106.162540951131419, 28.546752930278572 ], [ -106.162001961960939, 28.546752930278572 ], [ -106.162001961960939, 28.5462139411081 ], [ -106.161732467375714, 28.5462139411081 ], [ -106.161732467375714, 28.546752930278572 ], [ -106.161462972790474, 28.546752930278572 ], [ -106.161462972790474, 28.547291919449044 ], [ -106.160923983619995, 28.547291919449044 ], [ -106.160923983619995, 28.547561414034277 ], [ -106.160654489034769, 28.547561414034277 ], [ -106.160654489034769, 28.547830908619513 ], [ -106.160384994449529, 28.547830908619513 ], [ -106.160384994449529, 28.548369897789986 ], [ -106.16011549986429, 28.548369897789986 ], [ -106.16011549986429, 28.548908886960458 ], [ -106.15984600527905, 28.548908886960458 ], [ -106.15984600527905, 28.549178381545694 ], [ -106.159576510693825, 28.549178381545694 ], [ -106.159576510693825, 28.54944787613093 ], [ -106.159307016108585, 28.54944787613093 ], [ -106.159307016108585, 28.549717370716166 ], [ -106.159037521523345, 28.549717370716166 ], [ -106.159037521523345, 28.549986865301403 ] ], [ [ -106.16011549986429, 28.548100403204749 ], [ -106.16011549986429, 28.547830908619513 ], [ -106.15984600527905, 28.547830908619513 ], [ -106.15984600527905, 28.548100403204749 ], [ -106.16011549986429, 28.548100403204749 ] ], [ [ -106.16011549986429, 28.547561414034277 ], [ -106.16011549986429, 28.547291919449044 ], [ -106.15984600527905, 28.547291919449044 ], [ -106.15984600527905, 28.547561414034277 ], [ -106.16011549986429, 28.547561414034277 ] ], [ [ -106.160654489034769, 28.547291919449044 ], [ -106.160654489034769, 28.547022424863808 ], [ -106.160923983619995, 28.547022424863808 ], [ -106.160923983619995, 28.546752930278572 ], [ -106.160384994449529, 28.546752930278572 ], [ -106.160384994449529, 28.547022424863808 ], [ -106.16011549986429, 28.547022424863808 ], [ -106.16011549986429, 28.547291919449044 ], [ -106.160654489034769, 28.547291919449044 ] ] ] ] } },
{ "type": "Feature", "properties": { "ZONA_MET": "Chihuahua", "INTENSIDAD": "Extrema", "T_PROM_POL": 4.0, "T_MIN_CIUD": 1.0, "DIF_TERMIC": 2.0 }, "geometry": { "type": "MultiPolygon", "coordinates": [ [ [ [ -106.162540951131419, 28.545405457352391 ], [ -106.162271456546179, 28.545405457352391 ], [ -106.162271456546179, 28.544866468181919 ], [ -106.162540951131419, 28.544866468181919 ], [ -106.162540951131419, 28.544596973596683 ], [ -106.162810445716644, 28.544596973596683 ], [ -106.162810445716644, 28.54432747901145 ], [ -106.163079940301884, 28.54432747901145 ], [ -106.163079940301884, 28.544057984426214 ], [ -106.163349434887124, 28.544057984426214 ], [ -106.163349434887124, 28.543788489840978 ], [ -106.163618929472364, 28.543788489840978 ], [ -106.163618929472364, 28.54432747901145 ], [ -106.163888424057589, 28.54432747901145 ], [ -106.163888424057589, 28.544596973596683 ], [ -106.163618929472364, 28.544596973596683 ], [ -106.163618929472364, 28.544866468181919 ], [ -106.163349434887124, 28.544866468181919 ], [ -106.163349434887124, 28.544596973596683 ], [ -106.163079940301884, 28.544596973596683 ], [ -106.163079940301884, 28.544866468181919 ], [ -106.162810445716644, 28.544866468181919 ], [ -106.162810445716644, 28.545135962767155 ], [ -106.162540951131419, 28.545135962767155 ], [ -106.162540951131419, 28.545405457352391 ] ] ] ] } }
]
}
