{
"type": "FeatureCollection",
"name": "UHI_La_Paz",
"crs": { "type": "name", "properties": { "name": "urn:ogc:def:crs:OGC:1.3:CRS84" } },
"features": [
{ "type": "Feature", "properties": { "ZONA_MET": "La_Paz", "INTENSIDAD": "Intensa", "T_PROM_POL": 4.0, "T_MIN_CIUD": 3.0, "DIF_TERMIC": 1.0 }, "geometry": { "type": "MultiPolygon", "coordinates": [ [ [ [ -110.259667130472138, 24.16288451224689 ], [ -110.259397635886899, 24.16288451224689 ], [ -110.259397635886899, 24.162345523076418 ], [ -110.259128141301659, 24.162345523076418 ], [ -110.259128141301659, 24.162076028491182 ], [ -110.259397635886899, 24.162076028491182 ], [ -110.259397635886899, 24.161537039320713 ], [ -110.259936625057364, 24.161537039320713 ], [ -110.259936625057364, 24.161267544735477 ], [ -110.260206119642604, 24.161267544735477 ], [ -110.260206119642604, 24.162076028491182 ], [ -110.259936625057364, 24.162076028491182 ], [ -110.259936625057364, 24.162615017661654 ], [ -110.259667130472138, 24.162615017661654 ], [ -110.259667130472138, 24.16288451224689 ] ] ] ] } },
{ "type": "Feature", "properties": { "ZONA_MET": "La_Paz", "INTENSIDAD": "Intensa", "T_PROM_POL": 4.0, "T_MIN_CIUD": 3.0, "DIF_TERMIC": 1.0 }, "geometry": { "type": "MultiPolygon", "coordinates": [ [ [ [ -110.304672726206519, 24.157494620542174 ], [ -110.304403231621279, 24.157494620542174 ], [ -110.304403231621279, 24.157225125956938 ], [ -110.304133737036054, 24.157225125956938 ], [ -110.304133737036054, 24.156416642201229 ], [ -110.302786264109869, 24.156416642201229 ], [ -110.302786264109869, 24.156147147615993 ], [ -110.303055758695109, 24.156147147615993 ], [ -110.303055758695109, 24.15587765303076 ], [ -110.303325253280335, 24.15587765303076 ], [ -110.303325253280335, 24.156147147615993 ], [ -110.303864242450814, 24.156147147615993 ], [ -110.303864242450814, 24.15587765303076 ], [ -110.304133737036054, 24.15587765303076 ], [ -110.304133737036054, 24.156147147615993 ], [ -110.304403231621279, 24.156147147615993 ], [ -110.304403231621279, 24.156416642201229 ], [ -110.304942220791759, 24.156416642201229 ], [ -110.304942220791759, 24.157225125956938 ], [ -110.304672726206519, 24.157225125956938 ], [ -110.304672726206519, 24.157494620542174 ] ] ] ] } },
{ "type": "Feature", "properties": { "ZONA_MET": "La_Paz", "INTENSIDAD": "Intensa", "T_PROM_POL": 4.0, "T_MIN_CIUD": 3.0, "DIF_TERMIC": 1.0 }, "geometry": { "type": "MultiPolygon", "coordinates": [ [ [ [ -110.243766949943222, 24.157494620542174 ], [ -110.243227960772742, 24.157494620542174 ], [ -110.243227960772742, 24.157225125956938 ], [ -110.242958466187503, 24.157225125956938 ], [ -110.242958466187503, 24.156955631371702 ], [ -110.243497455357982, 24.156955631371702 ], [ -110.243497455357982, 24.156416642201229 ], [ -110.243766949943222, 24.156416642201229 ], [ -110.243766949943222, 24.156147147615993 ], [ -110.244036444528447, 24.156147147615993 ], [ -110.244036444528447, 24.155608158445524 ], [ -110.244575433698927, 24.155608158445524 ], [ -110.244575433698927, 24.155338663860288 ], [ -110.244844928284152, 24.155338663860288 ], [ -110.244844928284152, 24.15587765303076 ], [ -110.245922906625097, 24.15587765303076 ], [ -110.245922906625097, 24.156147147615993 ], [ -110.245653412039871, 24.156147147615993 ], [ -110.245653412039871, 24.156416642201229 ], [ -110.245383917454632, 24.156416642201229 ], [ -110.245383917454632, 24.156147147615993 ], [ -110.245114422869392, 24.156147147615993 ], [ -110.245114422869392, 24.156416642201229 ], [ -110.244844928284152, 24.156416642201229 ], [ -110.244844928284152, 24.156686136786465 ], [ -110.244575433698927, 24.156686136786465 ], [ -110.244575433698927, 24.156955631371702 ], [ -110.243766949943222, 24.156955631371702 ], [ -110.243766949943222, 24.157494620542174 ] ] ] ] } },
{ "type": "Feature", "properties": { "ZONA_MET": "La_Paz", "INTENSIDAD": "Intensa", "T_PROM_POL": 4.0, "T_MIN_CIUD": 3.0, "DIF_TERMIC": 1.0 }, "geometry": { "type": "MultiPolygon", "coordinates": [ [ [ [ -110.256163700864064, 24.156147147615993 ], [ -110.255894206278825, 24.156147147615993 ], [ -110.255894206278825, 24.155608158445524 ], [ -110.256163700864064, 24.155608158445524 ], [ -110.256163700864064, 24.155069169275052 ], [ -110.256433195449304, 24.155069169275052 ], [ -110.256433195449304, 24.15453018010458 ], [ -110.256702690034544, 24.15453018010458 ], [ -110.256702690034544, 24.154799674689816 ], [ -110.257241679205009, 24.154799674689816 ], [ -110.257241679205009, 24.155069169275052 ], [ -110.256972184619769, 24.155069169275052 ], [ -110.256972184619769, 24.155608158445524 ], [ -110.256702690034544, 24.155608158445524 ], [ -110.256702690034544, 24.15587765303076 ], [ -110.256163700864064, 24.15587765303076 ], [ -110.256163700864064, 24.156147147615993 ] ] ] ] } },
{ "type": "Feature", "properties": { "ZONA_MET": "La_Paz", "INTENSIDAD": "Intensa", "T_PROM_POL": 4.0, "T_MIN_CIUD": 3.0, "DIF_TERMIC": 1.0 }, "geometry": { "type": "MultiPolygon", "coordinates": [ [ [ [ -110.247809368721747, 24.155608158445524 ], [ -110.247539874136521, 24.155608158445524 ], [ -110.247539874136521, 24.15453018010458 ], [ -110.247270379551281, 24.15453018010458 ], [ -110.247270379551281, 24.153991190934107 ], [ -110.247809368721747, 24.153991190934107 ], [ -110.247809368721747, 24.153721696348871 ], [ -110.248348357892226, 24.153721696348871 ], [ -110.248348357892226, 24.153991190934107 ], [ -110.248617852477466, 24.153991190934107 ], [ -110.248617852477466, 24.153452201763635 ], [ -110.248887347062691, 24.153452201763635 ], [ -110.248887347062691, 24.153721696348871 ], [ -110.249426336233171, 24.153721696348871 ], [ -110.249426336233171, 24.154260685519343 ], [ -110.249156841647931, 24.154260685519343 ], [ -110.249156841647931, 24.153991190934107 ], [ -110.248887347062691, 24.153991190934107 ], [ -110.248887347062691, 24.154260685519343 ], [ -110.248617852477466, 24.154260685519343 ], [ -110.248617852477466, 24.15453018010458 ], [ -110.248078863306986, 24.15453018010458 ], [ -110.248078863306986, 24.154799674689816 ], [ -110.247809368721747, 24.154799674689816 ], [ -110.247809368721747, 24.155608158445524 ] ], [ [ -110.248078863306986, 24.15453018010458 ], [ -110.248078863306986, 24.154260685519343 ], [ -110.247809368721747, 24.154260685519343 ], [ -110.247809368721747, 24.15453018010458 ], [ -110.248078863306986, 24.15453018010458 ] ] ] ] } },
{ "type": "Feature", "properties": { "ZONA_MET": "La_Paz", "INTENSIDAD": "Intensa", "T_PROM_POL": 4.0, "T_MIN_CIUD": 3.0, "DIF_TERMIC": 1.0 }, "geometry": { "type": "MultiPolygon", "coordinates": [ [ [ [ -110.259936625057364, 24.151565739666985 ], [ -110.259128141301659, 24.151565739666985 ], [ -110.259128141301659, 24.151296245081749 ], [ -110.259397635886899, 24.151296245081749 ], [ -110.259397635886899, 24.150757255911277 ], [ -110.260206119642604, 24.150757255911277 ], [ -110.260206119642604, 24.15048776132604 ], [ -110.259936625057364, 24.15048776132604 ], [ -110.259936625057364, 24.150218266740804 ], [ -110.260475614227843, 24.150218266740804 ], [ -110.260475614227843, 24.149948772155568 ], [ -110.260745108813069, 24.149948772155568 ], [ -110.260745108813069, 24.150218266740804 ], [ -110.261284097983548, 24.150218266740804 ], [ -110.261284097983548, 24.150757255911277 ], [ -110.261553592568788, 24.150757255911277 ], [ -110.261553592568788, 24.151026750496513 ], [ -110.259936625057364, 24.151026750496513 ], [ -110.259936625057364, 24.151565739666985 ] ] ] ] } },
{ "type": "Feature", "properties": { "ZONA_MET": "La_Paz", "INTENSIDAD": "Intensa", "T_PROM_POL": 4.0, "T_MIN_CIUD": 3.0, "DIF_TERMIC": 1.0 }, "geometry": { "type": "MultiPolygon", "coordinates": [ [ [ [ -110.263170560080198, 24.150218266740804 ], [ -110.262901065494958, 24.150218266740804 ], [ -110.262901065494958, 24.149140288399863 ], [ -110.263440054665438, 24.149140288399863 ], [ -110.263440054665438, 24.149409782985099 ], [ -110.264518033006382, 24.149409782985099 ], [ -110.264518033006382, 24.149679277570336 ], [ -110.263979043835903, 24.149679277570336 ], [ -110.263979043835903, 24.149948772155568 ], [ -110.263170560080198, 24.149948772155568 ], [ -110.263170560080198, 24.150218266740804 ] ] ] ] } },
{ "type": "Feature", "properties": { "ZONA_MET": "La_Paz", "INTENSIDAD": "Intensa", "T_PROM_POL": 4.0, "T_MIN_CIUD": 3.0, "DIF_TERMIC": 1.0 }, "geometry": { "type": "MultiPolygon", "coordinates": [ [ [ [ -110.273411354319165, 24.15048776132604 ], [ -110.273141859733926, 24.15048776132604 ], [ -110.273141859733926, 24.150218266740804 ], [ -110.272872365148686, 24.150218266740804 ], [ -110.272872365148686, 24.149948772155568 ], [ -110.273141859733926, 24.149948772155568 ], [ -110.273141859733926, 24.149679277570336 ], [ -110.272872365148686, 24.149679277570336 ], [ -110.272872365148686, 24.149409782985099 ], [ -110.272063881392981, 24.149409782985099 ], [ -110.272063881392981, 24.149679277570336 ], [ -110.271524892222516, 24.149679277570336 ], [ -110.271524892222516, 24.149409782985099 ], [ -110.271794386807741, 24.149409782985099 ], [ -110.271794386807741, 24.149140288399863 ], [ -110.272872365148686, 24.149140288399863 ], [ -110.272872365148686, 24.148601299229391 ], [ -110.273141859733926, 24.148601299229391 ], [ -110.273141859733926, 24.148870793814627 ], [ -110.273411354319165, 24.148870793814627 ], [ -110.273411354319165, 24.15048776132604 ] ] ] ] } },
{ "type": "Feature", "properties": { "ZONA_MET": "La_Paz", "INTENSIDAD": "Intensa", "T_PROM_POL": 4.0, "T_MIN_CIUD": 3.0, "DIF_TERMIC": 1.0 }, "geometry": { "type": "MultiPolygon", "coordinates": [ [ [ [ -110.271524892222516, 24.142672418354202 ], [ -110.270985903052036, 24.142672418354202 ], [ -110.270985903052036, 24.142402923768966 ], [ -110.270716408466797, 24.142402923768966 ], [ -110.270716408466797, 24.141594440013257 ], [ -110.270985903052036, 24.141594440013257 ], [ -110.270985903052036, 24.141055450842785 ], [ -110.270446913881571, 24.141055450842785 ], [ -110.270446913881571, 24.140785956257552 ], [ -110.270177419296331, 24.140785956257552 ], [ -110.270177419296331, 24.140516461672316 ], [ -110.270446913881571, 24.140516461672316 ], [ -110.270446913881571, 24.14024696708708 ], [ -110.270716408466797, 24.14024696708708 ], [ -110.270716408466797, 24.140785956257552 ], [ -110.271255397637276, 24.140785956257552 ], [ -110.271255397637276, 24.14024696708708 ], [ -110.271524892222516, 24.14024696708708 ], [ -110.271524892222516, 24.139707977916608 ], [ -110.271794386807741, 24.139707977916608 ], [ -110.271794386807741, 24.139977472501844 ], [ -110.272602870563446, 24.139977472501844 ], [ -110.272602870563446, 24.14024696708708 ], [ -110.271794386807741, 24.14024696708708 ], [ -110.271794386807741, 24.140516461672316 ], [ -110.272063881392981, 24.140516461672316 ], [ -110.272063881392981, 24.141324945428021 ], [ -110.272333375978221, 24.141324945428021 ], [ -110.272333375978221, 24.141594440013257 ], [ -110.271524892222516, 24.141594440013257 ], [ -110.271524892222516, 24.142672418354202 ] ] ] ] } },
{ "type": "Feature", "properties": { "ZONA_MET": "La_Paz", "INTENSIDAD": "Intensa", "T_PROM_POL": 4.0, "T_MIN_CIUD": 3.0, "DIF_TERMIC": 1.0 }, "geometry": { "type": "MultiPolygon", "coordinates": [ [ [ [ -110.315183015030712, 24.140785956257552 ], [ -110.314644025860247, 24.140785956257552 ], [ -110.314644025860247, 24.140516461672316 ], [ -110.314913520445486, 24.140516461672316 ], [ -110.314913520445486, 24.14024696708708 ], [ -110.314644025860247, 24.14024696708708 ], [ -110.314644025860247, 24.139977472501844 ], [ -110.314374531275007, 24.139977472501844 ], [ -110.314374531275007, 24.14024696708708 ], [ -110.314105036689782, 24.14024696708708 ], [ -110.314105036689782, 24.139707977916608 ], [ -110.314374531275007, 24.139707977916608 ], [ -110.314374531275007, 24.139438483331372 ], [ -110.315452509615952, 24.139438483331372 ], [ -110.315452509615952, 24.139707977916608 ], [ -110.315722004201191, 24.139707977916608 ], [ -110.315722004201191, 24.14024696708708 ], [ -110.315452509615952, 24.14024696708708 ], [ -110.315452509615952, 24.140516461672316 ], [ -110.315183015030712, 24.140516461672316 ], [ -110.315183015030712, 24.140785956257552 ] ], [ [ -110.315452509615952, 24.14024696708708 ], [ -110.315452509615952, 24.139977472501844 ], [ -110.315183015030712, 24.139977472501844 ], [ -110.315183015030712, 24.14024696708708 ], [ -110.315452509615952, 24.14024696708708 ] ] ] ] } },
{ "type": "Feature", "properties": { "ZONA_MET": "La_Paz", "INTENSIDAD": "Intensa", "T_PROM_POL": 4.0, "T_MIN_CIUD": 3.0, "DIF_TERMIC": 1.0 }, "geometry": { "type": "MultiPolygon", "coordinates": [ [ [ [ -110.268290957199682, 24.139707977916608 ], [ -110.268021462614442, 24.139707977916608 ], [ -110.268021462614442, 24.139438483331372 ], [ -110.267212978858737, 24.139438483331372 ], [ -110.267212978858737, 24.139707977916608 ], [ -110.266943484273497, 24.139707977916608 ], [ -110.266943484273497, 24.139438483331372 ], [ -110.266404495103032, 24.139438483331372 ], [ -110.266404495103032, 24.139168988746135 ], [ -110.266135000517792, 24.139168988746135 ], [ -110.266135000517792, 24.139438483331372 ], [ -110.265865505932553, 24.139438483331372 ], [ -110.265865505932553, 24.138899494160899 ], [ -110.266404495103032, 24.138899494160899 ], [ -110.266404495103032, 24.138629999575663 ], [ -110.266943484273497, 24.138629999575663 ], [ -110.266943484273497, 24.139168988746135 ], [ -110.268290957199682, 24.139168988746135 ], [ -110.268290957199682, 24.139707977916608 ] ] ] ] } },
{ "type": "Feature", "properties": { "ZONA_MET": "La_Paz", "INTENSIDAD": "Intensa", "T_PROM_POL": 4.0, "T_MIN_CIUD": 3.0, "DIF_TERMIC": 1.0 }, "geometry": { "type": "MultiPolygon", "coordinates": [ [ [ [ -110.272872365148686, 24.131623140359533 ], [ -110.272333375978221, 24.131623140359533 ], [ -110.272333375978221, 24.131353645774297 ], [ -110.272063881392981, 24.131353645774297 ], [ -110.272063881392981, 24.130545162018588 ], [ -110.271794386807741, 24.130545162018588 ], [ -110.271794386807741, 24.130275667433352 ], [ -110.272333375978221, 24.130275667433352 ], [ -110.272333375978221, 24.130006172848116 ], [ -110.272602870563446, 24.130006172848116 ], [ -110.272602870563446, 24.12973667826288 ], [ -110.272872365148686, 24.12973667826288 ], [ -110.272872365148686, 24.130275667433352 ], [ -110.272602870563446, 24.130275667433352 ], [ -110.272602870563446, 24.130545162018588 ], [ -110.272872365148686, 24.130545162018588 ], [ -110.272872365148686, 24.131623140359533 ] ], [ [ -110.272602870563446, 24.130814656603825 ], [ -110.272602870563446, 24.130545162018588 ], [ -110.272333375978221, 24.130545162018588 ], [ -110.272333375978221, 24.130814656603825 ], [ -110.272602870563446, 24.130814656603825 ] ] ] ] } },
{ "type": "Feature", "properties": { "ZONA_MET": "La_Paz", "INTENSIDAD": "Extrema", "T_PROM_POL": 4.0, "T_MIN_CIUD": 3.0, "DIF_TERMIC": 1.0 }, "geometry": { "type": "MultiPolygon", "coordinates": [ [ [ [ -110.314374531275007, 24.128119710751466 ], [ -110.313027058348837, 24.128119710751466 ], [ -110.313027058348837, 24.127311226995758 ], [ -110.313296552934062, 24.127311226995758 ], [ -110.313296552934062, 24.127041732410522 ], [ -110.313027058348837, 24.127041732410522 ], [ -110.313027058348837, 24.126502743240049 ], [ -110.313296552934062, 24.126502743240049 ], [ -110.313296552934062, 24.126772237825286 ], [ -110.314105036689782, 24.126772237825286 ], [ -110.314105036689782, 24.126233248654813 ], [ -110.314374531275007, 24.126233248654813 ], [ -110.314374531275007, 24.126502743240049 ], [ -110.315183015030712, 24.126502743240049 ], [ -110.315183015030712, 24.126772237825286 ], [ -110.314913520445486, 24.126772237825286 ], [ -110.314913520445486, 24.127580721580994 ], [ -110.314374531275007, 24.127580721580994 ], [ -110.314374531275007, 24.128119710751466 ] ] ] ] } },
{ "type": "Feature", "properties": { "ZONA_MET": "La_Paz", "INTENSIDAD": "Intensa", "T_PROM_POL": 4.0, "T_MIN_CIUD": 3.0, "DIF_TERMIC": 1.0 }, "geometry": { "type": "MultiPolygon", "coordinates": [ [ [ [ -110.314913520445486, 24.128389205336703 ], [ -110.312488069178357, 24.128389205336703 ], [ -110.312488069178357, 24.128119710751466 ], [ -110.312757563763597, 24.128119710751466 ], [ -110.312757563763597, 24.12785021616623 ], [ -110.313027058348837, 24.12785021616623 ], [ -110.313027058348837, 24.128119710751466 ], [ -110.314374531275007, 24.128119710751466 ], [ -110.314374531275007, 24.127580721580994 ], [ -110.314913520445486, 24.127580721580994 ], [ -110.314913520445486, 24.126772237825286 ], [ -110.315183015030712, 24.126772237825286 ], [ -110.315183015030712, 24.126502743240049 ], [ -110.314374531275007, 24.126502743240049 ], [ -110.314374531275007, 24.126233248654813 ], [ -110.314913520445486, 24.126233248654813 ], [ -110.314913520445486, 24.125963754069577 ], [ -110.315452509615952, 24.125963754069577 ], [ -110.315452509615952, 24.126502743240049 ], [ -110.315722004201191, 24.126502743240049 ], [ -110.315722004201191, 24.126233248654813 ], [ -110.315991498786431, 24.126233248654813 ], [ -110.315991498786431, 24.127041732410522 ], [ -110.315452509615952, 24.127041732410522 ], [ -110.315452509615952, 24.127311226995758 ], [ -110.315183015030712, 24.127311226995758 ], [ -110.315183015030712, 24.128119710751466 ], [ -110.314913520445486, 24.128119710751466 ], [ -110.314913520445486, 24.128389205336703 ] ] ] ] } },
{ "type": "Feature", "properties": { "ZONA_MET": "La_Paz", "INTENSIDAD": "Intensa", "T_PROM_POL": 4.0, "T_MIN_CIUD": 3.0, "DIF_TERMIC": 1.0 }, "geometry": { "type": "MultiPolygon", "coordinates": [ [ [ [ -110.334586625167702, 24.126502743240049 ], [ -110.333778141411997, 24.126502743240049 ], [ -110.333778141411997, 24.126233248654813 ], [ -110.333508646826758, 24.126233248654813 ], [ -110.333508646826758, 24.125155270313872 ], [ -110.333778141411997, 24.125155270313872 ], [ -110.333778141411997, 24.125424764899108 ], [ -110.334317130582463, 24.125424764899108 ], [ -110.334317130582463, 24.125963754069577 ], [ -110.334586625167702, 24.125963754069577 ], [ -110.334586625167702, 24.126502743240049 ] ] ] ] } },
{ "type": "Feature", "properties": { "ZONA_MET": "La_Paz", "INTENSIDAD": "Extrema", "T_PROM_POL": 4.0, "T_MIN_CIUD": 3.0, "DIF_TERMIC": 1.0 }, "geometry": { "type": "MultiPolygon", "coordinates": [ [ [ [ -110.313566047519302, 24.126233248654813 ], [ -110.313027058348837, 24.126233248654813 ], [ -110.313027058348837, 24.125963754069577 ], [ -110.312218574593118, 24.125963754069577 ], [ -110.312218574593118, 24.125424764899108 ], [ -110.312488069178357, 24.125424764899108 ], [ -110.312488069178357, 24.1246162811434 ], [ -110.312757563763597, 24.1246162811434 ], [ -110.312757563763597, 24.125424764899108 ], [ -110.313296552934062, 24.125424764899108 ], [ -110.313296552934062, 24.125155270313872 ], [ -110.313835542104542, 24.125155270313872 ], [ -110.313835542104542, 24.125424764899108 ], [ -110.313566047519302, 24.125424764899108 ], [ -110.313566047519302, 24.126233248654813 ] ] ] ] } },
{ "type": "Feature", "properties": { "ZONA_MET": "La_Paz", "INTENSIDAD": "Intensa", "T_PROM_POL": 4.0, "T_MIN_CIUD": 3.0, "DIF_TERMIC": 1.0 }, "geometry": { "type": "MultiPolygon", "coordinates": [ [ [ [ -110.313027058348837, 24.127041732410522 ], [ -110.312218574593118, 24.127041732410522 ], [ -110.312218574593118, 24.126772237825286 ], [ -110.311949080007892, 24.126772237825286 ], [ -110.311949080007892, 24.125963754069577 ], [ -110.311679585422652, 24.125963754069577 ], [ -110.311679585422652, 24.124346786558164 ], [ -110.311140596252187, 24.124346786558164 ], [ -110.311140596252187, 24.123807797387691 ], [ -110.310332112496468, 24.123807797387691 ], [ -110.310332112496468, 24.123538302802455 ], [ -110.310062617911242, 24.123538302802455 ], [ -110.310062617911242, 24.123268808217219 ], [ -110.309793123326003, 24.123268808217219 ], [ -110.309793123326003, 24.122999313631983 ], [ -110.310332112496468, 24.122999313631983 ], [ -110.310332112496468, 24.122729819046747 ], [ -110.310601607081708, 24.122729819046747 ], [ -110.310601607081708, 24.122460324461514 ], [ -110.311679585422652, 24.122460324461514 ], [ -110.311679585422652, 24.122190829876278 ], [ -110.312218574593118, 24.122190829876278 ], [ -110.312218574593118, 24.122460324461514 ], [ -110.312488069178357, 24.122460324461514 ], [ -110.312488069178357, 24.122729819046747 ], [ -110.311949080007892, 24.122729819046747 ], [ -110.311949080007892, 24.122999313631983 ], [ -110.312488069178357, 24.122999313631983 ], [ -110.312488069178357, 24.123268808217219 ], [ -110.311949080007892, 24.123268808217219 ], [ -110.311949080007892, 24.123807797387691 ], [ -110.312218574593118, 24.123807797387691 ], [ -110.312218574593118, 24.123538302802455 ], [ -110.312757563763597, 24.123538302802455 ], [ -110.312757563763597, 24.123807797387691 ], [ -110.313296552934062, 24.123807797387691 ], [ -110.313296552934062, 24.124346786558164 ], [ -110.313835542104542, 24.124346786558164 ], [ -110.313835542104542, 24.1246162811434 ], [ -110.314105036689782, 24.1246162811434 ], [ -110.314105036689782, 24.125155270313872 ], [ -110.314644025860247, 24.125155270313872 ], [ -110.314644025860247, 24.125424764899108 ], [ -110.314374531275007, 24.125424764899108 ], [ -110.314374531275007, 24.125694259484344 ], [ -110.314105036689782, 24.125694259484344 ], [ -110.314105036689782, 24.125424764899108 ], [ -110.313835542104542, 24.125424764899108 ], [ -110.313835542104542, 24.125155270313872 ], [ -110.313296552934062, 24.125155270313872 ], [ -110.313296552934062, 24.1246162811434 ], [ -110.313027058348837, 24.1246162811434 ], [ -110.313027058348837, 24.124346786558164 ], [ -110.312757563763597, 24.124346786558164 ], [ -110.312757563763597, 24.1246162811434 ], [ -110.312218574593118, 24.1246162811434 ], [ -110.312218574593118, 24.125155270313872 ], [ -110.312488069178357, 24.125155270313872 ], [ -110.312488069178357, 24.125424764899108 ], [ -110.312218574593118, 24.125424764899108 ], [ -110.312218574593118, 24.125963754069577 ], [ -110.313027058348837, 24.125963754069577 ], [ -110.313027058348837, 24.126233248654813 ], [ -110.313296552934062, 24.126233248654813 ], [ -110.313296552934062, 24.126502743240049 ], [ -110.313027058348837, 24.126502743240049 ], [ -110.313027058348837, 24.127041732410522 ] ], [ [ -110.311679585422652, 24.123807797387691 ], [ -110.311679585422652, 24.123268808217219 ], [ -110.310601607081708, 24.123268808217219 ], [ -110.310601607081708, 24.123538302802455 ], [ -110.311140596252187, 24.123538302802455 ], [ -110.311140596252187, 24.123807797387691 ], [ -110.311679585422652, 24.123807797387691 ] ] ] ] } },
{ "type": "Feature", "properties": { "ZONA_MET": "La_Paz", "INTENSIDAD": "Intensa", "T_PROM_POL": 4.0, "T_MIN_CIUD": 3.0, "DIF_TERMIC": 1.0 }, "geometry": { "type": "MultiPolygon", "coordinates": [ [ [ [ -110.315722004201191, 24.123268808217219 ], [ -110.315183015030712, 24.123268808217219 ], [ -110.315183015030712, 24.121651840705805 ], [ -110.314913520445486, 24.121651840705805 ], [ -110.314913520445486, 24.121382346120569 ], [ -110.315183015030712, 24.121382346120569 ], [ -110.315183015030712, 24.121112851535333 ], [ -110.315452509615952, 24.121112851535333 ], [ -110.315452509615952, 24.121382346120569 ], [ -110.315722004201191, 24.121382346120569 ], [ -110.315722004201191, 24.121651840705805 ], [ -110.315452509615952, 24.121651840705805 ], [ -110.315452509615952, 24.122190829876278 ], [ -110.315991498786431, 24.122190829876278 ], [ -110.315991498786431, 24.122460324461514 ], [ -110.315722004201191, 24.122460324461514 ], [ -110.315722004201191, 24.123268808217219 ] ] ] ] } },
{ "type": "Feature", "properties": { "ZONA_MET": "La_Paz", "INTENSIDAD": "Intensa", "T_PROM_POL": 4.0, "T_MIN_CIUD": 3.0, "DIF_TERMIC": 1.0 }, "geometry": { "type": "MultiPolygon", "coordinates": [ [ [ [ -110.294701426552791, 24.121921335291042 ], [ -110.294162437382326, 24.121921335291042 ], [ -110.294162437382326, 24.121651840705805 ], [ -110.294431931967551, 24.121651840705805 ], [ -110.294431931967551, 24.121382346120569 ], [ -110.294701426552791, 24.121382346120569 ], [ -110.294701426552791, 24.121112851535333 ], [ -110.295779404893736, 24.121112851535333 ], [ -110.295779404893736, 24.120843356950097 ], [ -110.296048899478976, 24.120843356950097 ], [ -110.296048899478976, 24.121651840705805 ], [ -110.295240415723271, 24.121651840705805 ], [ -110.295240415723271, 24.121382346120569 ], [ -110.294970921138031, 24.121382346120569 ], [ -110.294970921138031, 24.121651840705805 ], [ -110.294701426552791, 24.121651840705805 ], [ -110.294701426552791, 24.121921335291042 ] ] ] ] } },
{ "type": "Feature", "properties": { "ZONA_MET": "La_Paz", "INTENSIDAD": "Extrema", "T_PROM_POL": 4.0, "T_MIN_CIUD": 3.0, "DIF_TERMIC": 1.0 }, "geometry": { "type": "MultiPolygon", "coordinates": [ [ [ [ -110.456937166864776, 24.121112851535333 ], [ -110.456667672279551, 24.121112851535333 ], [ -110.456667672279551, 24.120843356950097 ], [ -110.454511715597661, 24.120843356950097 ], [ -110.454511715597661, 24.120573862364861 ], [ -110.457745650620481, 24.120573862364861 ], [ -110.457745650620481, 24.120843356950097 ], [ -110.456937166864776, 24.120843356950097 ], [ -110.456937166864776, 24.121112851535333 ] ] ] ] } },
{ "type": "Feature", "properties": { "ZONA_MET": "La_Paz", "INTENSIDAD": "Extrema", "T_PROM_POL": 4.0, "T_MIN_CIUD": 3.0, "DIF_TERMIC": 1.0 }, "geometry": { "type": "MultiPolygon", "coordinates": [ [ [ [ -110.453164242671477, 24.120573862364861 ], [ -110.448852329307698, 24.120573862364861 ], [ -110.448852329307698, 24.120304367779624 ], [ -110.447235361796288, 24.120304367779624 ], [ -110.447235361796288, 24.120034873194388 ], [ -110.449930307648643, 24.120034873194388 ], [ -110.449930307648643, 24.120304367779624 ], [ -110.453164242671477, 24.120304367779624 ], [ -110.453164242671477, 24.120573862364861 ] ] ] ] } },
{ "type": "Feature", "properties": { "ZONA_MET": "La_Paz", "INTENSIDAD": "Extrema", "T_PROM_POL": 4.0, "T_MIN_CIUD": 3.0, "DIF_TERMIC": 1.0 }, "geometry": { "type": "MultiPolygon", "coordinates": [ [ [ [ -110.445079405114399, 24.120034873194388 ], [ -110.441575975506339, 24.120034873194388 ], [ -110.441575975506339, 24.119765378609152 ], [ -110.445079405114399, 24.119765378609152 ], [ -110.445079405114399, 24.120034873194388 ] ] ] ] } },
{ "type": "Feature", "properties": { "ZONA_MET": "La_Paz", "INTENSIDAD": "Intensa", "T_PROM_POL": 4.0, "T_MIN_CIUD": 3.0, "DIF_TERMIC": 1.0 }, "geometry": { "type": "MultiPolygon", "coordinates": [ [ [ [ -110.309523628740763, 24.121112851535333 ], [ -110.308715144985058, 24.121112851535333 ], [ -110.308715144985058, 24.120843356950097 ], [ -110.308445650399818, 24.120843356950097 ], [ -110.308445650399818, 24.121112851535333 ], [ -110.306559188303169, 24.121112851535333 ], [ -110.306559188303169, 24.120843356950097 ], [ -110.307098177473648, 24.120843356950097 ], [ -110.307098177473648, 24.120573862364861 ], [ -110.306559188303169, 24.120573862364861 ], [ -110.306559188303169, 24.11949588402392 ], [ -110.306828682888408, 24.11949588402392 ], [ -110.306828682888408, 24.119226389438683 ], [ -110.307098177473648, 24.119226389438683 ], [ -110.307098177473648, 24.120034873194388 ], [ -110.307367672058874, 24.120034873194388 ], [ -110.307367672058874, 24.119765378609152 ], [ -110.307637166644113, 24.119765378609152 ], [ -110.307637166644113, 24.120843356950097 ], [ -110.308176155814593, 24.120843356950097 ], [ -110.308176155814593, 24.120034873194388 ], [ -110.308445650399818, 24.120034873194388 ], [ -110.308445650399818, 24.120304367779624 ], [ -110.308715144985058, 24.120304367779624 ], [ -110.308715144985058, 24.120573862364861 ], [ -110.308984639570298, 24.120573862364861 ], [ -110.308984639570298, 24.120843356950097 ], [ -110.309523628740763, 24.120843356950097 ], [ -110.309523628740763, 24.121112851535333 ] ] ] ] } },
{ "type": "Feature", "properties": { "ZONA_MET": "La_Paz", "INTENSIDAD": "Intensa", "T_PROM_POL": 4.0, "T_MIN_CIUD": 3.0, "DIF_TERMIC": 1.0 }, "geometry": { "type": "MultiPolygon", "coordinates": [ [ [ [ -110.294701426552791, 24.120843356950097 ], [ -110.294431931967551, 24.120843356950097 ], [ -110.294431931967551, 24.120573862364861 ], [ -110.294162437382326, 24.120573862364861 ], [ -110.294162437382326, 24.120304367779624 ], [ -110.293892942797086, 24.120304367779624 ], [ -110.293892942797086, 24.120034873194388 ], [ -110.295240415723271, 24.120034873194388 ], [ -110.295240415723271, 24.119765378609152 ], [ -110.293623448211846, 24.119765378609152 ], [ -110.293623448211846, 24.118956894853447 ], [ -110.293892942797086, 24.118956894853447 ], [ -110.293892942797086, 24.119226389438683 ], [ -110.295240415723271, 24.119226389438683 ], [ -110.295240415723271, 24.118956894853447 ], [ -110.295509910308496, 24.118956894853447 ], [ -110.295509910308496, 24.119226389438683 ], [ -110.295779404893736, 24.119226389438683 ], [ -110.295779404893736, 24.11949588402392 ], [ -110.295509910308496, 24.11949588402392 ], [ -110.295509910308496, 24.120304367779624 ], [ -110.295240415723271, 24.120304367779624 ], [ -110.295240415723271, 24.120573862364861 ], [ -110.294701426552791, 24.120573862364861 ], [ -110.294701426552791, 24.120843356950097 ] ] ] ] } },
{ "type": "Feature", "properties": { "ZONA_MET": "La_Paz", "INTENSIDAD": "Extrema", "T_PROM_POL": 4.0, "T_MIN_CIUD": 3.0, "DIF_TERMIC": 1.0 }, "geometry": { "type": "MultiPolygon", "coordinates": [ [ [ [ -110.436455578386855, 24.120573862364861 ], [ -110.435916589216376, 24.120573862364861 ], [ -110.435916589216376, 24.120304367779624 ], [ -110.43564709463115, 24.120304367779624 ], [ -110.43564709463115, 24.120034873194388 ], [ -110.435108105460671, 24.120034873194388 ], [ -110.435108105460671, 24.119765378609152 ], [ -110.43564709463115, 24.119765378609152 ], [ -110.43564709463115, 24.11949588402392 ], [ -110.434838610875445, 24.11949588402392 ], [ -110.434838610875445, 24.119765378609152 ], [ -110.434569116290206, 24.119765378609152 ], [ -110.434569116290206, 24.11949588402392 ], [ -110.434299621704966, 24.11949588402392 ], [ -110.434299621704966, 24.119226389438683 ], [ -110.433491137949261, 24.119226389438683 ], [ -110.433491137949261, 24.118956894853447 ], [ -110.432952148778782, 24.118956894853447 ], [ -110.432952148778782, 24.118687400268211 ], [ -110.432682654193556, 24.118687400268211 ], [ -110.432682654193556, 24.118417905682975 ], [ -110.432143665023077, 24.118417905682975 ], [ -110.432143665023077, 24.118148411097739 ], [ -110.432952148778782, 24.118148411097739 ], [ -110.432952148778782, 24.118417905682975 ], [ -110.433491137949261, 24.118417905682975 ], [ -110.433491137949261, 24.118687400268211 ], [ -110.433760632534501, 24.118687400268211 ], [ -110.433760632534501, 24.118956894853447 ], [ -110.434569116290206, 24.118956894853447 ], [ -110.434569116290206, 24.119226389438683 ], [ -110.4375335567278, 24.119226389438683 ], [ -110.4375335567278, 24.11949588402392 ], [ -110.439959007994915, 24.11949588402392 ], [ -110.439959007994915, 24.119765378609152 ], [ -110.436455578386855, 24.119765378609152 ], [ -110.436455578386855, 24.120034873194388 ], [ -110.436725072972095, 24.120034873194388 ], [ -110.436725072972095, 24.120304367779624 ], [ -110.436455578386855, 24.120304367779624 ], [ -110.436455578386855, 24.120573862364861 ] ], [ [ -110.436186083801616, 24.120304367779624 ], [ -110.436186083801616, 24.120034873194388 ], [ -110.435916589216376, 24.120034873194388 ], [ -110.435916589216376, 24.120304367779624 ], [ -110.436186083801616, 24.120304367779624 ] ] ] ] } },
{ "type": "Feature", "properties": { "ZONA_MET": "La_Paz", "INTENSIDAD": "Intensa", "T_PROM_POL": 4.0, "T_MIN_CIUD": 3.0, "DIF_TERMIC": 1.0 }, "geometry": { "type": "MultiPolygon", "coordinates": [ [ [ [ -110.316530487956896, 24.121112851535333 ], [ -110.315452509615952, 24.121112851535333 ], [ -110.315452509615952, 24.120573862364861 ], [ -110.315991498786431, 24.120573862364861 ], [ -110.315991498786431, 24.120304367779624 ], [ -110.315722004201191, 24.120304367779624 ], [ -110.315722004201191, 24.120034873194388 ], [ -110.315183015030712, 24.120034873194388 ], [ -110.315183015030712, 24.119765378609152 ], [ -110.314913520445486, 24.119765378609152 ], [ -110.314913520445486, 24.11949588402392 ], [ -110.315452509615952, 24.11949588402392 ], [ -110.315452509615952, 24.119765378609152 ], [ -110.315991498786431, 24.119765378609152 ], [ -110.315991498786431, 24.119226389438683 ], [ -110.316530487956896, 24.119226389438683 ], [ -110.316530487956896, 24.118956894853447 ], [ -110.316260993371657, 24.118956894853447 ], [ -110.316260993371657, 24.118417905682975 ], [ -110.316530487956896, 24.118417905682975 ], [ -110.316530487956896, 24.118687400268211 ], [ -110.317338971712601, 24.118687400268211 ], [ -110.317338971712601, 24.117878916512502 ], [ -110.316799982542136, 24.117878916512502 ], [ -110.316799982542136, 24.118148411097739 ], [ -110.316260993371657, 24.118148411097739 ], [ -110.316260993371657, 24.117878916512502 ], [ -110.316530487956896, 24.117878916512502 ], [ -110.316530487956896, 24.117609421927266 ], [ -110.316799982542136, 24.117609421927266 ], [ -110.316799982542136, 24.117070432756794 ], [ -110.317069477127376, 24.117070432756794 ], [ -110.317069477127376, 24.11733992734203 ], [ -110.317608466297841, 24.11733992734203 ], [ -110.317608466297841, 24.117609421927266 ], [ -110.317877960883081, 24.117609421927266 ], [ -110.317877960883081, 24.11733992734203 ], [ -110.318147455468306, 24.11733992734203 ], [ -110.318147455468306, 24.117070432756794 ], [ -110.317877960883081, 24.117070432756794 ], [ -110.317877960883081, 24.116800938171558 ], [ -110.318147455468306, 24.116800938171558 ], [ -110.318147455468306, 24.116261949001089 ], [ -110.318416950053546, 24.116261949001089 ], [ -110.318416950053546, 24.117878916512502 ], [ -110.317877960883081, 24.117878916512502 ], [ -110.317877960883081, 24.118687400268211 ], [ -110.317608466297841, 24.118687400268211 ], [ -110.317608466297841, 24.11949588402392 ], [ -110.317069477127376, 24.11949588402392 ], [ -110.317069477127376, 24.119765378609152 ], [ -110.316799982542136, 24.119765378609152 ], [ -110.316799982542136, 24.120034873194388 ], [ -110.316530487956896, 24.120034873194388 ], [ -110.316530487956896, 24.121112851535333 ] ], [ [ -110.316799982542136, 24.11949588402392 ], [ -110.316799982542136, 24.119226389438683 ], [ -110.316530487956896, 24.119226389438683 ], [ -110.316530487956896, 24.11949588402392 ], [ -110.316799982542136, 24.11949588402392 ] ], [ [ -110.317069477127376, 24.119226389438683 ], [ -110.317069477127376, 24.118956894853447 ], [ -110.316799982542136, 24.118956894853447 ], [ -110.316799982542136, 24.119226389438683 ], [ -110.317069477127376, 24.119226389438683 ] ] ] ] } },
{ "type": "Feature", "properties": { "ZONA_MET": "La_Paz", "INTENSIDAD": "Intensa", "T_PROM_POL": 4.0, "T_MIN_CIUD": 3.0, "DIF_TERMIC": 1.0 }, "geometry": { "type": "MultiPolygon", "coordinates": [ [ [ [ -110.344018935650951, 24.120034873194388 ], [ -110.343749441065725, 24.120034873194388 ], [ -110.343749441065725, 24.11949588402392 ], [ -110.343210451895246, 24.11949588402392 ], [ -110.343210451895246, 24.119226389438683 ], [ -110.34267146272478, 24.119226389438683 ], [ -110.34267146272478, 24.118956894853447 ], [ -110.343749441065725, 24.118956894853447 ], [ -110.343749441065725, 24.118417905682975 ], [ -110.343479946480485, 24.118417905682975 ], [ -110.343479946480485, 24.118148411097739 ], [ -110.343210451895246, 24.118148411097739 ], [ -110.343210451895246, 24.117878916512502 ], [ -110.342940957310006, 24.117878916512502 ], [ -110.342940957310006, 24.117609421927266 ], [ -110.343210451895246, 24.117609421927266 ], [ -110.343210451895246, 24.117070432756794 ], [ -110.342401968139541, 24.117070432756794 ], [ -110.342401968139541, 24.11733992734203 ], [ -110.34267146272478, 24.11733992734203 ], [ -110.34267146272478, 24.117878916512502 ], [ -110.342132473554301, 24.117878916512502 ], [ -110.342132473554301, 24.117609421927266 ], [ -110.341323989798596, 24.117609421927266 ], [ -110.341323989798596, 24.11733992734203 ], [ -110.341593484383836, 24.11733992734203 ], [ -110.341593484383836, 24.117070432756794 ], [ -110.342132473554301, 24.117070432756794 ], [ -110.342132473554301, 24.116531443586325 ], [ -110.34267146272478, 24.116531443586325 ], [ -110.34267146272478, 24.116261949001089 ], [ -110.343210451895246, 24.116261949001089 ], [ -110.343210451895246, 24.116531443586325 ], [ -110.343479946480485, 24.116531443586325 ], [ -110.343479946480485, 24.116800938171558 ], [ -110.344018935650951, 24.116800938171558 ], [ -110.344018935650951, 24.116261949001089 ], [ -110.345096913991895, 24.116261949001089 ], [ -110.345096913991895, 24.116800938171558 ], [ -110.34455792482143, 24.116800938171558 ], [ -110.34455792482143, 24.116531443586325 ], [ -110.34428843023619, 24.116531443586325 ], [ -110.34428843023619, 24.117070432756794 ], [ -110.344018935650951, 24.117070432756794 ], [ -110.344018935650951, 24.117878916512502 ], [ -110.34428843023619, 24.117878916512502 ], [ -110.34428843023619, 24.118148411097739 ], [ -110.344018935650951, 24.118148411097739 ], [ -110.344018935650951, 24.118417905682975 ], [ -110.345366408577135, 24.118417905682975 ], [ -110.345366408577135, 24.118687400268211 ], [ -110.345635903162375, 24.118687400268211 ], [ -110.345635903162375, 24.118956894853447 ], [ -110.34455792482143, 24.118956894853447 ], [ -110.34455792482143, 24.118687400268211 ], [ -110.344018935650951, 24.118687400268211 ], [ -110.344018935650951, 24.11949588402392 ], [ -110.34428843023619, 24.11949588402392 ], [ -110.34428843023619, 24.119765378609152 ], [ -110.344018935650951, 24.119765378609152 ], [ -110.344018935650951, 24.120034873194388 ] ] ] ] } },
{ "type": "Feature", "properties": { "ZONA_MET": "La_Paz", "INTENSIDAD": "Intensa", "T_PROM_POL": 4.0, "T_MIN_CIUD": 3.0, "DIF_TERMIC": 1.0 }, "geometry": { "type": "MultiPolygon", "coordinates": [ [ [ [ -110.341054495213356, 24.11949588402392 ], [ -110.340785000628131, 24.11949588402392 ], [ -110.340785000628131, 24.119226389438683 ], [ -110.339707022287186, 24.119226389438683 ], [ -110.339707022287186, 24.118956894853447 ], [ -110.339437527701946, 24.118956894853447 ], [ -110.339437527701946, 24.11949588402392 ], [ -110.339168033116707, 24.11949588402392 ], [ -110.339168033116707, 24.118956894853447 ], [ -110.338629043946241, 24.118956894853447 ], [ -110.338629043946241, 24.118687400268211 ], [ -110.338359549361002, 24.118687400268211 ], [ -110.338359549361002, 24.118956894853447 ], [ -110.337820560190536, 24.118956894853447 ], [ -110.337820560190536, 24.119226389438683 ], [ -110.336203592679112, 24.119226389438683 ], [ -110.336203592679112, 24.118956894853447 ], [ -110.335395108923407, 24.118956894853447 ], [ -110.335395108923407, 24.118687400268211 ], [ -110.334586625167702, 24.118687400268211 ], [ -110.334586625167702, 24.118417905682975 ], [ -110.335125614338168, 24.118417905682975 ], [ -110.335125614338168, 24.118148411097739 ], [ -110.335934098093873, 24.118148411097739 ], [ -110.335934098093873, 24.117878916512502 ], [ -110.335395108923407, 24.117878916512502 ], [ -110.335395108923407, 24.116800938171558 ], [ -110.336203592679112, 24.116800938171558 ], [ -110.336203592679112, 24.116261949001089 ], [ -110.336742581849592, 24.116261949001089 ], [ -110.336742581849592, 24.115992454415853 ], [ -110.337012076434817, 24.115992454415853 ], [ -110.337012076434817, 24.117070432756794 ], [ -110.336742581849592, 24.117070432756794 ], [ -110.336742581849592, 24.11733992734203 ], [ -110.337281571020057, 24.11733992734203 ], [ -110.337281571020057, 24.117070432756794 ], [ -110.337551065605297, 24.117070432756794 ], [ -110.337551065605297, 24.11733992734203 ], [ -110.337820560190536, 24.11733992734203 ], [ -110.337820560190536, 24.117878916512502 ], [ -110.339707022287186, 24.117878916512502 ], [ -110.339707022287186, 24.117609421927266 ], [ -110.339976516872412, 24.117609421927266 ], [ -110.339976516872412, 24.117878916512502 ], [ -110.340515506042891, 24.117878916512502 ], [ -110.340515506042891, 24.117609421927266 ], [ -110.340785000628131, 24.117609421927266 ], [ -110.340785000628131, 24.11733992734203 ], [ -110.341054495213356, 24.11733992734203 ], [ -110.341054495213356, 24.117609421927266 ], [ -110.341323989798596, 24.117609421927266 ], [ -110.341323989798596, 24.117878916512502 ], [ -110.341054495213356, 24.117878916512502 ], [ -110.341054495213356, 24.118148411097739 ], [ -110.340785000628131, 24.118148411097739 ], [ -110.340785000628131, 24.118417905682975 ], [ -110.341054495213356, 24.118417905682975 ], [ -110.341054495213356, 24.11949588402392 ] ], [ [ -110.339707022287186, 24.118687400268211 ], [ -110.339707022287186, 24.118417905682975 ], [ -110.339437527701946, 24.118417905682975 ], [ -110.339437527701946, 24.118687400268211 ], [ -110.339707022287186, 24.118687400268211 ] ], [ [ -110.336473087264352, 24.118687400268211 ], [ -110.336473087264352, 24.118417905682975 ], [ -110.335664603508647, 24.118417905682975 ], [ -110.335664603508647, 24.118687400268211 ], [ -110.336473087264352, 24.118687400268211 ] ], [ [ -110.339437527701946, 24.118417905682975 ], [ -110.339437527701946, 24.118148411097739 ], [ -110.339168033116707, 24.118148411097739 ], [ -110.339168033116707, 24.118417905682975 ], [ -110.339437527701946, 24.118417905682975 ] ], [ [ -110.337012076434817, 24.118148411097739 ], [ -110.337012076434817, 24.117878916512502 ], [ -110.336742581849592, 24.117878916512502 ], [ -110.336742581849592, 24.118148411097739 ], [ -110.337012076434817, 24.118148411097739 ] ] ] ] } },
{ "type": "Feature", "properties": { "ZONA_MET": "La_Paz", "INTENSIDAD": "Intensa", "T_PROM_POL": 4.0, "T_MIN_CIUD": 3.0, "DIF_TERMIC": 1.0 }, "geometry": { "type": "MultiPolygon", "coordinates": [ [ [ [ -110.291736986115197, 24.117878916512502 ], [ -110.291467491529957, 24.117878916512502 ], [ -110.291467491529957, 24.117609421927266 ], [ -110.291197996944732, 24.117609421927266 ], [ -110.291197996944732, 24.11733992734203 ], [ -110.291736986115197, 24.11733992734203 ], [ -110.291736986115197, 24.116800938171558 ], [ -110.292275975285676, 24.116800938171558 ], [ -110.292275975285676, 24.116531443586325 ], [ -110.292545469870902, 24.116531443586325 ], [ -110.292545469870902, 24.115992454415853 ], [ -110.292275975285676, 24.115992454415853 ], [ -110.292275975285676, 24.115722959830617 ], [ -110.291736986115197, 24.115722959830617 ], [ -110.291736986115197, 24.11545346524538 ], [ -110.293353953626607, 24.11545346524538 ], [ -110.293353953626607, 24.116800938171558 ], [ -110.293623448211846, 24.116800938171558 ], [ -110.293623448211846, 24.117070432756794 ], [ -110.293353953626607, 24.117070432756794 ], [ -110.293353953626607, 24.117609421927266 ], [ -110.292545469870902, 24.117609421927266 ], [ -110.292545469870902, 24.11733992734203 ], [ -110.292814964456142, 24.11733992734203 ], [ -110.292814964456142, 24.117070432756794 ], [ -110.292275975285676, 24.117070432756794 ], [ -110.292275975285676, 24.117609421927266 ], [ -110.291736986115197, 24.117609421927266 ], [ -110.291736986115197, 24.117878916512502 ] ], [ [ -110.293084459041381, 24.115992454415853 ], [ -110.293084459041381, 24.115722959830617 ], [ -110.292814964456142, 24.115722959830617 ], [ -110.292814964456142, 24.115992454415853 ], [ -110.293084459041381, 24.115992454415853 ] ] ] ] } },
{ "type": "Feature", "properties": { "ZONA_MET": "La_Paz", "INTENSIDAD": "Extrema", "T_PROM_POL": 4.0, "T_MIN_CIUD": 3.0, "DIF_TERMIC": 1.0 }, "geometry": { "type": "MultiPolygon", "coordinates": [ [ [ [ -110.313296552934062, 24.110602562711136 ], [ -110.312757563763597, 24.110602562711136 ], [ -110.312757563763597, 24.110063573540664 ], [ -110.313296552934062, 24.110063573540664 ], [ -110.313296552934062, 24.109794078955428 ], [ -110.314105036689782, 24.109794078955428 ], [ -110.314105036689782, 24.109524584370192 ], [ -110.314374531275007, 24.109524584370192 ], [ -110.314374531275007, 24.109255089784956 ], [ -110.314644025860247, 24.109255089784956 ], [ -110.314644025860247, 24.109794078955428 ], [ -110.314374531275007, 24.109794078955428 ], [ -110.314374531275007, 24.1103330681259 ], [ -110.313296552934062, 24.1103330681259 ], [ -110.313296552934062, 24.110602562711136 ] ] ] ] } },
{ "type": "Feature", "properties": { "ZONA_MET": "La_Paz", "INTENSIDAD": "Intensa", "T_PROM_POL": 4.0, "T_MIN_CIUD": 3.0, "DIF_TERMIC": 1.0 }, "geometry": { "type": "MultiPolygon", "coordinates": [ [ [ [ -110.311140596252187, 24.112489024807786 ], [ -110.310332112496468, 24.112489024807786 ], [ -110.310332112496468, 24.11221953022255 ], [ -110.310601607081708, 24.11221953022255 ], [ -110.310601607081708, 24.111680541052078 ], [ -110.310871101666947, 24.111680541052078 ], [ -110.310871101666947, 24.108985595199719 ], [ -110.311140596252187, 24.108985595199719 ], [ -110.311140596252187, 24.110063573540664 ], [ -110.311410090837413, 24.110063573540664 ], [ -110.311410090837413, 24.111680541052078 ], [ -110.311140596252187, 24.111680541052078 ], [ -110.311140596252187, 24.112489024807786 ] ] ] ] } },
{ "type": "Feature", "properties": { "ZONA_MET": "La_Paz", "INTENSIDAD": "Intensa", "T_PROM_POL": 4.0, "T_MIN_CIUD": 3.0, "DIF_TERMIC": 1.0 }, "geometry": { "type": "MultiPolygon", "coordinates": [ [ [ [ -110.322189874246845, 24.107907616858775 ], [ -110.32138139049114, 24.107907616858775 ], [ -110.32138139049114, 24.107638122273542 ], [ -110.321111895905901, 24.107638122273542 ], [ -110.321111895905901, 24.107907616858775 ], [ -110.320842401320675, 24.107907616858775 ], [ -110.320842401320675, 24.107368627688306 ], [ -110.32003391756497, 24.107368627688306 ], [ -110.32003391756497, 24.10709913310307 ], [ -110.321111895905901, 24.10709913310307 ], [ -110.321111895905901, 24.107368627688306 ], [ -110.322189874246845, 24.107368627688306 ], [ -110.322189874246845, 24.107907616858775 ] ] ] ] } },
{ "type": "Feature", "properties": { "ZONA_MET": "La_Paz", "INTENSIDAD": "Intensa", "T_PROM_POL": 4.0, "T_MIN_CIUD": 3.0, "DIF_TERMIC": 1.0 }, "geometry": { "type": "MultiPolygon", "coordinates": [ [ [ [ -110.311140596252187, 24.107368627688306 ], [ -110.310601607081708, 24.107368627688306 ], [ -110.310601607081708, 24.10709913310307 ], [ -110.310871101666947, 24.10709913310307 ], [ -110.310871101666947, 24.106829638517834 ], [ -110.310601607081708, 24.106829638517834 ], [ -110.310601607081708, 24.106290649347361 ], [ -110.309793123326003, 24.106290649347361 ], [ -110.309793123326003, 24.106021154762125 ], [ -110.309523628740763, 24.106021154762125 ], [ -110.309523628740763, 24.105751660176889 ], [ -110.309793123326003, 24.105751660176889 ], [ -110.309793123326003, 24.105482165591653 ], [ -110.310601607081708, 24.105482165591653 ], [ -110.310601607081708, 24.105212671006417 ], [ -110.310871101666947, 24.105212671006417 ], [ -110.310871101666947, 24.105482165591653 ], [ -110.311140596252187, 24.105482165591653 ], [ -110.311140596252187, 24.106021154762125 ], [ -110.310871101666947, 24.106021154762125 ], [ -110.310871101666947, 24.106290649347361 ], [ -110.311140596252187, 24.106290649347361 ], [ -110.311140596252187, 24.107368627688306 ] ] ] ] } },
{ "type": "Feature", "properties": { "ZONA_MET": "La_Paz", "INTENSIDAD": "Intensa", "T_PROM_POL": 4.0, "T_MIN_CIUD": 3.0, "DIF_TERMIC": 1.0 }, "geometry": { "type": "MultiPolygon", "coordinates": [ [ [ [ -110.339437527701946, 24.106290649347361 ], [ -110.338629043946241, 24.106290649347361 ], [ -110.338629043946241, 24.105751660176889 ], [ -110.338359549361002, 24.105751660176889 ], [ -110.338359549361002, 24.105482165591653 ], [ -110.338090054775762, 24.105482165591653 ], [ -110.338090054775762, 24.105212671006417 ], [ -110.337551065605297, 24.105212671006417 ], [ -110.337551065605297, 24.10494317642118 ], [ -110.337820560190536, 24.10494317642118 ], [ -110.337820560190536, 24.104673681835944 ], [ -110.337551065605297, 24.104673681835944 ], [ -110.337551065605297, 24.104134692665475 ], [ -110.337820560190536, 24.104134692665475 ], [ -110.337820560190536, 24.104404187250712 ], [ -110.338090054775762, 24.104404187250712 ], [ -110.338090054775762, 24.104673681835944 ], [ -110.338359549361002, 24.104673681835944 ], [ -110.338359549361002, 24.104404187250712 ], [ -110.339437527701946, 24.104404187250712 ], [ -110.339437527701946, 24.105482165591653 ], [ -110.338898538531467, 24.105482165591653 ], [ -110.338898538531467, 24.106021154762125 ], [ -110.339168033116707, 24.106021154762125 ], [ -110.339168033116707, 24.105751660176889 ], [ -110.339437527701946, 24.105751660176889 ], [ -110.339437527701946, 24.106290649347361 ] ], [ [ -110.338629043946241, 24.10494317642118 ], [ -110.338629043946241, 24.104673681835944 ], [ -110.338359549361002, 24.104673681835944 ], [ -110.338359549361002, 24.10494317642118 ], [ -110.338629043946241, 24.10494317642118 ] ] ] ] } },
{ "type": "Feature", "properties": { "ZONA_MET": "La_Paz", "INTENSIDAD": "Extrema", "T_PROM_POL": 4.0, "T_MIN_CIUD": 3.0, "DIF_TERMIC": 1.0 }, "geometry": { "type": "MultiPolygon", "coordinates": [ [ [ [ -110.316530487956896, 24.105751660176889 ], [ -110.315991498786431, 24.105751660176889 ], [ -110.315991498786431, 24.105482165591653 ], [ -110.315722004201191, 24.105482165591653 ], [ -110.315722004201191, 24.105212671006417 ], [ -110.314913520445486, 24.105212671006417 ], [ -110.314913520445486, 24.104404187250712 ], [ -110.315183015030712, 24.104404187250712 ], [ -110.315183015030712, 24.104673681835944 ], [ -110.315452509615952, 24.104673681835944 ], [ -110.315452509615952, 24.104404187250712 ], [ -110.315722004201191, 24.104404187250712 ], [ -110.315722004201191, 24.103865198080239 ], [ -110.316530487956896, 24.103865198080239 ], [ -110.316530487956896, 24.104134692665475 ], [ -110.315991498786431, 24.104134692665475 ], [ -110.315991498786431, 24.104404187250712 ], [ -110.316530487956896, 24.104404187250712 ], [ -110.316530487956896, 24.10494317642118 ], [ -110.315991498786431, 24.10494317642118 ], [ -110.315991498786431, 24.105212671006417 ], [ -110.316530487956896, 24.105212671006417 ], [ -110.316530487956896, 24.105751660176889 ] ] ] ] } },
{ "type": "Feature", "properties": { "ZONA_MET": "La_Paz", "INTENSIDAD": "Intensa", "T_PROM_POL": 4.0, "T_MIN_CIUD": 3.0, "DIF_TERMIC": 1.0 }, "geometry": { "type": "MultiPolygon", "coordinates": [ [ [ [ -110.281226697291004, 24.106290649347361 ], [ -110.280687708120524, 24.106290649347361 ], [ -110.280687708120524, 24.105751660176889 ], [ -110.280418213535299, 24.105751660176889 ], [ -110.280418213535299, 24.106290649347361 ], [ -110.280148718950059, 24.106290649347361 ], [ -110.280148718950059, 24.105212671006417 ], [ -110.279879224364819, 24.105212671006417 ], [ -110.279879224364819, 24.104673681835944 ], [ -110.27960972977958, 24.104673681835944 ], [ -110.27960972977958, 24.104404187250712 ], [ -110.280418213535299, 24.104404187250712 ], [ -110.280418213535299, 24.105212671006417 ], [ -110.280687708120524, 24.105212671006417 ], [ -110.280687708120524, 24.10494317642118 ], [ -110.280957202705764, 24.10494317642118 ], [ -110.280957202705764, 24.104673681835944 ], [ -110.281496191876229, 24.104673681835944 ], [ -110.281496191876229, 24.104404187250712 ], [ -110.281765686461469, 24.104404187250712 ], [ -110.281765686461469, 24.104673681835944 ], [ -110.282035181046709, 24.104673681835944 ], [ -110.282035181046709, 24.104404187250712 ], [ -110.282574170217174, 24.104404187250712 ], [ -110.282574170217174, 24.103865198080239 ], [ -110.282843664802414, 24.103865198080239 ], [ -110.282843664802414, 24.103326208909767 ], [ -110.283113159387653, 24.103326208909767 ], [ -110.283113159387653, 24.104134692665475 ], [ -110.283382653972893, 24.104134692665475 ], [ -110.283382653972893, 24.104404187250712 ], [ -110.283113159387653, 24.104404187250712 ], [ -110.283113159387653, 24.10494317642118 ], [ -110.282843664802414, 24.10494317642118 ], [ -110.282843664802414, 24.105212671006417 ], [ -110.282304675631948, 24.105212671006417 ], [ -110.282304675631948, 24.105482165591653 ], [ -110.282574170217174, 24.105482165591653 ], [ -110.282574170217174, 24.105751660176889 ], [ -110.282035181046709, 24.105751660176889 ], [ -110.282035181046709, 24.105482165591653 ], [ -110.281765686461469, 24.105482165591653 ], [ -110.281765686461469, 24.106021154762125 ], [ -110.281226697291004, 24.106021154762125 ], [ -110.281226697291004, 24.106290649347361 ] ], [ [ -110.281226697291004, 24.105482165591653 ], [ -110.281226697291004, 24.105212671006417 ], [ -110.280957202705764, 24.105212671006417 ], [ -110.280957202705764, 24.105482165591653 ], [ -110.281226697291004, 24.105482165591653 ] ] ] ] } },
{ "type": "Feature", "properties": { "ZONA_MET": "La_Paz", "INTENSIDAD": "Intensa", "T_PROM_POL": 4.0, "T_MIN_CIUD": 3.0, "DIF_TERMIC": 1.0 }, "geometry": { "type": "MultiPolygon", "coordinates": [ [ [ [ -110.312488069178357, 24.10494317642118 ], [ -110.312218574593118, 24.10494317642118 ], [ -110.312218574593118, 24.104404187250712 ], [ -110.311949080007892, 24.104404187250712 ], [ -110.311949080007892, 24.10494317642118 ], [ -110.311410090837413, 24.10494317642118 ], [ -110.311410090837413, 24.103865198080239 ], [ -110.311679585422652, 24.103865198080239 ], [ -110.311679585422652, 24.103056714324531 ], [ -110.311949080007892, 24.103056714324531 ], [ -110.311949080007892, 24.102517725154058 ], [ -110.312218574593118, 24.102517725154058 ], [ -110.312218574593118, 24.103595703495003 ], [ -110.313027058348837, 24.103595703495003 ], [ -110.313027058348837, 24.103056714324531 ], [ -110.313296552934062, 24.103056714324531 ], [ -110.313296552934062, 24.102787219739294 ], [ -110.313027058348837, 24.102787219739294 ], [ -110.313027058348837, 24.102517725154058 ], [ -110.313566047519302, 24.102517725154058 ], [ -110.313566047519302, 24.102787219739294 ], [ -110.313835542104542, 24.102787219739294 ], [ -110.313835542104542, 24.102517725154058 ], [ -110.314374531275007, 24.102517725154058 ], [ -110.314374531275007, 24.102787219739294 ], [ -110.314105036689782, 24.102787219739294 ], [ -110.314105036689782, 24.103056714324531 ], [ -110.313566047519302, 24.103056714324531 ], [ -110.313566047519302, 24.103595703495003 ], [ -110.313296552934062, 24.103595703495003 ], [ -110.313296552934062, 24.104134692665475 ], [ -110.313027058348837, 24.104134692665475 ], [ -110.313027058348837, 24.103865198080239 ], [ -110.312757563763597, 24.103865198080239 ], [ -110.312757563763597, 24.104404187250712 ], [ -110.312488069178357, 24.104404187250712 ], [ -110.312488069178357, 24.10494317642118 ] ] ] ] } },
{ "type": "Feature", "properties": { "ZONA_MET": "La_Paz", "INTENSIDAD": "Intensa", "T_PROM_POL": 4.0, "T_MIN_CIUD": 3.0, "DIF_TERMIC": 1.0 }, "geometry": { "type": "MultiPolygon", "coordinates": [ [ [ [ -110.337281571020057, 24.103595703495003 ], [ -110.337012076434817, 24.103595703495003 ], [ -110.337012076434817, 24.103056714324531 ], [ -110.336473087264352, 24.103056714324531 ], [ -110.336473087264352, 24.103326208909767 ], [ -110.335934098093873, 24.103326208909767 ], [ -110.335934098093873, 24.102787219739294 ], [ -110.335395108923407, 24.102787219739294 ], [ -110.335395108923407, 24.102517725154058 ], [ -110.334586625167702, 24.102517725154058 ], [ -110.334586625167702, 24.102248230568822 ], [ -110.334317130582463, 24.102248230568822 ], [ -110.334317130582463, 24.101978735983586 ], [ -110.333778141411997, 24.101978735983586 ], [ -110.333778141411997, 24.101439746813117 ], [ -110.334317130582463, 24.101439746813117 ], [ -110.334317130582463, 24.10170924139835 ], [ -110.334586625167702, 24.10170924139835 ], [ -110.334586625167702, 24.101978735983586 ], [ -110.334856119752942, 24.101978735983586 ], [ -110.334856119752942, 24.102248230568822 ], [ -110.335125614338168, 24.102248230568822 ], [ -110.335125614338168, 24.10170924139835 ], [ -110.335395108923407, 24.10170924139835 ], [ -110.335395108923407, 24.102248230568822 ], [ -110.335934098093873, 24.102248230568822 ], [ -110.335934098093873, 24.102517725154058 ], [ -110.336473087264352, 24.102517725154058 ], [ -110.336473087264352, 24.102787219739294 ], [ -110.336742581849592, 24.102787219739294 ], [ -110.336742581849592, 24.102517725154058 ], [ -110.337012076434817, 24.102517725154058 ], [ -110.337012076434817, 24.102248230568822 ], [ -110.336742581849592, 24.102248230568822 ], [ -110.336742581849592, 24.10170924139835 ], [ -110.337012076434817, 24.10170924139835 ], [ -110.337012076434817, 24.101978735983586 ], [ -110.337281571020057, 24.101978735983586 ], [ -110.337281571020057, 24.102517725154058 ], [ -110.337551065605297, 24.102517725154058 ], [ -110.337551065605297, 24.102787219739294 ], [ -110.337281571020057, 24.102787219739294 ], [ -110.337281571020057, 24.103595703495003 ] ] ] ] } },
{ "type": "Feature", "properties": { "ZONA_MET": "La_Paz", "INTENSIDAD": "Intensa", "T_PROM_POL": 4.0, "T_MIN_CIUD": 3.0, "DIF_TERMIC": 1.0 }, "geometry": { "type": "MultiPolygon", "coordinates": [ [ [ [ -110.315183015030712, 24.102787219739294 ], [ -110.314913520445486, 24.102787219739294 ], [ -110.314913520445486, 24.102248230568822 ], [ -110.314644025860247, 24.102248230568822 ], [ -110.314644025860247, 24.10170924139835 ], [ -110.314913520445486, 24.10170924139835 ], [ -110.314913520445486, 24.101170252227881 ], [ -110.315183015030712, 24.101170252227881 ], [ -110.315183015030712, 24.100900757642645 ], [ -110.315722004201191, 24.100900757642645 ], [ -110.315722004201191, 24.101439746813117 ], [ -110.315452509615952, 24.101439746813117 ], [ -110.315452509615952, 24.102248230568822 ], [ -110.315722004201191, 24.102248230568822 ], [ -110.315722004201191, 24.102517725154058 ], [ -110.315183015030712, 24.102517725154058 ], [ -110.315183015030712, 24.102787219739294 ] ] ] ] } },
{ "type": "Feature", "properties": { "ZONA_MET": "La_Paz", "INTENSIDAD": "Intensa", "T_PROM_POL": 4.0, "T_MIN_CIUD": 3.0, "DIF_TERMIC": 1.0 }, "geometry": { "type": "MultiPolygon", "coordinates": [ [ [ [ -110.313296552934062, 24.10170924139835 ], [ -110.312757563763597, 24.10170924139835 ], [ -110.312757563763597, 24.101439746813117 ], [ -110.313027058348837, 24.101439746813117 ], [ -110.313027058348837, 24.100900757642645 ], [ -110.313296552934062, 24.100900757642645 ], [ -110.313296552934062, 24.100631263057409 ], [ -110.313566047519302, 24.100631263057409 ], [ -110.313566047519302, 24.100361768472172 ], [ -110.313835542104542, 24.100361768472172 ], [ -110.313835542104542, 24.100092273886936 ], [ -110.314105036689782, 24.100092273886936 ], [ -110.314105036689782, 24.100361768472172 ], [ -110.314374531275007, 24.100361768472172 ], [ -110.314374531275007, 24.100900757642645 ], [ -110.314105036689782, 24.100900757642645 ], [ -110.314105036689782, 24.101170252227881 ], [ -110.313296552934062, 24.101170252227881 ], [ -110.313296552934062, 24.10170924139835 ] ] ] ] } },
{ "type": "Feature", "properties": { "ZONA_MET": "La_Paz", "INTENSIDAD": "Intensa", "T_PROM_POL": 4.0, "T_MIN_CIUD": 3.0, "DIF_TERMIC": 1.0 }, "geometry": { "type": "MultiPolygon", "coordinates": [ [ [ [ -110.410584098204211, 24.10170924139835 ], [ -110.410045109033746, 24.10170924139835 ], [ -110.410045109033746, 24.101170252227881 ], [ -110.409775614448506, 24.101170252227881 ], [ -110.409775614448506, 24.100361768472172 ], [ -110.410045109033746, 24.100361768472172 ], [ -110.410045109033746, 24.100092273886936 ], [ -110.410584098204211, 24.100092273886936 ], [ -110.410584098204211, 24.100631263057409 ], [ -110.410314603618971, 24.100631263057409 ], [ -110.410314603618971, 24.100900757642645 ], [ -110.410584098204211, 24.100900757642645 ], [ -110.410584098204211, 24.101170252227881 ], [ -110.410853592789451, 24.101170252227881 ], [ -110.410853592789451, 24.101439746813117 ], [ -110.410584098204211, 24.101439746813117 ], [ -110.410584098204211, 24.10170924139835 ] ] ] ] } },
{ "type": "Feature", "properties": { "ZONA_MET": "La_Paz", "INTENSIDAD": "Intensa", "T_PROM_POL": 4.0, "T_MIN_CIUD": 3.0, "DIF_TERMIC": 1.0 }, "geometry": { "type": "MultiPolygon", "coordinates": [ [ [ [ -110.338090054775762, 24.0998227793017 ], [ -110.337551065605297, 24.0998227793017 ], [ -110.337551065605297, 24.098744800960755 ], [ -110.338359549361002, 24.098744800960755 ], [ -110.338359549361002, 24.098475306375523 ], [ -110.338629043946241, 24.098475306375523 ], [ -110.338629043946241, 24.099014295545992 ], [ -110.338359549361002, 24.099014295545992 ], [ -110.338359549361002, 24.099553284716464 ], [ -110.338090054775762, 24.099553284716464 ], [ -110.338090054775762, 24.0998227793017 ] ] ] ] } },
{ "type": "Feature", "properties": { "ZONA_MET": "La_Paz", "INTENSIDAD": "Intensa", "T_PROM_POL": 4.0, "T_MIN_CIUD": 3.0, "DIF_TERMIC": 1.0 }, "geometry": { "type": "MultiPolygon", "coordinates": [ [ [ [ -110.327579765951569, 24.099283790131228 ], [ -110.327310271366329, 24.099283790131228 ], [ -110.327310271366329, 24.099014295545992 ], [ -110.326501787610624, 24.099014295545992 ], [ -110.326501787610624, 24.098475306375523 ], [ -110.326771282195864, 24.098475306375523 ], [ -110.326771282195864, 24.09793631720505 ], [ -110.327849260536809, 24.09793631720505 ], [ -110.327849260536809, 24.098205811790287 ], [ -110.328118755122034, 24.098205811790287 ], [ -110.328118755122034, 24.098744800960755 ], [ -110.327579765951569, 24.098744800960755 ], [ -110.327579765951569, 24.099283790131228 ] ] ] ] } },
{ "type": "Feature", "properties": { "ZONA_MET": "La_Paz", "INTENSIDAD": "Intensa", "T_PROM_POL": 4.0, "T_MIN_CIUD": 3.0, "DIF_TERMIC": 1.0 }, "geometry": { "type": "MultiPolygon", "coordinates": [ [ [ [ -110.317069477127376, 24.099283790131228 ], [ -110.316530487956896, 24.099283790131228 ], [ -110.316530487956896, 24.099014295545992 ], [ -110.314644025860247, 24.099014295545992 ], [ -110.314644025860247, 24.098475306375523 ], [ -110.314913520445486, 24.098475306375523 ], [ -110.314913520445486, 24.09793631720505 ], [ -110.315452509615952, 24.09793631720505 ], [ -110.315452509615952, 24.098475306375523 ], [ -110.315722004201191, 24.098475306375523 ], [ -110.315722004201191, 24.098744800960755 ], [ -110.316799982542136, 24.098744800960755 ], [ -110.316799982542136, 24.098205811790287 ], [ -110.317069477127376, 24.098205811790287 ], [ -110.317069477127376, 24.098475306375523 ], [ -110.317338971712601, 24.098475306375523 ], [ -110.317338971712601, 24.098205811790287 ], [ -110.317608466297841, 24.098205811790287 ], [ -110.317608466297841, 24.098744800960755 ], [ -110.317338971712601, 24.098744800960755 ], [ -110.317338971712601, 24.099014295545992 ], [ -110.317069477127376, 24.099014295545992 ], [ -110.317069477127376, 24.099283790131228 ] ] ] ] } },
{ "type": "Feature", "properties": { "ZONA_MET": "La_Paz", "INTENSIDAD": "Intensa", "T_PROM_POL": 4.0, "T_MIN_CIUD": 3.0, "DIF_TERMIC": 1.0 }, "geometry": { "type": "MultiPolygon", "coordinates": [ [ [ [ -110.387946553044401, 24.099014295545992 ], [ -110.387138069288696, 24.099014295545992 ], [ -110.387138069288696, 24.098744800960755 ], [ -110.387677058459161, 24.098744800960755 ], [ -110.387677058459161, 24.098475306375523 ], [ -110.386868574703456, 24.098475306375523 ], [ -110.386868574703456, 24.098744800960755 ], [ -110.385790596362511, 24.098744800960755 ], [ -110.385790596362511, 24.098475306375523 ], [ -110.386599080118216, 24.098475306375523 ], [ -110.386599080118216, 24.098205811790287 ], [ -110.387138069288696, 24.098205811790287 ], [ -110.387138069288696, 24.09793631720505 ], [ -110.387407563873921, 24.09793631720505 ], [ -110.387407563873921, 24.098205811790287 ], [ -110.388216047629641, 24.098205811790287 ], [ -110.388216047629641, 24.098475306375523 ], [ -110.387946553044401, 24.098475306375523 ], [ -110.387946553044401, 24.099014295545992 ] ] ] ] } },
{ "type": "Feature", "properties": { "ZONA_MET": "La_Paz", "INTENSIDAD": "Intensa", "T_PROM_POL": 4.0, "T_MIN_CIUD": 3.0, "DIF_TERMIC": 1.0 }, "geometry": { "type": "MultiPolygon", "coordinates": [ [ [ [ -110.312488069178357, 24.101439746813117 ], [ -110.312218574593118, 24.101439746813117 ], [ -110.312218574593118, 24.100900757642645 ], [ -110.311949080007892, 24.100900757642645 ], [ -110.311949080007892, 24.100631263057409 ], [ -110.312218574593118, 24.100631263057409 ], [ -110.312218574593118, 24.100361768472172 ], [ -110.311949080007892, 24.100361768472172 ], [ -110.311949080007892, 24.0998227793017 ], [ -110.312757563763597, 24.0998227793017 ], [ -110.312757563763597, 24.099014295545992 ], [ -110.311410090837413, 24.099014295545992 ], [ -110.311410090837413, 24.098475306375523 ], [ -110.311140596252187, 24.098475306375523 ], [ -110.311140596252187, 24.097666822619814 ], [ -110.311410090837413, 24.097666822619814 ], [ -110.311410090837413, 24.098205811790287 ], [ -110.311679585422652, 24.098205811790287 ], [ -110.311679585422652, 24.098475306375523 ], [ -110.311949080007892, 24.098475306375523 ], [ -110.311949080007892, 24.098744800960755 ], [ -110.312757563763597, 24.098744800960755 ], [ -110.312757563763597, 24.098475306375523 ], [ -110.313296552934062, 24.098475306375523 ], [ -110.313296552934062, 24.099014295545992 ], [ -110.313027058348837, 24.099014295545992 ], [ -110.313027058348837, 24.100092273886936 ], [ -110.312757563763597, 24.100092273886936 ], [ -110.312757563763597, 24.100361768472172 ], [ -110.313027058348837, 24.100361768472172 ], [ -110.313027058348837, 24.100631263057409 ], [ -110.312488069178357, 24.100631263057409 ], [ -110.312488069178357, 24.101439746813117 ] ] ] ] } },
{ "type": "Feature", "properties": { "ZONA_MET": "La_Paz", "INTENSIDAD": "Intensa", "T_PROM_POL": 4.0, "T_MIN_CIUD": 3.0, "DIF_TERMIC": 1.0 }, "geometry": { "type": "MultiPolygon", "coordinates": [ [ [ [ -110.36719546998124, 24.098475306375523 ], [ -110.366925975396001, 24.098475306375523 ], [ -110.366925975396001, 24.097127833449342 ], [ -110.36719546998124, 24.097127833449342 ], [ -110.36719546998124, 24.096049855108397 ], [ -110.36746496456648, 24.096049855108397 ], [ -110.36746496456648, 24.097666822619814 ], [ -110.367734459151706, 24.097666822619814 ], [ -110.367734459151706, 24.09793631720505 ], [ -110.36719546998124, 24.09793631720505 ], [ -110.36719546998124, 24.098475306375523 ] ] ] ] } },
{ "type": "Feature", "properties": { "ZONA_MET": "La_Paz", "INTENSIDAD": "Intensa", "T_PROM_POL": 4.0, "T_MIN_CIUD": 3.0, "DIF_TERMIC": 1.0 }, "geometry": { "type": "MultiPolygon", "coordinates": [ [ [ [ -110.392797455578645, 24.09793631720505 ], [ -110.39198897182294, 24.09793631720505 ], [ -110.39198897182294, 24.097666822619814 ], [ -110.392527960993405, 24.097666822619814 ], [ -110.392527960993405, 24.097397328034578 ], [ -110.3917194772377, 24.097397328034578 ], [ -110.3917194772377, 24.096319349693633 ], [ -110.39225846640818, 24.096319349693633 ], [ -110.39225846640818, 24.096049855108397 ], [ -110.392797455578645, 24.096049855108397 ], [ -110.392797455578645, 24.096319349693633 ], [ -110.392527960993405, 24.096319349693633 ], [ -110.392527960993405, 24.096858338864106 ], [ -110.392797455578645, 24.096858338864106 ], [ -110.392797455578645, 24.097397328034578 ], [ -110.39360593933435, 24.097397328034578 ], [ -110.39360593933435, 24.097666822619814 ], [ -110.392797455578645, 24.097666822619814 ], [ -110.392797455578645, 24.09793631720505 ] ] ] ] } },
{ "type": "Feature", "properties": { "ZONA_MET": "La_Paz", "INTENSIDAD": "Intensa", "T_PROM_POL": 4.0, "T_MIN_CIUD": 3.0, "DIF_TERMIC": 1.0 }, "geometry": { "type": "MultiPolygon", "coordinates": [ [ [ [ -110.402229766061907, 24.09658884427887 ], [ -110.400612798550483, 24.09658884427887 ], [ -110.400612798550483, 24.096049855108397 ], [ -110.401151787720963, 24.096049855108397 ], [ -110.401151787720963, 24.095780360523161 ], [ -110.401690776891428, 24.095780360523161 ], [ -110.401690776891428, 24.096049855108397 ], [ -110.402229766061907, 24.096049855108397 ], [ -110.402229766061907, 24.095780360523161 ], [ -110.402768755232373, 24.095780360523161 ], [ -110.402768755232373, 24.096049855108397 ], [ -110.402499260647133, 24.096049855108397 ], [ -110.402499260647133, 24.096319349693633 ], [ -110.402229766061907, 24.096319349693633 ], [ -110.402229766061907, 24.09658884427887 ] ], [ [ -110.401421282306188, 24.096319349693633 ], [ -110.401421282306188, 24.096049855108397 ], [ -110.401151787720963, 24.096049855108397 ], [ -110.401151787720963, 24.096319349693633 ], [ -110.401421282306188, 24.096319349693633 ] ] ] ] } },
{ "type": "Feature", "properties": { "ZONA_MET": "La_Paz", "INTENSIDAD": "Intensa", "T_PROM_POL": 4.0, "T_MIN_CIUD": 3.0, "DIF_TERMIC": 1.0 }, "geometry": { "type": "MultiPolygon", "coordinates": [ [ [ [ -110.369620921248355, 24.096049855108397 ], [ -110.36908193207789, 24.096049855108397 ], [ -110.36908193207789, 24.094971876767456 ], [ -110.368542942907425, 24.094971876767456 ], [ -110.368542942907425, 24.093354909256039 ], [ -110.368003953736945, 24.093354909256039 ], [ -110.368003953736945, 24.093624403841275 ], [ -110.367734459151706, 24.093624403841275 ], [ -110.367734459151706, 24.094163393011748 ], [ -110.36746496456648, 24.094163393011748 ], [ -110.36746496456648, 24.093893898426511 ], [ -110.36719546998124, 24.093893898426511 ], [ -110.36719546998124, 24.093085414670803 ], [ -110.368273448322185, 24.093085414670803 ], [ -110.368273448322185, 24.092815920085567 ], [ -110.36908193207789, 24.092815920085567 ], [ -110.36908193207789, 24.093085414670803 ], [ -110.36935142666313, 24.093085414670803 ], [ -110.36935142666313, 24.093354909256039 ], [ -110.36881243749265, 24.093354909256039 ], [ -110.36881243749265, 24.093624403841275 ], [ -110.36935142666313, 24.093624403841275 ], [ -110.36935142666313, 24.093893898426511 ], [ -110.369620921248355, 24.093893898426511 ], [ -110.369620921248355, 24.094971876767456 ], [ -110.369890415833595, 24.094971876767456 ], [ -110.369890415833595, 24.094432887596984 ], [ -110.370159910418835, 24.094432887596984 ], [ -110.370159910418835, 24.095510865937928 ], [ -110.369890415833595, 24.095510865937928 ], [ -110.369890415833595, 24.095780360523161 ], [ -110.369620921248355, 24.095780360523161 ], [ -110.369620921248355, 24.096049855108397 ] ] ] ] } },
{ "type": "Feature", "properties": { "ZONA_MET": "La_Paz", "INTENSIDAD": "Intensa", "T_PROM_POL": 4.0, "T_MIN_CIUD": 3.0, "DIF_TERMIC": 1.0 }, "geometry": { "type": "MultiPolygon", "coordinates": [ [ [ [ -110.362344567446996, 24.089581985062736 ], [ -110.362075072861757, 24.089581985062736 ], [ -110.362075072861757, 24.089042995892267 ], [ -110.361805578276517, 24.089042995892267 ], [ -110.361805578276517, 24.088234512136559 ], [ -110.361536083691291, 24.088234512136559 ], [ -110.361536083691291, 24.085270071698965 ], [ -110.361805578276517, 24.085270071698965 ], [ -110.361805578276517, 24.086617544625142 ], [ -110.362075072861757, 24.086617544625142 ], [ -110.362075072861757, 24.087965017551323 ], [ -110.362344567446996, 24.087965017551323 ], [ -110.362344567446996, 24.088234512136559 ], [ -110.362075072861757, 24.088234512136559 ], [ -110.362075072861757, 24.088504006721795 ], [ -110.362344567446996, 24.088504006721795 ], [ -110.362344567446996, 24.089581985062736 ] ] ] ] } },
{ "type": "Feature", "properties": { "ZONA_MET": "La_Paz", "INTENSIDAD": "Intensa", "T_PROM_POL": 4.0, "T_MIN_CIUD": 3.0, "DIF_TERMIC": 1.0 }, "geometry": { "type": "MultiPolygon", "coordinates": [ [ [ [ -110.308176155814593, 24.087965017551323 ], [ -110.307637166644113, 24.087965017551323 ], [ -110.307637166644113, 24.087695522966087 ], [ -110.307906661229353, 24.087695522966087 ], [ -110.307906661229353, 24.085809060869437 ], [ -110.308445650399818, 24.085809060869437 ], [ -110.308445650399818, 24.085000577113728 ], [ -110.308715144985058, 24.085000577113728 ], [ -110.308715144985058, 24.085270071698965 ], [ -110.308984639570298, 24.085270071698965 ], [ -110.308984639570298, 24.086887039210378 ], [ -110.308715144985058, 24.086887039210378 ], [ -110.308715144985058, 24.086348050039909 ], [ -110.308445650399818, 24.086348050039909 ], [ -110.308445650399818, 24.086617544625142 ], [ -110.308176155814593, 24.086617544625142 ], [ -110.308176155814593, 24.087156533795614 ], [ -110.308445650399818, 24.087156533795614 ], [ -110.308445650399818, 24.087695522966087 ], [ -110.308176155814593, 24.087695522966087 ], [ -110.308176155814593, 24.087965017551323 ] ] ] ] } },
{ "type": "Feature", "properties": { "ZONA_MET": "La_Paz", "INTENSIDAD": "Intensa", "T_PROM_POL": 4.0, "T_MIN_CIUD": 3.0, "DIF_TERMIC": 1.0 }, "geometry": { "type": "MultiPolygon", "coordinates": [ [ [ [ -110.368542942907425, 24.08742602838085 ], [ -110.368273448322185, 24.08742602838085 ], [ -110.368273448322185, 24.085809060869437 ], [ -110.36719546998124, 24.085809060869437 ], [ -110.36719546998124, 24.085270071698965 ], [ -110.367734459151706, 24.085270071698965 ], [ -110.367734459151706, 24.084731082528492 ], [ -110.368273448322185, 24.084731082528492 ], [ -110.368273448322185, 24.084461587943256 ], [ -110.368542942907425, 24.084461587943256 ], [ -110.368542942907425, 24.08742602838085 ] ], [ [ -110.368273448322185, 24.085539566284201 ], [ -110.368273448322185, 24.085000577113728 ], [ -110.368003953736945, 24.085000577113728 ], [ -110.368003953736945, 24.085270071698965 ], [ -110.367734459151706, 24.085270071698965 ], [ -110.367734459151706, 24.085539566284201 ], [ -110.368273448322185, 24.085539566284201 ] ] ] ] } },
{ "type": "Feature", "properties": { "ZONA_MET": "La_Paz", "INTENSIDAD": "Intensa", "T_PROM_POL": 4.0, "T_MIN_CIUD": 3.0, "DIF_TERMIC": 1.0 }, "geometry": { "type": "MultiPolygon", "coordinates": [ [ [ [ -110.310332112496468, 24.08230563126137 ], [ -110.309523628740763, 24.08230563126137 ], [ -110.309523628740763, 24.082036136676134 ], [ -110.308984639570298, 24.082036136676134 ], [ -110.308984639570298, 24.081766642090898 ], [ -110.310062617911242, 24.081766642090898 ], [ -110.310062617911242, 24.081497147505662 ], [ -110.310601607081708, 24.081497147505662 ], [ -110.310601607081708, 24.081227652920425 ], [ -110.311140596252187, 24.081227652920425 ], [ -110.311140596252187, 24.080688663749953 ], [ -110.311410090837413, 24.080688663749953 ], [ -110.311410090837413, 24.081497147505662 ], [ -110.311140596252187, 24.081497147505662 ], [ -110.311140596252187, 24.081766642090898 ], [ -110.310871101666947, 24.081766642090898 ], [ -110.310871101666947, 24.082036136676134 ], [ -110.310332112496468, 24.082036136676134 ], [ -110.310332112496468, 24.08230563126137 ] ] ] ] } },
{ "type": "Feature", "properties": { "ZONA_MET": "La_Paz", "INTENSIDAD": "Intensa", "T_PROM_POL": 4.0, "T_MIN_CIUD": 3.0, "DIF_TERMIC": 1.0 }, "geometry": { "type": "MultiPolygon", "coordinates": [ [ [ [ -110.308176155814593, 24.081497147505662 ], [ -110.307906661229353, 24.081497147505662 ], [ -110.307906661229353, 24.081227652920425 ], [ -110.307637166644113, 24.081227652920425 ], [ -110.307637166644113, 24.080958158335189 ], [ -110.308176155814593, 24.080958158335189 ], [ -110.308176155814593, 24.08041916916472 ], [ -110.307906661229353, 24.08041916916472 ], [ -110.307906661229353, 24.080149674579484 ], [ -110.308984639570298, 24.080149674579484 ], [ -110.308984639570298, 24.079880179994248 ], [ -110.309523628740763, 24.079880179994248 ], [ -110.309523628740763, 24.079610685409012 ], [ -110.309254134155523, 24.079610685409012 ], [ -110.309254134155523, 24.079341190823776 ], [ -110.309523628740763, 24.079341190823776 ], [ -110.309523628740763, 24.07907169623854 ], [ -110.310332112496468, 24.07907169623854 ], [ -110.310332112496468, 24.079341190823776 ], [ -110.310601607081708, 24.079341190823776 ], [ -110.310601607081708, 24.079880179994248 ], [ -110.310062617911242, 24.079880179994248 ], [ -110.310062617911242, 24.080149674579484 ], [ -110.309254134155523, 24.080149674579484 ], [ -110.309254134155523, 24.080958158335189 ], [ -110.308715144985058, 24.080958158335189 ], [ -110.308715144985058, 24.081227652920425 ], [ -110.308176155814593, 24.081227652920425 ], [ -110.308176155814593, 24.081497147505662 ] ] ] ] } },
{ "type": "Feature", "properties": { "ZONA_MET": "La_Paz", "INTENSIDAD": "Intensa", "T_PROM_POL": 4.0, "T_MIN_CIUD": 3.0, "DIF_TERMIC": 1.0 }, "geometry": { "type": "MultiPolygon", "coordinates": [ [ [ [ -110.32192037966162, 24.080149674579484 ], [ -110.32165088507638, 24.080149674579484 ], [ -110.32165088507638, 24.07907169623854 ], [ -110.32192037966162, 24.07907169623854 ], [ -110.32192037966162, 24.078802201653303 ], [ -110.32165088507638, 24.078802201653303 ], [ -110.32165088507638, 24.078263212482831 ], [ -110.322459368832085, 24.078263212482831 ], [ -110.322459368832085, 24.078532707068067 ], [ -110.322189874246845, 24.078532707068067 ], [ -110.322189874246845, 24.078802201653303 ], [ -110.322459368832085, 24.078802201653303 ], [ -110.322459368832085, 24.07907169623854 ], [ -110.322189874246845, 24.07907169623854 ], [ -110.322189874246845, 24.079610685409012 ], [ -110.32192037966162, 24.079610685409012 ], [ -110.32192037966162, 24.080149674579484 ] ] ] ] } },
{ "type": "Feature", "properties": { "ZONA_MET": "La_Paz", "INTENSIDAD": "Intensa", "T_PROM_POL": 4.0, "T_MIN_CIUD": 3.0, "DIF_TERMIC": 1.0 }, "geometry": { "type": "MultiPolygon", "coordinates": [ [ [ [ -110.308176155814593, 24.079610685409012 ], [ -110.307906661229353, 24.079610685409012 ], [ -110.307906661229353, 24.07907169623854 ], [ -110.306020199132703, 24.07907169623854 ], [ -110.306020199132703, 24.078802201653303 ], [ -110.305481209962224, 24.078802201653303 ], [ -110.305481209962224, 24.078532707068067 ], [ -110.306020199132703, 24.078532707068067 ], [ -110.306020199132703, 24.078263212482831 ], [ -110.306289693717929, 24.078263212482831 ], [ -110.306289693717929, 24.078802201653303 ], [ -110.306559188303169, 24.078802201653303 ], [ -110.306559188303169, 24.078532707068067 ], [ -110.306828682888408, 24.078532707068067 ], [ -110.306828682888408, 24.078802201653303 ], [ -110.307367672058874, 24.078802201653303 ], [ -110.307367672058874, 24.078532707068067 ], [ -110.307637166644113, 24.078532707068067 ], [ -110.307637166644113, 24.078263212482831 ], [ -110.308715144985058, 24.078263212482831 ], [ -110.308715144985058, 24.078532707068067 ], [ -110.308445650399818, 24.078532707068067 ], [ -110.308445650399818, 24.078802201653303 ], [ -110.308715144985058, 24.078802201653303 ], [ -110.308715144985058, 24.07907169623854 ], [ -110.308445650399818, 24.07907169623854 ], [ -110.308445650399818, 24.079341190823776 ], [ -110.308176155814593, 24.079341190823776 ], [ -110.308176155814593, 24.079610685409012 ] ], [ [ -110.308176155814593, 24.07907169623854 ], [ -110.308176155814593, 24.078802201653303 ], [ -110.307906661229353, 24.078802201653303 ], [ -110.307906661229353, 24.07907169623854 ], [ -110.308176155814593, 24.07907169623854 ] ] ] ] } },
{ "type": "Feature", "properties": { "ZONA_MET": "La_Paz", "INTENSIDAD": "Extrema", "T_PROM_POL": 4.0, "T_MIN_CIUD": 3.0, "DIF_TERMIC": 1.0 }, "geometry": { "type": "MultiPolygon", "coordinates": [ [ [ [ -110.366386986225535, 24.082575125846606 ], [ -110.365847997055056, 24.082575125846606 ], [ -110.365847997055056, 24.08230563126137 ], [ -110.36557850246983, 24.08230563126137 ], [ -110.36557850246983, 24.082575125846606 ], [ -110.365309007884591, 24.082575125846606 ], [ -110.365309007884591, 24.081766642090898 ], [ -110.36557850246983, 24.081766642090898 ], [ -110.36557850246983, 24.081497147505662 ], [ -110.364770018714111, 24.081497147505662 ], [ -110.364770018714111, 24.081227652920425 ], [ -110.364231029543646, 24.081227652920425 ], [ -110.364231029543646, 24.08041916916472 ], [ -110.364770018714111, 24.08041916916472 ], [ -110.364770018714111, 24.079341190823776 ], [ -110.365039513299351, 24.079341190823776 ], [ -110.365039513299351, 24.079880179994248 ], [ -110.36557850246983, 24.079880179994248 ], [ -110.36557850246983, 24.079610685409012 ], [ -110.366117491640296, 24.079610685409012 ], [ -110.366117491640296, 24.079341190823776 ], [ -110.365847997055056, 24.079341190823776 ], [ -110.365847997055056, 24.078802201653303 ], [ -110.365039513299351, 24.078802201653303 ], [ -110.365039513299351, 24.07907169623854 ], [ -110.364770018714111, 24.07907169623854 ], [ -110.364770018714111, 24.078263212482831 ], [ -110.365039513299351, 24.078263212482831 ], [ -110.365039513299351, 24.078532707068067 ], [ -110.366117491640296, 24.078532707068067 ], [ -110.366117491640296, 24.078263212482831 ], [ -110.36557850246983, 24.078263212482831 ], [ -110.36557850246983, 24.077993717897595 ], [ -110.366386986225535, 24.077993717897595 ], [ -110.366386986225535, 24.078263212482831 ], [ -110.366656480810761, 24.078263212482831 ], [ -110.366656480810761, 24.078532707068067 ], [ -110.366925975396001, 24.078532707068067 ], [ -110.366925975396001, 24.07907169623854 ], [ -110.366386986225535, 24.07907169623854 ], [ -110.366386986225535, 24.079610685409012 ], [ -110.366656480810761, 24.079610685409012 ], [ -110.366656480810761, 24.079880179994248 ], [ -110.366117491640296, 24.079880179994248 ], [ -110.366117491640296, 24.08041916916472 ], [ -110.366386986225535, 24.08041916916472 ], [ -110.366386986225535, 24.080688663749953 ], [ -110.366656480810761, 24.080688663749953 ], [ -110.366656480810761, 24.080958158335189 ], [ -110.366925975396001, 24.080958158335189 ], [ -110.366925975396001, 24.081227652920425 ], [ -110.366386986225535, 24.081227652920425 ], [ -110.366386986225535, 24.081497147505662 ], [ -110.366117491640296, 24.081497147505662 ], [ -110.366117491640296, 24.081227652920425 ], [ -110.365847997055056, 24.081227652920425 ], [ -110.365847997055056, 24.081766642090898 ], [ -110.366386986225535, 24.081766642090898 ], [ -110.366386986225535, 24.082575125846606 ] ], [ [ -110.366117491640296, 24.080958158335189 ], [ -110.366117491640296, 24.080688663749953 ], [ -110.36557850246983, 24.080688663749953 ], [ -110.36557850246983, 24.080958158335189 ], [ -110.366117491640296, 24.080958158335189 ] ], [ [ -110.365309007884591, 24.080958158335189 ], [ -110.365309007884591, 24.080688663749953 ], [ -110.36557850246983, 24.080688663749953 ], [ -110.36557850246983, 24.08041916916472 ], [ -110.364770018714111, 24.08041916916472 ], [ -110.364770018714111, 24.080958158335189 ], [ -110.365309007884591, 24.080958158335189 ] ] ] ] } },
{ "type": "Feature", "properties": { "ZONA_MET": "La_Paz", "INTENSIDAD": "Intensa", "T_PROM_POL": 4.0, "T_MIN_CIUD": 3.0, "DIF_TERMIC": 1.0 }, "geometry": { "type": "MultiPolygon", "coordinates": [ [ [ [ -110.366925975396001, 24.078532707068067 ], [ -110.366656480810761, 24.078532707068067 ], [ -110.366656480810761, 24.078263212482831 ], [ -110.366386986225535, 24.078263212482831 ], [ -110.366386986225535, 24.077993717897595 ], [ -110.365309007884591, 24.077993717897595 ], [ -110.365309007884591, 24.077724223312359 ], [ -110.365039513299351, 24.077724223312359 ], [ -110.365039513299351, 24.077993717897595 ], [ -110.364770018714111, 24.077993717897595 ], [ -110.364770018714111, 24.077724223312359 ], [ -110.363961534958406, 24.077724223312359 ], [ -110.363961534958406, 24.077454728727126 ], [ -110.365309007884591, 24.077454728727126 ], [ -110.365309007884591, 24.076376750386181 ], [ -110.36557850246983, 24.076376750386181 ], [ -110.36557850246983, 24.077724223312359 ], [ -110.366117491640296, 24.077724223312359 ], [ -110.366117491640296, 24.077454728727126 ], [ -110.366386986225535, 24.077454728727126 ], [ -110.366386986225535, 24.077724223312359 ], [ -110.366656480810761, 24.077724223312359 ], [ -110.366656480810761, 24.077993717897595 ], [ -110.366925975396001, 24.077993717897595 ], [ -110.366925975396001, 24.078532707068067 ] ] ] ] } },
{ "type": "Feature", "properties": { "ZONA_MET": "La_Paz", "INTENSIDAD": "Extrema", "T_PROM_POL": 4.0, "T_MIN_CIUD": 3.0, "DIF_TERMIC": 1.0 }, "geometry": { "type": "MultiPolygon", "coordinates": [ [ [ [ -110.36935142666313, 24.079610685409012 ], [ -110.36908193207789, 24.079610685409012 ], [ -110.36908193207789, 24.07718523414189 ], [ -110.36935142666313, 24.07718523414189 ], [ -110.36935142666313, 24.076376750386181 ], [ -110.369620921248355, 24.076376750386181 ], [ -110.369620921248355, 24.078263212482831 ], [ -110.36935142666313, 24.078263212482831 ], [ -110.36935142666313, 24.079610685409012 ] ] ] ] } },
{ "type": "Feature", "properties": { "ZONA_MET": "La_Paz", "INTENSIDAD": "Extrema", "T_PROM_POL": 4.0, "T_MIN_CIUD": 3.0, "DIF_TERMIC": 1.0 }, "geometry": { "type": "MultiPolygon", "coordinates": [ [ [ [ -110.36557850246983, 24.085539566284201 ], [ -110.365039513299351, 24.085539566284201 ], [ -110.365039513299351, 24.084461587943256 ], [ -110.362614062032236, 24.084461587943256 ], [ -110.362614062032236, 24.08419209335802 ], [ -110.362075072861757, 24.08419209335802 ], [ -110.362075072861757, 24.084731082528492 ], [ -110.361805578276517, 24.084731082528492 ], [ -110.361805578276517, 24.085270071698965 ], [ -110.361536083691291, 24.085270071698965 ], [ -110.361536083691291, 24.085000577113728 ], [ -110.361266589106052, 24.085000577113728 ], [ -110.361266589106052, 24.084461587943256 ], [ -110.360727599935572, 24.084461587943256 ], [ -110.360727599935572, 24.084731082528492 ], [ -110.360458105350347, 24.084731082528492 ], [ -110.360458105350347, 24.082844620431842 ], [ -110.360727599935572, 24.082844620431842 ], [ -110.360727599935572, 24.082036136676134 ], [ -110.360997094520812, 24.082036136676134 ], [ -110.360997094520812, 24.081227652920425 ], [ -110.361266589106052, 24.081227652920425 ], [ -110.361266589106052, 24.080958158335189 ], [ -110.360727599935572, 24.080958158335189 ], [ -110.360727599935572, 24.080688663749953 ], [ -110.360997094520812, 24.080688663749953 ], [ -110.360997094520812, 24.08041916916472 ], [ -110.360727599935572, 24.08041916916472 ], [ -110.360727599935572, 24.080149674579484 ], [ -110.360997094520812, 24.080149674579484 ], [ -110.360997094520812, 24.07907169623854 ], [ -110.361266589106052, 24.07907169623854 ], [ -110.361266589106052, 24.077454728727126 ], [ -110.361536083691291, 24.077454728727126 ], [ -110.361536083691291, 24.075837761215709 ], [ -110.362075072861757, 24.075837761215709 ], [ -110.362075072861757, 24.075568266630473 ], [ -110.362344567446996, 24.075568266630473 ], [ -110.362344567446996, 24.075298772045237 ], [ -110.362614062032236, 24.075298772045237 ], [ -110.362614062032236, 24.076107255800945 ], [ -110.362344567446996, 24.076107255800945 ], [ -110.362344567446996, 24.076915739556654 ], [ -110.363153051202701, 24.076915739556654 ], [ -110.363153051202701, 24.076646244971418 ], [ -110.363422545787941, 24.076646244971418 ], [ -110.363422545787941, 24.077454728727126 ], [ -110.363961534958406, 24.077454728727126 ], [ -110.363961534958406, 24.077724223312359 ], [ -110.362883556617462, 24.077724223312359 ], [ -110.362883556617462, 24.077993717897595 ], [ -110.362614062032236, 24.077993717897595 ], [ -110.362614062032236, 24.077454728727126 ], [ -110.362344567446996, 24.077454728727126 ], [ -110.362344567446996, 24.077724223312359 ], [ -110.362075072861757, 24.077724223312359 ], [ -110.362075072861757, 24.07907169623854 ], [ -110.361805578276517, 24.07907169623854 ], [ -110.361805578276517, 24.079880179994248 ], [ -110.361536083691291, 24.079880179994248 ], [ -110.361536083691291, 24.082575125846606 ], [ -110.361805578276517, 24.082575125846606 ], [ -110.361805578276517, 24.082844620431842 ], [ -110.362075072861757, 24.082844620431842 ], [ -110.362075072861757, 24.083114115017079 ], [ -110.361805578276517, 24.083114115017079 ], [ -110.361805578276517, 24.083653104187547 ], [ -110.362614062032236, 24.083653104187547 ], [ -110.362614062032236, 24.083922598772784 ], [ -110.363422545787941, 24.083922598772784 ], [ -110.363422545787941, 24.083653104187547 ], [ -110.364231029543646, 24.083653104187547 ], [ -110.364231029543646, 24.083922598772784 ], [ -110.36557850246983, 24.083922598772784 ], [ -110.36557850246983, 24.084461587943256 ], [ -110.365309007884591, 24.084461587943256 ], [ -110.365309007884591, 24.085000577113728 ], [ -110.36557850246983, 24.085000577113728 ], [ -110.36557850246983, 24.085539566284201 ] ], [ [ -110.361805578276517, 24.084731082528492 ], [ -110.361805578276517, 24.08419209335802 ], [ -110.361536083691291, 24.08419209335802 ], [ -110.361536083691291, 24.084731082528492 ], [ -110.361805578276517, 24.084731082528492 ] ], [ [ -110.360997094520812, 24.083922598772784 ], [ -110.360997094520812, 24.083653104187547 ], [ -110.360727599935572, 24.083653104187547 ], [ -110.360727599935572, 24.083922598772784 ], [ -110.360997094520812, 24.083922598772784 ] ], [ [ -110.361536083691291, 24.083383609602315 ], [ -110.361536083691291, 24.083114115017079 ], [ -110.361266589106052, 24.083114115017079 ], [ -110.361266589106052, 24.083383609602315 ], [ -110.361536083691291, 24.083383609602315 ] ] ] ] } },
{ "type": "Feature", "properties": { "ZONA_MET": "La_Paz", "INTENSIDAD": "Intensa", "T_PROM_POL": 4.0, "T_MIN_CIUD": 3.0, "DIF_TERMIC": 1.0 }, "geometry": { "type": "MultiPolygon", "coordinates": [ [ [ [ -110.362075072861757, 24.075837761215709 ], [ -110.361536083691291, 24.075837761215709 ], [ -110.361536083691291, 24.074759782874764 ], [ -110.362614062032236, 24.074759782874764 ], [ -110.362614062032236, 24.075298772045237 ], [ -110.362344567446996, 24.075298772045237 ], [ -110.362344567446996, 24.075568266630473 ], [ -110.362075072861757, 24.075568266630473 ], [ -110.362075072861757, 24.075837761215709 ] ] ] ] } },
{ "type": "Feature", "properties": { "ZONA_MET": "La_Paz", "INTENSIDAD": "Intensa", "T_PROM_POL": 4.0, "T_MIN_CIUD": 3.0, "DIF_TERMIC": 1.0 }, "geometry": { "type": "MultiPolygon", "coordinates": [ [ [ [ -110.36746496456648, 24.077993717897595 ], [ -110.36719546998124, 24.077993717897595 ], [ -110.36719546998124, 24.077724223312359 ], [ -110.366925975396001, 24.077724223312359 ], [ -110.366925975396001, 24.077454728727126 ], [ -110.366656480810761, 24.077454728727126 ], [ -110.366656480810761, 24.07718523414189 ], [ -110.366925975396001, 24.07718523414189 ], [ -110.366925975396001, 24.076915739556654 ], [ -110.366656480810761, 24.076915739556654 ], [ -110.366656480810761, 24.076376750386181 ], [ -110.366925975396001, 24.076376750386181 ], [ -110.366925975396001, 24.075837761215709 ], [ -110.366656480810761, 24.075837761215709 ], [ -110.366656480810761, 24.075298772045237 ], [ -110.366925975396001, 24.075298772045237 ], [ -110.366925975396001, 24.074759782874764 ], [ -110.366656480810761, 24.074759782874764 ], [ -110.366656480810761, 24.074490288289528 ], [ -110.366117491640296, 24.074490288289528 ], [ -110.366117491640296, 24.074759782874764 ], [ -110.365847997055056, 24.074759782874764 ], [ -110.365847997055056, 24.075029277460001 ], [ -110.366117491640296, 24.075029277460001 ], [ -110.366117491640296, 24.075298772045237 ], [ -110.365847997055056, 24.075298772045237 ], [ -110.365847997055056, 24.076376750386181 ], [ -110.36557850246983, 24.076376750386181 ], [ -110.36557850246983, 24.073951299119059 ], [ -110.36746496456648, 24.073951299119059 ], [ -110.36746496456648, 24.074759782874764 ], [ -110.367734459151706, 24.074759782874764 ], [ -110.367734459151706, 24.074490288289528 ], [ -110.368003953736945, 24.074490288289528 ], [ -110.368003953736945, 24.075029277460001 ], [ -110.368273448322185, 24.075029277460001 ], [ -110.368273448322185, 24.076376750386181 ], [ -110.368003953736945, 24.076376750386181 ], [ -110.368003953736945, 24.076646244971418 ], [ -110.368273448322185, 24.076646244971418 ], [ -110.368273448322185, 24.076915739556654 ], [ -110.367734459151706, 24.076915739556654 ], [ -110.367734459151706, 24.07718523414189 ], [ -110.36746496456648, 24.07718523414189 ], [ -110.36746496456648, 24.077993717897595 ] ], [ [ -110.368003953736945, 24.075568266630473 ], [ -110.368003953736945, 24.075298772045237 ], [ -110.36719546998124, 24.075298772045237 ], [ -110.36719546998124, 24.075568266630473 ], [ -110.368003953736945, 24.075568266630473 ] ] ] ] } },
{ "type": "Feature", "properties": { "ZONA_MET": "La_Paz", "INTENSIDAD": "Intensa", "T_PROM_POL": 4.0, "T_MIN_CIUD": 3.0, "DIF_TERMIC": 1.0 }, "geometry": { "type": "MultiPolygon", "coordinates": [ [ [ [ -110.307637166644113, 24.077993717897595 ], [ -110.307367672058874, 24.077993717897595 ], [ -110.307367672058874, 24.077454728727126 ], [ -110.307098177473648, 24.077454728727126 ], [ -110.307098177473648, 24.07718523414189 ], [ -110.306559188303169, 24.07718523414189 ], [ -110.306559188303169, 24.075837761215709 ], [ -110.306289693717929, 24.075837761215709 ], [ -110.306289693717929, 24.076107255800945 ], [ -110.305750704547464, 24.076107255800945 ], [ -110.305750704547464, 24.075029277460001 ], [ -110.306289693717929, 24.075029277460001 ], [ -110.306289693717929, 24.073951299119059 ], [ -110.306020199132703, 24.073951299119059 ], [ -110.306020199132703, 24.073142815363351 ], [ -110.306289693717929, 24.073142815363351 ], [ -110.306289693717929, 24.072873320778115 ], [ -110.307098177473648, 24.072873320778115 ], [ -110.307098177473648, 24.073142815363351 ], [ -110.306828682888408, 24.073142815363351 ], [ -110.306828682888408, 24.073412309948587 ], [ -110.307098177473648, 24.073412309948587 ], [ -110.307098177473648, 24.074220793704296 ], [ -110.306559188303169, 24.074220793704296 ], [ -110.306559188303169, 24.074490288289528 ], [ -110.306828682888408, 24.074490288289528 ], [ -110.306828682888408, 24.074759782874764 ], [ -110.306559188303169, 24.074759782874764 ], [ -110.306559188303169, 24.075029277460001 ], [ -110.306828682888408, 24.075029277460001 ], [ -110.306828682888408, 24.076646244971418 ], [ -110.307098177473648, 24.076646244971418 ], [ -110.307098177473648, 24.076915739556654 ], [ -110.307367672058874, 24.076915739556654 ], [ -110.307367672058874, 24.076646244971418 ], [ -110.307637166644113, 24.076646244971418 ], [ -110.307637166644113, 24.076915739556654 ], [ -110.307906661229353, 24.076915739556654 ], [ -110.307906661229353, 24.07718523414189 ], [ -110.308445650399818, 24.07718523414189 ], [ -110.308445650399818, 24.077454728727126 ], [ -110.307637166644113, 24.077454728727126 ], [ -110.307637166644113, 24.077993717897595 ] ] ] ] } },
{ "type": "Feature", "properties": { "ZONA_MET": "La_Paz", "INTENSIDAD": "Intensa", "T_PROM_POL": 4.0, "T_MIN_CIUD": 3.0, "DIF_TERMIC": 1.0 }, "geometry": { "type": "MultiPolygon", "coordinates": [ [ [ [ -110.32542380926968, 24.074220793704296 ], [ -110.324615325513975, 24.074220793704296 ], [ -110.324615325513975, 24.073951299119059 ], [ -110.32380684175827, 24.073951299119059 ], [ -110.32380684175827, 24.073142815363351 ], [ -110.324345830928735, 24.073142815363351 ], [ -110.324345830928735, 24.073412309948587 ], [ -110.324615325513975, 24.073412309948587 ], [ -110.324615325513975, 24.072873320778115 ], [ -110.324884820099214, 24.072873320778115 ], [ -110.324884820099214, 24.072603826192879 ], [ -110.32515431468444, 24.072603826192879 ], [ -110.32515431468444, 24.073142815363351 ], [ -110.324884820099214, 24.073142815363351 ], [ -110.324884820099214, 24.073412309948587 ], [ -110.32515431468444, 24.073412309948587 ], [ -110.32515431468444, 24.073681804533823 ], [ -110.324884820099214, 24.073681804533823 ], [ -110.324884820099214, 24.073951299119059 ], [ -110.32542380926968, 24.073951299119059 ], [ -110.32542380926968, 24.074220793704296 ] ] ] ] } },
{ "type": "Feature", "properties": { "ZONA_MET": "La_Paz", "INTENSIDAD": "Extrema", "T_PROM_POL": 4.0, "T_MIN_CIUD": 3.0, "DIF_TERMIC": 1.0 }, "geometry": { "type": "MultiPolygon", "coordinates": [ [ [ [ -110.364770018714111, 24.073951299119059 ], [ -110.363961534958406, 24.073951299119059 ], [ -110.363961534958406, 24.073142815363351 ], [ -110.363692040373166, 24.073142815363351 ], [ -110.363692040373166, 24.072873320778115 ], [ -110.363422545787941, 24.072873320778115 ], [ -110.363422545787941, 24.07179534243717 ], [ -110.363692040373166, 24.07179534243717 ], [ -110.363692040373166, 24.072334331607642 ], [ -110.363961534958406, 24.072334331607642 ], [ -110.363961534958406, 24.072873320778115 ], [ -110.364231029543646, 24.072873320778115 ], [ -110.364231029543646, 24.073412309948587 ], [ -110.364500524128886, 24.073412309948587 ], [ -110.364500524128886, 24.073681804533823 ], [ -110.364770018714111, 24.073681804533823 ], [ -110.364770018714111, 24.073951299119059 ] ] ] ] } },
{ "type": "Feature", "properties": { "ZONA_MET": "La_Paz", "INTENSIDAD": "Extrema", "T_PROM_POL": 4.0, "T_MIN_CIUD": 3.0, "DIF_TERMIC": 1.0 }, "geometry": { "type": "MultiPolygon", "coordinates": [ [ [ [ -110.335125614338168, 24.072064837022406 ], [ -110.334586625167702, 24.072064837022406 ], [ -110.334586625167702, 24.071256353266701 ], [ -110.333778141411997, 24.071256353266701 ], [ -110.333778141411997, 24.070717364096229 ], [ -110.334047635997223, 24.070717364096229 ], [ -110.334047635997223, 24.070447869510993 ], [ -110.334317130582463, 24.070447869510993 ], [ -110.334317130582463, 24.070717364096229 ], [ -110.334586625167702, 24.070717364096229 ], [ -110.334586625167702, 24.070986858681465 ], [ -110.335125614338168, 24.070986858681465 ], [ -110.335125614338168, 24.071256353266701 ], [ -110.335395108923407, 24.071256353266701 ], [ -110.335395108923407, 24.071525847851934 ], [ -110.335125614338168, 24.071525847851934 ], [ -110.335125614338168, 24.072064837022406 ] ] ] ] } },
{ "type": "Feature", "properties": { "ZONA_MET": "La_Paz", "INTENSIDAD": "Intensa", "T_PROM_POL": 4.0, "T_MIN_CIUD": 3.0, "DIF_TERMIC": 1.0 }, "geometry": { "type": "MultiPolygon", "coordinates": [ [ [ [ -110.304942220791759, 24.072064837022406 ], [ -110.304133737036054, 24.072064837022406 ], [ -110.304133737036054, 24.071525847851934 ], [ -110.303594747865574, 24.071525847851934 ], [ -110.303594747865574, 24.071256353266701 ], [ -110.303055758695109, 24.071256353266701 ], [ -110.303055758695109, 24.070447869510993 ], [ -110.303864242450814, 24.070447869510993 ], [ -110.303864242450814, 24.06990888034052 ], [ -110.304403231621279, 24.06990888034052 ], [ -110.304403231621279, 24.070178374925757 ], [ -110.304133737036054, 24.070178374925757 ], [ -110.304133737036054, 24.070717364096229 ], [ -110.303864242450814, 24.070717364096229 ], [ -110.303864242450814, 24.071256353266701 ], [ -110.304133737036054, 24.071256353266701 ], [ -110.304133737036054, 24.070986858681465 ], [ -110.304403231621279, 24.070986858681465 ], [ -110.304403231621279, 24.071256353266701 ], [ -110.304672726206519, 24.071256353266701 ], [ -110.304672726206519, 24.07179534243717 ], [ -110.304942220791759, 24.07179534243717 ], [ -110.304942220791759, 24.072064837022406 ] ] ] ] } },
{ "type": "Feature", "properties": { "ZONA_MET": "La_Paz", "INTENSIDAD": "Intensa", "T_PROM_POL": 4.0, "T_MIN_CIUD": 3.0, "DIF_TERMIC": 1.0 }, "geometry": { "type": "MultiPolygon", "coordinates": [ [ [ [ -110.32326785258779, 24.071256353266701 ], [ -110.322998358002565, 24.071256353266701 ], [ -110.322998358002565, 24.070986858681465 ], [ -110.322459368832085, 24.070986858681465 ], [ -110.322459368832085, 24.070717364096229 ], [ -110.322189874246845, 24.070717364096229 ], [ -110.322189874246845, 24.070447869510993 ], [ -110.321111895905901, 24.070447869510993 ], [ -110.321111895905901, 24.070178374925757 ], [ -110.320842401320675, 24.070178374925757 ], [ -110.320842401320675, 24.070447869510993 ], [ -110.320303412150196, 24.070447869510993 ], [ -110.320303412150196, 24.070178374925757 ], [ -110.320572906735435, 24.070178374925757 ], [ -110.320572906735435, 24.06990888034052 ], [ -110.320842401320675, 24.06990888034052 ], [ -110.320842401320675, 24.069369891170048 ], [ -110.320572906735435, 24.069369891170048 ], [ -110.320572906735435, 24.069100396584812 ], [ -110.32138139049114, 24.069100396584812 ], [ -110.32138139049114, 24.068830901999576 ], [ -110.32165088507638, 24.068830901999576 ], [ -110.32165088507638, 24.068561407414339 ], [ -110.32192037966162, 24.068561407414339 ], [ -110.32192037966162, 24.069369891170048 ], [ -110.322189874246845, 24.069369891170048 ], [ -110.322189874246845, 24.069639385755284 ], [ -110.322459368832085, 24.069639385755284 ], [ -110.322459368832085, 24.06990888034052 ], [ -110.322728863417325, 24.06990888034052 ], [ -110.322728863417325, 24.070447869510993 ], [ -110.322998358002565, 24.070447869510993 ], [ -110.322998358002565, 24.070717364096229 ], [ -110.32326785258779, 24.070717364096229 ], [ -110.32326785258779, 24.071256353266701 ] ], [ [ -110.32165088507638, 24.069369891170048 ], [ -110.32165088507638, 24.069100396584812 ], [ -110.32138139049114, 24.069100396584812 ], [ -110.32138139049114, 24.069369891170048 ], [ -110.32165088507638, 24.069369891170048 ] ] ] ] } },
{ "type": "Feature", "properties": { "ZONA_MET": "La_Paz", "INTENSIDAD": "Extrema", "T_PROM_POL": 4.0, "T_MIN_CIUD": 3.0, "DIF_TERMIC": 1.0 }, "geometry": { "type": "MultiPolygon", "coordinates": [ [ [ [ -110.367734459151706, 24.070447869510993 ], [ -110.36746496456648, 24.070447869510993 ], [ -110.36746496456648, 24.069639385755284 ], [ -110.36719546998124, 24.069639385755284 ], [ -110.36719546998124, 24.069369891170048 ], [ -110.36746496456648, 24.069369891170048 ], [ -110.36746496456648, 24.068830901999576 ], [ -110.36719546998124, 24.068830901999576 ], [ -110.36719546998124, 24.068561407414339 ], [ -110.36746496456648, 24.068561407414339 ], [ -110.36746496456648, 24.068291912829107 ], [ -110.368003953736945, 24.068291912829107 ], [ -110.368003953736945, 24.068561407414339 ], [ -110.368273448322185, 24.068561407414339 ], [ -110.368273448322185, 24.069639385755284 ], [ -110.368003953736945, 24.069639385755284 ], [ -110.368003953736945, 24.06990888034052 ], [ -110.367734459151706, 24.06990888034052 ], [ -110.367734459151706, 24.070447869510993 ] ], [ [ -110.368003953736945, 24.069639385755284 ], [ -110.368003953736945, 24.069369891170048 ], [ -110.367734459151706, 24.069369891170048 ], [ -110.367734459151706, 24.069639385755284 ], [ -110.368003953736945, 24.069639385755284 ] ], [ [ -110.368003953736945, 24.069100396584812 ], [ -110.368003953736945, 24.068830901999576 ], [ -110.367734459151706, 24.068830901999576 ], [ -110.367734459151706, 24.069100396584812 ], [ -110.368003953736945, 24.069100396584812 ] ] ] ] } },
{ "type": "Feature", "properties": { "ZONA_MET": "La_Paz", "INTENSIDAD": "Intensa", "T_PROM_POL": 4.0, "T_MIN_CIUD": 3.0, "DIF_TERMIC": 1.0 }, "geometry": { "type": "MultiPolygon", "coordinates": [ [ [ [ -110.305750704547464, 24.069369891170048 ], [ -110.305481209962224, 24.069369891170048 ], [ -110.305481209962224, 24.069100396584812 ], [ -110.304942220791759, 24.069100396584812 ], [ -110.304942220791759, 24.068830901999576 ], [ -110.304672726206519, 24.068830901999576 ], [ -110.304672726206519, 24.068561407414339 ], [ -110.305750704547464, 24.068561407414339 ], [ -110.305750704547464, 24.068291912829107 ], [ -110.306289693717929, 24.068291912829107 ], [ -110.306289693717929, 24.068561407414339 ], [ -110.306020199132703, 24.068561407414339 ], [ -110.306020199132703, 24.068830901999576 ], [ -110.306289693717929, 24.068830901999576 ], [ -110.306289693717929, 24.069100396584812 ], [ -110.305750704547464, 24.069100396584812 ], [ -110.305750704547464, 24.069369891170048 ] ] ] ] } },
{ "type": "Feature", "properties": { "ZONA_MET": "La_Paz", "INTENSIDAD": "Intensa", "T_PROM_POL": 4.0, "T_MIN_CIUD": 3.0, "DIF_TERMIC": 1.0 }, "geometry": { "type": "MultiPolygon", "coordinates": [ [ [ [ -110.308445650399818, 24.069369891170048 ], [ -110.308176155814593, 24.069369891170048 ], [ -110.308176155814593, 24.069100396584812 ], [ -110.307367672058874, 24.069100396584812 ], [ -110.307367672058874, 24.068830901999576 ], [ -110.307098177473648, 24.068830901999576 ], [ -110.307098177473648, 24.069100396584812 ], [ -110.306828682888408, 24.069100396584812 ], [ -110.306828682888408, 24.068830901999576 ], [ -110.306559188303169, 24.068830901999576 ], [ -110.306559188303169, 24.068561407414339 ], [ -110.307098177473648, 24.068561407414339 ], [ -110.307098177473648, 24.068291912829107 ], [ -110.307367672058874, 24.068291912829107 ], [ -110.307367672058874, 24.067752923658635 ], [ -110.308445650399818, 24.067752923658635 ], [ -110.308445650399818, 24.068022418243871 ], [ -110.308715144985058, 24.068022418243871 ], [ -110.308715144985058, 24.068561407414339 ], [ -110.308445650399818, 24.068561407414339 ], [ -110.308445650399818, 24.068291912829107 ], [ -110.308176155814593, 24.068291912829107 ], [ -110.308176155814593, 24.068022418243871 ], [ -110.307637166644113, 24.068022418243871 ], [ -110.307637166644113, 24.068291912829107 ], [ -110.307906661229353, 24.068291912829107 ], [ -110.307906661229353, 24.068830901999576 ], [ -110.308715144985058, 24.068830901999576 ], [ -110.308715144985058, 24.069100396584812 ], [ -110.308445650399818, 24.069100396584812 ], [ -110.308445650399818, 24.069369891170048 ] ] ] ] } },
{ "type": "Feature", "properties": { "ZONA_MET": "La_Paz", "INTENSIDAD": "Intensa", "T_PROM_POL": 4.0, "T_MIN_CIUD": 3.0, "DIF_TERMIC": 1.0 }, "geometry": { "type": "MultiPolygon", "coordinates": [ [ [ [ -110.306559188303169, 24.067752923658635 ], [ -110.304942220791759, 24.067752923658635 ], [ -110.304942220791759, 24.067213934488162 ], [ -110.305211715376998, 24.067213934488162 ], [ -110.305211715376998, 24.06667494531769 ], [ -110.304672726206519, 24.06667494531769 ], [ -110.304672726206519, 24.065057977806276 ], [ -110.305211715376998, 24.065057977806276 ], [ -110.305211715376998, 24.065866461561981 ], [ -110.305481209962224, 24.065866461561981 ], [ -110.305481209962224, 24.066135956147217 ], [ -110.306020199132703, 24.066135956147217 ], [ -110.306020199132703, 24.066944439902926 ], [ -110.306289693717929, 24.066944439902926 ], [ -110.306289693717929, 24.067213934488162 ], [ -110.306559188303169, 24.067213934488162 ], [ -110.306559188303169, 24.067752923658635 ] ], [ [ -110.306020199132703, 24.067483429073398 ], [ -110.306020199132703, 24.067213934488162 ], [ -110.305750704547464, 24.067213934488162 ], [ -110.305750704547464, 24.067483429073398 ], [ -110.306020199132703, 24.067483429073398 ] ] ] ] } },
{ "type": "Feature", "properties": { "ZONA_MET": "La_Paz", "INTENSIDAD": "Intensa", "T_PROM_POL": 4.0, "T_MIN_CIUD": 3.0, "DIF_TERMIC": 1.0 }, "geometry": { "type": "MultiPolygon", "coordinates": [ [ [ [ -110.319494928394491, 24.063710504880095 ], [ -110.318686444638786, 24.063710504880095 ], [ -110.318686444638786, 24.063441010294859 ], [ -110.318416950053546, 24.063441010294859 ], [ -110.318416950053546, 24.062902021124387 ], [ -110.318686444638786, 24.062902021124387 ], [ -110.318686444638786, 24.062363031953915 ], [ -110.318416950053546, 24.062363031953915 ], [ -110.318416950053546, 24.062093537368682 ], [ -110.318147455468306, 24.062093537368682 ], [ -110.318147455468306, 24.061824042783446 ], [ -110.318955939224026, 24.061824042783446 ], [ -110.318955939224026, 24.063171515709623 ], [ -110.319764422979731, 24.063171515709623 ], [ -110.319764422979731, 24.063441010294859 ], [ -110.319494928394491, 24.063441010294859 ], [ -110.319494928394491, 24.063710504880095 ] ] ] ] } },
{ "type": "Feature", "properties": { "ZONA_MET": "La_Paz", "INTENSIDAD": "Extrema", "T_PROM_POL": 4.0, "T_MIN_CIUD": 3.0, "DIF_TERMIC": 1.0 }, "geometry": { "type": "MultiPolygon", "coordinates": [ [ [ [ -110.312757563763597, 24.062632526539151 ], [ -110.312218574593118, 24.062632526539151 ], [ -110.312218574593118, 24.062363031953915 ], [ -110.311949080007892, 24.062363031953915 ], [ -110.311949080007892, 24.061824042783446 ], [ -110.311679585422652, 24.061824042783446 ], [ -110.311679585422652, 24.06155454819821 ], [ -110.312218574593118, 24.06155454819821 ], [ -110.312218574593118, 24.061285053612973 ], [ -110.313027058348837, 24.061285053612973 ], [ -110.313027058348837, 24.06155454819821 ], [ -110.313296552934062, 24.06155454819821 ], [ -110.313296552934062, 24.061824042783446 ], [ -110.313566047519302, 24.061824042783446 ], [ -110.313566047519302, 24.062093537368682 ], [ -110.313027058348837, 24.062093537368682 ], [ -110.313027058348837, 24.062363031953915 ], [ -110.312757563763597, 24.062363031953915 ], [ -110.312757563763597, 24.062632526539151 ] ] ] ] } },
{ "type": "Feature", "properties": { "ZONA_MET": "La_Paz", "INTENSIDAD": "Intensa", "T_PROM_POL": 4.0, "T_MIN_CIUD": 3.0, "DIF_TERMIC": 1.0 }, "geometry": { "type": "MultiPolygon", "coordinates": [ [ [ [ -110.289581029433307, 24.062902021124387 ], [ -110.289311534848082, 24.062902021124387 ], [ -110.289311534848082, 24.062632526539151 ], [ -110.289042040262842, 24.062632526539151 ], [ -110.289042040262842, 24.062093537368682 ], [ -110.288772545677602, 24.062093537368682 ], [ -110.288772545677602, 24.06155454819821 ], [ -110.289581029433307, 24.06155454819821 ], [ -110.289581029433307, 24.061015559027737 ], [ -110.289850524018547, 24.061015559027737 ], [ -110.289850524018547, 24.061824042783446 ], [ -110.289581029433307, 24.061824042783446 ], [ -110.289581029433307, 24.062902021124387 ] ] ] ] } },
{ "type": "Feature", "properties": { "ZONA_MET": "La_Paz", "INTENSIDAD": "Extrema", "T_PROM_POL": 4.0, "T_MIN_CIUD": 3.0, "DIF_TERMIC": 1.0 }, "geometry": { "type": "MultiPolygon", "coordinates": [ [ [ [ -110.362614062032236, 24.074759782874764 ], [ -110.361805578276517, 24.074759782874764 ], [ -110.361805578276517, 24.073951299119059 ], [ -110.362075072861757, 24.073951299119059 ], [ -110.362075072861757, 24.072873320778115 ], [ -110.362344567446996, 24.072873320778115 ], [ -110.362344567446996, 24.072064837022406 ], [ -110.362075072861757, 24.072064837022406 ], [ -110.362075072861757, 24.071256353266701 ], [ -110.362344567446996, 24.071256353266701 ], [ -110.362344567446996, 24.06990888034052 ], [ -110.362614062032236, 24.06990888034052 ], [ -110.362614062032236, 24.068830901999576 ], [ -110.362883556617462, 24.068830901999576 ], [ -110.362883556617462, 24.065327472391512 ], [ -110.363153051202701, 24.065327472391512 ], [ -110.363153051202701, 24.063979999465332 ], [ -110.363422545787941, 24.063979999465332 ], [ -110.363422545787941, 24.062093537368682 ], [ -110.363692040373166, 24.062093537368682 ], [ -110.363692040373166, 24.061015559027737 ], [ -110.363961534958406, 24.061015559027737 ], [ -110.363961534958406, 24.060746064442501 ], [ -110.364500524128886, 24.060746064442501 ], [ -110.364500524128886, 24.061285053612973 ], [ -110.364770018714111, 24.061285053612973 ], [ -110.364770018714111, 24.062093537368682 ], [ -110.365039513299351, 24.062093537368682 ], [ -110.365039513299351, 24.062632526539151 ], [ -110.364770018714111, 24.062632526539151 ], [ -110.364770018714111, 24.063171515709623 ], [ -110.364231029543646, 24.063171515709623 ], [ -110.364231029543646, 24.064249494050568 ], [ -110.363961534958406, 24.064249494050568 ], [ -110.363961534958406, 24.06667494531769 ], [ -110.363692040373166, 24.06667494531769 ], [ -110.363692040373166, 24.067483429073398 ], [ -110.363422545787941, 24.067483429073398 ], [ -110.363422545787941, 24.07179534243717 ], [ -110.362883556617462, 24.07179534243717 ], [ -110.362883556617462, 24.073951299119059 ], [ -110.362614062032236, 24.073951299119059 ], [ -110.362614062032236, 24.074759782874764 ] ], [ [ -110.363692040373166, 24.064518988635804 ], [ -110.363692040373166, 24.063979999465332 ], [ -110.363422545787941, 24.063979999465332 ], [ -110.363422545787941, 24.064518988635804 ], [ -110.363692040373166, 24.064518988635804 ] ], [ [ -110.364231029543646, 24.063171515709623 ], [ -110.364231029543646, 24.062632526539151 ], [ -110.363961534958406, 24.062632526539151 ], [ -110.363961534958406, 24.063171515709623 ], [ -110.364231029543646, 24.063171515709623 ] ], [ [ -110.364500524128886, 24.061824042783446 ], [ -110.364500524128886, 24.06155454819821 ], [ -110.364231029543646, 24.06155454819821 ], [ -110.364231029543646, 24.061824042783446 ], [ -110.364500524128886, 24.061824042783446 ] ] ] ] } },
{ "type": "Feature", "properties": { "ZONA_MET": "La_Paz", "INTENSIDAD": "Intensa", "T_PROM_POL": 4.0, "T_MIN_CIUD": 3.0, "DIF_TERMIC": 1.0 }, "geometry": { "type": "MultiPolygon", "coordinates": [ [ [ [ -110.305211715376998, 24.063441010294859 ], [ -110.304942220791759, 24.063441010294859 ], [ -110.304942220791759, 24.063171515709623 ], [ -110.304403231621279, 24.063171515709623 ], [ -110.304403231621279, 24.062902021124387 ], [ -110.304133737036054, 24.062902021124387 ], [ -110.304133737036054, 24.062363031953915 ], [ -110.303864242450814, 24.062363031953915 ], [ -110.303864242450814, 24.061824042783446 ], [ -110.303594747865574, 24.061824042783446 ], [ -110.303594747865574, 24.061285053612973 ], [ -110.303864242450814, 24.061285053612973 ], [ -110.303864242450814, 24.061015559027737 ], [ -110.304133737036054, 24.061015559027737 ], [ -110.304133737036054, 24.060476569857265 ], [ -110.304403231621279, 24.060476569857265 ], [ -110.304403231621279, 24.060207075272029 ], [ -110.304133737036054, 24.060207075272029 ], [ -110.304133737036054, 24.059937580686793 ], [ -110.304403231621279, 24.059937580686793 ], [ -110.304403231621279, 24.059668086101556 ], [ -110.304942220791759, 24.059668086101556 ], [ -110.304942220791759, 24.060476569857265 ], [ -110.305211715376998, 24.060476569857265 ], [ -110.305211715376998, 24.060746064442501 ], [ -110.304942220791759, 24.060746064442501 ], [ -110.304942220791759, 24.061015559027737 ], [ -110.304403231621279, 24.061015559027737 ], [ -110.304403231621279, 24.06155454819821 ], [ -110.304672726206519, 24.06155454819821 ], [ -110.304672726206519, 24.061285053612973 ], [ -110.304942220791759, 24.061285053612973 ], [ -110.304942220791759, 24.062093537368682 ], [ -110.305211715376998, 24.062093537368682 ], [ -110.305211715376998, 24.062363031953915 ], [ -110.305481209962224, 24.062363031953915 ], [ -110.305481209962224, 24.062093537368682 ], [ -110.305750704547464, 24.062093537368682 ], [ -110.305750704547464, 24.062632526539151 ], [ -110.305481209962224, 24.062632526539151 ], [ -110.305481209962224, 24.062902021124387 ], [ -110.305211715376998, 24.062902021124387 ], [ -110.305211715376998, 24.063441010294859 ] ] ] ] } },
{ "type": "Feature", "properties": { "ZONA_MET": "La_Paz", "INTENSIDAD": "Intensa", "T_PROM_POL": 4.0, "T_MIN_CIUD": 3.0, "DIF_TERMIC": 1.0 }, "geometry": { "type": "MultiPolygon", "coordinates": [ [ [ [ -110.303594747865574, 24.058590107760615 ], [ -110.303325253280335, 24.058590107760615 ], [ -110.303325253280335, 24.058320613175379 ], [ -110.303055758695109, 24.058320613175379 ], [ -110.303055758695109, 24.058051118590143 ], [ -110.302786264109869, 24.058051118590143 ], [ -110.302786264109869, 24.057781624004907 ], [ -110.303055758695109, 24.057781624004907 ], [ -110.303055758695109, 24.056973140249198 ], [ -110.302786264109869, 24.056973140249198 ], [ -110.302786264109869, 24.056703645663962 ], [ -110.303325253280335, 24.056703645663962 ], [ -110.303325253280335, 24.056973140249198 ], [ -110.303594747865574, 24.056973140249198 ], [ -110.303594747865574, 24.057512129419671 ], [ -110.304133737036054, 24.057512129419671 ], [ -110.304133737036054, 24.057781624004907 ], [ -110.303594747865574, 24.057781624004907 ], [ -110.303594747865574, 24.058590107760615 ] ] ] ] } },
{ "type": "Feature", "properties": { "ZONA_MET": "La_Paz", "INTENSIDAD": "Intensa", "T_PROM_POL": 4.0, "T_MIN_CIUD": 3.0, "DIF_TERMIC": 1.0 }, "geometry": { "type": "MultiPolygon", "coordinates": [ [ [ [ -110.317338971712601, 24.058320613175379 ], [ -110.317069477127376, 24.058320613175379 ], [ -110.317069477127376, 24.058051118590143 ], [ -110.316530487956896, 24.058051118590143 ], [ -110.316530487956896, 24.057242634834434 ], [ -110.317338971712601, 24.057242634834434 ], [ -110.317338971712601, 24.056973140249198 ], [ -110.317608466297841, 24.056973140249198 ], [ -110.317608466297841, 24.056703645663962 ], [ -110.317877960883081, 24.056703645663962 ], [ -110.317877960883081, 24.057242634834434 ], [ -110.317608466297841, 24.057242634834434 ], [ -110.317608466297841, 24.057512129419671 ], [ -110.317338971712601, 24.057512129419671 ], [ -110.317338971712601, 24.058320613175379 ] ] ] ] } },
{ "type": "Feature", "properties": { "ZONA_MET": "La_Paz", "INTENSIDAD": "Intensa", "T_PROM_POL": 4.0, "T_MIN_CIUD": 3.0, "DIF_TERMIC": 1.0 }, "geometry": { "type": "MultiPolygon", "coordinates": [ [ [ [ -110.312757563763597, 24.055625667323021 ], [ -110.311949080007892, 24.055625667323021 ], [ -110.311949080007892, 24.055356172737785 ], [ -110.311410090837413, 24.055356172737785 ], [ -110.311410090837413, 24.054817183567312 ], [ -110.311949080007892, 24.054817183567312 ], [ -110.311949080007892, 24.054547688982076 ], [ -110.312218574593118, 24.054547688982076 ], [ -110.312218574593118, 24.05427819439684 ], [ -110.312488069178357, 24.05427819439684 ], [ -110.312488069178357, 24.054547688982076 ], [ -110.312757563763597, 24.054547688982076 ], [ -110.312757563763597, 24.054817183567312 ], [ -110.313027058348837, 24.054817183567312 ], [ -110.313027058348837, 24.055356172737785 ], [ -110.312757563763597, 24.055356172737785 ], [ -110.312757563763597, 24.055625667323021 ] ], [ [ -110.312218574593118, 24.055356172737785 ], [ -110.312218574593118, 24.055086678152549 ], [ -110.311949080007892, 24.055086678152549 ], [ -110.311949080007892, 24.055356172737785 ], [ -110.312218574593118, 24.055356172737785 ] ] ] ] } },
{ "type": "Feature", "properties": { "ZONA_MET": "La_Paz", "INTENSIDAD": "Intensa", "T_PROM_POL": 4.0, "T_MIN_CIUD": 3.0, "DIF_TERMIC": 1.0 }, "geometry": { "type": "MultiPolygon", "coordinates": [ [ [ [ -110.30089980201322, 24.05427819439684 ], [ -110.30063030742798, 24.05427819439684 ], [ -110.30063030742798, 24.054008699811604 ], [ -110.30036081284274, 24.054008699811604 ], [ -110.30036081284274, 24.053739205226368 ], [ -110.299821823672275, 24.053739205226368 ], [ -110.299821823672275, 24.053469710641131 ], [ -110.299552329087035, 24.053469710641131 ], [ -110.299552329087035, 24.053200216055899 ], [ -110.299282834501795, 24.053200216055899 ], [ -110.299282834501795, 24.052661226885427 ], [ -110.299821823672275, 24.052661226885427 ], [ -110.299821823672275, 24.05239173230019 ], [ -110.300091318257515, 24.05239173230019 ], [ -110.300091318257515, 24.052930721470663 ], [ -110.30089980201322, 24.052930721470663 ], [ -110.30089980201322, 24.053739205226368 ], [ -110.301438791183685, 24.053739205226368 ], [ -110.301438791183685, 24.054008699811604 ], [ -110.30089980201322, 24.054008699811604 ], [ -110.30089980201322, 24.05427819439684 ] ] ] ] } },
{ "type": "Feature", "properties": { "ZONA_MET": "La_Paz", "INTENSIDAD": "Intensa", "T_PROM_POL": 4.0, "T_MIN_CIUD": 3.0, "DIF_TERMIC": 1.0 }, "geometry": { "type": "MultiPolygon", "coordinates": [ [ [ [ -110.303325253280335, 24.056434151078726 ], [ -110.302786264109869, 24.056434151078726 ], [ -110.302786264109869, 24.055356172737785 ], [ -110.30251676952463, 24.055356172737785 ], [ -110.30251676952463, 24.054008699811604 ], [ -110.303055758695109, 24.054008699811604 ], [ -110.303055758695109, 24.052930721470663 ], [ -110.302786264109869, 24.052930721470663 ], [ -110.302786264109869, 24.05239173230019 ], [ -110.303594747865574, 24.05239173230019 ], [ -110.303594747865574, 24.052661226885427 ], [ -110.303864242450814, 24.052661226885427 ], [ -110.303864242450814, 24.05239173230019 ], [ -110.304133737036054, 24.05239173230019 ], [ -110.304133737036054, 24.053200216055899 ], [ -110.303864242450814, 24.053200216055899 ], [ -110.303864242450814, 24.053469710641131 ], [ -110.303594747865574, 24.053469710641131 ], [ -110.303594747865574, 24.053739205226368 ], [ -110.303325253280335, 24.053739205226368 ], [ -110.303325253280335, 24.054817183567312 ], [ -110.303055758695109, 24.054817183567312 ], [ -110.303055758695109, 24.056164656493493 ], [ -110.303325253280335, 24.056164656493493 ], [ -110.303325253280335, 24.056434151078726 ] ] ] ] } },
{ "type": "Feature", "properties": { "ZONA_MET": "La_Paz", "INTENSIDAD": "Extrema", "T_PROM_POL": 4.0, "T_MIN_CIUD": 3.0, "DIF_TERMIC": 1.0 }, "geometry": { "type": "MultiPolygon", "coordinates": [ [ [ [ -110.30251676952463, 24.05427819439684 ], [ -110.302247274939404, 24.05427819439684 ], [ -110.302247274939404, 24.053739205226368 ], [ -110.30089980201322, 24.053739205226368 ], [ -110.30089980201322, 24.053200216055899 ], [ -110.301169296598459, 24.053200216055899 ], [ -110.301169296598459, 24.053469710641131 ], [ -110.301977780354164, 24.053469710641131 ], [ -110.301977780354164, 24.05239173230019 ], [ -110.30251676952463, 24.05239173230019 ], [ -110.30251676952463, 24.052122237714954 ], [ -110.302786264109869, 24.052122237714954 ], [ -110.302786264109869, 24.052930721470663 ], [ -110.303055758695109, 24.052930721470663 ], [ -110.303055758695109, 24.054008699811604 ], [ -110.30251676952463, 24.054008699811604 ], [ -110.30251676952463, 24.05427819439684 ] ] ] ] } },
{ "type": "Feature", "properties": { "ZONA_MET": "La_Paz", "INTENSIDAD": "Intensa", "T_PROM_POL": 4.0, "T_MIN_CIUD": 3.0, "DIF_TERMIC": 1.0 }, "geometry": { "type": "MultiPolygon", "coordinates": [ [ [ [ -110.285269116069543, 24.05239173230019 ], [ -110.284730126899063, 24.05239173230019 ], [ -110.284730126899063, 24.051044259374009 ], [ -110.286616588995713, 24.051044259374009 ], [ -110.286616588995713, 24.051583248544482 ], [ -110.285538610654768, 24.051583248544482 ], [ -110.285538610654768, 24.051313753959246 ], [ -110.284999621484303, 24.051313753959246 ], [ -110.284999621484303, 24.052122237714954 ], [ -110.285269116069543, 24.052122237714954 ], [ -110.285269116069543, 24.05239173230019 ] ] ] ] } },
{ "type": "Feature", "properties": { "ZONA_MET": "La_Paz", "INTENSIDAD": "Intensa", "T_PROM_POL": 4.0, "T_MIN_CIUD": 3.0, "DIF_TERMIC": 1.0 }, "geometry": { "type": "MultiPolygon", "coordinates": [ [ [ [ -110.30251676952463, 24.05239173230019 ], [ -110.30036081284274, 24.05239173230019 ], [ -110.30036081284274, 24.052122237714954 ], [ -110.30063030742798, 24.052122237714954 ], [ -110.30063030742798, 24.051852743129718 ], [ -110.301708285768925, 24.051852743129718 ], [ -110.301708285768925, 24.051313753959246 ], [ -110.301977780354164, 24.051313753959246 ], [ -110.301977780354164, 24.051044259374009 ], [ -110.301438791183685, 24.051044259374009 ], [ -110.301438791183685, 24.049427291862596 ], [ -110.301708285768925, 24.049427291862596 ], [ -110.301708285768925, 24.050235775618305 ], [ -110.301977780354164, 24.050235775618305 ], [ -110.301977780354164, 24.050774764788773 ], [ -110.302247274939404, 24.050774764788773 ], [ -110.302247274939404, 24.051852743129718 ], [ -110.302786264109869, 24.051852743129718 ], [ -110.302786264109869, 24.052122237714954 ], [ -110.30251676952463, 24.052122237714954 ], [ -110.30251676952463, 24.05239173230019 ] ] ] ] } },
{ "type": "Feature", "properties": { "ZONA_MET": "La_Paz", "INTENSIDAD": "Intensa", "T_PROM_POL": 4.0, "T_MIN_CIUD": 3.0, "DIF_TERMIC": 1.0 }, "geometry": { "type": "MultiPolygon", "coordinates": [ [ [ [ -110.30063030742798, 24.044576389328348 ], [ -110.30036081284274, 24.044576389328348 ], [ -110.30036081284274, 24.04403740015788 ], [ -110.300091318257515, 24.04403740015788 ], [ -110.300091318257515, 24.043228916402171 ], [ -110.299821823672275, 24.043228916402171 ], [ -110.299821823672275, 24.042689927231699 ], [ -110.29901333991657, 24.042689927231699 ], [ -110.29901333991657, 24.042420432646463 ], [ -110.299821823672275, 24.042420432646463 ], [ -110.299821823672275, 24.042150938061226 ], [ -110.299552329087035, 24.042150938061226 ], [ -110.299552329087035, 24.041072959720285 ], [ -110.299282834501795, 24.041072959720285 ], [ -110.299282834501795, 24.039994981379341 ], [ -110.299552329087035, 24.039994981379341 ], [ -110.299552329087035, 24.040264475964577 ], [ -110.30036081284274, 24.040264475964577 ], [ -110.30036081284274, 24.041072959720285 ], [ -110.299821823672275, 24.041072959720285 ], [ -110.299821823672275, 24.041611948890754 ], [ -110.300091318257515, 24.041611948890754 ], [ -110.300091318257515, 24.042959421816935 ], [ -110.30036081284274, 24.042959421816935 ], [ -110.30036081284274, 24.043767905572643 ], [ -110.30063030742798, 24.043767905572643 ], [ -110.30063030742798, 24.044576389328348 ] ], [ [ -110.300091318257515, 24.040803465135049 ], [ -110.300091318257515, 24.040533970549813 ], [ -110.299821823672275, 24.040533970549813 ], [ -110.299821823672275, 24.040803465135049 ], [ -110.300091318257515, 24.040803465135049 ] ] ] ] } },
{ "type": "Feature", "properties": { "ZONA_MET": "La_Paz", "INTENSIDAD": "Intensa", "T_PROM_POL": 4.0, "T_MIN_CIUD": 3.0, "DIF_TERMIC": 1.0 }, "geometry": { "type": "MultiPolygon", "coordinates": [ [ [ [ -110.298204856160865, 24.03676104635651 ], [ -110.297396372405146, 24.03676104635651 ], [ -110.297396372405146, 24.036491551771274 ], [ -110.29712687781992, 24.036491551771274 ], [ -110.29712687781992, 24.036222057186038 ], [ -110.296857383234681, 24.036222057186038 ], [ -110.296857383234681, 24.035952562600801 ], [ -110.296587888649441, 24.035952562600801 ], [ -110.296587888649441, 24.035413573430329 ], [ -110.29712687781992, 24.035413573430329 ], [ -110.29712687781992, 24.035952562600801 ], [ -110.297396372405146, 24.035952562600801 ], [ -110.297396372405146, 24.036222057186038 ], [ -110.298204856160865, 24.036222057186038 ], [ -110.298204856160865, 24.03676104635651 ] ] ] ] } },
{ "type": "Feature", "properties": { "ZONA_MET": "La_Paz", "INTENSIDAD": "Intensa", "T_PROM_POL": 4.0, "T_MIN_CIUD": 3.0, "DIF_TERMIC": 1.0 }, "geometry": { "type": "MultiPolygon", "coordinates": [ [ [ [ -110.336203592679112, 24.036491551771274 ], [ -110.335934098093873, 24.036491551771274 ], [ -110.335934098093873, 24.036222057186038 ], [ -110.335664603508647, 24.036222057186038 ], [ -110.335664603508647, 24.035952562600801 ], [ -110.335934098093873, 24.035952562600801 ], [ -110.335934098093873, 24.03487458425986 ], [ -110.336203592679112, 24.03487458425986 ], [ -110.336203592679112, 24.035144078845097 ], [ -110.337012076434817, 24.035144078845097 ], [ -110.337012076434817, 24.03487458425986 ], [ -110.337820560190536, 24.03487458425986 ], [ -110.337820560190536, 24.035683068015565 ], [ -110.337551065605297, 24.035683068015565 ], [ -110.337551065605297, 24.035952562600801 ], [ -110.337012076434817, 24.035952562600801 ], [ -110.337012076434817, 24.035683068015565 ], [ -110.336742581849592, 24.035683068015565 ], [ -110.336742581849592, 24.036222057186038 ], [ -110.336203592679112, 24.036222057186038 ], [ -110.336203592679112, 24.036491551771274 ] ] ] ] } },
{ "type": "Feature", "properties": { "ZONA_MET": "La_Paz", "INTENSIDAD": "Intensa", "T_PROM_POL": 4.0, "T_MIN_CIUD": 3.0, "DIF_TERMIC": 1.0 }, "geometry": { "type": "MultiPolygon", "coordinates": [ [ [ [ -110.305211715376998, 24.030023681725613 ], [ -110.304942220791759, 24.030023681725613 ], [ -110.304942220791759, 24.029754187140377 ], [ -110.304672726206519, 24.029754187140377 ], [ -110.304672726206519, 24.02948469255514 ], [ -110.304942220791759, 24.02948469255514 ], [ -110.304942220791759, 24.029215197969904 ], [ -110.307098177473648, 24.029215197969904 ], [ -110.307098177473648, 24.02948469255514 ], [ -110.306559188303169, 24.02948469255514 ], [ -110.306559188303169, 24.029754187140377 ], [ -110.305211715376998, 24.029754187140377 ], [ -110.305211715376998, 24.030023681725613 ] ] ] ] } },
{ "type": "Feature", "properties": { "ZONA_MET": "La_Paz", "INTENSIDAD": "Intensa", "T_PROM_POL": 4.0, "T_MIN_CIUD": 3.0, "DIF_TERMIC": 1.0 }, "geometry": { "type": "MultiPolygon", "coordinates": [ [ [ [ -110.309254134155523, 24.028137219628963 ], [ -110.307906661229353, 24.028137219628963 ], [ -110.307906661229353, 24.027867725043727 ], [ -110.308176155814593, 24.027867725043727 ], [ -110.308176155814593, 24.027059241288018 ], [ -110.309254134155523, 24.027059241288018 ], [ -110.309254134155523, 24.027598230458491 ], [ -110.308984639570298, 24.027598230458491 ], [ -110.308984639570298, 24.027867725043727 ], [ -110.309254134155523, 24.027867725043727 ], [ -110.309254134155523, 24.028137219628963 ] ] ] ] } },
{ "type": "Feature", "properties": { "ZONA_MET": "La_Paz", "INTENSIDAD": "Intensa", "T_PROM_POL": 4.0, "T_MIN_CIUD": 3.0, "DIF_TERMIC": 1.0 }, "geometry": { "type": "MultiPolygon", "coordinates": [ [ [ [ -110.303864242450814, 24.027867725043727 ], [ -110.303594747865574, 24.027867725043727 ], [ -110.303594747865574, 24.027328735873255 ], [ -110.303864242450814, 24.027328735873255 ], [ -110.303864242450814, 24.026789746702782 ], [ -110.305481209962224, 24.026789746702782 ], [ -110.305481209962224, 24.027328735873255 ], [ -110.304403231621279, 24.027328735873255 ], [ -110.304403231621279, 24.027598230458491 ], [ -110.303864242450814, 24.027598230458491 ], [ -110.303864242450814, 24.027867725043727 ] ], [ [ -110.304403231621279, 24.027328735873255 ], [ -110.304403231621279, 24.027059241288018 ], [ -110.304133737036054, 24.027059241288018 ], [ -110.304133737036054, 24.027328735873255 ], [ -110.304403231621279, 24.027328735873255 ] ] ] ] } },
{ "type": "Feature", "properties": { "ZONA_MET": "La_Paz", "INTENSIDAD": "Intensa", "T_PROM_POL": 4.0, "T_MIN_CIUD": 3.0, "DIF_TERMIC": 1.0 }, "geometry": { "type": "MultiPolygon", "coordinates": [ [ [ [ -110.306828682888408, 24.027328735873255 ], [ -110.306559188303169, 24.027328735873255 ], [ -110.306559188303169, 24.027059241288018 ], [ -110.306289693717929, 24.027059241288018 ], [ -110.306289693717929, 24.026789746702782 ], [ -110.306559188303169, 24.026789746702782 ], [ -110.306559188303169, 24.02625075753231 ], [ -110.306828682888408, 24.02625075753231 ], [ -110.306828682888408, 24.025981262947077 ], [ -110.307098177473648, 24.025981262947077 ], [ -110.307098177473648, 24.026520252117546 ], [ -110.307367672058874, 24.026520252117546 ], [ -110.307367672058874, 24.02625075753231 ], [ -110.307637166644113, 24.02625075753231 ], [ -110.307637166644113, 24.026789746702782 ], [ -110.307367672058874, 24.026789746702782 ], [ -110.307367672058874, 24.027059241288018 ], [ -110.306828682888408, 24.027059241288018 ], [ -110.306828682888408, 24.027328735873255 ] ] ] ] } },
{ "type": "Feature", "properties": { "ZONA_MET": "La_Paz", "INTENSIDAD": "Intensa", "T_PROM_POL": 4.0, "T_MIN_CIUD": 3.0, "DIF_TERMIC": 1.0 }, "geometry": { "type": "MultiPolygon", "coordinates": [ [ [ [ -110.303325253280335, 24.025172779191369 ], [ -110.302786264109869, 24.025172779191369 ], [ -110.302786264109869, 24.024903284606133 ], [ -110.303055758695109, 24.024903284606133 ], [ -110.303055758695109, 24.024633790020896 ], [ -110.302786264109869, 24.024633790020896 ], [ -110.302786264109869, 24.02436429543566 ], [ -110.303055758695109, 24.02436429543566 ], [ -110.303055758695109, 24.023825306265188 ], [ -110.303594747865574, 24.023825306265188 ], [ -110.303594747865574, 24.023555811679952 ], [ -110.305211715376998, 24.023555811679952 ], [ -110.305211715376998, 24.023825306265188 ], [ -110.304133737036054, 24.023825306265188 ], [ -110.304133737036054, 24.024094800850424 ], [ -110.303594747865574, 24.024094800850424 ], [ -110.303594747865574, 24.02436429543566 ], [ -110.303325253280335, 24.02436429543566 ], [ -110.303325253280335, 24.025172779191369 ] ] ] ] } },
{ "type": "Feature", "properties": { "ZONA_MET": "La_Paz", "INTENSIDAD": "Intensa", "T_PROM_POL": 4.0, "T_MIN_CIUD": 3.0, "DIF_TERMIC": 1.0 }, "geometry": { "type": "MultiPolygon", "coordinates": [ [ [ [ -110.314374531275007, 24.024094800850424 ], [ -110.313566047519302, 24.024094800850424 ], [ -110.313566047519302, 24.023825306265188 ], [ -110.313296552934062, 24.023825306265188 ], [ -110.313296552934062, 24.023555811679952 ], [ -110.313027058348837, 24.023555811679952 ], [ -110.313027058348837, 24.023286317094716 ], [ -110.312757563763597, 24.023286317094716 ], [ -110.312757563763597, 24.023016822509483 ], [ -110.313296552934062, 24.023016822509483 ], [ -110.313296552934062, 24.023286317094716 ], [ -110.313566047519302, 24.023286317094716 ], [ -110.313566047519302, 24.022747327924247 ], [ -110.313835542104542, 24.022747327924247 ], [ -110.313835542104542, 24.023016822509483 ], [ -110.314105036689782, 24.023016822509483 ], [ -110.314105036689782, 24.023825306265188 ], [ -110.314374531275007, 24.023825306265188 ], [ -110.314374531275007, 24.024094800850424 ] ] ] ] } }
]
}
