{
"type": "FeatureCollection",
"name": "UHI_Ju_rez",
"crs": { "type": "name", "properties": { "name": "urn:ogc:def:crs:OGC:1.3:CRS84" } },
"features": [
{ "type": "Feature", "properties": { "ZONA_MET": "Ju_rez", "INTENSIDAD": "Intensa", "T_PROM_POL": 3.0, "T_MIN_CIUD": 1.0, "DIF_TERMIC": 2.0 }, "geometry": { "type": "MultiPolygon", "coordinates": [ [ [ [ -106.57378968820133, 31.79604914446729 ], [ -106.573520193616105, 31.79604914446729 ], [ -106.573520193616105, 31.795779649882054 ], [ -106.57244221527516, 31.795779649882054 ], [ -106.57244221527516, 31.794971166126345 ], [ -106.57217272068992, 31.794971166126345 ], [ -106.57217272068992, 31.795510155296817 ], [ -106.571903226104681, 31.795510155296817 ], [ -106.571903226104681, 31.794432176955876 ], [ -106.57217272068992, 31.794432176955876 ], [ -106.57217272068992, 31.79416268237064 ], [ -106.574867666542275, 31.79416268237064 ], [ -106.574867666542275, 31.794432176955876 ], [ -106.574598171957035, 31.794432176955876 ], [ -106.574598171957035, 31.794971166126345 ], [ -106.57378968820133, 31.794971166126345 ], [ -106.57378968820133, 31.794701671541109 ], [ -106.573520193616105, 31.794701671541109 ], [ -106.573520193616105, 31.794432176955876 ], [ -106.572981204445625, 31.794432176955876 ], [ -106.572981204445625, 31.794971166126345 ], [ -106.572711709860386, 31.794971166126345 ], [ -106.572711709860386, 31.795240660711581 ], [ -106.57378968820133, 31.795240660711581 ], [ -106.57378968820133, 31.79604914446729 ] ] ] ] } },
{ "type": "Feature", "properties": { "ZONA_MET": "Ju_rez", "INTENSIDAD": "Extrema", "T_PROM_POL": 3.0, "T_MIN_CIUD": 1.0, "DIF_TERMIC": 2.0 }, "geometry": { "type": "MultiPolygon", "coordinates": [ [ [ [ -106.566243839814732, 31.793893187785404 ], [ -106.565435356059027, 31.793893187785404 ], [ -106.565435356059027, 31.793084704029695 ], [ -106.566243839814732, 31.793084704029695 ], [ -106.566243839814732, 31.792815209444459 ], [ -106.566782828985197, 31.792815209444459 ], [ -106.566782828985197, 31.793623693200168 ], [ -106.566243839814732, 31.793623693200168 ], [ -106.566243839814732, 31.793893187785404 ] ] ] ] } },
{ "type": "Feature", "properties": { "ZONA_MET": "Ju_rez", "INTENSIDAD": "Extrema", "T_PROM_POL": 3.0, "T_MIN_CIUD": 1.0, "DIF_TERMIC": 2.0 }, "geometry": { "type": "MultiPolygon", "coordinates": [ [ [ [ -106.569477774837566, 31.79416268237064 ], [ -106.569208280252326, 31.79416268237064 ], [ -106.569208280252326, 31.793893187785404 ], [ -106.568669291081846, 31.793893187785404 ], [ -106.568669291081846, 31.793623693200168 ], [ -106.568130301911381, 31.793623693200168 ], [ -106.568130301911381, 31.793354198614932 ], [ -106.568399796496621, 31.793354198614932 ], [ -106.568399796496621, 31.792545714859223 ], [ -106.568669291081846, 31.792545714859223 ], [ -106.568669291081846, 31.792815209444459 ], [ -106.568938785667086, 31.792815209444459 ], [ -106.568938785667086, 31.792545714859223 ], [ -106.569208280252326, 31.792545714859223 ], [ -106.569208280252326, 31.792815209444459 ], [ -106.569477774837566, 31.792815209444459 ], [ -106.569477774837566, 31.793084704029695 ], [ -106.568669291081846, 31.793084704029695 ], [ -106.568669291081846, 31.793354198614932 ], [ -106.568938785667086, 31.793354198614932 ], [ -106.568938785667086, 31.793623693200168 ], [ -106.569477774837566, 31.793623693200168 ], [ -106.569477774837566, 31.79416268237064 ] ] ] ] } },
{ "type": "Feature", "properties": { "ZONA_MET": "Ju_rez", "INTENSIDAD": "Intensa", "T_PROM_POL": 3.0, "T_MIN_CIUD": 1.0, "DIF_TERMIC": 2.0 }, "geometry": { "type": "MultiPolygon", "coordinates": [ [ [ [ -106.575406655712754, 31.793354198614932 ], [ -106.575137161127515, 31.793354198614932 ], [ -106.575137161127515, 31.792276220273987 ], [ -106.57594564488322, 31.792276220273987 ], [ -106.57594564488322, 31.792006725688751 ], [ -106.576215139468459, 31.792006725688751 ], [ -106.576215139468459, 31.792276220273987 ], [ -106.576754128638925, 31.792276220273987 ], [ -106.576754128638925, 31.792545714859223 ], [ -106.577023623224164, 31.792545714859223 ], [ -106.577023623224164, 31.793084704029695 ], [ -106.576754128638925, 31.793084704029695 ], [ -106.576754128638925, 31.792815209444459 ], [ -106.576484634053699, 31.792815209444459 ], [ -106.576484634053699, 31.792545714859223 ], [ -106.57594564488322, 31.792545714859223 ], [ -106.57594564488322, 31.792815209444459 ], [ -106.575406655712754, 31.792815209444459 ], [ -106.575406655712754, 31.793354198614932 ] ] ] ] } },
{ "type": "Feature", "properties": { "ZONA_MET": "Ju_rez", "INTENSIDAD": "Extrema", "T_PROM_POL": 3.0, "T_MIN_CIUD": 1.0, "DIF_TERMIC": 2.0 }, "geometry": { "type": "MultiPolygon", "coordinates": [ [ [ [ -106.57378968820133, 31.79416268237064 ], [ -106.572711709860386, 31.79416268237064 ], [ -106.572711709860386, 31.793893187785404 ], [ -106.573520193616105, 31.793893187785404 ], [ -106.573520193616105, 31.793623693200168 ], [ -106.573250699030865, 31.793623693200168 ], [ -106.573250699030865, 31.793354198614932 ], [ -106.572981204445625, 31.793354198614932 ], [ -106.572981204445625, 31.793623693200168 ], [ -106.572711709860386, 31.793623693200168 ], [ -106.572711709860386, 31.793354198614932 ], [ -106.57244221527516, 31.793354198614932 ], [ -106.57244221527516, 31.793084704029695 ], [ -106.571903226104681, 31.793084704029695 ], [ -106.571903226104681, 31.792815209444459 ], [ -106.571364236934215, 31.792815209444459 ], [ -106.571364236934215, 31.792545714859223 ], [ -106.571094742348976, 31.792545714859223 ], [ -106.571094742348976, 31.792276220273987 ], [ -106.570825247763736, 31.792276220273987 ], [ -106.570825247763736, 31.792545714859223 ], [ -106.57055575317851, 31.792545714859223 ], [ -106.57055575317851, 31.792815209444459 ], [ -106.570286258593271, 31.792815209444459 ], [ -106.570286258593271, 31.792545714859223 ], [ -106.569747269422791, 31.792545714859223 ], [ -106.569747269422791, 31.792006725688751 ], [ -106.569477774837566, 31.792006725688751 ], [ -106.569477774837566, 31.791737231103514 ], [ -106.57055575317851, 31.791737231103514 ], [ -106.57055575317851, 31.792006725688751 ], [ -106.571633731519441, 31.792006725688751 ], [ -106.571633731519441, 31.791737231103514 ], [ -106.571903226104681, 31.791737231103514 ], [ -106.571903226104681, 31.792006725688751 ], [ -106.57217272068992, 31.792006725688751 ], [ -106.57217272068992, 31.792276220273987 ], [ -106.573250699030865, 31.792276220273987 ], [ -106.573250699030865, 31.792006725688751 ], [ -106.57405918278657, 31.792006725688751 ], [ -106.57405918278657, 31.792545714859223 ], [ -106.57378968820133, 31.792545714859223 ], [ -106.57378968820133, 31.792815209444459 ], [ -106.57405918278657, 31.792815209444459 ], [ -106.57405918278657, 31.793893187785404 ], [ -106.57378968820133, 31.793893187785404 ], [ -106.57378968820133, 31.79416268237064 ] ], [ [ -106.572981204445625, 31.793084704029695 ], [ -106.572981204445625, 31.792815209444459 ], [ -106.572711709860386, 31.792815209444459 ], [ -106.572711709860386, 31.793084704029695 ], [ -106.572981204445625, 31.793084704029695 ] ] ] ] } },
{ "type": "Feature", "properties": { "ZONA_MET": "Ju_rez", "INTENSIDAD": "Extrema", "T_PROM_POL": 3.0, "T_MIN_CIUD": 1.0, "DIF_TERMIC": 2.0 }, "geometry": { "type": "MultiPolygon", "coordinates": [ [ [ [ -106.580257558246998, 31.793623693200168 ], [ -106.579449074491293, 31.793623693200168 ], [ -106.579449074491293, 31.793354198614932 ], [ -106.578101601565109, 31.793354198614932 ], [ -106.578101601565109, 31.792815209444459 ], [ -106.577832106979869, 31.792815209444459 ], [ -106.577832106979869, 31.792545714859223 ], [ -106.57756261239463, 31.792545714859223 ], [ -106.57756261239463, 31.792276220273987 ], [ -106.577832106979869, 31.792276220273987 ], [ -106.577832106979869, 31.791737231103514 ], [ -106.578640590735574, 31.791737231103514 ], [ -106.578640590735574, 31.792276220273987 ], [ -106.578371096150349, 31.792276220273987 ], [ -106.578371096150349, 31.792815209444459 ], [ -106.578640590735574, 31.792815209444459 ], [ -106.578640590735574, 31.792545714859223 ], [ -106.579449074491293, 31.792545714859223 ], [ -106.579449074491293, 31.792276220273987 ], [ -106.579179579906054, 31.792276220273987 ], [ -106.579179579906054, 31.791737231103514 ], [ -106.579449074491293, 31.791737231103514 ], [ -106.579449074491293, 31.792006725688751 ], [ -106.579718569076519, 31.792006725688751 ], [ -106.579718569076519, 31.792276220273987 ], [ -106.580257558246998, 31.792276220273987 ], [ -106.580257558246998, 31.792815209444459 ], [ -106.580527052832238, 31.792815209444459 ], [ -106.580527052832238, 31.792545714859223 ], [ -106.580796547417464, 31.792545714859223 ], [ -106.580796547417464, 31.792815209444459 ], [ -106.581066042002703, 31.792815209444459 ], [ -106.581066042002703, 31.793084704029695 ], [ -106.580796547417464, 31.793084704029695 ], [ -106.580796547417464, 31.793354198614932 ], [ -106.580527052832238, 31.793354198614932 ], [ -106.580527052832238, 31.793084704029695 ], [ -106.580257558246998, 31.793084704029695 ], [ -106.580257558246998, 31.793623693200168 ] ] ] ] } },
{ "type": "Feature", "properties": { "ZONA_MET": "Ju_rez", "INTENSIDAD": "Intensa", "T_PROM_POL": 3.0, "T_MIN_CIUD": 1.0, "DIF_TERMIC": 2.0 }, "geometry": { "type": "MultiPolygon", "coordinates": [ [ [ [ -106.571094742348976, 31.794971166126345 ], [ -106.570825247763736, 31.794971166126345 ], [ -106.570825247763736, 31.794701671541109 ], [ -106.570286258593271, 31.794701671541109 ], [ -106.570286258593271, 31.794432176955876 ], [ -106.569477774837566, 31.794432176955876 ], [ -106.569477774837566, 31.793893187785404 ], [ -106.570016764008031, 31.793893187785404 ], [ -106.570016764008031, 31.793354198614932 ], [ -106.569477774837566, 31.793354198614932 ], [ -106.569477774837566, 31.793623693200168 ], [ -106.568938785667086, 31.793623693200168 ], [ -106.568938785667086, 31.793084704029695 ], [ -106.569477774837566, 31.793084704029695 ], [ -106.569477774837566, 31.792815209444459 ], [ -106.569208280252326, 31.792815209444459 ], [ -106.569208280252326, 31.792545714859223 ], [ -106.568938785667086, 31.792545714859223 ], [ -106.568938785667086, 31.792276220273987 ], [ -106.568669291081846, 31.792276220273987 ], [ -106.568669291081846, 31.792545714859223 ], [ -106.567591312740916, 31.792545714859223 ], [ -106.567591312740916, 31.792276220273987 ], [ -106.567321818155676, 31.792276220273987 ], [ -106.567321818155676, 31.792006725688751 ], [ -106.567591312740916, 31.792006725688751 ], [ -106.567591312740916, 31.791737231103514 ], [ -106.567860807326142, 31.791737231103514 ], [ -106.567860807326142, 31.791467736518282 ], [ -106.568130301911381, 31.791467736518282 ], [ -106.568130301911381, 31.791737231103514 ], [ -106.568669291081846, 31.791737231103514 ], [ -106.568669291081846, 31.791467736518282 ], [ -106.568938785667086, 31.791467736518282 ], [ -106.568938785667086, 31.791737231103514 ], [ -106.569208280252326, 31.791737231103514 ], [ -106.569208280252326, 31.791467736518282 ], [ -106.569477774837566, 31.791467736518282 ], [ -106.569477774837566, 31.792006725688751 ], [ -106.569208280252326, 31.792006725688751 ], [ -106.569208280252326, 31.792276220273987 ], [ -106.569747269422791, 31.792276220273987 ], [ -106.569747269422791, 31.792545714859223 ], [ -106.570016764008031, 31.792545714859223 ], [ -106.570016764008031, 31.792815209444459 ], [ -106.57055575317851, 31.792815209444459 ], [ -106.57055575317851, 31.792545714859223 ], [ -106.571364236934215, 31.792545714859223 ], [ -106.571364236934215, 31.792815209444459 ], [ -106.571903226104681, 31.792815209444459 ], [ -106.571903226104681, 31.793084704029695 ], [ -106.57244221527516, 31.793084704029695 ], [ -106.57244221527516, 31.793354198614932 ], [ -106.57217272068992, 31.793354198614932 ], [ -106.57217272068992, 31.793623693200168 ], [ -106.571903226104681, 31.793623693200168 ], [ -106.571903226104681, 31.793354198614932 ], [ -106.57055575317851, 31.793354198614932 ], [ -106.57055575317851, 31.793893187785404 ], [ -106.570286258593271, 31.793893187785404 ], [ -106.570286258593271, 31.79416268237064 ], [ -106.57055575317851, 31.79416268237064 ], [ -106.57055575317851, 31.794432176955876 ], [ -106.571633731519441, 31.794432176955876 ], [ -106.571633731519441, 31.794701671541109 ], [ -106.571094742348976, 31.794701671541109 ], [ -106.571094742348976, 31.794971166126345 ] ], [ [ -106.570286258593271, 31.793354198614932 ], [ -106.570286258593271, 31.793084704029695 ], [ -106.570016764008031, 31.793084704029695 ], [ -106.570016764008031, 31.793354198614932 ], [ -106.570286258593271, 31.793354198614932 ] ], [ [ -106.570825247763736, 31.793084704029695 ], [ -106.570825247763736, 31.792815209444459 ], [ -106.57055575317851, 31.792815209444459 ], [ -106.57055575317851, 31.793084704029695 ], [ -106.570825247763736, 31.793084704029695 ] ] ] ] } },
{ "type": "Feature", "properties": { "ZONA_MET": "Ju_rez", "INTENSIDAD": "Extrema", "T_PROM_POL": 3.0, "T_MIN_CIUD": 1.0, "DIF_TERMIC": 2.0 }, "geometry": { "type": "MultiPolygon", "coordinates": [ [ [ [ -106.567591312740916, 31.793084704029695 ], [ -106.567052323570437, 31.793084704029695 ], [ -106.567052323570437, 31.792815209444459 ], [ -106.566782828985197, 31.792815209444459 ], [ -106.566782828985197, 31.792545714859223 ], [ -106.566513334399971, 31.792545714859223 ], [ -106.566513334399971, 31.792276220273987 ], [ -106.565704850644252, 31.792276220273987 ], [ -106.565704850644252, 31.792545714859223 ], [ -106.565435356059027, 31.792545714859223 ], [ -106.565435356059027, 31.790928747347809 ], [ -106.565974345229492, 31.790928747347809 ], [ -106.565974345229492, 31.791198241933046 ], [ -106.566243839814732, 31.791198241933046 ], [ -106.566243839814732, 31.792006725688751 ], [ -106.567052323570437, 31.792006725688751 ], [ -106.567052323570437, 31.792545714859223 ], [ -106.567860807326142, 31.792545714859223 ], [ -106.567860807326142, 31.792815209444459 ], [ -106.567591312740916, 31.792815209444459 ], [ -106.567591312740916, 31.793084704029695 ] ], [ [ -106.565974345229492, 31.791467736518282 ], [ -106.565974345229492, 31.791198241933046 ], [ -106.565704850644252, 31.791198241933046 ], [ -106.565704850644252, 31.791467736518282 ], [ -106.565974345229492, 31.791467736518282 ] ] ] ] } },
{ "type": "Feature", "properties": { "ZONA_MET": "Ju_rez", "INTENSIDAD": "Extrema", "T_PROM_POL": 3.0, "T_MIN_CIUD": 1.0, "DIF_TERMIC": 2.0 }, "geometry": { "type": "MultiPolygon", "coordinates": [ [ [ [ -106.568130301911381, 31.790928747347809 ], [ -106.567321818155676, 31.790928747347809 ], [ -106.567321818155676, 31.790659252762573 ], [ -106.566782828985197, 31.790659252762573 ], [ -106.566782828985197, 31.790389758177337 ], [ -106.565704850644252, 31.790389758177337 ], [ -106.565704850644252, 31.790659252762573 ], [ -106.565435356059027, 31.790659252762573 ], [ -106.565435356059027, 31.789042285251156 ], [ -106.567591312740916, 31.789042285251156 ], [ -106.567591312740916, 31.789581274421629 ], [ -106.567860807326142, 31.789581274421629 ], [ -106.567860807326142, 31.790120263592101 ], [ -106.568130301911381, 31.790120263592101 ], [ -106.568130301911381, 31.790928747347809 ] ], [ [ -106.566513334399971, 31.790120263592101 ], [ -106.566513334399971, 31.789850769006865 ], [ -106.566243839814732, 31.789850769006865 ], [ -106.566243839814732, 31.790120263592101 ], [ -106.566513334399971, 31.790120263592101 ] ], [ [ -106.566243839814732, 31.789581274421629 ], [ -106.566243839814732, 31.789311779836392 ], [ -106.565704850644252, 31.789311779836392 ], [ -106.565704850644252, 31.789581274421629 ], [ -106.566243839814732, 31.789581274421629 ] ] ] ] } },
{ "type": "Feature", "properties": { "ZONA_MET": "Ju_rez", "INTENSIDAD": "Intensa", "T_PROM_POL": 3.0, "T_MIN_CIUD": 1.0, "DIF_TERMIC": 2.0 }, "geometry": { "type": "MultiPolygon", "coordinates": [ [ [ [ -106.52635864119982, 31.786347339398798 ], [ -106.525550157444115, 31.786347339398798 ], [ -106.525550157444115, 31.786077844813562 ], [ -106.525280662858876, 31.786077844813562 ], [ -106.525280662858876, 31.78553885564309 ], [ -106.525819652029355, 31.78553885564309 ], [ -106.525819652029355, 31.785269361057857 ], [ -106.525280662858876, 31.785269361057857 ], [ -106.525280662858876, 31.784460877302148 ], [ -106.526089146614595, 31.784460877302148 ], [ -106.526089146614595, 31.785269361057857 ], [ -106.52635864119982, 31.785269361057857 ], [ -106.52635864119982, 31.785808350228326 ], [ -106.526089146614595, 31.785808350228326 ], [ -106.526089146614595, 31.786077844813562 ], [ -106.52635864119982, 31.786077844813562 ], [ -106.52635864119982, 31.786347339398798 ] ] ] ] } },
{ "type": "Feature", "properties": { "ZONA_MET": "Ju_rez", "INTENSIDAD": "Extrema", "T_PROM_POL": 3.0, "T_MIN_CIUD": 1.0, "DIF_TERMIC": 2.0 }, "geometry": { "type": "MultiPolygon", "coordinates": [ [ [ [ -106.577293117809404, 31.783921888131676 ], [ -106.57405918278657, 31.783921888131676 ], [ -106.57405918278657, 31.78365239354644 ], [ -106.576754128638925, 31.78365239354644 ], [ -106.576754128638925, 31.783113404375968 ], [ -106.577023623224164, 31.783113404375968 ], [ -106.577023623224164, 31.783382898961204 ], [ -106.57756261239463, 31.783382898961204 ], [ -106.57756261239463, 31.78365239354644 ], [ -106.577293117809404, 31.78365239354644 ], [ -106.577293117809404, 31.783921888131676 ] ] ] ] } },
{ "type": "Feature", "properties": { "ZONA_MET": "Ju_rez", "INTENSIDAD": "Intensa", "T_PROM_POL": 3.0, "T_MIN_CIUD": 1.0, "DIF_TERMIC": 2.0 }, "geometry": { "type": "MultiPolygon", "coordinates": [ [ [ [ -106.560045464354303, 31.781496436864554 ], [ -106.559775969769063, 31.781496436864554 ], [ -106.559775969769063, 31.781226942279318 ], [ -106.559236980598598, 31.781226942279318 ], [ -106.559236980598598, 31.780957447694082 ], [ -106.558697991428133, 31.780957447694082 ], [ -106.558697991428133, 31.780687953108846 ], [ -106.558159002257653, 31.780687953108846 ], [ -106.558159002257653, 31.780418458523609 ], [ -106.558428496842893, 31.780418458523609 ], [ -106.558428496842893, 31.780148963938373 ], [ -106.558697991428133, 31.780148963938373 ], [ -106.558697991428133, 31.779879469353137 ], [ -106.558967486013358, 31.779879469353137 ], [ -106.558967486013358, 31.779340480182668 ], [ -106.559775969769063, 31.779340480182668 ], [ -106.559775969769063, 31.779070985597432 ], [ -106.560584453524783, 31.779070985597432 ], [ -106.560584453524783, 31.779340480182668 ], [ -106.561123442695248, 31.779340480182668 ], [ -106.561123442695248, 31.781226942279318 ], [ -106.560584453524783, 31.781226942279318 ], [ -106.560584453524783, 31.780957447694082 ], [ -106.560045464354303, 31.780957447694082 ], [ -106.560045464354303, 31.781496436864554 ] ], [ [ -106.559506475183838, 31.780957447694082 ], [ -106.559506475183838, 31.780687953108846 ], [ -106.559236980598598, 31.780687953108846 ], [ -106.559236980598598, 31.780957447694082 ], [ -106.559506475183838, 31.780957447694082 ] ], [ [ -106.560584453524783, 31.780687953108846 ], [ -106.560584453524783, 31.780418458523609 ], [ -106.560045464354303, 31.780418458523609 ], [ -106.560045464354303, 31.780687953108846 ], [ -106.560584453524783, 31.780687953108846 ] ], [ [ -106.560045464354303, 31.779609974767901 ], [ -106.560045464354303, 31.779340480182668 ], [ -106.559775969769063, 31.779340480182668 ], [ -106.559775969769063, 31.779609974767901 ], [ -106.560045464354303, 31.779609974767901 ] ] ] ] } },
{ "type": "Feature", "properties": { "ZONA_MET": "Ju_rez", "INTENSIDAD": "Intensa", "T_PROM_POL": 3.0, "T_MIN_CIUD": 1.0, "DIF_TERMIC": 2.0 }, "geometry": { "type": "MultiPolygon", "coordinates": [ [ [ [ -106.560045464354303, 31.784460877302148 ], [ -106.559506475183838, 31.784460877302148 ], [ -106.559506475183838, 31.784191382716912 ], [ -106.559775969769063, 31.784191382716912 ], [ -106.559775969769063, 31.783382898961204 ], [ -106.560853948110008, 31.783382898961204 ], [ -106.560853948110008, 31.782574415205495 ], [ -106.560314958939543, 31.782574415205495 ], [ -106.560314958939543, 31.782304920620263 ], [ -106.559775969769063, 31.782304920620263 ], [ -106.559775969769063, 31.78176593144979 ], [ -106.560853948110008, 31.78176593144979 ], [ -106.560853948110008, 31.781496436864554 ], [ -106.561123442695248, 31.781496436864554 ], [ -106.561123442695248, 31.78176593144979 ], [ -106.561392937280488, 31.78176593144979 ], [ -106.561392937280488, 31.782304920620263 ], [ -106.561662431865727, 31.782304920620263 ], [ -106.561662431865727, 31.782035426035026 ], [ -106.561931926450953, 31.782035426035026 ], [ -106.561931926450953, 31.78176593144979 ], [ -106.562201421036193, 31.78176593144979 ], [ -106.562201421036193, 31.781496436864554 ], [ -106.561931926450953, 31.781496436864554 ], [ -106.561931926450953, 31.781226942279318 ], [ -106.562201421036193, 31.781226942279318 ], [ -106.562201421036193, 31.780957447694082 ], [ -106.562470915621432, 31.780957447694082 ], [ -106.562470915621432, 31.780687953108846 ], [ -106.563009904791897, 31.780687953108846 ], [ -106.563009904791897, 31.780148963938373 ], [ -106.563279399377137, 31.780148963938373 ], [ -106.563279399377137, 31.779609974767901 ], [ -106.563548893962377, 31.779609974767901 ], [ -106.563548893962377, 31.779340480182668 ], [ -106.564087883132842, 31.779340480182668 ], [ -106.564087883132842, 31.779070985597432 ], [ -106.564357377718082, 31.779070985597432 ], [ -106.564357377718082, 31.779340480182668 ], [ -106.564626872303322, 31.779340480182668 ], [ -106.564626872303322, 31.779879469353137 ], [ -106.564357377718082, 31.779879469353137 ], [ -106.564357377718082, 31.780148963938373 ], [ -106.563548893962377, 31.780148963938373 ], [ -106.563548893962377, 31.780418458523609 ], [ -106.564357377718082, 31.780418458523609 ], [ -106.564357377718082, 31.780957447694082 ], [ -106.564626872303322, 31.780957447694082 ], [ -106.564626872303322, 31.781226942279318 ], [ -106.564896366888547, 31.781226942279318 ], [ -106.564896366888547, 31.78176593144979 ], [ -106.564626872303322, 31.78176593144979 ], [ -106.564626872303322, 31.782035426035026 ], [ -106.564896366888547, 31.782035426035026 ], [ -106.564896366888547, 31.78365239354644 ], [ -106.564626872303322, 31.78365239354644 ], [ -106.564626872303322, 31.783382898961204 ], [ -106.564087883132842, 31.783382898961204 ], [ -106.564087883132842, 31.783113404375968 ], [ -106.563818388547602, 31.783113404375968 ], [ -106.563818388547602, 31.78365239354644 ], [ -106.563279399377137, 31.78365239354644 ], [ -106.563279399377137, 31.784191382716912 ], [ -106.561392937280488, 31.784191382716912 ], [ -106.561392937280488, 31.783921888131676 ], [ -106.563009904791897, 31.783921888131676 ], [ -106.563009904791897, 31.783382898961204 ], [ -106.562740410206658, 31.783382898961204 ], [ -106.562740410206658, 31.783113404375968 ], [ -106.562201421036193, 31.783113404375968 ], [ -106.562201421036193, 31.78365239354644 ], [ -106.561662431865727, 31.78365239354644 ], [ -106.561662431865727, 31.783382898961204 ], [ -106.561392937280488, 31.783382898961204 ], [ -106.561392937280488, 31.78365239354644 ], [ -106.560045464354303, 31.78365239354644 ], [ -106.560045464354303, 31.783921888131676 ], [ -106.560584453524783, 31.783921888131676 ], [ -106.560584453524783, 31.784191382716912 ], [ -106.560045464354303, 31.784191382716912 ], [ -106.560045464354303, 31.784460877302148 ] ], [ [ -106.564357377718082, 31.783113404375968 ], [ -106.564357377718082, 31.782843909790731 ], [ -106.564087883132842, 31.782843909790731 ], [ -106.564087883132842, 31.783113404375968 ], [ -106.564357377718082, 31.783113404375968 ] ], [ [ -106.562740410206658, 31.782843909790731 ], [ -106.562740410206658, 31.782035426035026 ], [ -106.562201421036193, 31.782035426035026 ], [ -106.562201421036193, 31.782843909790731 ], [ -106.562740410206658, 31.782843909790731 ] ], [ [ -106.564357377718082, 31.782574415205495 ], [ -106.564357377718082, 31.782304920620263 ], [ -106.563818388547602, 31.782304920620263 ], [ -106.563818388547602, 31.782574415205495 ], [ -106.564357377718082, 31.782574415205495 ] ], [ [ -106.563548893962377, 31.78176593144979 ], [ -106.563548893962377, 31.781226942279318 ], [ -106.563279399377137, 31.781226942279318 ], [ -106.563279399377137, 31.78176593144979 ], [ -106.563548893962377, 31.78176593144979 ] ], [ [ -106.563009904791897, 31.78176593144979 ], [ -106.563009904791897, 31.781496436864554 ], [ -106.562740410206658, 31.781496436864554 ], [ -106.562740410206658, 31.78176593144979 ], [ -106.563009904791897, 31.78176593144979 ] ], [ [ -106.564357377718082, 31.781496436864554 ], [ -106.564357377718082, 31.781226942279318 ], [ -106.564087883132842, 31.781226942279318 ], [ -106.564087883132842, 31.781496436864554 ], [ -106.564357377718082, 31.781496436864554 ] ], [ [ -106.563279399377137, 31.781226942279318 ], [ -106.563279399377137, 31.780957447694082 ], [ -106.563009904791897, 31.780957447694082 ], [ -106.563009904791897, 31.781226942279318 ], [ -106.563279399377137, 31.781226942279318 ] ], [ [ -106.564357377718082, 31.779879469353137 ], [ -106.564357377718082, 31.779609974767901 ], [ -106.564087883132842, 31.779609974767901 ], [ -106.564087883132842, 31.779879469353137 ], [ -106.564357377718082, 31.779879469353137 ] ] ] ] } },
{ "type": "Feature", "properties": { "ZONA_MET": "Ju_rez", "INTENSIDAD": "Intensa", "T_PROM_POL": 3.0, "T_MIN_CIUD": 1.0, "DIF_TERMIC": 2.0 }, "geometry": { "type": "MultiPolygon", "coordinates": [ [ [ [ -106.560853948110008, 31.779070985597432 ], [ -106.560584453524783, 31.779070985597432 ], [ -106.560584453524783, 31.778801491012196 ], [ -106.559775969769063, 31.778801491012196 ], [ -106.559775969769063, 31.779070985597432 ], [ -106.559506475183838, 31.779070985597432 ], [ -106.559506475183838, 31.77853199642696 ], [ -106.559775969769063, 31.77853199642696 ], [ -106.559775969769063, 31.777723512671251 ], [ -106.560045464354303, 31.777723512671251 ], [ -106.560045464354303, 31.777993007256487 ], [ -106.560584453524783, 31.777993007256487 ], [ -106.560584453524783, 31.778262501841724 ], [ -106.560853948110008, 31.778262501841724 ], [ -106.560853948110008, 31.779070985597432 ] ] ] ] } },
{ "type": "Feature", "properties": { "ZONA_MET": "Ju_rez", "INTENSIDAD": "Extrema", "T_PROM_POL": 3.0, "T_MIN_CIUD": 1.0, "DIF_TERMIC": 2.0 }, "geometry": { "type": "MultiPolygon", "coordinates": [ [ [ [ -106.573520193616105, 31.777993007256487 ], [ -106.573250699030865, 31.777993007256487 ], [ -106.573250699030865, 31.777454018086015 ], [ -106.573520193616105, 31.777454018086015 ], [ -106.573520193616105, 31.776915028915543 ], [ -106.573250699030865, 31.776915028915543 ], [ -106.573250699030865, 31.777184523500779 ], [ -106.572981204445625, 31.777184523500779 ], [ -106.572981204445625, 31.777454018086015 ], [ -106.57244221527516, 31.777454018086015 ], [ -106.57244221527516, 31.777184523500779 ], [ -106.572711709860386, 31.777184523500779 ], [ -106.572711709860386, 31.776915028915543 ], [ -106.572981204445625, 31.776915028915543 ], [ -106.572981204445625, 31.776645534330306 ], [ -106.57405918278657, 31.776645534330306 ], [ -106.57405918278657, 31.777454018086015 ], [ -106.57378968820133, 31.777454018086015 ], [ -106.57378968820133, 31.777723512671251 ], [ -106.573520193616105, 31.777723512671251 ], [ -106.573520193616105, 31.777993007256487 ] ] ] ] } },
{ "type": "Feature", "properties": { "ZONA_MET": "Ju_rez", "INTENSIDAD": "Intensa", "T_PROM_POL": 3.0, "T_MIN_CIUD": 1.0, "DIF_TERMIC": 2.0 }, "geometry": { "type": "MultiPolygon", "coordinates": [ [ [ [ -106.569747269422791, 31.782574415205495 ], [ -106.569477774837566, 31.782574415205495 ], [ -106.569477774837566, 31.782035426035026 ], [ -106.569747269422791, 31.782035426035026 ], [ -106.569747269422791, 31.78176593144979 ], [ -106.570286258593271, 31.78176593144979 ], [ -106.570286258593271, 31.780687953108846 ], [ -106.57055575317851, 31.780687953108846 ], [ -106.57055575317851, 31.780957447694082 ], [ -106.571633731519441, 31.780957447694082 ], [ -106.571633731519441, 31.780687953108846 ], [ -106.57217272068992, 31.780687953108846 ], [ -106.57217272068992, 31.780418458523609 ], [ -106.571903226104681, 31.780418458523609 ], [ -106.571903226104681, 31.780148963938373 ], [ -106.571364236934215, 31.780148963938373 ], [ -106.571364236934215, 31.779879469353137 ], [ -106.570825247763736, 31.779879469353137 ], [ -106.570825247763736, 31.779340480182668 ], [ -106.571364236934215, 31.779340480182668 ], [ -106.571364236934215, 31.77853199642696 ], [ -106.571094742348976, 31.77853199642696 ], [ -106.571094742348976, 31.777993007256487 ], [ -106.570825247763736, 31.777993007256487 ], [ -106.570825247763736, 31.777454018086015 ], [ -106.57055575317851, 31.777454018086015 ], [ -106.57055575317851, 31.777184523500779 ], [ -106.570286258593271, 31.777184523500779 ], [ -106.570286258593271, 31.776915028915543 ], [ -106.570016764008031, 31.776915028915543 ], [ -106.570016764008031, 31.776645534330306 ], [ -106.57055575317851, 31.776645534330306 ], [ -106.57055575317851, 31.776376039745074 ], [ -106.570825247763736, 31.776376039745074 ], [ -106.570825247763736, 31.776106545159838 ], [ -106.571094742348976, 31.776106545159838 ], [ -106.571094742348976, 31.775837050574602 ], [ -106.571903226104681, 31.775837050574602 ], [ -106.571903226104681, 31.776106545159838 ], [ -106.571633731519441, 31.776106545159838 ], [ -106.571633731519441, 31.776376039745074 ], [ -106.571094742348976, 31.776376039745074 ], [ -106.571094742348976, 31.776915028915543 ], [ -106.570825247763736, 31.776915028915543 ], [ -106.570825247763736, 31.777184523500779 ], [ -106.571094742348976, 31.777184523500779 ], [ -106.571094742348976, 31.777454018086015 ], [ -106.571633731519441, 31.777454018086015 ], [ -106.571633731519441, 31.777723512671251 ], [ -106.57217272068992, 31.777723512671251 ], [ -106.57217272068992, 31.777993007256487 ], [ -106.57244221527516, 31.777993007256487 ], [ -106.57244221527516, 31.778262501841724 ], [ -106.573250699030865, 31.778262501841724 ], [ -106.573250699030865, 31.77853199642696 ], [ -106.573520193616105, 31.77853199642696 ], [ -106.573520193616105, 31.779340480182668 ], [ -106.57378968820133, 31.779340480182668 ], [ -106.57378968820133, 31.780148963938373 ], [ -106.573520193616105, 31.780148963938373 ], [ -106.573520193616105, 31.780418458523609 ], [ -106.573250699030865, 31.780418458523609 ], [ -106.573250699030865, 31.780957447694082 ], [ -106.572981204445625, 31.780957447694082 ], [ -106.572981204445625, 31.781226942279318 ], [ -106.572711709860386, 31.781226942279318 ], [ -106.572711709860386, 31.78176593144979 ], [ -106.571903226104681, 31.78176593144979 ], [ -106.571903226104681, 31.781496436864554 ], [ -106.571633731519441, 31.781496436864554 ], [ -106.571633731519441, 31.78176593144979 ], [ -106.571364236934215, 31.78176593144979 ], [ -106.571364236934215, 31.782035426035026 ], [ -106.57055575317851, 31.782035426035026 ], [ -106.57055575317851, 31.782304920620263 ], [ -106.570286258593271, 31.782304920620263 ], [ -106.570286258593271, 31.782035426035026 ], [ -106.570016764008031, 31.782035426035026 ], [ -106.570016764008031, 31.782304920620263 ], [ -106.569747269422791, 31.782304920620263 ], [ -106.569747269422791, 31.782574415205495 ] ], [ [ -106.57244221527516, 31.780148963938373 ], [ -106.57244221527516, 31.779879469353137 ], [ -106.57217272068992, 31.779879469353137 ], [ -106.57217272068992, 31.780148963938373 ], [ -106.57244221527516, 31.780148963938373 ] ] ] ] } },
{ "type": "Feature", "properties": { "ZONA_MET": "Ju_rez", "INTENSIDAD": "Intensa", "T_PROM_POL": 3.0, "T_MIN_CIUD": 1.0, "DIF_TERMIC": 2.0 }, "geometry": { "type": "MultiPolygon", "coordinates": [ [ [ [ -106.563279399377137, 31.776645534330306 ], [ -106.563009904791897, 31.776645534330306 ], [ -106.563009904791897, 31.776376039745074 ], [ -106.562740410206658, 31.776376039745074 ], [ -106.562740410206658, 31.776106545159838 ], [ -106.562470915621432, 31.776106545159838 ], [ -106.562470915621432, 31.776376039745074 ], [ -106.562201421036193, 31.776376039745074 ], [ -106.562201421036193, 31.775567555989365 ], [ -106.562740410206658, 31.775567555989365 ], [ -106.562740410206658, 31.775298061404129 ], [ -106.563009904791897, 31.775298061404129 ], [ -106.563009904791897, 31.775028566818893 ], [ -106.563818388547602, 31.775028566818893 ], [ -106.563818388547602, 31.775567555989365 ], [ -106.563548893962377, 31.775567555989365 ], [ -106.563548893962377, 31.776106545159838 ], [ -106.563279399377137, 31.776106545159838 ], [ -106.563279399377137, 31.776645534330306 ] ] ] ] } },
{ "type": "Feature", "properties": { "ZONA_MET": "Ju_rez", "INTENSIDAD": "Extrema", "T_PROM_POL": 3.0, "T_MIN_CIUD": 1.0, "DIF_TERMIC": 2.0 }, "geometry": { "type": "MultiPolygon", "coordinates": [ [ [ [ -106.57432867737181, 31.776645534330306 ], [ -106.57405918278657, 31.776645534330306 ], [ -106.57405918278657, 31.775837050574602 ], [ -106.57432867737181, 31.775837050574602 ], [ -106.57432867737181, 31.775028566818893 ], [ -106.574598171957035, 31.775028566818893 ], [ -106.574598171957035, 31.774759072233657 ], [ -106.57432867737181, 31.774759072233657 ], [ -106.57432867737181, 31.774220083063184 ], [ -106.574598171957035, 31.774220083063184 ], [ -106.574598171957035, 31.773950588477948 ], [ -106.574867666542275, 31.773950588477948 ], [ -106.574867666542275, 31.774220083063184 ], [ -106.575137161127515, 31.774220083063184 ], [ -106.575137161127515, 31.774489577648421 ], [ -106.575406655712754, 31.774489577648421 ], [ -106.575406655712754, 31.775028566818893 ], [ -106.575137161127515, 31.775028566818893 ], [ -106.575137161127515, 31.775298061404129 ], [ -106.574867666542275, 31.775298061404129 ], [ -106.574867666542275, 31.776106545159838 ], [ -106.574598171957035, 31.776106545159838 ], [ -106.574598171957035, 31.776376039745074 ], [ -106.57432867737181, 31.776376039745074 ], [ -106.57432867737181, 31.776645534330306 ] ] ] ] } },
{ "type": "Feature", "properties": { "ZONA_MET": "Ju_rez", "INTENSIDAD": "Intensa", "T_PROM_POL": 3.0, "T_MIN_CIUD": 1.0, "DIF_TERMIC": 2.0 }, "geometry": { "type": "MultiPolygon", "coordinates": [ [ [ [ -106.570286258593271, 31.774489577648421 ], [ -106.570016764008031, 31.774489577648421 ], [ -106.570016764008031, 31.774220083063184 ], [ -106.569477774837566, 31.774220083063184 ], [ -106.569477774837566, 31.773681093892712 ], [ -106.569747269422791, 31.773681093892712 ], [ -106.569747269422791, 31.773142104722243 ], [ -106.57055575317851, 31.773142104722243 ], [ -106.57055575317851, 31.773411599307479 ], [ -106.570825247763736, 31.773411599307479 ], [ -106.570825247763736, 31.773681093892712 ], [ -106.571364236934215, 31.773681093892712 ], [ -106.571364236934215, 31.774220083063184 ], [ -106.571094742348976, 31.774220083063184 ], [ -106.571094742348976, 31.773950588477948 ], [ -106.570825247763736, 31.773950588477948 ], [ -106.570825247763736, 31.774220083063184 ], [ -106.570286258593271, 31.774220083063184 ], [ -106.570286258593271, 31.774489577648421 ] ], [ [ -106.57055575317851, 31.773950588477948 ], [ -106.57055575317851, 31.773411599307479 ], [ -106.570286258593271, 31.773411599307479 ], [ -106.570286258593271, 31.773950588477948 ], [ -106.57055575317851, 31.773950588477948 ] ] ] ] } },
{ "type": "Feature", "properties": { "ZONA_MET": "Ju_rez", "INTENSIDAD": "Intensa", "T_PROM_POL": 3.0, "T_MIN_CIUD": 1.0, "DIF_TERMIC": 2.0 }, "geometry": { "type": "MultiPolygon", "coordinates": [ [ [ [ -106.565435356059027, 31.774220083063184 ], [ -106.563818388547602, 31.774220083063184 ], [ -106.563818388547602, 31.773411599307479 ], [ -106.564087883132842, 31.773411599307479 ], [ -106.564087883132842, 31.773142104722243 ], [ -106.563818388547602, 31.773142104722243 ], [ -106.563818388547602, 31.772872610137007 ], [ -106.565435356059027, 31.772872610137007 ], [ -106.565435356059027, 31.773142104722243 ], [ -106.564896366888547, 31.773142104722243 ], [ -106.564896366888547, 31.773411599307479 ], [ -106.565704850644252, 31.773411599307479 ], [ -106.565704850644252, 31.773681093892712 ], [ -106.565435356059027, 31.773681093892712 ], [ -106.565435356059027, 31.774220083063184 ] ] ] ] } },
{ "type": "Feature", "properties": { "ZONA_MET": "Ju_rez", "INTENSIDAD": "Intensa", "T_PROM_POL": 3.0, "T_MIN_CIUD": 1.0, "DIF_TERMIC": 2.0 }, "geometry": { "type": "MultiPolygon", "coordinates": [ [ [ [ -106.533096005830714, 31.772872610137007 ], [ -106.532826511245489, 31.772872610137007 ], [ -106.532826511245489, 31.772603115551771 ], [ -106.532557016660249, 31.772603115551771 ], [ -106.532557016660249, 31.772872610137007 ], [ -106.530940049148839, 31.772872610137007 ], [ -106.530940049148839, 31.772333620966535 ], [ -106.529862070807894, 31.772333620966535 ], [ -106.529862070807894, 31.772064126381299 ], [ -106.53040105997836, 31.772064126381299 ], [ -106.53040105997836, 31.771794631796062 ], [ -106.530940049148839, 31.771794631796062 ], [ -106.530940049148839, 31.772064126381299 ], [ -106.531209543734064, 31.772064126381299 ], [ -106.531209543734064, 31.772333620966535 ], [ -106.532826511245489, 31.772333620966535 ], [ -106.532826511245489, 31.772064126381299 ], [ -106.533365500415954, 31.772064126381299 ], [ -106.533365500415954, 31.771794631796062 ], [ -106.533634995001194, 31.771794631796062 ], [ -106.533634995001194, 31.772603115551771 ], [ -106.533096005830714, 31.772603115551771 ], [ -106.533096005830714, 31.772872610137007 ] ] ] ] } },
{ "type": "Feature", "properties": { "ZONA_MET": "Ju_rez", "INTENSIDAD": "Intensa", "T_PROM_POL": 3.0, "T_MIN_CIUD": 1.0, "DIF_TERMIC": 2.0 }, "geometry": { "type": "MultiPolygon", "coordinates": [ [ [ [ -106.458984994890855, 31.772872610137007 ], [ -106.45871550030563, 31.772872610137007 ], [ -106.45871550030563, 31.772603115551771 ], [ -106.45844600572039, 31.772603115551771 ], [ -106.45844600572039, 31.772333620966535 ], [ -106.457637521964685, 31.772333620966535 ], [ -106.457637521964685, 31.772064126381299 ], [ -106.45844600572039, 31.772064126381299 ], [ -106.45844600572039, 31.771525137210826 ], [ -106.45790701654991, 31.771525137210826 ], [ -106.45790701654991, 31.77125564262559 ], [ -106.45871550030563, 31.77125564262559 ], [ -106.45871550030563, 31.771794631796062 ], [ -106.458984994890855, 31.771794631796062 ], [ -106.458984994890855, 31.772872610137007 ] ] ] ] } },
{ "type": "Feature", "properties": { "ZONA_MET": "Ju_rez", "INTENSIDAD": "Intensa", "T_PROM_POL": 3.0, "T_MIN_CIUD": 1.0, "DIF_TERMIC": 2.0 }, "geometry": { "type": "MultiPolygon", "coordinates": [ [ [ [ -106.572981204445625, 31.776915028915543 ], [ -106.571633731519441, 31.776915028915543 ], [ -106.571633731519441, 31.776376039745074 ], [ -106.57217272068992, 31.776376039745074 ], [ -106.57217272068992, 31.775837050574602 ], [ -106.571903226104681, 31.775837050574602 ], [ -106.571903226104681, 31.775567555989365 ], [ -106.57217272068992, 31.775567555989365 ], [ -106.57217272068992, 31.775298061404129 ], [ -106.57244221527516, 31.775298061404129 ], [ -106.57244221527516, 31.775028566818893 ], [ -106.57217272068992, 31.775028566818893 ], [ -106.57217272068992, 31.774220083063184 ], [ -106.57244221527516, 31.774220083063184 ], [ -106.57244221527516, 31.773950588477948 ], [ -106.572711709860386, 31.773950588477948 ], [ -106.572711709860386, 31.773681093892712 ], [ -106.57378968820133, 31.773681093892712 ], [ -106.57378968820133, 31.772872610137007 ], [ -106.57405918278657, 31.772872610137007 ], [ -106.57405918278657, 31.773142104722243 ], [ -106.575137161127515, 31.773142104722243 ], [ -106.575137161127515, 31.772872610137007 ], [ -106.574867666542275, 31.772872610137007 ], [ -106.574867666542275, 31.772603115551771 ], [ -106.575406655712754, 31.772603115551771 ], [ -106.575406655712754, 31.772872610137007 ], [ -106.57594564488322, 31.772872610137007 ], [ -106.57594564488322, 31.771525137210826 ], [ -106.57567615029798, 31.771525137210826 ], [ -106.57567615029798, 31.77125564262559 ], [ -106.576215139468459, 31.77125564262559 ], [ -106.576215139468459, 31.770716653455118 ], [ -106.57594564488322, 31.770716653455118 ], [ -106.57594564488322, 31.770447158869885 ], [ -106.576484634053699, 31.770447158869885 ], [ -106.576484634053699, 31.770716653455118 ], [ -106.576754128638925, 31.770716653455118 ], [ -106.576754128638925, 31.770986148040354 ], [ -106.577023623224164, 31.770986148040354 ], [ -106.577023623224164, 31.77125564262559 ], [ -106.577293117809404, 31.77125564262559 ], [ -106.577293117809404, 31.770986148040354 ], [ -106.57756261239463, 31.770986148040354 ], [ -106.57756261239463, 31.77125564262559 ], [ -106.578101601565109, 31.77125564262559 ], [ -106.578101601565109, 31.772064126381299 ], [ -106.577023623224164, 31.772064126381299 ], [ -106.577023623224164, 31.772333620966535 ], [ -106.576754128638925, 31.772333620966535 ], [ -106.576754128638925, 31.772872610137007 ], [ -106.576484634053699, 31.772872610137007 ], [ -106.576484634053699, 31.772603115551771 ], [ -106.576215139468459, 31.772603115551771 ], [ -106.576215139468459, 31.773142104722243 ], [ -106.57594564488322, 31.773142104722243 ], [ -106.57594564488322, 31.773411599307479 ], [ -106.574867666542275, 31.773411599307479 ], [ -106.574867666542275, 31.773681093892712 ], [ -106.574598171957035, 31.773681093892712 ], [ -106.574598171957035, 31.774220083063184 ], [ -106.57432867737181, 31.774220083063184 ], [ -106.57432867737181, 31.774759072233657 ], [ -106.57405918278657, 31.774759072233657 ], [ -106.57405918278657, 31.775298061404129 ], [ -106.57432867737181, 31.775298061404129 ], [ -106.57432867737181, 31.775837050574602 ], [ -106.57378968820133, 31.775837050574602 ], [ -106.57378968820133, 31.776376039745074 ], [ -106.573520193616105, 31.776376039745074 ], [ -106.573520193616105, 31.776645534330306 ], [ -106.573250699030865, 31.776645534330306 ], [ -106.573250699030865, 31.776106545159838 ], [ -106.572981204445625, 31.776106545159838 ], [ -106.572981204445625, 31.776376039745074 ], [ -106.572711709860386, 31.776376039745074 ], [ -106.572711709860386, 31.776106545159838 ], [ -106.57244221527516, 31.776106545159838 ], [ -106.57244221527516, 31.776645534330306 ], [ -106.572981204445625, 31.776645534330306 ], [ -106.572981204445625, 31.776915028915543 ] ], [ [ -106.573250699030865, 31.775837050574602 ], [ -106.573250699030865, 31.775567555989365 ], [ -106.572711709860386, 31.775567555989365 ], [ -106.572711709860386, 31.775837050574602 ], [ -106.573250699030865, 31.775837050574602 ] ], [ [ -106.57378968820133, 31.775298061404129 ], [ -106.57378968820133, 31.774759072233657 ], [ -106.573250699030865, 31.774759072233657 ], [ -106.573250699030865, 31.775028566818893 ], [ -106.573520193616105, 31.775028566818893 ], [ -106.573520193616105, 31.775298061404129 ], [ -106.57378968820133, 31.775298061404129 ] ], [ [ -106.576754128638925, 31.771794631796062 ], [ -106.576754128638925, 31.77125564262559 ], [ -106.576484634053699, 31.77125564262559 ], [ -106.576484634053699, 31.771525137210826 ], [ -106.576215139468459, 31.771525137210826 ], [ -106.576215139468459, 31.771794631796062 ], [ -106.576754128638925, 31.771794631796062 ] ] ] ] } },
{ "type": "Feature", "properties": { "ZONA_MET": "Ju_rez", "INTENSIDAD": "Intensa", "T_PROM_POL": 3.0, "T_MIN_CIUD": 1.0, "DIF_TERMIC": 2.0 }, "geometry": { "type": "MultiPolygon", "coordinates": [ [ [ [ -106.46033246781704, 31.772064126381299 ], [ -106.4600629732318, 31.772064126381299 ], [ -106.4600629732318, 31.771794631796062 ], [ -106.45979347864656, 31.771794631796062 ], [ -106.45979347864656, 31.771525137210826 ], [ -106.459254489476095, 31.771525137210826 ], [ -106.459254489476095, 31.770986148040354 ], [ -106.459523984061335, 31.770986148040354 ], [ -106.459523984061335, 31.77125564262559 ], [ -106.45979347864656, 31.77125564262559 ], [ -106.45979347864656, 31.770447158869885 ], [ -106.459254489476095, 31.770447158869885 ], [ -106.459254489476095, 31.770177664284649 ], [ -106.459523984061335, 31.770177664284649 ], [ -106.459523984061335, 31.769908169699413 ], [ -106.45979347864656, 31.769908169699413 ], [ -106.45979347864656, 31.770177664284649 ], [ -106.46033246781704, 31.770177664284649 ], [ -106.46033246781704, 31.77125564262559 ], [ -106.461140951572744, 31.77125564262559 ], [ -106.461140951572744, 31.771794631796062 ], [ -106.46033246781704, 31.771794631796062 ], [ -106.46033246781704, 31.772064126381299 ] ] ] ] } },
{ "type": "Feature", "properties": { "ZONA_MET": "Ju_rez", "INTENSIDAD": "Intensa", "T_PROM_POL": 3.0, "T_MIN_CIUD": 1.0, "DIF_TERMIC": 2.0 }, "geometry": { "type": "MultiPolygon", "coordinates": [ [ [ [ -106.567052323570437, 31.773142104722243 ], [ -106.566782828985197, 31.773142104722243 ], [ -106.566782828985197, 31.772603115551771 ], [ -106.567321818155676, 31.772603115551771 ], [ -106.567321818155676, 31.772333620966535 ], [ -106.567052323570437, 31.772333620966535 ], [ -106.567052323570437, 31.771525137210826 ], [ -106.566782828985197, 31.771525137210826 ], [ -106.566782828985197, 31.770716653455118 ], [ -106.567052323570437, 31.770716653455118 ], [ -106.567052323570437, 31.770447158869885 ], [ -106.567591312740916, 31.770447158869885 ], [ -106.567591312740916, 31.770177664284649 ], [ -106.567860807326142, 31.770177664284649 ], [ -106.567860807326142, 31.769908169699413 ], [ -106.568130301911381, 31.769908169699413 ], [ -106.568130301911381, 31.770177664284649 ], [ -106.568399796496621, 31.770177664284649 ], [ -106.568399796496621, 31.769908169699413 ], [ -106.568669291081846, 31.769908169699413 ], [ -106.568669291081846, 31.770177664284649 ], [ -106.569477774837566, 31.770177664284649 ], [ -106.569477774837566, 31.770447158869885 ], [ -106.569208280252326, 31.770447158869885 ], [ -106.569208280252326, 31.770716653455118 ], [ -106.569747269422791, 31.770716653455118 ], [ -106.569747269422791, 31.770986148040354 ], [ -106.570286258593271, 31.770986148040354 ], [ -106.570286258593271, 31.770447158869885 ], [ -106.57055575317851, 31.770447158869885 ], [ -106.57055575317851, 31.770177664284649 ], [ -106.571094742348976, 31.770177664284649 ], [ -106.571094742348976, 31.769908169699413 ], [ -106.571633731519441, 31.769908169699413 ], [ -106.571633731519441, 31.770177664284649 ], [ -106.571903226104681, 31.770177664284649 ], [ -106.571903226104681, 31.770716653455118 ], [ -106.57244221527516, 31.770716653455118 ], [ -106.57244221527516, 31.770986148040354 ], [ -106.572711709860386, 31.770986148040354 ], [ -106.572711709860386, 31.77125564262559 ], [ -106.57244221527516, 31.77125564262559 ], [ -106.57244221527516, 31.771525137210826 ], [ -106.57055575317851, 31.771525137210826 ], [ -106.57055575317851, 31.771794631796062 ], [ -106.570286258593271, 31.771794631796062 ], [ -106.570286258593271, 31.772064126381299 ], [ -106.570016764008031, 31.772064126381299 ], [ -106.570016764008031, 31.771794631796062 ], [ -106.569477774837566, 31.771794631796062 ], [ -106.569477774837566, 31.772064126381299 ], [ -106.569208280252326, 31.772064126381299 ], [ -106.569208280252326, 31.772333620966535 ], [ -106.567860807326142, 31.772333620966535 ], [ -106.567860807326142, 31.772603115551771 ], [ -106.567591312740916, 31.772603115551771 ], [ -106.567591312740916, 31.772872610137007 ], [ -106.567052323570437, 31.772872610137007 ], [ -106.567052323570437, 31.773142104722243 ] ], [ [ -106.568669291081846, 31.772064126381299 ], [ -106.568669291081846, 31.771794631796062 ], [ -106.569208280252326, 31.771794631796062 ], [ -106.569208280252326, 31.77125564262559 ], [ -106.568938785667086, 31.77125564262559 ], [ -106.568938785667086, 31.770986148040354 ], [ -106.568130301911381, 31.770986148040354 ], [ -106.568130301911381, 31.77125564262559 ], [ -106.568399796496621, 31.77125564262559 ], [ -106.568399796496621, 31.771794631796062 ], [ -106.568130301911381, 31.771794631796062 ], [ -106.568130301911381, 31.772064126381299 ], [ -106.568669291081846, 31.772064126381299 ] ], [ [ -106.567321818155676, 31.771525137210826 ], [ -106.567321818155676, 31.77125564262559 ], [ -106.567052323570437, 31.77125564262559 ], [ -106.567052323570437, 31.771525137210826 ], [ -106.567321818155676, 31.771525137210826 ] ], [ [ -106.571094742348976, 31.77125564262559 ], [ -106.571094742348976, 31.770986148040354 ], [ -106.571633731519441, 31.770986148040354 ], [ -106.571633731519441, 31.770447158869885 ], [ -106.571364236934215, 31.770447158869885 ], [ -106.571364236934215, 31.770177664284649 ], [ -106.571094742348976, 31.770177664284649 ], [ -106.571094742348976, 31.770447158869885 ], [ -106.570825247763736, 31.770447158869885 ], [ -106.570825247763736, 31.77125564262559 ], [ -106.571094742348976, 31.77125564262559 ] ] ] ] } },
{ "type": "Feature", "properties": { "ZONA_MET": "Ju_rez", "INTENSIDAD": "Intensa", "T_PROM_POL": 3.0, "T_MIN_CIUD": 1.0, "DIF_TERMIC": 2.0 }, "geometry": { "type": "MultiPolygon", "coordinates": [ [ [ [ -106.463027413669394, 31.77125564262559 ], [ -106.462488424498929, 31.77125564262559 ], [ -106.462488424498929, 31.770716653455118 ], [ -106.462757919084154, 31.770716653455118 ], [ -106.462757919084154, 31.770447158869885 ], [ -106.463296908254634, 31.770447158869885 ], [ -106.463296908254634, 31.770177664284649 ], [ -106.463835897425099, 31.770177664284649 ], [ -106.463835897425099, 31.769908169699413 ], [ -106.464105392010339, 31.769908169699413 ], [ -106.464105392010339, 31.769638675114177 ], [ -106.463566402839874, 31.769638675114177 ], [ -106.463566402839874, 31.76936918052894 ], [ -106.464105392010339, 31.76936918052894 ], [ -106.464105392010339, 31.769099685943704 ], [ -106.464374886595579, 31.769099685943704 ], [ -106.464374886595579, 31.76936918052894 ], [ -106.464913875766044, 31.76936918052894 ], [ -106.464913875766044, 31.769638675114177 ], [ -106.464644381180818, 31.769638675114177 ], [ -106.464644381180818, 31.770177664284649 ], [ -106.464374886595579, 31.770177664284649 ], [ -106.464374886595579, 31.770716653455118 ], [ -106.464105392010339, 31.770716653455118 ], [ -106.464105392010339, 31.770447158869885 ], [ -106.463835897425099, 31.770447158869885 ], [ -106.463835897425099, 31.770716653455118 ], [ -106.463027413669394, 31.770716653455118 ], [ -106.463027413669394, 31.77125564262559 ] ] ] ] } },
{ "type": "Feature", "properties": { "ZONA_MET": "Ju_rez", "INTENSIDAD": "Intensa", "T_PROM_POL": 3.0, "T_MIN_CIUD": 1.0, "DIF_TERMIC": 2.0 }, "geometry": { "type": "MultiPolygon", "coordinates": [ [ [ [ -106.541180843387792, 31.768560696773232 ], [ -106.540641854217327, 31.768560696773232 ], [ -106.540641854217327, 31.768291202187996 ], [ -106.540911348802567, 31.768291202187996 ], [ -106.540911348802567, 31.767752213017523 ], [ -106.541180843387792, 31.767752213017523 ], [ -106.541180843387792, 31.766674234676582 ], [ -106.541719832558272, 31.766674234676582 ], [ -106.541719832558272, 31.767213223847055 ], [ -106.541450337973032, 31.767213223847055 ], [ -106.541450337973032, 31.767482718432291 ], [ -106.541719832558272, 31.767482718432291 ], [ -106.541719832558272, 31.76802170760276 ], [ -106.541450337973032, 31.76802170760276 ], [ -106.541450337973032, 31.768291202187996 ], [ -106.541180843387792, 31.768291202187996 ], [ -106.541180843387792, 31.768560696773232 ] ] ] ] } },
{ "type": "Feature", "properties": { "ZONA_MET": "Ju_rez", "INTENSIDAD": "Intensa", "T_PROM_POL": 3.0, "T_MIN_CIUD": 1.0, "DIF_TERMIC": 2.0 }, "geometry": { "type": "MultiPolygon", "coordinates": [ [ [ [ -106.4600629732318, 31.767752213017523 ], [ -106.458984994890855, 31.767752213017523 ], [ -106.458984994890855, 31.767213223847055 ], [ -106.459523984061335, 31.767213223847055 ], [ -106.459523984061335, 31.766943729261818 ], [ -106.4600629732318, 31.766943729261818 ], [ -106.4600629732318, 31.766674234676582 ], [ -106.461140951572744, 31.766674234676582 ], [ -106.461140951572744, 31.767213223847055 ], [ -106.460871456987505, 31.767213223847055 ], [ -106.460871456987505, 31.767482718432291 ], [ -106.4600629732318, 31.767482718432291 ], [ -106.4600629732318, 31.767752213017523 ] ] ] ] } },
{ "type": "Feature", "properties": { "ZONA_MET": "Ju_rez", "INTENSIDAD": "Intensa", "T_PROM_POL": 3.0, "T_MIN_CIUD": 1.0, "DIF_TERMIC": 2.0 }, "geometry": { "type": "MultiPolygon", "coordinates": [ [ [ [ -106.558967486013358, 31.766943729261818 ], [ -106.557620013087188, 31.766943729261818 ], [ -106.557620013087188, 31.766404740091346 ], [ -106.557889507672414, 31.766404740091346 ], [ -106.557889507672414, 31.76613524550611 ], [ -106.558967486013358, 31.76613524550611 ], [ -106.558967486013358, 31.766943729261818 ] ] ] ] } },
{ "type": "Feature", "properties": { "ZONA_MET": "Ju_rez", "INTENSIDAD": "Intensa", "T_PROM_POL": 3.0, "T_MIN_CIUD": 1.0, "DIF_TERMIC": 2.0 }, "geometry": { "type": "MultiPolygon", "coordinates": [ [ [ [ -106.436616944316285, 31.767482718432291 ], [ -106.436347449731045, 31.767482718432291 ], [ -106.436347449731045, 31.766943729261818 ], [ -106.43553896597534, 31.766943729261818 ], [ -106.43553896597534, 31.76613524550611 ], [ -106.436347449731045, 31.76613524550611 ], [ -106.436347449731045, 31.766674234676582 ], [ -106.43742542807199, 31.766674234676582 ], [ -106.43742542807199, 31.766943729261818 ], [ -106.43715593348675, 31.766943729261818 ], [ -106.43715593348675, 31.767213223847055 ], [ -106.436616944316285, 31.767213223847055 ], [ -106.436616944316285, 31.767482718432291 ] ] ] ] } },
{ "type": "Feature", "properties": { "ZONA_MET": "Ju_rez", "INTENSIDAD": "Intensa", "T_PROM_POL": 3.0, "T_MIN_CIUD": 1.0, "DIF_TERMIC": 2.0 }, "geometry": { "type": "MultiPolygon", "coordinates": [ [ [ [ -106.561123442695248, 31.767213223847055 ], [ -106.560853948110008, 31.767213223847055 ], [ -106.560853948110008, 31.766943729261818 ], [ -106.560584453524783, 31.766943729261818 ], [ -106.560584453524783, 31.766404740091346 ], [ -106.561392937280488, 31.766404740091346 ], [ -106.561392937280488, 31.76613524550611 ], [ -106.561931926450953, 31.76613524550611 ], [ -106.561931926450953, 31.765865750920874 ], [ -106.562201421036193, 31.765865750920874 ], [ -106.562201421036193, 31.76613524550611 ], [ -106.562470915621432, 31.76613524550611 ], [ -106.562470915621432, 31.766404740091346 ], [ -106.561931926450953, 31.766404740091346 ], [ -106.561931926450953, 31.766943729261818 ], [ -106.561123442695248, 31.766943729261818 ], [ -106.561123442695248, 31.767213223847055 ] ], [ [ -106.561662431865727, 31.766674234676582 ], [ -106.561662431865727, 31.766404740091346 ], [ -106.561392937280488, 31.766404740091346 ], [ -106.561392937280488, 31.766674234676582 ], [ -106.561662431865727, 31.766674234676582 ] ] ] ] } },
{ "type": "Feature", "properties": { "ZONA_MET": "Ju_rez", "INTENSIDAD": "Intensa", "T_PROM_POL": 3.0, "T_MIN_CIUD": 1.0, "DIF_TERMIC": 2.0 }, "geometry": { "type": "MultiPolygon", "coordinates": [ [ [ [ -106.450630662748551, 31.768291202187996 ], [ -106.449822178992846, 31.768291202187996 ], [ -106.449822178992846, 31.767752213017523 ], [ -106.449283189822367, 31.767752213017523 ], [ -106.449283189822367, 31.767482718432291 ], [ -106.449013695237127, 31.767482718432291 ], [ -106.449013695237127, 31.766943729261818 ], [ -106.448744200651902, 31.766943729261818 ], [ -106.448744200651902, 31.76613524550611 ], [ -106.449013695237127, 31.76613524550611 ], [ -106.449013695237127, 31.765596256335638 ], [ -106.449283189822367, 31.765596256335638 ], [ -106.449283189822367, 31.765865750920874 ], [ -106.450630662748551, 31.765865750920874 ], [ -106.450630662748551, 31.765596256335638 ], [ -106.450900157333777, 31.765596256335638 ], [ -106.450900157333777, 31.76613524550611 ], [ -106.451169651919017, 31.76613524550611 ], [ -106.451169651919017, 31.766943729261818 ], [ -106.450630662748551, 31.766943729261818 ], [ -106.450630662748551, 31.766404740091346 ], [ -106.450361168163312, 31.766404740091346 ], [ -106.450361168163312, 31.767213223847055 ], [ -106.450091673578072, 31.767213223847055 ], [ -106.450091673578072, 31.767482718432291 ], [ -106.450361168163312, 31.767482718432291 ], [ -106.450361168163312, 31.767752213017523 ], [ -106.450630662748551, 31.767752213017523 ], [ -106.450630662748551, 31.767482718432291 ], [ -106.450900157333777, 31.767482718432291 ], [ -106.450900157333777, 31.76802170760276 ], [ -106.450630662748551, 31.76802170760276 ], [ -106.450630662748551, 31.768291202187996 ] ] ] ] } },
{ "type": "Feature", "properties": { "ZONA_MET": "Ju_rez", "INTENSIDAD": "Intensa", "T_PROM_POL": 3.0, "T_MIN_CIUD": 1.0, "DIF_TERMIC": 2.0 }, "geometry": { "type": "MultiPolygon", "coordinates": [ [ [ [ -106.441737341435768, 31.767213223847055 ], [ -106.440659363094824, 31.767213223847055 ], [ -106.440659363094824, 31.766674234676582 ], [ -106.441198352265289, 31.766674234676582 ], [ -106.441198352265289, 31.766404740091346 ], [ -106.441467846850529, 31.766404740091346 ], [ -106.441467846850529, 31.765326761750401 ], [ -106.441737341435768, 31.765326761750401 ], [ -106.441737341435768, 31.767213223847055 ] ] ] ] } },
{ "type": "Feature", "properties": { "ZONA_MET": "Ju_rez", "INTENSIDAD": "Intensa", "T_PROM_POL": 3.0, "T_MIN_CIUD": 1.0, "DIF_TERMIC": 2.0 }, "geometry": { "type": "MultiPolygon", "coordinates": [ [ [ [ -106.439581384753879, 31.76802170760276 ], [ -106.438772900998174, 31.76802170760276 ], [ -106.438772900998174, 31.767752213017523 ], [ -106.437964417242469, 31.767752213017523 ], [ -106.437964417242469, 31.76802170760276 ], [ -106.43715593348675, 31.76802170760276 ], [ -106.43715593348675, 31.767752213017523 ], [ -106.436616944316285, 31.767752213017523 ], [ -106.436616944316285, 31.767482718432291 ], [ -106.437694922657229, 31.767482718432291 ], [ -106.437694922657229, 31.766674234676582 ], [ -106.43742542807199, 31.766674234676582 ], [ -106.43742542807199, 31.765596256335638 ], [ -106.437694922657229, 31.765596256335638 ], [ -106.437694922657229, 31.765057267165165 ], [ -106.438503406412934, 31.765057267165165 ], [ -106.438503406412934, 31.765326761750401 ], [ -106.439581384753879, 31.765326761750401 ], [ -106.439581384753879, 31.765596256335638 ], [ -106.439850879339119, 31.765596256335638 ], [ -106.439850879339119, 31.765326761750401 ], [ -106.440389868509584, 31.765326761750401 ], [ -106.440389868509584, 31.765057267165165 ], [ -106.440928857680063, 31.765057267165165 ], [ -106.440928857680063, 31.765596256335638 ], [ -106.440659363094824, 31.765596256335638 ], [ -106.440659363094824, 31.76613524550611 ], [ -106.441198352265289, 31.76613524550611 ], [ -106.441198352265289, 31.766404740091346 ], [ -106.440389868509584, 31.766404740091346 ], [ -106.440389868509584, 31.76613524550611 ], [ -106.439850879339119, 31.76613524550611 ], [ -106.439850879339119, 31.766943729261818 ], [ -106.440120373924344, 31.766943729261818 ], [ -106.440120373924344, 31.767213223847055 ], [ -106.440659363094824, 31.767213223847055 ], [ -106.440659363094824, 31.767752213017523 ], [ -106.439581384753879, 31.767752213017523 ], [ -106.439581384753879, 31.76802170760276 ] ], [ [ -106.439850879339119, 31.767482718432291 ], [ -106.439850879339119, 31.767213223847055 ], [ -106.439581384753879, 31.767213223847055 ], [ -106.439581384753879, 31.766943729261818 ], [ -106.439311890168639, 31.766943729261818 ], [ -106.439311890168639, 31.767482718432291 ], [ -106.439850879339119, 31.767482718432291 ] ], [ [ -106.4390423955834, 31.767213223847055 ], [ -106.4390423955834, 31.766943729261818 ], [ -106.438772900998174, 31.766943729261818 ], [ -106.438772900998174, 31.767213223847055 ], [ -106.4390423955834, 31.767213223847055 ] ], [ [ -106.438772900998174, 31.766674234676582 ], [ -106.438772900998174, 31.76613524550611 ], [ -106.438233911827695, 31.76613524550611 ], [ -106.438233911827695, 31.765865750920874 ], [ -106.437964417242469, 31.765865750920874 ], [ -106.437964417242469, 31.76613524550611 ], [ -106.437694922657229, 31.76613524550611 ], [ -106.437694922657229, 31.766674234676582 ], [ -106.438772900998174, 31.766674234676582 ] ], [ [ -106.439850879339119, 31.76613524550611 ], [ -106.439850879339119, 31.765865750920874 ], [ -106.439581384753879, 31.765865750920874 ], [ -106.439581384753879, 31.76613524550611 ], [ -106.439850879339119, 31.76613524550611 ] ], [ [ -106.4390423955834, 31.765865750920874 ], [ -106.4390423955834, 31.765596256335638 ], [ -106.438503406412934, 31.765596256335638 ], [ -106.438503406412934, 31.765865750920874 ], [ -106.4390423955834, 31.765865750920874 ] ] ] ] } },
{ "type": "Feature", "properties": { "ZONA_MET": "Ju_rez", "INTENSIDAD": "Intensa", "T_PROM_POL": 3.0, "T_MIN_CIUD": 1.0, "DIF_TERMIC": 2.0 }, "geometry": { "type": "MultiPolygon", "coordinates": [ [ [ [ -106.464644381180818, 31.765865750920874 ], [ -106.464374886595579, 31.765865750920874 ], [ -106.464374886595579, 31.765596256335638 ], [ -106.464105392010339, 31.765596256335638 ], [ -106.464105392010339, 31.765865750920874 ], [ -106.463566402839874, 31.765865750920874 ], [ -106.463566402839874, 31.764787772579929 ], [ -106.463296908254634, 31.764787772579929 ], [ -106.463296908254634, 31.764518277994693 ], [ -106.463027413669394, 31.764518277994693 ], [ -106.463027413669394, 31.76424878340946 ], [ -106.462757919084154, 31.76424878340946 ], [ -106.462757919084154, 31.763979288824224 ], [ -106.463296908254634, 31.763979288824224 ], [ -106.463296908254634, 31.76424878340946 ], [ -106.463566402839874, 31.76424878340946 ], [ -106.463566402839874, 31.763979288824224 ], [ -106.463835897425099, 31.763979288824224 ], [ -106.463835897425099, 31.762901310483279 ], [ -106.463566402839874, 31.762901310483279 ], [ -106.463566402839874, 31.762631815898043 ], [ -106.463296908254634, 31.762631815898043 ], [ -106.463296908254634, 31.762362321312807 ], [ -106.463835897425099, 31.762362321312807 ], [ -106.463835897425099, 31.762631815898043 ], [ -106.464105392010339, 31.762631815898043 ], [ -106.464105392010339, 31.763440299653752 ], [ -106.464913875766044, 31.763440299653752 ], [ -106.464913875766044, 31.763979288824224 ], [ -106.465452864936523, 31.763979288824224 ], [ -106.465452864936523, 31.76424878340946 ], [ -106.465183370351284, 31.76424878340946 ], [ -106.465183370351284, 31.764518277994693 ], [ -106.465452864936523, 31.764518277994693 ], [ -106.465452864936523, 31.765057267165165 ], [ -106.464913875766044, 31.765057267165165 ], [ -106.464913875766044, 31.765326761750401 ], [ -106.464644381180818, 31.765326761750401 ], [ -106.464644381180818, 31.765865750920874 ] ], [ [ -106.464913875766044, 31.764787772579929 ], [ -106.464913875766044, 31.764518277994693 ], [ -106.464644381180818, 31.764518277994693 ], [ -106.464644381180818, 31.764787772579929 ], [ -106.464913875766044, 31.764787772579929 ] ], [ [ -106.463835897425099, 31.764787772579929 ], [ -106.463835897425099, 31.764518277994693 ], [ -106.463566402839874, 31.764518277994693 ], [ -106.463566402839874, 31.764787772579929 ], [ -106.463835897425099, 31.764787772579929 ] ] ] ] } },
{ "type": "Feature", "properties": { "ZONA_MET": "Ju_rez", "INTENSIDAD": "Intensa", "T_PROM_POL": 3.0, "T_MIN_CIUD": 1.0, "DIF_TERMIC": 2.0 }, "geometry": { "type": "MultiPolygon", "coordinates": [ [ [ [ -106.443354308947178, 31.767213223847055 ], [ -106.442276330606234, 31.767213223847055 ], [ -106.442276330606234, 31.766943729261818 ], [ -106.443084814361939, 31.766943729261818 ], [ -106.443084814361939, 31.766674234676582 ], [ -106.443354308947178, 31.766674234676582 ], [ -106.443354308947178, 31.765596256335638 ], [ -106.442276330606234, 31.765596256335638 ], [ -106.442276330606234, 31.765326761750401 ], [ -106.441737341435768, 31.765326761750401 ], [ -106.441737341435768, 31.765057267165165 ], [ -106.442545825191473, 31.765057267165165 ], [ -106.442545825191473, 31.764518277994693 ], [ -106.442815319776713, 31.764518277994693 ], [ -106.442815319776713, 31.76424878340946 ], [ -106.443084814361939, 31.76424878340946 ], [ -106.443084814361939, 31.763979288824224 ], [ -106.443893298117658, 31.763979288824224 ], [ -106.443893298117658, 31.763709794238988 ], [ -106.443084814361939, 31.763709794238988 ], [ -106.443084814361939, 31.763440299653752 ], [ -106.443354308947178, 31.763440299653752 ], [ -106.443354308947178, 31.763170805068516 ], [ -106.443893298117658, 31.763170805068516 ], [ -106.443893298117658, 31.763440299653752 ], [ -106.444432287288123, 31.763440299653752 ], [ -106.444432287288123, 31.763170805068516 ], [ -106.444162792702883, 31.763170805068516 ], [ -106.444162792702883, 31.762901310483279 ], [ -106.444701781873363, 31.762901310483279 ], [ -106.444701781873363, 31.762631815898043 ], [ -106.444971276458588, 31.762631815898043 ], [ -106.444971276458588, 31.762362321312807 ], [ -106.445240771043828, 31.762362321312807 ], [ -106.445240771043828, 31.762631815898043 ], [ -106.445510265629068, 31.762631815898043 ], [ -106.445510265629068, 31.762901310483279 ], [ -106.445779760214307, 31.762901310483279 ], [ -106.445779760214307, 31.763709794238988 ], [ -106.445510265629068, 31.763709794238988 ], [ -106.445510265629068, 31.763440299653752 ], [ -106.445240771043828, 31.763440299653752 ], [ -106.445240771043828, 31.763979288824224 ], [ -106.445779760214307, 31.763979288824224 ], [ -106.445779760214307, 31.76424878340946 ], [ -106.445240771043828, 31.76424878340946 ], [ -106.445240771043828, 31.765057267165165 ], [ -106.444701781873363, 31.765057267165165 ], [ -106.444701781873363, 31.764518277994693 ], [ -106.444971276458588, 31.764518277994693 ], [ -106.444971276458588, 31.76424878340946 ], [ -106.443893298117658, 31.76424878340946 ], [ -106.443893298117658, 31.765865750920874 ], [ -106.443623803532418, 31.765865750920874 ], [ -106.443623803532418, 31.766943729261818 ], [ -106.443354308947178, 31.766943729261818 ], [ -106.443354308947178, 31.767213223847055 ] ], [ [ -106.443354308947178, 31.765326761750401 ], [ -106.443354308947178, 31.765057267165165 ], [ -106.443623803532418, 31.765057267165165 ], [ -106.443623803532418, 31.764787772579929 ], [ -106.443084814361939, 31.764787772579929 ], [ -106.443084814361939, 31.765326761750401 ], [ -106.443354308947178, 31.765326761750401 ] ], [ [ -106.443623803532418, 31.764518277994693 ], [ -106.443623803532418, 31.76424878340946 ], [ -106.443084814361939, 31.76424878340946 ], [ -106.443084814361939, 31.764518277994693 ], [ -106.443623803532418, 31.764518277994693 ] ], [ [ -106.444971276458588, 31.763979288824224 ], [ -106.444971276458588, 31.763709794238988 ], [ -106.444701781873363, 31.763709794238988 ], [ -106.444701781873363, 31.763979288824224 ], [ -106.444971276458588, 31.763979288824224 ] ], [ [ -106.445510265629068, 31.763170805068516 ], [ -106.445510265629068, 31.762901310483279 ], [ -106.445240771043828, 31.762901310483279 ], [ -106.445240771043828, 31.763170805068516 ], [ -106.445510265629068, 31.763170805068516 ] ] ] ] } },
{ "type": "Feature", "properties": { "ZONA_MET": "Ju_rez", "INTENSIDAD": "Intensa", "T_PROM_POL": 3.0, "T_MIN_CIUD": 1.0, "DIF_TERMIC": 2.0 }, "geometry": { "type": "MultiPolygon", "coordinates": [ [ [ [ -106.430149074270616, 31.76424878340946 ], [ -106.429610085100151, 31.76424878340946 ], [ -106.429610085100151, 31.763979288824224 ], [ -106.429340590514911, 31.763979288824224 ], [ -106.429340590514911, 31.763709794238988 ], [ -106.429610085100151, 31.763709794238988 ], [ -106.429610085100151, 31.761823332142335 ], [ -106.430688063441096, 31.761823332142335 ], [ -106.430688063441096, 31.761553837557098 ], [ -106.429071095929686, 31.761553837557098 ], [ -106.429071095929686, 31.761284342971866 ], [ -106.428801601344446, 31.761284342971866 ], [ -106.428801601344446, 31.760745353801394 ], [ -106.428262612173967, 31.760745353801394 ], [ -106.428262612173967, 31.760475859216157 ], [ -106.428801601344446, 31.760475859216157 ], [ -106.428801601344446, 31.760206364630921 ], [ -106.429071095929686, 31.760206364630921 ], [ -106.429071095929686, 31.760745353801394 ], [ -106.429340590514911, 31.760745353801394 ], [ -106.429340590514911, 31.76101484838663 ], [ -106.429610085100151, 31.76101484838663 ], [ -106.429610085100151, 31.760745353801394 ], [ -106.430418568855856, 31.760745353801394 ], [ -106.430418568855856, 31.76101484838663 ], [ -106.430957558026336, 31.76101484838663 ], [ -106.430957558026336, 31.760745353801394 ], [ -106.431227052611561, 31.760745353801394 ], [ -106.431227052611561, 31.761553837557098 ], [ -106.430957558026336, 31.761553837557098 ], [ -106.430957558026336, 31.762362321312807 ], [ -106.430688063441096, 31.762362321312807 ], [ -106.430688063441096, 31.762631815898043 ], [ -106.430149074270616, 31.762631815898043 ], [ -106.430149074270616, 31.762362321312807 ], [ -106.429879579685391, 31.762362321312807 ], [ -106.429879579685391, 31.762901310483279 ], [ -106.430418568855856, 31.762901310483279 ], [ -106.430418568855856, 31.763170805068516 ], [ -106.430149074270616, 31.763170805068516 ], [ -106.430149074270616, 31.763709794238988 ], [ -106.430418568855856, 31.763709794238988 ], [ -106.430418568855856, 31.763979288824224 ], [ -106.430149074270616, 31.763979288824224 ], [ -106.430149074270616, 31.76424878340946 ] ] ] ] } },
{ "type": "Feature", "properties": { "ZONA_MET": "Ju_rez", "INTENSIDAD": "Intensa", "T_PROM_POL": 3.0, "T_MIN_CIUD": 1.0, "DIF_TERMIC": 2.0 }, "geometry": { "type": "MultiPolygon", "coordinates": [ [ [ [ -106.499678677261471, 31.761553837557098 ], [ -106.499139688091006, 31.761553837557098 ], [ -106.499139688091006, 31.761284342971866 ], [ -106.498600698920526, 31.761284342971866 ], [ -106.498600698920526, 31.76101484838663 ], [ -106.498331204335301, 31.76101484838663 ], [ -106.498331204335301, 31.760745353801394 ], [ -106.499139688091006, 31.760745353801394 ], [ -106.499139688091006, 31.760475859216157 ], [ -106.499409182676231, 31.760475859216157 ], [ -106.499409182676231, 31.760745353801394 ], [ -106.499678677261471, 31.760745353801394 ], [ -106.499678677261471, 31.760475859216157 ], [ -106.499948171846711, 31.760475859216157 ], [ -106.499948171846711, 31.760206364630921 ], [ -106.499678677261471, 31.760206364630921 ], [ -106.499678677261471, 31.759936870045685 ], [ -106.500217666431951, 31.759936870045685 ], [ -106.500217666431951, 31.760206364630921 ], [ -106.500487161017176, 31.760206364630921 ], [ -106.500487161017176, 31.760475859216157 ], [ -106.500217666431951, 31.760475859216157 ], [ -106.500217666431951, 31.76101484838663 ], [ -106.499948171846711, 31.76101484838663 ], [ -106.499948171846711, 31.761284342971866 ], [ -106.499678677261471, 31.761284342971866 ], [ -106.499678677261471, 31.761553837557098 ] ], [ [ -106.499678677261471, 31.761284342971866 ], [ -106.499678677261471, 31.76101484838663 ], [ -106.499409182676231, 31.76101484838663 ], [ -106.499409182676231, 31.761284342971866 ], [ -106.499678677261471, 31.761284342971866 ] ] ] ] } },
{ "type": "Feature", "properties": { "ZONA_MET": "Ju_rez", "INTENSIDAD": "Intensa", "T_PROM_POL": 3.0, "T_MIN_CIUD": 1.0, "DIF_TERMIC": 2.0 }, "geometry": { "type": "MultiPolygon", "coordinates": [ [ [ [ -106.421255752957833, 31.763170805068516 ], [ -106.420986258372608, 31.763170805068516 ], [ -106.420986258372608, 31.762901310483279 ], [ -106.420716763787368, 31.762901310483279 ], [ -106.420716763787368, 31.762631815898043 ], [ -106.419908280031663, 31.762631815898043 ], [ -106.419908280031663, 31.761284342971866 ], [ -106.419638785446423, 31.761284342971866 ], [ -106.419638785446423, 31.761553837557098 ], [ -106.419099796275958, 31.761553837557098 ], [ -106.419099796275958, 31.76101484838663 ], [ -106.419908280031663, 31.76101484838663 ], [ -106.419908280031663, 31.760745353801394 ], [ -106.418830301690718, 31.760745353801394 ], [ -106.418830301690718, 31.760475859216157 ], [ -106.418560807105479, 31.760475859216157 ], [ -106.418560807105479, 31.760206364630921 ], [ -106.419099796275958, 31.760206364630921 ], [ -106.419099796275958, 31.760475859216157 ], [ -106.419908280031663, 31.760475859216157 ], [ -106.419908280031663, 31.759936870045685 ], [ -106.420716763787368, 31.759936870045685 ], [ -106.420716763787368, 31.759667375460449 ], [ -106.420986258372608, 31.759667375460449 ], [ -106.420986258372608, 31.759936870045685 ], [ -106.421255752957833, 31.759936870045685 ], [ -106.421255752957833, 31.759667375460449 ], [ -106.421525247543073, 31.759667375460449 ], [ -106.421525247543073, 31.760206364630921 ], [ -106.421794742128313, 31.760206364630921 ], [ -106.421794742128313, 31.760475859216157 ], [ -106.421525247543073, 31.760475859216157 ], [ -106.421525247543073, 31.760745353801394 ], [ -106.421794742128313, 31.760745353801394 ], [ -106.421794742128313, 31.76101484838663 ], [ -106.420986258372608, 31.76101484838663 ], [ -106.420986258372608, 31.761284342971866 ], [ -106.420716763787368, 31.761284342971866 ], [ -106.420716763787368, 31.761553837557098 ], [ -106.420447269202128, 31.761553837557098 ], [ -106.420447269202128, 31.761823332142335 ], [ -106.420716763787368, 31.761823332142335 ], [ -106.420716763787368, 31.762362321312807 ], [ -106.421794742128313, 31.762362321312807 ], [ -106.421794742128313, 31.762631815898043 ], [ -106.421525247543073, 31.762631815898043 ], [ -106.421525247543073, 31.762901310483279 ], [ -106.421255752957833, 31.762901310483279 ], [ -106.421255752957833, 31.763170805068516 ] ], [ [ -106.420447269202128, 31.762362321312807 ], [ -106.420447269202128, 31.761823332142335 ], [ -106.420177774616903, 31.761823332142335 ], [ -106.420177774616903, 31.762362321312807 ], [ -106.420447269202128, 31.762362321312807 ] ], [ [ -106.420447269202128, 31.761553837557098 ], [ -106.420447269202128, 31.761284342971866 ], [ -106.420177774616903, 31.761284342971866 ], [ -106.420177774616903, 31.761553837557098 ], [ -106.420447269202128, 31.761553837557098 ] ] ] ] } },
{ "type": "Feature", "properties": { "ZONA_MET": "Ju_rez", "INTENSIDAD": "Intensa", "T_PROM_POL": 3.0, "T_MIN_CIUD": 1.0, "DIF_TERMIC": 2.0 }, "geometry": { "type": "MultiPolygon", "coordinates": [ [ [ [ -106.416943839594069, 31.762092826727571 ], [ -106.416674345008829, 31.762092826727571 ], [ -106.416674345008829, 31.761823332142335 ], [ -106.416404850423589, 31.761823332142335 ], [ -106.416404850423589, 31.761553837557098 ], [ -106.416674345008829, 31.761553837557098 ], [ -106.416674345008829, 31.761284342971866 ], [ -106.416135355838364, 31.761284342971866 ], [ -106.416135355838364, 31.761553837557098 ], [ -106.415865861253124, 31.761553837557098 ], [ -106.415865861253124, 31.761823332142335 ], [ -106.415326872082645, 31.761823332142335 ], [ -106.415326872082645, 31.761553837557098 ], [ -106.414787882912179, 31.761553837557098 ], [ -106.414787882912179, 31.76101484838663 ], [ -106.415057377497419, 31.76101484838663 ], [ -106.415057377497419, 31.761284342971866 ], [ -106.415865861253124, 31.761284342971866 ], [ -106.415865861253124, 31.76101484838663 ], [ -106.415596366667884, 31.76101484838663 ], [ -106.415596366667884, 31.760745353801394 ], [ -106.416135355838364, 31.760745353801394 ], [ -106.416135355838364, 31.76101484838663 ], [ -106.416404850423589, 31.76101484838663 ], [ -106.416404850423589, 31.760745353801394 ], [ -106.416674345008829, 31.760745353801394 ], [ -106.416674345008829, 31.760475859216157 ], [ -106.4142488937417, 31.760475859216157 ], [ -106.4142488937417, 31.760206364630921 ], [ -106.413440409985995, 31.760206364630921 ], [ -106.413440409985995, 31.759936870045685 ], [ -106.41290142081553, 31.759936870045685 ], [ -106.41290142081553, 31.759397880875213 ], [ -106.413170915400769, 31.759397880875213 ], [ -106.413170915400769, 31.759667375460449 ], [ -106.4142488937417, 31.759667375460449 ], [ -106.4142488937417, 31.759936870045685 ], [ -106.415057377497419, 31.759936870045685 ], [ -106.415057377497419, 31.760206364630921 ], [ -106.417213334179309, 31.760206364630921 ], [ -106.417213334179309, 31.759667375460449 ], [ -106.417482828764534, 31.759667375460449 ], [ -106.417482828764534, 31.760206364630921 ], [ -106.418021817935013, 31.760206364630921 ], [ -106.418021817935013, 31.760475859216157 ], [ -106.416943839594069, 31.760475859216157 ], [ -106.416943839594069, 31.760745353801394 ], [ -106.417213334179309, 31.760745353801394 ], [ -106.417213334179309, 31.76101484838663 ], [ -106.416943839594069, 31.76101484838663 ], [ -106.416943839594069, 31.762092826727571 ] ] ] ] } },
{ "type": "Feature", "properties": { "ZONA_MET": "Ju_rez", "INTENSIDAD": "Intensa", "T_PROM_POL": 3.0, "T_MIN_CIUD": 1.0, "DIF_TERMIC": 2.0 }, "geometry": { "type": "MultiPolygon", "coordinates": [ [ [ [ -106.452517124845201, 31.760745353801394 ], [ -106.451708641089496, 31.760745353801394 ], [ -106.451708641089496, 31.760475859216157 ], [ -106.451439146504256, 31.760475859216157 ], [ -106.451439146504256, 31.760206364630921 ], [ -106.450900157333777, 31.760206364630921 ], [ -106.450900157333777, 31.760475859216157 ], [ -106.450630662748551, 31.760475859216157 ], [ -106.450630662748551, 31.760206364630921 ], [ -106.449822178992846, 31.760206364630921 ], [ -106.449822178992846, 31.759936870045685 ], [ -106.449552684407607, 31.759936870045685 ], [ -106.449552684407607, 31.759667375460449 ], [ -106.450091673578072, 31.759667375460449 ], [ -106.450091673578072, 31.759936870045685 ], [ -106.451708641089496, 31.759936870045685 ], [ -106.451708641089496, 31.759667375460449 ], [ -106.451978135674722, 31.759667375460449 ], [ -106.451978135674722, 31.759128386289976 ], [ -106.452517124845201, 31.759128386289976 ], [ -106.452517124845201, 31.760745353801394 ] ] ] ] } },
{ "type": "Feature", "properties": { "ZONA_MET": "Ju_rez", "INTENSIDAD": "Extrema", "T_PROM_POL": 3.0, "T_MIN_CIUD": 1.0, "DIF_TERMIC": 2.0 }, "geometry": { "type": "MultiPolygon", "coordinates": [ [ [ [ -106.425298171736372, 31.761553837557098 ], [ -106.424489687980667, 31.761553837557098 ], [ -106.424489687980667, 31.761284342971866 ], [ -106.423950698810202, 31.761284342971866 ], [ -106.423950698810202, 31.760475859216157 ], [ -106.423681204224962, 31.760475859216157 ], [ -106.423681204224962, 31.760206364630921 ], [ -106.423411709639723, 31.760206364630921 ], [ -106.423411709639723, 31.759397880875213 ], [ -106.423681204224962, 31.759397880875213 ], [ -106.423681204224962, 31.759128386289976 ], [ -106.423950698810202, 31.759128386289976 ], [ -106.423950698810202, 31.760206364630921 ], [ -106.424759182565907, 31.760206364630921 ], [ -106.424759182565907, 31.759936870045685 ], [ -106.425028677151147, 31.759936870045685 ], [ -106.425028677151147, 31.760206364630921 ], [ -106.425298171736372, 31.760206364630921 ], [ -106.425298171736372, 31.759936870045685 ], [ -106.425567666321612, 31.759936870045685 ], [ -106.425567666321612, 31.760206364630921 ], [ -106.425837160906852, 31.760206364630921 ], [ -106.425837160906852, 31.760475859216157 ], [ -106.425567666321612, 31.760475859216157 ], [ -106.425567666321612, 31.760745353801394 ], [ -106.425298171736372, 31.760745353801394 ], [ -106.425298171736372, 31.76101484838663 ], [ -106.425837160906852, 31.76101484838663 ], [ -106.425837160906852, 31.761284342971866 ], [ -106.425298171736372, 31.761284342971866 ], [ -106.425298171736372, 31.761553837557098 ] ] ] ] } },
{ "type": "Feature", "properties": { "ZONA_MET": "Ju_rez", "INTENSIDAD": "Intensa", "T_PROM_POL": 3.0, "T_MIN_CIUD": 1.0, "DIF_TERMIC": 2.0 }, "geometry": { "type": "MultiPolygon", "coordinates": [ [ [ [ -106.417482828764534, 31.759128386289976 ], [ -106.415326872082645, 31.759128386289976 ], [ -106.415326872082645, 31.75885889170474 ], [ -106.415596366667884, 31.75885889170474 ], [ -106.415596366667884, 31.758319902534272 ], [ -106.415326872082645, 31.758319902534272 ], [ -106.415326872082645, 31.758050407949035 ], [ -106.417213334179309, 31.758050407949035 ], [ -106.417213334179309, 31.757511418778563 ], [ -106.417482828764534, 31.757511418778563 ], [ -106.417482828764534, 31.759128386289976 ] ], [ [ -106.416943839594069, 31.75885889170474 ], [ -106.416943839594069, 31.758319902534272 ], [ -106.416674345008829, 31.758319902534272 ], [ -106.416674345008829, 31.75885889170474 ], [ -106.416943839594069, 31.75885889170474 ] ] ] ] } },
{ "type": "Feature", "properties": { "ZONA_MET": "Ju_rez", "INTENSIDAD": "Extrema", "T_PROM_POL": 3.0, "T_MIN_CIUD": 1.0, "DIF_TERMIC": 2.0 }, "geometry": { "type": "MultiPolygon", "coordinates": [ [ [ [ -106.420986258372608, 31.758589397119504 ], [ -106.419908280031663, 31.758589397119504 ], [ -106.419908280031663, 31.758319902534272 ], [ -106.420177774616903, 31.758319902534272 ], [ -106.420177774616903, 31.758050407949035 ], [ -106.419908280031663, 31.758050407949035 ], [ -106.419908280031663, 31.757780913363799 ], [ -106.420986258372608, 31.757780913363799 ], [ -106.420986258372608, 31.758050407949035 ], [ -106.421255752957833, 31.758050407949035 ], [ -106.421255752957833, 31.756972429608091 ], [ -106.422064236713553, 31.756972429608091 ], [ -106.422064236713553, 31.756702935022854 ], [ -106.422333731298778, 31.756702935022854 ], [ -106.422333731298778, 31.756433440437618 ], [ -106.422872720469258, 31.756433440437618 ], [ -106.422872720469258, 31.756702935022854 ], [ -106.423142215054497, 31.756702935022854 ], [ -106.423142215054497, 31.757241924193327 ], [ -106.422872720469258, 31.757241924193327 ], [ -106.422872720469258, 31.757780913363799 ], [ -106.422064236713553, 31.757780913363799 ], [ -106.422064236713553, 31.757241924193327 ], [ -106.421794742128313, 31.757241924193327 ], [ -106.421794742128313, 31.757511418778563 ], [ -106.421525247543073, 31.757511418778563 ], [ -106.421525247543073, 31.758319902534272 ], [ -106.420986258372608, 31.758319902534272 ], [ -106.420986258372608, 31.758589397119504 ] ], [ [ -106.422603225884018, 31.757241924193327 ], [ -106.422603225884018, 31.756972429608091 ], [ -106.422333731298778, 31.756972429608091 ], [ -106.422333731298778, 31.757241924193327 ], [ -106.422603225884018, 31.757241924193327 ] ] ] ] } },
{ "type": "Feature", "properties": { "ZONA_MET": "Ju_rez", "INTENSIDAD": "Extrema", "T_PROM_POL": 3.0, "T_MIN_CIUD": 1.0, "DIF_TERMIC": 2.0 }, "geometry": { "type": "MultiPolygon", "coordinates": [ [ [ [ -106.423681204224962, 31.757511418778563 ], [ -106.423411709639723, 31.757511418778563 ], [ -106.423411709639723, 31.756702935022854 ], [ -106.423142215054497, 31.756702935022854 ], [ -106.423142215054497, 31.756433440437618 ], [ -106.423950698810202, 31.756433440437618 ], [ -106.423950698810202, 31.756163945852382 ], [ -106.423411709639723, 31.756163945852382 ], [ -106.423411709639723, 31.755894451267146 ], [ -106.424220193395428, 31.755894451267146 ], [ -106.424220193395428, 31.756972429608091 ], [ -106.423950698810202, 31.756972429608091 ], [ -106.423950698810202, 31.757241924193327 ], [ -106.423681204224962, 31.757241924193327 ], [ -106.423681204224962, 31.757511418778563 ] ] ] ] } },
{ "type": "Feature", "properties": { "ZONA_MET": "Ju_rez", "INTENSIDAD": "Intensa", "T_PROM_POL": 3.0, "T_MIN_CIUD": 1.0, "DIF_TERMIC": 2.0 }, "geometry": { "type": "MultiPolygon", "coordinates": [ [ [ [ -106.434999976804875, 31.765326761750401 ], [ -106.434460987634395, 31.765326761750401 ], [ -106.434460987634395, 31.765057267165165 ], [ -106.43392199846393, 31.765057267165165 ], [ -106.43392199846393, 31.765326761750401 ], [ -106.433113514708211, 31.765326761750401 ], [ -106.433113514708211, 31.764787772579929 ], [ -106.432844020122985, 31.764787772579929 ], [ -106.432844020122985, 31.765326761750401 ], [ -106.432574525537746, 31.765326761750401 ], [ -106.432574525537746, 31.763979288824224 ], [ -106.43203553636728, 31.763979288824224 ], [ -106.43203553636728, 31.763709794238988 ], [ -106.431496547196801, 31.763709794238988 ], [ -106.431496547196801, 31.762901310483279 ], [ -106.432574525537746, 31.762901310483279 ], [ -106.432574525537746, 31.762631815898043 ], [ -106.432844020122985, 31.762631815898043 ], [ -106.432844020122985, 31.762901310483279 ], [ -106.433383009293451, 31.762901310483279 ], [ -106.433383009293451, 31.763170805068516 ], [ -106.43392199846393, 31.763170805068516 ], [ -106.43392199846393, 31.762362321312807 ], [ -106.433383009293451, 31.762362321312807 ], [ -106.433383009293451, 31.762092826727571 ], [ -106.432844020122985, 31.762092826727571 ], [ -106.432844020122985, 31.762362321312807 ], [ -106.432574525537746, 31.762362321312807 ], [ -106.432574525537746, 31.762092826727571 ], [ -106.431766041782041, 31.762092826727571 ], [ -106.431766041782041, 31.761823332142335 ], [ -106.431496547196801, 31.761823332142335 ], [ -106.431496547196801, 31.76101484838663 ], [ -106.432305030952506, 31.76101484838663 ], [ -106.432305030952506, 31.760745353801394 ], [ -106.432574525537746, 31.760745353801394 ], [ -106.432574525537746, 31.759667375460449 ], [ -106.432305030952506, 31.759667375460449 ], [ -106.432305030952506, 31.759128386289976 ], [ -106.43203553636728, 31.759128386289976 ], [ -106.43203553636728, 31.75885889170474 ], [ -106.432574525537746, 31.75885889170474 ], [ -106.432574525537746, 31.758319902534272 ], [ -106.431227052611561, 31.758319902534272 ], [ -106.431227052611561, 31.758050407949035 ], [ -106.432574525537746, 31.758050407949035 ], [ -106.432574525537746, 31.756972429608091 ], [ -106.431766041782041, 31.756972429608091 ], [ -106.431766041782041, 31.757511418778563 ], [ -106.431496547196801, 31.757511418778563 ], [ -106.431496547196801, 31.756702935022854 ], [ -106.431766041782041, 31.756702935022854 ], [ -106.431766041782041, 31.756433440437618 ], [ -106.43203553636728, 31.756433440437618 ], [ -106.43203553636728, 31.756163945852382 ], [ -106.433383009293451, 31.756163945852382 ], [ -106.433383009293451, 31.755894451267146 ], [ -106.433113514708211, 31.755894451267146 ], [ -106.433113514708211, 31.75562495668191 ], [ -106.43392199846393, 31.75562495668191 ], [ -106.43392199846393, 31.756163945852382 ], [ -106.43365250387869, 31.756163945852382 ], [ -106.43365250387869, 31.756433440437618 ], [ -106.43392199846393, 31.756433440437618 ], [ -106.43392199846393, 31.756702935022854 ], [ -106.432844020122985, 31.756702935022854 ], [ -106.432844020122985, 31.756972429608091 ], [ -106.433113514708211, 31.756972429608091 ], [ -106.433113514708211, 31.757241924193327 ], [ -106.43365250387869, 31.757241924193327 ], [ -106.43365250387869, 31.757511418778563 ], [ -106.43392199846393, 31.757511418778563 ], [ -106.43392199846393, 31.758050407949035 ], [ -106.434460987634395, 31.758050407949035 ], [ -106.434460987634395, 31.758589397119504 ], [ -106.434730482219635, 31.758589397119504 ], [ -106.434730482219635, 31.756972429608091 ], [ -106.434460987634395, 31.756972429608091 ], [ -106.434460987634395, 31.756702935022854 ], [ -106.4352694713901, 31.756702935022854 ], [ -106.4352694713901, 31.756972429608091 ], [ -106.43580846056058, 31.756972429608091 ], [ -106.43580846056058, 31.757241924193327 ], [ -106.4352694713901, 31.757241924193327 ], [ -106.4352694713901, 31.757511418778563 ], [ -106.43553896597534, 31.757511418778563 ], [ -106.43553896597534, 31.757780913363799 ], [ -106.4352694713901, 31.757780913363799 ], [ -106.4352694713901, 31.759128386289976 ], [ -106.436616944316285, 31.759128386289976 ], [ -106.436616944316285, 31.759397880875213 ], [ -106.436886438901524, 31.759397880875213 ], [ -106.436886438901524, 31.759667375460449 ], [ -106.43715593348675, 31.759667375460449 ], [ -106.43715593348675, 31.759936870045685 ], [ -106.436347449731045, 31.759936870045685 ], [ -106.436347449731045, 31.759397880875213 ], [ -106.434999976804875, 31.759397880875213 ], [ -106.434999976804875, 31.760206364630921 ], [ -106.434460987634395, 31.760206364630921 ], [ -106.434460987634395, 31.759936870045685 ], [ -106.434730482219635, 31.759936870045685 ], [ -106.434730482219635, 31.759667375460449 ], [ -106.434460987634395, 31.759667375460449 ], [ -106.434460987634395, 31.759128386289976 ], [ -106.434191493049155, 31.759128386289976 ], [ -106.434191493049155, 31.759397880875213 ], [ -106.43365250387869, 31.759397880875213 ], [ -106.43365250387869, 31.759936870045685 ], [ -106.433383009293451, 31.759936870045685 ], [ -106.433383009293451, 31.760206364630921 ], [ -106.433113514708211, 31.760206364630921 ], [ -106.433113514708211, 31.760745353801394 ], [ -106.432844020122985, 31.760745353801394 ], [ -106.432844020122985, 31.76101484838663 ], [ -106.433113514708211, 31.76101484838663 ], [ -106.433113514708211, 31.761553837557098 ], [ -106.434191493049155, 31.761553837557098 ], [ -106.434191493049155, 31.761284342971866 ], [ -106.433383009293451, 31.761284342971866 ], [ -106.433383009293451, 31.760745353801394 ], [ -106.43365250387869, 31.760745353801394 ], [ -106.43365250387869, 31.76101484838663 ], [ -106.434460987634395, 31.76101484838663 ], [ -106.434460987634395, 31.761284342971866 ], [ -106.43553896597534, 31.761284342971866 ], [ -106.43553896597534, 31.761823332142335 ], [ -106.434999976804875, 31.761823332142335 ], [ -106.434999976804875, 31.762092826727571 ], [ -106.4352694713901, 31.762092826727571 ], [ -106.4352694713901, 31.762631815898043 ], [ -106.436077955145805, 31.762631815898043 ], [ -106.436077955145805, 31.762362321312807 ], [ -106.43742542807199, 31.762362321312807 ], [ -106.43742542807199, 31.763170805068516 ], [ -106.436886438901524, 31.763170805068516 ], [ -106.436886438901524, 31.762901310483279 ], [ -106.436077955145805, 31.762901310483279 ], [ -106.436077955145805, 31.763170805068516 ], [ -106.43580846056058, 31.763170805068516 ], [ -106.43580846056058, 31.763440299653752 ], [ -106.436616944316285, 31.763440299653752 ], [ -106.436616944316285, 31.764518277994693 ], [ -106.436077955145805, 31.764518277994693 ], [ -106.436077955145805, 31.763979288824224 ], [ -106.43580846056058, 31.763979288824224 ], [ -106.43580846056058, 31.763709794238988 ], [ -106.43553896597534, 31.763709794238988 ], [ -106.43553896597534, 31.763979288824224 ], [ -106.434999976804875, 31.763979288824224 ], [ -106.434999976804875, 31.764787772579929 ], [ -106.434730482219635, 31.764787772579929 ], [ -106.434730482219635, 31.765057267165165 ], [ -106.434999976804875, 31.765057267165165 ], [ -106.434999976804875, 31.765326761750401 ] ], [ [ -106.434460987634395, 31.764518277994693 ], [ -106.434460987634395, 31.76424878340946 ], [ -106.434730482219635, 31.76424878340946 ], [ -106.434730482219635, 31.763979288824224 ], [ -106.434460987634395, 31.763979288824224 ], [ -106.434460987634395, 31.763709794238988 ], [ -106.43392199846393, 31.763709794238988 ], [ -106.43392199846393, 31.763979288824224 ], [ -106.434191493049155, 31.763979288824224 ], [ -106.434191493049155, 31.76424878340946 ], [ -106.43365250387869, 31.76424878340946 ], [ -106.43365250387869, 31.764518277994693 ], [ -106.434460987634395, 31.764518277994693 ] ], [ [ -106.433113514708211, 31.764518277994693 ], [ -106.433113514708211, 31.76424878340946 ], [ -106.433383009293451, 31.76424878340946 ], [ -106.433383009293451, 31.763979288824224 ], [ -106.432844020122985, 31.763979288824224 ], [ -106.432844020122985, 31.764518277994693 ], [ -106.433113514708211, 31.764518277994693 ] ], [ [ -106.432574525537746, 31.763709794238988 ], [ -106.432574525537746, 31.763170805068516 ], [ -106.432305030952506, 31.763170805068516 ], [ -106.432305030952506, 31.763709794238988 ], [ -106.432574525537746, 31.763709794238988 ] ], [ [ -106.433383009293451, 31.763440299653752 ], [ -106.433383009293451, 31.763170805068516 ], [ -106.433113514708211, 31.763170805068516 ], [ -106.433113514708211, 31.763440299653752 ], [ -106.433383009293451, 31.763440299653752 ] ], [ [ -106.434730482219635, 31.763170805068516 ], [ -106.434730482219635, 31.762901310483279 ], [ -106.434460987634395, 31.762901310483279 ], [ -106.434460987634395, 31.763170805068516 ], [ -106.434730482219635, 31.763170805068516 ] ], [ [ -106.4352694713901, 31.762901310483279 ], [ -106.4352694713901, 31.762631815898043 ], [ -106.434999976804875, 31.762631815898043 ], [ -106.434999976804875, 31.762901310483279 ], [ -106.4352694713901, 31.762901310483279 ] ], [ [ -106.434730482219635, 31.762092826727571 ], [ -106.434730482219635, 31.761823332142335 ], [ -106.434191493049155, 31.761823332142335 ], [ -106.434191493049155, 31.762092826727571 ], [ -106.434730482219635, 31.762092826727571 ] ], [ [ -106.432574525537746, 31.761823332142335 ], [ -106.432574525537746, 31.761284342971866 ], [ -106.432305030952506, 31.761284342971866 ], [ -106.432305030952506, 31.761823332142335 ], [ -106.432574525537746, 31.761823332142335 ] ], [ [ -106.433113514708211, 31.759667375460449 ], [ -106.433113514708211, 31.759128386289976 ], [ -106.433383009293451, 31.759128386289976 ], [ -106.433383009293451, 31.758050407949035 ], [ -106.43365250387869, 31.758050407949035 ], [ -106.43365250387869, 31.757511418778563 ], [ -106.432844020122985, 31.757511418778563 ], [ -106.432844020122985, 31.759667375460449 ], [ -106.433113514708211, 31.759667375460449 ] ], [ [ -106.434460987634395, 31.75885889170474 ], [ -106.434460987634395, 31.758589397119504 ], [ -106.434191493049155, 31.758589397119504 ], [ -106.434191493049155, 31.758319902534272 ], [ -106.43365250387869, 31.758319902534272 ], [ -106.43365250387869, 31.75885889170474 ], [ -106.434460987634395, 31.75885889170474 ] ] ] ] } },
{ "type": "Feature", "properties": { "ZONA_MET": "Ju_rez", "INTENSIDAD": "Intensa", "T_PROM_POL": 3.0, "T_MIN_CIUD": 1.0, "DIF_TERMIC": 2.0 }, "geometry": { "type": "MultiPolygon", "coordinates": [ [ [ [ -106.476502142931196, 31.761284342971866 ], [ -106.476232648345956, 31.761284342971866 ], [ -106.476232648345956, 31.76101484838663 ], [ -106.475963153760716, 31.76101484838663 ], [ -106.475963153760716, 31.761284342971866 ], [ -106.475693659175477, 31.761284342971866 ], [ -106.475693659175477, 31.760745353801394 ], [ -106.475154670005011, 31.760745353801394 ], [ -106.475154670005011, 31.760475859216157 ], [ -106.475693659175477, 31.760475859216157 ], [ -106.475693659175477, 31.760206364630921 ], [ -106.476232648345956, 31.760206364630921 ], [ -106.476232648345956, 31.759936870045685 ], [ -106.476502142931196, 31.759936870045685 ], [ -106.476502142931196, 31.759667375460449 ], [ -106.476771637516421, 31.759667375460449 ], [ -106.476771637516421, 31.759936870045685 ], [ -106.477041132101661, 31.759936870045685 ], [ -106.477041132101661, 31.759397880875213 ], [ -106.477849615857366, 31.759397880875213 ], [ -106.477849615857366, 31.759128386289976 ], [ -106.475963153760716, 31.759128386289976 ], [ -106.475963153760716, 31.759397880875213 ], [ -106.475693659175477, 31.759397880875213 ], [ -106.475693659175477, 31.759667375460449 ], [ -106.474615680834546, 31.759667375460449 ], [ -106.474615680834546, 31.759936870045685 ], [ -106.474076691664067, 31.759936870045685 ], [ -106.474076691664067, 31.759667375460449 ], [ -106.473807197078827, 31.759667375460449 ], [ -106.473807197078827, 31.760206364630921 ], [ -106.474076691664067, 31.760206364630921 ], [ -106.474076691664067, 31.760475859216157 ], [ -106.473807197078827, 31.760475859216157 ], [ -106.473807197078827, 31.760745353801394 ], [ -106.472998713323122, 31.760745353801394 ], [ -106.472998713323122, 31.760206364630921 ], [ -106.473268207908362, 31.760206364630921 ], [ -106.473268207908362, 31.759936870045685 ], [ -106.472729218737882, 31.759936870045685 ], [ -106.472729218737882, 31.759667375460449 ], [ -106.473268207908362, 31.759667375460449 ], [ -106.473268207908362, 31.75885889170474 ], [ -106.474885175419772, 31.75885889170474 ], [ -106.474885175419772, 31.758319902534272 ], [ -106.474615680834546, 31.758319902534272 ], [ -106.474615680834546, 31.758589397119504 ], [ -106.474346186249306, 31.758589397119504 ], [ -106.474346186249306, 31.758050407949035 ], [ -106.474076691664067, 31.758050407949035 ], [ -106.474076691664067, 31.757780913363799 ], [ -106.474615680834546, 31.757780913363799 ], [ -106.474615680834546, 31.757511418778563 ], [ -106.474346186249306, 31.757511418778563 ], [ -106.474346186249306, 31.756702935022854 ], [ -106.473807197078827, 31.756702935022854 ], [ -106.473807197078827, 31.756433440437618 ], [ -106.474346186249306, 31.756433440437618 ], [ -106.474346186249306, 31.756163945852382 ], [ -106.474615680834546, 31.756163945852382 ], [ -106.474615680834546, 31.755894451267146 ], [ -106.474885175419772, 31.755894451267146 ], [ -106.474885175419772, 31.756433440437618 ], [ -106.474615680834546, 31.756433440437618 ], [ -106.474615680834546, 31.756972429608091 ], [ -106.474885175419772, 31.756972429608091 ], [ -106.474885175419772, 31.757241924193327 ], [ -106.475154670005011, 31.757241924193327 ], [ -106.475154670005011, 31.756972429608091 ], [ -106.475424164590251, 31.756972429608091 ], [ -106.475424164590251, 31.756702935022854 ], [ -106.475963153760716, 31.756702935022854 ], [ -106.475963153760716, 31.756433440437618 ], [ -106.475424164590251, 31.756433440437618 ], [ -106.475424164590251, 31.756163945852382 ], [ -106.475154670005011, 31.756163945852382 ], [ -106.475154670005011, 31.755894451267146 ], [ -106.475963153760716, 31.755894451267146 ], [ -106.475963153760716, 31.756163945852382 ], [ -106.476502142931196, 31.756163945852382 ], [ -106.476502142931196, 31.756433440437618 ], [ -106.476232648345956, 31.756433440437618 ], [ -106.476232648345956, 31.756702935022854 ], [ -106.476502142931196, 31.756702935022854 ], [ -106.476502142931196, 31.758050407949035 ], [ -106.475424164590251, 31.758050407949035 ], [ -106.475424164590251, 31.757780913363799 ], [ -106.475154670005011, 31.757780913363799 ], [ -106.475154670005011, 31.758319902534272 ], [ -106.475424164590251, 31.758319902534272 ], [ -106.475424164590251, 31.758589397119504 ], [ -106.475963153760716, 31.758589397119504 ], [ -106.475963153760716, 31.758319902534272 ], [ -106.476232648345956, 31.758319902534272 ], [ -106.476232648345956, 31.758589397119504 ], [ -106.476502142931196, 31.758589397119504 ], [ -106.476502142931196, 31.758319902534272 ], [ -106.477849615857366, 31.758319902534272 ], [ -106.477849615857366, 31.758050407949035 ], [ -106.478388605027845, 31.758050407949035 ], [ -106.478388605027845, 31.757511418778563 ], [ -106.478658099613071, 31.757511418778563 ], [ -106.478658099613071, 31.756702935022854 ], [ -106.478927594198311, 31.756702935022854 ], [ -106.478927594198311, 31.757241924193327 ], [ -106.47946658336879, 31.757241924193327 ], [ -106.47946658336879, 31.756972429608091 ], [ -106.479736077954016, 31.756972429608091 ], [ -106.479736077954016, 31.755894451267146 ], [ -106.480005572539255, 31.755894451267146 ], [ -106.480005572539255, 31.75562495668191 ], [ -106.480275067124495, 31.75562495668191 ], [ -106.480275067124495, 31.756163945852382 ], [ -106.480005572539255, 31.756163945852382 ], [ -106.480005572539255, 31.756433440437618 ], [ -106.481892034635905, 31.756433440437618 ], [ -106.481892034635905, 31.755894451267146 ], [ -106.48081405629496, 31.755894451267146 ], [ -106.48081405629496, 31.756163945852382 ], [ -106.480544561709735, 31.756163945852382 ], [ -106.480544561709735, 31.755355462096677 ], [ -106.48081405629496, 31.755355462096677 ], [ -106.48081405629496, 31.755085967511441 ], [ -106.4810835508802, 31.755085967511441 ], [ -106.4810835508802, 31.755355462096677 ], [ -106.48135304546544, 31.755355462096677 ], [ -106.48135304546544, 31.75562495668191 ], [ -106.481622540050665, 31.75562495668191 ], [ -106.481622540050665, 31.755355462096677 ], [ -106.481892034635905, 31.755355462096677 ], [ -106.481892034635905, 31.75562495668191 ], [ -106.482431023806384, 31.75562495668191 ], [ -106.482431023806384, 31.756163945852382 ], [ -106.48270051839161, 31.756163945852382 ], [ -106.48270051839161, 31.756433440437618 ], [ -106.482431023806384, 31.756433440437618 ], [ -106.482431023806384, 31.756972429608091 ], [ -106.482161529221145, 31.756972429608091 ], [ -106.482161529221145, 31.757241924193327 ], [ -106.48270051839161, 31.757241924193327 ], [ -106.48270051839161, 31.757511418778563 ], [ -106.482431023806384, 31.757511418778563 ], [ -106.482431023806384, 31.757780913363799 ], [ -106.481622540050665, 31.757780913363799 ], [ -106.481622540050665, 31.757511418778563 ], [ -106.481892034635905, 31.757511418778563 ], [ -106.481892034635905, 31.756972429608091 ], [ -106.481622540050665, 31.756972429608091 ], [ -106.481622540050665, 31.757241924193327 ], [ -106.48135304546544, 31.757241924193327 ], [ -106.48135304546544, 31.757511418778563 ], [ -106.480005572539255, 31.757511418778563 ], [ -106.480005572539255, 31.757241924193327 ], [ -106.479736077954016, 31.757241924193327 ], [ -106.479736077954016, 31.757511418778563 ], [ -106.47946658336879, 31.757511418778563 ], [ -106.47946658336879, 31.758319902534272 ], [ -106.478927594198311, 31.758319902534272 ], [ -106.478927594198311, 31.75885889170474 ], [ -106.478388605027845, 31.75885889170474 ], [ -106.478388605027845, 31.760206364630921 ], [ -106.478119110442606, 31.760206364630921 ], [ -106.478119110442606, 31.759936870045685 ], [ -106.47758012127214, 31.759936870045685 ], [ -106.47758012127214, 31.760475859216157 ], [ -106.477849615857366, 31.760475859216157 ], [ -106.477849615857366, 31.760745353801394 ], [ -106.477041132101661, 31.760745353801394 ], [ -106.477041132101661, 31.760475859216157 ], [ -106.476232648345956, 31.760475859216157 ], [ -106.476232648345956, 31.760745353801394 ], [ -106.476502142931196, 31.760745353801394 ], [ -106.476502142931196, 31.761284342971866 ] ], [ [ -106.473537702493601, 31.760475859216157 ], [ -106.473537702493601, 31.760206364630921 ], [ -106.473268207908362, 31.760206364630921 ], [ -106.473268207908362, 31.760475859216157 ], [ -106.473537702493601, 31.760475859216157 ] ] ] ] } },
{ "type": "Feature", "properties": { "ZONA_MET": "Ju_rez", "INTENSIDAD": "Intensa", "T_PROM_POL": 3.0, "T_MIN_CIUD": 1.0, "DIF_TERMIC": 2.0 }, "geometry": { "type": "MultiPolygon", "coordinates": [ [ [ [ -106.4390423955834, 31.75562495668191 ], [ -106.43742542807199, 31.75562495668191 ], [ -106.43742542807199, 31.755355462096677 ], [ -106.436886438901524, 31.755355462096677 ], [ -106.436886438901524, 31.755085967511441 ], [ -106.436616944316285, 31.755085967511441 ], [ -106.436616944316285, 31.754816472926205 ], [ -106.436347449731045, 31.754816472926205 ], [ -106.436347449731045, 31.754546978340969 ], [ -106.436886438901524, 31.754546978340969 ], [ -106.436886438901524, 31.754816472926205 ], [ -106.43742542807199, 31.754816472926205 ], [ -106.43742542807199, 31.755085967511441 ], [ -106.438503406412934, 31.755085967511441 ], [ -106.438503406412934, 31.755355462096677 ], [ -106.438772900998174, 31.755355462096677 ], [ -106.438772900998174, 31.755085967511441 ], [ -106.439581384753879, 31.755085967511441 ], [ -106.439581384753879, 31.755355462096677 ], [ -106.4390423955834, 31.755355462096677 ], [ -106.4390423955834, 31.75562495668191 ] ] ] ] } },
{ "type": "Feature", "properties": { "ZONA_MET": "Ju_rez", "INTENSIDAD": "Intensa", "T_PROM_POL": 3.0, "T_MIN_CIUD": 1.0, "DIF_TERMIC": 2.0 }, "geometry": { "type": "MultiPolygon", "coordinates": [ [ [ [ -106.476771637516421, 31.754816472926205 ], [ -106.476232648345956, 31.754816472926205 ], [ -106.476232648345956, 31.754277483755732 ], [ -106.475693659175477, 31.754277483755732 ], [ -106.475693659175477, 31.754007989170496 ], [ -106.476771637516421, 31.754007989170496 ], [ -106.476771637516421, 31.75373849458526 ], [ -106.47758012127214, 31.75373849458526 ], [ -106.47758012127214, 31.754007989170496 ], [ -106.477849615857366, 31.754007989170496 ], [ -106.477849615857366, 31.75373849458526 ], [ -106.478119110442606, 31.75373849458526 ], [ -106.478119110442606, 31.754277483755732 ], [ -106.476771637516421, 31.754277483755732 ], [ -106.476771637516421, 31.754816472926205 ] ] ] ] } },
{ "type": "Feature", "properties": { "ZONA_MET": "Ju_rez", "INTENSIDAD": "Intensa", "T_PROM_POL": 3.0, "T_MIN_CIUD": 1.0, "DIF_TERMIC": 2.0 }, "geometry": { "type": "MultiPolygon", "coordinates": [ [ [ [ -106.427723623003502, 31.763709794238988 ], [ -106.426915139247797, 31.763709794238988 ], [ -106.426915139247797, 31.763440299653752 ], [ -106.426645644662557, 31.763440299653752 ], [ -106.426645644662557, 31.763709794238988 ], [ -106.425567666321612, 31.763709794238988 ], [ -106.425567666321612, 31.763170805068516 ], [ -106.425837160906852, 31.763170805068516 ], [ -106.425837160906852, 31.762631815898043 ], [ -106.425567666321612, 31.762631815898043 ], [ -106.425567666321612, 31.762901310483279 ], [ -106.425298171736372, 31.762901310483279 ], [ -106.425298171736372, 31.763440299653752 ], [ -106.423681204224962, 31.763440299653752 ], [ -106.423681204224962, 31.762901310483279 ], [ -106.423950698810202, 31.762901310483279 ], [ -106.423950698810202, 31.762362321312807 ], [ -106.423681204224962, 31.762362321312807 ], [ -106.423681204224962, 31.761284342971866 ], [ -106.423411709639723, 31.761284342971866 ], [ -106.423411709639723, 31.760206364630921 ], [ -106.423681204224962, 31.760206364630921 ], [ -106.423681204224962, 31.760475859216157 ], [ -106.423950698810202, 31.760475859216157 ], [ -106.423950698810202, 31.761284342971866 ], [ -106.424489687980667, 31.761284342971866 ], [ -106.424489687980667, 31.761553837557098 ], [ -106.425567666321612, 31.761553837557098 ], [ -106.425567666321612, 31.761284342971866 ], [ -106.426106655492092, 31.761284342971866 ], [ -106.426106655492092, 31.760745353801394 ], [ -106.426376150077317, 31.760745353801394 ], [ -106.426376150077317, 31.760475859216157 ], [ -106.426915139247797, 31.760475859216157 ], [ -106.426915139247797, 31.760745353801394 ], [ -106.427184633833022, 31.760745353801394 ], [ -106.427184633833022, 31.760475859216157 ], [ -106.427454128418262, 31.760475859216157 ], [ -106.427454128418262, 31.759936870045685 ], [ -106.426376150077317, 31.759936870045685 ], [ -106.426376150077317, 31.760206364630921 ], [ -106.426106655492092, 31.760206364630921 ], [ -106.426106655492092, 31.759667375460449 ], [ -106.426376150077317, 31.759667375460449 ], [ -106.426376150077317, 31.75885889170474 ], [ -106.425298171736372, 31.75885889170474 ], [ -106.425298171736372, 31.759128386289976 ], [ -106.425028677151147, 31.759128386289976 ], [ -106.425028677151147, 31.759397880875213 ], [ -106.424759182565907, 31.759397880875213 ], [ -106.424759182565907, 31.759667375460449 ], [ -106.425567666321612, 31.759667375460449 ], [ -106.425567666321612, 31.759936870045685 ], [ -106.425298171736372, 31.759936870045685 ], [ -106.425298171736372, 31.760206364630921 ], [ -106.425028677151147, 31.760206364630921 ], [ -106.425028677151147, 31.759936870045685 ], [ -106.424759182565907, 31.759936870045685 ], [ -106.424759182565907, 31.760206364630921 ], [ -106.423950698810202, 31.760206364630921 ], [ -106.423950698810202, 31.759128386289976 ], [ -106.423411709639723, 31.759128386289976 ], [ -106.423411709639723, 31.758319902534272 ], [ -106.423681204224962, 31.758319902534272 ], [ -106.423681204224962, 31.758050407949035 ], [ -106.423411709639723, 31.758050407949035 ], [ -106.423411709639723, 31.757780913363799 ], [ -106.423681204224962, 31.757780913363799 ], [ -106.423681204224962, 31.757241924193327 ], [ -106.424220193395428, 31.757241924193327 ], [ -106.424220193395428, 31.757511418778563 ], [ -106.424759182565907, 31.757511418778563 ], [ -106.424759182565907, 31.757780913363799 ], [ -106.425298171736372, 31.757780913363799 ], [ -106.425298171736372, 31.757511418778563 ], [ -106.425567666321612, 31.757511418778563 ], [ -106.425567666321612, 31.756702935022854 ], [ -106.425298171736372, 31.756702935022854 ], [ -106.425298171736372, 31.756433440437618 ], [ -106.424220193395428, 31.756433440437618 ], [ -106.424220193395428, 31.756163945852382 ], [ -106.424759182565907, 31.756163945852382 ], [ -106.424759182565907, 31.75562495668191 ], [ -106.424220193395428, 31.75562495668191 ], [ -106.424220193395428, 31.755894451267146 ], [ -106.423681204224962, 31.755894451267146 ], [ -106.423681204224962, 31.755355462096677 ], [ -106.423411709639723, 31.755355462096677 ], [ -106.423411709639723, 31.755894451267146 ], [ -106.423142215054497, 31.755894451267146 ], [ -106.423142215054497, 31.755085967511441 ], [ -106.422872720469258, 31.755085967511441 ], [ -106.422872720469258, 31.75562495668191 ], [ -106.422603225884018, 31.75562495668191 ], [ -106.422603225884018, 31.755355462096677 ], [ -106.421794742128313, 31.755355462096677 ], [ -106.421794742128313, 31.756163945852382 ], [ -106.422603225884018, 31.756163945852382 ], [ -106.422603225884018, 31.756433440437618 ], [ -106.422333731298778, 31.756433440437618 ], [ -106.422333731298778, 31.756702935022854 ], [ -106.422064236713553, 31.756702935022854 ], [ -106.422064236713553, 31.756972429608091 ], [ -106.421255752957833, 31.756972429608091 ], [ -106.421255752957833, 31.757511418778563 ], [ -106.420716763787368, 31.757511418778563 ], [ -106.420716763787368, 31.757780913363799 ], [ -106.419908280031663, 31.757780913363799 ], [ -106.419908280031663, 31.758050407949035 ], [ -106.419638785446423, 31.758050407949035 ], [ -106.419638785446423, 31.757780913363799 ], [ -106.419099796275958, 31.757780913363799 ], [ -106.419099796275958, 31.758050407949035 ], [ -106.419369290861184, 31.758050407949035 ], [ -106.419369290861184, 31.759128386289976 ], [ -106.419099796275958, 31.759128386289976 ], [ -106.419099796275958, 31.75885889170474 ], [ -106.418830301690718, 31.75885889170474 ], [ -106.418830301690718, 31.758319902534272 ], [ -106.418560807105479, 31.758319902534272 ], [ -106.418560807105479, 31.75885889170474 ], [ -106.418291312520239, 31.75885889170474 ], [ -106.418291312520239, 31.758319902534272 ], [ -106.418021817935013, 31.758319902534272 ], [ -106.418021817935013, 31.758050407949035 ], [ -106.418291312520239, 31.758050407949035 ], [ -106.418291312520239, 31.757511418778563 ], [ -106.418021817935013, 31.757511418778563 ], [ -106.418021817935013, 31.757241924193327 ], [ -106.416674345008829, 31.757241924193327 ], [ -106.416674345008829, 31.756972429608091 ], [ -106.415326872082645, 31.756972429608091 ], [ -106.415326872082645, 31.756702935022854 ], [ -106.417213334179309, 31.756702935022854 ], [ -106.417213334179309, 31.755894451267146 ], [ -106.417752323349774, 31.755894451267146 ], [ -106.417752323349774, 31.756163945852382 ], [ -106.418291312520239, 31.756163945852382 ], [ -106.418291312520239, 31.75562495668191 ], [ -106.416674345008829, 31.75562495668191 ], [ -106.416674345008829, 31.756163945852382 ], [ -106.415865861253124, 31.756163945852382 ], [ -106.415865861253124, 31.756433440437618 ], [ -106.415596366667884, 31.756433440437618 ], [ -106.415596366667884, 31.755085967511441 ], [ -106.415865861253124, 31.755085967511441 ], [ -106.415865861253124, 31.754816472926205 ], [ -106.416135355838364, 31.754816472926205 ], [ -106.416135355838364, 31.754546978340969 ], [ -106.416674345008829, 31.754546978340969 ], [ -106.416674345008829, 31.754277483755732 ], [ -106.416943839594069, 31.754277483755732 ], [ -106.416943839594069, 31.754007989170496 ], [ -106.417213334179309, 31.754007989170496 ], [ -106.417213334179309, 31.753469 ], [ -106.417482828764534, 31.753469 ], [ -106.417482828764534, 31.75373849458526 ], [ -106.417752323349774, 31.75373849458526 ], [ -106.417752323349774, 31.754277483755732 ], [ -106.417482828764534, 31.754277483755732 ], [ -106.417482828764534, 31.754816472926205 ], [ -106.417213334179309, 31.754816472926205 ], [ -106.417213334179309, 31.755355462096677 ], [ -106.417752323349774, 31.755355462096677 ], [ -106.417752323349774, 31.754816472926205 ], [ -106.418560807105479, 31.754816472926205 ], [ -106.418560807105479, 31.755355462096677 ], [ -106.418830301690718, 31.755355462096677 ], [ -106.418830301690718, 31.755085967511441 ], [ -106.419099796275958, 31.755085967511441 ], [ -106.419099796275958, 31.75562495668191 ], [ -106.418830301690718, 31.75562495668191 ], [ -106.418830301690718, 31.755894451267146 ], [ -106.418560807105479, 31.755894451267146 ], [ -106.418560807105479, 31.756433440437618 ], [ -106.417482828764534, 31.756433440437618 ], [ -106.417482828764534, 31.756972429608091 ], [ -106.418291312520239, 31.756972429608091 ], [ -106.418291312520239, 31.756702935022854 ], [ -106.419908280031663, 31.756702935022854 ], [ -106.419908280031663, 31.756433440437618 ], [ -106.420177774616903, 31.756433440437618 ], [ -106.420177774616903, 31.756702935022854 ], [ -106.421525247543073, 31.756702935022854 ], [ -106.421525247543073, 31.756433440437618 ], [ -106.421255752957833, 31.756433440437618 ], [ -106.421255752957833, 31.755894451267146 ], [ -106.420716763787368, 31.755894451267146 ], [ -106.420716763787368, 31.754816472926205 ], [ -106.421255752957833, 31.754816472926205 ], [ -106.421255752957833, 31.754546978340969 ], [ -106.421525247543073, 31.754546978340969 ], [ -106.421525247543073, 31.754277483755732 ], [ -106.422333731298778, 31.754277483755732 ], [ -106.422333731298778, 31.754007989170496 ], [ -106.422603225884018, 31.754007989170496 ], [ -106.422603225884018, 31.754277483755732 ], [ -106.422872720469258, 31.754277483755732 ], [ -106.422872720469258, 31.754007989170496 ], [ -106.423411709639723, 31.754007989170496 ], [ -106.423411709639723, 31.754277483755732 ], [ -106.423950698810202, 31.754277483755732 ], [ -106.423950698810202, 31.754546978340969 ], [ -106.424489687980667, 31.754546978340969 ], [ -106.424489687980667, 31.754277483755732 ], [ -106.425028677151147, 31.754277483755732 ], [ -106.425028677151147, 31.754546978340969 ], [ -106.424759182565907, 31.754546978340969 ], [ -106.424759182565907, 31.755085967511441 ], [ -106.425837160906852, 31.755085967511441 ], [ -106.425837160906852, 31.75562495668191 ], [ -106.426106655492092, 31.75562495668191 ], [ -106.426106655492092, 31.755355462096677 ], [ -106.426645644662557, 31.755355462096677 ], [ -106.426645644662557, 31.754546978340969 ], [ -106.428801601344446, 31.754546978340969 ], [ -106.428801601344446, 31.754816472926205 ], [ -106.429879579685391, 31.754816472926205 ], [ -106.429879579685391, 31.75562495668191 ], [ -106.429340590514911, 31.75562495668191 ], [ -106.429340590514911, 31.755894451267146 ], [ -106.429071095929686, 31.755894451267146 ], [ -106.429071095929686, 31.756433440437618 ], [ -106.427993117588741, 31.756433440437618 ], [ -106.427993117588741, 31.756163945852382 ], [ -106.427184633833022, 31.756163945852382 ], [ -106.427184633833022, 31.756433440437618 ], [ -106.426645644662557, 31.756433440437618 ], [ -106.426645644662557, 31.756702935022854 ], [ -106.427184633833022, 31.756702935022854 ], [ -106.427184633833022, 31.756972429608091 ], [ -106.427454128418262, 31.756972429608091 ], [ -106.427454128418262, 31.757511418778563 ], [ -106.428262612173967, 31.757511418778563 ], [ -106.428262612173967, 31.756972429608091 ], [ -106.429071095929686, 31.756972429608091 ], [ -106.429071095929686, 31.757241924193327 ], [ -106.429610085100151, 31.757241924193327 ], [ -106.429610085100151, 31.756702935022854 ], [ -106.429879579685391, 31.756702935022854 ], [ -106.429879579685391, 31.756433440437618 ], [ -106.430149074270616, 31.756433440437618 ], [ -106.430149074270616, 31.756163945852382 ], [ -106.430418568855856, 31.756163945852382 ], [ -106.430418568855856, 31.755894451267146 ], [ -106.430957558026336, 31.755894451267146 ], [ -106.430957558026336, 31.75562495668191 ], [ -106.431227052611561, 31.75562495668191 ], [ -106.431227052611561, 31.755355462096677 ], [ -106.430957558026336, 31.755355462096677 ], [ -106.430957558026336, 31.755085967511441 ], [ -106.43203553636728, 31.755085967511441 ], [ -106.43203553636728, 31.755894451267146 ], [ -106.431766041782041, 31.755894451267146 ], [ -106.431766041782041, 31.756163945852382 ], [ -106.431496547196801, 31.756163945852382 ], [ -106.431496547196801, 31.755894451267146 ], [ -106.431227052611561, 31.755894451267146 ], [ -106.431227052611561, 31.756163945852382 ], [ -106.430957558026336, 31.756163945852382 ], [ -106.430957558026336, 31.756433440437618 ], [ -106.431227052611561, 31.756433440437618 ], [ -106.431227052611561, 31.757241924193327 ], [ -106.430688063441096, 31.757241924193327 ], [ -106.430688063441096, 31.758319902534272 ], [ -106.430149074270616, 31.758319902534272 ], [ -106.430149074270616, 31.758050407949035 ], [ -106.429879579685391, 31.758050407949035 ], [ -106.429879579685391, 31.757780913363799 ], [ -106.429610085100151, 31.757780913363799 ], [ -106.429610085100151, 31.757511418778563 ], [ -106.429340590514911, 31.757511418778563 ], [ -106.429340590514911, 31.758319902534272 ], [ -106.429879579685391, 31.758319902534272 ], [ -106.429879579685391, 31.758589397119504 ], [ -106.429610085100151, 31.758589397119504 ], [ -106.429610085100151, 31.75885889170474 ], [ -106.430688063441096, 31.75885889170474 ], [ -106.430688063441096, 31.759667375460449 ], [ -106.430149074270616, 31.759667375460449 ], [ -106.430149074270616, 31.759936870045685 ], [ -106.430418568855856, 31.759936870045685 ], [ -106.430418568855856, 31.760206364630921 ], [ -106.429879579685391, 31.760206364630921 ], [ -106.429879579685391, 31.759397880875213 ], [ -106.429071095929686, 31.759397880875213 ], [ -106.429071095929686, 31.759128386289976 ], [ -106.428801601344446, 31.759128386289976 ], [ -106.428801601344446, 31.759397880875213 ], [ -106.427723623003502, 31.759397880875213 ], [ -106.427723623003502, 31.759128386289976 ], [ -106.427454128418262, 31.759128386289976 ], [ -106.427454128418262, 31.759667375460449 ], [ -106.427993117588741, 31.759667375460449 ], [ -106.427993117588741, 31.760206364630921 ], [ -106.427723623003502, 31.760206364630921 ], [ -106.427723623003502, 31.760745353801394 ], [ -106.427454128418262, 31.760745353801394 ], [ -106.427454128418262, 31.76101484838663 ], [ -106.427993117588741, 31.76101484838663 ], [ -106.427993117588741, 31.760745353801394 ], [ -106.428262612173967, 31.760745353801394 ], [ -106.428262612173967, 31.76101484838663 ], [ -106.428532106759206, 31.76101484838663 ], [ -106.428532106759206, 31.761553837557098 ], [ -106.427993117588741, 31.761553837557098 ], [ -106.427993117588741, 31.762631815898043 ], [ -106.428532106759206, 31.762631815898043 ], [ -106.428532106759206, 31.762901310483279 ], [ -106.427993117588741, 31.762901310483279 ], [ -106.427993117588741, 31.763440299653752 ], [ -106.427723623003502, 31.763440299653752 ], [ -106.427723623003502, 31.763709794238988 ] ], [ [ -106.427723623003502, 31.763170805068516 ], [ -106.427723623003502, 31.762092826727571 ], [ -106.427184633833022, 31.762092826727571 ], [ -106.427184633833022, 31.762901310483279 ], [ -106.426915139247797, 31.762901310483279 ], [ -106.426915139247797, 31.763170805068516 ], [ -106.427723623003502, 31.763170805068516 ] ], [ [ -106.426915139247797, 31.762631815898043 ], [ -106.426915139247797, 31.762362321312807 ], [ -106.426645644662557, 31.762362321312807 ], [ -106.426645644662557, 31.762631815898043 ], [ -106.426915139247797, 31.762631815898043 ] ], [ [ -106.425567666321612, 31.762631815898043 ], [ -106.425567666321612, 31.761823332142335 ], [ -106.425298171736372, 31.761823332142335 ], [ -106.425298171736372, 31.762092826727571 ], [ -106.424759182565907, 31.762092826727571 ], [ -106.424759182565907, 31.762631815898043 ], [ -106.425567666321612, 31.762631815898043 ] ], [ [ -106.426106655492092, 31.762362321312807 ], [ -106.426106655492092, 31.761823332142335 ], [ -106.425837160906852, 31.761823332142335 ], [ -106.425837160906852, 31.762362321312807 ], [ -106.426106655492092, 31.762362321312807 ] ], [ [ -106.424489687980667, 31.762362321312807 ], [ -106.424489687980667, 31.761823332142335 ], [ -106.423950698810202, 31.761823332142335 ], [ -106.423950698810202, 31.762092826727571 ], [ -106.424220193395428, 31.762092826727571 ], [ -106.424220193395428, 31.762362321312807 ], [ -106.424489687980667, 31.762362321312807 ] ], [ [ -106.426915139247797, 31.762092826727571 ], [ -106.426915139247797, 31.761284342971866 ], [ -106.426106655492092, 31.761284342971866 ], [ -106.426106655492092, 31.761823332142335 ], [ -106.426645644662557, 31.761823332142335 ], [ -106.426645644662557, 31.762092826727571 ], [ -106.426915139247797, 31.762092826727571 ] ], [ [ -106.429340590514911, 31.759128386289976 ], [ -106.429340590514911, 31.75885889170474 ], [ -106.429071095929686, 31.75885889170474 ], [ -106.429071095929686, 31.759128386289976 ], [ -106.429340590514911, 31.759128386289976 ] ], [ [ -106.429071095929686, 31.758589397119504 ], [ -106.429071095929686, 31.757241924193327 ], [ -106.428532106759206, 31.757241924193327 ], [ -106.428532106759206, 31.757780913363799 ], [ -106.428262612173967, 31.757780913363799 ], [ -106.428262612173967, 31.758319902534272 ], [ -106.427993117588741, 31.758319902534272 ], [ -106.427993117588741, 31.758589397119504 ], [ -106.429071095929686, 31.758589397119504 ] ], [ [ -106.427454128418262, 31.758589397119504 ], [ -106.427454128418262, 31.757780913363799 ], [ -106.427184633833022, 31.757780913363799 ], [ -106.427184633833022, 31.758050407949035 ], [ -106.426645644662557, 31.758050407949035 ], [ -106.426645644662557, 31.758589397119504 ], [ -106.427454128418262, 31.758589397119504 ] ], [ [ -106.425837160906852, 31.758589397119504 ], [ -106.425837160906852, 31.758319902534272 ], [ -106.425567666321612, 31.758319902534272 ], [ -106.425567666321612, 31.758589397119504 ], [ -106.425837160906852, 31.758589397119504 ] ], [ [ -106.425028677151147, 31.758319902534272 ], [ -106.425028677151147, 31.758050407949035 ], [ -106.424759182565907, 31.758050407949035 ], [ -106.424759182565907, 31.758319902534272 ], [ -106.425028677151147, 31.758319902534272 ] ], [ [ -106.424489687980667, 31.758319902534272 ], [ -106.424489687980667, 31.757780913363799 ], [ -106.424220193395428, 31.757780913363799 ], [ -106.424220193395428, 31.758319902534272 ], [ -106.424489687980667, 31.758319902534272 ] ], [ [ -106.418830301690718, 31.757780913363799 ], [ -106.418830301690718, 31.756972429608091 ], [ -106.418560807105479, 31.756972429608091 ], [ -106.418560807105479, 31.757780913363799 ], [ -106.418830301690718, 31.757780913363799 ] ], [ [ -106.419369290861184, 31.757241924193327 ], [ -106.419369290861184, 31.756972429608091 ], [ -106.419099796275958, 31.756972429608091 ], [ -106.419099796275958, 31.757241924193327 ], [ -106.419369290861184, 31.757241924193327 ] ], [ [ -106.430957558026336, 31.756972429608091 ], [ -106.430957558026336, 31.756702935022854 ], [ -106.430418568855856, 31.756702935022854 ], [ -106.430418568855856, 31.756972429608091 ], [ -106.430957558026336, 31.756972429608091 ] ], [ [ -106.422064236713553, 31.756702935022854 ], [ -106.422064236713553, 31.756433440437618 ], [ -106.421794742128313, 31.756433440437618 ], [ -106.421794742128313, 31.756702935022854 ], [ -106.422064236713553, 31.756702935022854 ] ], [ [ -106.426376150077317, 31.756163945852382 ], [ -106.426376150077317, 31.75562495668191 ], [ -106.426106655492092, 31.75562495668191 ], [ -106.426106655492092, 31.756163945852382 ], [ -106.426376150077317, 31.756163945852382 ] ], [ [ -106.425837160906852, 31.756163945852382 ], [ -106.425837160906852, 31.755894451267146 ], [ -106.425567666321612, 31.755894451267146 ], [ -106.425567666321612, 31.756163945852382 ], [ -106.425837160906852, 31.756163945852382 ] ], [ [ -106.427184633833022, 31.755894451267146 ], [ -106.427184633833022, 31.75562495668191 ], [ -106.426915139247797, 31.75562495668191 ], [ -106.426915139247797, 31.755894451267146 ], [ -106.427184633833022, 31.755894451267146 ] ], [ [ -106.421255752957833, 31.75562495668191 ], [ -106.421255752957833, 31.755085967511441 ], [ -106.420986258372608, 31.755085967511441 ], [ -106.420986258372608, 31.75562495668191 ], [ -106.421255752957833, 31.75562495668191 ] ], [ [ -106.428262612173967, 31.755355462096677 ], [ -106.428262612173967, 31.755085967511441 ], [ -106.427454128418262, 31.755085967511441 ], [ -106.427454128418262, 31.755355462096677 ], [ -106.428262612173967, 31.755355462096677 ] ], [ [ -106.423411709639723, 31.755085967511441 ], [ -106.423411709639723, 31.754546978340969 ], [ -106.423142215054497, 31.754546978340969 ], [ -106.423142215054497, 31.755085967511441 ], [ -106.423411709639723, 31.755085967511441 ] ] ] ] } },
{ "type": "Feature", "properties": { "ZONA_MET": "Ju_rez", "INTENSIDAD": "Intensa", "T_PROM_POL": 3.0, "T_MIN_CIUD": 1.0, "DIF_TERMIC": 2.0 }, "geometry": { "type": "MultiPolygon", "coordinates": [ [ [ [ -106.428532106759206, 31.752930010829552 ], [ -106.427723623003502, 31.752930010829552 ], [ -106.427723623003502, 31.752660516244315 ], [ -106.426915139247797, 31.752660516244315 ], [ -106.426915139247797, 31.752391021659083 ], [ -106.426376150077317, 31.752391021659083 ], [ -106.426376150077317, 31.752121527073847 ], [ -106.427993117588741, 31.752121527073847 ], [ -106.427993117588741, 31.752391021659083 ], [ -106.428262612173967, 31.752391021659083 ], [ -106.428262612173967, 31.752660516244315 ], [ -106.428532106759206, 31.752660516244315 ], [ -106.428532106759206, 31.752930010829552 ] ] ] ] } },
{ "type": "Feature", "properties": { "ZONA_MET": "Ju_rez", "INTENSIDAD": "Intensa", "T_PROM_POL": 3.0, "T_MIN_CIUD": 1.0, "DIF_TERMIC": 2.0 }, "geometry": { "type": "MultiPolygon", "coordinates": [ [ [ [ -106.499948171846711, 31.758050407949035 ], [ -106.498600698920526, 31.758050407949035 ], [ -106.498600698920526, 31.757780913363799 ], [ -106.499409182676231, 31.757780913363799 ], [ -106.499409182676231, 31.757511418778563 ], [ -106.498870193505766, 31.757511418778563 ], [ -106.498870193505766, 31.757241924193327 ], [ -106.498331204335301, 31.757241924193327 ], [ -106.498331204335301, 31.757780913363799 ], [ -106.498061709750061, 31.757780913363799 ], [ -106.498061709750061, 31.756972429608091 ], [ -106.497792215164822, 31.756972429608091 ], [ -106.497792215164822, 31.756702935022854 ], [ -106.497253225994356, 31.756702935022854 ], [ -106.497253225994356, 31.756433440437618 ], [ -106.496714236823877, 31.756433440437618 ], [ -106.496714236823877, 31.756163945852382 ], [ -106.495905753068172, 31.756163945852382 ], [ -106.495905753068172, 31.75562495668191 ], [ -106.495097269312467, 31.75562495668191 ], [ -106.495097269312467, 31.755085967511441 ], [ -106.494558280141987, 31.755085967511441 ], [ -106.494558280141987, 31.754816472926205 ], [ -106.494019290971522, 31.754816472926205 ], [ -106.494019290971522, 31.754546978340969 ], [ -106.493480301801043, 31.754546978340969 ], [ -106.493480301801043, 31.754277483755732 ], [ -106.493210807215817, 31.754277483755732 ], [ -106.493210807215817, 31.754007989170496 ], [ -106.492671818045338, 31.754007989170496 ], [ -106.492671818045338, 31.754277483755732 ], [ -106.492402323460112, 31.754277483755732 ], [ -106.492402323460112, 31.754007989170496 ], [ -106.491863334289633, 31.754007989170496 ], [ -106.491863334289633, 31.75373849458526 ], [ -106.491593839704393, 31.75373849458526 ], [ -106.491593839704393, 31.753469 ], [ -106.491054850533928, 31.753469 ], [ -106.491054850533928, 31.753199505414788 ], [ -106.490785355948688, 31.753199505414788 ], [ -106.490785355948688, 31.752930010829552 ], [ -106.490246366778223, 31.752930010829552 ], [ -106.490246366778223, 31.752660516244315 ], [ -106.489976872192983, 31.752660516244315 ], [ -106.489976872192983, 31.752391021659083 ], [ -106.489707377607743, 31.752391021659083 ], [ -106.489707377607743, 31.75185203248861 ], [ -106.489437883022518, 31.75185203248861 ], [ -106.489437883022518, 31.751582537903374 ], [ -106.489976872192983, 31.751582537903374 ], [ -106.489976872192983, 31.751313043318138 ], [ -106.491054850533928, 31.751313043318138 ], [ -106.491054850533928, 31.751582537903374 ], [ -106.491324345119168, 31.751582537903374 ], [ -106.491324345119168, 31.75185203248861 ], [ -106.490785355948688, 31.75185203248861 ], [ -106.490785355948688, 31.752121527073847 ], [ -106.491324345119168, 31.752121527073847 ], [ -106.491324345119168, 31.752391021659083 ], [ -106.491593839704393, 31.752391021659083 ], [ -106.491593839704393, 31.752660516244315 ], [ -106.491863334289633, 31.752660516244315 ], [ -106.491863334289633, 31.753199505414788 ], [ -106.492132828874873, 31.753199505414788 ], [ -106.492132828874873, 31.753469 ], [ -106.492941312630577, 31.753469 ], [ -106.492941312630577, 31.75373849458526 ], [ -106.494827774727227, 31.75373849458526 ], [ -106.494827774727227, 31.754007989170496 ], [ -106.496714236823877, 31.754007989170496 ], [ -106.496714236823877, 31.754277483755732 ], [ -106.497253225994356, 31.754277483755732 ], [ -106.497253225994356, 31.754546978340969 ], [ -106.497792215164822, 31.754546978340969 ], [ -106.497792215164822, 31.755085967511441 ], [ -106.497253225994356, 31.755085967511441 ], [ -106.497253225994356, 31.755355462096677 ], [ -106.498061709750061, 31.755355462096677 ], [ -106.498061709750061, 31.75562495668191 ], [ -106.498600698920526, 31.75562495668191 ], [ -106.498600698920526, 31.755894451267146 ], [ -106.498870193505766, 31.755894451267146 ], [ -106.498870193505766, 31.756163945852382 ], [ -106.499678677261471, 31.756163945852382 ], [ -106.499678677261471, 31.756702935022854 ], [ -106.499409182676231, 31.756702935022854 ], [ -106.499409182676231, 31.756972429608091 ], [ -106.499948171846711, 31.756972429608091 ], [ -106.499948171846711, 31.757241924193327 ], [ -106.500217666431951, 31.757241924193327 ], [ -106.500217666431951, 31.757780913363799 ], [ -106.499948171846711, 31.757780913363799 ], [ -106.499948171846711, 31.758050407949035 ] ], [ [ -106.499139688091006, 31.756702935022854 ], [ -106.499139688091006, 31.756433440437618 ], [ -106.498870193505766, 31.756433440437618 ], [ -106.498870193505766, 31.756702935022854 ], [ -106.499139688091006, 31.756702935022854 ] ], [ [ -106.498331204335301, 31.756433440437618 ], [ -106.498331204335301, 31.756163945852382 ], [ -106.498061709750061, 31.756163945852382 ], [ -106.498061709750061, 31.756433440437618 ], [ -106.498331204335301, 31.756433440437618 ] ], [ [ -106.498061709750061, 31.756163945852382 ], [ -106.498061709750061, 31.75562495668191 ], [ -106.497522720579582, 31.75562495668191 ], [ -106.497522720579582, 31.755894451267146 ], [ -106.497792215164822, 31.755894451267146 ], [ -106.497792215164822, 31.756163945852382 ], [ -106.498061709750061, 31.756163945852382 ] ], [ [ -106.497253225994356, 31.755085967511441 ], [ -106.497253225994356, 31.754816472926205 ], [ -106.496983731409117, 31.754816472926205 ], [ -106.496983731409117, 31.754546978340969 ], [ -106.496175247653412, 31.754546978340969 ], [ -106.496175247653412, 31.754816472926205 ], [ -106.496444742238637, 31.754816472926205 ], [ -106.496444742238637, 31.755085967511441 ], [ -106.497253225994356, 31.755085967511441 ] ], [ [ -106.495905753068172, 31.754546978340969 ], [ -106.495905753068172, 31.754277483755732 ], [ -106.495636258482932, 31.754277483755732 ], [ -106.495636258482932, 31.754546978340969 ], [ -106.495905753068172, 31.754546978340969 ] ], [ [ -106.491324345119168, 31.753199505414788 ], [ -106.491324345119168, 31.752930010829552 ], [ -106.491054850533928, 31.752930010829552 ], [ -106.491054850533928, 31.753199505414788 ], [ -106.491324345119168, 31.753199505414788 ] ] ] ] } },
{ "type": "Feature", "properties": { "ZONA_MET": "Ju_rez", "INTENSIDAD": "Intensa", "T_PROM_POL": 3.0, "T_MIN_CIUD": 1.0, "DIF_TERMIC": 2.0 }, "geometry": { "type": "MultiPolygon", "coordinates": [ [ [ [ -106.495905753068172, 31.752391021659083 ], [ -106.495636258482932, 31.752391021659083 ], [ -106.495636258482932, 31.75185203248861 ], [ -106.495366763897707, 31.75185203248861 ], [ -106.495366763897707, 31.752121527073847 ], [ -106.495097269312467, 31.752121527073847 ], [ -106.495097269312467, 31.751582537903374 ], [ -106.494827774727227, 31.751582537903374 ], [ -106.494827774727227, 31.751043548732902 ], [ -106.495097269312467, 31.751043548732902 ], [ -106.495097269312467, 31.751313043318138 ], [ -106.495905753068172, 31.751313043318138 ], [ -106.495905753068172, 31.751582537903374 ], [ -106.496444742238637, 31.751582537903374 ], [ -106.496444742238637, 31.75185203248861 ], [ -106.496983731409117, 31.75185203248861 ], [ -106.496983731409117, 31.752121527073847 ], [ -106.495905753068172, 31.752121527073847 ], [ -106.495905753068172, 31.752391021659083 ] ] ] ] } },
{ "type": "Feature", "properties": { "ZONA_MET": "Ju_rez", "INTENSIDAD": "Intensa", "T_PROM_POL": 3.0, "T_MIN_CIUD": 1.0, "DIF_TERMIC": 2.0 }, "geometry": { "type": "MultiPolygon", "coordinates": [ [ [ [ -106.430957558026336, 31.752930010829552 ], [ -106.429879579685391, 31.752930010829552 ], [ -106.429879579685391, 31.752660516244315 ], [ -106.429610085100151, 31.752660516244315 ], [ -106.429610085100151, 31.752391021659083 ], [ -106.430418568855856, 31.752391021659083 ], [ -106.430418568855856, 31.75185203248861 ], [ -106.430149074270616, 31.75185203248861 ], [ -106.430149074270616, 31.751043548732902 ], [ -106.430688063441096, 31.751043548732902 ], [ -106.430688063441096, 31.750774054147666 ], [ -106.431227052611561, 31.750774054147666 ], [ -106.431227052611561, 31.751043548732902 ], [ -106.431496547196801, 31.751043548732902 ], [ -106.431496547196801, 31.752660516244315 ], [ -106.430957558026336, 31.752660516244315 ], [ -106.430957558026336, 31.752930010829552 ] ] ] ] } },
{ "type": "Feature", "properties": { "ZONA_MET": "Ju_rez", "INTENSIDAD": "Intensa", "T_PROM_POL": 3.0, "T_MIN_CIUD": 1.0, "DIF_TERMIC": 2.0 }, "geometry": { "type": "MultiPolygon", "coordinates": [ [ [ [ -106.440389868509584, 31.754007989170496 ], [ -106.437694922657229, 31.754007989170496 ], [ -106.437694922657229, 31.75373849458526 ], [ -106.438233911827695, 31.75373849458526 ], [ -106.438233911827695, 31.753199505414788 ], [ -106.437964417242469, 31.753199505414788 ], [ -106.437964417242469, 31.753469 ], [ -106.43715593348675, 31.753469 ], [ -106.43715593348675, 31.753199505414788 ], [ -106.43392199846393, 31.753199505414788 ], [ -106.43392199846393, 31.752930010829552 ], [ -106.432305030952506, 31.752930010829552 ], [ -106.432305030952506, 31.752660516244315 ], [ -106.431766041782041, 31.752660516244315 ], [ -106.431766041782041, 31.752391021659083 ], [ -106.433383009293451, 31.752391021659083 ], [ -106.433383009293451, 31.751043548732902 ], [ -106.434460987634395, 31.751043548732902 ], [ -106.434460987634395, 31.752121527073847 ], [ -106.434730482219635, 31.752121527073847 ], [ -106.434730482219635, 31.752660516244315 ], [ -106.434999976804875, 31.752660516244315 ], [ -106.434999976804875, 31.752930010829552 ], [ -106.436616944316285, 31.752930010829552 ], [ -106.436616944316285, 31.751043548732902 ], [ -106.436886438901524, 31.751043548732902 ], [ -106.436886438901524, 31.751313043318138 ], [ -106.43715593348675, 31.751313043318138 ], [ -106.43715593348675, 31.751582537903374 ], [ -106.436886438901524, 31.751582537903374 ], [ -106.436886438901524, 31.752121527073847 ], [ -106.43742542807199, 31.752121527073847 ], [ -106.43742542807199, 31.750774054147666 ], [ -106.438772900998174, 31.750774054147666 ], [ -106.438772900998174, 31.751043548732902 ], [ -106.438503406412934, 31.751043548732902 ], [ -106.438503406412934, 31.752121527073847 ], [ -106.438772900998174, 31.752121527073847 ], [ -106.438772900998174, 31.752660516244315 ], [ -106.4390423955834, 31.752660516244315 ], [ -106.4390423955834, 31.752930010829552 ], [ -106.438503406412934, 31.752930010829552 ], [ -106.438503406412934, 31.75373849458526 ], [ -106.440120373924344, 31.75373849458526 ], [ -106.440120373924344, 31.753469 ], [ -106.440659363094824, 31.753469 ], [ -106.440659363094824, 31.75373849458526 ], [ -106.440389868509584, 31.75373849458526 ], [ -106.440389868509584, 31.754007989170496 ] ] ] ] } },
{ "type": "Feature", "properties": { "ZONA_MET": "Ju_rez", "INTENSIDAD": "Intensa", "T_PROM_POL": 3.0, "T_MIN_CIUD": 1.0, "DIF_TERMIC": 2.0 }, "geometry": { "type": "MultiPolygon", "coordinates": [ [ [ [ -106.419369290861184, 31.751043548732902 ], [ -106.418560807105479, 31.751043548732902 ], [ -106.418560807105479, 31.750774054147666 ], [ -106.417213334179309, 31.750774054147666 ], [ -106.417213334179309, 31.750235064977193 ], [ -106.416404850423589, 31.750235064977193 ], [ -106.416404850423589, 31.749965570391957 ], [ -106.417752323349774, 31.749965570391957 ], [ -106.417752323349774, 31.749696075806721 ], [ -106.418291312520239, 31.749696075806721 ], [ -106.418291312520239, 31.749965570391957 ], [ -106.418830301690718, 31.749965570391957 ], [ -106.418830301690718, 31.75050455956243 ], [ -106.419369290861184, 31.75050455956243 ], [ -106.419369290861184, 31.751043548732902 ] ], [ [ -106.418560807105479, 31.75050455956243 ], [ -106.418560807105479, 31.750235064977193 ], [ -106.418291312520239, 31.750235064977193 ], [ -106.418291312520239, 31.75050455956243 ], [ -106.418560807105479, 31.75050455956243 ] ] ] ] } },
{ "type": "Feature", "properties": { "ZONA_MET": "Ju_rez", "INTENSIDAD": "Intensa", "T_PROM_POL": 3.0, "T_MIN_CIUD": 1.0, "DIF_TERMIC": 2.0 }, "geometry": { "type": "MultiPolygon", "coordinates": [ [ [ [ -106.486473442584924, 31.751043548732902 ], [ -106.485934453414444, 31.751043548732902 ], [ -106.485934453414444, 31.750774054147666 ], [ -106.485664958829204, 31.750774054147666 ], [ -106.485664958829204, 31.750235064977193 ], [ -106.485125969658739, 31.750235064977193 ], [ -106.485125969658739, 31.749965570391957 ], [ -106.48458698048826, 31.749965570391957 ], [ -106.48458698048826, 31.749157086636252 ], [ -106.486742937170149, 31.749157086636252 ], [ -106.486742937170149, 31.749426581221488 ], [ -106.487012431755389, 31.749426581221488 ], [ -106.487012431755389, 31.75050455956243 ], [ -106.486742937170149, 31.75050455956243 ], [ -106.486742937170149, 31.750774054147666 ], [ -106.486473442584924, 31.750774054147666 ], [ -106.486473442584924, 31.751043548732902 ] ], [ [ -106.486473442584924, 31.75050455956243 ], [ -106.486473442584924, 31.750235064977193 ], [ -106.486742937170149, 31.750235064977193 ], [ -106.486742937170149, 31.749696075806721 ], [ -106.486473442584924, 31.749696075806721 ], [ -106.486473442584924, 31.749426581221488 ], [ -106.486203947999684, 31.749426581221488 ], [ -106.486203947999684, 31.75050455956243 ], [ -106.486473442584924, 31.75050455956243 ] ], [ [ -106.485125969658739, 31.749696075806721 ], [ -106.485125969658739, 31.749426581221488 ], [ -106.484856475073499, 31.749426581221488 ], [ -106.484856475073499, 31.749696075806721 ], [ -106.485125969658739, 31.749696075806721 ] ] ] ] } },
{ "type": "Feature", "properties": { "ZONA_MET": "Ju_rez", "INTENSIDAD": "Extrema", "T_PROM_POL": 3.0, "T_MIN_CIUD": 1.0, "DIF_TERMIC": 2.0 }, "geometry": { "type": "MultiPolygon", "coordinates": [ [ [ [ -106.392958821508074, 31.749965570391957 ], [ -106.392689326922834, 31.749965570391957 ], [ -106.392689326922834, 31.749696075806721 ], [ -106.392419832337609, 31.749696075806721 ], [ -106.392419832337609, 31.749426581221488 ], [ -106.392150337752369, 31.749426581221488 ], [ -106.392150337752369, 31.749696075806721 ], [ -106.39161134858189, 31.749696075806721 ], [ -106.39161134858189, 31.749426581221488 ], [ -106.391072359411424, 31.749426581221488 ], [ -106.391072359411424, 31.749157086636252 ], [ -106.390802864826185, 31.749157086636252 ], [ -106.390802864826185, 31.748887592051016 ], [ -106.391072359411424, 31.748887592051016 ], [ -106.391072359411424, 31.74861809746578 ], [ -106.392150337752369, 31.74861809746578 ], [ -106.392150337752369, 31.749157086636252 ], [ -106.392689326922834, 31.749157086636252 ], [ -106.392689326922834, 31.749426581221488 ], [ -106.392958821508074, 31.749426581221488 ], [ -106.392958821508074, 31.749965570391957 ] ] ] ] } },
{ "type": "Feature", "properties": { "ZONA_MET": "Ju_rez", "INTENSIDAD": "Intensa", "T_PROM_POL": 3.0, "T_MIN_CIUD": 1.0, "DIF_TERMIC": 2.0 }, "geometry": { "type": "MultiPolygon", "coordinates": [ [ [ [ -106.425837160906852, 31.752391021659083 ], [ -106.424489687980667, 31.752391021659083 ], [ -106.424489687980667, 31.752121527073847 ], [ -106.422064236713553, 31.752121527073847 ], [ -106.422064236713553, 31.75185203248861 ], [ -106.421525247543073, 31.75185203248861 ], [ -106.421525247543073, 31.751582537903374 ], [ -106.422333731298778, 31.751582537903374 ], [ -106.422333731298778, 31.75185203248861 ], [ -106.422872720469258, 31.75185203248861 ], [ -106.422872720469258, 31.751043548732902 ], [ -106.422333731298778, 31.751043548732902 ], [ -106.422333731298778, 31.750774054147666 ], [ -106.421794742128313, 31.750774054147666 ], [ -106.421794742128313, 31.75050455956243 ], [ -106.422333731298778, 31.75050455956243 ], [ -106.422333731298778, 31.750235064977193 ], [ -106.422603225884018, 31.750235064977193 ], [ -106.422603225884018, 31.749965570391957 ], [ -106.422333731298778, 31.749965570391957 ], [ -106.422333731298778, 31.749426581221488 ], [ -106.421794742128313, 31.749426581221488 ], [ -106.421794742128313, 31.749157086636252 ], [ -106.421525247543073, 31.749157086636252 ], [ -106.421525247543073, 31.748079108295308 ], [ -106.423681204224962, 31.748079108295308 ], [ -106.423681204224962, 31.74861809746578 ], [ -106.423411709639723, 31.74861809746578 ], [ -106.423411709639723, 31.748887592051016 ], [ -106.423142215054497, 31.748887592051016 ], [ -106.423142215054497, 31.74861809746578 ], [ -106.422872720469258, 31.74861809746578 ], [ -106.422872720469258, 31.748887592051016 ], [ -106.422603225884018, 31.748887592051016 ], [ -106.422603225884018, 31.749157086636252 ], [ -106.422872720469258, 31.749157086636252 ], [ -106.422872720469258, 31.749696075806721 ], [ -106.423142215054497, 31.749696075806721 ], [ -106.423142215054497, 31.750235064977193 ], [ -106.423411709639723, 31.750235064977193 ], [ -106.423411709639723, 31.751313043318138 ], [ -106.423142215054497, 31.751313043318138 ], [ -106.423142215054497, 31.75185203248861 ], [ -106.425298171736372, 31.75185203248861 ], [ -106.425298171736372, 31.752121527073847 ], [ -106.425837160906852, 31.752121527073847 ], [ -106.425837160906852, 31.752391021659083 ] ], [ [ -106.422872720469258, 31.750774054147666 ], [ -106.422872720469258, 31.75050455956243 ], [ -106.422603225884018, 31.75050455956243 ], [ -106.422603225884018, 31.750774054147666 ], [ -106.422872720469258, 31.750774054147666 ] ], [ [ -106.422333731298778, 31.749157086636252 ], [ -106.422333731298778, 31.748887592051016 ], [ -106.422064236713553, 31.748887592051016 ], [ -106.422064236713553, 31.749157086636252 ], [ -106.422333731298778, 31.749157086636252 ] ] ] ] } },
{ "type": "Feature", "properties": { "ZONA_MET": "Ju_rez", "INTENSIDAD": "Intensa", "T_PROM_POL": 3.0, "T_MIN_CIUD": 1.0, "DIF_TERMIC": 2.0 }, "geometry": { "type": "MultiPolygon", "coordinates": [ [ [ [ -106.43365250387869, 31.749426581221488 ], [ -106.432574525537746, 31.749426581221488 ], [ -106.432574525537746, 31.747809613710071 ], [ -106.432844020122985, 31.747809613710071 ], [ -106.432844020122985, 31.74861809746578 ], [ -106.433383009293451, 31.74861809746578 ], [ -106.433383009293451, 31.748887592051016 ], [ -106.43365250387869, 31.748887592051016 ], [ -106.43365250387869, 31.749426581221488 ] ] ] ] } },
{ "type": "Feature", "properties": { "ZONA_MET": "Ju_rez", "INTENSIDAD": "Extrema", "T_PROM_POL": 3.0, "T_MIN_CIUD": 1.0, "DIF_TERMIC": 2.0 }, "geometry": { "type": "MultiPolygon", "coordinates": [ [ [ [ -106.391072359411424, 31.74861809746578 ], [ -106.39026387565572, 31.74861809746578 ], [ -106.39026387565572, 31.748348602880544 ], [ -106.38999438107048, 31.748348602880544 ], [ -106.38999438107048, 31.748079108295308 ], [ -106.389455391900015, 31.748079108295308 ], [ -106.389455391900015, 31.747540119124835 ], [ -106.38972488648524, 31.747540119124835 ], [ -106.38972488648524, 31.747270624539599 ], [ -106.39026387565572, 31.747270624539599 ], [ -106.39026387565572, 31.747540119124835 ], [ -106.390533370240945, 31.747540119124835 ], [ -106.390533370240945, 31.748079108295308 ], [ -106.390802864826185, 31.748079108295308 ], [ -106.390802864826185, 31.748348602880544 ], [ -106.391072359411424, 31.748348602880544 ], [ -106.391072359411424, 31.74861809746578 ] ] ] ] } },
{ "type": "Feature", "properties": { "ZONA_MET": "Ju_rez", "INTENSIDAD": "Intensa", "T_PROM_POL": 3.0, "T_MIN_CIUD": 1.0, "DIF_TERMIC": 2.0 }, "geometry": { "type": "MultiPolygon", "coordinates": [ [ [ [ -106.392419832337609, 31.74861809746578 ], [ -106.39161134858189, 31.74861809746578 ], [ -106.39161134858189, 31.748348602880544 ], [ -106.391880843167129, 31.748348602880544 ], [ -106.391880843167129, 31.748079108295308 ], [ -106.391341853996664, 31.748079108295308 ], [ -106.391341853996664, 31.748348602880544 ], [ -106.390802864826185, 31.748348602880544 ], [ -106.390802864826185, 31.748079108295308 ], [ -106.390533370240945, 31.748079108295308 ], [ -106.390533370240945, 31.747540119124835 ], [ -106.390802864826185, 31.747540119124835 ], [ -106.390802864826185, 31.747809613710071 ], [ -106.39161134858189, 31.747809613710071 ], [ -106.39161134858189, 31.747540119124835 ], [ -106.392419832337609, 31.747540119124835 ], [ -106.392419832337609, 31.747809613710071 ], [ -106.392689326922834, 31.747809613710071 ], [ -106.392689326922834, 31.747001129954363 ], [ -106.393228316093314, 31.747001129954363 ], [ -106.393228316093314, 31.747270624539599 ], [ -106.394036799849019, 31.747270624539599 ], [ -106.394036799849019, 31.747540119124835 ], [ -106.392958821508074, 31.747540119124835 ], [ -106.392958821508074, 31.748079108295308 ], [ -106.392419832337609, 31.748079108295308 ], [ -106.392419832337609, 31.74861809746578 ] ] ] ] } },
{ "type": "Feature", "properties": { "ZONA_MET": "Ju_rez", "INTENSIDAD": "Intensa", "T_PROM_POL": 3.0, "T_MIN_CIUD": 1.0, "DIF_TERMIC": 2.0 }, "geometry": { "type": "MultiPolygon", "coordinates": [ [ [ [ -106.47919708878355, 31.748079108295308 ], [ -106.478927594198311, 31.748079108295308 ], [ -106.478927594198311, 31.747809613710071 ], [ -106.478658099613071, 31.747809613710071 ], [ -106.478658099613071, 31.747540119124835 ], [ -106.479736077954016, 31.747540119124835 ], [ -106.479736077954016, 31.747270624539599 ], [ -106.480275067124495, 31.747270624539599 ], [ -106.480275067124495, 31.747540119124835 ], [ -106.4810835508802, 31.747540119124835 ], [ -106.4810835508802, 31.747270624539599 ], [ -106.482161529221145, 31.747270624539599 ], [ -106.482161529221145, 31.746731635369127 ], [ -106.48270051839161, 31.746731635369127 ], [ -106.48270051839161, 31.747001129954363 ], [ -106.482431023806384, 31.747001129954363 ], [ -106.482431023806384, 31.747540119124835 ], [ -106.482161529221145, 31.747540119124835 ], [ -106.482161529221145, 31.747809613710071 ], [ -106.47919708878355, 31.747809613710071 ], [ -106.47919708878355, 31.748079108295308 ] ] ] ] } },
{ "type": "Feature", "properties": { "ZONA_MET": "Ju_rez", "INTENSIDAD": "Intensa", "T_PROM_POL": 3.0, "T_MIN_CIUD": 1.0, "DIF_TERMIC": 2.0 }, "geometry": { "type": "MultiPolygon", "coordinates": [ [ [ [ -106.481892034635905, 31.746731635369127 ], [ -106.48135304546544, 31.746731635369127 ], [ -106.48135304546544, 31.746462140783891 ], [ -106.4810835508802, 31.746462140783891 ], [ -106.4810835508802, 31.746192646198658 ], [ -106.480544561709735, 31.746192646198658 ], [ -106.480544561709735, 31.746462140783891 ], [ -106.480275067124495, 31.746462140783891 ], [ -106.480275067124495, 31.746731635369127 ], [ -106.479736077954016, 31.746731635369127 ], [ -106.479736077954016, 31.745923151613422 ], [ -106.48135304546544, 31.745923151613422 ], [ -106.48135304546544, 31.746192646198658 ], [ -106.481892034635905, 31.746192646198658 ], [ -106.481892034635905, 31.746731635369127 ] ] ] ] } },
{ "type": "Feature", "properties": { "ZONA_MET": "Ju_rez", "INTENSIDAD": "Intensa", "T_PROM_POL": 3.0, "T_MIN_CIUD": 1.0, "DIF_TERMIC": 2.0 }, "geometry": { "type": "MultiPolygon", "coordinates": [ [ [ [ -106.425298171736372, 31.746731635369127 ], [ -106.424489687980667, 31.746731635369127 ], [ -106.424489687980667, 31.746462140783891 ], [ -106.424759182565907, 31.746462140783891 ], [ -106.424759182565907, 31.746192646198658 ], [ -106.423950698810202, 31.746192646198658 ], [ -106.423950698810202, 31.746731635369127 ], [ -106.423142215054497, 31.746731635369127 ], [ -106.423142215054497, 31.745653657028186 ], [ -106.423950698810202, 31.745653657028186 ], [ -106.423950698810202, 31.745384162442949 ], [ -106.424489687980667, 31.745384162442949 ], [ -106.424489687980667, 31.745653657028186 ], [ -106.424220193395428, 31.745653657028186 ], [ -106.424220193395428, 31.745923151613422 ], [ -106.425028677151147, 31.745923151613422 ], [ -106.425028677151147, 31.746192646198658 ], [ -106.425298171736372, 31.746192646198658 ], [ -106.425298171736372, 31.746731635369127 ] ] ] ] } },
{ "type": "Feature", "properties": { "ZONA_MET": "Ju_rez", "INTENSIDAD": "Intensa", "T_PROM_POL": 3.0, "T_MIN_CIUD": 1.0, "DIF_TERMIC": 2.0 }, "geometry": { "type": "MultiPolygon", "coordinates": [ [ [ [ -106.428801601344446, 31.749426581221488 ], [ -106.428262612173967, 31.749426581221488 ], [ -106.428262612173967, 31.749157086636252 ], [ -106.427993117588741, 31.749157086636252 ], [ -106.427993117588741, 31.749426581221488 ], [ -106.426915139247797, 31.749426581221488 ], [ -106.426915139247797, 31.749157086636252 ], [ -106.426645644662557, 31.749157086636252 ], [ -106.426645644662557, 31.748887592051016 ], [ -106.426376150077317, 31.748887592051016 ], [ -106.426376150077317, 31.74861809746578 ], [ -106.426106655492092, 31.74861809746578 ], [ -106.426106655492092, 31.747540119124835 ], [ -106.426645644662557, 31.747540119124835 ], [ -106.426645644662557, 31.747001129954363 ], [ -106.426376150077317, 31.747001129954363 ], [ -106.426376150077317, 31.745923151613422 ], [ -106.426645644662557, 31.745923151613422 ], [ -106.426645644662557, 31.745384162442949 ], [ -106.427184633833022, 31.745384162442949 ], [ -106.427184633833022, 31.745114667857713 ], [ -106.427454128418262, 31.745114667857713 ], [ -106.427454128418262, 31.745653657028186 ], [ -106.427184633833022, 31.745653657028186 ], [ -106.427184633833022, 31.745923151613422 ], [ -106.426915139247797, 31.745923151613422 ], [ -106.426915139247797, 31.746731635369127 ], [ -106.427184633833022, 31.746731635369127 ], [ -106.427184633833022, 31.747270624539599 ], [ -106.427454128418262, 31.747270624539599 ], [ -106.427454128418262, 31.747001129954363 ], [ -106.427723623003502, 31.747001129954363 ], [ -106.427723623003502, 31.747270624539599 ], [ -106.428262612173967, 31.747270624539599 ], [ -106.428262612173967, 31.748079108295308 ], [ -106.427454128418262, 31.748079108295308 ], [ -106.427454128418262, 31.748887592051016 ], [ -106.428801601344446, 31.748887592051016 ], [ -106.428801601344446, 31.749426581221488 ] ], [ [ -106.427454128418262, 31.748079108295308 ], [ -106.427454128418262, 31.747540119124835 ], [ -106.427184633833022, 31.747540119124835 ], [ -106.427184633833022, 31.748079108295308 ], [ -106.427454128418262, 31.748079108295308 ] ] ] ] } },
{ "type": "Feature", "properties": { "ZONA_MET": "Ju_rez", "INTENSIDAD": "Intensa", "T_PROM_POL": 3.0, "T_MIN_CIUD": 1.0, "DIF_TERMIC": 2.0 }, "geometry": { "type": "MultiPolygon", "coordinates": [ [ [ [ -106.38810791897383, 31.747540119124835 ], [ -106.38783842438859, 31.747540119124835 ], [ -106.38783842438859, 31.747001129954363 ], [ -106.387299435218125, 31.747001129954363 ], [ -106.387299435218125, 31.747270624539599 ], [ -106.387029940632885, 31.747270624539599 ], [ -106.387029940632885, 31.747001129954363 ], [ -106.38649095146242, 31.747001129954363 ], [ -106.38649095146242, 31.746731635369127 ], [ -106.38622145687718, 31.746731635369127 ], [ -106.38622145687718, 31.746462140783891 ], [ -106.386760446047646, 31.746462140783891 ], [ -106.386760446047646, 31.746192646198658 ], [ -106.387029940632885, 31.746192646198658 ], [ -106.387029940632885, 31.745384162442949 ], [ -106.387568929803351, 31.745384162442949 ], [ -106.387568929803351, 31.745114667857713 ], [ -106.38837741355907, 31.745114667857713 ], [ -106.38837741355907, 31.745384162442949 ], [ -106.38783842438859, 31.745384162442949 ], [ -106.38783842438859, 31.746462140783891 ], [ -106.388646908144295, 31.746462140783891 ], [ -106.388646908144295, 31.746192646198658 ], [ -106.389185897314775, 31.746192646198658 ], [ -106.389185897314775, 31.745653657028186 ], [ -106.389455391900015, 31.745653657028186 ], [ -106.389455391900015, 31.745114667857713 ], [ -106.391072359411424, 31.745114667857713 ], [ -106.391072359411424, 31.745653657028186 ], [ -106.390802864826185, 31.745653657028186 ], [ -106.390802864826185, 31.745923151613422 ], [ -106.39026387565572, 31.745923151613422 ], [ -106.39026387565572, 31.746731635369127 ], [ -106.38972488648524, 31.746731635369127 ], [ -106.38972488648524, 31.746192646198658 ], [ -106.389455391900015, 31.746192646198658 ], [ -106.389455391900015, 31.746731635369127 ], [ -106.38837741355907, 31.746731635369127 ], [ -106.38837741355907, 31.747270624539599 ], [ -106.38810791897383, 31.747270624539599 ], [ -106.38810791897383, 31.747540119124835 ] ] ] ] } },
{ "type": "Feature", "properties": { "ZONA_MET": "Ju_rez", "INTENSIDAD": "Intensa", "T_PROM_POL": 3.0, "T_MIN_CIUD": 1.0, "DIF_TERMIC": 2.0 }, "geometry": { "type": "MultiPolygon", "coordinates": [ [ [ [ -106.422872720469258, 31.745384162442949 ], [ -106.421525247543073, 31.745384162442949 ], [ -106.421525247543073, 31.744845173272477 ], [ -106.421794742128313, 31.744845173272477 ], [ -106.421794742128313, 31.744575678687241 ], [ -106.422333731298778, 31.744575678687241 ], [ -106.422333731298778, 31.744306184102005 ], [ -106.422872720469258, 31.744306184102005 ], [ -106.422872720469258, 31.744575678687241 ], [ -106.423142215054497, 31.744575678687241 ], [ -106.423142215054497, 31.744845173272477 ], [ -106.422872720469258, 31.744845173272477 ], [ -106.422872720469258, 31.745384162442949 ] ] ] ] } },
{ "type": "Feature", "properties": { "ZONA_MET": "Ju_rez", "INTENSIDAD": "Intensa", "T_PROM_POL": 3.0, "T_MIN_CIUD": 1.0, "DIF_TERMIC": 2.0 }, "geometry": { "type": "MultiPolygon", "coordinates": [ [ [ [ -106.425837160906852, 31.745384162442949 ], [ -106.425028677151147, 31.745384162442949 ], [ -106.425028677151147, 31.745114667857713 ], [ -106.425298171736372, 31.745114667857713 ], [ -106.425298171736372, 31.744845173272477 ], [ -106.424759182565907, 31.744845173272477 ], [ -106.424759182565907, 31.744036689516768 ], [ -106.425298171736372, 31.744036689516768 ], [ -106.425298171736372, 31.743767194931532 ], [ -106.425567666321612, 31.743767194931532 ], [ -106.425567666321612, 31.743497700346296 ], [ -106.425837160906852, 31.743497700346296 ], [ -106.425837160906852, 31.743767194931532 ], [ -106.426106655492092, 31.743767194931532 ], [ -106.426106655492092, 31.744036689516768 ], [ -106.425837160906852, 31.744036689516768 ], [ -106.425837160906852, 31.744306184102005 ], [ -106.425567666321612, 31.744306184102005 ], [ -106.425567666321612, 31.744575678687241 ], [ -106.425837160906852, 31.744575678687241 ], [ -106.425837160906852, 31.745384162442949 ] ] ] ] } },
{ "type": "Feature", "properties": { "ZONA_MET": "Ju_rez", "INTENSIDAD": "Intensa", "T_PROM_POL": 3.0, "T_MIN_CIUD": 1.0, "DIF_TERMIC": 2.0 }, "geometry": { "type": "MultiPolygon", "coordinates": [ [ [ [ -106.416135355838364, 31.749965570391957 ], [ -106.415596366667884, 31.749965570391957 ], [ -106.415596366667884, 31.749426581221488 ], [ -106.414787882912179, 31.749426581221488 ], [ -106.414787882912179, 31.749157086636252 ], [ -106.4142488937417, 31.749157086636252 ], [ -106.4142488937417, 31.748887592051016 ], [ -106.413709904571235, 31.748887592051016 ], [ -106.413709904571235, 31.74861809746578 ], [ -106.41290142081553, 31.74861809746578 ], [ -106.41290142081553, 31.748348602880544 ], [ -106.41263192623029, 31.748348602880544 ], [ -106.41263192623029, 31.748079108295308 ], [ -106.412092937059825, 31.748079108295308 ], [ -106.412092937059825, 31.747809613710071 ], [ -106.411823442474585, 31.747809613710071 ], [ -106.411823442474585, 31.747540119124835 ], [ -106.411284453304106, 31.747540119124835 ], [ -106.411284453304106, 31.747270624539599 ], [ -106.41074546413364, 31.747270624539599 ], [ -106.41074546413364, 31.747001129954363 ], [ -106.410206474963175, 31.747001129954363 ], [ -106.410206474963175, 31.746731635369127 ], [ -106.409936980377935, 31.746731635369127 ], [ -106.409936980377935, 31.746462140783891 ], [ -106.40912849662223, 31.746462140783891 ], [ -106.40912849662223, 31.746192646198658 ], [ -106.408859002036991, 31.746192646198658 ], [ -106.408859002036991, 31.745923151613422 ], [ -106.408050518281286, 31.745923151613422 ], [ -106.408050518281286, 31.745653657028186 ], [ -106.407781023696046, 31.745653657028186 ], [ -106.407781023696046, 31.745384162442949 ], [ -106.407242034525581, 31.745384162442949 ], [ -106.407242034525581, 31.745114667857713 ], [ -106.406703045355101, 31.745114667857713 ], [ -106.406703045355101, 31.744845173272477 ], [ -106.406433550769862, 31.744845173272477 ], [ -106.406433550769862, 31.744575678687241 ], [ -106.405625067014157, 31.744575678687241 ], [ -106.405625067014157, 31.744306184102005 ], [ -106.405355572428917, 31.744306184102005 ], [ -106.405355572428917, 31.744036689516768 ], [ -106.404816583258452, 31.744036689516768 ], [ -106.404816583258452, 31.743767194931532 ], [ -106.404277594087986, 31.743767194931532 ], [ -106.404277594087986, 31.743497700346296 ], [ -106.404008099502747, 31.743497700346296 ], [ -106.404008099502747, 31.743228205761064 ], [ -106.404816583258452, 31.743228205761064 ], [ -106.404816583258452, 31.743497700346296 ], [ -106.405355572428917, 31.743497700346296 ], [ -106.405355572428917, 31.743767194931532 ], [ -106.405625067014157, 31.743767194931532 ], [ -106.405625067014157, 31.743497700346296 ], [ -106.405894561599396, 31.743497700346296 ], [ -106.405894561599396, 31.744036689516768 ], [ -106.406164056184636, 31.744036689516768 ], [ -106.406164056184636, 31.744306184102005 ], [ -106.406703045355101, 31.744306184102005 ], [ -106.406703045355101, 31.744575678687241 ], [ -106.407242034525581, 31.744575678687241 ], [ -106.407242034525581, 31.744845173272477 ], [ -106.407781023696046, 31.744845173272477 ], [ -106.407781023696046, 31.745114667857713 ], [ -106.408320012866511, 31.745114667857713 ], [ -106.408320012866511, 31.745384162442949 ], [ -106.408859002036991, 31.745384162442949 ], [ -106.408859002036991, 31.745653657028186 ], [ -106.40912849662223, 31.745653657028186 ], [ -106.40912849662223, 31.745923151613422 ], [ -106.409667485792696, 31.745923151613422 ], [ -106.409667485792696, 31.746192646198658 ], [ -106.410206474963175, 31.746192646198658 ], [ -106.410206474963175, 31.746462140783891 ], [ -106.41074546413364, 31.746462140783891 ], [ -106.41074546413364, 31.746731635369127 ], [ -106.411284453304106, 31.746731635369127 ], [ -106.411284453304106, 31.747001129954363 ], [ -106.411823442474585, 31.747001129954363 ], [ -106.411823442474585, 31.747270624539599 ], [ -106.412092937059825, 31.747270624539599 ], [ -106.412092937059825, 31.747540119124835 ], [ -106.41236243164505, 31.747540119124835 ], [ -106.41236243164505, 31.747809613710071 ], [ -106.413440409985995, 31.747809613710071 ], [ -106.413440409985995, 31.748079108295308 ], [ -106.413979399156474, 31.748079108295308 ], [ -106.413979399156474, 31.747540119124835 ], [ -106.4142488937417, 31.747540119124835 ], [ -106.4142488937417, 31.747809613710071 ], [ -106.41451838832694, 31.747809613710071 ], [ -106.41451838832694, 31.747540119124835 ], [ -106.415326872082645, 31.747540119124835 ], [ -106.415326872082645, 31.747809613710071 ], [ -106.415057377497419, 31.747809613710071 ], [ -106.415057377497419, 31.748079108295308 ], [ -106.416404850423589, 31.748079108295308 ], [ -106.416404850423589, 31.747809613710071 ], [ -106.416674345008829, 31.747809613710071 ], [ -106.416674345008829, 31.747270624539599 ], [ -106.417213334179309, 31.747270624539599 ], [ -106.417213334179309, 31.747809613710071 ], [ -106.417482828764534, 31.747809613710071 ], [ -106.417482828764534, 31.748079108295308 ], [ -106.417213334179309, 31.748079108295308 ], [ -106.417213334179309, 31.748348602880544 ], [ -106.416404850423589, 31.748348602880544 ], [ -106.416404850423589, 31.74861809746578 ], [ -106.415865861253124, 31.74861809746578 ], [ -106.415865861253124, 31.749696075806721 ], [ -106.416135355838364, 31.749696075806721 ], [ -106.416135355838364, 31.749965570391957 ] ], [ [ -106.414787882912179, 31.74861809746578 ], [ -106.414787882912179, 31.748348602880544 ], [ -106.41451838832694, 31.748348602880544 ], [ -106.41451838832694, 31.748079108295308 ], [ -106.413979399156474, 31.748079108295308 ], [ -106.413979399156474, 31.74861809746578 ], [ -106.414787882912179, 31.74861809746578 ] ] ] ] } },
{ "type": "Feature", "properties": { "ZONA_MET": "Ju_rez", "INTENSIDAD": "Extrema", "T_PROM_POL": 3.0, "T_MIN_CIUD": 1.0, "DIF_TERMIC": 2.0 }, "geometry": { "type": "MultiPolygon", "coordinates": [ [ [ [ -106.386760446047646, 31.745923151613422 ], [ -106.385951962291941, 31.745923151613422 ], [ -106.385951962291941, 31.745114667857713 ], [ -106.38622145687718, 31.745114667857713 ], [ -106.38622145687718, 31.744845173272477 ], [ -106.38649095146242, 31.744845173272477 ], [ -106.38649095146242, 31.744575678687241 ], [ -106.386760446047646, 31.744575678687241 ], [ -106.386760446047646, 31.743767194931532 ], [ -106.38649095146242, 31.743767194931532 ], [ -106.38649095146242, 31.743228205761064 ], [ -106.387029940632885, 31.743228205761064 ], [ -106.387029940632885, 31.744845173272477 ], [ -106.386760446047646, 31.744845173272477 ], [ -106.386760446047646, 31.745923151613422 ] ] ] ] } },
{ "type": "Feature", "properties": { "ZONA_MET": "Ju_rez", "INTENSIDAD": "Intensa", "T_PROM_POL": 3.0, "T_MIN_CIUD": 1.0, "DIF_TERMIC": 2.0 }, "geometry": { "type": "MultiPolygon", "coordinates": [ [ [ [ -106.454134092356611, 31.744036689516768 ], [ -106.453056114015666, 31.744036689516768 ], [ -106.453056114015666, 31.743767194931532 ], [ -106.452786619430441, 31.743767194931532 ], [ -106.452786619430441, 31.742419722005355 ], [ -106.453325608600906, 31.742419722005355 ], [ -106.453325608600906, 31.742689216590591 ], [ -106.453056114015666, 31.742689216590591 ], [ -106.453056114015666, 31.743497700346296 ], [ -106.453595103186146, 31.743497700346296 ], [ -106.453595103186146, 31.743228205761064 ], [ -106.453325608600906, 31.743228205761064 ], [ -106.453325608600906, 31.742958711175827 ], [ -106.454134092356611, 31.742958711175827 ], [ -106.454134092356611, 31.744036689516768 ] ] ] ] } },
{ "type": "Feature", "properties": { "ZONA_MET": "Ju_rez", "INTENSIDAD": "Extrema", "T_PROM_POL": 3.0, "T_MIN_CIUD": 1.0, "DIF_TERMIC": 2.0 }, "geometry": { "type": "MultiPolygon", "coordinates": [ [ [ [ -106.427454128418262, 31.744036689516768 ], [ -106.426915139247797, 31.744036689516768 ], [ -106.426915139247797, 31.743767194931532 ], [ -106.426645644662557, 31.743767194931532 ], [ -106.426645644662557, 31.744036689516768 ], [ -106.426106655492092, 31.744036689516768 ], [ -106.426106655492092, 31.742958711175827 ], [ -106.425837160906852, 31.742958711175827 ], [ -106.425837160906852, 31.742689216590591 ], [ -106.426106655492092, 31.742689216590591 ], [ -106.426106655492092, 31.742419722005355 ], [ -106.426645644662557, 31.742419722005355 ], [ -106.426645644662557, 31.742150227420119 ], [ -106.426915139247797, 31.742150227420119 ], [ -106.426915139247797, 31.741880732834883 ], [ -106.427184633833022, 31.741880732834883 ], [ -106.427184633833022, 31.741611238249646 ], [ -106.427454128418262, 31.741611238249646 ], [ -106.427454128418262, 31.741880732834883 ], [ -106.427723623003502, 31.741880732834883 ], [ -106.427723623003502, 31.742150227420119 ], [ -106.427993117588741, 31.742150227420119 ], [ -106.427993117588741, 31.743228205761064 ], [ -106.428532106759206, 31.743228205761064 ], [ -106.428532106759206, 31.743497700346296 ], [ -106.428262612173967, 31.743497700346296 ], [ -106.428262612173967, 31.743767194931532 ], [ -106.427454128418262, 31.743767194931532 ], [ -106.427454128418262, 31.744036689516768 ] ], [ [ -106.427454128418262, 31.743497700346296 ], [ -106.427454128418262, 31.743228205761064 ], [ -106.426915139247797, 31.743228205761064 ], [ -106.426915139247797, 31.743497700346296 ], [ -106.427454128418262, 31.743497700346296 ] ] ] ] } },
{ "type": "Feature", "properties": { "ZONA_MET": "Ju_rez", "INTENSIDAD": "Intensa", "T_PROM_POL": 3.0, "T_MIN_CIUD": 1.0, "DIF_TERMIC": 2.0 }, "geometry": { "type": "MultiPolygon", "coordinates": [ [ [ [ -106.426106655492092, 31.742689216590591 ], [ -106.425567666321612, 31.742689216590591 ], [ -106.425567666321612, 31.742419722005355 ], [ -106.425837160906852, 31.742419722005355 ], [ -106.425837160906852, 31.742150227420119 ], [ -106.425567666321612, 31.742150227420119 ], [ -106.425567666321612, 31.741072249079174 ], [ -106.425837160906852, 31.741072249079174 ], [ -106.425837160906852, 31.740802754493938 ], [ -106.426106655492092, 31.740802754493938 ], [ -106.426106655492092, 31.74134174366441 ], [ -106.426645644662557, 31.74134174366441 ], [ -106.426645644662557, 31.741880732834883 ], [ -106.426915139247797, 31.741880732834883 ], [ -106.426915139247797, 31.742150227420119 ], [ -106.426645644662557, 31.742150227420119 ], [ -106.426645644662557, 31.742419722005355 ], [ -106.426106655492092, 31.742419722005355 ], [ -106.426106655492092, 31.742689216590591 ] ] ] ] } },
{ "type": "Feature", "properties": { "ZONA_MET": "Ju_rez", "INTENSIDAD": "Intensa", "T_PROM_POL": 3.0, "T_MIN_CIUD": 1.0, "DIF_TERMIC": 2.0 }, "geometry": { "type": "MultiPolygon", "coordinates": [ [ [ [ -106.401582648235618, 31.741880732834883 ], [ -106.400774164479913, 31.741880732834883 ], [ -106.400774164479913, 31.741611238249646 ], [ -106.400235175309447, 31.741611238249646 ], [ -106.400235175309447, 31.74134174366441 ], [ -106.399965680724208, 31.74134174366441 ], [ -106.399965680724208, 31.741072249079174 ], [ -106.399157196968503, 31.741072249079174 ], [ -106.399157196968503, 31.740533259908702 ], [ -106.399696186138968, 31.740533259908702 ], [ -106.399696186138968, 31.740802754493938 ], [ -106.400235175309447, 31.740802754493938 ], [ -106.400235175309447, 31.741072249079174 ], [ -106.400774164479913, 31.741072249079174 ], [ -106.400774164479913, 31.74134174366441 ], [ -106.401313153650392, 31.74134174366441 ], [ -106.401313153650392, 31.741611238249646 ], [ -106.401582648235618, 31.741611238249646 ], [ -106.401582648235618, 31.741880732834883 ] ] ] ] } },
{ "type": "Feature", "properties": { "ZONA_MET": "Ju_rez", "INTENSIDAD": "Intensa", "T_PROM_POL": 3.0, "T_MIN_CIUD": 1.0, "DIF_TERMIC": 2.0 }, "geometry": { "type": "MultiPolygon", "coordinates": [ [ [ [ -106.396731745701373, 31.752391021659083 ], [ -106.396462251116134, 31.752391021659083 ], [ -106.396462251116134, 31.752121527073847 ], [ -106.395923261945669, 31.752121527073847 ], [ -106.395923261945669, 31.75185203248861 ], [ -106.395653767360429, 31.75185203248861 ], [ -106.395653767360429, 31.751582537903374 ], [ -106.395114778189964, 31.751582537903374 ], [ -106.395114778189964, 31.751313043318138 ], [ -106.394575789019484, 31.751313043318138 ], [ -106.394575789019484, 31.751043548732902 ], [ -106.395384272775203, 31.751043548732902 ], [ -106.395384272775203, 31.750774054147666 ], [ -106.395114778189964, 31.750774054147666 ], [ -106.395114778189964, 31.75050455956243 ], [ -106.394575789019484, 31.75050455956243 ], [ -106.394575789019484, 31.750235064977193 ], [ -106.394306294434259, 31.750235064977193 ], [ -106.394306294434259, 31.749696075806721 ], [ -106.394036799849019, 31.749696075806721 ], [ -106.394036799849019, 31.749426581221488 ], [ -106.394306294434259, 31.749426581221488 ], [ -106.394306294434259, 31.749157086636252 ], [ -106.394036799849019, 31.749157086636252 ], [ -106.394036799849019, 31.74861809746578 ], [ -106.394306294434259, 31.74861809746578 ], [ -106.394306294434259, 31.748887592051016 ], [ -106.394845283604724, 31.748887592051016 ], [ -106.394845283604724, 31.74861809746578 ], [ -106.394575789019484, 31.74861809746578 ], [ -106.394575789019484, 31.748079108295308 ], [ -106.394845283604724, 31.748079108295308 ], [ -106.394845283604724, 31.747809613710071 ], [ -106.394575789019484, 31.747809613710071 ], [ -106.394575789019484, 31.747270624539599 ], [ -106.394036799849019, 31.747270624539599 ], [ -106.394036799849019, 31.747001129954363 ], [ -106.393228316093314, 31.747001129954363 ], [ -106.393228316093314, 31.746731635369127 ], [ -106.392689326922834, 31.746731635369127 ], [ -106.392689326922834, 31.747001129954363 ], [ -106.392419832337609, 31.747001129954363 ], [ -106.392419832337609, 31.746192646198658 ], [ -106.392689326922834, 31.746192646198658 ], [ -106.392689326922834, 31.745923151613422 ], [ -106.392958821508074, 31.745923151613422 ], [ -106.392958821508074, 31.746192646198658 ], [ -106.393228316093314, 31.746192646198658 ], [ -106.393228316093314, 31.745923151613422 ], [ -106.393767305263779, 31.745923151613422 ], [ -106.393767305263779, 31.745653657028186 ], [ -106.394306294434259, 31.745653657028186 ], [ -106.394306294434259, 31.745923151613422 ], [ -106.394036799849019, 31.745923151613422 ], [ -106.394036799849019, 31.746462140783891 ], [ -106.395114778189964, 31.746462140783891 ], [ -106.395114778189964, 31.746192646198658 ], [ -106.395653767360429, 31.746192646198658 ], [ -106.395653767360429, 31.745923151613422 ], [ -106.396462251116134, 31.745923151613422 ], [ -106.396462251116134, 31.746192646198658 ], [ -106.396731745701373, 31.746192646198658 ], [ -106.396731745701373, 31.745114667857713 ], [ -106.397001240286613, 31.745114667857713 ], [ -106.397001240286613, 31.745384162442949 ], [ -106.398079218627558, 31.745384162442949 ], [ -106.398079218627558, 31.745114667857713 ], [ -106.397809724042318, 31.745114667857713 ], [ -106.397809724042318, 31.744845173272477 ], [ -106.398079218627558, 31.744845173272477 ], [ -106.398079218627558, 31.744575678687241 ], [ -106.398348713212798, 31.744575678687241 ], [ -106.398348713212798, 31.744036689516768 ], [ -106.398079218627558, 31.744036689516768 ], [ -106.398079218627558, 31.744306184102005 ], [ -106.397809724042318, 31.744306184102005 ], [ -106.397809724042318, 31.742958711175827 ], [ -106.397540229457078, 31.742958711175827 ], [ -106.397540229457078, 31.742689216590591 ], [ -106.396462251116134, 31.742689216590591 ], [ -106.396462251116134, 31.743228205761064 ], [ -106.395923261945669, 31.743228205761064 ], [ -106.395923261945669, 31.743767194931532 ], [ -106.395653767360429, 31.743767194931532 ], [ -106.395653767360429, 31.744036689516768 ], [ -106.395384272775203, 31.744036689516768 ], [ -106.395384272775203, 31.744306184102005 ], [ -106.395114778189964, 31.744306184102005 ], [ -106.395114778189964, 31.744845173272477 ], [ -106.394845283604724, 31.744845173272477 ], [ -106.394845283604724, 31.745114667857713 ], [ -106.394575789019484, 31.745114667857713 ], [ -106.394575789019484, 31.744575678687241 ], [ -106.394845283604724, 31.744575678687241 ], [ -106.394845283604724, 31.744306184102005 ], [ -106.394575789019484, 31.744306184102005 ], [ -106.394575789019484, 31.744036689516768 ], [ -106.393767305263779, 31.744036689516768 ], [ -106.393767305263779, 31.744306184102005 ], [ -106.393228316093314, 31.744306184102005 ], [ -106.393228316093314, 31.743767194931532 ], [ -106.392958821508074, 31.743767194931532 ], [ -106.392958821508074, 31.743497700346296 ], [ -106.392689326922834, 31.743497700346296 ], [ -106.392689326922834, 31.743228205761064 ], [ -106.392150337752369, 31.743228205761064 ], [ -106.392150337752369, 31.742689216590591 ], [ -106.393228316093314, 31.742689216590591 ], [ -106.393228316093314, 31.741880732834883 ], [ -106.392958821508074, 31.741880732834883 ], [ -106.392958821508074, 31.742150227420119 ], [ -106.392689326922834, 31.742150227420119 ], [ -106.392689326922834, 31.742419722005355 ], [ -106.392419832337609, 31.742419722005355 ], [ -106.392419832337609, 31.742150227420119 ], [ -106.391880843167129, 31.742150227420119 ], [ -106.391880843167129, 31.741611238249646 ], [ -106.39161134858189, 31.741611238249646 ], [ -106.39161134858189, 31.741072249079174 ], [ -106.392150337752369, 31.741072249079174 ], [ -106.392150337752369, 31.74134174366441 ], [ -106.392419832337609, 31.74134174366441 ], [ -106.392419832337609, 31.741072249079174 ], [ -106.392689326922834, 31.741072249079174 ], [ -106.392689326922834, 31.74134174366441 ], [ -106.392958821508074, 31.74134174366441 ], [ -106.392958821508074, 31.741072249079174 ], [ -106.393228316093314, 31.741072249079174 ], [ -106.393228316093314, 31.740802754493938 ], [ -106.392958821508074, 31.740802754493938 ], [ -106.392958821508074, 31.740533259908702 ], [ -106.393228316093314, 31.740533259908702 ], [ -106.393228316093314, 31.740263765323469 ], [ -106.393497810678539, 31.740263765323469 ], [ -106.393497810678539, 31.740533259908702 ], [ -106.393767305263779, 31.740533259908702 ], [ -106.393767305263779, 31.740802754493938 ], [ -106.394575789019484, 31.740802754493938 ], [ -106.394575789019484, 31.741880732834883 ], [ -106.394306294434259, 31.741880732834883 ], [ -106.394306294434259, 31.742150227420119 ], [ -106.394845283604724, 31.742150227420119 ], [ -106.394845283604724, 31.741880732834883 ], [ -106.396462251116134, 31.741880732834883 ], [ -106.396462251116134, 31.742419722005355 ], [ -106.396731745701373, 31.742419722005355 ], [ -106.396731745701373, 31.742150227420119 ], [ -106.397540229457078, 31.742150227420119 ], [ -106.397540229457078, 31.742419722005355 ], [ -106.398618207798023, 31.742419722005355 ], [ -106.398618207798023, 31.743497700346296 ], [ -106.398887702383263, 31.743497700346296 ], [ -106.398887702383263, 31.743767194931532 ], [ -106.399426691553728, 31.743767194931532 ], [ -106.399426691553728, 31.744036689516768 ], [ -106.399696186138968, 31.744036689516768 ], [ -106.399696186138968, 31.744306184102005 ], [ -106.400504669894673, 31.744306184102005 ], [ -106.400504669894673, 31.744575678687241 ], [ -106.401043659065152, 31.744575678687241 ], [ -106.401043659065152, 31.744845173272477 ], [ -106.401582648235618, 31.744845173272477 ], [ -106.401582648235618, 31.745114667857713 ], [ -106.401313153650392, 31.745114667857713 ], [ -106.401313153650392, 31.745384162442949 ], [ -106.401852142820857, 31.745384162442949 ], [ -106.401852142820857, 31.745653657028186 ], [ -106.402121637406097, 31.745653657028186 ], [ -106.402121637406097, 31.745114667857713 ], [ -106.403199615747042, 31.745114667857713 ], [ -106.403199615747042, 31.745653657028186 ], [ -106.402930121161802, 31.745653657028186 ], [ -106.402930121161802, 31.745384162442949 ], [ -106.402391131991322, 31.745384162442949 ], [ -106.402391131991322, 31.746192646198658 ], [ -106.402121637406097, 31.746192646198658 ], [ -106.402121637406097, 31.746731635369127 ], [ -106.401313153650392, 31.746731635369127 ], [ -106.401313153650392, 31.747001129954363 ], [ -106.401043659065152, 31.747001129954363 ], [ -106.401043659065152, 31.747540119124835 ], [ -106.400774164479913, 31.747540119124835 ], [ -106.400774164479913, 31.748079108295308 ], [ -106.400504669894673, 31.748079108295308 ], [ -106.400504669894673, 31.74861809746578 ], [ -106.400235175309447, 31.74861809746578 ], [ -106.400235175309447, 31.748887592051016 ], [ -106.399965680724208, 31.748887592051016 ], [ -106.399965680724208, 31.749426581221488 ], [ -106.399696186138968, 31.749426581221488 ], [ -106.399696186138968, 31.749157086636252 ], [ -106.399426691553728, 31.749157086636252 ], [ -106.399426691553728, 31.749965570391957 ], [ -106.399157196968503, 31.749965570391957 ], [ -106.399157196968503, 31.750235064977193 ], [ -106.398887702383263, 31.750235064977193 ], [ -106.398887702383263, 31.750774054147666 ], [ -106.398618207798023, 31.750774054147666 ], [ -106.398618207798023, 31.751043548732902 ], [ -106.398348713212798, 31.751043548732902 ], [ -106.398348713212798, 31.750774054147666 ], [ -106.398079218627558, 31.750774054147666 ], [ -106.398079218627558, 31.751582537903374 ], [ -106.397270734871853, 31.751582537903374 ], [ -106.397270734871853, 31.751313043318138 ], [ -106.397001240286613, 31.751313043318138 ], [ -106.397001240286613, 31.751582537903374 ], [ -106.396462251116134, 31.751582537903374 ], [ -106.396462251116134, 31.75185203248861 ], [ -106.397001240286613, 31.75185203248861 ], [ -106.397001240286613, 31.752121527073847 ], [ -106.396731745701373, 31.752121527073847 ], [ -106.396731745701373, 31.752391021659083 ] ], [ [ -106.396192756530908, 31.751582537903374 ], [ -106.396192756530908, 31.751043548732902 ], [ -106.395923261945669, 31.751043548732902 ], [ -106.395923261945669, 31.751582537903374 ], [ -106.396192756530908, 31.751582537903374 ] ], [ [ -106.395653767360429, 31.751313043318138 ], [ -106.395653767360429, 31.751043548732902 ], [ -106.395384272775203, 31.751043548732902 ], [ -106.395384272775203, 31.751313043318138 ], [ -106.395653767360429, 31.751313043318138 ] ], [ [ -106.397809724042318, 31.751043548732902 ], [ -106.397809724042318, 31.75050455956243 ], [ -106.397540229457078, 31.75050455956243 ], [ -106.397540229457078, 31.750235064977193 ], [ -106.397270734871853, 31.750235064977193 ], [ -106.397270734871853, 31.750774054147666 ], [ -106.397001240286613, 31.750774054147666 ], [ -106.397001240286613, 31.751043548732902 ], [ -106.397809724042318, 31.751043548732902 ] ], [ [ -106.396462251116134, 31.75050455956243 ], [ -106.396462251116134, 31.750235064977193 ], [ -106.396731745701373, 31.750235064977193 ], [ -106.396731745701373, 31.749965570391957 ], [ -106.396462251116134, 31.749965570391957 ], [ -106.396462251116134, 31.749426581221488 ], [ -106.396192756530908, 31.749426581221488 ], [ -106.396192756530908, 31.748887592051016 ], [ -106.395923261945669, 31.748887592051016 ], [ -106.395923261945669, 31.749696075806721 ], [ -106.395653767360429, 31.749696075806721 ], [ -106.395653767360429, 31.749157086636252 ], [ -106.395384272775203, 31.749157086636252 ], [ -106.395384272775203, 31.749696075806721 ], [ -106.394845283604724, 31.749696075806721 ], [ -106.394845283604724, 31.749965570391957 ], [ -106.395384272775203, 31.749965570391957 ], [ -106.395384272775203, 31.750235064977193 ], [ -106.395653767360429, 31.750235064977193 ], [ -106.395653767360429, 31.75050455956243 ], [ -106.396462251116134, 31.75050455956243 ] ], [ [ -106.398348713212798, 31.750235064977193 ], [ -106.398348713212798, 31.749965570391957 ], [ -106.397809724042318, 31.749965570391957 ], [ -106.397809724042318, 31.749696075806721 ], [ -106.397540229457078, 31.749696075806721 ], [ -106.397540229457078, 31.750235064977193 ], [ -106.398348713212798, 31.750235064977193 ] ], [ [ -106.397001240286613, 31.749965570391957 ], [ -106.397001240286613, 31.749696075806721 ], [ -106.397270734871853, 31.749696075806721 ], [ -106.397270734871853, 31.748887592051016 ], [ -106.397001240286613, 31.748887592051016 ], [ -106.397001240286613, 31.749426581221488 ], [ -106.396731745701373, 31.749426581221488 ], [ -106.396731745701373, 31.749965570391957 ], [ -106.397001240286613, 31.749965570391957 ] ], [ [ -106.399426691553728, 31.749157086636252 ], [ -106.399426691553728, 31.74861809746578 ], [ -106.399157196968503, 31.74861809746578 ], [ -106.399157196968503, 31.749157086636252 ], [ -106.399426691553728, 31.749157086636252 ] ], [ [ -106.396731745701373, 31.749157086636252 ], [ -106.396731745701373, 31.748887592051016 ], [ -106.396462251116134, 31.748887592051016 ], [ -106.396462251116134, 31.749157086636252 ], [ -106.396731745701373, 31.749157086636252 ] ], [ [ -106.397540229457078, 31.748887592051016 ], [ -106.397540229457078, 31.748079108295308 ], [ -106.398618207798023, 31.748079108295308 ], [ -106.398618207798023, 31.747809613710071 ], [ -106.398348713212798, 31.747809613710071 ], [ -106.398348713212798, 31.747540119124835 ], [ -106.397809724042318, 31.747540119124835 ], [ -106.397809724042318, 31.747809613710071 ], [ -106.397540229457078, 31.747809613710071 ], [ -106.397540229457078, 31.747001129954363 ], [ -106.397270734871853, 31.747001129954363 ], [ -106.397270734871853, 31.748887592051016 ], [ -106.397540229457078, 31.748887592051016 ] ], [ [ -106.400235175309447, 31.74861809746578 ], [ -106.400235175309447, 31.748348602880544 ], [ -106.399965680724208, 31.748348602880544 ], [ -106.399965680724208, 31.74861809746578 ], [ -106.400235175309447, 31.74861809746578 ] ], [ [ -106.396462251116134, 31.74861809746578 ], [ -106.396462251116134, 31.748079108295308 ], [ -106.396731745701373, 31.748079108295308 ], [ -106.396731745701373, 31.747540119124835 ], [ -106.396462251116134, 31.747540119124835 ], [ -106.396462251116134, 31.747809613710071 ], [ -106.395923261945669, 31.747809613710071 ], [ -106.395923261945669, 31.748348602880544 ], [ -106.396192756530908, 31.748348602880544 ], [ -106.396192756530908, 31.74861809746578 ], [ -106.396462251116134, 31.74861809746578 ] ], [ [ -106.395653767360429, 31.74861809746578 ], [ -106.395653767360429, 31.748079108295308 ], [ -106.394845283604724, 31.748079108295308 ], [ -106.394845283604724, 31.748348602880544 ], [ -106.395384272775203, 31.748348602880544 ], [ -106.395384272775203, 31.74861809746578 ], [ -106.395653767360429, 31.74861809746578 ] ], [ [ -106.399696186138968, 31.748348602880544 ], [ -106.399696186138968, 31.748079108295308 ], [ -106.399426691553728, 31.748079108295308 ], [ -106.399426691553728, 31.748348602880544 ], [ -106.399696186138968, 31.748348602880544 ] ], [ [ -106.399965680724208, 31.748079108295308 ], [ -106.399965680724208, 31.747809613710071 ], [ -106.399696186138968, 31.747809613710071 ], [ -106.399696186138968, 31.748079108295308 ], [ -106.399965680724208, 31.748079108295308 ] ], [ [ -106.399426691553728, 31.748079108295308 ], [ -106.399426691553728, 31.747809613710071 ], [ -106.399157196968503, 31.747809613710071 ], [ -106.399157196968503, 31.748079108295308 ], [ -106.399426691553728, 31.748079108295308 ] ], [ [ -106.395653767360429, 31.747540119124835 ], [ -106.395653767360429, 31.747001129954363 ], [ -106.395384272775203, 31.747001129954363 ], [ -106.395384272775203, 31.747270624539599 ], [ -106.395114778189964, 31.747270624539599 ], [ -106.395114778189964, 31.747001129954363 ], [ -106.394845283604724, 31.747001129954363 ], [ -106.394845283604724, 31.747540119124835 ], [ -106.395653767360429, 31.747540119124835 ] ], [ [ -106.396462251116134, 31.747270624539599 ], [ -106.396462251116134, 31.747001129954363 ], [ -106.396192756530908, 31.747001129954363 ], [ -106.396192756530908, 31.747270624539599 ], [ -106.396462251116134, 31.747270624539599 ] ], [ [ -106.400504669894673, 31.747001129954363 ], [ -106.400504669894673, 31.746731635369127 ], [ -106.399965680724208, 31.746731635369127 ], [ -106.399965680724208, 31.746462140783891 ], [ -106.399426691553728, 31.746462140783891 ], [ -106.399426691553728, 31.746731635369127 ], [ -106.399696186138968, 31.746731635369127 ], [ -106.399696186138968, 31.747001129954363 ], [ -106.400504669894673, 31.747001129954363 ] ], [ [ -106.396192756530908, 31.747001129954363 ], [ -106.396192756530908, 31.746462140783891 ], [ -106.395923261945669, 31.746462140783891 ], [ -106.395923261945669, 31.746192646198658 ], [ -106.395653767360429, 31.746192646198658 ], [ -106.395653767360429, 31.746731635369127 ], [ -106.395923261945669, 31.746731635369127 ], [ -106.395923261945669, 31.747001129954363 ], [ -106.396192756530908, 31.747001129954363 ] ], [ [ -106.394575789019484, 31.747001129954363 ], [ -106.394575789019484, 31.746731635369127 ], [ -106.394306294434259, 31.746731635369127 ], [ -106.394306294434259, 31.747001129954363 ], [ -106.394575789019484, 31.747001129954363 ] ], [ [ -106.399157196968503, 31.746731635369127 ], [ -106.399157196968503, 31.746192646198658 ], [ -106.399965680724208, 31.746192646198658 ], [ -106.399965680724208, 31.746462140783891 ], [ -106.400235175309447, 31.746462140783891 ], [ -106.400235175309447, 31.745923151613422 ], [ -106.399696186138968, 31.745923151613422 ], [ -106.399696186138968, 31.745653657028186 ], [ -106.399965680724208, 31.745653657028186 ], [ -106.399965680724208, 31.745114667857713 ], [ -106.400235175309447, 31.745114667857713 ], [ -106.400235175309447, 31.744845173272477 ], [ -106.399696186138968, 31.744845173272477 ], [ -106.399696186138968, 31.745384162442949 ], [ -106.399426691553728, 31.745384162442949 ], [ -106.399426691553728, 31.745653657028186 ], [ -106.399157196968503, 31.745653657028186 ], [ -106.399157196968503, 31.745923151613422 ], [ -106.398618207798023, 31.745923151613422 ], [ -106.398618207798023, 31.746192646198658 ], [ -106.398348713212798, 31.746192646198658 ], [ -106.398348713212798, 31.745923151613422 ], [ -106.397809724042318, 31.745923151613422 ], [ -106.397809724042318, 31.746192646198658 ], [ -106.398079218627558, 31.746192646198658 ], [ -106.398079218627558, 31.746462140783891 ], [ -106.398348713212798, 31.746462140783891 ], [ -106.398348713212798, 31.746731635369127 ], [ -106.399157196968503, 31.746731635369127 ] ], [ [ -106.397270734871853, 31.746731635369127 ], [ -106.397270734871853, 31.746462140783891 ], [ -106.397001240286613, 31.746462140783891 ], [ -106.397001240286613, 31.746192646198658 ], [ -106.396731745701373, 31.746192646198658 ], [ -106.396731745701373, 31.746731635369127 ], [ -106.397270734871853, 31.746731635369127 ] ], [ [ -106.401313153650392, 31.746192646198658 ], [ -106.401313153650392, 31.745923151613422 ], [ -106.401043659065152, 31.745923151613422 ], [ -106.401043659065152, 31.746192646198658 ], [ -106.401313153650392, 31.746192646198658 ] ], [ [ -106.397540229457078, 31.746192646198658 ], [ -106.397540229457078, 31.745923151613422 ], [ -106.397001240286613, 31.745923151613422 ], [ -106.397001240286613, 31.746192646198658 ], [ -106.397540229457078, 31.746192646198658 ] ], [ [ -106.401043659065152, 31.745653657028186 ], [ -106.401043659065152, 31.745384162442949 ], [ -106.400504669894673, 31.745384162442949 ], [ -106.400504669894673, 31.745653657028186 ], [ -106.401043659065152, 31.745653657028186 ] ], [ [ -106.398618207798023, 31.744036689516768 ], [ -106.398618207798023, 31.743767194931532 ], [ -106.398348713212798, 31.743767194931532 ], [ -106.398348713212798, 31.744036689516768 ], [ -106.398618207798023, 31.744036689516768 ] ], [ [ -106.395114778189964, 31.744036689516768 ], [ -106.395114778189964, 31.743767194931532 ], [ -106.394575789019484, 31.743767194931532 ], [ -106.394575789019484, 31.744036689516768 ], [ -106.395114778189964, 31.744036689516768 ] ], [ [ -106.394575789019484, 31.743767194931532 ], [ -106.394575789019484, 31.743497700346296 ], [ -106.394306294434259, 31.743497700346296 ], [ -106.394306294434259, 31.743767194931532 ], [ -106.394575789019484, 31.743767194931532 ] ], [ [ -106.395384272775203, 31.743497700346296 ], [ -106.395384272775203, 31.743228205761064 ], [ -106.395114778189964, 31.743228205761064 ], [ -106.395114778189964, 31.743497700346296 ], [ -106.395384272775203, 31.743497700346296 ] ], [ [ -106.395114778189964, 31.743228205761064 ], [ -106.395114778189964, 31.742958711175827 ], [ -106.394845283604724, 31.742958711175827 ], [ -106.394845283604724, 31.742689216590591 ], [ -106.394575789019484, 31.742689216590591 ], [ -106.394575789019484, 31.742419722005355 ], [ -106.394036799849019, 31.742419722005355 ], [ -106.394036799849019, 31.742689216590591 ], [ -106.394306294434259, 31.742689216590591 ], [ -106.394306294434259, 31.743228205761064 ], [ -106.395114778189964, 31.743228205761064 ] ], [ [ -106.396192756530908, 31.742958711175827 ], [ -106.396192756530908, 31.742689216590591 ], [ -106.395384272775203, 31.742689216590591 ], [ -106.395384272775203, 31.742958711175827 ], [ -106.396192756530908, 31.742958711175827 ] ] ] ] } },
{ "type": "Feature", "properties": { "ZONA_MET": "Ju_rez", "INTENSIDAD": "Extrema", "T_PROM_POL": 3.0, "T_MIN_CIUD": 1.0, "DIF_TERMIC": 2.0 }, "geometry": { "type": "MultiPolygon", "coordinates": [ [ [ [ -106.385143478536236, 31.744306184102005 ], [ -106.384873983950996, 31.744306184102005 ], [ -106.384873983950996, 31.743767194931532 ], [ -106.384065500195291, 31.743767194931532 ], [ -106.384065500195291, 31.743497700346296 ], [ -106.384334994780531, 31.743497700346296 ], [ -106.384334994780531, 31.742689216590591 ], [ -106.384604489365756, 31.742689216590591 ], [ -106.384604489365756, 31.742419722005355 ], [ -106.385143478536236, 31.742419722005355 ], [ -106.385143478536236, 31.742150227420119 ], [ -106.384604489365756, 31.742150227420119 ], [ -106.384604489365756, 31.741880732834883 ], [ -106.383526511024826, 31.741880732834883 ], [ -106.383526511024826, 31.741611238249646 ], [ -106.382718027269107, 31.741611238249646 ], [ -106.382718027269107, 31.740533259908702 ], [ -106.382987521854346, 31.740533259908702 ], [ -106.382987521854346, 31.740263765323469 ], [ -106.383796005610051, 31.740263765323469 ], [ -106.383796005610051, 31.739994270738233 ], [ -106.385951962291941, 31.739994270738233 ], [ -106.385951962291941, 31.740263765323469 ], [ -106.38622145687718, 31.740263765323469 ], [ -106.38622145687718, 31.740533259908702 ], [ -106.38649095146242, 31.740533259908702 ], [ -106.38649095146242, 31.74134174366441 ], [ -106.38622145687718, 31.74134174366441 ], [ -106.38622145687718, 31.742150227420119 ], [ -106.38649095146242, 31.742150227420119 ], [ -106.38649095146242, 31.742419722005355 ], [ -106.38622145687718, 31.742419722005355 ], [ -106.38622145687718, 31.742958711175827 ], [ -106.385951962291941, 31.742958711175827 ], [ -106.385951962291941, 31.743497700346296 ], [ -106.385682467706701, 31.743497700346296 ], [ -106.385682467706701, 31.743767194931532 ], [ -106.385951962291941, 31.743767194931532 ], [ -106.385951962291941, 31.744036689516768 ], [ -106.385412973121475, 31.744036689516768 ], [ -106.385412973121475, 31.743767194931532 ], [ -106.385143478536236, 31.743767194931532 ], [ -106.385143478536236, 31.744306184102005 ] ], [ [ -106.385682467706701, 31.743228205761064 ], [ -106.385682467706701, 31.742689216590591 ], [ -106.384604489365756, 31.742689216590591 ], [ -106.384604489365756, 31.742958711175827 ], [ -106.385412973121475, 31.742958711175827 ], [ -106.385412973121475, 31.743228205761064 ], [ -106.385682467706701, 31.743228205761064 ] ], [ [ -106.385412973121475, 31.741880732834883 ], [ -106.385412973121475, 31.741611238249646 ], [ -106.385143478536236, 31.741611238249646 ], [ -106.385143478536236, 31.741880732834883 ], [ -106.385412973121475, 31.741880732834883 ] ], [ [ -106.385143478536236, 31.741611238249646 ], [ -106.385143478536236, 31.741072249079174 ], [ -106.384065500195291, 31.741072249079174 ], [ -106.384065500195291, 31.740802754493938 ], [ -106.383796005610051, 31.740802754493938 ], [ -106.383796005610051, 31.74134174366441 ], [ -106.384604489365756, 31.74134174366441 ], [ -106.384604489365756, 31.741611238249646 ], [ -106.385143478536236, 31.741611238249646 ] ] ] ] } },
{ "type": "Feature", "properties": { "ZONA_MET": "Ju_rez", "INTENSIDAD": "Intensa", "T_PROM_POL": 3.0, "T_MIN_CIUD": 1.0, "DIF_TERMIC": 2.0 }, "geometry": { "type": "MultiPolygon", "coordinates": [ [ [ [ -106.376519651808692, 31.739994270738233 ], [ -106.376250157223453, 31.739994270738233 ], [ -106.376250157223453, 31.739724776152997 ], [ -106.375711168052973, 31.739724776152997 ], [ -106.375711168052973, 31.739994270738233 ], [ -106.375172178882508, 31.739994270738233 ], [ -106.375172178882508, 31.739455281567761 ], [ -106.375711168052973, 31.739455281567761 ], [ -106.375711168052973, 31.738916292397288 ], [ -106.376789146393918, 31.738916292397288 ], [ -106.376789146393918, 31.739185786982524 ], [ -106.377058640979158, 31.739185786982524 ], [ -106.377058640979158, 31.739455281567761 ], [ -106.376789146393918, 31.739455281567761 ], [ -106.376789146393918, 31.739724776152997 ], [ -106.376519651808692, 31.739724776152997 ], [ -106.376519651808692, 31.739994270738233 ] ] ] ] } },
{ "type": "Feature", "properties": { "ZONA_MET": "Ju_rez", "INTENSIDAD": "Intensa", "T_PROM_POL": 3.0, "T_MIN_CIUD": 1.0, "DIF_TERMIC": 2.0 }, "geometry": { "type": "MultiPolygon", "coordinates": [ [ [ [ -106.397540229457078, 31.739724776152997 ], [ -106.396731745701373, 31.739724776152997 ], [ -106.396731745701373, 31.739455281567761 ], [ -106.396462251116134, 31.739455281567761 ], [ -106.396462251116134, 31.739185786982524 ], [ -106.395923261945669, 31.739185786982524 ], [ -106.395923261945669, 31.738916292397288 ], [ -106.395384272775203, 31.738916292397288 ], [ -106.395384272775203, 31.738646797812052 ], [ -106.395114778189964, 31.738646797812052 ], [ -106.395114778189964, 31.738377303226816 ], [ -106.395923261945669, 31.738377303226816 ], [ -106.395923261945669, 31.738646797812052 ], [ -106.396462251116134, 31.738646797812052 ], [ -106.396462251116134, 31.738916292397288 ], [ -106.396731745701373, 31.738916292397288 ], [ -106.396731745701373, 31.739185786982524 ], [ -106.397001240286613, 31.739185786982524 ], [ -106.397001240286613, 31.739455281567761 ], [ -106.397540229457078, 31.739455281567761 ], [ -106.397540229457078, 31.739724776152997 ] ] ] ] } },
{ "type": "Feature", "properties": { "ZONA_MET": "Ju_rez", "INTENSIDAD": "Intensa", "T_PROM_POL": 3.0, "T_MIN_CIUD": 1.0, "DIF_TERMIC": 2.0 }, "geometry": { "type": "MultiPolygon", "coordinates": [ [ [ [ -106.550613153871055, 31.739994270738233 ], [ -106.550074164700575, 31.739994270738233 ], [ -106.550074164700575, 31.739724776152997 ], [ -106.550343659285815, 31.739724776152997 ], [ -106.550343659285815, 31.739455281567761 ], [ -106.550074164700575, 31.739455281567761 ], [ -106.550074164700575, 31.739185786982524 ], [ -106.550343659285815, 31.739185786982524 ], [ -106.550343659285815, 31.738916292397288 ], [ -106.55088264845628, 31.738916292397288 ], [ -106.55088264845628, 31.738377303226816 ], [ -106.55115214304152, 31.738377303226816 ], [ -106.55115214304152, 31.738916292397288 ], [ -106.55142163762676, 31.738916292397288 ], [ -106.55142163762676, 31.739455281567761 ], [ -106.55115214304152, 31.739455281567761 ], [ -106.55115214304152, 31.739724776152997 ], [ -106.550613153871055, 31.739724776152997 ], [ -106.550613153871055, 31.739994270738233 ] ] ] ] } },
{ "type": "Feature", "properties": { "ZONA_MET": "Ju_rez", "INTENSIDAD": "Intensa", "T_PROM_POL": 3.0, "T_MIN_CIUD": 1.0, "DIF_TERMIC": 2.0 }, "geometry": { "type": "MultiPolygon", "coordinates": [ [ [ [ -106.454673081527091, 31.740263765323469 ], [ -106.454134092356611, 31.740263765323469 ], [ -106.454134092356611, 31.739724776152997 ], [ -106.453325608600906, 31.739724776152997 ], [ -106.453325608600906, 31.739994270738233 ], [ -106.453056114015666, 31.739994270738233 ], [ -106.453056114015666, 31.739724776152997 ], [ -106.452786619430441, 31.739724776152997 ], [ -106.452786619430441, 31.739994270738233 ], [ -106.452517124845201, 31.739994270738233 ], [ -106.452517124845201, 31.740263765323469 ], [ -106.452247630259961, 31.740263765323469 ], [ -106.452247630259961, 31.739994270738233 ], [ -106.451708641089496, 31.739994270738233 ], [ -106.451708641089496, 31.739185786982524 ], [ -106.451439146504256, 31.739185786982524 ], [ -106.451439146504256, 31.738646797812052 ], [ -106.451169651919017, 31.738646797812052 ], [ -106.451169651919017, 31.737568819471107 ], [ -106.451439146504256, 31.737568819471107 ], [ -106.451439146504256, 31.737299324885875 ], [ -106.451978135674722, 31.737299324885875 ], [ -106.451978135674722, 31.737838314056344 ], [ -106.451708641089496, 31.737838314056344 ], [ -106.451708641089496, 31.738916292397288 ], [ -106.454134092356611, 31.738916292397288 ], [ -106.454134092356611, 31.739185786982524 ], [ -106.454403586941851, 31.739185786982524 ], [ -106.454403586941851, 31.739724776152997 ], [ -106.454942576112316, 31.739724776152997 ], [ -106.454942576112316, 31.739994270738233 ], [ -106.454673081527091, 31.739994270738233 ], [ -106.454673081527091, 31.740263765323469 ] ], [ [ -106.452517124845201, 31.739724776152997 ], [ -106.452517124845201, 31.739455281567761 ], [ -106.452247630259961, 31.739455281567761 ], [ -106.452247630259961, 31.739724776152997 ], [ -106.452517124845201, 31.739724776152997 ] ] ] ] } },
{ "type": "Feature", "properties": { "ZONA_MET": "Ju_rez", "INTENSIDAD": "Intensa", "T_PROM_POL": 3.0, "T_MIN_CIUD": 1.0, "DIF_TERMIC": 2.0 }, "geometry": { "type": "MultiPolygon", "coordinates": [ [ [ [ -106.386760446047646, 31.738377303226816 ], [ -106.38649095146242, 31.738377303226816 ], [ -106.38649095146242, 31.737568819471107 ], [ -106.38622145687718, 31.737568819471107 ], [ -106.38622145687718, 31.737838314056344 ], [ -106.385951962291941, 31.737838314056344 ], [ -106.385951962291941, 31.737029830300639 ], [ -106.386760446047646, 31.737029830300639 ], [ -106.386760446047646, 31.737299324885875 ], [ -106.387299435218125, 31.737299324885875 ], [ -106.387299435218125, 31.737838314056344 ], [ -106.386760446047646, 31.737838314056344 ], [ -106.386760446047646, 31.738377303226816 ] ] ] ] } },
{ "type": "Feature", "properties": { "ZONA_MET": "Ju_rez", "INTENSIDAD": "Intensa", "T_PROM_POL": 3.0, "T_MIN_CIUD": 1.0, "DIF_TERMIC": 2.0 }, "geometry": { "type": "MultiPolygon", "coordinates": [ [ [ [ -106.45790701654991, 31.737838314056344 ], [ -106.456829038208966, 31.737838314056344 ], [ -106.456829038208966, 31.737299324885875 ], [ -106.457637521964685, 31.737299324885875 ], [ -106.457637521964685, 31.737029830300639 ], [ -106.45790701654991, 31.737029830300639 ], [ -106.45790701654991, 31.736760335715402 ], [ -106.45817651113515, 31.736760335715402 ], [ -106.45817651113515, 31.736490841130166 ], [ -106.45844600572039, 31.736490841130166 ], [ -106.45844600572039, 31.737029830300639 ], [ -106.458984994890855, 31.737029830300639 ], [ -106.458984994890855, 31.737568819471107 ], [ -106.45844600572039, 31.737568819471107 ], [ -106.45844600572039, 31.737299324885875 ], [ -106.45817651113515, 31.737299324885875 ], [ -106.45817651113515, 31.737568819471107 ], [ -106.45790701654991, 31.737568819471107 ], [ -106.45790701654991, 31.737838314056344 ] ] ] ] } },
{ "type": "Feature", "properties": { "ZONA_MET": "Ju_rez", "INTENSIDAD": "Intensa", "T_PROM_POL": 3.0, "T_MIN_CIUD": 1.0, "DIF_TERMIC": 2.0 }, "geometry": { "type": "MultiPolygon", "coordinates": [ [ [ [ -106.498600698920526, 31.738377303226816 ], [ -106.498331204335301, 31.738377303226816 ], [ -106.498331204335301, 31.73810780864158 ], [ -106.498061709750061, 31.73810780864158 ], [ -106.498061709750061, 31.737568819471107 ], [ -106.498331204335301, 31.737568819471107 ], [ -106.498331204335301, 31.737299324885875 ], [ -106.498600698920526, 31.737299324885875 ], [ -106.498600698920526, 31.737029830300639 ], [ -106.499409182676231, 31.737029830300639 ], [ -106.499409182676231, 31.736760335715402 ], [ -106.498870193505766, 31.736760335715402 ], [ -106.498870193505766, 31.736490841130166 ], [ -106.499678677261471, 31.736490841130166 ], [ -106.499678677261471, 31.736760335715402 ], [ -106.499948171846711, 31.736760335715402 ], [ -106.499948171846711, 31.737029830300639 ], [ -106.500756655602416, 31.737029830300639 ], [ -106.500756655602416, 31.737299324885875 ], [ -106.500487161017176, 31.737299324885875 ], [ -106.500487161017176, 31.737568819471107 ], [ -106.500217666431951, 31.737568819471107 ], [ -106.500217666431951, 31.737838314056344 ], [ -106.499678677261471, 31.737838314056344 ], [ -106.499678677261471, 31.737568819471107 ], [ -106.499409182676231, 31.737568819471107 ], [ -106.499409182676231, 31.73810780864158 ], [ -106.498600698920526, 31.73810780864158 ], [ -106.498600698920526, 31.738377303226816 ] ] ] ] } },
{ "type": "Feature", "properties": { "ZONA_MET": "Ju_rez", "INTENSIDAD": "Intensa", "T_PROM_POL": 3.0, "T_MIN_CIUD": 1.0, "DIF_TERMIC": 2.0 }, "geometry": { "type": "MultiPolygon", "coordinates": [ [ [ [ -106.373555211371098, 31.737838314056344 ], [ -106.373285716785858, 31.737838314056344 ], [ -106.373285716785858, 31.737568819471107 ], [ -106.372746727615379, 31.737568819471107 ], [ -106.372746727615379, 31.737838314056344 ], [ -106.372207738444914, 31.737838314056344 ], [ -106.372207738444914, 31.737568819471107 ], [ -106.371938243859674, 31.737568819471107 ], [ -106.371938243859674, 31.737299324885875 ], [ -106.371668749274448, 31.737299324885875 ], [ -106.371668749274448, 31.736490841130166 ], [ -106.371399254689209, 31.736490841130166 ], [ -106.371399254689209, 31.73622134654493 ], [ -106.371938243859674, 31.73622134654493 ], [ -106.371938243859674, 31.736490841130166 ], [ -106.373016222200619, 31.736490841130166 ], [ -106.373016222200619, 31.736760335715402 ], [ -106.373285716785858, 31.736760335715402 ], [ -106.373285716785858, 31.737029830300639 ], [ -106.373555211371098, 31.737029830300639 ], [ -106.373555211371098, 31.737299324885875 ], [ -106.374363695126803, 31.737299324885875 ], [ -106.374363695126803, 31.737568819471107 ], [ -106.373555211371098, 31.737568819471107 ], [ -106.373555211371098, 31.737838314056344 ] ], [ [ -106.372746727615379, 31.737299324885875 ], [ -106.372746727615379, 31.737029830300639 ], [ -106.372477233030153, 31.737029830300639 ], [ -106.372477233030153, 31.736760335715402 ], [ -106.371938243859674, 31.736760335715402 ], [ -106.371938243859674, 31.737029830300639 ], [ -106.372207738444914, 31.737029830300639 ], [ -106.372207738444914, 31.737299324885875 ], [ -106.372746727615379, 31.737299324885875 ] ] ] ] } },
{ "type": "Feature", "properties": { "ZONA_MET": "Ju_rez", "INTENSIDAD": "Intensa", "T_PROM_POL": 3.0, "T_MIN_CIUD": 1.0, "DIF_TERMIC": 2.0 }, "geometry": { "type": "MultiPolygon", "coordinates": [ [ [ [ -106.425298171736372, 31.737838314056344 ], [ -106.424220193395428, 31.737838314056344 ], [ -106.424220193395428, 31.737029830300639 ], [ -106.423681204224962, 31.737029830300639 ], [ -106.423681204224962, 31.736760335715402 ], [ -106.423950698810202, 31.736760335715402 ], [ -106.423950698810202, 31.736490841130166 ], [ -106.423681204224962, 31.736490841130166 ], [ -106.423681204224962, 31.735951851959694 ], [ -106.424759182565907, 31.735951851959694 ], [ -106.424759182565907, 31.736490841130166 ], [ -106.425298171736372, 31.736490841130166 ], [ -106.425298171736372, 31.736760335715402 ], [ -106.424759182565907, 31.736760335715402 ], [ -106.424759182565907, 31.737029830300639 ], [ -106.425298171736372, 31.737029830300639 ], [ -106.425298171736372, 31.737299324885875 ], [ -106.425567666321612, 31.737299324885875 ], [ -106.425567666321612, 31.737568819471107 ], [ -106.425298171736372, 31.737568819471107 ], [ -106.425298171736372, 31.737838314056344 ] ], [ [ -106.424759182565907, 31.737299324885875 ], [ -106.424759182565907, 31.737029830300639 ], [ -106.424489687980667, 31.737029830300639 ], [ -106.424489687980667, 31.737299324885875 ], [ -106.424759182565907, 31.737299324885875 ] ], [ [ -106.424489687980667, 31.736760335715402 ], [ -106.424489687980667, 31.736490841130166 ], [ -106.424220193395428, 31.736490841130166 ], [ -106.424220193395428, 31.736760335715402 ], [ -106.424489687980667, 31.736760335715402 ] ] ] ] } },
{ "type": "Feature", "properties": { "ZONA_MET": "Ju_rez", "INTENSIDAD": "Intensa", "T_PROM_POL": 3.0, "T_MIN_CIUD": 1.0, "DIF_TERMIC": 2.0 }, "geometry": { "type": "MultiPolygon", "coordinates": [ [ [ [ -106.383257016439586, 31.745114667857713 ], [ -106.382987521854346, 31.745114667857713 ], [ -106.382987521854346, 31.744845173272477 ], [ -106.382448532683881, 31.744845173272477 ], [ -106.382448532683881, 31.744575678687241 ], [ -106.382179038098641, 31.744575678687241 ], [ -106.382179038098641, 31.744036689516768 ], [ -106.381909543513402, 31.744036689516768 ], [ -106.381909543513402, 31.743767194931532 ], [ -106.381640048928162, 31.743767194931532 ], [ -106.381640048928162, 31.743497700346296 ], [ -106.381370554342936, 31.743497700346296 ], [ -106.381370554342936, 31.743228205761064 ], [ -106.380562070587231, 31.743228205761064 ], [ -106.380562070587231, 31.742958711175827 ], [ -106.380023081416752, 31.742958711175827 ], [ -106.380023081416752, 31.742419722005355 ], [ -106.379753586831512, 31.742419722005355 ], [ -106.379753586831512, 31.741611238249646 ], [ -106.379214597661047, 31.741611238249646 ], [ -106.379214597661047, 31.741072249079174 ], [ -106.378406113905342, 31.741072249079174 ], [ -106.378406113905342, 31.740802754493938 ], [ -106.377867124734863, 31.740802754493938 ], [ -106.377867124734863, 31.740263765323469 ], [ -106.377328135564397, 31.740263765323469 ], [ -106.377328135564397, 31.738916292397288 ], [ -106.377597630149637, 31.738916292397288 ], [ -106.377597630149637, 31.738377303226816 ], [ -106.378136619320102, 31.738377303226816 ], [ -106.378136619320102, 31.737568819471107 ], [ -106.378945103075807, 31.737568819471107 ], [ -106.378945103075807, 31.737299324885875 ], [ -106.378675608490568, 31.737299324885875 ], [ -106.378675608490568, 31.736760335715402 ], [ -106.377867124734863, 31.736760335715402 ], [ -106.377867124734863, 31.735951851959694 ], [ -106.378406113905342, 31.735951851959694 ], [ -106.378406113905342, 31.73622134654493 ], [ -106.378675608490568, 31.73622134654493 ], [ -106.378675608490568, 31.736490841130166 ], [ -106.379214597661047, 31.736490841130166 ], [ -106.379214597661047, 31.73622134654493 ], [ -106.379484092246287, 31.73622134654493 ], [ -106.379484092246287, 31.735682357374458 ], [ -106.380562070587231, 31.735682357374458 ], [ -106.380562070587231, 31.735412862789222 ], [ -106.380831565172457, 31.735412862789222 ], [ -106.380831565172457, 31.735951851959694 ], [ -106.381101059757697, 31.735951851959694 ], [ -106.381101059757697, 31.736490841130166 ], [ -106.380831565172457, 31.736490841130166 ], [ -106.380831565172457, 31.737029830300639 ], [ -106.381101059757697, 31.737029830300639 ], [ -106.381101059757697, 31.737568819471107 ], [ -106.381909543513402, 31.737568819471107 ], [ -106.381909543513402, 31.737838314056344 ], [ -106.382179038098641, 31.737838314056344 ], [ -106.382179038098641, 31.73810780864158 ], [ -106.382448532683881, 31.73810780864158 ], [ -106.382448532683881, 31.737838314056344 ], [ -106.382718027269107, 31.737838314056344 ], [ -106.382718027269107, 31.738377303226816 ], [ -106.382987521854346, 31.738377303226816 ], [ -106.382987521854346, 31.73810780864158 ], [ -106.383526511024826, 31.73810780864158 ], [ -106.383526511024826, 31.737838314056344 ], [ -106.383257016439586, 31.737838314056344 ], [ -106.383257016439586, 31.737568819471107 ], [ -106.384065500195291, 31.737568819471107 ], [ -106.384065500195291, 31.73810780864158 ], [ -106.383796005610051, 31.73810780864158 ], [ -106.383796005610051, 31.738646797812052 ], [ -106.384065500195291, 31.738646797812052 ], [ -106.384065500195291, 31.738377303226816 ], [ -106.384334994780531, 31.738377303226816 ], [ -106.384334994780531, 31.739185786982524 ], [ -106.384604489365756, 31.739185786982524 ], [ -106.384604489365756, 31.738646797812052 ], [ -106.384873983950996, 31.738646797812052 ], [ -106.384873983950996, 31.738377303226816 ], [ -106.385412973121475, 31.738377303226816 ], [ -106.385412973121475, 31.737838314056344 ], [ -106.385951962291941, 31.737838314056344 ], [ -106.385951962291941, 31.73810780864158 ], [ -106.385682467706701, 31.73810780864158 ], [ -106.385682467706701, 31.738377303226816 ], [ -106.38649095146242, 31.738377303226816 ], [ -106.38649095146242, 31.738646797812052 ], [ -106.386760446047646, 31.738646797812052 ], [ -106.386760446047646, 31.738377303226816 ], [ -106.387568929803351, 31.738377303226816 ], [ -106.387568929803351, 31.737838314056344 ], [ -106.38810791897383, 31.737838314056344 ], [ -106.38810791897383, 31.73810780864158 ], [ -106.38783842438859, 31.73810780864158 ], [ -106.38783842438859, 31.738646797812052 ], [ -106.38810791897383, 31.738646797812052 ], [ -106.38810791897383, 31.738916292397288 ], [ -106.388916402729535, 31.738916292397288 ], [ -106.388916402729535, 31.738377303226816 ], [ -106.389185897314775, 31.738377303226816 ], [ -106.389185897314775, 31.738646797812052 ], [ -106.389455391900015, 31.738646797812052 ], [ -106.389455391900015, 31.738916292397288 ], [ -106.38972488648524, 31.738916292397288 ], [ -106.38972488648524, 31.739185786982524 ], [ -106.38999438107048, 31.739185786982524 ], [ -106.38999438107048, 31.738916292397288 ], [ -106.39026387565572, 31.738916292397288 ], [ -106.39026387565572, 31.739455281567761 ], [ -106.38999438107048, 31.739455281567761 ], [ -106.38999438107048, 31.739724776152997 ], [ -106.390533370240945, 31.739724776152997 ], [ -106.390533370240945, 31.739994270738233 ], [ -106.390802864826185, 31.739994270738233 ], [ -106.390802864826185, 31.740263765323469 ], [ -106.391341853996664, 31.740263765323469 ], [ -106.391341853996664, 31.740533259908702 ], [ -106.39026387565572, 31.740533259908702 ], [ -106.39026387565572, 31.740263765323469 ], [ -106.389185897314775, 31.740263765323469 ], [ -106.389185897314775, 31.741072249079174 ], [ -106.388916402729535, 31.741072249079174 ], [ -106.388916402729535, 31.741611238249646 ], [ -106.389455391900015, 31.741611238249646 ], [ -106.389455391900015, 31.741880732834883 ], [ -106.389185897314775, 31.741880732834883 ], [ -106.389185897314775, 31.743228205761064 ], [ -106.388916402729535, 31.743228205761064 ], [ -106.388916402729535, 31.743767194931532 ], [ -106.388646908144295, 31.743767194931532 ], [ -106.388646908144295, 31.744036689516768 ], [ -106.38837741355907, 31.744036689516768 ], [ -106.38837741355907, 31.744306184102005 ], [ -106.38810791897383, 31.744306184102005 ], [ -106.38810791897383, 31.744036689516768 ], [ -106.38783842438859, 31.744036689516768 ], [ -106.38783842438859, 31.743767194931532 ], [ -106.38837741355907, 31.743767194931532 ], [ -106.38837741355907, 31.743497700346296 ], [ -106.388646908144295, 31.743497700346296 ], [ -106.388646908144295, 31.743228205761064 ], [ -106.38837741355907, 31.743228205761064 ], [ -106.38837741355907, 31.742958711175827 ], [ -106.388646908144295, 31.742958711175827 ], [ -106.388646908144295, 31.742689216590591 ], [ -106.38810791897383, 31.742689216590591 ], [ -106.38810791897383, 31.742419722005355 ], [ -106.387568929803351, 31.742419722005355 ], [ -106.387568929803351, 31.741880732834883 ], [ -106.387299435218125, 31.741880732834883 ], [ -106.387299435218125, 31.742419722005355 ], [ -106.386760446047646, 31.742419722005355 ], [ -106.386760446047646, 31.742150227420119 ], [ -106.38622145687718, 31.742150227420119 ], [ -106.38622145687718, 31.74134174366441 ], [ -106.38649095146242, 31.74134174366441 ], [ -106.38649095146242, 31.740533259908702 ], [ -106.387568929803351, 31.740533259908702 ], [ -106.387568929803351, 31.740263765323469 ], [ -106.38649095146242, 31.740263765323469 ], [ -106.38649095146242, 31.739994270738233 ], [ -106.385951962291941, 31.739994270738233 ], [ -106.385951962291941, 31.739724776152997 ], [ -106.385412973121475, 31.739724776152997 ], [ -106.385412973121475, 31.739994270738233 ], [ -106.383796005610051, 31.739994270738233 ], [ -106.383796005610051, 31.740263765323469 ], [ -106.383526511024826, 31.740263765323469 ], [ -106.383526511024826, 31.739994270738233 ], [ -106.382987521854346, 31.739994270738233 ], [ -106.382987521854346, 31.740533259908702 ], [ -106.382718027269107, 31.740533259908702 ], [ -106.382718027269107, 31.740802754493938 ], [ -106.382448532683881, 31.740802754493938 ], [ -106.382448532683881, 31.74134174366441 ], [ -106.382718027269107, 31.74134174366441 ], [ -106.382718027269107, 31.741611238249646 ], [ -106.383257016439586, 31.741611238249646 ], [ -106.383257016439586, 31.741880732834883 ], [ -106.383796005610051, 31.741880732834883 ], [ -106.383796005610051, 31.742689216590591 ], [ -106.384334994780531, 31.742689216590591 ], [ -106.384334994780531, 31.743497700346296 ], [ -106.384065500195291, 31.743497700346296 ], [ -106.384065500195291, 31.743767194931532 ], [ -106.383796005610051, 31.743767194931532 ], [ -106.383796005610051, 31.743228205761064 ], [ -106.384065500195291, 31.743228205761064 ], [ -106.384065500195291, 31.742958711175827 ], [ -106.382718027269107, 31.742958711175827 ], [ -106.382718027269107, 31.741880732834883 ], [ -106.382448532683881, 31.741880732834883 ], [ -106.382448532683881, 31.742419722005355 ], [ -106.382179038098641, 31.742419722005355 ], [ -106.382179038098641, 31.743228205761064 ], [ -106.383257016439586, 31.743228205761064 ], [ -106.383257016439586, 31.743767194931532 ], [ -106.383526511024826, 31.743767194931532 ], [ -106.383526511024826, 31.744036689516768 ], [ -106.383796005610051, 31.744036689516768 ], [ -106.383796005610051, 31.744306184102005 ], [ -106.384065500195291, 31.744306184102005 ], [ -106.384065500195291, 31.744575678687241 ], [ -106.384334994780531, 31.744575678687241 ], [ -106.384334994780531, 31.744845173272477 ], [ -106.383526511024826, 31.744845173272477 ], [ -106.383526511024826, 31.744575678687241 ], [ -106.383257016439586, 31.744575678687241 ], [ -106.383257016439586, 31.745114667857713 ] ], [ [ -106.383526511024826, 31.744306184102005 ], [ -106.383526511024826, 31.744036689516768 ], [ -106.382987521854346, 31.744036689516768 ], [ -106.382987521854346, 31.744306184102005 ], [ -106.383526511024826, 31.744306184102005 ] ], [ [ -106.383526511024826, 31.742689216590591 ], [ -106.383526511024826, 31.742419722005355 ], [ -106.383257016439586, 31.742419722005355 ], [ -106.383257016439586, 31.742689216590591 ], [ -106.383526511024826, 31.742689216590591 ] ], [ [ -106.381640048928162, 31.742689216590591 ], [ -106.381640048928162, 31.742419722005355 ], [ -106.381370554342936, 31.742419722005355 ], [ -106.381370554342936, 31.742689216590591 ], [ -106.381640048928162, 31.742689216590591 ] ], [ [ -106.388916402729535, 31.742150227420119 ], [ -106.388916402729535, 31.741880732834883 ], [ -106.388646908144295, 31.741880732834883 ], [ -106.388646908144295, 31.742150227420119 ], [ -106.388916402729535, 31.742150227420119 ] ], [ [ -106.381640048928162, 31.742150227420119 ], [ -106.381640048928162, 31.741880732834883 ], [ -106.381370554342936, 31.741880732834883 ], [ -106.381370554342936, 31.742150227420119 ], [ -106.381640048928162, 31.742150227420119 ] ], [ [ -106.38837741355907, 31.741880732834883 ], [ -106.38837741355907, 31.741611238249646 ], [ -106.38810791897383, 31.741611238249646 ], [ -106.38810791897383, 31.741880732834883 ], [ -106.38837741355907, 31.741880732834883 ] ], [ [ -106.382179038098641, 31.741880732834883 ], [ -106.382179038098641, 31.741611238249646 ], [ -106.381909543513402, 31.741611238249646 ], [ -106.381909543513402, 31.741880732834883 ], [ -106.382179038098641, 31.741880732834883 ] ], [ [ -106.381101059757697, 31.741880732834883 ], [ -106.381101059757697, 31.741611238249646 ], [ -106.380831565172457, 31.741611238249646 ], [ -106.380831565172457, 31.74134174366441 ], [ -106.380562070587231, 31.74134174366441 ], [ -106.380562070587231, 31.741880732834883 ], [ -106.381101059757697, 31.741880732834883 ] ], [ [ -106.382448532683881, 31.741611238249646 ], [ -106.382448532683881, 31.74134174366441 ], [ -106.382179038098641, 31.74134174366441 ], [ -106.382179038098641, 31.741611238249646 ], [ -106.382448532683881, 31.741611238249646 ] ], [ [ -106.381640048928162, 31.74134174366441 ], [ -106.381640048928162, 31.741072249079174 ], [ -106.381101059757697, 31.741072249079174 ], [ -106.381101059757697, 31.74134174366441 ], [ -106.381640048928162, 31.74134174366441 ] ], [ [ -106.380562070587231, 31.74134174366441 ], [ -106.380562070587231, 31.741072249079174 ], [ -106.380292576001992, 31.741072249079174 ], [ -106.380292576001992, 31.740802754493938 ], [ -106.380023081416752, 31.740802754493938 ], [ -106.380023081416752, 31.74134174366441 ], [ -106.380562070587231, 31.74134174366441 ] ], [ [ -106.38810791897383, 31.741072249079174 ], [ -106.38810791897383, 31.740802754493938 ], [ -106.38837741355907, 31.740802754493938 ], [ -106.38837741355907, 31.740533259908702 ], [ -106.38810791897383, 31.740533259908702 ], [ -106.38810791897383, 31.740263765323469 ], [ -106.38783842438859, 31.740263765323469 ], [ -106.38783842438859, 31.740533259908702 ], [ -106.387568929803351, 31.740533259908702 ], [ -106.387568929803351, 31.740802754493938 ], [ -106.38783842438859, 31.740802754493938 ], [ -106.38783842438859, 31.741072249079174 ], [ -106.38810791897383, 31.741072249079174 ] ], [ [ -106.380831565172457, 31.741072249079174 ], [ -106.380831565172457, 31.740533259908702 ], [ -106.380562070587231, 31.740533259908702 ], [ -106.380562070587231, 31.741072249079174 ], [ -106.380831565172457, 31.741072249079174 ] ], [ [ -106.380023081416752, 31.740802754493938 ], [ -106.380023081416752, 31.740533259908702 ], [ -106.380292576001992, 31.740533259908702 ], [ -106.380292576001992, 31.740263765323469 ], [ -106.380562070587231, 31.740263765323469 ], [ -106.380562070587231, 31.739724776152997 ], [ -106.380292576001992, 31.739724776152997 ], [ -106.380292576001992, 31.739994270738233 ], [ -106.380023081416752, 31.739994270738233 ], [ -106.380023081416752, 31.739185786982524 ], [ -106.379214597661047, 31.739185786982524 ], [ -106.379214597661047, 31.738916292397288 ], [ -106.379484092246287, 31.738916292397288 ], [ -106.379484092246287, 31.738646797812052 ], [ -106.378945103075807, 31.738646797812052 ], [ -106.378945103075807, 31.739455281567761 ], [ -106.379484092246287, 31.739455281567761 ], [ -106.379484092246287, 31.739724776152997 ], [ -106.379753586831512, 31.739724776152997 ], [ -106.379753586831512, 31.739994270738233 ], [ -106.379214597661047, 31.739994270738233 ], [ -106.379214597661047, 31.740263765323469 ], [ -106.378675608490568, 31.740263765323469 ], [ -106.378675608490568, 31.740533259908702 ], [ -106.379753586831512, 31.740533259908702 ], [ -106.379753586831512, 31.740802754493938 ], [ -106.380023081416752, 31.740802754493938 ] ], [ [ -106.382448532683881, 31.740533259908702 ], [ -106.382448532683881, 31.740263765323469 ], [ -106.382718027269107, 31.740263765323469 ], [ -106.382718027269107, 31.739724776152997 ], [ -106.382179038098641, 31.739724776152997 ], [ -106.382179038098641, 31.740263765323469 ], [ -106.381909543513402, 31.740263765323469 ], [ -106.381909543513402, 31.740533259908702 ], [ -106.382448532683881, 31.740533259908702 ] ], [ [ -106.381101059757697, 31.740533259908702 ], [ -106.381101059757697, 31.740263765323469 ], [ -106.380831565172457, 31.740263765323469 ], [ -106.380831565172457, 31.740533259908702 ], [ -106.381101059757697, 31.740533259908702 ] ], [ [ -106.381909543513402, 31.740263765323469 ], [ -106.381909543513402, 31.739724776152997 ], [ -106.381101059757697, 31.739724776152997 ], [ -106.381101059757697, 31.740263765323469 ], [ -106.381909543513402, 31.740263765323469 ] ], [ [ -106.38783842438859, 31.739994270738233 ], [ -106.38783842438859, 31.739724776152997 ], [ -106.387568929803351, 31.739724776152997 ], [ -106.387568929803351, 31.739994270738233 ], [ -106.38783842438859, 31.739994270738233 ] ], [ [ -106.385143478536236, 31.739724776152997 ], [ -106.385143478536236, 31.739455281567761 ], [ -106.385682467706701, 31.739455281567761 ], [ -106.385682467706701, 31.738646797812052 ], [ -106.385412973121475, 31.738646797812052 ], [ -106.385412973121475, 31.738916292397288 ], [ -106.384873983950996, 31.738916292397288 ], [ -106.384873983950996, 31.739455281567761 ], [ -106.384604489365756, 31.739455281567761 ], [ -106.384604489365756, 31.739724776152997 ], [ -106.385143478536236, 31.739724776152997 ] ], [ [ -106.384334994780531, 31.739724776152997 ], [ -106.384334994780531, 31.739455281567761 ], [ -106.384065500195291, 31.739455281567761 ], [ -106.384065500195291, 31.739724776152997 ], [ -106.384334994780531, 31.739724776152997 ] ], [ [ -106.380831565172457, 31.739724776152997 ], [ -106.380831565172457, 31.739455281567761 ], [ -106.380562070587231, 31.739455281567761 ], [ -106.380562070587231, 31.739724776152997 ], [ -106.380831565172457, 31.739724776152997 ] ], [ [ -106.38810791897383, 31.739455281567761 ], [ -106.38810791897383, 31.739185786982524 ], [ -106.38783842438859, 31.739185786982524 ], [ -106.38783842438859, 31.739455281567761 ], [ -106.38810791897383, 31.739455281567761 ] ], [ [ -106.387299435218125, 31.739455281567761 ], [ -106.387299435218125, 31.739185786982524 ], [ -106.38649095146242, 31.739185786982524 ], [ -106.38649095146242, 31.738646797812052 ], [ -106.38622145687718, 31.738646797812052 ], [ -106.38622145687718, 31.739455281567761 ], [ -106.387299435218125, 31.739455281567761 ] ], [ [ -106.383796005610051, 31.739455281567761 ], [ -106.383796005610051, 31.739185786982524 ], [ -106.384065500195291, 31.739185786982524 ], [ -106.384065500195291, 31.738916292397288 ], [ -106.382718027269107, 31.738916292397288 ], [ -106.382718027269107, 31.739185786982524 ], [ -106.383257016439586, 31.739185786982524 ], [ -106.383257016439586, 31.739455281567761 ], [ -106.383796005610051, 31.739455281567761 ] ], [ [ -106.382718027269107, 31.739455281567761 ], [ -106.382718027269107, 31.739185786982524 ], [ -106.382448532683881, 31.739185786982524 ], [ -106.382448532683881, 31.739455281567761 ], [ -106.382718027269107, 31.739455281567761 ] ], [ [ -106.381101059757697, 31.739455281567761 ], [ -106.381101059757697, 31.739185786982524 ], [ -106.380831565172457, 31.739185786982524 ], [ -106.380831565172457, 31.739455281567761 ], [ -106.381101059757697, 31.739455281567761 ] ], [ [ -106.378136619320102, 31.739455281567761 ], [ -106.378136619320102, 31.739185786982524 ], [ -106.377597630149637, 31.739185786982524 ], [ -106.377597630149637, 31.739455281567761 ], [ -106.378136619320102, 31.739455281567761 ] ], [ [ -106.387568929803351, 31.739185786982524 ], [ -106.387568929803351, 31.738916292397288 ], [ -106.387299435218125, 31.738916292397288 ], [ -106.387299435218125, 31.739185786982524 ], [ -106.387568929803351, 31.739185786982524 ] ], [ [ -106.380292576001992, 31.739185786982524 ], [ -106.380292576001992, 31.738916292397288 ], [ -106.380023081416752, 31.738916292397288 ], [ -106.380023081416752, 31.739185786982524 ], [ -106.380292576001992, 31.739185786982524 ] ], [ [ -106.378406113905342, 31.739185786982524 ], [ -106.378406113905342, 31.738916292397288 ], [ -106.378136619320102, 31.738916292397288 ], [ -106.378136619320102, 31.739185786982524 ], [ -106.378406113905342, 31.739185786982524 ] ], [ [ -106.382718027269107, 31.738916292397288 ], [ -106.382718027269107, 31.738646797812052 ], [ -106.382448532683881, 31.738646797812052 ], [ -106.382448532683881, 31.738377303226816 ], [ -106.382179038098641, 31.738377303226816 ], [ -106.382179038098641, 31.73810780864158 ], [ -106.381909543513402, 31.73810780864158 ], [ -106.381909543513402, 31.738377303226816 ], [ -106.381370554342936, 31.738377303226816 ], [ -106.381370554342936, 31.738646797812052 ], [ -106.381101059757697, 31.738646797812052 ], [ -106.381101059757697, 31.738916292397288 ], [ -106.382718027269107, 31.738916292397288 ] ], [ [ -106.378945103075807, 31.738646797812052 ], [ -106.378945103075807, 31.738377303226816 ], [ -106.378406113905342, 31.738377303226816 ], [ -106.378406113905342, 31.738646797812052 ], [ -106.378945103075807, 31.738646797812052 ] ], [ [ -106.381101059757697, 31.738377303226816 ], [ -106.381101059757697, 31.73810780864158 ], [ -106.380562070587231, 31.73810780864158 ], [ -106.380562070587231, 31.738377303226816 ], [ -106.381101059757697, 31.738377303226816 ] ], [ [ -106.380292576001992, 31.73810780864158 ], [ -106.380292576001992, 31.737568819471107 ], [ -106.380023081416752, 31.737568819471107 ], [ -106.380023081416752, 31.737838314056344 ], [ -106.379753586831512, 31.737838314056344 ], [ -106.379753586831512, 31.73810780864158 ], [ -106.380292576001992, 31.73810780864158 ] ], [ [ -106.379753586831512, 31.737838314056344 ], [ -106.379753586831512, 31.737568819471107 ], [ -106.378945103075807, 31.737568819471107 ], [ -106.378945103075807, 31.737838314056344 ], [ -106.379753586831512, 31.737838314056344 ] ], [ [ -106.380562070587231, 31.737299324885875 ], [ -106.380562070587231, 31.737029830300639 ], [ -106.380292576001992, 31.737029830300639 ], [ -106.380292576001992, 31.737299324885875 ], [ -106.380562070587231, 31.737299324885875 ] ], [ [ -106.379484092246287, 31.737299324885875 ], [ -106.379484092246287, 31.737029830300639 ], [ -106.380292576001992, 31.737029830300639 ], [ -106.380292576001992, 31.736760335715402 ], [ -106.380562070587231, 31.736760335715402 ], [ -106.380562070587231, 31.73622134654493 ], [ -106.380831565172457, 31.73622134654493 ], [ -106.380831565172457, 31.735951851959694 ], [ -106.380292576001992, 31.735951851959694 ], [ -106.380292576001992, 31.73622134654493 ], [ -106.379753586831512, 31.73622134654493 ], [ -106.379753586831512, 31.736490841130166 ], [ -106.380023081416752, 31.736490841130166 ], [ -106.380023081416752, 31.736760335715402 ], [ -106.379214597661047, 31.736760335715402 ], [ -106.379214597661047, 31.737299324885875 ], [ -106.379484092246287, 31.737299324885875 ] ], [ [ -106.378406113905342, 31.736490841130166 ], [ -106.378406113905342, 31.73622134654493 ], [ -106.378136619320102, 31.73622134654493 ], [ -106.378136619320102, 31.736490841130166 ], [ -106.378406113905342, 31.736490841130166 ] ] ] ] } },
{ "type": "Feature", "properties": { "ZONA_MET": "Ju_rez", "INTENSIDAD": "Intensa", "T_PROM_POL": 3.0, "T_MIN_CIUD": 1.0, "DIF_TERMIC": 2.0 }, "geometry": { "type": "MultiPolygon", "coordinates": [ [ [ [ -106.409936980377935, 31.735951851959694 ], [ -106.408589507451751, 31.735951851959694 ], [ -106.408589507451751, 31.735682357374458 ], [ -106.407781023696046, 31.735682357374458 ], [ -106.407781023696046, 31.735412862789222 ], [ -106.406972539940341, 31.735412862789222 ], [ -106.406972539940341, 31.735143368203985 ], [ -106.408050518281286, 31.735143368203985 ], [ -106.408050518281286, 31.735412862789222 ], [ -106.408859002036991, 31.735412862789222 ], [ -106.408859002036991, 31.735682357374458 ], [ -106.409397991207456, 31.735682357374458 ], [ -106.409397991207456, 31.735412862789222 ], [ -106.409936980377935, 31.735412862789222 ], [ -106.409936980377935, 31.735951851959694 ] ] ] ] } },
{ "type": "Feature", "properties": { "ZONA_MET": "Ju_rez", "INTENSIDAD": "Intensa", "T_PROM_POL": 3.0, "T_MIN_CIUD": 1.0, "DIF_TERMIC": 2.0 }, "geometry": { "type": "MultiPolygon", "coordinates": [ [ [ [ -106.383257016439586, 31.736490841130166 ], [ -106.382718027269107, 31.736490841130166 ], [ -106.382718027269107, 31.735951851959694 ], [ -106.382987521854346, 31.735951851959694 ], [ -106.382987521854346, 31.735682357374458 ], [ -106.382448532683881, 31.735682357374458 ], [ -106.382448532683881, 31.735951851959694 ], [ -106.382179038098641, 31.735951851959694 ], [ -106.382179038098641, 31.735682357374458 ], [ -106.381370554342936, 31.735682357374458 ], [ -106.381370554342936, 31.735951851959694 ], [ -106.381101059757697, 31.735951851959694 ], [ -106.381101059757697, 31.735412862789222 ], [ -106.381640048928162, 31.735412862789222 ], [ -106.381640048928162, 31.735143368203985 ], [ -106.382987521854346, 31.735143368203985 ], [ -106.382987521854346, 31.735412862789222 ], [ -106.383796005610051, 31.735412862789222 ], [ -106.383796005610051, 31.735951851959694 ], [ -106.383257016439586, 31.735951851959694 ], [ -106.383257016439586, 31.736490841130166 ] ] ] ] } },
{ "type": "Feature", "properties": { "ZONA_MET": "Ju_rez", "INTENSIDAD": "Intensa", "T_PROM_POL": 3.0, "T_MIN_CIUD": 1.0, "DIF_TERMIC": 2.0 }, "geometry": { "type": "MultiPolygon", "coordinates": [ [ [ [ -106.446049254799533, 31.736760335715402 ], [ -106.445510265629068, 31.736760335715402 ], [ -106.445510265629068, 31.736490841130166 ], [ -106.445240771043828, 31.736490841130166 ], [ -106.445240771043828, 31.735412862789222 ], [ -106.444971276458588, 31.735412862789222 ], [ -106.444971276458588, 31.734873873618749 ], [ -106.445779760214307, 31.734873873618749 ], [ -106.445779760214307, 31.735412862789222 ], [ -106.446318749384773, 31.735412862789222 ], [ -106.446318749384773, 31.735951851959694 ], [ -106.446049254799533, 31.735951851959694 ], [ -106.446049254799533, 31.736760335715402 ] ] ] ] } },
{ "type": "Feature", "properties": { "ZONA_MET": "Ju_rez", "INTENSIDAD": "Intensa", "T_PROM_POL": 3.0, "T_MIN_CIUD": 1.0, "DIF_TERMIC": 2.0 }, "geometry": { "type": "MultiPolygon", "coordinates": [ [ [ [ -106.420716763787368, 31.736490841130166 ], [ -106.419908280031663, 31.736490841130166 ], [ -106.419908280031663, 31.73622134654493 ], [ -106.420177774616903, 31.73622134654493 ], [ -106.420177774616903, 31.735682357374458 ], [ -106.419908280031663, 31.735682357374458 ], [ -106.419908280031663, 31.735412862789222 ], [ -106.419638785446423, 31.735412862789222 ], [ -106.419638785446423, 31.735143368203985 ], [ -106.419369290861184, 31.735143368203985 ], [ -106.419369290861184, 31.734873873618749 ], [ -106.419908280031663, 31.734873873618749 ], [ -106.419908280031663, 31.73433488444828 ], [ -106.420177774616903, 31.73433488444828 ], [ -106.420177774616903, 31.735412862789222 ], [ -106.420447269202128, 31.735412862789222 ], [ -106.420447269202128, 31.735682357374458 ], [ -106.420716763787368, 31.735682357374458 ], [ -106.420716763787368, 31.735412862789222 ], [ -106.420986258372608, 31.735412862789222 ], [ -106.420986258372608, 31.735951851959694 ], [ -106.420716763787368, 31.735951851959694 ], [ -106.420716763787368, 31.736490841130166 ] ] ] ] } },
{ "type": "Feature", "properties": { "ZONA_MET": "Ju_rez", "INTENSIDAD": "Intensa", "T_PROM_POL": 3.0, "T_MIN_CIUD": 1.0, "DIF_TERMIC": 2.0 }, "geometry": { "type": "MultiPolygon", "coordinates": [ [ [ [ -106.391880843167129, 31.736490841130166 ], [ -106.391072359411424, 31.736490841130166 ], [ -106.391072359411424, 31.73622134654493 ], [ -106.39026387565572, 31.73622134654493 ], [ -106.39026387565572, 31.735951851959694 ], [ -106.38972488648524, 31.735951851959694 ], [ -106.38972488648524, 31.735682357374458 ], [ -106.389455391900015, 31.735682357374458 ], [ -106.389455391900015, 31.735412862789222 ], [ -106.388646908144295, 31.735412862789222 ], [ -106.388646908144295, 31.734873873618749 ], [ -106.38810791897383, 31.734873873618749 ], [ -106.38810791897383, 31.734604379033513 ], [ -106.389185897314775, 31.734604379033513 ], [ -106.389185897314775, 31.73433488444828 ], [ -106.389455391900015, 31.73433488444828 ], [ -106.389455391900015, 31.734604379033513 ], [ -106.38999438107048, 31.734604379033513 ], [ -106.38999438107048, 31.734873873618749 ], [ -106.38972488648524, 31.734873873618749 ], [ -106.38972488648524, 31.735143368203985 ], [ -106.38999438107048, 31.735143368203985 ], [ -106.38999438107048, 31.735412862789222 ], [ -106.390533370240945, 31.735412862789222 ], [ -106.390533370240945, 31.735951851959694 ], [ -106.391341853996664, 31.735951851959694 ], [ -106.391341853996664, 31.73622134654493 ], [ -106.391880843167129, 31.73622134654493 ], [ -106.391880843167129, 31.736490841130166 ] ] ] ] } },
{ "type": "Feature", "properties": { "ZONA_MET": "Ju_rez", "INTENSIDAD": "Extrema", "T_PROM_POL": 3.0, "T_MIN_CIUD": 1.0, "DIF_TERMIC": 2.0 }, "geometry": { "type": "MultiPolygon", "coordinates": [ [ [ [ -106.446318749384773, 31.735412862789222 ], [ -106.445779760214307, 31.735412862789222 ], [ -106.445779760214307, 31.735143368203985 ], [ -106.446049254799533, 31.735143368203985 ], [ -106.446049254799533, 31.734065389863044 ], [ -106.446857738555252, 31.734065389863044 ], [ -106.446857738555252, 31.734604379033513 ], [ -106.447127233140478, 31.734604379033513 ], [ -106.447127233140478, 31.734873873618749 ], [ -106.446588243970012, 31.734873873618749 ], [ -106.446588243970012, 31.735143368203985 ], [ -106.446318749384773, 31.735143368203985 ], [ -106.446318749384773, 31.735412862789222 ] ] ] ] } },
{ "type": "Feature", "properties": { "ZONA_MET": "Ju_rez", "INTENSIDAD": "Extrema", "T_PROM_POL": 3.0, "T_MIN_CIUD": 1.0, "DIF_TERMIC": 2.0 }, "geometry": { "type": "MultiPolygon", "coordinates": [ [ [ [ -106.376789146393918, 31.734873873618749 ], [ -106.375711168052973, 31.734873873618749 ], [ -106.375711168052973, 31.734065389863044 ], [ -106.375441673467748, 31.734065389863044 ], [ -106.375441673467748, 31.733256906107336 ], [ -106.375711168052973, 31.733256906107336 ], [ -106.375711168052973, 31.7329874115221 ], [ -106.375980662638213, 31.7329874115221 ], [ -106.375980662638213, 31.733526400692572 ], [ -106.376519651808692, 31.733526400692572 ], [ -106.376519651808692, 31.733795895277808 ], [ -106.376789146393918, 31.733795895277808 ], [ -106.376789146393918, 31.734873873618749 ] ], [ [ -106.376519651808692, 31.73433488444828 ], [ -106.376519651808692, 31.734065389863044 ], [ -106.376250157223453, 31.734065389863044 ], [ -106.376250157223453, 31.73433488444828 ], [ -106.376519651808692, 31.73433488444828 ] ] ] ] } },
{ "type": "Feature", "properties": { "ZONA_MET": "Ju_rez", "INTENSIDAD": "Intensa", "T_PROM_POL": 3.0, "T_MIN_CIUD": 1.0, "DIF_TERMIC": 2.0 }, "geometry": { "type": "MultiPolygon", "coordinates": [ [ [ [ -106.419099796275958, 31.734604379033513 ], [ -106.418560807105479, 31.734604379033513 ], [ -106.418560807105479, 31.734065389863044 ], [ -106.417482828764534, 31.734065389863044 ], [ -106.417482828764534, 31.734604379033513 ], [ -106.416674345008829, 31.734604379033513 ], [ -106.416674345008829, 31.73433488444828 ], [ -106.416943839594069, 31.73433488444828 ], [ -106.416943839594069, 31.733526400692572 ], [ -106.417213334179309, 31.733526400692572 ], [ -106.417213334179309, 31.7329874115221 ], [ -106.416943839594069, 31.7329874115221 ], [ -106.416943839594069, 31.732717916936863 ], [ -106.417482828764534, 31.732717916936863 ], [ -106.417482828764534, 31.733795895277808 ], [ -106.418291312520239, 31.733795895277808 ], [ -106.418291312520239, 31.733256906107336 ], [ -106.418560807105479, 31.733256906107336 ], [ -106.418560807105479, 31.732717916936863 ], [ -106.419638785446423, 31.732717916936863 ], [ -106.419638785446423, 31.733256906107336 ], [ -106.418830301690718, 31.733256906107336 ], [ -106.418830301690718, 31.73433488444828 ], [ -106.419099796275958, 31.73433488444828 ], [ -106.419099796275958, 31.734604379033513 ] ] ] ] } },
{ "type": "Feature", "properties": { "ZONA_MET": "Ju_rez", "INTENSIDAD": "Intensa", "T_PROM_POL": 3.0, "T_MIN_CIUD": 1.0, "DIF_TERMIC": 2.0 }, "geometry": { "type": "MultiPolygon", "coordinates": [ [ [ [ -106.449552684407607, 31.736490841130166 ], [ -106.449283189822367, 31.736490841130166 ], [ -106.449283189822367, 31.735143368203985 ], [ -106.449552684407607, 31.735143368203985 ], [ -106.449552684407607, 31.734873873618749 ], [ -106.449283189822367, 31.734873873618749 ], [ -106.449283189822367, 31.734604379033513 ], [ -106.448205211481422, 31.734604379033513 ], [ -106.448205211481422, 31.735412862789222 ], [ -106.447935716896183, 31.735412862789222 ], [ -106.447935716896183, 31.735951851959694 ], [ -106.447396727725717, 31.735951851959694 ], [ -106.447396727725717, 31.735143368203985 ], [ -106.447666222310957, 31.735143368203985 ], [ -106.447666222310957, 31.734873873618749 ], [ -106.447935716896183, 31.734873873618749 ], [ -106.447935716896183, 31.734065389863044 ], [ -106.446049254799533, 31.734065389863044 ], [ -106.446049254799533, 31.73433488444828 ], [ -106.445779760214307, 31.73433488444828 ], [ -106.445779760214307, 31.734604379033513 ], [ -106.445510265629068, 31.734604379033513 ], [ -106.445510265629068, 31.734065389863044 ], [ -106.445779760214307, 31.734065389863044 ], [ -106.445779760214307, 31.733795895277808 ], [ -106.446857738555252, 31.733795895277808 ], [ -106.446857738555252, 31.733526400692572 ], [ -106.448205211481422, 31.733526400692572 ], [ -106.448205211481422, 31.7329874115221 ], [ -106.447935716896183, 31.7329874115221 ], [ -106.447935716896183, 31.731639938595919 ], [ -106.448205211481422, 31.731639938595919 ], [ -106.448205211481422, 31.731909433181155 ], [ -106.448474706066662, 31.731909433181155 ], [ -106.448474706066662, 31.732178927766391 ], [ -106.448205211481422, 31.732178927766391 ], [ -106.448205211481422, 31.732448422351627 ], [ -106.448744200651902, 31.732448422351627 ], [ -106.448744200651902, 31.733526400692572 ], [ -106.448474706066662, 31.733526400692572 ], [ -106.448474706066662, 31.733795895277808 ], [ -106.448205211481422, 31.733795895277808 ], [ -106.448205211481422, 31.734065389863044 ], [ -106.449552684407607, 31.734065389863044 ], [ -106.449552684407607, 31.73433488444828 ], [ -106.450091673578072, 31.73433488444828 ], [ -106.450091673578072, 31.734604379033513 ], [ -106.450361168163312, 31.734604379033513 ], [ -106.450361168163312, 31.734873873618749 ], [ -106.450900157333777, 31.734873873618749 ], [ -106.450900157333777, 31.735682357374458 ], [ -106.450361168163312, 31.735682357374458 ], [ -106.450361168163312, 31.735951851959694 ], [ -106.450091673578072, 31.735951851959694 ], [ -106.450091673578072, 31.735682357374458 ], [ -106.449822178992846, 31.735682357374458 ], [ -106.449822178992846, 31.73622134654493 ], [ -106.449552684407607, 31.73622134654493 ], [ -106.449552684407607, 31.736490841130166 ] ] ] ] } },
{ "type": "Feature", "properties": { "ZONA_MET": "Ju_rez", "INTENSIDAD": "Intensa", "T_PROM_POL": 3.0, "T_MIN_CIUD": 1.0, "DIF_TERMIC": 2.0 }, "geometry": { "type": "MultiPolygon", "coordinates": [ [ [ [ -106.38810791897383, 31.734604379033513 ], [ -106.387299435218125, 31.734604379033513 ], [ -106.387299435218125, 31.73433488444828 ], [ -106.386760446047646, 31.73433488444828 ], [ -106.386760446047646, 31.734065389863044 ], [ -106.38622145687718, 31.734065389863044 ], [ -106.38622145687718, 31.733795895277808 ], [ -106.385951962291941, 31.733795895277808 ], [ -106.385951962291941, 31.733526400692572 ], [ -106.385412973121475, 31.733526400692572 ], [ -106.385412973121475, 31.733256906107336 ], [ -106.384873983950996, 31.733256906107336 ], [ -106.384873983950996, 31.7329874115221 ], [ -106.384604489365756, 31.7329874115221 ], [ -106.384604489365756, 31.732717916936863 ], [ -106.384065500195291, 31.732717916936863 ], [ -106.384065500195291, 31.732448422351627 ], [ -106.383257016439586, 31.732448422351627 ], [ -106.383257016439586, 31.732178927766391 ], [ -106.382987521854346, 31.732178927766391 ], [ -106.382987521854346, 31.731909433181155 ], [ -106.382448532683881, 31.731909433181155 ], [ -106.382448532683881, 31.731639938595919 ], [ -106.382179038098641, 31.731639938595919 ], [ -106.382179038098641, 31.731370444010686 ], [ -106.381909543513402, 31.731370444010686 ], [ -106.381909543513402, 31.73110094942545 ], [ -106.382448532683881, 31.73110094942545 ], [ -106.382448532683881, 31.731370444010686 ], [ -106.382718027269107, 31.731370444010686 ], [ -106.382718027269107, 31.731639938595919 ], [ -106.383257016439586, 31.731639938595919 ], [ -106.383257016439586, 31.731909433181155 ], [ -106.383526511024826, 31.731909433181155 ], [ -106.383526511024826, 31.732178927766391 ], [ -106.384604489365756, 31.732178927766391 ], [ -106.384604489365756, 31.732448422351627 ], [ -106.384873983950996, 31.732448422351627 ], [ -106.384873983950996, 31.732717916936863 ], [ -106.385412973121475, 31.732717916936863 ], [ -106.385412973121475, 31.7329874115221 ], [ -106.385682467706701, 31.7329874115221 ], [ -106.385682467706701, 31.733256906107336 ], [ -106.38649095146242, 31.733256906107336 ], [ -106.38649095146242, 31.733526400692572 ], [ -106.386760446047646, 31.733526400692572 ], [ -106.386760446047646, 31.733795895277808 ], [ -106.387299435218125, 31.733795895277808 ], [ -106.387299435218125, 31.734065389863044 ], [ -106.38783842438859, 31.734065389863044 ], [ -106.38783842438859, 31.73433488444828 ], [ -106.38810791897383, 31.73433488444828 ], [ -106.38810791897383, 31.734604379033513 ] ] ] ] } },
{ "type": "Feature", "properties": { "ZONA_MET": "Ju_rez", "INTENSIDAD": "Intensa", "T_PROM_POL": 3.0, "T_MIN_CIUD": 1.0, "DIF_TERMIC": 2.0 }, "geometry": { "type": "MultiPolygon", "coordinates": [ [ [ [ -106.415865861253124, 31.733795895277808 ], [ -106.415326872082645, 31.733795895277808 ], [ -106.415326872082645, 31.733256906107336 ], [ -106.414787882912179, 31.733256906107336 ], [ -106.414787882912179, 31.732448422351627 ], [ -106.4142488937417, 31.732448422351627 ], [ -106.4142488937417, 31.731639938595919 ], [ -106.41451838832694, 31.731639938595919 ], [ -106.41451838832694, 31.73110094942545 ], [ -106.415057377497419, 31.73110094942545 ], [ -106.415057377497419, 31.732448422351627 ], [ -106.415326872082645, 31.732448422351627 ], [ -106.415326872082645, 31.732178927766391 ], [ -106.415596366667884, 31.732178927766391 ], [ -106.415596366667884, 31.732448422351627 ], [ -106.416135355838364, 31.732448422351627 ], [ -106.416135355838364, 31.7329874115221 ], [ -106.415865861253124, 31.7329874115221 ], [ -106.415865861253124, 31.733795895277808 ] ] ] ] } },
{ "type": "Feature", "properties": { "ZONA_MET": "Ju_rez", "INTENSIDAD": "Extrema", "T_PROM_POL": 3.0, "T_MIN_CIUD": 1.0, "DIF_TERMIC": 2.0 }, "geometry": { "type": "MultiPolygon", "coordinates": [ [ [ [ -106.415596366667884, 31.732178927766391 ], [ -106.415057377497419, 31.732178927766391 ], [ -106.415057377497419, 31.731909433181155 ], [ -106.415326872082645, 31.731909433181155 ], [ -106.415326872082645, 31.731639938595919 ], [ -106.415057377497419, 31.731639938595919 ], [ -106.415057377497419, 31.73110094942545 ], [ -106.416404850423589, 31.73110094942545 ], [ -106.416404850423589, 31.730831454840214 ], [ -106.416943839594069, 31.730831454840214 ], [ -106.416943839594069, 31.73110094942545 ], [ -106.417482828764534, 31.73110094942545 ], [ -106.417482828764534, 31.731639938595919 ], [ -106.417213334179309, 31.731639938595919 ], [ -106.417213334179309, 31.731370444010686 ], [ -106.416135355838364, 31.731370444010686 ], [ -106.416135355838364, 31.731639938595919 ], [ -106.415596366667884, 31.731639938595919 ], [ -106.415596366667884, 31.732178927766391 ] ] ] ] } },
{ "type": "Feature", "properties": { "ZONA_MET": "Ju_rez", "INTENSIDAD": "Intensa", "T_PROM_POL": 3.0, "T_MIN_CIUD": 1.0, "DIF_TERMIC": 2.0 }, "geometry": { "type": "MultiPolygon", "coordinates": [ [ [ [ -106.388646908144295, 31.731909433181155 ], [ -106.38783842438859, 31.731909433181155 ], [ -106.38783842438859, 31.731639938595919 ], [ -106.387029940632885, 31.731639938595919 ], [ -106.387029940632885, 31.731370444010686 ], [ -106.38649095146242, 31.731370444010686 ], [ -106.38649095146242, 31.73110094942545 ], [ -106.385951962291941, 31.73110094942545 ], [ -106.385951962291941, 31.730561960254978 ], [ -106.38622145687718, 31.730561960254978 ], [ -106.38622145687718, 31.730831454840214 ], [ -106.386760446047646, 31.730831454840214 ], [ -106.386760446047646, 31.73110094942545 ], [ -106.387568929803351, 31.73110094942545 ], [ -106.387568929803351, 31.731370444010686 ], [ -106.38837741355907, 31.731370444010686 ], [ -106.38837741355907, 31.731639938595919 ], [ -106.388646908144295, 31.731639938595919 ], [ -106.388646908144295, 31.731909433181155 ] ] ] ] } },
{ "type": "Feature", "properties": { "ZONA_MET": "Ju_rez", "INTENSIDAD": "Intensa", "T_PROM_POL": 3.0, "T_MIN_CIUD": 1.0, "DIF_TERMIC": 2.0 }, "geometry": { "type": "MultiPolygon", "coordinates": [ [ [ [ -106.36897380342208, 31.7329874115221 ], [ -106.368704308836854, 31.7329874115221 ], [ -106.368704308836854, 31.732448422351627 ], [ -106.368434814251614, 31.732448422351627 ], [ -106.368434814251614, 31.731639938595919 ], [ -106.368165319666375, 31.731639938595919 ], [ -106.368165319666375, 31.730561960254978 ], [ -106.367895825081135, 31.730561960254978 ], [ -106.367895825081135, 31.730292465669741 ], [ -106.368165319666375, 31.730292465669741 ], [ -106.368165319666375, 31.730022971084505 ], [ -106.368434814251614, 31.730022971084505 ], [ -106.368434814251614, 31.731370444010686 ], [ -106.368704308836854, 31.731370444010686 ], [ -106.368704308836854, 31.731639938595919 ], [ -106.36897380342208, 31.731639938595919 ], [ -106.36897380342208, 31.7329874115221 ] ] ] ] } },
{ "type": "Feature", "properties": { "ZONA_MET": "Ju_rez", "INTENSIDAD": "Intensa", "T_PROM_POL": 3.0, "T_MIN_CIUD": 1.0, "DIF_TERMIC": 2.0 }, "geometry": { "type": "MultiPolygon", "coordinates": [ [ [ [ -106.421794742128313, 31.730831454840214 ], [ -106.421525247543073, 31.730831454840214 ], [ -106.421525247543073, 31.730561960254978 ], [ -106.420986258372608, 31.730561960254978 ], [ -106.420986258372608, 31.730292465669741 ], [ -106.421255752957833, 31.730292465669741 ], [ -106.421255752957833, 31.730022971084505 ], [ -106.419908280031663, 31.730022971084505 ], [ -106.419908280031663, 31.729753476499269 ], [ -106.419369290861184, 31.729753476499269 ], [ -106.419369290861184, 31.729483981914033 ], [ -106.420716763787368, 31.729483981914033 ], [ -106.420716763787368, 31.729753476499269 ], [ -106.421794742128313, 31.729753476499269 ], [ -106.421794742128313, 31.730022971084505 ], [ -106.422064236713553, 31.730022971084505 ], [ -106.422064236713553, 31.730292465669741 ], [ -106.422333731298778, 31.730292465669741 ], [ -106.422333731298778, 31.730022971084505 ], [ -106.422603225884018, 31.730022971084505 ], [ -106.422603225884018, 31.730292465669741 ], [ -106.422872720469258, 31.730292465669741 ], [ -106.422872720469258, 31.730561960254978 ], [ -106.421794742128313, 31.730561960254978 ], [ -106.421794742128313, 31.730831454840214 ] ] ] ] } },
{ "type": "Feature", "properties": { "ZONA_MET": "Ju_rez", "INTENSIDAD": "Extrema", "T_PROM_POL": 3.0, "T_MIN_CIUD": 1.0, "DIF_TERMIC": 2.0 }, "geometry": { "type": "MultiPolygon", "coordinates": [ [ [ [ -106.370590770933504, 31.7329874115221 ], [ -106.36897380342208, 31.7329874115221 ], [ -106.36897380342208, 31.732178927766391 ], [ -106.369782287177784, 31.732178927766391 ], [ -106.369782287177784, 31.731909433181155 ], [ -106.370590770933504, 31.731909433181155 ], [ -106.370590770933504, 31.731639938595919 ], [ -106.368704308836854, 31.731639938595919 ], [ -106.368704308836854, 31.731370444010686 ], [ -106.368434814251614, 31.731370444010686 ], [ -106.368434814251614, 31.730022971084505 ], [ -106.368165319666375, 31.730022971084505 ], [ -106.368165319666375, 31.729753476499269 ], [ -106.368434814251614, 31.729753476499269 ], [ -106.368434814251614, 31.729483981914033 ], [ -106.368704308836854, 31.729483981914033 ], [ -106.368704308836854, 31.730022971084505 ], [ -106.36897380342208, 31.730022971084505 ], [ -106.36897380342208, 31.730292465669741 ], [ -106.369243298007319, 31.730292465669741 ], [ -106.369243298007319, 31.730561960254978 ], [ -106.370321276348264, 31.730561960254978 ], [ -106.370321276348264, 31.73110094942545 ], [ -106.371129760103969, 31.73110094942545 ], [ -106.371129760103969, 31.730831454840214 ], [ -106.371668749274448, 31.730831454840214 ], [ -106.371668749274448, 31.730561960254978 ], [ -106.371938243859674, 31.730561960254978 ], [ -106.371938243859674, 31.730831454840214 ], [ -106.372477233030153, 31.730831454840214 ], [ -106.372477233030153, 31.730561960254978 ], [ -106.372207738444914, 31.730561960254978 ], [ -106.372207738444914, 31.730292465669741 ], [ -106.372477233030153, 31.730292465669741 ], [ -106.372477233030153, 31.729753476499269 ], [ -106.373824705956324, 31.729753476499269 ], [ -106.373824705956324, 31.730022971084505 ], [ -106.373555211371098, 31.730022971084505 ], [ -106.373555211371098, 31.73110094942545 ], [ -106.372207738444914, 31.73110094942545 ], [ -106.372207738444914, 31.731370444010686 ], [ -106.371399254689209, 31.731370444010686 ], [ -106.371399254689209, 31.731639938595919 ], [ -106.371938243859674, 31.731639938595919 ], [ -106.371938243859674, 31.731909433181155 ], [ -106.371668749274448, 31.731909433181155 ], [ -106.371668749274448, 31.732178927766391 ], [ -106.370860265518729, 31.732178927766391 ], [ -106.370860265518729, 31.732448422351627 ], [ -106.371399254689209, 31.732448422351627 ], [ -106.371399254689209, 31.732717916936863 ], [ -106.370590770933504, 31.732717916936863 ], [ -106.370590770933504, 31.7329874115221 ] ], [ [ -106.370590770933504, 31.732717916936863 ], [ -106.370590770933504, 31.732448422351627 ], [ -106.370321276348264, 31.732448422351627 ], [ -106.370321276348264, 31.732717916936863 ], [ -106.370590770933504, 31.732717916936863 ] ], [ [ -106.370051781763024, 31.731370444010686 ], [ -106.370051781763024, 31.730831454840214 ], [ -106.369782287177784, 31.730831454840214 ], [ -106.369782287177784, 31.73110094942545 ], [ -106.36897380342208, 31.73110094942545 ], [ -106.36897380342208, 31.731370444010686 ], [ -106.370051781763024, 31.731370444010686 ] ] ] ] } },
{ "type": "Feature", "properties": { "ZONA_MET": "Ju_rez", "INTENSIDAD": "Intensa", "T_PROM_POL": 3.0, "T_MIN_CIUD": 1.0, "DIF_TERMIC": 2.0 }, "geometry": { "type": "MultiPolygon", "coordinates": [ [ [ [ -106.381909543513402, 31.73110094942545 ], [ -106.381370554342936, 31.73110094942545 ], [ -106.381370554342936, 31.730561960254978 ], [ -106.381101059757697, 31.730561960254978 ], [ -106.381101059757697, 31.730292465669741 ], [ -106.380831565172457, 31.730292465669741 ], [ -106.380831565172457, 31.730022971084505 ], [ -106.380292576001992, 31.730022971084505 ], [ -106.380292576001992, 31.729214487328797 ], [ -106.380562070587231, 31.729214487328797 ], [ -106.380562070587231, 31.728675498158324 ], [ -106.380831565172457, 31.728675498158324 ], [ -106.380831565172457, 31.729214487328797 ], [ -106.381101059757697, 31.729214487328797 ], [ -106.381101059757697, 31.729753476499269 ], [ -106.381370554342936, 31.729753476499269 ], [ -106.381370554342936, 31.730292465669741 ], [ -106.381640048928162, 31.730292465669741 ], [ -106.381640048928162, 31.730831454840214 ], [ -106.381909543513402, 31.730831454840214 ], [ -106.381909543513402, 31.73110094942545 ] ] ] ] } },
{ "type": "Feature", "properties": { "ZONA_MET": "Ju_rez", "INTENSIDAD": "Intensa", "T_PROM_POL": 3.0, "T_MIN_CIUD": 1.0, "DIF_TERMIC": 2.0 }, "geometry": { "type": "MultiPolygon", "coordinates": [ [ [ [ -106.478119110442606, 31.730022971084505 ], [ -106.47758012127214, 31.730022971084505 ], [ -106.47758012127214, 31.729483981914033 ], [ -106.477310626686901, 31.729483981914033 ], [ -106.477310626686901, 31.729214487328797 ], [ -106.477041132101661, 31.729214487328797 ], [ -106.477041132101661, 31.728944992743561 ], [ -106.476771637516421, 31.728944992743561 ], [ -106.476771637516421, 31.728406003573088 ], [ -106.476232648345956, 31.728406003573088 ], [ -106.476232648345956, 31.728136508987856 ], [ -106.477041132101661, 31.728136508987856 ], [ -106.477041132101661, 31.727867014402619 ], [ -106.47758012127214, 31.727867014402619 ], [ -106.47758012127214, 31.728136508987856 ], [ -106.477849615857366, 31.728136508987856 ], [ -106.477849615857366, 31.728675498158324 ], [ -106.478119110442606, 31.728675498158324 ], [ -106.478119110442606, 31.728944992743561 ], [ -106.47919708878355, 31.728944992743561 ], [ -106.47919708878355, 31.729483981914033 ], [ -106.478927594198311, 31.729483981914033 ], [ -106.478927594198311, 31.729214487328797 ], [ -106.478658099613071, 31.729214487328797 ], [ -106.478658099613071, 31.729753476499269 ], [ -106.478119110442606, 31.729753476499269 ], [ -106.478119110442606, 31.730022971084505 ] ], [ [ -106.478119110442606, 31.729483981914033 ], [ -106.478119110442606, 31.729214487328797 ], [ -106.477849615857366, 31.729214487328797 ], [ -106.477849615857366, 31.729483981914033 ], [ -106.478119110442606, 31.729483981914033 ] ] ] ] } },
{ "type": "Feature", "properties": { "ZONA_MET": "Ju_rez", "INTENSIDAD": "Extrema", "T_PROM_POL": 3.0, "T_MIN_CIUD": 1.0, "DIF_TERMIC": 2.0 }, "geometry": { "type": "MultiPolygon", "coordinates": [ [ [ [ -106.36897380342208, 31.728675498158324 ], [ -106.368434814251614, 31.728675498158324 ], [ -106.368434814251614, 31.728136508987856 ], [ -106.368704308836854, 31.728136508987856 ], [ -106.368704308836854, 31.727867014402619 ], [ -106.368165319666375, 31.727867014402619 ], [ -106.368165319666375, 31.727328025232147 ], [ -106.368434814251614, 31.727328025232147 ], [ -106.368434814251614, 31.727058530646911 ], [ -106.36897380342208, 31.727058530646911 ], [ -106.36897380342208, 31.727328025232147 ], [ -106.369243298007319, 31.727328025232147 ], [ -106.369243298007319, 31.728136508987856 ], [ -106.36897380342208, 31.728136508987856 ], [ -106.36897380342208, 31.728675498158324 ] ] ] ] } },
{ "type": "Feature", "properties": { "ZONA_MET": "Ju_rez", "INTENSIDAD": "Intensa", "T_PROM_POL": 3.0, "T_MIN_CIUD": 1.0, "DIF_TERMIC": 2.0 }, "geometry": { "type": "MultiPolygon", "coordinates": [ [ [ [ -106.493749796386282, 31.728136508987856 ], [ -106.492671818045338, 31.728136508987856 ], [ -106.492671818045338, 31.727867014402619 ], [ -106.492402323460112, 31.727867014402619 ], [ -106.492402323460112, 31.727597519817383 ], [ -106.492671818045338, 31.727597519817383 ], [ -106.492671818045338, 31.727328025232147 ], [ -106.492402323460112, 31.727328025232147 ], [ -106.492402323460112, 31.726519541476438 ], [ -106.492671818045338, 31.726519541476438 ], [ -106.492671818045338, 31.726250046891202 ], [ -106.493480301801043, 31.726250046891202 ], [ -106.493480301801043, 31.726519541476438 ], [ -106.493749796386282, 31.726519541476438 ], [ -106.493749796386282, 31.728136508987856 ] ] ] ] } },
{ "type": "Feature", "properties": { "ZONA_MET": "Ju_rez", "INTENSIDAD": "Intensa", "T_PROM_POL": 3.0, "T_MIN_CIUD": 1.0, "DIF_TERMIC": 2.0 }, "geometry": { "type": "MultiPolygon", "coordinates": [ [ [ [ -106.396462251116134, 31.727058530646911 ], [ -106.395384272775203, 31.727058530646911 ], [ -106.395384272775203, 31.726519541476438 ], [ -106.394575789019484, 31.726519541476438 ], [ -106.394575789019484, 31.726250046891202 ], [ -106.394036799849019, 31.726250046891202 ], [ -106.394036799849019, 31.726519541476438 ], [ -106.393767305263779, 31.726519541476438 ], [ -106.393767305263779, 31.725441563135494 ], [ -106.394575789019484, 31.725441563135494 ], [ -106.394575789019484, 31.725172068550261 ], [ -106.395114778189964, 31.725172068550261 ], [ -106.395114778189964, 31.724902573965025 ], [ -106.396731745701373, 31.724902573965025 ], [ -106.396731745701373, 31.725172068550261 ], [ -106.395653767360429, 31.725172068550261 ], [ -106.395653767360429, 31.725441563135494 ], [ -106.396192756530908, 31.725441563135494 ], [ -106.396192756530908, 31.725980552305966 ], [ -106.395653767360429, 31.725980552305966 ], [ -106.395653767360429, 31.726250046891202 ], [ -106.396192756530908, 31.726250046891202 ], [ -106.396192756530908, 31.726519541476438 ], [ -106.396462251116134, 31.726519541476438 ], [ -106.396462251116134, 31.727058530646911 ] ], [ [ -106.395114778189964, 31.72571105772073 ], [ -106.395114778189964, 31.725441563135494 ], [ -106.394845283604724, 31.725441563135494 ], [ -106.394845283604724, 31.72571105772073 ], [ -106.395114778189964, 31.72571105772073 ] ] ] ] } },
{ "type": "Feature", "properties": { "ZONA_MET": "Ju_rez", "INTENSIDAD": "Intensa", "T_PROM_POL": 3.0, "T_MIN_CIUD": 1.0, "DIF_TERMIC": 2.0 }, "geometry": { "type": "MultiPolygon", "coordinates": [ [ [ [ -106.474885175419772, 31.725172068550261 ], [ -106.474346186249306, 31.725172068550261 ], [ -106.474346186249306, 31.724902573965025 ], [ -106.472998713323122, 31.724902573965025 ], [ -106.472998713323122, 31.724094090209316 ], [ -106.474346186249306, 31.724094090209316 ], [ -106.474346186249306, 31.724363584794553 ], [ -106.474615680834546, 31.724363584794553 ], [ -106.474615680834546, 31.724633079379789 ], [ -106.474885175419772, 31.724633079379789 ], [ -106.474885175419772, 31.725172068550261 ] ] ] ] } },
{ "type": "Feature", "properties": { "ZONA_MET": "Ju_rez", "INTENSIDAD": "Intensa", "T_PROM_POL": 3.0, "T_MIN_CIUD": 1.0, "DIF_TERMIC": 2.0 }, "geometry": { "type": "MultiPolygon", "coordinates": [ [ [ [ -106.371129760103969, 31.725441563135494 ], [ -106.370860265518729, 31.725441563135494 ], [ -106.370860265518729, 31.724902573965025 ], [ -106.371129760103969, 31.724902573965025 ], [ -106.371129760103969, 31.724633079379789 ], [ -106.370590770933504, 31.724633079379789 ], [ -106.370590770933504, 31.724902573965025 ], [ -106.370321276348264, 31.724902573965025 ], [ -106.370321276348264, 31.724363584794553 ], [ -106.370860265518729, 31.724363584794553 ], [ -106.370860265518729, 31.724094090209316 ], [ -106.371129760103969, 31.724094090209316 ], [ -106.371129760103969, 31.724363584794553 ], [ -106.371399254689209, 31.724363584794553 ], [ -106.371399254689209, 31.724094090209316 ], [ -106.371668749274448, 31.724094090209316 ], [ -106.371668749274448, 31.724633079379789 ], [ -106.371399254689209, 31.724633079379789 ], [ -106.371399254689209, 31.724902573965025 ], [ -106.371938243859674, 31.724902573965025 ], [ -106.371938243859674, 31.725172068550261 ], [ -106.371129760103969, 31.725172068550261 ], [ -106.371129760103969, 31.725441563135494 ] ] ] ] } },
{ "type": "Feature", "properties": { "ZONA_MET": "Ju_rez", "INTENSIDAD": "Intensa", "T_PROM_POL": 3.0, "T_MIN_CIUD": 1.0, "DIF_TERMIC": 2.0 }, "geometry": { "type": "MultiPolygon", "coordinates": [ [ [ [ -106.402121637406097, 31.726250046891202 ], [ -106.401582648235618, 31.726250046891202 ], [ -106.401582648235618, 31.725441563135494 ], [ -106.400504669894673, 31.725441563135494 ], [ -106.400504669894673, 31.725172068550261 ], [ -106.399965680724208, 31.725172068550261 ], [ -106.399965680724208, 31.724633079379789 ], [ -106.399426691553728, 31.724633079379789 ], [ -106.399426691553728, 31.724363584794553 ], [ -106.398618207798023, 31.724363584794553 ], [ -106.398618207798023, 31.723555101038844 ], [ -106.398887702383263, 31.723555101038844 ], [ -106.398887702383263, 31.724094090209316 ], [ -106.400235175309447, 31.724094090209316 ], [ -106.400235175309447, 31.724363584794553 ], [ -106.400504669894673, 31.724363584794553 ], [ -106.400504669894673, 31.724902573965025 ], [ -106.401043659065152, 31.724902573965025 ], [ -106.401043659065152, 31.724094090209316 ], [ -106.401313153650392, 31.724094090209316 ], [ -106.401313153650392, 31.724363584794553 ], [ -106.401582648235618, 31.724363584794553 ], [ -106.401582648235618, 31.724633079379789 ], [ -106.402391131991322, 31.724633079379789 ], [ -106.402391131991322, 31.725172068550261 ], [ -106.403199615747042, 31.725172068550261 ], [ -106.403199615747042, 31.72571105772073 ], [ -106.402660626576562, 31.72571105772073 ], [ -106.402660626576562, 31.725980552305966 ], [ -106.402121637406097, 31.725980552305966 ], [ -106.402121637406097, 31.726250046891202 ] ] ] ] } },
{ "type": "Feature", "properties": { "ZONA_MET": "Ju_rez", "INTENSIDAD": "Extrema", "T_PROM_POL": 3.0, "T_MIN_CIUD": 1.0, "DIF_TERMIC": 2.0 }, "geometry": { "type": "MultiPolygon", "coordinates": [ [ [ [ -106.400235175309447, 31.724094090209316 ], [ -106.398887702383263, 31.724094090209316 ], [ -106.398887702383263, 31.723016111868372 ], [ -106.399965680724208, 31.723016111868372 ], [ -106.399965680724208, 31.723285606453608 ], [ -106.400235175309447, 31.723285606453608 ], [ -106.400235175309447, 31.724094090209316 ] ] ] ] } },
{ "type": "Feature", "properties": { "ZONA_MET": "Ju_rez", "INTENSIDAD": "Extrema", "T_PROM_POL": 3.0, "T_MIN_CIUD": 1.0, "DIF_TERMIC": 2.0 }, "geometry": { "type": "MultiPolygon", "coordinates": [ [ [ [ -106.366548352154965, 31.72382459562408 ], [ -106.366009362984485, 31.72382459562408 ], [ -106.366009362984485, 31.723555101038844 ], [ -106.36573986839926, 31.723555101038844 ], [ -106.36573986839926, 31.722477122697899 ], [ -106.36681784674019, 31.722477122697899 ], [ -106.36681784674019, 31.722207628112667 ], [ -106.36708734132543, 31.722207628112667 ], [ -106.36708734132543, 31.723016111868372 ], [ -106.36681784674019, 31.723016111868372 ], [ -106.36681784674019, 31.723285606453608 ], [ -106.366548352154965, 31.723285606453608 ], [ -106.366548352154965, 31.72382459562408 ] ] ] ] } },
{ "type": "Feature", "properties": { "ZONA_MET": "Ju_rez", "INTENSIDAD": "Intensa", "T_PROM_POL": 3.0, "T_MIN_CIUD": 1.0, "DIF_TERMIC": 2.0 }, "geometry": { "type": "MultiPolygon", "coordinates": [ [ [ [ -106.390802864826185, 31.722746617283136 ], [ -106.39026387565572, 31.722746617283136 ], [ -106.39026387565572, 31.722477122697899 ], [ -106.38999438107048, 31.722477122697899 ], [ -106.38999438107048, 31.722207628112667 ], [ -106.389455391900015, 31.722207628112667 ], [ -106.389455391900015, 31.721938133527431 ], [ -106.389185897314775, 31.721938133527431 ], [ -106.389185897314775, 31.721668638942194 ], [ -106.388916402729535, 31.721668638942194 ], [ -106.388916402729535, 31.720860155186486 ], [ -106.389455391900015, 31.720860155186486 ], [ -106.389455391900015, 31.721668638942194 ], [ -106.38972488648524, 31.721668638942194 ], [ -106.38972488648524, 31.721938133527431 ], [ -106.391072359411424, 31.721938133527431 ], [ -106.391072359411424, 31.722477122697899 ], [ -106.390802864826185, 31.722477122697899 ], [ -106.390802864826185, 31.722746617283136 ] ] ] ] } },
{ "type": "Feature", "properties": { "ZONA_MET": "Ju_rez", "INTENSIDAD": "Extrema", "T_PROM_POL": 3.0, "T_MIN_CIUD": 1.0, "DIF_TERMIC": 2.0 }, "geometry": { "type": "MultiPolygon", "coordinates": [ [ [ [ -106.391072359411424, 31.721938133527431 ], [ -106.38972488648524, 31.721938133527431 ], [ -106.38972488648524, 31.721668638942194 ], [ -106.389455391900015, 31.721668638942194 ], [ -106.389455391900015, 31.720860155186486 ], [ -106.391072359411424, 31.720860155186486 ], [ -106.391072359411424, 31.721938133527431 ] ] ] ] } },
{ "type": "Feature", "properties": { "ZONA_MET": "Ju_rez", "INTENSIDAD": "Intensa", "T_PROM_POL": 3.0, "T_MIN_CIUD": 1.0, "DIF_TERMIC": 2.0 }, "geometry": { "type": "MultiPolygon", "coordinates": [ [ [ [ -106.377328135564397, 31.733256906107336 ], [ -106.377058640979158, 31.733256906107336 ], [ -106.377058640979158, 31.732717916936863 ], [ -106.376789146393918, 31.732717916936863 ], [ -106.376789146393918, 31.732448422351627 ], [ -106.376250157223453, 31.732448422351627 ], [ -106.376250157223453, 31.732178927766391 ], [ -106.375980662638213, 31.732178927766391 ], [ -106.375980662638213, 31.732717916936863 ], [ -106.375172178882508, 31.732717916936863 ], [ -106.375172178882508, 31.732448422351627 ], [ -106.375441673467748, 31.732448422351627 ], [ -106.375441673467748, 31.732178927766391 ], [ -106.375172178882508, 31.732178927766391 ], [ -106.375172178882508, 31.731909433181155 ], [ -106.374633189712043, 31.731909433181155 ], [ -106.374633189712043, 31.732448422351627 ], [ -106.373824705956324, 31.732448422351627 ], [ -106.373824705956324, 31.732717916936863 ], [ -106.371938243859674, 31.732717916936863 ], [ -106.371938243859674, 31.7329874115221 ], [ -106.371668749274448, 31.7329874115221 ], [ -106.371668749274448, 31.733256906107336 ], [ -106.370860265518729, 31.733256906107336 ], [ -106.370860265518729, 31.7329874115221 ], [ -106.371129760103969, 31.7329874115221 ], [ -106.371129760103969, 31.732717916936863 ], [ -106.371399254689209, 31.732717916936863 ], [ -106.371399254689209, 31.732448422351627 ], [ -106.372746727615379, 31.732448422351627 ], [ -106.372746727615379, 31.732178927766391 ], [ -106.373285716785858, 31.732178927766391 ], [ -106.373285716785858, 31.731909433181155 ], [ -106.371938243859674, 31.731909433181155 ], [ -106.371938243859674, 31.731370444010686 ], [ -106.372207738444914, 31.731370444010686 ], [ -106.372207738444914, 31.731639938595919 ], [ -106.372746727615379, 31.731639938595919 ], [ -106.372746727615379, 31.731370444010686 ], [ -106.374094200541563, 31.731370444010686 ], [ -106.374094200541563, 31.730831454840214 ], [ -106.373555211371098, 31.730831454840214 ], [ -106.373555211371098, 31.730561960254978 ], [ -106.373824705956324, 31.730561960254978 ], [ -106.373824705956324, 31.730292465669741 ], [ -106.373555211371098, 31.730292465669741 ], [ -106.373555211371098, 31.730022971084505 ], [ -106.373824705956324, 31.730022971084505 ], [ -106.373824705956324, 31.729483981914033 ], [ -106.373555211371098, 31.729483981914033 ], [ -106.373555211371098, 31.729753476499269 ], [ -106.371668749274448, 31.729753476499269 ], [ -106.371668749274448, 31.730292465669741 ], [ -106.370860265518729, 31.730292465669741 ], [ -106.370860265518729, 31.729753476499269 ], [ -106.370590770933504, 31.729753476499269 ], [ -106.370590770933504, 31.729483981914033 ], [ -106.369243298007319, 31.729483981914033 ], [ -106.369243298007319, 31.729753476499269 ], [ -106.368704308836854, 31.729753476499269 ], [ -106.368704308836854, 31.729483981914033 ], [ -106.368434814251614, 31.729483981914033 ], [ -106.368434814251614, 31.728675498158324 ], [ -106.36897380342208, 31.728675498158324 ], [ -106.36897380342208, 31.728944992743561 ], [ -106.368704308836854, 31.728944992743561 ], [ -106.368704308836854, 31.729214487328797 ], [ -106.369512792592559, 31.729214487328797 ], [ -106.369512792592559, 31.727867014402619 ], [ -106.370051781763024, 31.727867014402619 ], [ -106.370051781763024, 31.727058530646911 ], [ -106.370321276348264, 31.727058530646911 ], [ -106.370321276348264, 31.726250046891202 ], [ -106.370051781763024, 31.726250046891202 ], [ -106.370051781763024, 31.726519541476438 ], [ -106.369243298007319, 31.726519541476438 ], [ -106.369243298007319, 31.726250046891202 ], [ -106.369512792592559, 31.726250046891202 ], [ -106.369512792592559, 31.72571105772073 ], [ -106.369243298007319, 31.72571105772073 ], [ -106.369243298007319, 31.725980552305966 ], [ -106.36897380342208, 31.725980552305966 ], [ -106.36897380342208, 31.726789036061675 ], [ -106.368704308836854, 31.726789036061675 ], [ -106.368704308836854, 31.726519541476438 ], [ -106.368434814251614, 31.726519541476438 ], [ -106.368434814251614, 31.725980552305966 ], [ -106.368704308836854, 31.725980552305966 ], [ -106.368704308836854, 31.72571105772073 ], [ -106.367895825081135, 31.72571105772073 ], [ -106.367895825081135, 31.726250046891202 ], [ -106.367626330495909, 31.726250046891202 ], [ -106.367626330495909, 31.726789036061675 ], [ -106.36708734132543, 31.726789036061675 ], [ -106.36708734132543, 31.726519541476438 ], [ -106.36681784674019, 31.726519541476438 ], [ -106.36681784674019, 31.726250046891202 ], [ -106.366548352154965, 31.726250046891202 ], [ -106.366548352154965, 31.725172068550261 ], [ -106.366278857569725, 31.725172068550261 ], [ -106.366278857569725, 31.724902573965025 ], [ -106.366548352154965, 31.724902573965025 ], [ -106.366548352154965, 31.724363584794553 ], [ -106.367895825081135, 31.724363584794553 ], [ -106.367895825081135, 31.724633079379789 ], [ -106.368434814251614, 31.724633079379789 ], [ -106.368434814251614, 31.724363584794553 ], [ -106.368704308836854, 31.724363584794553 ], [ -106.368704308836854, 31.724902573965025 ], [ -106.368434814251614, 31.724902573965025 ], [ -106.368434814251614, 31.725441563135494 ], [ -106.36897380342208, 31.725441563135494 ], [ -106.36897380342208, 31.724902573965025 ], [ -106.369243298007319, 31.724902573965025 ], [ -106.369243298007319, 31.724363584794553 ], [ -106.369782287177784, 31.724363584794553 ], [ -106.369782287177784, 31.724633079379789 ], [ -106.369512792592559, 31.724633079379789 ], [ -106.369512792592559, 31.725441563135494 ], [ -106.369782287177784, 31.725441563135494 ], [ -106.369782287177784, 31.724902573965025 ], [ -106.370321276348264, 31.724902573965025 ], [ -106.370321276348264, 31.72571105772073 ], [ -106.370590770933504, 31.72571105772073 ], [ -106.370590770933504, 31.725441563135494 ], [ -106.370860265518729, 31.725441563135494 ], [ -106.370860265518729, 31.725980552305966 ], [ -106.370590770933504, 31.725980552305966 ], [ -106.370590770933504, 31.726250046891202 ], [ -106.370860265518729, 31.726250046891202 ], [ -106.370860265518729, 31.727597519817383 ], [ -106.370590770933504, 31.727597519817383 ], [ -106.370590770933504, 31.727867014402619 ], [ -106.371129760103969, 31.727867014402619 ], [ -106.371129760103969, 31.728675498158324 ], [ -106.371668749274448, 31.728675498158324 ], [ -106.371668749274448, 31.728406003573088 ], [ -106.372207738444914, 31.728406003573088 ], [ -106.372207738444914, 31.728136508987856 ], [ -106.373016222200619, 31.728136508987856 ], [ -106.373016222200619, 31.727058530646911 ], [ -106.372746727615379, 31.727058530646911 ], [ -106.372746727615379, 31.725441563135494 ], [ -106.372477233030153, 31.725441563135494 ], [ -106.372477233030153, 31.725172068550261 ], [ -106.372207738444914, 31.725172068550261 ], [ -106.372207738444914, 31.724363584794553 ], [ -106.371938243859674, 31.724363584794553 ], [ -106.371938243859674, 31.724094090209316 ], [ -106.371668749274448, 31.724094090209316 ], [ -106.371668749274448, 31.723555101038844 ], [ -106.372207738444914, 31.723555101038844 ], [ -106.372207738444914, 31.722746617283136 ], [ -106.372477233030153, 31.722746617283136 ], [ -106.372477233030153, 31.722477122697899 ], [ -106.372746727615379, 31.722477122697899 ], [ -106.372746727615379, 31.721938133527431 ], [ -106.373285716785858, 31.721938133527431 ], [ -106.373285716785858, 31.721399144356958 ], [ -106.373555211371098, 31.721399144356958 ], [ -106.373555211371098, 31.720321166016014 ], [ -106.373824705956324, 31.720321166016014 ], [ -106.373824705956324, 31.72059066060125 ], [ -106.374363695126803, 31.72059066060125 ], [ -106.374363695126803, 31.720321166016014 ], [ -106.374633189712043, 31.720321166016014 ], [ -106.374633189712043, 31.721668638942194 ], [ -106.374902684297268, 31.721668638942194 ], [ -106.374902684297268, 31.721938133527431 ], [ -106.375172178882508, 31.721938133527431 ], [ -106.375172178882508, 31.722477122697899 ], [ -106.374902684297268, 31.722477122697899 ], [ -106.374902684297268, 31.722746617283136 ], [ -106.375172178882508, 31.722746617283136 ], [ -106.375172178882508, 31.723285606453608 ], [ -106.375441673467748, 31.723285606453608 ], [ -106.375441673467748, 31.724363584794553 ], [ -106.375711168052973, 31.724363584794553 ], [ -106.375711168052973, 31.725172068550261 ], [ -106.375980662638213, 31.725172068550261 ], [ -106.375980662638213, 31.726250046891202 ], [ -106.376250157223453, 31.726250046891202 ], [ -106.376250157223453, 31.726789036061675 ], [ -106.376519651808692, 31.726789036061675 ], [ -106.376519651808692, 31.727867014402619 ], [ -106.376789146393918, 31.727867014402619 ], [ -106.376789146393918, 31.728406003573088 ], [ -106.377058640979158, 31.728406003573088 ], [ -106.377058640979158, 31.728944992743561 ], [ -106.376519651808692, 31.728944992743561 ], [ -106.376519651808692, 31.728675498158324 ], [ -106.376250157223453, 31.728675498158324 ], [ -106.376250157223453, 31.729753476499269 ], [ -106.375711168052973, 31.729753476499269 ], [ -106.375711168052973, 31.730022971084505 ], [ -106.376519651808692, 31.730022971084505 ], [ -106.376519651808692, 31.730561960254978 ], [ -106.377058640979158, 31.730561960254978 ], [ -106.377058640979158, 31.730831454840214 ], [ -106.376519651808692, 31.730831454840214 ], [ -106.376519651808692, 31.731370444010686 ], [ -106.376250157223453, 31.731370444010686 ], [ -106.376250157223453, 31.730292465669741 ], [ -106.375980662638213, 31.730292465669741 ], [ -106.375980662638213, 31.730561960254978 ], [ -106.375711168052973, 31.730561960254978 ], [ -106.375711168052973, 31.730292465669741 ], [ -106.375441673467748, 31.730292465669741 ], [ -106.375441673467748, 31.730561960254978 ], [ -106.375172178882508, 31.730561960254978 ], [ -106.375172178882508, 31.731639938595919 ], [ -106.376250157223453, 31.731639938595919 ], [ -106.376250157223453, 31.731909433181155 ], [ -106.376519651808692, 31.731909433181155 ], [ -106.376519651808692, 31.731639938595919 ], [ -106.377058640979158, 31.731639938595919 ], [ -106.377058640979158, 31.731909433181155 ], [ -106.377328135564397, 31.731909433181155 ], [ -106.377328135564397, 31.732178927766391 ], [ -106.377597630149637, 31.732178927766391 ], [ -106.377597630149637, 31.732448422351627 ], [ -106.377867124734863, 31.732448422351627 ], [ -106.377867124734863, 31.732717916936863 ], [ -106.377328135564397, 31.732717916936863 ], [ -106.377328135564397, 31.733256906107336 ] ], [ [ -106.374094200541563, 31.731909433181155 ], [ -106.374094200541563, 31.731639938595919 ], [ -106.373555211371098, 31.731639938595919 ], [ -106.373555211371098, 31.731909433181155 ], [ -106.374094200541563, 31.731909433181155 ] ], [ [ -106.374633189712043, 31.73110094942545 ], [ -106.374633189712043, 31.730831454840214 ], [ -106.374363695126803, 31.730831454840214 ], [ -106.374363695126803, 31.73110094942545 ], [ -106.374633189712043, 31.73110094942545 ] ], [ [ -106.375441673467748, 31.730292465669741 ], [ -106.375441673467748, 31.730022971084505 ], [ -106.375172178882508, 31.730022971084505 ], [ -106.375172178882508, 31.729483981914033 ], [ -106.375441673467748, 31.729483981914033 ], [ -106.375441673467748, 31.728944992743561 ], [ -106.374902684297268, 31.728944992743561 ], [ -106.374902684297268, 31.729214487328797 ], [ -106.374363695126803, 31.729214487328797 ], [ -106.374363695126803, 31.729483981914033 ], [ -106.374633189712043, 31.729483981914033 ], [ -106.374633189712043, 31.730022971084505 ], [ -106.374363695126803, 31.730022971084505 ], [ -106.374363695126803, 31.730292465669741 ], [ -106.375441673467748, 31.730292465669741 ] ], [ [ -106.371938243859674, 31.729483981914033 ], [ -106.371938243859674, 31.729214487328797 ], [ -106.371668749274448, 31.729214487328797 ], [ -106.371668749274448, 31.729483981914033 ], [ -106.371938243859674, 31.729483981914033 ] ], [ [ -106.373016222200619, 31.729214487328797 ], [ -106.373016222200619, 31.728944992743561 ], [ -106.372207738444914, 31.728944992743561 ], [ -106.372207738444914, 31.729214487328797 ], [ -106.373016222200619, 31.729214487328797 ] ], [ [ -106.374902684297268, 31.728944992743561 ], [ -106.374902684297268, 31.728406003573088 ], [ -106.374633189712043, 31.728406003573088 ], [ -106.374633189712043, 31.728136508987856 ], [ -106.375980662638213, 31.728136508987856 ], [ -106.375980662638213, 31.727597519817383 ], [ -106.374902684297268, 31.727597519817383 ], [ -106.374902684297268, 31.727867014402619 ], [ -106.374633189712043, 31.727867014402619 ], [ -106.374633189712043, 31.727058530646911 ], [ -106.374902684297268, 31.727058530646911 ], [ -106.374902684297268, 31.726250046891202 ], [ -106.374633189712043, 31.726250046891202 ], [ -106.374633189712043, 31.725980552305966 ], [ -106.374363695126803, 31.725980552305966 ], [ -106.374363695126803, 31.72571105772073 ], [ -106.374902684297268, 31.72571105772073 ], [ -106.374902684297268, 31.725172068550261 ], [ -106.374633189712043, 31.725172068550261 ], [ -106.374633189712043, 31.724902573965025 ], [ -106.374902684297268, 31.724902573965025 ], [ -106.374902684297268, 31.724363584794553 ], [ -106.374094200541563, 31.724363584794553 ], [ -106.374094200541563, 31.72382459562408 ], [ -106.373555211371098, 31.72382459562408 ], [ -106.373555211371098, 31.723555101038844 ], [ -106.374363695126803, 31.723555101038844 ], [ -106.374363695126803, 31.723285606453608 ], [ -106.374633189712043, 31.723285606453608 ], [ -106.374633189712043, 31.722207628112667 ], [ -106.374363695126803, 31.722207628112667 ], [ -106.374363695126803, 31.721129649771722 ], [ -106.374094200541563, 31.721129649771722 ], [ -106.374094200541563, 31.722477122697899 ], [ -106.374363695126803, 31.722477122697899 ], [ -106.374363695126803, 31.723016111868372 ], [ -106.374094200541563, 31.723016111868372 ], [ -106.374094200541563, 31.722746617283136 ], [ -106.373555211371098, 31.722746617283136 ], [ -106.373555211371098, 31.723285606453608 ], [ -106.373285716785858, 31.723285606453608 ], [ -106.373285716785858, 31.723555101038844 ], [ -106.372746727615379, 31.723555101038844 ], [ -106.372746727615379, 31.72382459562408 ], [ -106.373016222200619, 31.72382459562408 ], [ -106.373016222200619, 31.724094090209316 ], [ -106.373285716785858, 31.724094090209316 ], [ -106.373285716785858, 31.724363584794553 ], [ -106.372746727615379, 31.724363584794553 ], [ -106.372746727615379, 31.724633079379789 ], [ -106.373016222200619, 31.724633079379789 ], [ -106.373016222200619, 31.724902573965025 ], [ -106.372746727615379, 31.724902573965025 ], [ -106.372746727615379, 31.725172068550261 ], [ -106.373824705956324, 31.725172068550261 ], [ -106.373824705956324, 31.725441563135494 ], [ -106.373016222200619, 31.725441563135494 ], [ -106.373016222200619, 31.725980552305966 ], [ -106.373285716785858, 31.725980552305966 ], [ -106.373285716785858, 31.726250046891202 ], [ -106.373016222200619, 31.726250046891202 ], [ -106.373016222200619, 31.726789036061675 ], [ -106.373285716785858, 31.726789036061675 ], [ -106.373285716785858, 31.727058530646911 ], [ -106.373824705956324, 31.727058530646911 ], [ -106.373824705956324, 31.726789036061675 ], [ -106.374094200541563, 31.726789036061675 ], [ -106.374094200541563, 31.727867014402619 ], [ -106.373824705956324, 31.727867014402619 ], [ -106.373824705956324, 31.728675498158324 ], [ -106.374094200541563, 31.728675498158324 ], [ -106.374094200541563, 31.728944992743561 ], [ -106.374902684297268, 31.728944992743561 ] ], [ [ -106.370860265518729, 31.728944992743561 ], [ -106.370860265518729, 31.728675498158324 ], [ -106.370590770933504, 31.728675498158324 ], [ -106.370590770933504, 31.728944992743561 ], [ -106.370860265518729, 31.728944992743561 ] ], [ [ -106.370321276348264, 31.728675498158324 ], [ -106.370321276348264, 31.728406003573088 ], [ -106.370051781763024, 31.728406003573088 ], [ -106.370051781763024, 31.728675498158324 ], [ -106.370321276348264, 31.728675498158324 ] ], [ [ -106.370590770933504, 31.728136508987856 ], [ -106.370590770933504, 31.727867014402619 ], [ -106.370321276348264, 31.727867014402619 ], [ -106.370321276348264, 31.728136508987856 ], [ -106.370590770933504, 31.728136508987856 ] ], [ [ -106.367895825081135, 31.72571105772073 ], [ -106.367895825081135, 31.725441563135494 ], [ -106.367626330495909, 31.725441563135494 ], [ -106.367626330495909, 31.72571105772073 ], [ -106.367895825081135, 31.72571105772073 ] ], [ [ -106.367895825081135, 31.725172068550261 ], [ -106.367895825081135, 31.724633079379789 ], [ -106.36735683591067, 31.724633079379789 ], [ -106.36735683591067, 31.724902573965025 ], [ -106.36708734132543, 31.724902573965025 ], [ -106.36708734132543, 31.725172068550261 ], [ -106.367895825081135, 31.725172068550261 ] ], [ [ -106.374902684297268, 31.724094090209316 ], [ -106.374902684297268, 31.723555101038844 ], [ -106.374633189712043, 31.723555101038844 ], [ -106.374633189712043, 31.72382459562408 ], [ -106.374363695126803, 31.72382459562408 ], [ -106.374363695126803, 31.724094090209316 ], [ -106.374902684297268, 31.724094090209316 ] ], [ [ -106.372746727615379, 31.724094090209316 ], [ -106.372746727615379, 31.72382459562408 ], [ -106.372207738444914, 31.72382459562408 ], [ -106.372207738444914, 31.724094090209316 ], [ -106.372746727615379, 31.724094090209316 ] ], [ [ -106.372746727615379, 31.723555101038844 ], [ -106.372746727615379, 31.723285606453608 ], [ -106.372477233030153, 31.723285606453608 ], [ -106.372477233030153, 31.723555101038844 ], [ -106.372746727615379, 31.723555101038844 ] ], [ [ -106.373016222200619, 31.723285606453608 ], [ -106.373016222200619, 31.723016111868372 ], [ -106.373285716785858, 31.723016111868372 ], [ -106.373285716785858, 31.722477122697899 ], [ -106.373016222200619, 31.722477122697899 ], [ -106.373016222200619, 31.722746617283136 ], [ -106.372746727615379, 31.722746617283136 ], [ -106.372746727615379, 31.723285606453608 ], [ -106.373016222200619, 31.723285606453608 ] ], [ [ -106.373555211371098, 31.722207628112667 ], [ -106.373555211371098, 31.721938133527431 ], [ -106.373285716785858, 31.721938133527431 ], [ -106.373285716785858, 31.722207628112667 ], [ -106.373555211371098, 31.722207628112667 ] ] ] ] } },
{ "type": "Feature", "properties": { "ZONA_MET": "Ju_rez", "INTENSIDAD": "Extrema", "T_PROM_POL": 3.0, "T_MIN_CIUD": 1.0, "DIF_TERMIC": 2.0 }, "geometry": { "type": "MultiPolygon", "coordinates": [ [ [ [ -106.394845283604724, 31.721399144356958 ], [ -106.394575789019484, 31.721399144356958 ], [ -106.394575789019484, 31.720321166016014 ], [ -106.395114778189964, 31.720321166016014 ], [ -106.395114778189964, 31.720051671430777 ], [ -106.395384272775203, 31.720051671430777 ], [ -106.395384272775203, 31.720321166016014 ], [ -106.396192756530908, 31.720321166016014 ], [ -106.396192756530908, 31.720860155186486 ], [ -106.395114778189964, 31.720860155186486 ], [ -106.395114778189964, 31.72059066060125 ], [ -106.394845283604724, 31.72059066060125 ], [ -106.394845283604724, 31.721399144356958 ] ] ] ] } },
{ "type": "Feature", "properties": { "ZONA_MET": "Ju_rez", "INTENSIDAD": "Extrema", "T_PROM_POL": 3.0, "T_MIN_CIUD": 1.0, "DIF_TERMIC": 2.0 }, "geometry": { "type": "MultiPolygon", "coordinates": [ [ [ [ -106.368434814251614, 31.724633079379789 ], [ -106.367895825081135, 31.724633079379789 ], [ -106.367895825081135, 31.724094090209316 ], [ -106.367626330495909, 31.724094090209316 ], [ -106.367626330495909, 31.724363584794553 ], [ -106.366548352154965, 31.724363584794553 ], [ -106.366548352154965, 31.724094090209316 ], [ -106.36681784674019, 31.724094090209316 ], [ -106.36681784674019, 31.723555101038844 ], [ -106.36708734132543, 31.723555101038844 ], [ -106.36708734132543, 31.723285606453608 ], [ -106.367626330495909, 31.723285606453608 ], [ -106.367626330495909, 31.723016111868372 ], [ -106.36735683591067, 31.723016111868372 ], [ -106.36735683591067, 31.722207628112667 ], [ -106.367626330495909, 31.722207628112667 ], [ -106.367626330495909, 31.721399144356958 ], [ -106.367895825081135, 31.721399144356958 ], [ -106.367895825081135, 31.721129649771722 ], [ -106.368165319666375, 31.721129649771722 ], [ -106.368165319666375, 31.720321166016014 ], [ -106.367895825081135, 31.720321166016014 ], [ -106.367895825081135, 31.719782176845541 ], [ -106.368704308836854, 31.719782176845541 ], [ -106.368704308836854, 31.720051671430777 ], [ -106.36897380342208, 31.720051671430777 ], [ -106.36897380342208, 31.720321166016014 ], [ -106.369782287177784, 31.720321166016014 ], [ -106.369782287177784, 31.720051671430777 ], [ -106.370051781763024, 31.720051671430777 ], [ -106.370051781763024, 31.72059066060125 ], [ -106.369512792592559, 31.72059066060125 ], [ -106.369512792592559, 31.721399144356958 ], [ -106.369782287177784, 31.721399144356958 ], [ -106.369782287177784, 31.721668638942194 ], [ -106.370051781763024, 31.721668638942194 ], [ -106.370051781763024, 31.721399144356958 ], [ -106.370321276348264, 31.721399144356958 ], [ -106.370321276348264, 31.721668638942194 ], [ -106.370590770933504, 31.721668638942194 ], [ -106.370590770933504, 31.721938133527431 ], [ -106.371129760103969, 31.721938133527431 ], [ -106.371129760103969, 31.721668638942194 ], [ -106.371399254689209, 31.721668638942194 ], [ -106.371399254689209, 31.721399144356958 ], [ -106.371938243859674, 31.721399144356958 ], [ -106.371938243859674, 31.721129649771722 ], [ -106.372207738444914, 31.721129649771722 ], [ -106.372207738444914, 31.720860155186486 ], [ -106.372746727615379, 31.720860155186486 ], [ -106.372746727615379, 31.72059066060125 ], [ -106.373016222200619, 31.72059066060125 ], [ -106.373016222200619, 31.720321166016014 ], [ -106.373285716785858, 31.720321166016014 ], [ -106.373285716785858, 31.720051671430777 ], [ -106.374633189712043, 31.720051671430777 ], [ -106.374633189712043, 31.720321166016014 ], [ -106.374363695126803, 31.720321166016014 ], [ -106.374363695126803, 31.72059066060125 ], [ -106.373824705956324, 31.72059066060125 ], [ -106.373824705956324, 31.720321166016014 ], [ -106.373555211371098, 31.720321166016014 ], [ -106.373555211371098, 31.721399144356958 ], [ -106.373285716785858, 31.721399144356958 ], [ -106.373285716785858, 31.721938133527431 ], [ -106.373016222200619, 31.721938133527431 ], [ -106.373016222200619, 31.721399144356958 ], [ -106.372746727615379, 31.721399144356958 ], [ -106.372746727615379, 31.721668638942194 ], [ -106.372477233030153, 31.721668638942194 ], [ -106.372477233030153, 31.722207628112667 ], [ -106.372207738444914, 31.722207628112667 ], [ -106.372207738444914, 31.722477122697899 ], [ -106.371668749274448, 31.722477122697899 ], [ -106.371668749274448, 31.723016111868372 ], [ -106.371399254689209, 31.723016111868372 ], [ -106.371399254689209, 31.723285606453608 ], [ -106.371129760103969, 31.723285606453608 ], [ -106.371129760103969, 31.723555101038844 ], [ -106.370590770933504, 31.723555101038844 ], [ -106.370590770933504, 31.72382459562408 ], [ -106.370321276348264, 31.72382459562408 ], [ -106.370321276348264, 31.724094090209316 ], [ -106.369782287177784, 31.724094090209316 ], [ -106.369782287177784, 31.724363584794553 ], [ -106.369512792592559, 31.724363584794553 ], [ -106.369512792592559, 31.724094090209316 ], [ -106.369243298007319, 31.724094090209316 ], [ -106.369243298007319, 31.72382459562408 ], [ -106.369512792592559, 31.72382459562408 ], [ -106.369512792592559, 31.723555101038844 ], [ -106.369782287177784, 31.723555101038844 ], [ -106.369782287177784, 31.723285606453608 ], [ -106.368165319666375, 31.723285606453608 ], [ -106.368165319666375, 31.723016111868372 ], [ -106.367895825081135, 31.723016111868372 ], [ -106.367895825081135, 31.723555101038844 ], [ -106.368704308836854, 31.723555101038844 ], [ -106.368704308836854, 31.72382459562408 ], [ -106.36897380342208, 31.72382459562408 ], [ -106.36897380342208, 31.724094090209316 ], [ -106.368704308836854, 31.724094090209316 ], [ -106.368704308836854, 31.724363584794553 ], [ -106.368434814251614, 31.724363584794553 ], [ -106.368434814251614, 31.724633079379789 ] ], [ [ -106.371399254689209, 31.722746617283136 ], [ -106.371399254689209, 31.722207628112667 ], [ -106.371129760103969, 31.722207628112667 ], [ -106.371129760103969, 31.722746617283136 ], [ -106.371399254689209, 31.722746617283136 ] ], [ [ -106.370321276348264, 31.722746617283136 ], [ -106.370321276348264, 31.722207628112667 ], [ -106.370590770933504, 31.722207628112667 ], [ -106.370590770933504, 31.721938133527431 ], [ -106.36897380342208, 31.721938133527431 ], [ -106.36897380342208, 31.722207628112667 ], [ -106.370051781763024, 31.722207628112667 ], [ -106.370051781763024, 31.722477122697899 ], [ -106.369782287177784, 31.722477122697899 ], [ -106.369782287177784, 31.722746617283136 ], [ -106.370321276348264, 31.722746617283136 ] ], [ [ -106.369243298007319, 31.722746617283136 ], [ -106.369243298007319, 31.722477122697899 ], [ -106.36897380342208, 31.722477122697899 ], [ -106.36897380342208, 31.722746617283136 ], [ -106.369243298007319, 31.722746617283136 ] ], [ [ -106.368434814251614, 31.722746617283136 ], [ -106.368434814251614, 31.722477122697899 ], [ -106.368165319666375, 31.722477122697899 ], [ -106.368165319666375, 31.722746617283136 ], [ -106.368434814251614, 31.722746617283136 ] ], [ [ -106.371938243859674, 31.721938133527431 ], [ -106.371938243859674, 31.721668638942194 ], [ -106.371668749274448, 31.721668638942194 ], [ -106.371668749274448, 31.721938133527431 ], [ -106.371938243859674, 31.721938133527431 ] ], [ [ -106.368434814251614, 31.720321166016014 ], [ -106.368434814251614, 31.720051671430777 ], [ -106.368165319666375, 31.720051671430777 ], [ -106.368165319666375, 31.720321166016014 ], [ -106.368434814251614, 31.720321166016014 ] ] ] ] } },
{ "type": "Feature", "properties": { "ZONA_MET": "Ju_rez", "INTENSIDAD": "Intensa", "T_PROM_POL": 3.0, "T_MIN_CIUD": 1.0, "DIF_TERMIC": 2.0 }, "geometry": { "type": "MultiPolygon", "coordinates": [ [ [ [ -106.387029940632885, 31.721938133527431 ], [ -106.386760446047646, 31.721938133527431 ], [ -106.386760446047646, 31.72059066060125 ], [ -106.385951962291941, 31.72059066060125 ], [ -106.385951962291941, 31.720321166016014 ], [ -106.385682467706701, 31.720321166016014 ], [ -106.385682467706701, 31.720051671430777 ], [ -106.385143478536236, 31.720051671430777 ], [ -106.385143478536236, 31.719782176845541 ], [ -106.385951962291941, 31.719782176845541 ], [ -106.385951962291941, 31.719512682260305 ], [ -106.386760446047646, 31.719512682260305 ], [ -106.386760446047646, 31.719782176845541 ], [ -106.387299435218125, 31.719782176845541 ], [ -106.387299435218125, 31.721399144356958 ], [ -106.387029940632885, 31.721399144356958 ], [ -106.387029940632885, 31.721938133527431 ] ] ] ] } },
{ "type": "Feature", "properties": { "ZONA_MET": "Ju_rez", "INTENSIDAD": "Intensa", "T_PROM_POL": 3.0, "T_MIN_CIUD": 1.0, "DIF_TERMIC": 2.0 }, "geometry": { "type": "MultiPolygon", "coordinates": [ [ [ [ -106.485125969658739, 31.720321166016014 ], [ -106.484047991317794, 31.720321166016014 ], [ -106.484047991317794, 31.719782176845541 ], [ -106.483778496732555, 31.719782176845541 ], [ -106.483778496732555, 31.719512682260305 ], [ -106.483509002147329, 31.719512682260305 ], [ -106.483509002147329, 31.718973693089836 ], [ -106.483239507562089, 31.718973693089836 ], [ -106.483239507562089, 31.7187041985046 ], [ -106.484047991317794, 31.7187041985046 ], [ -106.484047991317794, 31.719512682260305 ], [ -106.484317485903034, 31.719512682260305 ], [ -106.484317485903034, 31.720051671430777 ], [ -106.485125969658739, 31.720051671430777 ], [ -106.485125969658739, 31.720321166016014 ] ] ] ] } },
{ "type": "Feature", "properties": { "ZONA_MET": "Ju_rez", "INTENSIDAD": "Extrema", "T_PROM_POL": 3.0, "T_MIN_CIUD": 1.0, "DIF_TERMIC": 2.0 }, "geometry": { "type": "MultiPolygon", "coordinates": [ [ [ [ -106.366548352154965, 31.722207628112667 ], [ -106.36547037381402, 31.722207628112667 ], [ -106.36547037381402, 31.721129649771722 ], [ -106.36520087922878, 31.721129649771722 ], [ -106.36520087922878, 31.72059066060125 ], [ -106.36547037381402, 31.72059066060125 ], [ -106.36547037381402, 31.720860155186486 ], [ -106.36573986839926, 31.720860155186486 ], [ -106.36573986839926, 31.720051671430777 ], [ -106.36547037381402, 31.720051671430777 ], [ -106.36547037381402, 31.720321166016014 ], [ -106.36520087922878, 31.720321166016014 ], [ -106.36520087922878, 31.719512682260305 ], [ -106.36573986839926, 31.719512682260305 ], [ -106.36573986839926, 31.7187041985046 ], [ -106.366009362984485, 31.7187041985046 ], [ -106.366009362984485, 31.719243187675072 ], [ -106.36681784674019, 31.719243187675072 ], [ -106.36681784674019, 31.719512682260305 ], [ -106.366548352154965, 31.719512682260305 ], [ -106.366548352154965, 31.719782176845541 ], [ -106.366278857569725, 31.719782176845541 ], [ -106.366278857569725, 31.720321166016014 ], [ -106.366009362984485, 31.720321166016014 ], [ -106.366009362984485, 31.720860155186486 ], [ -106.366548352154965, 31.720860155186486 ], [ -106.366548352154965, 31.721399144356958 ], [ -106.366278857569725, 31.721399144356958 ], [ -106.366278857569725, 31.721668638942194 ], [ -106.366009362984485, 31.721668638942194 ], [ -106.366009362984485, 31.721938133527431 ], [ -106.366548352154965, 31.721938133527431 ], [ -106.366548352154965, 31.722207628112667 ] ], [ [ -106.366009362984485, 31.721668638942194 ], [ -106.366009362984485, 31.721399144356958 ], [ -106.36573986839926, 31.721399144356958 ], [ -106.36573986839926, 31.721668638942194 ], [ -106.366009362984485, 31.721668638942194 ] ] ] ] } },
{ "type": "Feature", "properties": { "ZONA_MET": "Ju_rez", "INTENSIDAD": "Intensa", "T_PROM_POL": 3.0, "T_MIN_CIUD": 1.0, "DIF_TERMIC": 2.0 }, "geometry": { "type": "MultiPolygon", "coordinates": [ [ [ [ -106.416674345008829, 31.718973693089836 ], [ -106.415596366667884, 31.718973693089836 ], [ -106.415596366667884, 31.7187041985046 ], [ -106.414787882912179, 31.7187041985046 ], [ -106.414787882912179, 31.718434703919364 ], [ -106.4142488937417, 31.718434703919364 ], [ -106.4142488937417, 31.717626220163655 ], [ -106.413709904571235, 31.717626220163655 ], [ -106.413709904571235, 31.717356725578419 ], [ -106.41451838832694, 31.717356725578419 ], [ -106.41451838832694, 31.717626220163655 ], [ -106.414787882912179, 31.717626220163655 ], [ -106.414787882912179, 31.717895714748892 ], [ -106.415326872082645, 31.717895714748892 ], [ -106.415326872082645, 31.717626220163655 ], [ -106.415596366667884, 31.717626220163655 ], [ -106.415596366667884, 31.718434703919364 ], [ -106.415865861253124, 31.718434703919364 ], [ -106.415865861253124, 31.7187041985046 ], [ -106.416674345008829, 31.7187041985046 ], [ -106.416674345008829, 31.718973693089836 ] ] ] ] } },
{ "type": "Feature", "properties": { "ZONA_MET": "Ju_rez", "INTENSIDAD": "Intensa", "T_PROM_POL": 3.0, "T_MIN_CIUD": 1.0, "DIF_TERMIC": 2.0 }, "geometry": { "type": "MultiPolygon", "coordinates": [ [ [ [ -106.471112251226472, 31.718434703919364 ], [ -106.470034272885528, 31.718434703919364 ], [ -106.470034272885528, 31.718165209334128 ], [ -106.469764778300288, 31.718165209334128 ], [ -106.469764778300288, 31.718434703919364 ], [ -106.469495283715062, 31.718434703919364 ], [ -106.469495283715062, 31.717626220163655 ], [ -106.469764778300288, 31.717626220163655 ], [ -106.469764778300288, 31.717356725578419 ], [ -106.470303767470767, 31.717356725578419 ], [ -106.470303767470767, 31.717626220163655 ], [ -106.470573262056007, 31.717626220163655 ], [ -106.470573262056007, 31.717356725578419 ], [ -106.470842756641233, 31.717356725578419 ], [ -106.470842756641233, 31.717895714748892 ], [ -106.471112251226472, 31.717895714748892 ], [ -106.471112251226472, 31.718434703919364 ] ] ] ] } },
{ "type": "Feature", "properties": { "ZONA_MET": "Ju_rez", "INTENSIDAD": "Intensa", "T_PROM_POL": 3.0, "T_MIN_CIUD": 1.0, "DIF_TERMIC": 2.0 }, "geometry": { "type": "MultiPolygon", "coordinates": [ [ [ [ -106.366009362984485, 31.7187041985046 ], [ -106.36520087922878, 31.7187041985046 ], [ -106.36520087922878, 31.718434703919364 ], [ -106.363853406302596, 31.718434703919364 ], [ -106.363853406302596, 31.718165209334128 ], [ -106.364122900887835, 31.718165209334128 ], [ -106.364122900887835, 31.717895714748892 ], [ -106.364661890058315, 31.717895714748892 ], [ -106.364661890058315, 31.717626220163655 ], [ -106.36547037381402, 31.717626220163655 ], [ -106.36547037381402, 31.717356725578419 ], [ -106.36573986839926, 31.717356725578419 ], [ -106.36573986839926, 31.717087230993183 ], [ -106.366009362984485, 31.717087230993183 ], [ -106.366009362984485, 31.717356725578419 ], [ -106.366278857569725, 31.717356725578419 ], [ -106.366278857569725, 31.717895714748892 ], [ -106.366009362984485, 31.717895714748892 ], [ -106.366009362984485, 31.718165209334128 ], [ -106.36573986839926, 31.718165209334128 ], [ -106.36573986839926, 31.718434703919364 ], [ -106.366009362984485, 31.718434703919364 ], [ -106.366009362984485, 31.7187041985046 ] ], [ [ -106.36520087922878, 31.718165209334128 ], [ -106.36520087922878, 31.717895714748892 ], [ -106.36493138464354, 31.717895714748892 ], [ -106.36493138464354, 31.718165209334128 ], [ -106.36520087922878, 31.718165209334128 ] ] ] ] } },
{ "type": "Feature", "properties": { "ZONA_MET": "Ju_rez", "INTENSIDAD": "Extrema", "T_PROM_POL": 3.0, "T_MIN_CIUD": 1.0, "DIF_TERMIC": 2.0 }, "geometry": { "type": "MultiPolygon", "coordinates": [ [ [ [ -106.379214597661047, 31.727058530646911 ], [ -106.378675608490568, 31.727058530646911 ], [ -106.378675608490568, 31.726789036061675 ], [ -106.378406113905342, 31.726789036061675 ], [ -106.378406113905342, 31.72571105772073 ], [ -106.378136619320102, 31.72571105772073 ], [ -106.378136619320102, 31.724902573965025 ], [ -106.377867124734863, 31.724902573965025 ], [ -106.377867124734863, 31.72382459562408 ], [ -106.377597630149637, 31.72382459562408 ], [ -106.377597630149637, 31.722477122697899 ], [ -106.377328135564397, 31.722477122697899 ], [ -106.377328135564397, 31.722207628112667 ], [ -106.377058640979158, 31.722207628112667 ], [ -106.377058640979158, 31.721129649771722 ], [ -106.376789146393918, 31.721129649771722 ], [ -106.376789146393918, 31.719782176845541 ], [ -106.376519651808692, 31.719782176845541 ], [ -106.376519651808692, 31.718973693089836 ], [ -106.376250157223453, 31.718973693089836 ], [ -106.376250157223453, 31.717895714748892 ], [ -106.375980662638213, 31.717895714748892 ], [ -106.375980662638213, 31.717626220163655 ], [ -106.375711168052973, 31.717626220163655 ], [ -106.375711168052973, 31.716548241822711 ], [ -106.375980662638213, 31.716548241822711 ], [ -106.375980662638213, 31.716817736407947 ], [ -106.376789146393918, 31.716817736407947 ], [ -106.376789146393918, 31.717087230993183 ], [ -106.376250157223453, 31.717087230993183 ], [ -106.376250157223453, 31.717626220163655 ], [ -106.376519651808692, 31.717626220163655 ], [ -106.376519651808692, 31.717895714748892 ], [ -106.376789146393918, 31.717895714748892 ], [ -106.376789146393918, 31.719243187675072 ], [ -106.377058640979158, 31.719243187675072 ], [ -106.377058640979158, 31.720051671430777 ], [ -106.377328135564397, 31.720051671430777 ], [ -106.377328135564397, 31.721129649771722 ], [ -106.377867124734863, 31.721129649771722 ], [ -106.377867124734863, 31.721938133527431 ], [ -106.377597630149637, 31.721938133527431 ], [ -106.377597630149637, 31.722207628112667 ], [ -106.377867124734863, 31.722207628112667 ], [ -106.377867124734863, 31.723555101038844 ], [ -106.378136619320102, 31.723555101038844 ], [ -106.378136619320102, 31.724094090209316 ], [ -106.378406113905342, 31.724094090209316 ], [ -106.378406113905342, 31.724902573965025 ], [ -106.378675608490568, 31.724902573965025 ], [ -106.378675608490568, 31.72571105772073 ], [ -106.378945103075807, 31.72571105772073 ], [ -106.378945103075807, 31.726789036061675 ], [ -106.379214597661047, 31.726789036061675 ], [ -106.379214597661047, 31.727058530646911 ] ] ] ] } },
{ "type": "Feature", "properties": { "ZONA_MET": "Ju_rez", "INTENSIDAD": "Intensa", "T_PROM_POL": 3.0, "T_MIN_CIUD": 1.0, "DIF_TERMIC": 2.0 }, "geometry": { "type": "MultiPolygon", "coordinates": [ [ [ [ -106.391880843167129, 31.717356725578419 ], [ -106.39161134858189, 31.717356725578419 ], [ -106.39161134858189, 31.717087230993183 ], [ -106.391341853996664, 31.717087230993183 ], [ -106.391341853996664, 31.716817736407947 ], [ -106.391072359411424, 31.716817736407947 ], [ -106.391072359411424, 31.716548241822711 ], [ -106.38999438107048, 31.716548241822711 ], [ -106.38999438107048, 31.716278747237478 ], [ -106.388916402729535, 31.716278747237478 ], [ -106.388916402729535, 31.716009252652242 ], [ -106.39026387565572, 31.716009252652242 ], [ -106.39026387565572, 31.716278747237478 ], [ -106.391341853996664, 31.716278747237478 ], [ -106.391341853996664, 31.716548241822711 ], [ -106.39161134858189, 31.716548241822711 ], [ -106.39161134858189, 31.716817736407947 ], [ -106.391880843167129, 31.716817736407947 ], [ -106.391880843167129, 31.717356725578419 ] ] ] ] } },
{ "type": "Feature", "properties": { "ZONA_MET": "Ju_rez", "INTENSIDAD": "Extrema", "T_PROM_POL": 3.0, "T_MIN_CIUD": 1.0, "DIF_TERMIC": 2.0 }, "geometry": { "type": "MultiPolygon", "coordinates": [ [ [ [ -106.370860265518729, 31.717356725578419 ], [ -106.370590770933504, 31.717356725578419 ], [ -106.370590770933504, 31.716548241822711 ], [ -106.370860265518729, 31.716548241822711 ], [ -106.370860265518729, 31.716009252652242 ], [ -106.371129760103969, 31.716009252652242 ], [ -106.371129760103969, 31.716278747237478 ], [ -106.372746727615379, 31.716278747237478 ], [ -106.372746727615379, 31.716548241822711 ], [ -106.372207738444914, 31.716548241822711 ], [ -106.372207738444914, 31.716817736407947 ], [ -106.371938243859674, 31.716817736407947 ], [ -106.371938243859674, 31.716548241822711 ], [ -106.371668749274448, 31.716548241822711 ], [ -106.371668749274448, 31.716817736407947 ], [ -106.370860265518729, 31.716817736407947 ], [ -106.370860265518729, 31.717356725578419 ] ] ] ] } },
{ "type": "Feature", "properties": { "ZONA_MET": "Ju_rez", "INTENSIDAD": "Intensa", "T_PROM_POL": 3.0, "T_MIN_CIUD": 1.0, "DIF_TERMIC": 2.0 }, "geometry": { "type": "MultiPolygon", "coordinates": [ [ [ [ -106.426376150077317, 31.720051671430777 ], [ -106.426106655492092, 31.720051671430777 ], [ -106.426106655492092, 31.719782176845541 ], [ -106.425837160906852, 31.719782176845541 ], [ -106.425837160906852, 31.719243187675072 ], [ -106.425567666321612, 31.719243187675072 ], [ -106.425567666321612, 31.717356725578419 ], [ -106.425298171736372, 31.717356725578419 ], [ -106.425298171736372, 31.716817736407947 ], [ -106.424759182565907, 31.716817736407947 ], [ -106.424759182565907, 31.716278747237478 ], [ -106.425298171736372, 31.716278747237478 ], [ -106.425298171736372, 31.716009252652242 ], [ -106.424759182565907, 31.716009252652242 ], [ -106.424759182565907, 31.715739758067006 ], [ -106.425837160906852, 31.715739758067006 ], [ -106.425837160906852, 31.716009252652242 ], [ -106.426106655492092, 31.716009252652242 ], [ -106.426106655492092, 31.716548241822711 ], [ -106.425837160906852, 31.716548241822711 ], [ -106.425837160906852, 31.716817736407947 ], [ -106.426376150077317, 31.716817736407947 ], [ -106.426376150077317, 31.717356725578419 ], [ -106.426915139247797, 31.717356725578419 ], [ -106.426915139247797, 31.717626220163655 ], [ -106.427184633833022, 31.717626220163655 ], [ -106.427184633833022, 31.717895714748892 ], [ -106.426645644662557, 31.717895714748892 ], [ -106.426645644662557, 31.718165209334128 ], [ -106.426376150077317, 31.718165209334128 ], [ -106.426376150077317, 31.717626220163655 ], [ -106.425837160906852, 31.717626220163655 ], [ -106.425837160906852, 31.718165209334128 ], [ -106.426106655492092, 31.718165209334128 ], [ -106.426106655492092, 31.718434703919364 ], [ -106.425837160906852, 31.718434703919364 ], [ -106.425837160906852, 31.718973693089836 ], [ -106.426106655492092, 31.718973693089836 ], [ -106.426106655492092, 31.719243187675072 ], [ -106.426376150077317, 31.719243187675072 ], [ -106.426376150077317, 31.719512682260305 ], [ -106.426645644662557, 31.719512682260305 ], [ -106.426645644662557, 31.719782176845541 ], [ -106.426376150077317, 31.719782176845541 ], [ -106.426376150077317, 31.720051671430777 ] ], [ [ -106.425837160906852, 31.717087230993183 ], [ -106.425837160906852, 31.716817736407947 ], [ -106.425567666321612, 31.716817736407947 ], [ -106.425567666321612, 31.717087230993183 ], [ -106.425837160906852, 31.717087230993183 ] ] ] ] } },
{ "type": "Feature", "properties": { "ZONA_MET": "Ju_rez", "INTENSIDAD": "Intensa", "T_PROM_POL": 3.0, "T_MIN_CIUD": 1.0, "DIF_TERMIC": 2.0 }, "geometry": { "type": "MultiPolygon", "coordinates": [ [ [ [ -106.395923261945669, 31.722207628112667 ], [ -106.395114778189964, 31.722207628112667 ], [ -106.395114778189964, 31.721938133527431 ], [ -106.395384272775203, 31.721938133527431 ], [ -106.395384272775203, 31.721668638942194 ], [ -106.395923261945669, 31.721668638942194 ], [ -106.395923261945669, 31.721399144356958 ], [ -106.396462251116134, 31.721399144356958 ], [ -106.396462251116134, 31.720860155186486 ], [ -106.396192756530908, 31.720860155186486 ], [ -106.396192756530908, 31.720321166016014 ], [ -106.395384272775203, 31.720321166016014 ], [ -106.395384272775203, 31.720051671430777 ], [ -106.395114778189964, 31.720051671430777 ], [ -106.395114778189964, 31.720321166016014 ], [ -106.394845283604724, 31.720321166016014 ], [ -106.394845283604724, 31.719782176845541 ], [ -106.394575789019484, 31.719782176845541 ], [ -106.394575789019484, 31.719512682260305 ], [ -106.393228316093314, 31.719512682260305 ], [ -106.393228316093314, 31.720051671430777 ], [ -106.392958821508074, 31.720051671430777 ], [ -106.392958821508074, 31.720321166016014 ], [ -106.392689326922834, 31.720321166016014 ], [ -106.392689326922834, 31.719512682260305 ], [ -106.392419832337609, 31.719512682260305 ], [ -106.392419832337609, 31.718434703919364 ], [ -106.392958821508074, 31.718434703919364 ], [ -106.392958821508074, 31.718973693089836 ], [ -106.394036799849019, 31.718973693089836 ], [ -106.394036799849019, 31.719243187675072 ], [ -106.395384272775203, 31.719243187675072 ], [ -106.395384272775203, 31.717895714748892 ], [ -106.395114778189964, 31.717895714748892 ], [ -106.395114778189964, 31.718165209334128 ], [ -106.394575789019484, 31.718165209334128 ], [ -106.394575789019484, 31.717356725578419 ], [ -106.395384272775203, 31.717356725578419 ], [ -106.395384272775203, 31.717087230993183 ], [ -106.395653767360429, 31.717087230993183 ], [ -106.395653767360429, 31.716817736407947 ], [ -106.396192756530908, 31.716817736407947 ], [ -106.396192756530908, 31.716548241822711 ], [ -106.395923261945669, 31.716548241822711 ], [ -106.395923261945669, 31.716278747237478 ], [ -106.396462251116134, 31.716278747237478 ], [ -106.396462251116134, 31.716009252652242 ], [ -106.395923261945669, 31.716009252652242 ], [ -106.395923261945669, 31.71547026348177 ], [ -106.396731745701373, 31.71547026348177 ], [ -106.396731745701373, 31.715739758067006 ], [ -106.397270734871853, 31.715739758067006 ], [ -106.397270734871853, 31.716278747237478 ], [ -106.397540229457078, 31.716278747237478 ], [ -106.397540229457078, 31.716548241822711 ], [ -106.398618207798023, 31.716548241822711 ], [ -106.398618207798023, 31.716817736407947 ], [ -106.398079218627558, 31.716817736407947 ], [ -106.398079218627558, 31.717626220163655 ], [ -106.397540229457078, 31.717626220163655 ], [ -106.397540229457078, 31.717356725578419 ], [ -106.397270734871853, 31.717356725578419 ], [ -106.397270734871853, 31.717626220163655 ], [ -106.397001240286613, 31.717626220163655 ], [ -106.397001240286613, 31.718434703919364 ], [ -106.396731745701373, 31.718434703919364 ], [ -106.396731745701373, 31.7187041985046 ], [ -106.396192756530908, 31.7187041985046 ], [ -106.396192756530908, 31.718973693089836 ], [ -106.395653767360429, 31.718973693089836 ], [ -106.395653767360429, 31.719782176845541 ], [ -106.396192756530908, 31.719782176845541 ], [ -106.396192756530908, 31.720051671430777 ], [ -106.397270734871853, 31.720051671430777 ], [ -106.397270734871853, 31.720321166016014 ], [ -106.397809724042318, 31.720321166016014 ], [ -106.397809724042318, 31.721399144356958 ], [ -106.397001240286613, 31.721399144356958 ], [ -106.397001240286613, 31.721668638942194 ], [ -106.396462251116134, 31.721668638942194 ], [ -106.396462251116134, 31.721938133527431 ], [ -106.395923261945669, 31.721938133527431 ], [ -106.395923261945669, 31.722207628112667 ] ], [ [ -106.397270734871853, 31.717356725578419 ], [ -106.397270734871853, 31.716817736407947 ], [ -106.396731745701373, 31.716817736407947 ], [ -106.396731745701373, 31.717356725578419 ], [ -106.397270734871853, 31.717356725578419 ] ] ] ] } },
{ "type": "Feature", "properties": { "ZONA_MET": "Ju_rez", "INTENSIDAD": "Intensa", "T_PROM_POL": 3.0, "T_MIN_CIUD": 1.0, "DIF_TERMIC": 2.0 }, "geometry": { "type": "MultiPolygon", "coordinates": [ [ [ [ -106.374094200541563, 31.720051671430777 ], [ -106.373555211371098, 31.720051671430777 ], [ -106.373555211371098, 31.718973693089836 ], [ -106.373285716785858, 31.718973693089836 ], [ -106.373285716785858, 31.7187041985046 ], [ -106.373016222200619, 31.7187041985046 ], [ -106.373016222200619, 31.718434703919364 ], [ -106.373285716785858, 31.718434703919364 ], [ -106.373285716785858, 31.717895714748892 ], [ -106.373016222200619, 31.717895714748892 ], [ -106.373016222200619, 31.717087230993183 ], [ -106.372746727615379, 31.717087230993183 ], [ -106.372746727615379, 31.716817736407947 ], [ -106.372207738444914, 31.716817736407947 ], [ -106.372207738444914, 31.716548241822711 ], [ -106.372746727615379, 31.716548241822711 ], [ -106.372746727615379, 31.716278747237478 ], [ -106.372477233030153, 31.716278747237478 ], [ -106.372477233030153, 31.716009252652242 ], [ -106.372746727615379, 31.716009252652242 ], [ -106.372746727615379, 31.71547026348177 ], [ -106.372477233030153, 31.71547026348177 ], [ -106.372477233030153, 31.715200768896533 ], [ -106.373016222200619, 31.715200768896533 ], [ -106.373016222200619, 31.71547026348177 ], [ -106.373285716785858, 31.71547026348177 ], [ -106.373285716785858, 31.716548241822711 ], [ -106.373555211371098, 31.716548241822711 ], [ -106.373555211371098, 31.717626220163655 ], [ -106.373824705956324, 31.717626220163655 ], [ -106.373824705956324, 31.718434703919364 ], [ -106.374094200541563, 31.718434703919364 ], [ -106.374094200541563, 31.720051671430777 ] ] ] ] } },
{ "type": "Feature", "properties": { "ZONA_MET": "Ju_rez", "INTENSIDAD": "Extrema", "T_PROM_POL": 3.0, "T_MIN_CIUD": 1.0, "DIF_TERMIC": 2.0 }, "geometry": { "type": "MultiPolygon", "coordinates": [ [ [ [ -106.424759182565907, 31.716009252652242 ], [ -106.424220193395428, 31.716009252652242 ], [ -106.424220193395428, 31.71547026348177 ], [ -106.423681204224962, 31.71547026348177 ], [ -106.423681204224962, 31.716009252652242 ], [ -106.422872720469258, 31.716009252652242 ], [ -106.422872720469258, 31.714931274311297 ], [ -106.424759182565907, 31.714931274311297 ], [ -106.424759182565907, 31.716009252652242 ] ] ] ] } },
{ "type": "Feature", "properties": { "ZONA_MET": "Ju_rez", "INTENSIDAD": "Intensa", "T_PROM_POL": 3.0, "T_MIN_CIUD": 1.0, "DIF_TERMIC": 2.0 }, "geometry": { "type": "MultiPolygon", "coordinates": [ [ [ [ -106.422603225884018, 31.716278747237478 ], [ -106.422064236713553, 31.716278747237478 ], [ -106.422064236713553, 31.716009252652242 ], [ -106.421255752957833, 31.716009252652242 ], [ -106.421255752957833, 31.71547026348177 ], [ -106.422333731298778, 31.71547026348177 ], [ -106.422333731298778, 31.715200768896533 ], [ -106.422603225884018, 31.715200768896533 ], [ -106.422603225884018, 31.714931274311297 ], [ -106.422872720469258, 31.714931274311297 ], [ -106.422872720469258, 31.715739758067006 ], [ -106.422603225884018, 31.715739758067006 ], [ -106.422603225884018, 31.716278747237478 ] ] ] ] } },
{ "type": "Feature", "properties": { "ZONA_MET": "Ju_rez", "INTENSIDAD": "Intensa", "T_PROM_POL": 3.0, "T_MIN_CIUD": 1.0, "DIF_TERMIC": 2.0 }, "geometry": { "type": "MultiPolygon", "coordinates": [ [ [ [ -106.398887702383263, 31.716548241822711 ], [ -106.398618207798023, 31.716548241822711 ], [ -106.398618207798023, 31.716009252652242 ], [ -106.398887702383263, 31.716009252652242 ], [ -106.398887702383263, 31.71547026348177 ], [ -106.398618207798023, 31.71547026348177 ], [ -106.398618207798023, 31.715200768896533 ], [ -106.397540229457078, 31.715200768896533 ], [ -106.397540229457078, 31.714931274311297 ], [ -106.397809724042318, 31.714931274311297 ], [ -106.397809724042318, 31.714392285140825 ], [ -106.398348713212798, 31.714392285140825 ], [ -106.398348713212798, 31.714661779726061 ], [ -106.398618207798023, 31.714661779726061 ], [ -106.398618207798023, 31.714931274311297 ], [ -106.399696186138968, 31.714931274311297 ], [ -106.399696186138968, 31.714661779726061 ], [ -106.400235175309447, 31.714661779726061 ], [ -106.400235175309447, 31.714931274311297 ], [ -106.400504669894673, 31.714931274311297 ], [ -106.400504669894673, 31.716278747237478 ], [ -106.400235175309447, 31.716278747237478 ], [ -106.400235175309447, 31.715739758067006 ], [ -106.399157196968503, 31.715739758067006 ], [ -106.399157196968503, 31.716278747237478 ], [ -106.398887702383263, 31.716278747237478 ], [ -106.398887702383263, 31.716548241822711 ] ] ] ] } },
{ "type": "Feature", "properties": { "ZONA_MET": "Ju_rez", "INTENSIDAD": "Intensa", "T_PROM_POL": 3.0, "T_MIN_CIUD": 1.0, "DIF_TERMIC": 2.0 }, "geometry": { "type": "MultiPolygon", "coordinates": [ [ [ [ -106.376519651808692, 31.716817736407947 ], [ -106.375980662638213, 31.716817736407947 ], [ -106.375980662638213, 31.716548241822711 ], [ -106.375711168052973, 31.716548241822711 ], [ -106.375711168052973, 31.716009252652242 ], [ -106.375441673467748, 31.716009252652242 ], [ -106.375441673467748, 31.71547026348177 ], [ -106.375172178882508, 31.71547026348177 ], [ -106.375172178882508, 31.714931274311297 ], [ -106.374902684297268, 31.714931274311297 ], [ -106.374902684297268, 31.714122790555589 ], [ -106.375172178882508, 31.714122790555589 ], [ -106.375172178882508, 31.714392285140825 ], [ -106.375441673467748, 31.714392285140825 ], [ -106.375441673467748, 31.714931274311297 ], [ -106.375711168052973, 31.714931274311297 ], [ -106.375711168052973, 31.715739758067006 ], [ -106.375980662638213, 31.715739758067006 ], [ -106.375980662638213, 31.716009252652242 ], [ -106.376519651808692, 31.716009252652242 ], [ -106.376519651808692, 31.716278747237478 ], [ -106.376789146393918, 31.716278747237478 ], [ -106.376789146393918, 31.716548241822711 ], [ -106.376519651808692, 31.716548241822711 ], [ -106.376519651808692, 31.716817736407947 ] ] ] ] } },
{ "type": "Feature", "properties": { "ZONA_MET": "Ju_rez", "INTENSIDAD": "Intensa", "T_PROM_POL": 3.0, "T_MIN_CIUD": 1.0, "DIF_TERMIC": 2.0 }, "geometry": { "type": "MultiPolygon", "coordinates": [ [ [ [ -106.424759182565907, 31.714931274311297 ], [ -106.422872720469258, 31.714931274311297 ], [ -106.422872720469258, 31.714122790555589 ], [ -106.424489687980667, 31.714122790555589 ], [ -106.424489687980667, 31.714392285140825 ], [ -106.424759182565907, 31.714392285140825 ], [ -106.424759182565907, 31.714931274311297 ] ] ] ] } },
{ "type": "Feature", "properties": { "ZONA_MET": "Ju_rez", "INTENSIDAD": "Extrema", "T_PROM_POL": 3.0, "T_MIN_CIUD": 1.0, "DIF_TERMIC": 2.0 }, "geometry": { "type": "MultiPolygon", "coordinates": [ [ [ [ -106.370051781763024, 31.718165209334128 ], [ -106.369782287177784, 31.718165209334128 ], [ -106.369782287177784, 31.717356725578419 ], [ -106.369512792592559, 31.717356725578419 ], [ -106.369512792592559, 31.717087230993183 ], [ -106.369243298007319, 31.717087230993183 ], [ -106.369243298007319, 31.717626220163655 ], [ -106.36897380342208, 31.717626220163655 ], [ -106.36897380342208, 31.717895714748892 ], [ -106.368704308836854, 31.717895714748892 ], [ -106.368704308836854, 31.717626220163655 ], [ -106.367626330495909, 31.717626220163655 ], [ -106.367626330495909, 31.717356725578419 ], [ -106.36735683591067, 31.717356725578419 ], [ -106.36735683591067, 31.717087230993183 ], [ -106.366278857569725, 31.717087230993183 ], [ -106.366278857569725, 31.716817736407947 ], [ -106.36493138464354, 31.716817736407947 ], [ -106.36493138464354, 31.717626220163655 ], [ -106.364661890058315, 31.717626220163655 ], [ -106.364661890058315, 31.717895714748892 ], [ -106.364392395473075, 31.717895714748892 ], [ -106.364392395473075, 31.717356725578419 ], [ -106.36358391171737, 31.717356725578419 ], [ -106.36358391171737, 31.717087230993183 ], [ -106.363853406302596, 31.717087230993183 ], [ -106.363853406302596, 31.716817736407947 ], [ -106.364122900887835, 31.716817736407947 ], [ -106.364122900887835, 31.717087230993183 ], [ -106.364392395473075, 31.717087230993183 ], [ -106.364392395473075, 31.716817736407947 ], [ -106.364661890058315, 31.716817736407947 ], [ -106.364661890058315, 31.716278747237478 ], [ -106.36493138464354, 31.716278747237478 ], [ -106.36493138464354, 31.715739758067006 ], [ -106.36520087922878, 31.715739758067006 ], [ -106.36520087922878, 31.714931274311297 ], [ -106.364392395473075, 31.714931274311297 ], [ -106.364392395473075, 31.714392285140825 ], [ -106.36358391171737, 31.714392285140825 ], [ -106.36358391171737, 31.714661779726061 ], [ -106.363853406302596, 31.714661779726061 ], [ -106.363853406302596, 31.714931274311297 ], [ -106.363044922546891, 31.714931274311297 ], [ -106.363044922546891, 31.715200768896533 ], [ -106.364122900887835, 31.715200768896533 ], [ -106.364122900887835, 31.71547026348177 ], [ -106.364661890058315, 31.71547026348177 ], [ -106.364661890058315, 31.715739758067006 ], [ -106.364122900887835, 31.715739758067006 ], [ -106.364122900887835, 31.716009252652242 ], [ -106.364392395473075, 31.716009252652242 ], [ -106.364392395473075, 31.716278747237478 ], [ -106.363853406302596, 31.716278747237478 ], [ -106.363853406302596, 31.716009252652242 ], [ -106.36358391171737, 31.716009252652242 ], [ -106.36358391171737, 31.716278747237478 ], [ -106.362505933376426, 31.716278747237478 ], [ -106.362505933376426, 31.716009252652242 ], [ -106.362236438791186, 31.716009252652242 ], [ -106.362236438791186, 31.715739758067006 ], [ -106.361427955035481, 31.715739758067006 ], [ -106.361427955035481, 31.715200768896533 ], [ -106.361158460450241, 31.715200768896533 ], [ -106.361158460450241, 31.71547026348177 ], [ -106.360619471279776, 31.71547026348177 ], [ -106.360619471279776, 31.715739758067006 ], [ -106.360080482109296, 31.715739758067006 ], [ -106.360080482109296, 31.716278747237478 ], [ -106.359541492938831, 31.716278747237478 ], [ -106.359541492938831, 31.716009252652242 ], [ -106.359810987524057, 31.716009252652242 ], [ -106.359810987524057, 31.715739758067006 ], [ -106.359271998353591, 31.715739758067006 ], [ -106.359271998353591, 31.71547026348177 ], [ -106.359002503768352, 31.71547026348177 ], [ -106.359002503768352, 31.715739758067006 ], [ -106.358733009183126, 31.715739758067006 ], [ -106.358733009183126, 31.71547026348177 ], [ -106.358463514597887, 31.71547026348177 ], [ -106.358463514597887, 31.714931274311297 ], [ -106.358194020012647, 31.714931274311297 ], [ -106.358194020012647, 31.714661779726061 ], [ -106.358733009183126, 31.714661779726061 ], [ -106.358733009183126, 31.714392285140825 ], [ -106.359002503768352, 31.714392285140825 ], [ -106.359002503768352, 31.713853295970353 ], [ -106.359810987524057, 31.713853295970353 ], [ -106.359810987524057, 31.714392285140825 ], [ -106.360349976694536, 31.714392285140825 ], [ -106.360349976694536, 31.714931274311297 ], [ -106.360888965865001, 31.714931274311297 ], [ -106.360888965865001, 31.714661779726061 ], [ -106.361158460450241, 31.714661779726061 ], [ -106.361158460450241, 31.714392285140825 ], [ -106.361427955035481, 31.714392285140825 ], [ -106.361427955035481, 31.713583801385116 ], [ -106.361966944205946, 31.713583801385116 ], [ -106.361966944205946, 31.713853295970353 ], [ -106.362236438791186, 31.713853295970353 ], [ -106.362236438791186, 31.714122790555589 ], [ -106.363044922546891, 31.714122790555589 ], [ -106.363044922546891, 31.713853295970353 ], [ -106.363314417132131, 31.713853295970353 ], [ -106.363314417132131, 31.713314306799884 ], [ -106.36358391171737, 31.713314306799884 ], [ -106.36358391171737, 31.712775317629411 ], [ -106.364122900887835, 31.712775317629411 ], [ -106.364122900887835, 31.712236328458939 ], [ -106.36358391171737, 31.712236328458939 ], [ -106.36358391171737, 31.711966833873703 ], [ -106.364392395473075, 31.711966833873703 ], [ -106.364392395473075, 31.712236328458939 ], [ -106.36493138464354, 31.712236328458939 ], [ -106.36493138464354, 31.712505823044175 ], [ -106.36573986839926, 31.712505823044175 ], [ -106.36573986839926, 31.712775317629411 ], [ -106.36520087922878, 31.712775317629411 ], [ -106.36520087922878, 31.713044812214648 ], [ -106.364122900887835, 31.713044812214648 ], [ -106.364122900887835, 31.713583801385116 ], [ -106.364392395473075, 31.713583801385116 ], [ -106.364392395473075, 31.714122790555589 ], [ -106.366009362984485, 31.714122790555589 ], [ -106.366009362984485, 31.713583801385116 ], [ -106.366278857569725, 31.713583801385116 ], [ -106.366278857569725, 31.713044812214648 ], [ -106.36681784674019, 31.713044812214648 ], [ -106.36681784674019, 31.712775317629411 ], [ -106.367626330495909, 31.712775317629411 ], [ -106.367626330495909, 31.713314306799884 ], [ -106.36681784674019, 31.713314306799884 ], [ -106.36681784674019, 31.713583801385116 ], [ -106.36708734132543, 31.713583801385116 ], [ -106.36708734132543, 31.713853295970353 ], [ -106.367895825081135, 31.713853295970353 ], [ -106.367895825081135, 31.713583801385116 ], [ -106.368165319666375, 31.713583801385116 ], [ -106.368165319666375, 31.713044812214648 ], [ -106.368434814251614, 31.713044812214648 ], [ -106.368434814251614, 31.713583801385116 ], [ -106.368704308836854, 31.713583801385116 ], [ -106.368704308836854, 31.714122790555589 ], [ -106.368434814251614, 31.714122790555589 ], [ -106.368434814251614, 31.714392285140825 ], [ -106.368165319666375, 31.714392285140825 ], [ -106.368165319666375, 31.714661779726061 ], [ -106.368434814251614, 31.714661779726061 ], [ -106.368434814251614, 31.715200768896533 ], [ -106.368704308836854, 31.715200768896533 ], [ -106.368704308836854, 31.714661779726061 ], [ -106.36897380342208, 31.714661779726061 ], [ -106.36897380342208, 31.714392285140825 ], [ -106.369243298007319, 31.714392285140825 ], [ -106.369243298007319, 31.713583801385116 ], [ -106.370321276348264, 31.713583801385116 ], [ -106.370321276348264, 31.713853295970353 ], [ -106.370590770933504, 31.713853295970353 ], [ -106.370590770933504, 31.714661779726061 ], [ -106.370321276348264, 31.714661779726061 ], [ -106.370321276348264, 31.714931274311297 ], [ -106.369782287177784, 31.714931274311297 ], [ -106.369782287177784, 31.716278747237478 ], [ -106.369512792592559, 31.716278747237478 ], [ -106.369512792592559, 31.716817736407947 ], [ -106.369782287177784, 31.716817736407947 ], [ -106.369782287177784, 31.717087230993183 ], [ -106.370051781763024, 31.717087230993183 ], [ -106.370051781763024, 31.717626220163655 ], [ -106.370321276348264, 31.717626220163655 ], [ -106.370321276348264, 31.717895714748892 ], [ -106.370051781763024, 31.717895714748892 ], [ -106.370051781763024, 31.718165209334128 ] ], [ [ -106.36735683591067, 31.716817736407947 ], [ -106.36735683591067, 31.716278747237478 ], [ -106.366278857569725, 31.716278747237478 ], [ -106.366278857569725, 31.716817736407947 ], [ -106.36735683591067, 31.716817736407947 ] ], [ [ -106.366009362984485, 31.716548241822711 ], [ -106.366009362984485, 31.716278747237478 ], [ -106.36573986839926, 31.716278747237478 ], [ -106.36573986839926, 31.716548241822711 ], [ -106.366009362984485, 31.716548241822711 ] ], [ [ -106.368165319666375, 31.716278747237478 ], [ -106.368165319666375, 31.715739758067006 ], [ -106.367895825081135, 31.715739758067006 ], [ -106.367895825081135, 31.716009252652242 ], [ -106.367626330495909, 31.716009252652242 ], [ -106.367626330495909, 31.716278747237478 ], [ -106.368165319666375, 31.716278747237478 ] ], [ [ -106.369243298007319, 31.716009252652242 ], [ -106.369243298007319, 31.715739758067006 ], [ -106.368704308836854, 31.715739758067006 ], [ -106.368704308836854, 31.716009252652242 ], [ -106.369243298007319, 31.716009252652242 ] ], [ [ -106.36735683591067, 31.716009252652242 ], [ -106.36735683591067, 31.715739758067006 ], [ -106.367626330495909, 31.715739758067006 ], [ -106.367626330495909, 31.715200768896533 ], [ -106.36681784674019, 31.715200768896533 ], [ -106.36681784674019, 31.715739758067006 ], [ -106.366278857569725, 31.715739758067006 ], [ -106.366278857569725, 31.716009252652242 ], [ -106.36735683591067, 31.716009252652242 ] ], [ [ -106.36573986839926, 31.716009252652242 ], [ -106.36573986839926, 31.715739758067006 ], [ -106.36520087922878, 31.715739758067006 ], [ -106.36520087922878, 31.716009252652242 ], [ -106.36573986839926, 31.716009252652242 ] ], [ [ -106.368434814251614, 31.715739758067006 ], [ -106.368434814251614, 31.71547026348177 ], [ -106.368165319666375, 31.71547026348177 ], [ -106.368165319666375, 31.715739758067006 ], [ -106.368434814251614, 31.715739758067006 ] ], [ [ -106.362775427961665, 31.71547026348177 ], [ -106.362775427961665, 31.715200768896533 ], [ -106.362236438791186, 31.715200768896533 ], [ -106.362236438791186, 31.71547026348177 ], [ -106.362775427961665, 31.71547026348177 ] ], [ [ -106.359271998353591, 31.715200768896533 ], [ -106.359271998353591, 31.714931274311297 ], [ -106.358733009183126, 31.714931274311297 ], [ -106.358733009183126, 31.715200768896533 ], [ -106.359271998353591, 31.715200768896533 ] ], [ [ -106.367626330495909, 31.714931274311297 ], [ -106.367626330495909, 31.714661779726061 ], [ -106.36735683591067, 31.714661779726061 ], [ -106.36735683591067, 31.714931274311297 ], [ -106.367626330495909, 31.714931274311297 ] ], [ [ -106.366009362984485, 31.714931274311297 ], [ -106.366009362984485, 31.714661779726061 ], [ -106.36573986839926, 31.714661779726061 ], [ -106.36573986839926, 31.714931274311297 ], [ -106.366009362984485, 31.714931274311297 ] ], [ [ -106.359810987524057, 31.714931274311297 ], [ -106.359810987524057, 31.714392285140825 ], [ -106.359271998353591, 31.714392285140825 ], [ -106.359271998353591, 31.714661779726061 ], [ -106.359541492938831, 31.714661779726061 ], [ -106.359541492938831, 31.714931274311297 ], [ -106.359810987524057, 31.714931274311297 ] ], [ [ -106.36681784674019, 31.714661779726061 ], [ -106.36681784674019, 31.714122790555589 ], [ -106.366278857569725, 31.714122790555589 ], [ -106.366278857569725, 31.714392285140825 ], [ -106.366548352154965, 31.714392285140825 ], [ -106.366548352154965, 31.714661779726061 ], [ -106.36681784674019, 31.714661779726061 ] ], [ [ -106.36573986839926, 31.714661779726061 ], [ -106.36573986839926, 31.714392285140825 ], [ -106.36520087922878, 31.714392285140825 ], [ -106.36520087922878, 31.714661779726061 ], [ -106.36573986839926, 31.714661779726061 ] ], [ [ -106.367895825081135, 31.714392285140825 ], [ -106.367895825081135, 31.714122790555589 ], [ -106.367626330495909, 31.714122790555589 ], [ -106.367626330495909, 31.714392285140825 ], [ -106.367895825081135, 31.714392285140825 ] ], [ [ -106.370321276348264, 31.714122790555589 ], [ -106.370321276348264, 31.713853295970353 ], [ -106.370051781763024, 31.713853295970353 ], [ -106.370051781763024, 31.714122790555589 ], [ -106.370321276348264, 31.714122790555589 ] ], [ [ -106.369782287177784, 31.714122790555589 ], [ -106.369782287177784, 31.713853295970353 ], [ -106.369512792592559, 31.713853295970353 ], [ -106.369512792592559, 31.714122790555589 ], [ -106.369782287177784, 31.714122790555589 ] ], [ [ -106.364661890058315, 31.712775317629411 ], [ -106.364661890058315, 31.712505823044175 ], [ -106.364392395473075, 31.712505823044175 ], [ -106.364392395473075, 31.712775317629411 ], [ -106.364661890058315, 31.712775317629411 ] ] ] ] } },
{ "type": "Feature", "properties": { "ZONA_MET": "Ju_rez", "INTENSIDAD": "Intensa", "T_PROM_POL": 3.0, "T_MIN_CIUD": 1.0, "DIF_TERMIC": 2.0 }, "geometry": { "type": "MultiPolygon", "coordinates": [ [ [ [ -106.36681784674019, 31.713044812214648 ], [ -106.366548352154965, 31.713044812214648 ], [ -106.366548352154965, 31.712775317629411 ], [ -106.366009362984485, 31.712775317629411 ], [ -106.366009362984485, 31.712505823044175 ], [ -106.36493138464354, 31.712505823044175 ], [ -106.36493138464354, 31.712236328458939 ], [ -106.36573986839926, 31.712236328458939 ], [ -106.36573986839926, 31.711966833873703 ], [ -106.366278857569725, 31.711966833873703 ], [ -106.366278857569725, 31.712505823044175 ], [ -106.366548352154965, 31.712505823044175 ], [ -106.366548352154965, 31.711966833873703 ], [ -106.36681784674019, 31.711966833873703 ], [ -106.36681784674019, 31.712236328458939 ], [ -106.36708734132543, 31.712236328458939 ], [ -106.36708734132543, 31.711966833873703 ], [ -106.367626330495909, 31.711966833873703 ], [ -106.367626330495909, 31.712236328458939 ], [ -106.36735683591067, 31.712236328458939 ], [ -106.36735683591067, 31.712775317629411 ], [ -106.36681784674019, 31.712775317629411 ], [ -106.36681784674019, 31.713044812214648 ] ] ] ] } },
{ "type": "Feature", "properties": { "ZONA_MET": "Ju_rez", "INTENSIDAD": "Intensa", "T_PROM_POL": 3.0, "T_MIN_CIUD": 1.0, "DIF_TERMIC": 2.0 }, "geometry": { "type": "MultiPolygon", "coordinates": [ [ [ [ -106.455481565282795, 31.714661779726061 ], [ -106.454942576112316, 31.714661779726061 ], [ -106.454942576112316, 31.714122790555589 ], [ -106.453325608600906, 31.714122790555589 ], [ -106.453325608600906, 31.713853295970353 ], [ -106.453056114015666, 31.713853295970353 ], [ -106.453056114015666, 31.713314306799884 ], [ -106.452786619430441, 31.713314306799884 ], [ -106.452786619430441, 31.713044812214648 ], [ -106.452247630259961, 31.713044812214648 ], [ -106.452247630259961, 31.712775317629411 ], [ -106.451978135674722, 31.712775317629411 ], [ -106.451978135674722, 31.712236328458939 ], [ -106.450630662748551, 31.712236328458939 ], [ -106.450630662748551, 31.711966833873703 ], [ -106.450361168163312, 31.711966833873703 ], [ -106.450361168163312, 31.711697339288467 ], [ -106.451978135674722, 31.711697339288467 ], [ -106.451978135674722, 31.711427844703231 ], [ -106.453056114015666, 31.711427844703231 ], [ -106.453056114015666, 31.711697339288467 ], [ -106.454134092356611, 31.711697339288467 ], [ -106.454134092356611, 31.712236328458939 ], [ -106.454673081527091, 31.712236328458939 ], [ -106.454673081527091, 31.712505823044175 ], [ -106.454942576112316, 31.712505823044175 ], [ -106.454942576112316, 31.713314306799884 ], [ -106.455212070697556, 31.713314306799884 ], [ -106.455212070697556, 31.713044812214648 ], [ -106.455481565282795, 31.713044812214648 ], [ -106.455481565282795, 31.712775317629411 ], [ -106.456020554453261, 31.712775317629411 ], [ -106.456020554453261, 31.713044812214648 ], [ -106.455751059868035, 31.713044812214648 ], [ -106.455751059868035, 31.713583801385116 ], [ -106.455481565282795, 31.713583801385116 ], [ -106.455481565282795, 31.713853295970353 ], [ -106.455751059868035, 31.713853295970353 ], [ -106.455751059868035, 31.714122790555589 ], [ -106.455481565282795, 31.714122790555589 ], [ -106.455481565282795, 31.714661779726061 ] ], [ [ -106.454134092356611, 31.713583801385116 ], [ -106.454134092356611, 31.713044812214648 ], [ -106.453864597771371, 31.713044812214648 ], [ -106.453864597771371, 31.712775317629411 ], [ -106.453595103186146, 31.712775317629411 ], [ -106.453595103186146, 31.712505823044175 ], [ -106.453325608600906, 31.712505823044175 ], [ -106.453325608600906, 31.713044812214648 ], [ -106.453595103186146, 31.713044812214648 ], [ -106.453595103186146, 31.713314306799884 ], [ -106.453864597771371, 31.713314306799884 ], [ -106.453864597771371, 31.713583801385116 ], [ -106.454134092356611, 31.713583801385116 ] ], [ [ -106.453595103186146, 31.713583801385116 ], [ -106.453595103186146, 31.713314306799884 ], [ -106.453325608600906, 31.713314306799884 ], [ -106.453325608600906, 31.713583801385116 ], [ -106.453595103186146, 31.713583801385116 ] ], [ [ -106.453056114015666, 31.712505823044175 ], [ -106.453056114015666, 31.712236328458939 ], [ -106.452786619430441, 31.712236328458939 ], [ -106.452786619430441, 31.712505823044175 ], [ -106.453056114015666, 31.712505823044175 ] ], [ [ -106.453056114015666, 31.711966833873703 ], [ -106.453056114015666, 31.711697339288467 ], [ -106.452786619430441, 31.711697339288467 ], [ -106.452786619430441, 31.711966833873703 ], [ -106.453056114015666, 31.711966833873703 ] ] ] ] } },
{ "type": "Feature", "properties": { "ZONA_MET": "Ju_rez", "INTENSIDAD": "Intensa", "T_PROM_POL": 3.0, "T_MIN_CIUD": 1.0, "DIF_TERMIC": 2.0 }, "geometry": { "type": "MultiPolygon", "coordinates": [ [ [ [ -106.358733009183126, 31.714661779726061 ], [ -106.357385536256942, 31.714661779726061 ], [ -106.357385536256942, 31.714392285140825 ], [ -106.357924525427407, 31.714392285140825 ], [ -106.357924525427407, 31.713853295970353 ], [ -106.358733009183126, 31.713853295970353 ], [ -106.358733009183126, 31.713044812214648 ], [ -106.359002503768352, 31.713044812214648 ], [ -106.359002503768352, 31.712775317629411 ], [ -106.357924525427407, 31.712775317629411 ], [ -106.357924525427407, 31.712236328458939 ], [ -106.358194020012647, 31.712236328458939 ], [ -106.358194020012647, 31.711697339288467 ], [ -106.359271998353591, 31.711697339288467 ], [ -106.359271998353591, 31.711427844703231 ], [ -106.359002503768352, 31.711427844703231 ], [ -106.359002503768352, 31.710888855532758 ], [ -106.359541492938831, 31.710888855532758 ], [ -106.359541492938831, 31.711158350117994 ], [ -106.359810987524057, 31.711158350117994 ], [ -106.359810987524057, 31.710888855532758 ], [ -106.360619471279776, 31.710888855532758 ], [ -106.360619471279776, 31.711158350117994 ], [ -106.360888965865001, 31.711158350117994 ], [ -106.360888965865001, 31.711697339288467 ], [ -106.361158460450241, 31.711697339288467 ], [ -106.361158460450241, 31.711966833873703 ], [ -106.361427955035481, 31.711966833873703 ], [ -106.361427955035481, 31.712236328458939 ], [ -106.361158460450241, 31.712236328458939 ], [ -106.361158460450241, 31.712505823044175 ], [ -106.360349976694536, 31.712505823044175 ], [ -106.360349976694536, 31.712775317629411 ], [ -106.359810987524057, 31.712775317629411 ], [ -106.359810987524057, 31.713044812214648 ], [ -106.359541492938831, 31.713044812214648 ], [ -106.359541492938831, 31.713314306799884 ], [ -106.359002503768352, 31.713314306799884 ], [ -106.359002503768352, 31.713583801385116 ], [ -106.359810987524057, 31.713583801385116 ], [ -106.359810987524057, 31.713853295970353 ], [ -106.359002503768352, 31.713853295970353 ], [ -106.359002503768352, 31.714122790555589 ], [ -106.358733009183126, 31.714122790555589 ], [ -106.358733009183126, 31.714661779726061 ] ], [ [ -106.359810987524057, 31.712505823044175 ], [ -106.359810987524057, 31.712236328458939 ], [ -106.359541492938831, 31.712236328458939 ], [ -106.359541492938831, 31.712505823044175 ], [ -106.359810987524057, 31.712505823044175 ] ], [ [ -106.360349976694536, 31.712236328458939 ], [ -106.360349976694536, 31.711966833873703 ], [ -106.360619471279776, 31.711966833873703 ], [ -106.360619471279776, 31.711697339288467 ], [ -106.359541492938831, 31.711697339288467 ], [ -106.359541492938831, 31.711966833873703 ], [ -106.359810987524057, 31.711966833873703 ], [ -106.359810987524057, 31.712236328458939 ], [ -106.360349976694536, 31.712236328458939 ] ], [ [ -106.359002503768352, 31.712236328458939 ], [ -106.359002503768352, 31.711966833873703 ], [ -106.358733009183126, 31.711966833873703 ], [ -106.358733009183126, 31.712236328458939 ], [ -106.359002503768352, 31.712236328458939 ] ] ] ] } },
{ "type": "Feature", "properties": { "ZONA_MET": "Ju_rez", "INTENSIDAD": "Intensa", "T_PROM_POL": 3.0, "T_MIN_CIUD": 1.0, "DIF_TERMIC": 2.0 }, "geometry": { "type": "MultiPolygon", "coordinates": [ [ [ [ -106.415596366667884, 31.713044812214648 ], [ -106.414787882912179, 31.713044812214648 ], [ -106.414787882912179, 31.712775317629411 ], [ -106.4142488937417, 31.712775317629411 ], [ -106.4142488937417, 31.711427844703231 ], [ -106.413440409985995, 31.711427844703231 ], [ -106.413440409985995, 31.711158350117994 ], [ -106.413170915400769, 31.711158350117994 ], [ -106.413170915400769, 31.710888855532758 ], [ -106.4142488937417, 31.710888855532758 ], [ -106.4142488937417, 31.711158350117994 ], [ -106.414787882912179, 31.711158350117994 ], [ -106.414787882912179, 31.711697339288467 ], [ -106.41451838832694, 31.711697339288467 ], [ -106.41451838832694, 31.711966833873703 ], [ -106.414787882912179, 31.711966833873703 ], [ -106.414787882912179, 31.712505823044175 ], [ -106.415057377497419, 31.712505823044175 ], [ -106.415057377497419, 31.712775317629411 ], [ -106.415326872082645, 31.712775317629411 ], [ -106.415326872082645, 31.712236328458939 ], [ -106.415596366667884, 31.712236328458939 ], [ -106.415596366667884, 31.713044812214648 ] ] ] ] } },
{ "type": "Feature", "properties": { "ZONA_MET": "Ju_rez", "INTENSIDAD": "Intensa", "T_PROM_POL": 3.0, "T_MIN_CIUD": 1.0, "DIF_TERMIC": 2.0 }, "geometry": { "type": "MultiPolygon", "coordinates": [ [ [ [ -106.370321276348264, 31.712775317629411 ], [ -106.369243298007319, 31.712775317629411 ], [ -106.369243298007319, 31.712505823044175 ], [ -106.368704308836854, 31.712505823044175 ], [ -106.368704308836854, 31.712236328458939 ], [ -106.368165319666375, 31.712236328458939 ], [ -106.368165319666375, 31.711966833873703 ], [ -106.367626330495909, 31.711966833873703 ], [ -106.367626330495909, 31.711697339288467 ], [ -106.36735683591067, 31.711697339288467 ], [ -106.36735683591067, 31.711427844703231 ], [ -106.367895825081135, 31.711427844703231 ], [ -106.367895825081135, 31.710888855532758 ], [ -106.368434814251614, 31.710888855532758 ], [ -106.368434814251614, 31.711158350117994 ], [ -106.368704308836854, 31.711158350117994 ], [ -106.368704308836854, 31.711427844703231 ], [ -106.368434814251614, 31.711427844703231 ], [ -106.368434814251614, 31.711697339288467 ], [ -106.368704308836854, 31.711697339288467 ], [ -106.368704308836854, 31.711966833873703 ], [ -106.370051781763024, 31.711966833873703 ], [ -106.370051781763024, 31.712236328458939 ], [ -106.370321276348264, 31.712236328458939 ], [ -106.370321276348264, 31.712775317629411 ] ] ] ] } },
{ "type": "Feature", "properties": { "ZONA_MET": "Ju_rez", "INTENSIDAD": "Intensa", "T_PROM_POL": 3.0, "T_MIN_CIUD": 1.0, "DIF_TERMIC": 2.0 }, "geometry": { "type": "MultiPolygon", "coordinates": [ [ [ [ -106.458984994890855, 31.712236328458939 ], [ -106.45844600572039, 31.712236328458939 ], [ -106.45844600572039, 31.711697339288467 ], [ -106.45790701654991, 31.711697339288467 ], [ -106.45790701654991, 31.711158350117994 ], [ -106.457637521964685, 31.711158350117994 ], [ -106.457637521964685, 31.710888855532758 ], [ -106.458984994890855, 31.710888855532758 ], [ -106.458984994890855, 31.711158350117994 ], [ -106.45871550030563, 31.711158350117994 ], [ -106.45871550030563, 31.711697339288467 ], [ -106.458984994890855, 31.711697339288467 ], [ -106.458984994890855, 31.712236328458939 ] ] ] ] } },
{ "type": "Feature", "properties": { "ZONA_MET": "Ju_rez", "INTENSIDAD": "Intensa", "T_PROM_POL": 3.0, "T_MIN_CIUD": 1.0, "DIF_TERMIC": 2.0 }, "geometry": { "type": "MultiPolygon", "coordinates": [ [ [ [ -106.480005572539255, 31.711966833873703 ], [ -106.478927594198311, 31.711966833873703 ], [ -106.478927594198311, 31.711697339288467 ], [ -106.47919708878355, 31.711697339288467 ], [ -106.47919708878355, 31.711427844703231 ], [ -106.478927594198311, 31.711427844703231 ], [ -106.478927594198311, 31.710888855532758 ], [ -106.47946658336879, 31.710888855532758 ], [ -106.47946658336879, 31.710619360947522 ], [ -106.480275067124495, 31.710619360947522 ], [ -106.480275067124495, 31.710888855532758 ], [ -106.479736077954016, 31.710888855532758 ], [ -106.479736077954016, 31.711158350117994 ], [ -106.480005572539255, 31.711158350117994 ], [ -106.480005572539255, 31.711427844703231 ], [ -106.47946658336879, 31.711427844703231 ], [ -106.47946658336879, 31.711697339288467 ], [ -106.480005572539255, 31.711697339288467 ], [ -106.480005572539255, 31.711966833873703 ] ] ] ] } },
{ "type": "Feature", "properties": { "ZONA_MET": "Ju_rez", "INTENSIDAD": "Extrema", "T_PROM_POL": 3.0, "T_MIN_CIUD": 1.0, "DIF_TERMIC": 2.0 }, "geometry": { "type": "MultiPolygon", "coordinates": [ [ [ [ -106.374094200541563, 31.712775317629411 ], [ -106.373555211371098, 31.712775317629411 ], [ -106.373555211371098, 31.712236328458939 ], [ -106.373285716785858, 31.712236328458939 ], [ -106.373285716785858, 31.711966833873703 ], [ -106.373016222200619, 31.711966833873703 ], [ -106.373016222200619, 31.711697339288467 ], [ -106.372746727615379, 31.711697339288467 ], [ -106.372746727615379, 31.711427844703231 ], [ -106.372207738444914, 31.711427844703231 ], [ -106.372207738444914, 31.710888855532758 ], [ -106.371938243859674, 31.710888855532758 ], [ -106.371938243859674, 31.710619360947522 ], [ -106.371399254689209, 31.710619360947522 ], [ -106.371399254689209, 31.710349866362289 ], [ -106.372207738444914, 31.710349866362289 ], [ -106.372207738444914, 31.710619360947522 ], [ -106.372746727615379, 31.710619360947522 ], [ -106.372746727615379, 31.710888855532758 ], [ -106.373016222200619, 31.710888855532758 ], [ -106.373016222200619, 31.710619360947522 ], [ -106.373285716785858, 31.710619360947522 ], [ -106.373285716785858, 31.710888855532758 ], [ -106.373555211371098, 31.710888855532758 ], [ -106.373555211371098, 31.711427844703231 ], [ -106.373824705956324, 31.711427844703231 ], [ -106.373824705956324, 31.711697339288467 ], [ -106.373555211371098, 31.711697339288467 ], [ -106.373555211371098, 31.711966833873703 ], [ -106.374094200541563, 31.711966833873703 ], [ -106.374094200541563, 31.712775317629411 ] ] ] ] } },
{ "type": "Feature", "properties": { "ZONA_MET": "Ju_rez", "INTENSIDAD": "Extrema", "T_PROM_POL": 3.0, "T_MIN_CIUD": 1.0, "DIF_TERMIC": 2.0 }, "geometry": { "type": "MultiPolygon", "coordinates": [ [ [ [ -106.36358391171737, 31.712775317629411 ], [ -106.363314417132131, 31.712775317629411 ], [ -106.363314417132131, 31.712505823044175 ], [ -106.362775427961665, 31.712505823044175 ], [ -106.362775427961665, 31.712775317629411 ], [ -106.361966944205946, 31.712775317629411 ], [ -106.361966944205946, 31.712505823044175 ], [ -106.362236438791186, 31.712505823044175 ], [ -106.362236438791186, 31.712236328458939 ], [ -106.363044922546891, 31.712236328458939 ], [ -106.363044922546891, 31.711966833873703 ], [ -106.362505933376426, 31.711966833873703 ], [ -106.362505933376426, 31.711697339288467 ], [ -106.361427955035481, 31.711697339288467 ], [ -106.361427955035481, 31.711966833873703 ], [ -106.361158460450241, 31.711966833873703 ], [ -106.361158460450241, 31.711697339288467 ], [ -106.360888965865001, 31.711697339288467 ], [ -106.360888965865001, 31.711427844703231 ], [ -106.361158460450241, 31.711427844703231 ], [ -106.361158460450241, 31.711158350117994 ], [ -106.360619471279776, 31.711158350117994 ], [ -106.360619471279776, 31.710888855532758 ], [ -106.359002503768352, 31.710888855532758 ], [ -106.359002503768352, 31.710349866362289 ], [ -106.359271998353591, 31.710349866362289 ], [ -106.359271998353591, 31.710080371777053 ], [ -106.360349976694536, 31.710080371777053 ], [ -106.360349976694536, 31.710349866362289 ], [ -106.360080482109296, 31.710349866362289 ], [ -106.360080482109296, 31.710619360947522 ], [ -106.360888965865001, 31.710619360947522 ], [ -106.360888965865001, 31.710888855532758 ], [ -106.361697449620721, 31.710888855532758 ], [ -106.361697449620721, 31.711158350117994 ], [ -106.361966944205946, 31.711158350117994 ], [ -106.361966944205946, 31.711427844703231 ], [ -106.363044922546891, 31.711427844703231 ], [ -106.363044922546891, 31.711697339288467 ], [ -106.36358391171737, 31.711697339288467 ], [ -106.36358391171737, 31.711966833873703 ], [ -106.363314417132131, 31.711966833873703 ], [ -106.363314417132131, 31.712236328458939 ], [ -106.36358391171737, 31.712236328458939 ], [ -106.36358391171737, 31.712775317629411 ] ], [ [ -106.359541492938831, 31.710619360947522 ], [ -106.359541492938831, 31.710349866362289 ], [ -106.359271998353591, 31.710349866362289 ], [ -106.359271998353591, 31.710619360947522 ], [ -106.359541492938831, 31.710619360947522 ] ] ] ] } },
{ "type": "Feature", "properties": { "ZONA_MET": "Ju_rez", "INTENSIDAD": "Intensa", "T_PROM_POL": 3.0, "T_MIN_CIUD": 1.0, "DIF_TERMIC": 2.0 }, "geometry": { "type": "MultiPolygon", "coordinates": [ [ [ [ -106.377328135564397, 31.711427844703231 ], [ -106.377058640979158, 31.711427844703231 ], [ -106.377058640979158, 31.710888855532758 ], [ -106.377328135564397, 31.710888855532758 ], [ -106.377328135564397, 31.710619360947522 ], [ -106.377867124734863, 31.710619360947522 ], [ -106.377867124734863, 31.710349866362289 ], [ -106.379484092246287, 31.710349866362289 ], [ -106.379484092246287, 31.710080371777053 ], [ -106.380023081416752, 31.710080371777053 ], [ -106.380023081416752, 31.709810877191817 ], [ -106.380831565172457, 31.709810877191817 ], [ -106.380831565172457, 31.709541382606581 ], [ -106.381101059757697, 31.709541382606581 ], [ -106.381101059757697, 31.710080371777053 ], [ -106.381640048928162, 31.710080371777053 ], [ -106.381640048928162, 31.710888855532758 ], [ -106.381370554342936, 31.710888855532758 ], [ -106.381370554342936, 31.710349866362289 ], [ -106.380023081416752, 31.710349866362289 ], [ -106.380023081416752, 31.710619360947522 ], [ -106.379214597661047, 31.710619360947522 ], [ -106.379214597661047, 31.710888855532758 ], [ -106.378945103075807, 31.710888855532758 ], [ -106.378945103075807, 31.710619360947522 ], [ -106.378675608490568, 31.710619360947522 ], [ -106.378675608490568, 31.710888855532758 ], [ -106.377867124734863, 31.710888855532758 ], [ -106.377867124734863, 31.711158350117994 ], [ -106.377328135564397, 31.711158350117994 ], [ -106.377328135564397, 31.711427844703231 ] ] ] ] } },
{ "type": "Feature", "properties": { "ZONA_MET": "Ju_rez", "INTENSIDAD": "Extrema", "T_PROM_POL": 3.0, "T_MIN_CIUD": 1.0, "DIF_TERMIC": 2.0 }, "geometry": { "type": "MultiPolygon", "coordinates": [ [ [ [ -106.429879579685391, 31.710888855532758 ], [ -106.429340590514911, 31.710888855532758 ], [ -106.429340590514911, 31.710619360947522 ], [ -106.428801601344446, 31.710619360947522 ], [ -106.428801601344446, 31.710080371777053 ], [ -106.429071095929686, 31.710080371777053 ], [ -106.429071095929686, 31.709810877191817 ], [ -106.429879579685391, 31.709810877191817 ], [ -106.429879579685391, 31.709541382606581 ], [ -106.430149074270616, 31.709541382606581 ], [ -106.430149074270616, 31.710349866362289 ], [ -106.429879579685391, 31.710349866362289 ], [ -106.429879579685391, 31.710888855532758 ] ] ] ] } },
{ "type": "Feature", "properties": { "ZONA_MET": "Ju_rez", "INTENSIDAD": "Intensa", "T_PROM_POL": 3.0, "T_MIN_CIUD": 1.0, "DIF_TERMIC": 2.0 }, "geometry": { "type": "MultiPolygon", "coordinates": [ [ [ [ -106.401313153650392, 31.710349866362289 ], [ -106.400774164479913, 31.710349866362289 ], [ -106.400774164479913, 31.710080371777053 ], [ -106.399965680724208, 31.710080371777053 ], [ -106.399965680724208, 31.709541382606581 ], [ -106.399426691553728, 31.709541382606581 ], [ -106.399426691553728, 31.709271888021345 ], [ -106.400504669894673, 31.709271888021345 ], [ -106.400504669894673, 31.709541382606581 ], [ -106.400774164479913, 31.709541382606581 ], [ -106.400774164479913, 31.709810877191817 ], [ -106.401313153650392, 31.709810877191817 ], [ -106.401313153650392, 31.710349866362289 ] ] ] ] } },
{ "type": "Feature", "properties": { "ZONA_MET": "Ju_rez", "INTENSIDAD": "Intensa", "T_PROM_POL": 3.0, "T_MIN_CIUD": 1.0, "DIF_TERMIC": 2.0 }, "geometry": { "type": "MultiPolygon", "coordinates": [ [ [ [ -106.405086077843691, 31.710080371777053 ], [ -106.402930121161802, 31.710080371777053 ], [ -106.402930121161802, 31.709810877191817 ], [ -106.402660626576562, 31.709810877191817 ], [ -106.402660626576562, 31.710080371777053 ], [ -106.401582648235618, 31.710080371777053 ], [ -106.401582648235618, 31.709810877191817 ], [ -106.401852142820857, 31.709810877191817 ], [ -106.401852142820857, 31.709271888021345 ], [ -106.403469110332267, 31.709271888021345 ], [ -106.403469110332267, 31.709541382606581 ], [ -106.404277594087986, 31.709541382606581 ], [ -106.404277594087986, 31.709271888021345 ], [ -106.403738604917507, 31.709271888021345 ], [ -106.403738604917507, 31.709002393436108 ], [ -106.404277594087986, 31.709002393436108 ], [ -106.404277594087986, 31.708732898850872 ], [ -106.404547088673212, 31.708732898850872 ], [ -106.404547088673212, 31.709002393436108 ], [ -106.405086077843691, 31.709002393436108 ], [ -106.405086077843691, 31.710080371777053 ] ] ] ] } },
{ "type": "Feature", "properties": { "ZONA_MET": "Ju_rez", "INTENSIDAD": "Intensa", "T_PROM_POL": 3.0, "T_MIN_CIUD": 1.0, "DIF_TERMIC": 2.0 }, "geometry": { "type": "MultiPolygon", "coordinates": [ [ [ [ -106.353882106648868, 31.711966833873703 ], [ -106.353612612063642, 31.711966833873703 ], [ -106.353612612063642, 31.710888855532758 ], [ -106.354151601234108, 31.710888855532758 ], [ -106.354151601234108, 31.710349866362289 ], [ -106.353612612063642, 31.710349866362289 ], [ -106.353612612063642, 31.710619360947522 ], [ -106.352804128307938, 31.710619360947522 ], [ -106.352804128307938, 31.710349866362289 ], [ -106.352534633722698, 31.710349866362289 ], [ -106.352534633722698, 31.710080371777053 ], [ -106.351726149966993, 31.710080371777053 ], [ -106.351726149966993, 31.708732898850872 ], [ -106.352265139137458, 31.708732898850872 ], [ -106.352265139137458, 31.709541382606581 ], [ -106.352804128307938, 31.709541382606581 ], [ -106.352804128307938, 31.709002393436108 ], [ -106.353343117478403, 31.709002393436108 ], [ -106.353343117478403, 31.710080371777053 ], [ -106.354151601234108, 31.710080371777053 ], [ -106.354151601234108, 31.709810877191817 ], [ -106.354690590404587, 31.709810877191817 ], [ -106.354690590404587, 31.710080371777053 ], [ -106.354421095819347, 31.710080371777053 ], [ -106.354421095819347, 31.710349866362289 ], [ -106.354960084989813, 31.710349866362289 ], [ -106.354960084989813, 31.710619360947522 ], [ -106.355229579575052, 31.710619360947522 ], [ -106.355229579575052, 31.711158350117994 ], [ -106.354960084989813, 31.711158350117994 ], [ -106.354960084989813, 31.711427844703231 ], [ -106.354690590404587, 31.711427844703231 ], [ -106.354690590404587, 31.711158350117994 ], [ -106.354421095819347, 31.711158350117994 ], [ -106.354421095819347, 31.711427844703231 ], [ -106.353882106648868, 31.711427844703231 ], [ -106.353882106648868, 31.711966833873703 ] ] ] ] } },
{ "type": "Feature", "properties": { "ZONA_MET": "Ju_rez", "INTENSIDAD": "Intensa", "T_PROM_POL": 3.0, "T_MIN_CIUD": 1.0, "DIF_TERMIC": 2.0 }, "geometry": { "type": "MultiPolygon", "coordinates": [ [ [ [ -106.423411709639723, 31.710888855532758 ], [ -106.422333731298778, 31.710888855532758 ], [ -106.422333731298778, 31.710619360947522 ], [ -106.423142215054497, 31.710619360947522 ], [ -106.423142215054497, 31.710349866362289 ], [ -106.423411709639723, 31.710349866362289 ], [ -106.423411709639723, 31.710080371777053 ], [ -106.424220193395428, 31.710080371777053 ], [ -106.424220193395428, 31.708732898850872 ], [ -106.424759182565907, 31.708732898850872 ], [ -106.424759182565907, 31.709002393436108 ], [ -106.425298171736372, 31.709002393436108 ], [ -106.425298171736372, 31.709271888021345 ], [ -106.425837160906852, 31.709271888021345 ], [ -106.425837160906852, 31.709541382606581 ], [ -106.425028677151147, 31.709541382606581 ], [ -106.425028677151147, 31.709810877191817 ], [ -106.424759182565907, 31.709810877191817 ], [ -106.424759182565907, 31.710080371777053 ], [ -106.425028677151147, 31.710080371777053 ], [ -106.425028677151147, 31.710619360947522 ], [ -106.423411709639723, 31.710619360947522 ], [ -106.423411709639723, 31.710888855532758 ] ] ] ] } },
{ "type": "Feature", "properties": { "ZONA_MET": "Ju_rez", "INTENSIDAD": "Intensa", "T_PROM_POL": 3.0, "T_MIN_CIUD": 1.0, "DIF_TERMIC": 2.0 }, "geometry": { "type": "MultiPolygon", "coordinates": [ [ [ [ -106.357924525427407, 31.712236328458939 ], [ -106.357385536256942, 31.712236328458939 ], [ -106.357385536256942, 31.711966833873703 ], [ -106.356577052501237, 31.711966833873703 ], [ -106.356577052501237, 31.712236328458939 ], [ -106.356307557915997, 31.712236328458939 ], [ -106.356307557915997, 31.711427844703231 ], [ -106.357116041671702, 31.711427844703231 ], [ -106.357116041671702, 31.710888855532758 ], [ -106.356846547086462, 31.710888855532758 ], [ -106.356846547086462, 31.710619360947522 ], [ -106.356577052501237, 31.710619360947522 ], [ -106.356577052501237, 31.710080371777053 ], [ -106.356307557915997, 31.710080371777053 ], [ -106.356307557915997, 31.709541382606581 ], [ -106.356038063330757, 31.709541382606581 ], [ -106.356038063330757, 31.710888855532758 ], [ -106.355768568745532, 31.710888855532758 ], [ -106.355768568745532, 31.710619360947522 ], [ -106.355229579575052, 31.710619360947522 ], [ -106.355229579575052, 31.709271888021345 ], [ -106.356307557915997, 31.709271888021345 ], [ -106.356307557915997, 31.709002393436108 ], [ -106.357385536256942, 31.709002393436108 ], [ -106.357385536256942, 31.708732898850872 ], [ -106.357655030842182, 31.708732898850872 ], [ -106.357655030842182, 31.709002393436108 ], [ -106.357924525427407, 31.709002393436108 ], [ -106.357924525427407, 31.708463404265636 ], [ -106.358194020012647, 31.708463404265636 ], [ -106.358194020012647, 31.708732898850872 ], [ -106.358733009183126, 31.708732898850872 ], [ -106.358733009183126, 31.709002393436108 ], [ -106.358194020012647, 31.709002393436108 ], [ -106.358194020012647, 31.709271888021345 ], [ -106.356577052501237, 31.709271888021345 ], [ -106.356577052501237, 31.709541382606581 ], [ -106.357116041671702, 31.709541382606581 ], [ -106.357116041671702, 31.709810877191817 ], [ -106.357655030842182, 31.709810877191817 ], [ -106.357655030842182, 31.710080371777053 ], [ -106.357385536256942, 31.710080371777053 ], [ -106.357385536256942, 31.710888855532758 ], [ -106.357655030842182, 31.710888855532758 ], [ -106.357655030842182, 31.711427844703231 ], [ -106.357924525427407, 31.711427844703231 ], [ -106.357924525427407, 31.712236328458939 ] ] ] ] } },
{ "type": "Feature", "properties": { "ZONA_MET": "Ju_rez", "INTENSIDAD": "Extrema", "T_PROM_POL": 3.0, "T_MIN_CIUD": 1.0, "DIF_TERMIC": 2.0 }, "geometry": { "type": "MultiPolygon", "coordinates": [ [ [ [ -106.375980662638213, 31.711427844703231 ], [ -106.375711168052973, 31.711427844703231 ], [ -106.375711168052973, 31.711158350117994 ], [ -106.375441673467748, 31.711158350117994 ], [ -106.375441673467748, 31.710619360947522 ], [ -106.375711168052973, 31.710619360947522 ], [ -106.375711168052973, 31.709810877191817 ], [ -106.375980662638213, 31.709810877191817 ], [ -106.375980662638213, 31.710619360947522 ], [ -106.376250157223453, 31.710619360947522 ], [ -106.376250157223453, 31.710349866362289 ], [ -106.376789146393918, 31.710349866362289 ], [ -106.376789146393918, 31.710080371777053 ], [ -106.377328135564397, 31.710080371777053 ], [ -106.377328135564397, 31.709810877191817 ], [ -106.377597630149637, 31.709810877191817 ], [ -106.377597630149637, 31.709541382606581 ], [ -106.378136619320102, 31.709541382606581 ], [ -106.378136619320102, 31.709271888021345 ], [ -106.378945103075807, 31.709271888021345 ], [ -106.378945103075807, 31.709002393436108 ], [ -106.379484092246287, 31.709002393436108 ], [ -106.379484092246287, 31.708732898850872 ], [ -106.379753586831512, 31.708732898850872 ], [ -106.379753586831512, 31.708463404265636 ], [ -106.380292576001992, 31.708463404265636 ], [ -106.380292576001992, 31.708732898850872 ], [ -106.380023081416752, 31.708732898850872 ], [ -106.380023081416752, 31.709271888021345 ], [ -106.379214597661047, 31.709271888021345 ], [ -106.379214597661047, 31.709541382606581 ], [ -106.378675608490568, 31.709541382606581 ], [ -106.378675608490568, 31.709810877191817 ], [ -106.378406113905342, 31.709810877191817 ], [ -106.378406113905342, 31.710349866362289 ], [ -106.377867124734863, 31.710349866362289 ], [ -106.377867124734863, 31.710619360947522 ], [ -106.377328135564397, 31.710619360947522 ], [ -106.377328135564397, 31.710888855532758 ], [ -106.377058640979158, 31.710888855532758 ], [ -106.377058640979158, 31.711158350117994 ], [ -106.375980662638213, 31.711158350117994 ], [ -106.375980662638213, 31.711427844703231 ] ] ] ] } },
{ "type": "Feature", "properties": { "ZONA_MET": "Ju_rez", "INTENSIDAD": "Extrema", "T_PROM_POL": 3.0, "T_MIN_CIUD": 1.0, "DIF_TERMIC": 2.0 }, "geometry": { "type": "MultiPolygon", "coordinates": [ [ [ [ -106.400774164479913, 31.709541382606581 ], [ -106.400504669894673, 31.709541382606581 ], [ -106.400504669894673, 31.709271888021345 ], [ -106.399696186138968, 31.709271888021345 ], [ -106.399696186138968, 31.709002393436108 ], [ -106.399426691553728, 31.709002393436108 ], [ -106.399426691553728, 31.708732898850872 ], [ -106.399157196968503, 31.708732898850872 ], [ -106.399157196968503, 31.708463404265636 ], [ -106.399426691553728, 31.708463404265636 ], [ -106.399426691553728, 31.7081939096804 ], [ -106.399696186138968, 31.7081939096804 ], [ -106.399696186138968, 31.707924415095164 ], [ -106.399965680724208, 31.707924415095164 ], [ -106.399965680724208, 31.708463404265636 ], [ -106.399696186138968, 31.708463404265636 ], [ -106.399696186138968, 31.708732898850872 ], [ -106.400235175309447, 31.708732898850872 ], [ -106.400235175309447, 31.708463404265636 ], [ -106.400774164479913, 31.708463404265636 ], [ -106.400774164479913, 31.7081939096804 ], [ -106.401043659065152, 31.7081939096804 ], [ -106.401043659065152, 31.709271888021345 ], [ -106.400774164479913, 31.709271888021345 ], [ -106.400774164479913, 31.709541382606581 ] ] ] ] } },
{ "type": "Feature", "properties": { "ZONA_MET": "Ju_rez", "INTENSIDAD": "Intensa", "T_PROM_POL": 3.0, "T_MIN_CIUD": 1.0, "DIF_TERMIC": 2.0 }, "geometry": { "type": "MultiPolygon", "coordinates": [ [ [ [ -106.377058640979158, 31.709002393436108 ], [ -106.376519651808692, 31.709002393436108 ], [ -106.376519651808692, 31.708732898850872 ], [ -106.376250157223453, 31.708732898850872 ], [ -106.376250157223453, 31.707654920509928 ], [ -106.376519651808692, 31.707654920509928 ], [ -106.376519651808692, 31.707385425924691 ], [ -106.377058640979158, 31.707385425924691 ], [ -106.377058640979158, 31.7081939096804 ], [ -106.377328135564397, 31.7081939096804 ], [ -106.377328135564397, 31.708463404265636 ], [ -106.378136619320102, 31.708463404265636 ], [ -106.378136619320102, 31.707924415095164 ], [ -106.378406113905342, 31.707924415095164 ], [ -106.378406113905342, 31.7081939096804 ], [ -106.378945103075807, 31.7081939096804 ], [ -106.378945103075807, 31.708463404265636 ], [ -106.378406113905342, 31.708463404265636 ], [ -106.378406113905342, 31.708732898850872 ], [ -106.377058640979158, 31.708732898850872 ], [ -106.377058640979158, 31.709002393436108 ] ] ] ] } },
{ "type": "Feature", "properties": { "ZONA_MET": "Ju_rez", "INTENSIDAD": "Intensa", "T_PROM_POL": 3.0, "T_MIN_CIUD": 1.0, "DIF_TERMIC": 2.0 }, "geometry": { "type": "MultiPolygon", "coordinates": [ [ [ [ -106.366009362984485, 31.710080371777053 ], [ -106.364661890058315, 31.710080371777053 ], [ -106.364661890058315, 31.709810877191817 ], [ -106.364392395473075, 31.709810877191817 ], [ -106.364392395473075, 31.709541382606581 ], [ -106.363853406302596, 31.709541382606581 ], [ -106.363853406302596, 31.709271888021345 ], [ -106.36358391171737, 31.709271888021345 ], [ -106.36358391171737, 31.709002393436108 ], [ -106.363044922546891, 31.709002393436108 ], [ -106.363044922546891, 31.708732898850872 ], [ -106.362775427961665, 31.708732898850872 ], [ -106.362775427961665, 31.708463404265636 ], [ -106.362505933376426, 31.708463404265636 ], [ -106.362505933376426, 31.7081939096804 ], [ -106.361966944205946, 31.7081939096804 ], [ -106.361966944205946, 31.707924415095164 ], [ -106.361427955035481, 31.707924415095164 ], [ -106.361427955035481, 31.707385425924691 ], [ -106.360888965865001, 31.707385425924691 ], [ -106.360888965865001, 31.706846436754223 ], [ -106.361427955035481, 31.706846436754223 ], [ -106.361427955035481, 31.707115931339459 ], [ -106.361966944205946, 31.707115931339459 ], [ -106.361966944205946, 31.707385425924691 ], [ -106.362236438791186, 31.707385425924691 ], [ -106.362236438791186, 31.707654920509928 ], [ -106.362505933376426, 31.707654920509928 ], [ -106.362505933376426, 31.707924415095164 ], [ -106.362775427961665, 31.707924415095164 ], [ -106.362775427961665, 31.7081939096804 ], [ -106.363044922546891, 31.7081939096804 ], [ -106.363044922546891, 31.708463404265636 ], [ -106.36358391171737, 31.708463404265636 ], [ -106.36358391171737, 31.708732898850872 ], [ -106.364392395473075, 31.708732898850872 ], [ -106.364392395473075, 31.709271888021345 ], [ -106.36520087922878, 31.709271888021345 ], [ -106.36520087922878, 31.709541382606581 ], [ -106.36547037381402, 31.709541382606581 ], [ -106.36547037381402, 31.709810877191817 ], [ -106.366009362984485, 31.709810877191817 ], [ -106.366009362984485, 31.710080371777053 ] ] ] ] } },
{ "type": "Feature", "properties": { "ZONA_MET": "Ju_rez", "INTENSIDAD": "Intensa", "T_PROM_POL": 3.0, "T_MIN_CIUD": 1.0, "DIF_TERMIC": 2.0 }, "geometry": { "type": "MultiPolygon", "coordinates": [ [ [ [ -106.374363695126803, 31.709541382606581 ], [ -106.373824705956324, 31.709541382606581 ], [ -106.373824705956324, 31.709002393436108 ], [ -106.373555211371098, 31.709002393436108 ], [ -106.373555211371098, 31.708732898850872 ], [ -106.373016222200619, 31.708732898850872 ], [ -106.373016222200619, 31.708463404265636 ], [ -106.373555211371098, 31.708463404265636 ], [ -106.373555211371098, 31.7081939096804 ], [ -106.373824705956324, 31.7081939096804 ], [ -106.373824705956324, 31.707924415095164 ], [ -106.374094200541563, 31.707924415095164 ], [ -106.374094200541563, 31.7081939096804 ], [ -106.374363695126803, 31.7081939096804 ], [ -106.374363695126803, 31.707654920509928 ], [ -106.374094200541563, 31.707654920509928 ], [ -106.374094200541563, 31.707385425924691 ], [ -106.373824705956324, 31.707385425924691 ], [ -106.373824705956324, 31.707654920509928 ], [ -106.373555211371098, 31.707654920509928 ], [ -106.373555211371098, 31.707385425924691 ], [ -106.373016222200619, 31.707385425924691 ], [ -106.373016222200619, 31.707115931339459 ], [ -106.372746727615379, 31.707115931339459 ], [ -106.372746727615379, 31.706846436754223 ], [ -106.372477233030153, 31.706846436754223 ], [ -106.372477233030153, 31.70630744758375 ], [ -106.372746727615379, 31.70630744758375 ], [ -106.372746727615379, 31.706576942168986 ], [ -106.373285716785858, 31.706576942168986 ], [ -106.373285716785858, 31.706846436754223 ], [ -106.373824705956324, 31.706846436754223 ], [ -106.373824705956324, 31.707115931339459 ], [ -106.374363695126803, 31.707115931339459 ], [ -106.374363695126803, 31.707385425924691 ], [ -106.374633189712043, 31.707385425924691 ], [ -106.374633189712043, 31.708463404265636 ], [ -106.375441673467748, 31.708463404265636 ], [ -106.375441673467748, 31.708732898850872 ], [ -106.374902684297268, 31.708732898850872 ], [ -106.374902684297268, 31.709002393436108 ], [ -106.374633189712043, 31.709002393436108 ], [ -106.374633189712043, 31.709271888021345 ], [ -106.374363695126803, 31.709271888021345 ], [ -106.374363695126803, 31.709541382606581 ] ] ] ] } },
{ "type": "Feature", "properties": { "ZONA_MET": "Ju_rez", "INTENSIDAD": "Intensa", "T_PROM_POL": 3.0, "T_MIN_CIUD": 1.0, "DIF_TERMIC": 2.0 }, "geometry": { "type": "MultiPolygon", "coordinates": [ [ [ [ -106.371129760103969, 31.7081939096804 ], [ -106.370321276348264, 31.7081939096804 ], [ -106.370321276348264, 31.707924415095164 ], [ -106.370860265518729, 31.707924415095164 ], [ -106.370860265518729, 31.707385425924691 ], [ -106.371129760103969, 31.707385425924691 ], [ -106.371129760103969, 31.707115931339459 ], [ -106.370590770933504, 31.707115931339459 ], [ -106.370590770933504, 31.706846436754223 ], [ -106.370860265518729, 31.706846436754223 ], [ -106.370860265518729, 31.706576942168986 ], [ -106.371129760103969, 31.706576942168986 ], [ -106.371129760103969, 31.70630744758375 ], [ -106.372207738444914, 31.70630744758375 ], [ -106.372207738444914, 31.706846436754223 ], [ -106.371938243859674, 31.706846436754223 ], [ -106.371938243859674, 31.707115931339459 ], [ -106.371668749274448, 31.707115931339459 ], [ -106.371668749274448, 31.707654920509928 ], [ -106.371129760103969, 31.707654920509928 ], [ -106.371129760103969, 31.7081939096804 ] ], [ [ -106.371399254689209, 31.706846436754223 ], [ -106.371399254689209, 31.706576942168986 ], [ -106.371129760103969, 31.706576942168986 ], [ -106.371129760103969, 31.706846436754223 ], [ -106.371399254689209, 31.706846436754223 ] ] ] ] } },
{ "type": "Feature", "properties": { "ZONA_MET": "Ju_rez", "INTENSIDAD": "Intensa", "T_PROM_POL": 3.0, "T_MIN_CIUD": 1.0, "DIF_TERMIC": 2.0 }, "geometry": { "type": "MultiPolygon", "coordinates": [ [ [ [ -106.428801601344446, 31.707115931339459 ], [ -106.428262612173967, 31.707115931339459 ], [ -106.428262612173967, 31.706846436754223 ], [ -106.427184633833022, 31.706846436754223 ], [ -106.427184633833022, 31.706576942168986 ], [ -106.426915139247797, 31.706576942168986 ], [ -106.426915139247797, 31.706037952998514 ], [ -106.427993117588741, 31.706037952998514 ], [ -106.427993117588741, 31.70630744758375 ], [ -106.428262612173967, 31.70630744758375 ], [ -106.428262612173967, 31.706037952998514 ], [ -106.429071095929686, 31.706037952998514 ], [ -106.429071095929686, 31.70630744758375 ], [ -106.429340590514911, 31.70630744758375 ], [ -106.429340590514911, 31.706576942168986 ], [ -106.429071095929686, 31.706576942168986 ], [ -106.429071095929686, 31.706846436754223 ], [ -106.428801601344446, 31.706846436754223 ], [ -106.428801601344446, 31.707115931339459 ] ] ] ] } },
{ "type": "Feature", "properties": { "ZONA_MET": "Ju_rez", "INTENSIDAD": "Intensa", "T_PROM_POL": 3.0, "T_MIN_CIUD": 1.0, "DIF_TERMIC": 2.0 }, "geometry": { "type": "MultiPolygon", "coordinates": [ [ [ [ -106.401852142820857, 31.707385425924691 ], [ -106.401582648235618, 31.707385425924691 ], [ -106.401582648235618, 31.706846436754223 ], [ -106.401313153650392, 31.706846436754223 ], [ -106.401313153650392, 31.706576942168986 ], [ -106.400235175309447, 31.706576942168986 ], [ -106.400235175309447, 31.70630744758375 ], [ -106.399965680724208, 31.70630744758375 ], [ -106.399965680724208, 31.706037952998514 ], [ -106.400235175309447, 31.706037952998514 ], [ -106.400235175309447, 31.705768458413278 ], [ -106.401043659065152, 31.705768458413278 ], [ -106.401043659065152, 31.706037952998514 ], [ -106.402121637406097, 31.706037952998514 ], [ -106.402121637406097, 31.707115931339459 ], [ -106.401852142820857, 31.707115931339459 ], [ -106.401852142820857, 31.707385425924691 ] ] ] ] } },
{ "type": "Feature", "properties": { "ZONA_MET": "Ju_rez", "INTENSIDAD": "Extrema", "T_PROM_POL": 3.0, "T_MIN_CIUD": 1.0, "DIF_TERMIC": 2.0 }, "geometry": { "type": "MultiPolygon", "coordinates": [ [ [ [ -106.380831565172457, 31.708463404265636 ], [ -106.380292576001992, 31.708463404265636 ], [ -106.380292576001992, 31.707654920509928 ], [ -106.380562070587231, 31.707654920509928 ], [ -106.380562070587231, 31.707385425924691 ], [ -106.380831565172457, 31.707385425924691 ], [ -106.380831565172457, 31.706846436754223 ], [ -106.381101059757697, 31.706846436754223 ], [ -106.381101059757697, 31.70630744758375 ], [ -106.381370554342936, 31.70630744758375 ], [ -106.381370554342936, 31.706037952998514 ], [ -106.381640048928162, 31.706037952998514 ], [ -106.381640048928162, 31.705768458413278 ], [ -106.381909543513402, 31.705768458413278 ], [ -106.381909543513402, 31.706576942168986 ], [ -106.381640048928162, 31.706576942168986 ], [ -106.381640048928162, 31.707115931339459 ], [ -106.381370554342936, 31.707115931339459 ], [ -106.381370554342936, 31.707654920509928 ], [ -106.381101059757697, 31.707654920509928 ], [ -106.381101059757697, 31.7081939096804 ], [ -106.380831565172457, 31.7081939096804 ], [ -106.380831565172457, 31.708463404265636 ] ] ] ] } },
{ "type": "Feature", "properties": { "ZONA_MET": "Ju_rez", "INTENSIDAD": "Extrema", "T_PROM_POL": 3.0, "T_MIN_CIUD": 1.0, "DIF_TERMIC": 2.0 }, "geometry": { "type": "MultiPolygon", "coordinates": [ [ [ [ -106.402121637406097, 31.706037952998514 ], [ -106.401043659065152, 31.706037952998514 ], [ -106.401043659065152, 31.705229469242806 ], [ -106.402930121161802, 31.705229469242806 ], [ -106.402930121161802, 31.705768458413278 ], [ -106.402121637406097, 31.705768458413278 ], [ -106.402121637406097, 31.706037952998514 ] ] ] ] } },
{ "type": "Feature", "properties": { "ZONA_MET": "Ju_rez", "INTENSIDAD": "Extrema", "T_PROM_POL": 3.0, "T_MIN_CIUD": 1.0, "DIF_TERMIC": 2.0 }, "geometry": { "type": "MultiPolygon", "coordinates": [ [ [ [ -106.351726149966993, 31.709810877191817 ], [ -106.350648171626048, 31.709810877191817 ], [ -106.350648171626048, 31.709002393436108 ], [ -106.349839687870343, 31.709002393436108 ], [ -106.349839687870343, 31.708732898850872 ], [ -106.349031204114624, 31.708732898850872 ], [ -106.349031204114624, 31.707924415095164 ], [ -106.347144742017974, 31.707924415095164 ], [ -106.347144742017974, 31.707654920509928 ], [ -106.346875247432749, 31.707654920509928 ], [ -106.346875247432749, 31.707385425924691 ], [ -106.346336258262269, 31.707385425924691 ], [ -106.346336258262269, 31.707115931339459 ], [ -106.347414236603214, 31.707115931339459 ], [ -106.347414236603214, 31.705768458413278 ], [ -106.347144742017974, 31.705768458413278 ], [ -106.347144742017974, 31.705498963828042 ], [ -106.347683731188454, 31.705498963828042 ], [ -106.347683731188454, 31.706037952998514 ], [ -106.347953225773679, 31.706037952998514 ], [ -106.347953225773679, 31.70630744758375 ], [ -106.347683731188454, 31.70630744758375 ], [ -106.347683731188454, 31.706576942168986 ], [ -106.348222720358919, 31.706576942168986 ], [ -106.348222720358919, 31.706846436754223 ], [ -106.348492214944159, 31.706846436754223 ], [ -106.348492214944159, 31.706576942168986 ], [ -106.349031204114624, 31.706576942168986 ], [ -106.349031204114624, 31.70630744758375 ], [ -106.349570193285103, 31.70630744758375 ], [ -106.349570193285103, 31.706037952998514 ], [ -106.350917666211274, 31.706037952998514 ], [ -106.350917666211274, 31.705768458413278 ], [ -106.352265139137458, 31.705768458413278 ], [ -106.352265139137458, 31.705229469242806 ], [ -106.352804128307938, 31.705229469242806 ], [ -106.352804128307938, 31.705768458413278 ], [ -106.352534633722698, 31.705768458413278 ], [ -106.352534633722698, 31.706037952998514 ], [ -106.352804128307938, 31.706037952998514 ], [ -106.352804128307938, 31.70630744758375 ], [ -106.352534633722698, 31.70630744758375 ], [ -106.352534633722698, 31.706576942168986 ], [ -106.352265139137458, 31.706576942168986 ], [ -106.352265139137458, 31.70630744758375 ], [ -106.351995644552218, 31.70630744758375 ], [ -106.351995644552218, 31.706576942168986 ], [ -106.350917666211274, 31.706576942168986 ], [ -106.350917666211274, 31.706846436754223 ], [ -106.351187160796513, 31.706846436754223 ], [ -106.351187160796513, 31.707924415095164 ], [ -106.350917666211274, 31.707924415095164 ], [ -106.350917666211274, 31.7081939096804 ], [ -106.350378677040808, 31.7081939096804 ], [ -106.350378677040808, 31.708463404265636 ], [ -106.351726149966993, 31.708463404265636 ], [ -106.351726149966993, 31.708732898850872 ], [ -106.351187160796513, 31.708732898850872 ], [ -106.351187160796513, 31.709002393436108 ], [ -106.350917666211274, 31.709002393436108 ], [ -106.350917666211274, 31.709541382606581 ], [ -106.351726149966993, 31.709541382606581 ], [ -106.351726149966993, 31.709810877191817 ] ], [ [ -106.350109182455569, 31.708732898850872 ], [ -106.350109182455569, 31.708463404265636 ], [ -106.349839687870343, 31.708463404265636 ], [ -106.349839687870343, 31.708732898850872 ], [ -106.350109182455569, 31.708732898850872 ] ], [ [ -106.350648171626048, 31.707924415095164 ], [ -106.350648171626048, 31.707654920509928 ], [ -106.350109182455569, 31.707654920509928 ], [ -106.350109182455569, 31.707924415095164 ], [ -106.350648171626048, 31.707924415095164 ] ], [ [ -106.350917666211274, 31.707654920509928 ], [ -106.350917666211274, 31.707385425924691 ], [ -106.350648171626048, 31.707385425924691 ], [ -106.350648171626048, 31.707654920509928 ], [ -106.350917666211274, 31.707654920509928 ] ], [ [ -106.349570193285103, 31.707654920509928 ], [ -106.349570193285103, 31.707115931339459 ], [ -106.349031204114624, 31.707115931339459 ], [ -106.349031204114624, 31.707385425924691 ], [ -106.349300698699864, 31.707385425924691 ], [ -106.349300698699864, 31.707654920509928 ], [ -106.349570193285103, 31.707654920509928 ] ], [ [ -106.348761709529398, 31.707654920509928 ], [ -106.348761709529398, 31.707385425924691 ], [ -106.348222720358919, 31.707385425924691 ], [ -106.348222720358919, 31.707654920509928 ], [ -106.348761709529398, 31.707654920509928 ] ], [ [ -106.348222720358919, 31.707385425924691 ], [ -106.348222720358919, 31.706846436754223 ], [ -106.347683731188454, 31.706846436754223 ], [ -106.347683731188454, 31.707385425924691 ], [ -106.348222720358919, 31.707385425924691 ] ], [ [ -106.350917666211274, 31.707115931339459 ], [ -106.350917666211274, 31.706846436754223 ], [ -106.350648171626048, 31.706846436754223 ], [ -106.350648171626048, 31.707115931339459 ], [ -106.350917666211274, 31.707115931339459 ] ], [ [ -106.349839687870343, 31.706846436754223 ], [ -106.349839687870343, 31.706576942168986 ], [ -106.349570193285103, 31.706576942168986 ], [ -106.349570193285103, 31.706846436754223 ], [ -106.349839687870343, 31.706846436754223 ] ], [ [ -106.351187160796513, 31.70630744758375 ], [ -106.351187160796513, 31.706037952998514 ], [ -106.350917666211274, 31.706037952998514 ], [ -106.350917666211274, 31.70630744758375 ], [ -106.351187160796513, 31.70630744758375 ] ] ] ] } },
{ "type": "Feature", "properties": { "ZONA_MET": "Ju_rez", "INTENSIDAD": "Intensa", "T_PROM_POL": 3.0, "T_MIN_CIUD": 1.0, "DIF_TERMIC": 2.0 }, "geometry": { "type": "MultiPolygon", "coordinates": [ [ [ [ -106.455212070697556, 31.707115931339459 ], [ -106.454673081527091, 31.707115931339459 ], [ -106.454673081527091, 31.706576942168986 ], [ -106.454403586941851, 31.706576942168986 ], [ -106.454403586941851, 31.704959974657569 ], [ -106.454134092356611, 31.704959974657569 ], [ -106.454134092356611, 31.704420985487097 ], [ -106.453864597771371, 31.704420985487097 ], [ -106.453864597771371, 31.704151490901864 ], [ -106.454403586941851, 31.704151490901864 ], [ -106.454403586941851, 31.704690480072333 ], [ -106.454673081527091, 31.704690480072333 ], [ -106.454673081527091, 31.705768458413278 ], [ -106.454942576112316, 31.705768458413278 ], [ -106.454942576112316, 31.706037952998514 ], [ -106.454673081527091, 31.706037952998514 ], [ -106.454673081527091, 31.70630744758375 ], [ -106.454942576112316, 31.70630744758375 ], [ -106.454942576112316, 31.706846436754223 ], [ -106.455212070697556, 31.706846436754223 ], [ -106.455212070697556, 31.707115931339459 ] ] ] ] } },
{ "type": "Feature", "properties": { "ZONA_MET": "Ju_rez", "INTENSIDAD": "Intensa", "T_PROM_POL": 3.0, "T_MIN_CIUD": 1.0, "DIF_TERMIC": 2.0 }, "geometry": { "type": "MultiPolygon", "coordinates": [ [ [ [ -106.402660626576562, 31.705229469242806 ], [ -106.401313153650392, 31.705229469242806 ], [ -106.401313153650392, 31.704420985487097 ], [ -106.401043659065152, 31.704420985487097 ], [ -106.401043659065152, 31.704151490901864 ], [ -106.402121637406097, 31.704151490901864 ], [ -106.402121637406097, 31.704420985487097 ], [ -106.402391131991322, 31.704420985487097 ], [ -106.402391131991322, 31.704151490901864 ], [ -106.402930121161802, 31.704151490901864 ], [ -106.402930121161802, 31.704690480072333 ], [ -106.402660626576562, 31.704690480072333 ], [ -106.402660626576562, 31.705229469242806 ] ] ] ] } },
{ "type": "Feature", "properties": { "ZONA_MET": "Ju_rez", "INTENSIDAD": "Intensa", "T_PROM_POL": 3.0, "T_MIN_CIUD": 1.0, "DIF_TERMIC": 2.0 }, "geometry": { "type": "MultiPolygon", "coordinates": [ [ [ [ -106.424759182565907, 31.706576942168986 ], [ -106.424489687980667, 31.706576942168986 ], [ -106.424489687980667, 31.706037952998514 ], [ -106.423681204224962, 31.706037952998514 ], [ -106.423681204224962, 31.705768458413278 ], [ -106.423411709639723, 31.705768458413278 ], [ -106.423411709639723, 31.706037952998514 ], [ -106.423142215054497, 31.706037952998514 ], [ -106.423142215054497, 31.705229469242806 ], [ -106.423411709639723, 31.705229469242806 ], [ -106.423411709639723, 31.704959974657569 ], [ -106.422603225884018, 31.704959974657569 ], [ -106.422603225884018, 31.704690480072333 ], [ -106.422333731298778, 31.704690480072333 ], [ -106.422333731298778, 31.704420985487097 ], [ -106.422872720469258, 31.704420985487097 ], [ -106.422872720469258, 31.704151490901864 ], [ -106.423142215054497, 31.704151490901864 ], [ -106.423142215054497, 31.703612501731392 ], [ -106.423411709639723, 31.703612501731392 ], [ -106.423411709639723, 31.703881996316628 ], [ -106.423681204224962, 31.703881996316628 ], [ -106.423681204224962, 31.705229469242806 ], [ -106.423950698810202, 31.705229469242806 ], [ -106.423950698810202, 31.705768458413278 ], [ -106.424489687980667, 31.705768458413278 ], [ -106.424489687980667, 31.705229469242806 ], [ -106.424759182565907, 31.705229469242806 ], [ -106.424759182565907, 31.705498963828042 ], [ -106.425567666321612, 31.705498963828042 ], [ -106.425567666321612, 31.706037952998514 ], [ -106.425298171736372, 31.706037952998514 ], [ -106.425298171736372, 31.705768458413278 ], [ -106.425028677151147, 31.705768458413278 ], [ -106.425028677151147, 31.70630744758375 ], [ -106.424759182565907, 31.70630744758375 ], [ -106.424759182565907, 31.706576942168986 ] ] ] ] } },
{ "type": "Feature", "properties": { "ZONA_MET": "Ju_rez", "INTENSIDAD": "Intensa", "T_PROM_POL": 3.0, "T_MIN_CIUD": 1.0, "DIF_TERMIC": 2.0 }, "geometry": { "type": "MultiPolygon", "coordinates": [ [ [ [ -106.372477233030153, 31.704420985487097 ], [ -106.371129760103969, 31.704420985487097 ], [ -106.371129760103969, 31.703881996316628 ], [ -106.371399254689209, 31.703881996316628 ], [ -106.371399254689209, 31.703612501731392 ], [ -106.372207738444914, 31.703612501731392 ], [ -106.372207738444914, 31.703881996316628 ], [ -106.372746727615379, 31.703881996316628 ], [ -106.372746727615379, 31.704151490901864 ], [ -106.372477233030153, 31.704151490901864 ], [ -106.372477233030153, 31.704420985487097 ] ] ] ] } },
{ "type": "Feature", "properties": { "ZONA_MET": "Ju_rez", "INTENSIDAD": "Intensa", "T_PROM_POL": 3.0, "T_MIN_CIUD": 1.0, "DIF_TERMIC": 2.0 }, "geometry": { "type": "MultiPolygon", "coordinates": [ [ [ [ -106.425298171736372, 31.705229469242806 ], [ -106.424759182565907, 31.705229469242806 ], [ -106.424759182565907, 31.704959974657569 ], [ -106.424489687980667, 31.704959974657569 ], [ -106.424489687980667, 31.703881996316628 ], [ -106.423950698810202, 31.703881996316628 ], [ -106.423950698810202, 31.70307351256092 ], [ -106.424759182565907, 31.70307351256092 ], [ -106.424759182565907, 31.703612501731392 ], [ -106.425298171736372, 31.703612501731392 ], [ -106.425298171736372, 31.703881996316628 ], [ -106.425028677151147, 31.703881996316628 ], [ -106.425028677151147, 31.704151490901864 ], [ -106.424759182565907, 31.704151490901864 ], [ -106.424759182565907, 31.704690480072333 ], [ -106.425028677151147, 31.704690480072333 ], [ -106.425028677151147, 31.704959974657569 ], [ -106.425298171736372, 31.704959974657569 ], [ -106.425298171736372, 31.705229469242806 ] ] ] ] } },
{ "type": "Feature", "properties": { "ZONA_MET": "Ju_rez", "INTENSIDAD": "Intensa", "T_PROM_POL": 3.0, "T_MIN_CIUD": 1.0, "DIF_TERMIC": 2.0 }, "geometry": { "type": "MultiPolygon", "coordinates": [ [ [ [ -106.45790701654991, 31.709002393436108 ], [ -106.457098532794205, 31.709002393436108 ], [ -106.457098532794205, 31.708732898850872 ], [ -106.456829038208966, 31.708732898850872 ], [ -106.456829038208966, 31.708463404265636 ], [ -106.456020554453261, 31.708463404265636 ], [ -106.456020554453261, 31.707924415095164 ], [ -106.455212070697556, 31.707924415095164 ], [ -106.455212070697556, 31.707115931339459 ], [ -106.455481565282795, 31.707115931339459 ], [ -106.455481565282795, 31.706846436754223 ], [ -106.455751059868035, 31.706846436754223 ], [ -106.455751059868035, 31.706037952998514 ], [ -106.456020554453261, 31.706037952998514 ], [ -106.456020554453261, 31.704959974657569 ], [ -106.455481565282795, 31.704959974657569 ], [ -106.455481565282795, 31.704690480072333 ], [ -106.454673081527091, 31.704690480072333 ], [ -106.454673081527091, 31.703881996316628 ], [ -106.455481565282795, 31.703881996316628 ], [ -106.455481565282795, 31.703343007146156 ], [ -106.454942576112316, 31.703343007146156 ], [ -106.454942576112316, 31.702804017975684 ], [ -106.456020554453261, 31.702804017975684 ], [ -106.456020554453261, 31.703881996316628 ], [ -106.455751059868035, 31.703881996316628 ], [ -106.455751059868035, 31.704151490901864 ], [ -106.456020554453261, 31.704151490901864 ], [ -106.456020554453261, 31.704420985487097 ], [ -106.455751059868035, 31.704420985487097 ], [ -106.455751059868035, 31.704690480072333 ], [ -106.4562900490385, 31.704690480072333 ], [ -106.4562900490385, 31.705229469242806 ], [ -106.457098532794205, 31.705229469242806 ], [ -106.457098532794205, 31.705498963828042 ], [ -106.457368027379445, 31.705498963828042 ], [ -106.457368027379445, 31.705768458413278 ], [ -106.457637521964685, 31.705768458413278 ], [ -106.457637521964685, 31.705498963828042 ], [ -106.45790701654991, 31.705498963828042 ], [ -106.45790701654991, 31.70630744758375 ], [ -106.45817651113515, 31.70630744758375 ], [ -106.45817651113515, 31.706846436754223 ], [ -106.45871550030563, 31.706846436754223 ], [ -106.45871550030563, 31.707654920509928 ], [ -106.458984994890855, 31.707654920509928 ], [ -106.458984994890855, 31.707924415095164 ], [ -106.459254489476095, 31.707924415095164 ], [ -106.459254489476095, 31.7081939096804 ], [ -106.45871550030563, 31.7081939096804 ], [ -106.45871550030563, 31.708732898850872 ], [ -106.45790701654991, 31.708732898850872 ], [ -106.45790701654991, 31.709002393436108 ] ], [ [ -106.45790701654991, 31.708732898850872 ], [ -106.45790701654991, 31.708463404265636 ], [ -106.45817651113515, 31.708463404265636 ], [ -106.45817651113515, 31.7081939096804 ], [ -106.45790701654991, 31.7081939096804 ], [ -106.45790701654991, 31.707654920509928 ], [ -106.45844600572039, 31.707654920509928 ], [ -106.45844600572039, 31.707385425924691 ], [ -106.45817651113515, 31.707385425924691 ], [ -106.45817651113515, 31.707115931339459 ], [ -106.45790701654991, 31.707115931339459 ], [ -106.45790701654991, 31.706846436754223 ], [ -106.457637521964685, 31.706846436754223 ], [ -106.457637521964685, 31.706037952998514 ], [ -106.457098532794205, 31.706037952998514 ], [ -106.457098532794205, 31.705768458413278 ], [ -106.456829038208966, 31.705768458413278 ], [ -106.456829038208966, 31.706037952998514 ], [ -106.45655954362374, 31.706037952998514 ], [ -106.45655954362374, 31.706576942168986 ], [ -106.4562900490385, 31.706576942168986 ], [ -106.4562900490385, 31.707115931339459 ], [ -106.455751059868035, 31.707115931339459 ], [ -106.455751059868035, 31.707385425924691 ], [ -106.456020554453261, 31.707385425924691 ], [ -106.456020554453261, 31.707654920509928 ], [ -106.4562900490385, 31.707654920509928 ], [ -106.4562900490385, 31.707924415095164 ], [ -106.45655954362374, 31.707924415095164 ], [ -106.45655954362374, 31.707654920509928 ], [ -106.456829038208966, 31.707654920509928 ], [ -106.456829038208966, 31.707385425924691 ], [ -106.457098532794205, 31.707385425924691 ], [ -106.457098532794205, 31.707654920509928 ], [ -106.457637521964685, 31.707654920509928 ], [ -106.457637521964685, 31.7081939096804 ], [ -106.457368027379445, 31.7081939096804 ], [ -106.457368027379445, 31.708732898850872 ], [ -106.45790701654991, 31.708732898850872 ] ] ] ] } },
{ "type": "Feature", "properties": { "ZONA_MET": "Ju_rez", "INTENSIDAD": "Extrema", "T_PROM_POL": 3.0, "T_MIN_CIUD": 1.0, "DIF_TERMIC": 2.0 }, "geometry": { "type": "MultiPolygon", "coordinates": [ [ [ [ -106.347683731188454, 31.704151490901864 ], [ -106.347144742017974, 31.704151490901864 ], [ -106.347144742017974, 31.703881996316628 ], [ -106.346605752847509, 31.703881996316628 ], [ -106.346605752847509, 31.704151490901864 ], [ -106.345797269091804, 31.704151490901864 ], [ -106.345797269091804, 31.703881996316628 ], [ -106.34606676367703, 31.703881996316628 ], [ -106.34606676367703, 31.70307351256092 ], [ -106.345527774506564, 31.70307351256092 ], [ -106.345527774506564, 31.702804017975684 ], [ -106.345258279921325, 31.702804017975684 ], [ -106.345258279921325, 31.702534523390447 ], [ -106.344988785336085, 31.702534523390447 ], [ -106.344988785336085, 31.702265028805211 ], [ -106.34444979616562, 31.702265028805211 ], [ -106.34444979616562, 31.701995534219975 ], [ -106.344988785336085, 31.701995534219975 ], [ -106.344988785336085, 31.701726039634739 ], [ -106.345527774506564, 31.701726039634739 ], [ -106.345527774506564, 31.701995534219975 ], [ -106.34606676367703, 31.701995534219975 ], [ -106.34606676367703, 31.702804017975684 ], [ -106.346336258262269, 31.702804017975684 ], [ -106.346336258262269, 31.702265028805211 ], [ -106.346605752847509, 31.702265028805211 ], [ -106.346605752847509, 31.702534523390447 ], [ -106.346875247432749, 31.702534523390447 ], [ -106.346875247432749, 31.70307351256092 ], [ -106.347144742017974, 31.70307351256092 ], [ -106.347144742017974, 31.702804017975684 ], [ -106.347414236603214, 31.702804017975684 ], [ -106.347414236603214, 31.70307351256092 ], [ -106.347953225773679, 31.70307351256092 ], [ -106.347953225773679, 31.703612501731392 ], [ -106.348492214944159, 31.703612501731392 ], [ -106.348492214944159, 31.703881996316628 ], [ -106.347683731188454, 31.703881996316628 ], [ -106.347683731188454, 31.704151490901864 ] ] ] ] } },
{ "type": "Feature", "properties": { "ZONA_MET": "Ju_rez", "INTENSIDAD": "Intensa", "T_PROM_POL": 3.0, "T_MIN_CIUD": 1.0, "DIF_TERMIC": 2.0 }, "geometry": { "type": "MultiPolygon", "coordinates": [ [ [ [ -106.380023081416752, 31.70307351256092 ], [ -106.379753586831512, 31.70307351256092 ], [ -106.379753586831512, 31.702804017975684 ], [ -106.379484092246287, 31.702804017975684 ], [ -106.379484092246287, 31.701456545049503 ], [ -106.377867124734863, 31.701456545049503 ], [ -106.377867124734863, 31.70118705046427 ], [ -106.377328135564397, 31.70118705046427 ], [ -106.377328135564397, 31.700917555879034 ], [ -106.378675608490568, 31.700917555879034 ], [ -106.378675608490568, 31.70118705046427 ], [ -106.379753586831512, 31.70118705046427 ], [ -106.379753586831512, 31.702534523390447 ], [ -106.380562070587231, 31.702534523390447 ], [ -106.380562070587231, 31.702804017975684 ], [ -106.380023081416752, 31.702804017975684 ], [ -106.380023081416752, 31.70307351256092 ] ] ] ] } },
{ "type": "Feature", "properties": { "ZONA_MET": "Ju_rez", "INTENSIDAD": "Intensa", "T_PROM_POL": 3.0, "T_MIN_CIUD": 1.0, "DIF_TERMIC": 2.0 }, "geometry": { "type": "MultiPolygon", "coordinates": [ [ [ [ -106.454403586941851, 31.703343007146156 ], [ -106.453864597771371, 31.703343007146156 ], [ -106.453864597771371, 31.70307351256092 ], [ -106.454134092356611, 31.70307351256092 ], [ -106.454134092356611, 31.702804017975684 ], [ -106.452786619430441, 31.702804017975684 ], [ -106.452786619430441, 31.702534523390447 ], [ -106.452517124845201, 31.702534523390447 ], [ -106.452517124845201, 31.702265028805211 ], [ -106.453056114015666, 31.702265028805211 ], [ -106.453056114015666, 31.701456545049503 ], [ -106.452786619430441, 31.701456545049503 ], [ -106.452786619430441, 31.700917555879034 ], [ -106.454942576112316, 31.700917555879034 ], [ -106.454942576112316, 31.702804017975684 ], [ -106.454673081527091, 31.702804017975684 ], [ -106.454673081527091, 31.70307351256092 ], [ -106.454403586941851, 31.70307351256092 ], [ -106.454403586941851, 31.703343007146156 ] ], [ [ -106.454403586941851, 31.702265028805211 ], [ -106.454403586941851, 31.701995534219975 ], [ -106.454134092356611, 31.701995534219975 ], [ -106.454134092356611, 31.702265028805211 ], [ -106.454403586941851, 31.702265028805211 ] ], [ [ -106.453864597771371, 31.701995534219975 ], [ -106.453864597771371, 31.701456545049503 ], [ -106.453325608600906, 31.701456545049503 ], [ -106.453325608600906, 31.701995534219975 ], [ -106.453864597771371, 31.701995534219975 ] ], [ [ -106.454134092356611, 31.701456545049503 ], [ -106.454134092356611, 31.70118705046427 ], [ -106.453864597771371, 31.70118705046427 ], [ -106.453864597771371, 31.701456545049503 ], [ -106.454134092356611, 31.701456545049503 ] ] ] ] } },
{ "type": "Feature", "properties": { "ZONA_MET": "Ju_rez", "INTENSIDAD": "Intensa", "T_PROM_POL": 3.0, "T_MIN_CIUD": 1.0, "DIF_TERMIC": 2.0 }, "geometry": { "type": "MultiPolygon", "coordinates": [ [ [ [ -106.373016222200619, 31.703881996316628 ], [ -106.372746727615379, 31.703881996316628 ], [ -106.372746727615379, 31.703343007146156 ], [ -106.372477233030153, 31.703343007146156 ], [ -106.372477233030153, 31.70307351256092 ], [ -106.372207738444914, 31.70307351256092 ], [ -106.372207738444914, 31.701995534219975 ], [ -106.372477233030153, 31.701995534219975 ], [ -106.372477233030153, 31.701456545049503 ], [ -106.372207738444914, 31.701456545049503 ], [ -106.372207738444914, 31.700917555879034 ], [ -106.372477233030153, 31.700917555879034 ], [ -106.372477233030153, 31.700378566708562 ], [ -106.372746727615379, 31.700378566708562 ], [ -106.372746727615379, 31.70118705046427 ], [ -106.373285716785858, 31.70118705046427 ], [ -106.373285716785858, 31.701456545049503 ], [ -106.373824705956324, 31.701456545049503 ], [ -106.373824705956324, 31.70118705046427 ], [ -106.374094200541563, 31.70118705046427 ], [ -106.374094200541563, 31.701456545049503 ], [ -106.374363695126803, 31.701456545049503 ], [ -106.374363695126803, 31.701726039634739 ], [ -106.374094200541563, 31.701726039634739 ], [ -106.374094200541563, 31.702534523390447 ], [ -106.373824705956324, 31.702534523390447 ], [ -106.373824705956324, 31.702804017975684 ], [ -106.373555211371098, 31.702804017975684 ], [ -106.373555211371098, 31.70307351256092 ], [ -106.373285716785858, 31.70307351256092 ], [ -106.373285716785858, 31.703612501731392 ], [ -106.373016222200619, 31.703612501731392 ], [ -106.373016222200619, 31.703881996316628 ] ] ] ] } },
{ "type": "Feature", "properties": { "ZONA_MET": "Ju_rez", "INTENSIDAD": "Intensa", "T_PROM_POL": 3.0, "T_MIN_CIUD": 1.0, "DIF_TERMIC": 2.0 }, "geometry": { "type": "MultiPolygon", "coordinates": [ [ [ [ -106.36735683591067, 31.702804017975684 ], [ -106.36708734132543, 31.702804017975684 ], [ -106.36708734132543, 31.702534523390447 ], [ -106.366278857569725, 31.702534523390447 ], [ -106.366278857569725, 31.702265028805211 ], [ -106.366548352154965, 31.702265028805211 ], [ -106.366548352154965, 31.701995534219975 ], [ -106.36573986839926, 31.701995534219975 ], [ -106.36573986839926, 31.701456545049503 ], [ -106.366278857569725, 31.701456545049503 ], [ -106.366278857569725, 31.701726039634739 ], [ -106.36681784674019, 31.701726039634739 ], [ -106.36681784674019, 31.701995534219975 ], [ -106.36735683591067, 31.701995534219975 ], [ -106.36735683591067, 31.701456545049503 ], [ -106.367626330495909, 31.701456545049503 ], [ -106.367626330495909, 31.700378566708562 ], [ -106.367895825081135, 31.700378566708562 ], [ -106.367895825081135, 31.700648061293798 ], [ -106.368165319666375, 31.700648061293798 ], [ -106.368165319666375, 31.700917555879034 ], [ -106.367895825081135, 31.700917555879034 ], [ -106.367895825081135, 31.701726039634739 ], [ -106.367626330495909, 31.701726039634739 ], [ -106.367626330495909, 31.702534523390447 ], [ -106.36735683591067, 31.702534523390447 ], [ -106.36735683591067, 31.702804017975684 ] ] ] ] } },
{ "type": "Feature", "properties": { "ZONA_MET": "Ju_rez", "INTENSIDAD": "Extrema", "T_PROM_POL": 3.0, "T_MIN_CIUD": 1.0, "DIF_TERMIC": 2.0 }, "geometry": { "type": "MultiPolygon", "coordinates": [ [ [ [ -106.34606676367703, 31.701726039634739 ], [ -106.345527774506564, 31.701726039634739 ], [ -106.345527774506564, 31.701456545049503 ], [ -106.345258279921325, 31.701456545049503 ], [ -106.345258279921325, 31.70118705046427 ], [ -106.344719290750859, 31.70118705046427 ], [ -106.344719290750859, 31.700917555879034 ], [ -106.34418030158038, 31.700917555879034 ], [ -106.34418030158038, 31.700109072123325 ], [ -106.344988785336085, 31.700109072123325 ], [ -106.344988785336085, 31.699839577538089 ], [ -106.345258279921325, 31.699839577538089 ], [ -106.345258279921325, 31.700109072123325 ], [ -106.345797269091804, 31.700109072123325 ], [ -106.345797269091804, 31.700378566708562 ], [ -106.34606676367703, 31.700378566708562 ], [ -106.34606676367703, 31.70118705046427 ], [ -106.345797269091804, 31.70118705046427 ], [ -106.345797269091804, 31.701456545049503 ], [ -106.34606676367703, 31.701456545049503 ], [ -106.34606676367703, 31.701726039634739 ] ], [ [ -106.345797269091804, 31.700917555879034 ], [ -106.345797269091804, 31.700378566708562 ], [ -106.345258279921325, 31.700378566708562 ], [ -106.345258279921325, 31.700917555879034 ], [ -106.345797269091804, 31.700917555879034 ] ] ] ] } },
{ "type": "Feature", "properties": { "ZONA_MET": "Ju_rez", "INTENSIDAD": "Intensa", "T_PROM_POL": 3.0, "T_MIN_CIUD": 1.0, "DIF_TERMIC": 2.0 }, "geometry": { "type": "MultiPolygon", "coordinates": [ [ [ [ -106.352804128307938, 31.708463404265636 ], [ -106.352534633722698, 31.708463404265636 ], [ -106.352534633722698, 31.7081939096804 ], [ -106.352265139137458, 31.7081939096804 ], [ -106.352265139137458, 31.707924415095164 ], [ -106.351995644552218, 31.707924415095164 ], [ -106.351995644552218, 31.707654920509928 ], [ -106.351726149966993, 31.707654920509928 ], [ -106.351726149966993, 31.707385425924691 ], [ -106.351187160796513, 31.707385425924691 ], [ -106.351187160796513, 31.706576942168986 ], [ -106.351995644552218, 31.706576942168986 ], [ -106.351995644552218, 31.706846436754223 ], [ -106.352265139137458, 31.706846436754223 ], [ -106.352265139137458, 31.706576942168986 ], [ -106.352534633722698, 31.706576942168986 ], [ -106.352534633722698, 31.70630744758375 ], [ -106.352804128307938, 31.70630744758375 ], [ -106.352804128307938, 31.706037952998514 ], [ -106.353073622893163, 31.706037952998514 ], [ -106.353073622893163, 31.70630744758375 ], [ -106.353612612063642, 31.70630744758375 ], [ -106.353612612063642, 31.705768458413278 ], [ -106.352804128307938, 31.705768458413278 ], [ -106.352804128307938, 31.705229469242806 ], [ -106.353073622893163, 31.705229469242806 ], [ -106.353073622893163, 31.705498963828042 ], [ -106.353882106648868, 31.705498963828042 ], [ -106.353882106648868, 31.704690480072333 ], [ -106.353612612063642, 31.704690480072333 ], [ -106.353612612063642, 31.704959974657569 ], [ -106.352804128307938, 31.704959974657569 ], [ -106.352804128307938, 31.704690480072333 ], [ -106.352534633722698, 31.704690480072333 ], [ -106.352534633722698, 31.705229469242806 ], [ -106.352265139137458, 31.705229469242806 ], [ -106.352265139137458, 31.704959974657569 ], [ -106.351995644552218, 31.704959974657569 ], [ -106.351995644552218, 31.704690480072333 ], [ -106.351187160796513, 31.704690480072333 ], [ -106.351187160796513, 31.704420985487097 ], [ -106.350109182455569, 31.704420985487097 ], [ -106.350109182455569, 31.704151490901864 ], [ -106.349839687870343, 31.704151490901864 ], [ -106.349839687870343, 31.703881996316628 ], [ -106.349570193285103, 31.703881996316628 ], [ -106.349570193285103, 31.704690480072333 ], [ -106.349839687870343, 31.704690480072333 ], [ -106.349839687870343, 31.704959974657569 ], [ -106.349570193285103, 31.704959974657569 ], [ -106.349570193285103, 31.705229469242806 ], [ -106.349300698699864, 31.705229469242806 ], [ -106.349300698699864, 31.704959974657569 ], [ -106.349031204114624, 31.704959974657569 ], [ -106.349031204114624, 31.704690480072333 ], [ -106.347683731188454, 31.704690480072333 ], [ -106.347683731188454, 31.704420985487097 ], [ -106.347414236603214, 31.704420985487097 ], [ -106.347414236603214, 31.704690480072333 ], [ -106.347144742017974, 31.704690480072333 ], [ -106.347144742017974, 31.704959974657569 ], [ -106.347683731188454, 31.704959974657569 ], [ -106.347683731188454, 31.705498963828042 ], [ -106.347414236603214, 31.705498963828042 ], [ -106.347414236603214, 31.705229469242806 ], [ -106.346875247432749, 31.705229469242806 ], [ -106.346875247432749, 31.704959974657569 ], [ -106.345258279921325, 31.704959974657569 ], [ -106.345258279921325, 31.705229469242806 ], [ -106.344988785336085, 31.705229469242806 ], [ -106.344988785336085, 31.705768458413278 ], [ -106.344719290750859, 31.705768458413278 ], [ -106.344719290750859, 31.706037952998514 ], [ -106.34444979616562, 31.706037952998514 ], [ -106.34444979616562, 31.705768458413278 ], [ -106.34418030158038, 31.705768458413278 ], [ -106.34418030158038, 31.705498963828042 ], [ -106.343641312409915, 31.705498963828042 ], [ -106.343641312409915, 31.704959974657569 ], [ -106.343910806995154, 31.704959974657569 ], [ -106.343910806995154, 31.704690480072333 ], [ -106.34418030158038, 31.704690480072333 ], [ -106.34418030158038, 31.704420985487097 ], [ -106.344719290750859, 31.704420985487097 ], [ -106.344719290750859, 31.704690480072333 ], [ -106.345258279921325, 31.704690480072333 ], [ -106.345258279921325, 31.703881996316628 ], [ -106.343371817824675, 31.703881996316628 ], [ -106.343371817824675, 31.704420985487097 ], [ -106.343102323239435, 31.704420985487097 ], [ -106.343102323239435, 31.704690480072333 ], [ -106.34283282865421, 31.704690480072333 ], [ -106.34283282865421, 31.704420985487097 ], [ -106.34256333406897, 31.704420985487097 ], [ -106.34256333406897, 31.704151490901864 ], [ -106.34229383948373, 31.704151490901864 ], [ -106.34229383948373, 31.703612501731392 ], [ -106.342024344898491, 31.703612501731392 ], [ -106.342024344898491, 31.703343007146156 ], [ -106.341754850313265, 31.703343007146156 ], [ -106.341754850313265, 31.70307351256092 ], [ -106.341485355728025, 31.70307351256092 ], [ -106.341485355728025, 31.702534523390447 ], [ -106.341754850313265, 31.702534523390447 ], [ -106.341754850313265, 31.702804017975684 ], [ -106.34229383948373, 31.702804017975684 ], [ -106.34229383948373, 31.702534523390447 ], [ -106.34256333406897, 31.702534523390447 ], [ -106.34256333406897, 31.701995534219975 ], [ -106.343102323239435, 31.701995534219975 ], [ -106.343102323239435, 31.701726039634739 ], [ -106.343371817824675, 31.701726039634739 ], [ -106.343371817824675, 31.701456545049503 ], [ -106.343641312409915, 31.701456545049503 ], [ -106.343641312409915, 31.700648061293798 ], [ -106.343910806995154, 31.700648061293798 ], [ -106.343910806995154, 31.700917555879034 ], [ -106.34444979616562, 31.700917555879034 ], [ -106.34444979616562, 31.701456545049503 ], [ -106.344988785336085, 31.701456545049503 ], [ -106.344988785336085, 31.701995534219975 ], [ -106.34444979616562, 31.701995534219975 ], [ -106.34444979616562, 31.702265028805211 ], [ -106.344988785336085, 31.702265028805211 ], [ -106.344988785336085, 31.702534523390447 ], [ -106.343910806995154, 31.702534523390447 ], [ -106.343910806995154, 31.702804017975684 ], [ -106.343641312409915, 31.702804017975684 ], [ -106.343641312409915, 31.702534523390447 ], [ -106.343371817824675, 31.702534523390447 ], [ -106.343371817824675, 31.702804017975684 ], [ -106.343102323239435, 31.702804017975684 ], [ -106.343102323239435, 31.70307351256092 ], [ -106.34444979616562, 31.70307351256092 ], [ -106.34444979616562, 31.703343007146156 ], [ -106.344719290750859, 31.703343007146156 ], [ -106.344719290750859, 31.702804017975684 ], [ -106.345527774506564, 31.702804017975684 ], [ -106.345527774506564, 31.70307351256092 ], [ -106.34606676367703, 31.70307351256092 ], [ -106.34606676367703, 31.703881996316628 ], [ -106.345797269091804, 31.703881996316628 ], [ -106.345797269091804, 31.704690480072333 ], [ -106.34606676367703, 31.704690480072333 ], [ -106.34606676367703, 31.704420985487097 ], [ -106.347144742017974, 31.704420985487097 ], [ -106.347144742017974, 31.704151490901864 ], [ -106.347683731188454, 31.704151490901864 ], [ -106.347683731188454, 31.703881996316628 ], [ -106.348492214944159, 31.703881996316628 ], [ -106.348492214944159, 31.704151490901864 ], [ -106.348222720358919, 31.704151490901864 ], [ -106.348222720358919, 31.704420985487097 ], [ -106.348761709529398, 31.704420985487097 ], [ -106.348761709529398, 31.703881996316628 ], [ -106.349300698699864, 31.703881996316628 ], [ -106.349300698699864, 31.703612501731392 ], [ -106.348761709529398, 31.703612501731392 ], [ -106.348761709529398, 31.703343007146156 ], [ -106.349031204114624, 31.703343007146156 ], [ -106.349031204114624, 31.70307351256092 ], [ -106.348492214944159, 31.70307351256092 ], [ -106.348492214944159, 31.702534523390447 ], [ -106.347953225773679, 31.702534523390447 ], [ -106.347953225773679, 31.702265028805211 ], [ -106.347683731188454, 31.702265028805211 ], [ -106.347683731188454, 31.701995534219975 ], [ -106.346875247432749, 31.701995534219975 ], [ -106.346875247432749, 31.702265028805211 ], [ -106.346605752847509, 31.702265028805211 ], [ -106.346605752847509, 31.701995534219975 ], [ -106.346336258262269, 31.701995534219975 ], [ -106.346336258262269, 31.701726039634739 ], [ -106.34606676367703, 31.701726039634739 ], [ -106.34606676367703, 31.701456545049503 ], [ -106.345797269091804, 31.701456545049503 ], [ -106.345797269091804, 31.70118705046427 ], [ -106.34606676367703, 31.70118705046427 ], [ -106.34606676367703, 31.700648061293798 ], [ -106.346605752847509, 31.700648061293798 ], [ -106.346605752847509, 31.700109072123325 ], [ -106.347414236603214, 31.700109072123325 ], [ -106.347414236603214, 31.700648061293798 ], [ -106.347683731188454, 31.700648061293798 ], [ -106.347683731188454, 31.700917555879034 ], [ -106.347953225773679, 31.700917555879034 ], [ -106.347953225773679, 31.700648061293798 ], [ -106.348222720358919, 31.700648061293798 ], [ -106.348222720358919, 31.700378566708562 ], [ -106.349031204114624, 31.700378566708562 ], [ -106.349031204114624, 31.700109072123325 ], [ -106.349839687870343, 31.700109072123325 ], [ -106.349839687870343, 31.699300588367617 ], [ -106.350378677040808, 31.699300588367617 ], [ -106.350378677040808, 31.699839577538089 ], [ -106.350648171626048, 31.699839577538089 ], [ -106.350648171626048, 31.700109072123325 ], [ -106.350917666211274, 31.700109072123325 ], [ -106.350917666211274, 31.700378566708562 ], [ -106.351187160796513, 31.700378566708562 ], [ -106.351187160796513, 31.701726039634739 ], [ -106.351456655381753, 31.701726039634739 ], [ -106.351456655381753, 31.701995534219975 ], [ -106.351726149966993, 31.701995534219975 ], [ -106.351726149966993, 31.702265028805211 ], [ -106.352265139137458, 31.702265028805211 ], [ -106.352265139137458, 31.702804017975684 ], [ -106.352534633722698, 31.702804017975684 ], [ -106.352534633722698, 31.70307351256092 ], [ -106.352804128307938, 31.70307351256092 ], [ -106.352804128307938, 31.703343007146156 ], [ -106.353073622893163, 31.703343007146156 ], [ -106.353073622893163, 31.70307351256092 ], [ -106.353882106648868, 31.70307351256092 ], [ -106.353882106648868, 31.703343007146156 ], [ -106.354151601234108, 31.703343007146156 ], [ -106.354151601234108, 31.703612501731392 ], [ -106.355229579575052, 31.703612501731392 ], [ -106.355229579575052, 31.703881996316628 ], [ -106.356577052501237, 31.703881996316628 ], [ -106.356577052501237, 31.704420985487097 ], [ -106.357385536256942, 31.704420985487097 ], [ -106.357385536256942, 31.705229469242806 ], [ -106.357655030842182, 31.705229469242806 ], [ -106.357655030842182, 31.705498963828042 ], [ -106.359271998353591, 31.705498963828042 ], [ -106.359271998353591, 31.705768458413278 ], [ -106.359541492938831, 31.705768458413278 ], [ -106.359541492938831, 31.706037952998514 ], [ -106.360349976694536, 31.706037952998514 ], [ -106.360349976694536, 31.70630744758375 ], [ -106.360619471279776, 31.70630744758375 ], [ -106.360619471279776, 31.706576942168986 ], [ -106.360888965865001, 31.706576942168986 ], [ -106.360888965865001, 31.706846436754223 ], [ -106.360080482109296, 31.706846436754223 ], [ -106.360080482109296, 31.706576942168986 ], [ -106.357385536256942, 31.706576942168986 ], [ -106.357385536256942, 31.706846436754223 ], [ -106.357116041671702, 31.706846436754223 ], [ -106.357116041671702, 31.706576942168986 ], [ -106.356846547086462, 31.706576942168986 ], [ -106.356846547086462, 31.707115931339459 ], [ -106.356307557915997, 31.707115931339459 ], [ -106.356307557915997, 31.707654920509928 ], [ -106.356038063330757, 31.707654920509928 ], [ -106.356038063330757, 31.707385425924691 ], [ -106.355499074160292, 31.707385425924691 ], [ -106.355499074160292, 31.707654920509928 ], [ -106.354960084989813, 31.707654920509928 ], [ -106.354960084989813, 31.707924415095164 ], [ -106.354690590404587, 31.707924415095164 ], [ -106.354690590404587, 31.707385425924691 ], [ -106.354421095819347, 31.707385425924691 ], [ -106.354421095819347, 31.707924415095164 ], [ -106.354151601234108, 31.707924415095164 ], [ -106.354151601234108, 31.7081939096804 ], [ -106.353612612063642, 31.7081939096804 ], [ -106.353612612063642, 31.707654920509928 ], [ -106.353882106648868, 31.707654920509928 ], [ -106.353882106648868, 31.707385425924691 ], [ -106.353073622893163, 31.707385425924691 ], [ -106.353073622893163, 31.707654920509928 ], [ -106.352534633722698, 31.707654920509928 ], [ -106.352534633722698, 31.707924415095164 ], [ -106.352804128307938, 31.707924415095164 ], [ -106.352804128307938, 31.708463404265636 ] ], [ [ -106.355499074160292, 31.707385425924691 ], [ -106.355499074160292, 31.707115931339459 ], [ -106.354960084989813, 31.707115931339459 ], [ -106.354960084989813, 31.707385425924691 ], [ -106.355499074160292, 31.707385425924691 ] ], [ [ -106.352804128307938, 31.707385425924691 ], [ -106.352804128307938, 31.706846436754223 ], [ -106.352265139137458, 31.706846436754223 ], [ -106.352265139137458, 31.707385425924691 ], [ -106.352804128307938, 31.707385425924691 ] ], [ [ -106.354960084989813, 31.707115931339459 ], [ -106.354960084989813, 31.706846436754223 ], [ -106.354421095819347, 31.706846436754223 ], [ -106.354421095819347, 31.707115931339459 ], [ -106.354960084989813, 31.707115931339459 ] ], [ [ -106.354421095819347, 31.706846436754223 ], [ -106.354421095819347, 31.706576942168986 ], [ -106.353882106648868, 31.706576942168986 ], [ -106.353882106648868, 31.706846436754223 ], [ -106.354421095819347, 31.706846436754223 ] ], [ [ -106.356846547086462, 31.706576942168986 ], [ -106.356846547086462, 31.706037952998514 ], [ -106.356577052501237, 31.706037952998514 ], [ -106.356577052501237, 31.70630744758375 ], [ -106.356307557915997, 31.70630744758375 ], [ -106.356307557915997, 31.706576942168986 ], [ -106.356846547086462, 31.706576942168986 ] ], [ [ -106.357924525427407, 31.70630744758375 ], [ -106.357924525427407, 31.706037952998514 ], [ -106.357655030842182, 31.706037952998514 ], [ -106.357655030842182, 31.70630744758375 ], [ -106.357924525427407, 31.70630744758375 ] ], [ [ -106.355499074160292, 31.70630744758375 ], [ -106.355499074160292, 31.706037952998514 ], [ -106.354960084989813, 31.706037952998514 ], [ -106.354960084989813, 31.705768458413278 ], [ -106.353882106648868, 31.705768458413278 ], [ -106.353882106648868, 31.706037952998514 ], [ -106.354690590404587, 31.706037952998514 ], [ -106.354690590404587, 31.70630744758375 ], [ -106.355499074160292, 31.70630744758375 ] ], [ [ -106.356577052501237, 31.706037952998514 ], [ -106.356577052501237, 31.705768458413278 ], [ -106.356307557915997, 31.705768458413278 ], [ -106.356307557915997, 31.706037952998514 ], [ -106.356577052501237, 31.706037952998514 ] ], [ [ -106.356038063330757, 31.705768458413278 ], [ -106.356038063330757, 31.705498963828042 ], [ -106.355768568745532, 31.705498963828042 ], [ -106.355768568745532, 31.705768458413278 ], [ -106.356038063330757, 31.705768458413278 ] ], [ [ -106.356846547086462, 31.705229469242806 ], [ -106.356846547086462, 31.704959974657569 ], [ -106.356577052501237, 31.704959974657569 ], [ -106.356577052501237, 31.705229469242806 ], [ -106.356846547086462, 31.705229469242806 ] ], [ [ -106.355499074160292, 31.705229469242806 ], [ -106.355499074160292, 31.704959974657569 ], [ -106.354690590404587, 31.704959974657569 ], [ -106.354690590404587, 31.705229469242806 ], [ -106.355499074160292, 31.705229469242806 ] ], [ [ -106.356307557915997, 31.704959974657569 ], [ -106.356307557915997, 31.704690480072333 ], [ -106.356038063330757, 31.704690480072333 ], [ -106.356038063330757, 31.704959974657569 ], [ -106.356307557915997, 31.704959974657569 ] ], [ [ -106.354421095819347, 31.704959974657569 ], [ -106.354421095819347, 31.704690480072333 ], [ -106.354151601234108, 31.704690480072333 ], [ -106.354151601234108, 31.704959974657569 ], [ -106.354421095819347, 31.704959974657569 ] ], [ [ -106.354151601234108, 31.704690480072333 ], [ -106.354151601234108, 31.704420985487097 ], [ -106.353882106648868, 31.704420985487097 ], [ -106.353882106648868, 31.704690480072333 ], [ -106.354151601234108, 31.704690480072333 ] ], [ [ -106.352265139137458, 31.704690480072333 ], [ -106.352265139137458, 31.704151490901864 ], [ -106.351995644552218, 31.704151490901864 ], [ -106.351995644552218, 31.704690480072333 ], [ -106.352265139137458, 31.704690480072333 ] ], [ [ -106.351456655381753, 31.704420985487097 ], [ -106.351456655381753, 31.704151490901864 ], [ -106.351187160796513, 31.704151490901864 ], [ -106.351187160796513, 31.704420985487097 ], [ -106.351456655381753, 31.704420985487097 ] ], [ [ -106.353882106648868, 31.704151490901864 ], [ -106.353882106648868, 31.703881996316628 ], [ -106.354151601234108, 31.703881996316628 ], [ -106.354151601234108, 31.703612501731392 ], [ -106.353343117478403, 31.703612501731392 ], [ -106.353343117478403, 31.704151490901864 ], [ -106.353882106648868, 31.704151490901864 ] ], [ [ -106.351187160796513, 31.704151490901864 ], [ -106.351187160796513, 31.703881996316628 ], [ -106.350648171626048, 31.703881996316628 ], [ -106.350648171626048, 31.704151490901864 ], [ -106.351187160796513, 31.704151490901864 ] ], [ [ -106.34283282865421, 31.704151490901864 ], [ -106.34283282865421, 31.703881996316628 ], [ -106.34256333406897, 31.703881996316628 ], [ -106.34256333406897, 31.704151490901864 ], [ -106.34283282865421, 31.704151490901864 ] ], [ [ -106.352534633722698, 31.703881996316628 ], [ -106.352534633722698, 31.703343007146156 ], [ -106.352265139137458, 31.703343007146156 ], [ -106.352265139137458, 31.703881996316628 ], [ -106.352534633722698, 31.703881996316628 ] ], [ [ -106.350378677040808, 31.70307351256092 ], [ -106.350378677040808, 31.702804017975684 ], [ -106.350109182455569, 31.702804017975684 ], [ -106.350109182455569, 31.70307351256092 ], [ -106.350378677040808, 31.70307351256092 ] ], [ [ -106.351726149966993, 31.702804017975684 ], [ -106.351726149966993, 31.702534523390447 ], [ -106.351456655381753, 31.702534523390447 ], [ -106.351456655381753, 31.702804017975684 ], [ -106.351726149966993, 31.702804017975684 ] ], [ [ -106.343641312409915, 31.701995534219975 ], [ -106.343641312409915, 31.701726039634739 ], [ -106.343371817824675, 31.701726039634739 ], [ -106.343371817824675, 31.701995534219975 ], [ -106.343641312409915, 31.701995534219975 ] ], [ [ -106.34444979616562, 31.701726039634739 ], [ -106.34444979616562, 31.701456545049503 ], [ -106.34418030158038, 31.701456545049503 ], [ -106.34418030158038, 31.701726039634739 ], [ -106.34444979616562, 31.701726039634739 ] ], [ [ -106.348761709529398, 31.701456545049503 ], [ -106.348761709529398, 31.70118705046427 ], [ -106.348492214944159, 31.70118705046427 ], [ -106.348492214944159, 31.701456545049503 ], [ -106.348761709529398, 31.701456545049503 ] ], [ [ -106.350917666211274, 31.70118705046427 ], [ -106.350917666211274, 31.700917555879034 ], [ -106.350648171626048, 31.700917555879034 ], [ -106.350648171626048, 31.70118705046427 ], [ -106.350917666211274, 31.70118705046427 ] ], [ [ -106.350648171626048, 31.700648061293798 ], [ -106.350648171626048, 31.700378566708562 ], [ -106.350109182455569, 31.700378566708562 ], [ -106.350109182455569, 31.700648061293798 ], [ -106.350648171626048, 31.700648061293798 ] ] ] ] } },
{ "type": "Feature", "properties": { "ZONA_MET": "Ju_rez", "INTENSIDAD": "Intensa", "T_PROM_POL": 3.0, "T_MIN_CIUD": 1.0, "DIF_TERMIC": 2.0 }, "geometry": { "type": "MultiPolygon", "coordinates": [ [ [ [ -106.426106655492092, 31.702265028805211 ], [ -106.425028677151147, 31.702265028805211 ], [ -106.425028677151147, 31.70118705046427 ], [ -106.424759182565907, 31.70118705046427 ], [ -106.424759182565907, 31.700917555879034 ], [ -106.424220193395428, 31.700917555879034 ], [ -106.424220193395428, 31.700648061293798 ], [ -106.423950698810202, 31.700648061293798 ], [ -106.423950698810202, 31.700917555879034 ], [ -106.423681204224962, 31.700917555879034 ], [ -106.423681204224962, 31.700648061293798 ], [ -106.423411709639723, 31.700648061293798 ], [ -106.423411709639723, 31.700109072123325 ], [ -106.423681204224962, 31.700109072123325 ], [ -106.423681204224962, 31.699839577538089 ], [ -106.423950698810202, 31.699839577538089 ], [ -106.423950698810202, 31.700109072123325 ], [ -106.424489687980667, 31.700109072123325 ], [ -106.424489687980667, 31.699839577538089 ], [ -106.425028677151147, 31.699839577538089 ], [ -106.425028677151147, 31.699570082952853 ], [ -106.425837160906852, 31.699570082952853 ], [ -106.425837160906852, 31.699031093782381 ], [ -106.426106655492092, 31.699031093782381 ], [ -106.426106655492092, 31.699300588367617 ], [ -106.426645644662557, 31.699300588367617 ], [ -106.426645644662557, 31.699570082952853 ], [ -106.426915139247797, 31.699570082952853 ], [ -106.426915139247797, 31.699839577538089 ], [ -106.427184633833022, 31.699839577538089 ], [ -106.427184633833022, 31.700109072123325 ], [ -106.426915139247797, 31.700109072123325 ], [ -106.426915139247797, 31.700378566708562 ], [ -106.426645644662557, 31.700378566708562 ], [ -106.426645644662557, 31.701456545049503 ], [ -106.426106655492092, 31.701456545049503 ], [ -106.426106655492092, 31.702265028805211 ] ], [ [ -106.425837160906852, 31.701995534219975 ], [ -106.425837160906852, 31.701456545049503 ], [ -106.425567666321612, 31.701456545049503 ], [ -106.425567666321612, 31.701995534219975 ], [ -106.425837160906852, 31.701995534219975 ] ], [ [ -106.425837160906852, 31.70118705046427 ], [ -106.425837160906852, 31.700917555879034 ], [ -106.425567666321612, 31.700917555879034 ], [ -106.425567666321612, 31.700648061293798 ], [ -106.425298171736372, 31.700648061293798 ], [ -106.425298171736372, 31.70118705046427 ], [ -106.425837160906852, 31.70118705046427 ] ], [ [ -106.425298171736372, 31.700109072123325 ], [ -106.425298171736372, 31.699839577538089 ], [ -106.425028677151147, 31.699839577538089 ], [ -106.425028677151147, 31.700109072123325 ], [ -106.425298171736372, 31.700109072123325 ] ] ] ] } },
{ "type": "Feature", "properties": { "ZONA_MET": "Ju_rez", "INTENSIDAD": "Intensa", "T_PROM_POL": 3.0, "T_MIN_CIUD": 1.0, "DIF_TERMIC": 2.0 }, "geometry": { "type": "MultiPolygon", "coordinates": [ [ [ [ -106.382179038098641, 31.702534523390447 ], [ -106.381370554342936, 31.702534523390447 ], [ -106.381370554342936, 31.702265028805211 ], [ -106.381909543513402, 31.702265028805211 ], [ -106.381909543513402, 31.70118705046427 ], [ -106.382179038098641, 31.70118705046427 ], [ -106.382179038098641, 31.699839577538089 ], [ -106.381909543513402, 31.699839577538089 ], [ -106.381909543513402, 31.699570082952853 ], [ -106.380562070587231, 31.699570082952853 ], [ -106.380562070587231, 31.699300588367617 ], [ -106.380023081416752, 31.699300588367617 ], [ -106.380023081416752, 31.699031093782381 ], [ -106.380831565172457, 31.699031093782381 ], [ -106.380831565172457, 31.699300588367617 ], [ -106.382448532683881, 31.699300588367617 ], [ -106.382448532683881, 31.699031093782381 ], [ -106.382987521854346, 31.699031093782381 ], [ -106.382987521854346, 31.699300588367617 ], [ -106.384334994780531, 31.699300588367617 ], [ -106.384334994780531, 31.699570082952853 ], [ -106.383526511024826, 31.699570082952853 ], [ -106.383526511024826, 31.700648061293798 ], [ -106.383257016439586, 31.700648061293798 ], [ -106.383257016439586, 31.70118705046427 ], [ -106.382718027269107, 31.70118705046427 ], [ -106.382718027269107, 31.701456545049503 ], [ -106.382987521854346, 31.701456545049503 ], [ -106.382987521854346, 31.702265028805211 ], [ -106.382179038098641, 31.702265028805211 ], [ -106.382179038098641, 31.702534523390447 ] ] ] ] } },
{ "type": "Feature", "properties": { "ZONA_MET": "Ju_rez", "INTENSIDAD": "Intensa", "T_PROM_POL": 3.0, "T_MIN_CIUD": 1.0, "DIF_TERMIC": 2.0 }, "geometry": { "type": "MultiPolygon", "coordinates": [ [ [ [ -106.34283282865421, 31.700378566708562 ], [ -106.34256333406897, 31.700378566708562 ], [ -106.34256333406897, 31.700109072123325 ], [ -106.34229383948373, 31.700109072123325 ], [ -106.34229383948373, 31.699839577538089 ], [ -106.341485355728025, 31.699839577538089 ], [ -106.341485355728025, 31.700378566708562 ], [ -106.34094636655756, 31.700378566708562 ], [ -106.34094636655756, 31.699839577538089 ], [ -106.341215861142786, 31.699839577538089 ], [ -106.341215861142786, 31.699570082952853 ], [ -106.34094636655756, 31.699570082952853 ], [ -106.34094636655756, 31.699300588367617 ], [ -106.341485355728025, 31.699300588367617 ], [ -106.341485355728025, 31.699031093782381 ], [ -106.341215861142786, 31.699031093782381 ], [ -106.341215861142786, 31.698761599197145 ], [ -106.341754850313265, 31.698761599197145 ], [ -106.341754850313265, 31.699300588367617 ], [ -106.34229383948373, 31.699300588367617 ], [ -106.34229383948373, 31.699570082952853 ], [ -106.34256333406897, 31.699570082952853 ], [ -106.34256333406897, 31.699839577538089 ], [ -106.34283282865421, 31.699839577538089 ], [ -106.34283282865421, 31.700378566708562 ] ] ] ] } },
{ "type": "Feature", "properties": { "ZONA_MET": "Ju_rez", "INTENSIDAD": "Intensa", "T_PROM_POL": 3.0, "T_MIN_CIUD": 1.0, "DIF_TERMIC": 2.0 }, "geometry": { "type": "MultiPolygon", "coordinates": [ [ [ [ -106.450361168163312, 31.700378566708562 ], [ -106.449552684407607, 31.700378566708562 ], [ -106.449552684407607, 31.700109072123325 ], [ -106.449822178992846, 31.700109072123325 ], [ -106.449822178992846, 31.698761599197145 ], [ -106.450361168163312, 31.698761599197145 ], [ -106.450361168163312, 31.699300588367617 ], [ -106.450630662748551, 31.699300588367617 ], [ -106.450630662748551, 31.699570082952853 ], [ -106.450900157333777, 31.699570082952853 ], [ -106.450900157333777, 31.699839577538089 ], [ -106.450630662748551, 31.699839577538089 ], [ -106.450630662748551, 31.700109072123325 ], [ -106.450361168163312, 31.700109072123325 ], [ -106.450361168163312, 31.700378566708562 ] ] ] ] } },
{ "type": "Feature", "properties": { "ZONA_MET": "Ju_rez", "INTENSIDAD": "Intensa", "T_PROM_POL": 3.0, "T_MIN_CIUD": 1.0, "DIF_TERMIC": 2.0 }, "geometry": { "type": "MultiPolygon", "coordinates": [ [ [ [ -106.393228316093314, 31.700917555879034 ], [ -106.392689326922834, 31.700917555879034 ], [ -106.392689326922834, 31.700378566708562 ], [ -106.392150337752369, 31.700378566708562 ], [ -106.392150337752369, 31.699570082952853 ], [ -106.392419832337609, 31.699570082952853 ], [ -106.392419832337609, 31.699300588367617 ], [ -106.392958821508074, 31.699300588367617 ], [ -106.392958821508074, 31.699031093782381 ], [ -106.392689326922834, 31.699031093782381 ], [ -106.392689326922834, 31.698761599197145 ], [ -106.392419832337609, 31.698761599197145 ], [ -106.392419832337609, 31.698492104611908 ], [ -106.393228316093314, 31.698492104611908 ], [ -106.393228316093314, 31.699570082952853 ], [ -106.392958821508074, 31.699570082952853 ], [ -106.392958821508074, 31.700648061293798 ], [ -106.393228316093314, 31.700648061293798 ], [ -106.393228316093314, 31.700917555879034 ] ] ] ] } },
{ "type": "Feature", "properties": { "ZONA_MET": "Ju_rez", "INTENSIDAD": "Intensa", "T_PROM_POL": 3.0, "T_MIN_CIUD": 1.0, "DIF_TERMIC": 2.0 }, "geometry": { "type": "MultiPolygon", "coordinates": [ [ [ [ -106.398618207798023, 31.701995534219975 ], [ -106.398348713212798, 31.701995534219975 ], [ -106.398348713212798, 31.701726039634739 ], [ -106.398079218627558, 31.701726039634739 ], [ -106.398079218627558, 31.701456545049503 ], [ -106.397001240286613, 31.701456545049503 ], [ -106.397001240286613, 31.700917555879034 ], [ -106.398079218627558, 31.700917555879034 ], [ -106.398079218627558, 31.699570082952853 ], [ -106.397809724042318, 31.699570082952853 ], [ -106.397809724042318, 31.699300588367617 ], [ -106.397270734871853, 31.699300588367617 ], [ -106.397270734871853, 31.698761599197145 ], [ -106.397809724042318, 31.698761599197145 ], [ -106.397809724042318, 31.699031093782381 ], [ -106.398079218627558, 31.699031093782381 ], [ -106.398079218627558, 31.699300588367617 ], [ -106.398348713212798, 31.699300588367617 ], [ -106.398348713212798, 31.699570082952853 ], [ -106.399157196968503, 31.699570082952853 ], [ -106.399157196968503, 31.699031093782381 ], [ -106.399426691553728, 31.699031093782381 ], [ -106.399426691553728, 31.698222610026676 ], [ -106.399696186138968, 31.698222610026676 ], [ -106.399696186138968, 31.698761599197145 ], [ -106.399965680724208, 31.698761599197145 ], [ -106.399965680724208, 31.699300588367617 ], [ -106.399696186138968, 31.699300588367617 ], [ -106.399696186138968, 31.699839577538089 ], [ -106.399157196968503, 31.699839577538089 ], [ -106.399157196968503, 31.700109072123325 ], [ -106.399696186138968, 31.700109072123325 ], [ -106.399696186138968, 31.700378566708562 ], [ -106.398618207798023, 31.700378566708562 ], [ -106.398618207798023, 31.700109072123325 ], [ -106.398348713212798, 31.700109072123325 ], [ -106.398348713212798, 31.700648061293798 ], [ -106.398618207798023, 31.700648061293798 ], [ -106.398618207798023, 31.70118705046427 ], [ -106.398348713212798, 31.70118705046427 ], [ -106.398348713212798, 31.701456545049503 ], [ -106.398618207798023, 31.701456545049503 ], [ -106.398618207798023, 31.701995534219975 ] ] ] ] } },
{ "type": "Feature", "properties": { "ZONA_MET": "Ju_rez", "INTENSIDAD": "Intensa", "T_PROM_POL": 3.0, "T_MIN_CIUD": 1.0, "DIF_TERMIC": 2.0 }, "geometry": { "type": "MultiPolygon", "coordinates": [ [ [ [ -106.39026387565572, 31.700648061293798 ], [ -106.38999438107048, 31.700648061293798 ], [ -106.38999438107048, 31.700109072123325 ], [ -106.38972488648524, 31.700109072123325 ], [ -106.38972488648524, 31.699839577538089 ], [ -106.389455391900015, 31.699839577538089 ], [ -106.389455391900015, 31.699570082952853 ], [ -106.39026387565572, 31.699570082952853 ], [ -106.39026387565572, 31.699300588367617 ], [ -106.390802864826185, 31.699300588367617 ], [ -106.390802864826185, 31.698222610026676 ], [ -106.39161134858189, 31.698222610026676 ], [ -106.39161134858189, 31.698492104611908 ], [ -106.391072359411424, 31.698492104611908 ], [ -106.391072359411424, 31.699031093782381 ], [ -106.39161134858189, 31.699031093782381 ], [ -106.39161134858189, 31.699570082952853 ], [ -106.391341853996664, 31.699570082952853 ], [ -106.391341853996664, 31.699300588367617 ], [ -106.391072359411424, 31.699300588367617 ], [ -106.391072359411424, 31.699570082952853 ], [ -106.390533370240945, 31.699570082952853 ], [ -106.390533370240945, 31.700378566708562 ], [ -106.39026387565572, 31.700378566708562 ], [ -106.39026387565572, 31.700648061293798 ] ] ] ] } },
{ "type": "Feature", "properties": { "ZONA_MET": "Ju_rez", "INTENSIDAD": "Intensa", "T_PROM_POL": 3.0, "T_MIN_CIUD": 1.0, "DIF_TERMIC": 2.0 }, "geometry": { "type": "MultiPolygon", "coordinates": [ [ [ [ -106.409936980377935, 31.698761599197145 ], [ -106.409667485792696, 31.698761599197145 ], [ -106.409667485792696, 31.697683620856203 ], [ -106.40912849662223, 31.697683620856203 ], [ -106.40912849662223, 31.697144631685731 ], [ -106.409667485792696, 31.697144631685731 ], [ -106.409667485792696, 31.696875137100495 ], [ -106.409936980377935, 31.696875137100495 ], [ -106.409936980377935, 31.697144631685731 ], [ -106.411553947889345, 31.697144631685731 ], [ -106.411553947889345, 31.697414126270967 ], [ -106.412092937059825, 31.697414126270967 ], [ -106.412092937059825, 31.697683620856203 ], [ -106.41236243164505, 31.697683620856203 ], [ -106.41236243164505, 31.69795311544144 ], [ -106.411823442474585, 31.69795311544144 ], [ -106.411823442474585, 31.697683620856203 ], [ -106.409936980377935, 31.697683620856203 ], [ -106.409936980377935, 31.698761599197145 ] ] ] ] } },
{ "type": "Feature", "properties": { "ZONA_MET": "Ju_rez", "INTENSIDAD": "Intensa", "T_PROM_POL": 3.0, "T_MIN_CIUD": 1.0, "DIF_TERMIC": 2.0 }, "geometry": { "type": "MultiPolygon", "coordinates": [ [ [ [ -106.493480301801043, 31.698492104611908 ], [ -106.493210807215817, 31.698492104611908 ], [ -106.493210807215817, 31.698222610026676 ], [ -106.492402323460112, 31.698222610026676 ], [ -106.492402323460112, 31.697683620856203 ], [ -106.493210807215817, 31.697683620856203 ], [ -106.493210807215817, 31.697414126270967 ], [ -106.493749796386282, 31.697414126270967 ], [ -106.493749796386282, 31.697144631685731 ], [ -106.494019290971522, 31.697144631685731 ], [ -106.494019290971522, 31.696875137100495 ], [ -106.494288785556762, 31.696875137100495 ], [ -106.494288785556762, 31.697414126270967 ], [ -106.494558280141987, 31.697414126270967 ], [ -106.494558280141987, 31.697683620856203 ], [ -106.493480301801043, 31.697683620856203 ], [ -106.493480301801043, 31.69795311544144 ], [ -106.494019290971522, 31.69795311544144 ], [ -106.494019290971522, 31.698222610026676 ], [ -106.493480301801043, 31.698222610026676 ], [ -106.493480301801043, 31.698492104611908 ] ] ] ] } },
{ "type": "Feature", "properties": { "ZONA_MET": "Ju_rez", "INTENSIDAD": "Extrema", "T_PROM_POL": 3.0, "T_MIN_CIUD": 1.0, "DIF_TERMIC": 2.0 }, "geometry": { "type": "MultiPolygon", "coordinates": [ [ [ [ -106.382718027269107, 31.699031093782381 ], [ -106.382448532683881, 31.699031093782381 ], [ -106.382448532683881, 31.698761599197145 ], [ -106.382179038098641, 31.698761599197145 ], [ -106.382179038098641, 31.698492104611908 ], [ -106.381909543513402, 31.698492104611908 ], [ -106.381909543513402, 31.697683620856203 ], [ -106.381640048928162, 31.697683620856203 ], [ -106.381640048928162, 31.696875137100495 ], [ -106.381370554342936, 31.696875137100495 ], [ -106.381370554342936, 31.696605642515259 ], [ -106.381640048928162, 31.696605642515259 ], [ -106.381640048928162, 31.696336147930023 ], [ -106.382179038098641, 31.696336147930023 ], [ -106.382179038098641, 31.697144631685731 ], [ -106.382448532683881, 31.697144631685731 ], [ -106.382448532683881, 31.69795311544144 ], [ -106.382718027269107, 31.69795311544144 ], [ -106.382718027269107, 31.699031093782381 ] ], [ [ -106.382448532683881, 31.698222610026676 ], [ -106.382448532683881, 31.69795311544144 ], [ -106.382179038098641, 31.69795311544144 ], [ -106.382179038098641, 31.698222610026676 ], [ -106.382448532683881, 31.698222610026676 ] ] ] ] } },
{ "type": "Feature", "properties": { "ZONA_MET": "Ju_rez", "INTENSIDAD": "Intensa", "T_PROM_POL": 3.0, "T_MIN_CIUD": 1.0, "DIF_TERMIC": 2.0 }, "geometry": { "type": "MultiPolygon", "coordinates": [ [ [ [ -106.442276330606234, 31.69795311544144 ], [ -106.441467846850529, 31.69795311544144 ], [ -106.441467846850529, 31.697683620856203 ], [ -106.440928857680063, 31.697683620856203 ], [ -106.440928857680063, 31.697414126270967 ], [ -106.441737341435768, 31.697414126270967 ], [ -106.441737341435768, 31.697144631685731 ], [ -106.440928857680063, 31.697144631685731 ], [ -106.440928857680063, 31.696605642515259 ], [ -106.440389868509584, 31.696605642515259 ], [ -106.440389868509584, 31.696336147930023 ], [ -106.440659363094824, 31.696336147930023 ], [ -106.440659363094824, 31.696066653344786 ], [ -106.440928857680063, 31.696066653344786 ], [ -106.440928857680063, 31.696336147930023 ], [ -106.441467846850529, 31.696336147930023 ], [ -106.441467846850529, 31.696605642515259 ], [ -106.441737341435768, 31.696605642515259 ], [ -106.441737341435768, 31.696875137100495 ], [ -106.442006836020994, 31.696875137100495 ], [ -106.442006836020994, 31.697144631685731 ], [ -106.442276330606234, 31.697144631685731 ], [ -106.442276330606234, 31.69795311544144 ] ], [ [ -106.442006836020994, 31.697683620856203 ], [ -106.442006836020994, 31.697414126270967 ], [ -106.441737341435768, 31.697414126270967 ], [ -106.441737341435768, 31.697683620856203 ], [ -106.442006836020994, 31.697683620856203 ] ] ] ] } },
{ "type": "Feature", "properties": { "ZONA_MET": "Ju_rez", "INTENSIDAD": "Intensa", "T_PROM_POL": 3.0, "T_MIN_CIUD": 1.0, "DIF_TERMIC": 2.0 }, "geometry": { "type": "MultiPolygon", "coordinates": [ [ [ [ -106.363044922546891, 31.697414126270967 ], [ -106.362775427961665, 31.697414126270967 ], [ -106.362775427961665, 31.696875137100495 ], [ -106.362236438791186, 31.696875137100495 ], [ -106.362236438791186, 31.696605642515259 ], [ -106.361966944205946, 31.696605642515259 ], [ -106.361966944205946, 31.696066653344786 ], [ -106.361427955035481, 31.696066653344786 ], [ -106.361427955035481, 31.695527664174314 ], [ -106.361697449620721, 31.695527664174314 ], [ -106.361697449620721, 31.69579715875955 ], [ -106.362236438791186, 31.69579715875955 ], [ -106.362236438791186, 31.696066653344786 ], [ -106.363044922546891, 31.696066653344786 ], [ -106.363044922546891, 31.696875137100495 ], [ -106.363314417132131, 31.696875137100495 ], [ -106.363314417132131, 31.696605642515259 ], [ -106.36358391171737, 31.696605642515259 ], [ -106.36358391171737, 31.697144631685731 ], [ -106.363044922546891, 31.697144631685731 ], [ -106.363044922546891, 31.697414126270967 ] ], [ [ -106.362775427961665, 31.696605642515259 ], [ -106.362775427961665, 31.696336147930023 ], [ -106.362236438791186, 31.696336147930023 ], [ -106.362236438791186, 31.696605642515259 ], [ -106.362775427961665, 31.696605642515259 ] ] ] ] } },
{ "type": "Feature", "properties": { "ZONA_MET": "Ju_rez", "INTENSIDAD": "Intensa", "T_PROM_POL": 3.0, "T_MIN_CIUD": 1.0, "DIF_TERMIC": 2.0 }, "geometry": { "type": "MultiPolygon", "coordinates": [ [ [ [ -106.390802864826185, 31.696605642515259 ], [ -106.39026387565572, 31.696605642515259 ], [ -106.39026387565572, 31.696336147930023 ], [ -106.38999438107048, 31.696336147930023 ], [ -106.38999438107048, 31.696066653344786 ], [ -106.389455391900015, 31.696066653344786 ], [ -106.389455391900015, 31.696336147930023 ], [ -106.389185897314775, 31.696336147930023 ], [ -106.389185897314775, 31.696066653344786 ], [ -106.388916402729535, 31.696066653344786 ], [ -106.388916402729535, 31.695527664174314 ], [ -106.38972488648524, 31.695527664174314 ], [ -106.38972488648524, 31.69579715875955 ], [ -106.39026387565572, 31.69579715875955 ], [ -106.39026387565572, 31.696066653344786 ], [ -106.390802864826185, 31.696066653344786 ], [ -106.390802864826185, 31.696605642515259 ] ] ] ] } },
{ "type": "Feature", "properties": { "ZONA_MET": "Ju_rez", "INTENSIDAD": "Intensa", "T_PROM_POL": 3.0, "T_MIN_CIUD": 1.0, "DIF_TERMIC": 2.0 }, "geometry": { "type": "MultiPolygon", "coordinates": [ [ [ [ -106.343641312409915, 31.697414126270967 ], [ -106.343102323239435, 31.697414126270967 ], [ -106.343102323239435, 31.696875137100495 ], [ -106.34256333406897, 31.696875137100495 ], [ -106.34256333406897, 31.696605642515259 ], [ -106.34229383948373, 31.696605642515259 ], [ -106.34229383948373, 31.696336147930023 ], [ -106.341754850313265, 31.696336147930023 ], [ -106.341754850313265, 31.69579715875955 ], [ -106.341485355728025, 31.69579715875955 ], [ -106.341485355728025, 31.695258169589081 ], [ -106.342024344898491, 31.695258169589081 ], [ -106.342024344898491, 31.69579715875955 ], [ -106.34229383948373, 31.69579715875955 ], [ -106.34229383948373, 31.696066653344786 ], [ -106.34256333406897, 31.696066653344786 ], [ -106.34256333406897, 31.69579715875955 ], [ -106.343102323239435, 31.69579715875955 ], [ -106.343102323239435, 31.696066653344786 ], [ -106.343371817824675, 31.696066653344786 ], [ -106.343371817824675, 31.696605642515259 ], [ -106.343641312409915, 31.696605642515259 ], [ -106.343641312409915, 31.696875137100495 ], [ -106.343371817824675, 31.696875137100495 ], [ -106.343371817824675, 31.697144631685731 ], [ -106.343641312409915, 31.697144631685731 ], [ -106.343641312409915, 31.697414126270967 ] ] ] ] } },
{ "type": "Feature", "properties": { "ZONA_MET": "Ju_rez", "INTENSIDAD": "Intensa", "T_PROM_POL": 3.0, "T_MIN_CIUD": 1.0, "DIF_TERMIC": 2.0 }, "geometry": { "type": "MultiPolygon", "coordinates": [ [ [ [ -106.407511529110806, 31.695527664174314 ], [ -106.406703045355101, 31.695527664174314 ], [ -106.406703045355101, 31.694988675003845 ], [ -106.406972539940341, 31.694988675003845 ], [ -106.406972539940341, 31.694449685833373 ], [ -106.406703045355101, 31.694449685833373 ], [ -106.406703045355101, 31.694180191248137 ], [ -106.407242034525581, 31.694180191248137 ], [ -106.407242034525581, 31.693910696662901 ], [ -106.407511529110806, 31.693910696662901 ], [ -106.407511529110806, 31.694180191248137 ], [ -106.407781023696046, 31.694180191248137 ], [ -106.407781023696046, 31.694719180418609 ], [ -106.408050518281286, 31.694719180418609 ], [ -106.408050518281286, 31.694988675003845 ], [ -106.408320012866511, 31.694988675003845 ], [ -106.408320012866511, 31.695258169589081 ], [ -106.407511529110806, 31.695258169589081 ], [ -106.407511529110806, 31.695527664174314 ] ] ] ] } },
{ "type": "Feature", "properties": { "ZONA_MET": "Ju_rez", "INTENSIDAD": "Intensa", "T_PROM_POL": 3.0, "T_MIN_CIUD": 1.0, "DIF_TERMIC": 2.0 }, "geometry": { "type": "MultiPolygon", "coordinates": [ [ [ [ -106.375441673467748, 31.694719180418609 ], [ -106.374633189712043, 31.694719180418609 ], [ -106.374633189712043, 31.694449685833373 ], [ -106.374902684297268, 31.694449685833373 ], [ -106.374902684297268, 31.694180191248137 ], [ -106.375172178882508, 31.694180191248137 ], [ -106.375172178882508, 31.693910696662901 ], [ -106.375441673467748, 31.693910696662901 ], [ -106.375441673467748, 31.694180191248137 ], [ -106.375711168052973, 31.694180191248137 ], [ -106.375711168052973, 31.693910696662901 ], [ -106.375980662638213, 31.693910696662901 ], [ -106.375980662638213, 31.693641202077664 ], [ -106.377058640979158, 31.693641202077664 ], [ -106.377058640979158, 31.693910696662901 ], [ -106.376519651808692, 31.693910696662901 ], [ -106.376519651808692, 31.694180191248137 ], [ -106.375980662638213, 31.694180191248137 ], [ -106.375980662638213, 31.694449685833373 ], [ -106.375441673467748, 31.694449685833373 ], [ -106.375441673467748, 31.694719180418609 ] ] ] ] } },
{ "type": "Feature", "properties": { "ZONA_MET": "Ju_rez", "INTENSIDAD": "Intensa", "T_PROM_POL": 3.0, "T_MIN_CIUD": 1.0, "DIF_TERMIC": 2.0 }, "geometry": { "type": "MultiPolygon", "coordinates": [ [ [ [ -106.381640048928162, 31.696336147930023 ], [ -106.381101059757697, 31.696336147930023 ], [ -106.381101059757697, 31.696066653344786 ], [ -106.380831565172457, 31.696066653344786 ], [ -106.380831565172457, 31.69579715875955 ], [ -106.380292576001992, 31.69579715875955 ], [ -106.380292576001992, 31.694449685833373 ], [ -106.380562070587231, 31.694449685833373 ], [ -106.380562070587231, 31.693910696662901 ], [ -106.381101059757697, 31.693910696662901 ], [ -106.381101059757697, 31.692832718321956 ], [ -106.382179038098641, 31.692832718321956 ], [ -106.382179038098641, 31.69256322373672 ], [ -106.382448532683881, 31.69256322373672 ], [ -106.382448532683881, 31.692832718321956 ], [ -106.382718027269107, 31.692832718321956 ], [ -106.382718027269107, 31.693102212907192 ], [ -106.382987521854346, 31.693102212907192 ], [ -106.382987521854346, 31.693371707492428 ], [ -106.383257016439586, 31.693371707492428 ], [ -106.383257016439586, 31.694719180418609 ], [ -106.382718027269107, 31.694719180418609 ], [ -106.382718027269107, 31.694449685833373 ], [ -106.382448532683881, 31.694449685833373 ], [ -106.382448532683881, 31.694180191248137 ], [ -106.382179038098641, 31.694180191248137 ], [ -106.382179038098641, 31.694449685833373 ], [ -106.381101059757697, 31.694449685833373 ], [ -106.381101059757697, 31.695258169589081 ], [ -106.381370554342936, 31.695258169589081 ], [ -106.381370554342936, 31.695527664174314 ], [ -106.381909543513402, 31.695527664174314 ], [ -106.381909543513402, 31.696066653344786 ], [ -106.381640048928162, 31.696066653344786 ], [ -106.381640048928162, 31.696336147930023 ] ], [ [ -106.382179038098641, 31.693641202077664 ], [ -106.382179038098641, 31.693371707492428 ], [ -106.381909543513402, 31.693371707492428 ], [ -106.381909543513402, 31.693641202077664 ], [ -106.382179038098641, 31.693641202077664 ] ] ] ] } },
{ "type": "Feature", "properties": { "ZONA_MET": "Ju_rez", "INTENSIDAD": "Intensa", "T_PROM_POL": 3.0, "T_MIN_CIUD": 1.0, "DIF_TERMIC": 2.0 }, "geometry": { "type": "MultiPolygon", "coordinates": [ [ [ [ -106.424489687980667, 31.694719180418609 ], [ -106.424220193395428, 31.694719180418609 ], [ -106.424220193395428, 31.693102212907192 ], [ -106.423681204224962, 31.693102212907192 ], [ -106.423681204224962, 31.69256322373672 ], [ -106.424759182565907, 31.69256322373672 ], [ -106.424759182565907, 31.692832718321956 ], [ -106.425028677151147, 31.692832718321956 ], [ -106.425028677151147, 31.69256322373672 ], [ -106.425567666321612, 31.69256322373672 ], [ -106.425567666321612, 31.692293729151487 ], [ -106.426106655492092, 31.692293729151487 ], [ -106.426106655492092, 31.692024234566251 ], [ -106.426376150077317, 31.692024234566251 ], [ -106.426376150077317, 31.692293729151487 ], [ -106.426645644662557, 31.692293729151487 ], [ -106.426645644662557, 31.69256322373672 ], [ -106.426915139247797, 31.69256322373672 ], [ -106.426915139247797, 31.692832718321956 ], [ -106.427723623003502, 31.692832718321956 ], [ -106.427723623003502, 31.693102212907192 ], [ -106.429071095929686, 31.693102212907192 ], [ -106.429071095929686, 31.693641202077664 ], [ -106.428262612173967, 31.693641202077664 ], [ -106.428262612173967, 31.694180191248137 ], [ -106.427993117588741, 31.694180191248137 ], [ -106.427993117588741, 31.693910696662901 ], [ -106.425837160906852, 31.693910696662901 ], [ -106.425837160906852, 31.694180191248137 ], [ -106.425567666321612, 31.694180191248137 ], [ -106.425567666321612, 31.694449685833373 ], [ -106.424489687980667, 31.694449685833373 ], [ -106.424489687980667, 31.694719180418609 ] ], [ [ -106.426645644662557, 31.692832718321956 ], [ -106.426645644662557, 31.69256322373672 ], [ -106.426376150077317, 31.69256322373672 ], [ -106.426376150077317, 31.692832718321956 ], [ -106.426645644662557, 31.692832718321956 ] ], [ [ -106.426106655492092, 31.692832718321956 ], [ -106.426106655492092, 31.69256322373672 ], [ -106.425837160906852, 31.69256322373672 ], [ -106.425837160906852, 31.692832718321956 ], [ -106.426106655492092, 31.692832718321956 ] ] ] ] } },
{ "type": "Feature", "properties": { "ZONA_MET": "Ju_rez", "INTENSIDAD": "Intensa", "T_PROM_POL": 3.0, "T_MIN_CIUD": 1.0, "DIF_TERMIC": 2.0 }, "geometry": { "type": "MultiPolygon", "coordinates": [ [ [ [ -106.38783842438859, 31.694449685833373 ], [ -106.38622145687718, 31.694449685833373 ], [ -106.38622145687718, 31.693910696662901 ], [ -106.385682467706701, 31.693910696662901 ], [ -106.385682467706701, 31.693641202077664 ], [ -106.385412973121475, 31.693641202077664 ], [ -106.385412973121475, 31.693371707492428 ], [ -106.384873983950996, 31.693371707492428 ], [ -106.384873983950996, 31.693102212907192 ], [ -106.38622145687718, 31.693102212907192 ], [ -106.38622145687718, 31.692832718321956 ], [ -106.385951962291941, 31.692832718321956 ], [ -106.385951962291941, 31.69256322373672 ], [ -106.385143478536236, 31.69256322373672 ], [ -106.385143478536236, 31.692293729151487 ], [ -106.384873983950996, 31.692293729151487 ], [ -106.384873983950996, 31.691754739981015 ], [ -106.385412973121475, 31.691754739981015 ], [ -106.385412973121475, 31.692293729151487 ], [ -106.38622145687718, 31.692293729151487 ], [ -106.38622145687718, 31.69256322373672 ], [ -106.387029940632885, 31.69256322373672 ], [ -106.387029940632885, 31.692832718321956 ], [ -106.38649095146242, 31.692832718321956 ], [ -106.38649095146242, 31.693102212907192 ], [ -106.386760446047646, 31.693102212907192 ], [ -106.386760446047646, 31.693371707492428 ], [ -106.387029940632885, 31.693371707492428 ], [ -106.387029940632885, 31.693641202077664 ], [ -106.38810791897383, 31.693641202077664 ], [ -106.38810791897383, 31.693371707492428 ], [ -106.388646908144295, 31.693371707492428 ], [ -106.388646908144295, 31.693641202077664 ], [ -106.38837741355907, 31.693641202077664 ], [ -106.38837741355907, 31.693910696662901 ], [ -106.38783842438859, 31.693910696662901 ], [ -106.38783842438859, 31.694449685833373 ] ], [ [ -106.38649095146242, 31.693910696662901 ], [ -106.38649095146242, 31.693641202077664 ], [ -106.38622145687718, 31.693641202077664 ], [ -106.38622145687718, 31.693910696662901 ], [ -106.38649095146242, 31.693910696662901 ] ] ] ] } },
{ "type": "Feature", "properties": { "ZONA_MET": "Ju_rez", "INTENSIDAD": "Intensa", "T_PROM_POL": 3.0, "T_MIN_CIUD": 1.0, "DIF_TERMIC": 2.0 }, "geometry": { "type": "MultiPolygon", "coordinates": [ [ [ [ -106.434191493049155, 31.693102212907192 ], [ -106.43365250387869, 31.693102212907192 ], [ -106.43365250387869, 31.69256322373672 ], [ -106.432844020122985, 31.69256322373672 ], [ -106.432844020122985, 31.692293729151487 ], [ -106.433113514708211, 31.692293729151487 ], [ -106.433113514708211, 31.691754739981015 ], [ -106.433383009293451, 31.691754739981015 ], [ -106.433383009293451, 31.691485245395778 ], [ -106.43365250387869, 31.691485245395778 ], [ -106.43365250387869, 31.691215750810542 ], [ -106.43392199846393, 31.691215750810542 ], [ -106.43392199846393, 31.692024234566251 ], [ -106.434191493049155, 31.692024234566251 ], [ -106.434191493049155, 31.69256322373672 ], [ -106.43392199846393, 31.69256322373672 ], [ -106.43392199846393, 31.692832718321956 ], [ -106.434191493049155, 31.692832718321956 ], [ -106.434191493049155, 31.693102212907192 ] ] ] ] } },
{ "type": "Feature", "properties": { "ZONA_MET": "Ju_rez", "INTENSIDAD": "Extrema", "T_PROM_POL": 3.0, "T_MIN_CIUD": 1.0, "DIF_TERMIC": 2.0 }, "geometry": { "type": "MultiPolygon", "coordinates": [ [ [ [ -106.348222720358919, 31.700648061293798 ], [ -106.347414236603214, 31.700648061293798 ], [ -106.347414236603214, 31.700109072123325 ], [ -106.346336258262269, 31.700109072123325 ], [ -106.346336258262269, 31.699570082952853 ], [ -106.34606676367703, 31.699570082952853 ], [ -106.34606676367703, 31.699300588367617 ], [ -106.345797269091804, 31.699300588367617 ], [ -106.345797269091804, 31.698761599197145 ], [ -106.345258279921325, 31.698761599197145 ], [ -106.345258279921325, 31.698492104611908 ], [ -106.344988785336085, 31.698492104611908 ], [ -106.344988785336085, 31.698761599197145 ], [ -106.34444979616562, 31.698761599197145 ], [ -106.34444979616562, 31.698492104611908 ], [ -106.344719290750859, 31.698492104611908 ], [ -106.344719290750859, 31.698222610026676 ], [ -106.34444979616562, 31.698222610026676 ], [ -106.34444979616562, 31.69795311544144 ], [ -106.345258279921325, 31.69795311544144 ], [ -106.345258279921325, 31.697414126270967 ], [ -106.344719290750859, 31.697414126270967 ], [ -106.344719290750859, 31.697144631685731 ], [ -106.34444979616562, 31.697144631685731 ], [ -106.34444979616562, 31.696605642515259 ], [ -106.34606676367703, 31.696605642515259 ], [ -106.34606676367703, 31.696875137100495 ], [ -106.346605752847509, 31.696875137100495 ], [ -106.346605752847509, 31.696336147930023 ], [ -106.34606676367703, 31.696336147930023 ], [ -106.34606676367703, 31.696066653344786 ], [ -106.345797269091804, 31.696066653344786 ], [ -106.345797269091804, 31.69579715875955 ], [ -106.345527774506564, 31.69579715875955 ], [ -106.345527774506564, 31.696066653344786 ], [ -106.344988785336085, 31.696066653344786 ], [ -106.344988785336085, 31.69579715875955 ], [ -106.344719290750859, 31.69579715875955 ], [ -106.344719290750859, 31.695527664174314 ], [ -106.344988785336085, 31.695527664174314 ], [ -106.344988785336085, 31.694988675003845 ], [ -106.34444979616562, 31.694988675003845 ], [ -106.34444979616562, 31.695527664174314 ], [ -106.34418030158038, 31.695527664174314 ], [ -106.34418030158038, 31.695258169589081 ], [ -106.343641312409915, 31.695258169589081 ], [ -106.343641312409915, 31.695527664174314 ], [ -106.34283282865421, 31.695527664174314 ], [ -106.34283282865421, 31.694988675003845 ], [ -106.34256333406897, 31.694988675003845 ], [ -106.34256333406897, 31.694719180418609 ], [ -106.34229383948373, 31.694719180418609 ], [ -106.34229383948373, 31.694449685833373 ], [ -106.342024344898491, 31.694449685833373 ], [ -106.342024344898491, 31.694988675003845 ], [ -106.34229383948373, 31.694988675003845 ], [ -106.34229383948373, 31.695527664174314 ], [ -106.342024344898491, 31.695527664174314 ], [ -106.342024344898491, 31.695258169589081 ], [ -106.341215861142786, 31.695258169589081 ], [ -106.341215861142786, 31.695527664174314 ], [ -106.34067687197232, 31.695527664174314 ], [ -106.34067687197232, 31.694988675003845 ], [ -106.340407377387081, 31.694988675003845 ], [ -106.340407377387081, 31.694719180418609 ], [ -106.340137882801841, 31.694719180418609 ], [ -106.340137882801841, 31.694988675003845 ], [ -106.339598893631376, 31.694988675003845 ], [ -106.339598893631376, 31.694719180418609 ], [ -106.339059904460896, 31.694719180418609 ], [ -106.339059904460896, 31.694449685833373 ], [ -106.338790409875671, 31.694449685833373 ], [ -106.338790409875671, 31.694180191248137 ], [ -106.338520915290431, 31.694180191248137 ], [ -106.338520915290431, 31.693641202077664 ], [ -106.339059904460896, 31.693641202077664 ], [ -106.339059904460896, 31.693910696662901 ], [ -106.339329399046136, 31.693910696662901 ], [ -106.339329399046136, 31.694180191248137 ], [ -106.339598893631376, 31.694180191248137 ], [ -106.339598893631376, 31.693641202077664 ], [ -106.340407377387081, 31.693641202077664 ], [ -106.340407377387081, 31.693371707492428 ], [ -106.34067687197232, 31.693371707492428 ], [ -106.34067687197232, 31.692832718321956 ], [ -106.34094636655756, 31.692832718321956 ], [ -106.34094636655756, 31.69256322373672 ], [ -106.34229383948373, 31.69256322373672 ], [ -106.34229383948373, 31.690946256225306 ], [ -106.34256333406897, 31.690946256225306 ], [ -106.34256333406897, 31.69067676164007 ], [ -106.34283282865421, 31.69067676164007 ], [ -106.34283282865421, 31.691754739981015 ], [ -106.343910806995154, 31.691754739981015 ], [ -106.343910806995154, 31.690407267054834 ], [ -106.34418030158038, 31.690407267054834 ], [ -106.34418030158038, 31.690946256225306 ], [ -106.34444979616562, 31.690946256225306 ], [ -106.34444979616562, 31.692024234566251 ], [ -106.343910806995154, 31.692024234566251 ], [ -106.343910806995154, 31.692293729151487 ], [ -106.343102323239435, 31.692293729151487 ], [ -106.343102323239435, 31.692832718321956 ], [ -106.343371817824675, 31.692832718321956 ], [ -106.343371817824675, 31.69256322373672 ], [ -106.34444979616562, 31.69256322373672 ], [ -106.34444979616562, 31.693102212907192 ], [ -106.34418030158038, 31.693102212907192 ], [ -106.34418030158038, 31.692832718321956 ], [ -106.343910806995154, 31.692832718321956 ], [ -106.343910806995154, 31.693371707492428 ], [ -106.343102323239435, 31.693371707492428 ], [ -106.343102323239435, 31.693641202077664 ], [ -106.34283282865421, 31.693641202077664 ], [ -106.34283282865421, 31.694719180418609 ], [ -106.343910806995154, 31.694719180418609 ], [ -106.343910806995154, 31.694449685833373 ], [ -106.34418030158038, 31.694449685833373 ], [ -106.34418030158038, 31.693910696662901 ], [ -106.34444979616562, 31.693910696662901 ], [ -106.34444979616562, 31.694180191248137 ], [ -106.344719290750859, 31.694180191248137 ], [ -106.344719290750859, 31.694719180418609 ], [ -106.345258279921325, 31.694719180418609 ], [ -106.345258279921325, 31.695258169589081 ], [ -106.34606676367703, 31.695258169589081 ], [ -106.34606676367703, 31.694988675003845 ], [ -106.345797269091804, 31.694988675003845 ], [ -106.345797269091804, 31.694449685833373 ], [ -106.34606676367703, 31.694449685833373 ], [ -106.34606676367703, 31.694719180418609 ], [ -106.346336258262269, 31.694719180418609 ], [ -106.346336258262269, 31.694449685833373 ], [ -106.346605752847509, 31.694449685833373 ], [ -106.346605752847509, 31.695258169589081 ], [ -106.346875247432749, 31.695258169589081 ], [ -106.346875247432749, 31.69579715875955 ], [ -106.347414236603214, 31.69579715875955 ], [ -106.347414236603214, 31.696336147930023 ], [ -106.347683731188454, 31.696336147930023 ], [ -106.347683731188454, 31.696605642515259 ], [ -106.347953225773679, 31.696605642515259 ], [ -106.347953225773679, 31.696875137100495 ], [ -106.348222720358919, 31.696875137100495 ], [ -106.348222720358919, 31.697414126270967 ], [ -106.348492214944159, 31.697414126270967 ], [ -106.348492214944159, 31.697683620856203 ], [ -106.348761709529398, 31.697683620856203 ], [ -106.348761709529398, 31.698222610026676 ], [ -106.349031204114624, 31.698222610026676 ], [ -106.349031204114624, 31.698492104611908 ], [ -106.349300698699864, 31.698492104611908 ], [ -106.349300698699864, 31.699031093782381 ], [ -106.349839687870343, 31.699031093782381 ], [ -106.349839687870343, 31.699570082952853 ], [ -106.349570193285103, 31.699570082952853 ], [ -106.349570193285103, 31.699300588367617 ], [ -106.349300698699864, 31.699300588367617 ], [ -106.349300698699864, 31.699570082952853 ], [ -106.349031204114624, 31.699570082952853 ], [ -106.349031204114624, 31.699300588367617 ], [ -106.348761709529398, 31.699300588367617 ], [ -106.348761709529398, 31.699839577538089 ], [ -106.349031204114624, 31.699839577538089 ], [ -106.349031204114624, 31.700378566708562 ], [ -106.348222720358919, 31.700378566708562 ], [ -106.348222720358919, 31.700648061293798 ] ], [ [ -106.347953225773679, 31.699570082952853 ], [ -106.347953225773679, 31.699300588367617 ], [ -106.347414236603214, 31.699300588367617 ], [ -106.347414236603214, 31.699570082952853 ], [ -106.347953225773679, 31.699570082952853 ] ], [ [ -106.348222720358919, 31.699300588367617 ], [ -106.348222720358919, 31.699031093782381 ], [ -106.347953225773679, 31.699031093782381 ], [ -106.347953225773679, 31.699300588367617 ], [ -106.348222720358919, 31.699300588367617 ] ], [ [ -106.346605752847509, 31.699300588367617 ], [ -106.346605752847509, 31.699031093782381 ], [ -106.346336258262269, 31.699031093782381 ], [ -106.346336258262269, 31.699300588367617 ], [ -106.346605752847509, 31.699300588367617 ] ], [ [ -106.348761709529398, 31.699031093782381 ], [ -106.348761709529398, 31.698761599197145 ], [ -106.348222720358919, 31.698761599197145 ], [ -106.348222720358919, 31.699031093782381 ], [ -106.348761709529398, 31.699031093782381 ] ], [ [ -106.346336258262269, 31.699031093782381 ], [ -106.346336258262269, 31.698492104611908 ], [ -106.34606676367703, 31.698492104611908 ], [ -106.34606676367703, 31.699031093782381 ], [ -106.346336258262269, 31.699031093782381 ] ], [ [ -106.347683731188454, 31.698761599197145 ], [ -106.347683731188454, 31.697683620856203 ], [ -106.347414236603214, 31.697683620856203 ], [ -106.347414236603214, 31.697414126270967 ], [ -106.346875247432749, 31.697414126270967 ], [ -106.346875247432749, 31.697683620856203 ], [ -106.346605752847509, 31.697683620856203 ], [ -106.346605752847509, 31.698492104611908 ], [ -106.347414236603214, 31.698492104611908 ], [ -106.347414236603214, 31.698761599197145 ], [ -106.347683731188454, 31.698761599197145 ] ], [ [ -106.34606676367703, 31.698492104611908 ], [ -106.34606676367703, 31.698222610026676 ], [ -106.345527774506564, 31.698222610026676 ], [ -106.345527774506564, 31.698492104611908 ], [ -106.34606676367703, 31.698492104611908 ] ], [ [ -106.345527774506564, 31.698222610026676 ], [ -106.345527774506564, 31.69795311544144 ], [ -106.345258279921325, 31.69795311544144 ], [ -106.345258279921325, 31.698222610026676 ], [ -106.345527774506564, 31.698222610026676 ] ], [ [ -106.347683731188454, 31.697414126270967 ], [ -106.347683731188454, 31.697144631685731 ], [ -106.347414236603214, 31.697144631685731 ], [ -106.347414236603214, 31.697414126270967 ], [ -106.347683731188454, 31.697414126270967 ] ], [ [ -106.345797269091804, 31.697414126270967 ], [ -106.345797269091804, 31.696875137100495 ], [ -106.345527774506564, 31.696875137100495 ], [ -106.345527774506564, 31.697414126270967 ], [ -106.345797269091804, 31.697414126270967 ] ], [ [ -106.346336258262269, 31.696066653344786 ], [ -106.346336258262269, 31.69579715875955 ], [ -106.34606676367703, 31.69579715875955 ], [ -106.34606676367703, 31.696066653344786 ], [ -106.346336258262269, 31.696066653344786 ] ], [ [ -106.34444979616562, 31.694988675003845 ], [ -106.34444979616562, 31.694719180418609 ], [ -106.34418030158038, 31.694719180418609 ], [ -106.34418030158038, 31.694988675003845 ], [ -106.34444979616562, 31.694988675003845 ] ], [ [ -106.34229383948373, 31.694180191248137 ], [ -106.34229383948373, 31.693910696662901 ], [ -106.342024344898491, 31.693910696662901 ], [ -106.342024344898491, 31.694180191248137 ], [ -106.34229383948373, 31.694180191248137 ] ], [ [ -106.341754850313265, 31.694180191248137 ], [ -106.341754850313265, 31.693910696662901 ], [ -106.341485355728025, 31.693910696662901 ], [ -106.341485355728025, 31.694180191248137 ], [ -106.341754850313265, 31.694180191248137 ] ], [ [ -106.341215861142786, 31.694180191248137 ], [ -106.341215861142786, 31.693910696662901 ], [ -106.34094636655756, 31.693910696662901 ], [ -106.34094636655756, 31.694180191248137 ], [ -106.341215861142786, 31.694180191248137 ] ], [ [ -106.341485355728025, 31.693910696662901 ], [ -106.341485355728025, 31.693102212907192 ], [ -106.341215861142786, 31.693102212907192 ], [ -106.341215861142786, 31.693910696662901 ], [ -106.341485355728025, 31.693910696662901 ] ], [ [ -106.34229383948373, 31.693641202077664 ], [ -106.34229383948373, 31.693371707492428 ], [ -106.342024344898491, 31.693371707492428 ], [ -106.342024344898491, 31.693641202077664 ], [ -106.34229383948373, 31.693641202077664 ] ], [ [ -106.343102323239435, 31.693371707492428 ], [ -106.343102323239435, 31.693102212907192 ], [ -106.34283282865421, 31.693102212907192 ], [ -106.34283282865421, 31.693371707492428 ], [ -106.343102323239435, 31.693371707492428 ] ], [ [ -106.34283282865421, 31.693102212907192 ], [ -106.34283282865421, 31.692832718321956 ], [ -106.34256333406897, 31.692832718321956 ], [ -106.34256333406897, 31.693102212907192 ], [ -106.34283282865421, 31.693102212907192 ] ] ] ] } },
{ "type": "Feature", "properties": { "ZONA_MET": "Ju_rez", "INTENSIDAD": "Intensa", "T_PROM_POL": 3.0, "T_MIN_CIUD": 1.0, "DIF_TERMIC": 2.0 }, "geometry": { "type": "MultiPolygon", "coordinates": [ [ [ [ -106.45655954362374, 31.692024234566251 ], [ -106.455751059868035, 31.692024234566251 ], [ -106.455751059868035, 31.690946256225306 ], [ -106.456020554453261, 31.690946256225306 ], [ -106.456020554453261, 31.69067676164007 ], [ -106.45655954362374, 31.69067676164007 ], [ -106.45655954362374, 31.690946256225306 ], [ -106.457098532794205, 31.690946256225306 ], [ -106.457098532794205, 31.690407267054834 ], [ -106.457368027379445, 31.690407267054834 ], [ -106.457368027379445, 31.69067676164007 ], [ -106.457637521964685, 31.69067676164007 ], [ -106.457637521964685, 31.690407267054834 ], [ -106.45790701654991, 31.690407267054834 ], [ -106.45790701654991, 31.690946256225306 ], [ -106.457368027379445, 31.690946256225306 ], [ -106.457368027379445, 31.691754739981015 ], [ -106.457098532794205, 31.691754739981015 ], [ -106.457098532794205, 31.691215750810542 ], [ -106.45655954362374, 31.691215750810542 ], [ -106.45655954362374, 31.692024234566251 ] ] ] ] } },
{ "type": "Feature", "properties": { "ZONA_MET": "Ju_rez", "INTENSIDAD": "Intensa", "T_PROM_POL": 3.0, "T_MIN_CIUD": 1.0, "DIF_TERMIC": 2.0 }, "geometry": { "type": "MultiPolygon", "coordinates": [ [ [ [ -106.399157196968503, 31.692024234566251 ], [ -106.398887702383263, 31.692024234566251 ], [ -106.398887702383263, 31.691754739981015 ], [ -106.398348713212798, 31.691754739981015 ], [ -106.398348713212798, 31.691485245395778 ], [ -106.398079218627558, 31.691485245395778 ], [ -106.398079218627558, 31.691215750810542 ], [ -106.398618207798023, 31.691215750810542 ], [ -106.398618207798023, 31.691485245395778 ], [ -106.398887702383263, 31.691485245395778 ], [ -106.398887702383263, 31.691215750810542 ], [ -106.399426691553728, 31.691215750810542 ], [ -106.399426691553728, 31.690407267054834 ], [ -106.401043659065152, 31.690407267054834 ], [ -106.401043659065152, 31.69067676164007 ], [ -106.401582648235618, 31.69067676164007 ], [ -106.401582648235618, 31.690946256225306 ], [ -106.401043659065152, 31.690946256225306 ], [ -106.401043659065152, 31.691215750810542 ], [ -106.400774164479913, 31.691215750810542 ], [ -106.400774164479913, 31.691485245395778 ], [ -106.400504669894673, 31.691485245395778 ], [ -106.400504669894673, 31.691215750810542 ], [ -106.399696186138968, 31.691215750810542 ], [ -106.399696186138968, 31.691485245395778 ], [ -106.399157196968503, 31.691485245395778 ], [ -106.399157196968503, 31.692024234566251 ] ], [ [ -106.399965680724208, 31.690946256225306 ], [ -106.399965680724208, 31.69067676164007 ], [ -106.399696186138968, 31.69067676164007 ], [ -106.399696186138968, 31.690946256225306 ], [ -106.399965680724208, 31.690946256225306 ] ] ] ] } },
{ "type": "Feature", "properties": { "ZONA_MET": "Ju_rez", "INTENSIDAD": "Extrema", "T_PROM_POL": 3.0, "T_MIN_CIUD": 1.0, "DIF_TERMIC": 2.0 }, "geometry": { "type": "MultiPolygon", "coordinates": [ [ [ [ -106.338520915290431, 31.693102212907192 ], [ -106.337981926119966, 31.693102212907192 ], [ -106.337981926119966, 31.69256322373672 ], [ -106.338251420705191, 31.69256322373672 ], [ -106.338251420705191, 31.692293729151487 ], [ -106.337981926119966, 31.692293729151487 ], [ -106.337981926119966, 31.692024234566251 ], [ -106.337712431534726, 31.692024234566251 ], [ -106.337712431534726, 31.691754739981015 ], [ -106.337442936949486, 31.691754739981015 ], [ -106.337442936949486, 31.692024234566251 ], [ -106.337173442364247, 31.692024234566251 ], [ -106.337173442364247, 31.691754739981015 ], [ -106.336903947779021, 31.691754739981015 ], [ -106.336903947779021, 31.690407267054834 ], [ -106.337173442364247, 31.690407267054834 ], [ -106.337173442364247, 31.690137772469598 ], [ -106.338790409875671, 31.690137772469598 ], [ -106.338790409875671, 31.690407267054834 ], [ -106.338251420705191, 31.690407267054834 ], [ -106.338251420705191, 31.690946256225306 ], [ -106.337981926119966, 31.690946256225306 ], [ -106.337981926119966, 31.691215750810542 ], [ -106.339059904460896, 31.691215750810542 ], [ -106.339059904460896, 31.692832718321956 ], [ -106.338520915290431, 31.692832718321956 ], [ -106.338520915290431, 31.693102212907192 ] ] ] ] } },
{ "type": "Feature", "properties": { "ZONA_MET": "Ju_rez", "INTENSIDAD": "Extrema", "T_PROM_POL": 4.0, "T_MIN_CIUD": 1.0, "DIF_TERMIC": 2.0 }, "geometry": { "type": "MultiPolygon", "coordinates": [ [ [ [ -106.38622145687718, 31.691754739981015 ], [ -106.385682467706701, 31.691754739981015 ], [ -106.385682467706701, 31.690946256225306 ], [ -106.385951962291941, 31.690946256225306 ], [ -106.385951962291941, 31.69067676164007 ], [ -106.385682467706701, 31.69067676164007 ], [ -106.385682467706701, 31.690407267054834 ], [ -106.385951962291941, 31.690407267054834 ], [ -106.385951962291941, 31.689868277884361 ], [ -106.38649095146242, 31.689868277884361 ], [ -106.38649095146242, 31.690407267054834 ], [ -106.386760446047646, 31.690407267054834 ], [ -106.386760446047646, 31.690946256225306 ], [ -106.38649095146242, 31.690946256225306 ], [ -106.38649095146242, 31.691215750810542 ], [ -106.38622145687718, 31.691215750810542 ], [ -106.38622145687718, 31.691754739981015 ] ] ] ] } },
{ "type": "Feature", "properties": { "ZONA_MET": "Ju_rez", "INTENSIDAD": "Intensa", "T_PROM_POL": 3.0, "T_MIN_CIUD": 1.0, "DIF_TERMIC": 2.0 }, "geometry": { "type": "MultiPolygon", "coordinates": [ [ [ [ -106.389455391900015, 31.691485245395778 ], [ -106.38837741355907, 31.691485245395778 ], [ -106.38837741355907, 31.691215750810542 ], [ -106.389185897314775, 31.691215750810542 ], [ -106.389185897314775, 31.690946256225306 ], [ -106.388916402729535, 31.690946256225306 ], [ -106.388916402729535, 31.690407267054834 ], [ -106.38810791897383, 31.690407267054834 ], [ -106.38810791897383, 31.689868277884361 ], [ -106.388916402729535, 31.689868277884361 ], [ -106.388916402729535, 31.690137772469598 ], [ -106.389185897314775, 31.690137772469598 ], [ -106.389185897314775, 31.689868277884361 ], [ -106.389455391900015, 31.689868277884361 ], [ -106.389455391900015, 31.690137772469598 ], [ -106.38972488648524, 31.690137772469598 ], [ -106.38972488648524, 31.690407267054834 ], [ -106.389455391900015, 31.690407267054834 ], [ -106.389455391900015, 31.691485245395778 ] ] ] ] } },
{ "type": "Feature", "properties": { "ZONA_MET": "Ju_rez", "INTENSIDAD": "Intensa", "T_PROM_POL": 3.0, "T_MIN_CIUD": 1.0, "DIF_TERMIC": 2.0 }, "geometry": { "type": "MultiPolygon", "coordinates": [ [ [ [ -106.462757919084154, 31.691485245395778 ], [ -106.462218929913689, 31.691485245395778 ], [ -106.462218929913689, 31.691215750810542 ], [ -106.462488424498929, 31.691215750810542 ], [ -106.462488424498929, 31.690946256225306 ], [ -106.461949435328449, 31.690946256225306 ], [ -106.461949435328449, 31.691215750810542 ], [ -106.461410446157984, 31.691215750810542 ], [ -106.461410446157984, 31.690946256225306 ], [ -106.45979347864656, 31.690946256225306 ], [ -106.45979347864656, 31.689868277884361 ], [ -106.46033246781704, 31.689868277884361 ], [ -106.46033246781704, 31.689598783299125 ], [ -106.460871456987505, 31.689598783299125 ], [ -106.460871456987505, 31.690137772469598 ], [ -106.46033246781704, 31.690137772469598 ], [ -106.46033246781704, 31.690407267054834 ], [ -106.460601962402279, 31.690407267054834 ], [ -106.460601962402279, 31.69067676164007 ], [ -106.460871456987505, 31.69067676164007 ], [ -106.460871456987505, 31.690407267054834 ], [ -106.461140951572744, 31.690407267054834 ], [ -106.461140951572744, 31.690137772469598 ], [ -106.461410446157984, 31.690137772469598 ], [ -106.461410446157984, 31.690407267054834 ], [ -106.462218929913689, 31.690407267054834 ], [ -106.462218929913689, 31.69067676164007 ], [ -106.462757919084154, 31.69067676164007 ], [ -106.462757919084154, 31.691485245395778 ] ], [ [ -106.461679940743224, 31.690946256225306 ], [ -106.461679940743224, 31.69067676164007 ], [ -106.461410446157984, 31.69067676164007 ], [ -106.461410446157984, 31.690946256225306 ], [ -106.461679940743224, 31.690946256225306 ] ] ] ] } },
{ "type": "Feature", "properties": { "ZONA_MET": "Ju_rez", "INTENSIDAD": "Extrema", "T_PROM_POL": 3.0, "T_MIN_CIUD": 1.0, "DIF_TERMIC": 2.0 }, "geometry": { "type": "MultiPolygon", "coordinates": [ [ [ [ -106.38837741355907, 31.691485245395778 ], [ -106.387299435218125, 31.691485245395778 ], [ -106.387299435218125, 31.691215750810542 ], [ -106.387029940632885, 31.691215750810542 ], [ -106.387029940632885, 31.691485245395778 ], [ -106.386760446047646, 31.691485245395778 ], [ -106.386760446047646, 31.690946256225306 ], [ -106.387029940632885, 31.690946256225306 ], [ -106.387029940632885, 31.69067676164007 ], [ -106.387299435218125, 31.69067676164007 ], [ -106.387299435218125, 31.689598783299125 ], [ -106.38783842438859, 31.689598783299125 ], [ -106.38783842438859, 31.690137772469598 ], [ -106.387568929803351, 31.690137772469598 ], [ -106.387568929803351, 31.690946256225306 ], [ -106.38783842438859, 31.690946256225306 ], [ -106.38783842438859, 31.691215750810542 ], [ -106.38837741355907, 31.691215750810542 ], [ -106.38837741355907, 31.691485245395778 ] ] ] ] } },
{ "type": "Feature", "properties": { "ZONA_MET": "Ju_rez", "INTENSIDAD": "Intensa", "T_PROM_POL": 3.0, "T_MIN_CIUD": 1.0, "DIF_TERMIC": 2.0 }, "geometry": { "type": "MultiPolygon", "coordinates": [ [ [ [ -106.384873983950996, 31.691754739981015 ], [ -106.384604489365756, 31.691754739981015 ], [ -106.384604489365756, 31.691485245395778 ], [ -106.382987521854346, 31.691485245395778 ], [ -106.382987521854346, 31.691215750810542 ], [ -106.382718027269107, 31.691215750810542 ], [ -106.382718027269107, 31.69067676164007 ], [ -106.382448532683881, 31.69067676164007 ], [ -106.382448532683881, 31.690407267054834 ], [ -106.382718027269107, 31.690407267054834 ], [ -106.382718027269107, 31.690137772469598 ], [ -106.381640048928162, 31.690137772469598 ], [ -106.381640048928162, 31.689329288713889 ], [ -106.381909543513402, 31.689329288713889 ], [ -106.381909543513402, 31.689868277884361 ], [ -106.382179038098641, 31.689868277884361 ], [ -106.382179038098641, 31.689329288713889 ], [ -106.382718027269107, 31.689329288713889 ], [ -106.382718027269107, 31.689598783299125 ], [ -106.382987521854346, 31.689598783299125 ], [ -106.382987521854346, 31.689868277884361 ], [ -106.383526511024826, 31.689868277884361 ], [ -106.383526511024826, 31.690137772469598 ], [ -106.384334994780531, 31.690137772469598 ], [ -106.384334994780531, 31.689868277884361 ], [ -106.384604489365756, 31.689868277884361 ], [ -106.384604489365756, 31.689598783299125 ], [ -106.384873983950996, 31.689598783299125 ], [ -106.384873983950996, 31.690407267054834 ], [ -106.384604489365756, 31.690407267054834 ], [ -106.384604489365756, 31.690946256225306 ], [ -106.384873983950996, 31.690946256225306 ], [ -106.384873983950996, 31.691754739981015 ] ] ] ] } },
{ "type": "Feature", "properties": { "ZONA_MET": "Ju_rez", "INTENSIDAD": "Intensa", "T_PROM_POL": 3.0, "T_MIN_CIUD": 1.0, "DIF_TERMIC": 2.0 }, "geometry": { "type": "MultiPolygon", "coordinates": [ [ [ [ -106.438772900998174, 31.690946256225306 ], [ -106.437694922657229, 31.690946256225306 ], [ -106.437694922657229, 31.69067676164007 ], [ -106.43742542807199, 31.69067676164007 ], [ -106.43742542807199, 31.690137772469598 ], [ -106.436886438901524, 31.690137772469598 ], [ -106.436886438901524, 31.689868277884361 ], [ -106.43715593348675, 31.689868277884361 ], [ -106.43715593348675, 31.689598783299125 ], [ -106.436886438901524, 31.689598783299125 ], [ -106.436886438901524, 31.689329288713889 ], [ -106.43715593348675, 31.689329288713889 ], [ -106.43715593348675, 31.689059794128656 ], [ -106.43742542807199, 31.689059794128656 ], [ -106.43742542807199, 31.68879029954342 ], [ -106.437694922657229, 31.68879029954342 ], [ -106.437694922657229, 31.689329288713889 ], [ -106.437964417242469, 31.689329288713889 ], [ -106.437964417242469, 31.690137772469598 ], [ -106.438772900998174, 31.690137772469598 ], [ -106.438772900998174, 31.689868277884361 ], [ -106.4390423955834, 31.689868277884361 ], [ -106.4390423955834, 31.690137772469598 ], [ -106.439311890168639, 31.690137772469598 ], [ -106.439311890168639, 31.690407267054834 ], [ -106.438772900998174, 31.690407267054834 ], [ -106.438772900998174, 31.690946256225306 ] ] ] ] } },
{ "type": "Feature", "properties": { "ZONA_MET": "Ju_rez", "INTENSIDAD": "Intensa", "T_PROM_POL": 3.0, "T_MIN_CIUD": 1.0, "DIF_TERMIC": 2.0 }, "geometry": { "type": "MultiPolygon", "coordinates": [ [ [ [ -106.404277594087986, 31.696336147930023 ], [ -106.403469110332267, 31.696336147930023 ], [ -106.403469110332267, 31.696066653344786 ], [ -106.403738604917507, 31.696066653344786 ], [ -106.403738604917507, 31.69579715875955 ], [ -106.404008099502747, 31.69579715875955 ], [ -106.404008099502747, 31.695527664174314 ], [ -106.404277594087986, 31.695527664174314 ], [ -106.404277594087986, 31.694719180418609 ], [ -106.404547088673212, 31.694719180418609 ], [ -106.404547088673212, 31.694449685833373 ], [ -106.404277594087986, 31.694449685833373 ], [ -106.404277594087986, 31.694180191248137 ], [ -106.404547088673212, 31.694180191248137 ], [ -106.404547088673212, 31.693910696662901 ], [ -106.404277594087986, 31.693910696662901 ], [ -106.404277594087986, 31.693371707492428 ], [ -106.404547088673212, 31.693371707492428 ], [ -106.404547088673212, 31.693102212907192 ], [ -106.404816583258452, 31.693102212907192 ], [ -106.404816583258452, 31.692024234566251 ], [ -106.405086077843691, 31.692024234566251 ], [ -106.405086077843691, 31.691485245395778 ], [ -106.404547088673212, 31.691485245395778 ], [ -106.404547088673212, 31.690407267054834 ], [ -106.404816583258452, 31.690407267054834 ], [ -106.404816583258452, 31.689868277884361 ], [ -106.404547088673212, 31.689868277884361 ], [ -106.404547088673212, 31.689598783299125 ], [ -106.405086077843691, 31.689598783299125 ], [ -106.405086077843691, 31.689329288713889 ], [ -106.405355572428917, 31.689329288713889 ], [ -106.405355572428917, 31.68879029954342 ], [ -106.405625067014157, 31.68879029954342 ], [ -106.405625067014157, 31.689059794128656 ], [ -106.405894561599396, 31.689059794128656 ], [ -106.405894561599396, 31.689868277884361 ], [ -106.406433550769862, 31.689868277884361 ], [ -106.406433550769862, 31.690137772469598 ], [ -106.406164056184636, 31.690137772469598 ], [ -106.406164056184636, 31.690407267054834 ], [ -106.405894561599396, 31.690407267054834 ], [ -106.405894561599396, 31.69067676164007 ], [ -106.405625067014157, 31.69067676164007 ], [ -106.405625067014157, 31.691215750810542 ], [ -106.405355572428917, 31.691215750810542 ], [ -106.405355572428917, 31.691485245395778 ], [ -106.405625067014157, 31.691485245395778 ], [ -106.405625067014157, 31.692024234566251 ], [ -106.405894561599396, 31.692024234566251 ], [ -106.405894561599396, 31.692832718321956 ], [ -106.406164056184636, 31.692832718321956 ], [ -106.406164056184636, 31.693641202077664 ], [ -106.405894561599396, 31.693641202077664 ], [ -106.405894561599396, 31.694180191248137 ], [ -106.405625067014157, 31.694180191248137 ], [ -106.405625067014157, 31.695258169589081 ], [ -106.406433550769862, 31.695258169589081 ], [ -106.406433550769862, 31.695527664174314 ], [ -106.406703045355101, 31.695527664174314 ], [ -106.406703045355101, 31.69579715875955 ], [ -106.406164056184636, 31.69579715875955 ], [ -106.406164056184636, 31.695527664174314 ], [ -106.405625067014157, 31.695527664174314 ], [ -106.405625067014157, 31.69579715875955 ], [ -106.404547088673212, 31.69579715875955 ], [ -106.404547088673212, 31.696066653344786 ], [ -106.404277594087986, 31.696066653344786 ], [ -106.404277594087986, 31.696336147930023 ] ], [ [ -106.405086077843691, 31.694449685833373 ], [ -106.405086077843691, 31.694180191248137 ], [ -106.404816583258452, 31.694180191248137 ], [ -106.404816583258452, 31.694449685833373 ], [ -106.405086077843691, 31.694449685833373 ] ], [ [ -106.405625067014157, 31.692832718321956 ], [ -106.405625067014157, 31.69256322373672 ], [ -106.405355572428917, 31.69256322373672 ], [ -106.405355572428917, 31.692832718321956 ], [ -106.405625067014157, 31.692832718321956 ] ] ] ] } },
{ "type": "Feature", "properties": { "ZONA_MET": "Ju_rez", "INTENSIDAD": "Intensa", "T_PROM_POL": 3.0, "T_MIN_CIUD": 1.0, "DIF_TERMIC": 2.0 }, "geometry": { "type": "MultiPolygon", "coordinates": [ [ [ [ -106.374902684297268, 31.692832718321956 ], [ -106.374363695126803, 31.692832718321956 ], [ -106.374363695126803, 31.69256322373672 ], [ -106.374094200541563, 31.69256322373672 ], [ -106.374094200541563, 31.692832718321956 ], [ -106.373824705956324, 31.692832718321956 ], [ -106.373824705956324, 31.69256322373672 ], [ -106.373555211371098, 31.69256322373672 ], [ -106.373555211371098, 31.692293729151487 ], [ -106.374902684297268, 31.692293729151487 ], [ -106.374902684297268, 31.692024234566251 ], [ -106.374633189712043, 31.692024234566251 ], [ -106.374633189712043, 31.691754739981015 ], [ -106.374094200541563, 31.691754739981015 ], [ -106.374094200541563, 31.691485245395778 ], [ -106.373555211371098, 31.691485245395778 ], [ -106.373555211371098, 31.691215750810542 ], [ -106.372746727615379, 31.691215750810542 ], [ -106.372746727615379, 31.690946256225306 ], [ -106.373285716785858, 31.690946256225306 ], [ -106.373285716785858, 31.69067676164007 ], [ -106.372746727615379, 31.69067676164007 ], [ -106.372746727615379, 31.690137772469598 ], [ -106.373016222200619, 31.690137772469598 ], [ -106.373016222200619, 31.690407267054834 ], [ -106.373285716785858, 31.690407267054834 ], [ -106.373285716785858, 31.689598783299125 ], [ -106.374363695126803, 31.689598783299125 ], [ -106.374363695126803, 31.689329288713889 ], [ -106.373555211371098, 31.689329288713889 ], [ -106.373555211371098, 31.689059794128656 ], [ -106.373285716785858, 31.689059794128656 ], [ -106.373285716785858, 31.689329288713889 ], [ -106.373016222200619, 31.689329288713889 ], [ -106.373016222200619, 31.689598783299125 ], [ -106.372746727615379, 31.689598783299125 ], [ -106.372746727615379, 31.68879029954342 ], [ -106.373555211371098, 31.68879029954342 ], [ -106.373555211371098, 31.688520804958184 ], [ -106.373824705956324, 31.688520804958184 ], [ -106.373824705956324, 31.68879029954342 ], [ -106.374094200541563, 31.68879029954342 ], [ -106.374094200541563, 31.689059794128656 ], [ -106.375172178882508, 31.689059794128656 ], [ -106.375172178882508, 31.689329288713889 ], [ -106.375980662638213, 31.689329288713889 ], [ -106.375980662638213, 31.689598783299125 ], [ -106.375441673467748, 31.689598783299125 ], [ -106.375441673467748, 31.689868277884361 ], [ -106.376519651808692, 31.689868277884361 ], [ -106.376519651808692, 31.690137772469598 ], [ -106.375711168052973, 31.690137772469598 ], [ -106.375711168052973, 31.690407267054834 ], [ -106.375441673467748, 31.690407267054834 ], [ -106.375441673467748, 31.69067676164007 ], [ -106.375172178882508, 31.69067676164007 ], [ -106.375172178882508, 31.691485245395778 ], [ -106.374902684297268, 31.691485245395778 ], [ -106.374902684297268, 31.691754739981015 ], [ -106.375441673467748, 31.691754739981015 ], [ -106.375441673467748, 31.692024234566251 ], [ -106.375172178882508, 31.692024234566251 ], [ -106.375172178882508, 31.69256322373672 ], [ -106.374902684297268, 31.69256322373672 ], [ -106.374902684297268, 31.692832718321956 ] ], [ [ -106.374094200541563, 31.691215750810542 ], [ -106.374094200541563, 31.690946256225306 ], [ -106.374363695126803, 31.690946256225306 ], [ -106.374363695126803, 31.69067676164007 ], [ -106.374902684297268, 31.69067676164007 ], [ -106.374902684297268, 31.689868277884361 ], [ -106.374363695126803, 31.689868277884361 ], [ -106.374363695126803, 31.690137772469598 ], [ -106.373824705956324, 31.690137772469598 ], [ -106.373824705956324, 31.690407267054834 ], [ -106.373555211371098, 31.690407267054834 ], [ -106.373555211371098, 31.690946256225306 ], [ -106.373824705956324, 31.690946256225306 ], [ -106.373824705956324, 31.691215750810542 ], [ -106.374094200541563, 31.691215750810542 ] ] ] ] } },
{ "type": "Feature", "properties": { "ZONA_MET": "Ju_rez", "INTENSIDAD": "Intensa", "T_PROM_POL": 3.0, "T_MIN_CIUD": 1.0, "DIF_TERMIC": 2.0 }, "geometry": { "type": "MultiPolygon", "coordinates": [ [ [ [ -106.41074546413364, 31.69067676164007 ], [ -106.410206474963175, 31.69067676164007 ], [ -106.410206474963175, 31.690407267054834 ], [ -106.410475969548401, 31.690407267054834 ], [ -106.410475969548401, 31.690137772469598 ], [ -106.410206474963175, 31.690137772469598 ], [ -106.410206474963175, 31.689598783299125 ], [ -106.409936980377935, 31.689598783299125 ], [ -106.409936980377935, 31.689868277884361 ], [ -106.40912849662223, 31.689868277884361 ], [ -106.40912849662223, 31.690137772469598 ], [ -106.408589507451751, 31.690137772469598 ], [ -106.408589507451751, 31.689868277884361 ], [ -106.408859002036991, 31.689868277884361 ], [ -106.408859002036991, 31.689598783299125 ], [ -106.40912849662223, 31.689598783299125 ], [ -106.40912849662223, 31.687981815787712 ], [ -106.41074546413364, 31.687981815787712 ], [ -106.41074546413364, 31.688251310372948 ], [ -106.41101495871888, 31.688251310372948 ], [ -106.41101495871888, 31.68879029954342 ], [ -106.411284453304106, 31.68879029954342 ], [ -106.411284453304106, 31.689329288713889 ], [ -106.41101495871888, 31.689329288713889 ], [ -106.41101495871888, 31.689598783299125 ], [ -106.410475969548401, 31.689598783299125 ], [ -106.410475969548401, 31.689868277884361 ], [ -106.41074546413364, 31.689868277884361 ], [ -106.41074546413364, 31.69067676164007 ] ] ] ] } },
{ "type": "Feature", "properties": { "ZONA_MET": "Ju_rez", "INTENSIDAD": "Intensa", "T_PROM_POL": 3.0, "T_MIN_CIUD": 1.0, "DIF_TERMIC": 2.0 }, "geometry": { "type": "MultiPolygon", "coordinates": [ [ [ [ -106.339329399046136, 31.698761599197145 ], [ -106.339059904460896, 31.698761599197145 ], [ -106.339059904460896, 31.697683620856203 ], [ -106.338790409875671, 31.697683620856203 ], [ -106.338790409875671, 31.697414126270967 ], [ -106.338520915290431, 31.697414126270967 ], [ -106.338520915290431, 31.696875137100495 ], [ -106.338251420705191, 31.696875137100495 ], [ -106.338251420705191, 31.696336147930023 ], [ -106.337981926119966, 31.696336147930023 ], [ -106.337981926119966, 31.69579715875955 ], [ -106.337712431534726, 31.69579715875955 ], [ -106.337712431534726, 31.695258169589081 ], [ -106.337442936949486, 31.695258169589081 ], [ -106.337442936949486, 31.694449685833373 ], [ -106.337173442364247, 31.694449685833373 ], [ -106.337173442364247, 31.694180191248137 ], [ -106.336903947779021, 31.694180191248137 ], [ -106.336903947779021, 31.693641202077664 ], [ -106.337442936949486, 31.693641202077664 ], [ -106.337442936949486, 31.693371707492428 ], [ -106.337173442364247, 31.693371707492428 ], [ -106.337173442364247, 31.693102212907192 ], [ -106.337442936949486, 31.693102212907192 ], [ -106.337442936949486, 31.692832718321956 ], [ -106.337712431534726, 31.692832718321956 ], [ -106.337712431534726, 31.69256322373672 ], [ -106.336903947779021, 31.69256322373672 ], [ -106.336903947779021, 31.692293729151487 ], [ -106.337173442364247, 31.692293729151487 ], [ -106.337173442364247, 31.692024234566251 ], [ -106.337442936949486, 31.692024234566251 ], [ -106.337442936949486, 31.692293729151487 ], [ -106.337712431534726, 31.692293729151487 ], [ -106.337712431534726, 31.692024234566251 ], [ -106.337981926119966, 31.692024234566251 ], [ -106.337981926119966, 31.693102212907192 ], [ -106.338520915290431, 31.693102212907192 ], [ -106.338520915290431, 31.692832718321956 ], [ -106.339059904460896, 31.692832718321956 ], [ -106.339059904460896, 31.691485245395778 ], [ -106.339329399046136, 31.691485245395778 ], [ -106.339329399046136, 31.690946256225306 ], [ -106.339059904460896, 31.690946256225306 ], [ -106.339059904460896, 31.69067676164007 ], [ -106.338790409875671, 31.69067676164007 ], [ -106.338790409875671, 31.690137772469598 ], [ -106.339329399046136, 31.690137772469598 ], [ -106.339329399046136, 31.689868277884361 ], [ -106.339059904460896, 31.689868277884361 ], [ -106.339059904460896, 31.689598783299125 ], [ -106.339329399046136, 31.689598783299125 ], [ -106.339329399046136, 31.68879029954342 ], [ -106.339059904460896, 31.68879029954342 ], [ -106.339059904460896, 31.688520804958184 ], [ -106.338790409875671, 31.688520804958184 ], [ -106.338790409875671, 31.688251310372948 ], [ -106.339059904460896, 31.688251310372948 ], [ -106.339059904460896, 31.687712321202476 ], [ -106.339329399046136, 31.687712321202476 ], [ -106.339329399046136, 31.687442826617239 ], [ -106.340137882801841, 31.687442826617239 ], [ -106.340137882801841, 31.687173332032003 ], [ -106.340407377387081, 31.687173332032003 ], [ -106.340407377387081, 31.687442826617239 ], [ -106.34067687197232, 31.687442826617239 ], [ -106.34067687197232, 31.687981815787712 ], [ -106.34094636655756, 31.687981815787712 ], [ -106.34094636655756, 31.688251310372948 ], [ -106.341485355728025, 31.688251310372948 ], [ -106.341485355728025, 31.689598783299125 ], [ -106.34229383948373, 31.689598783299125 ], [ -106.34229383948373, 31.689329288713889 ], [ -106.342024344898491, 31.689329288713889 ], [ -106.342024344898491, 31.689059794128656 ], [ -106.341754850313265, 31.689059794128656 ], [ -106.341754850313265, 31.688251310372948 ], [ -106.342024344898491, 31.688251310372948 ], [ -106.342024344898491, 31.687981815787712 ], [ -106.343102323239435, 31.687981815787712 ], [ -106.343102323239435, 31.686903837446767 ], [ -106.343371817824675, 31.686903837446767 ], [ -106.343371817824675, 31.687712321202476 ], [ -106.343641312409915, 31.687712321202476 ], [ -106.343641312409915, 31.687981815787712 ], [ -106.343910806995154, 31.687981815787712 ], [ -106.343910806995154, 31.688520804958184 ], [ -106.34418030158038, 31.688520804958184 ], [ -106.34418030158038, 31.689329288713889 ], [ -106.34444979616562, 31.689329288713889 ], [ -106.34444979616562, 31.689868277884361 ], [ -106.344719290750859, 31.689868277884361 ], [ -106.344719290750859, 31.690407267054834 ], [ -106.344988785336085, 31.690407267054834 ], [ -106.344988785336085, 31.690946256225306 ], [ -106.345258279921325, 31.690946256225306 ], [ -106.345258279921325, 31.691754739981015 ], [ -106.345527774506564, 31.691754739981015 ], [ -106.345527774506564, 31.692024234566251 ], [ -106.345797269091804, 31.692024234566251 ], [ -106.345797269091804, 31.69256322373672 ], [ -106.345258279921325, 31.69256322373672 ], [ -106.345258279921325, 31.693371707492428 ], [ -106.345797269091804, 31.693371707492428 ], [ -106.345797269091804, 31.692832718321956 ], [ -106.34606676367703, 31.692832718321956 ], [ -106.34606676367703, 31.693910696662901 ], [ -106.346336258262269, 31.693910696662901 ], [ -106.346336258262269, 31.694719180418609 ], [ -106.34606676367703, 31.694719180418609 ], [ -106.34606676367703, 31.694449685833373 ], [ -106.345527774506564, 31.694449685833373 ], [ -106.345527774506564, 31.693910696662901 ], [ -106.344719290750859, 31.693910696662901 ], [ -106.344719290750859, 31.694180191248137 ], [ -106.34444979616562, 31.694180191248137 ], [ -106.34444979616562, 31.693910696662901 ], [ -106.34418030158038, 31.693910696662901 ], [ -106.34418030158038, 31.694449685833373 ], [ -106.343910806995154, 31.694449685833373 ], [ -106.343910806995154, 31.694719180418609 ], [ -106.343371817824675, 31.694719180418609 ], [ -106.343371817824675, 31.694180191248137 ], [ -106.34283282865421, 31.694180191248137 ], [ -106.34283282865421, 31.693641202077664 ], [ -106.343102323239435, 31.693641202077664 ], [ -106.343102323239435, 31.693371707492428 ], [ -106.343910806995154, 31.693371707492428 ], [ -106.343910806995154, 31.693102212907192 ], [ -106.34444979616562, 31.693102212907192 ], [ -106.34444979616562, 31.690946256225306 ], [ -106.34418030158038, 31.690946256225306 ], [ -106.34418030158038, 31.690407267054834 ], [ -106.34283282865421, 31.690407267054834 ], [ -106.34283282865421, 31.69067676164007 ], [ -106.34256333406897, 31.69067676164007 ], [ -106.34256333406897, 31.690946256225306 ], [ -106.34229383948373, 31.690946256225306 ], [ -106.34229383948373, 31.692293729151487 ], [ -106.341754850313265, 31.692293729151487 ], [ -106.341754850313265, 31.69256322373672 ], [ -106.34094636655756, 31.69256322373672 ], [ -106.34094636655756, 31.692832718321956 ], [ -106.34067687197232, 31.692832718321956 ], [ -106.34067687197232, 31.693371707492428 ], [ -106.340407377387081, 31.693371707492428 ], [ -106.340407377387081, 31.693641202077664 ], [ -106.339598893631376, 31.693641202077664 ], [ -106.339598893631376, 31.693910696662901 ], [ -106.339059904460896, 31.693910696662901 ], [ -106.339059904460896, 31.693641202077664 ], [ -106.338520915290431, 31.693641202077664 ], [ -106.338520915290431, 31.694180191248137 ], [ -106.338790409875671, 31.694180191248137 ], [ -106.338790409875671, 31.694449685833373 ], [ -106.339059904460896, 31.694449685833373 ], [ -106.339059904460896, 31.694719180418609 ], [ -106.339598893631376, 31.694719180418609 ], [ -106.339598893631376, 31.694988675003845 ], [ -106.340137882801841, 31.694988675003845 ], [ -106.340137882801841, 31.694719180418609 ], [ -106.340407377387081, 31.694719180418609 ], [ -106.340407377387081, 31.694988675003845 ], [ -106.34067687197232, 31.694988675003845 ], [ -106.34067687197232, 31.695527664174314 ], [ -106.341215861142786, 31.695527664174314 ], [ -106.341215861142786, 31.696336147930023 ], [ -106.341754850313265, 31.696336147930023 ], [ -106.341754850313265, 31.696875137100495 ], [ -106.342024344898491, 31.696875137100495 ], [ -106.342024344898491, 31.697144631685731 ], [ -106.34229383948373, 31.697144631685731 ], [ -106.34229383948373, 31.697683620856203 ], [ -106.342024344898491, 31.697683620856203 ], [ -106.342024344898491, 31.69795311544144 ], [ -106.341215861142786, 31.69795311544144 ], [ -106.341215861142786, 31.698222610026676 ], [ -106.34094636655756, 31.698222610026676 ], [ -106.34094636655756, 31.698492104611908 ], [ -106.340407377387081, 31.698492104611908 ], [ -106.340407377387081, 31.698222610026676 ], [ -106.340137882801841, 31.698222610026676 ], [ -106.340137882801841, 31.69795311544144 ], [ -106.339868388216615, 31.69795311544144 ], [ -106.339868388216615, 31.697414126270967 ], [ -106.339598893631376, 31.697414126270967 ], [ -106.339598893631376, 31.698492104611908 ], [ -106.339329399046136, 31.698492104611908 ], [ -106.339329399046136, 31.698761599197145 ] ], [ [ -106.341754850313265, 31.697683620856203 ], [ -106.341754850313265, 31.697414126270967 ], [ -106.341485355728025, 31.697414126270967 ], [ -106.341485355728025, 31.697683620856203 ], [ -106.341754850313265, 31.697683620856203 ] ], [ [ -106.34067687197232, 31.697683620856203 ], [ -106.34067687197232, 31.696875137100495 ], [ -106.34094636655756, 31.696875137100495 ], [ -106.34094636655756, 31.696336147930023 ], [ -106.34067687197232, 31.696336147930023 ], [ -106.34067687197232, 31.69579715875955 ], [ -106.340407377387081, 31.69579715875955 ], [ -106.340407377387081, 31.696875137100495 ], [ -106.340137882801841, 31.696875137100495 ], [ -106.340137882801841, 31.697683620856203 ], [ -106.34067687197232, 31.697683620856203 ] ], [ [ -106.339329399046136, 31.697144631685731 ], [ -106.339329399046136, 31.696875137100495 ], [ -106.339868388216615, 31.696875137100495 ], [ -106.339868388216615, 31.696605642515259 ], [ -106.339059904460896, 31.696605642515259 ], [ -106.339059904460896, 31.697144631685731 ], [ -106.339329399046136, 31.697144631685731 ] ], [ [ -106.338790409875671, 31.696875137100495 ], [ -106.338790409875671, 31.696605642515259 ], [ -106.338520915290431, 31.696605642515259 ], [ -106.338520915290431, 31.696875137100495 ], [ -106.338790409875671, 31.696875137100495 ] ], [ [ -106.339059904460896, 31.696336147930023 ], [ -106.339059904460896, 31.696066653344786 ], [ -106.338790409875671, 31.696066653344786 ], [ -106.338790409875671, 31.696336147930023 ], [ -106.339059904460896, 31.696336147930023 ] ], [ [ -106.338790409875671, 31.695258169589081 ], [ -106.338790409875671, 31.694719180418609 ], [ -106.338520915290431, 31.694719180418609 ], [ -106.338520915290431, 31.694988675003845 ], [ -106.338251420705191, 31.694988675003845 ], [ -106.338251420705191, 31.695258169589081 ], [ -106.338790409875671, 31.695258169589081 ] ], [ [ -106.345258279921325, 31.693641202077664 ], [ -106.345258279921325, 31.693371707492428 ], [ -106.344988785336085, 31.693371707492428 ], [ -106.344988785336085, 31.692832718321956 ], [ -106.344719290750859, 31.692832718321956 ], [ -106.344719290750859, 31.693641202077664 ], [ -106.345258279921325, 31.693641202077664 ] ], [ [ -106.338520915290431, 31.693641202077664 ], [ -106.338520915290431, 31.693371707492428 ], [ -106.337981926119966, 31.693371707492428 ], [ -106.337981926119966, 31.693641202077664 ], [ -106.338520915290431, 31.693641202077664 ] ], [ [ -106.339868388216615, 31.692832718321956 ], [ -106.339868388216615, 31.69256322373672 ], [ -106.339598893631376, 31.69256322373672 ], [ -106.339598893631376, 31.692832718321956 ], [ -106.339868388216615, 31.692832718321956 ] ], [ [ -106.345258279921325, 31.69256322373672 ], [ -106.345258279921325, 31.692024234566251 ], [ -106.344988785336085, 31.692024234566251 ], [ -106.344988785336085, 31.69256322373672 ], [ -106.345258279921325, 31.69256322373672 ] ], [ [ -106.34094636655756, 31.692293729151487 ], [ -106.34094636655756, 31.692024234566251 ], [ -106.34067687197232, 31.692024234566251 ], [ -106.34067687197232, 31.692293729151487 ], [ -106.34094636655756, 31.692293729151487 ] ], [ [ -106.339598893631376, 31.692293729151487 ], [ -106.339598893631376, 31.692024234566251 ], [ -106.339329399046136, 31.692024234566251 ], [ -106.339329399046136, 31.692293729151487 ], [ -106.339598893631376, 31.692293729151487 ] ], [ [ -106.340407377387081, 31.692024234566251 ], [ -106.340407377387081, 31.691215750810542 ], [ -106.339868388216615, 31.691215750810542 ], [ -106.339868388216615, 31.691485245395778 ], [ -106.339598893631376, 31.691485245395778 ], [ -106.339598893631376, 31.691754739981015 ], [ -106.339868388216615, 31.691754739981015 ], [ -106.339868388216615, 31.692024234566251 ], [ -106.340407377387081, 31.692024234566251 ] ], [ [ -106.34094636655756, 31.691754739981015 ], [ -106.34094636655756, 31.691485245395778 ], [ -106.341215861142786, 31.691485245395778 ], [ -106.341215861142786, 31.691215750810542 ], [ -106.34094636655756, 31.691215750810542 ], [ -106.34094636655756, 31.690946256225306 ], [ -106.34067687197232, 31.690946256225306 ], [ -106.34067687197232, 31.691754739981015 ], [ -106.34094636655756, 31.691754739981015 ] ], [ [ -106.340407377387081, 31.690946256225306 ], [ -106.340407377387081, 31.69067676164007 ], [ -106.339598893631376, 31.69067676164007 ], [ -106.339598893631376, 31.690946256225306 ], [ -106.340407377387081, 31.690946256225306 ] ], [ [ -106.34067687197232, 31.69067676164007 ], [ -106.34067687197232, 31.690137772469598 ], [ -106.340407377387081, 31.690137772469598 ], [ -106.340407377387081, 31.69067676164007 ], [ -106.34067687197232, 31.69067676164007 ] ], [ [ -106.339598893631376, 31.69067676164007 ], [ -106.339598893631376, 31.690407267054834 ], [ -106.339059904460896, 31.690407267054834 ], [ -106.339059904460896, 31.69067676164007 ], [ -106.339598893631376, 31.69067676164007 ] ], [ [ -106.343102323239435, 31.689868277884361 ], [ -106.343102323239435, 31.689598783299125 ], [ -106.34256333406897, 31.689598783299125 ], [ -106.34256333406897, 31.689868277884361 ], [ -106.343102323239435, 31.689868277884361 ] ], [ [ -106.343641312409915, 31.689598783299125 ], [ -106.343641312409915, 31.689329288713889 ], [ -106.343371817824675, 31.689329288713889 ], [ -106.343371817824675, 31.689598783299125 ], [ -106.343641312409915, 31.689598783299125 ] ], [ [ -106.341215861142786, 31.689598783299125 ], [ -106.341215861142786, 31.689329288713889 ], [ -106.34067687197232, 31.689329288713889 ], [ -106.34067687197232, 31.689598783299125 ], [ -106.341215861142786, 31.689598783299125 ] ], [ [ -106.339868388216615, 31.689598783299125 ], [ -106.339868388216615, 31.689059794128656 ], [ -106.339598893631376, 31.689059794128656 ], [ -106.339598893631376, 31.689598783299125 ], [ -106.339868388216615, 31.689598783299125 ] ], [ [ -106.343371817824675, 31.689329288713889 ], [ -106.343371817824675, 31.688520804958184 ], [ -106.343102323239435, 31.688520804958184 ], [ -106.343102323239435, 31.689329288713889 ], [ -106.343371817824675, 31.689329288713889 ] ], [ [ -106.34283282865421, 31.689329288713889 ], [ -106.34283282865421, 31.689059794128656 ], [ -106.34256333406897, 31.689059794128656 ], [ -106.34256333406897, 31.689329288713889 ], [ -106.34283282865421, 31.689329288713889 ] ], [ [ -106.341215861142786, 31.689059794128656 ], [ -106.341215861142786, 31.68879029954342 ], [ -106.34094636655756, 31.68879029954342 ], [ -106.34094636655756, 31.689059794128656 ], [ -106.341215861142786, 31.689059794128656 ] ], [ [ -106.34067687197232, 31.689059794128656 ], [ -106.34067687197232, 31.688520804958184 ], [ -106.340137882801841, 31.688520804958184 ], [ -106.340137882801841, 31.689059794128656 ], [ -106.34067687197232, 31.689059794128656 ] ], [ [ -106.339868388216615, 31.68879029954342 ], [ -106.339868388216615, 31.687981815787712 ], [ -106.339598893631376, 31.687981815787712 ], [ -106.339598893631376, 31.687712321202476 ], [ -106.339329399046136, 31.687712321202476 ], [ -106.339329399046136, 31.688251310372948 ], [ -106.339598893631376, 31.688251310372948 ], [ -106.339598893631376, 31.68879029954342 ], [ -106.339868388216615, 31.68879029954342 ] ], [ [ -106.34283282865421, 31.688520804958184 ], [ -106.34283282865421, 31.688251310372948 ], [ -106.342024344898491, 31.688251310372948 ], [ -106.342024344898491, 31.688520804958184 ], [ -106.34283282865421, 31.688520804958184 ] ], [ [ -106.34067687197232, 31.688251310372948 ], [ -106.34067687197232, 31.687981815787712 ], [ -106.340407377387081, 31.687981815787712 ], [ -106.340407377387081, 31.688251310372948 ], [ -106.34067687197232, 31.688251310372948 ] ] ] ] } },
{ "type": "Feature", "properties": { "ZONA_MET": "Ju_rez", "INTENSIDAD": "Intensa", "T_PROM_POL": 3.0, "T_MIN_CIUD": 1.0, "DIF_TERMIC": 2.0 }, "geometry": { "type": "MultiPolygon", "coordinates": [ [ [ [ -106.381640048928162, 31.686095353691062 ], [ -106.380292576001992, 31.686095353691062 ], [ -106.380292576001992, 31.685825859105826 ], [ -106.379214597661047, 31.685825859105826 ], [ -106.379214597661047, 31.686095353691062 ], [ -106.378945103075807, 31.686095353691062 ], [ -106.378945103075807, 31.685825859105826 ], [ -106.378406113905342, 31.685825859105826 ], [ -106.378406113905342, 31.68555636452059 ], [ -106.379214597661047, 31.68555636452059 ], [ -106.379214597661047, 31.685286869935354 ], [ -106.380023081416752, 31.685286869935354 ], [ -106.380023081416752, 31.68555636452059 ], [ -106.380831565172457, 31.68555636452059 ], [ -106.380831565172457, 31.685286869935354 ], [ -106.381101059757697, 31.685286869935354 ], [ -106.381101059757697, 31.68555636452059 ], [ -106.381640048928162, 31.68555636452059 ], [ -106.381640048928162, 31.686095353691062 ] ] ] ] } },
{ "type": "Feature", "properties": { "ZONA_MET": "Ju_rez", "INTENSIDAD": "Intensa", "T_PROM_POL": 3.0, "T_MIN_CIUD": 1.0, "DIF_TERMIC": 2.0 }, "geometry": { "type": "MultiPolygon", "coordinates": [ [ [ [ -106.398079218627558, 31.687712321202476 ], [ -106.397540229457078, 31.687712321202476 ], [ -106.397540229457078, 31.687442826617239 ], [ -106.397270734871853, 31.687442826617239 ], [ -106.397270734871853, 31.686903837446767 ], [ -106.397540229457078, 31.686903837446767 ], [ -106.397540229457078, 31.686634342861531 ], [ -106.397270734871853, 31.686634342861531 ], [ -106.397270734871853, 31.686364848276295 ], [ -106.397001240286613, 31.686364848276295 ], [ -106.397001240286613, 31.686095353691062 ], [ -106.396731745701373, 31.686095353691062 ], [ -106.396731745701373, 31.685286869935354 ], [ -106.397001240286613, 31.685286869935354 ], [ -106.397001240286613, 31.685017375350117 ], [ -106.397270734871853, 31.685017375350117 ], [ -106.397270734871853, 31.68555636452059 ], [ -106.397540229457078, 31.68555636452059 ], [ -106.397540229457078, 31.685825859105826 ], [ -106.397270734871853, 31.685825859105826 ], [ -106.397270734871853, 31.686095353691062 ], [ -106.397540229457078, 31.686095353691062 ], [ -106.397540229457078, 31.686364848276295 ], [ -106.397809724042318, 31.686364848276295 ], [ -106.397809724042318, 31.687442826617239 ], [ -106.398079218627558, 31.687442826617239 ], [ -106.398079218627558, 31.687712321202476 ] ] ] ] } },
{ "type": "Feature", "properties": { "ZONA_MET": "Ju_rez", "INTENSIDAD": "Intensa", "T_PROM_POL": 3.0, "T_MIN_CIUD": 1.0, "DIF_TERMIC": 2.0 }, "geometry": { "type": "MultiPolygon", "coordinates": [ [ [ [ -106.41290142081553, 31.68555636452059 ], [ -106.41236243164505, 31.68555636452059 ], [ -106.41236243164505, 31.685286869935354 ], [ -106.411823442474585, 31.685286869935354 ], [ -106.411823442474585, 31.685017375350117 ], [ -106.41074546413364, 31.685017375350117 ], [ -106.41074546413364, 31.684747880764881 ], [ -106.41263192623029, 31.684747880764881 ], [ -106.41263192623029, 31.685017375350117 ], [ -106.413440409985995, 31.685017375350117 ], [ -106.413440409985995, 31.685286869935354 ], [ -106.41290142081553, 31.685286869935354 ], [ -106.41290142081553, 31.68555636452059 ] ] ] ] } },
{ "type": "Feature", "properties": { "ZONA_MET": "Ju_rez", "INTENSIDAD": "Intensa", "T_PROM_POL": 3.0, "T_MIN_CIUD": 1.0, "DIF_TERMIC": 2.0 }, "geometry": { "type": "MultiPolygon", "coordinates": [ [ [ [ -106.404547088673212, 31.686903837446767 ], [ -106.404277594087986, 31.686903837446767 ], [ -106.404277594087986, 31.686634342861531 ], [ -106.403738604917507, 31.686634342861531 ], [ -106.403738604917507, 31.686364848276295 ], [ -106.404277594087986, 31.686364848276295 ], [ -106.404277594087986, 31.686095353691062 ], [ -106.404547088673212, 31.686095353691062 ], [ -106.404547088673212, 31.68555636452059 ], [ -106.404277594087986, 31.68555636452059 ], [ -106.404277594087986, 31.685825859105826 ], [ -106.404008099502747, 31.685825859105826 ], [ -106.404008099502747, 31.684747880764881 ], [ -106.404277594087986, 31.684747880764881 ], [ -106.404277594087986, 31.685017375350117 ], [ -106.404547088673212, 31.685017375350117 ], [ -106.404547088673212, 31.684747880764881 ], [ -106.405086077843691, 31.684747880764881 ], [ -106.405086077843691, 31.685286869935354 ], [ -106.404816583258452, 31.685286869935354 ], [ -106.404816583258452, 31.68555636452059 ], [ -106.405086077843691, 31.68555636452059 ], [ -106.405086077843691, 31.686364848276295 ], [ -106.405355572428917, 31.686364848276295 ], [ -106.405355572428917, 31.686634342861531 ], [ -106.404547088673212, 31.686634342861531 ], [ -106.404547088673212, 31.686903837446767 ] ] ] ] } },
{ "type": "Feature", "properties": { "ZONA_MET": "Ju_rez", "INTENSIDAD": "Extrema", "T_PROM_POL": 3.0, "T_MIN_CIUD": 1.0, "DIF_TERMIC": 2.0 }, "geometry": { "type": "MultiPolygon", "coordinates": [ [ [ [ -106.387299435218125, 31.68555636452059 ], [ -106.387029940632885, 31.68555636452059 ], [ -106.387029940632885, 31.685286869935354 ], [ -106.386760446047646, 31.685286869935354 ], [ -106.386760446047646, 31.684478386179645 ], [ -106.38649095146242, 31.684478386179645 ], [ -106.38649095146242, 31.684208891594409 ], [ -106.386760446047646, 31.684208891594409 ], [ -106.386760446047646, 31.683939397009173 ], [ -106.387029940632885, 31.683939397009173 ], [ -106.387029940632885, 31.684478386179645 ], [ -106.38810791897383, 31.684478386179645 ], [ -106.38810791897383, 31.684747880764881 ], [ -106.387568929803351, 31.684747880764881 ], [ -106.387568929803351, 31.685286869935354 ], [ -106.387299435218125, 31.685286869935354 ], [ -106.387299435218125, 31.68555636452059 ] ] ] ] } },
{ "type": "Feature", "properties": { "ZONA_MET": "Ju_rez", "INTENSIDAD": "Intensa", "T_PROM_POL": 3.0, "T_MIN_CIUD": 1.0, "DIF_TERMIC": 2.0 }, "geometry": { "type": "MultiPolygon", "coordinates": [ [ [ [ -106.408320012866511, 31.688520804958184 ], [ -106.407781023696046, 31.688520804958184 ], [ -106.407781023696046, 31.688251310372948 ], [ -106.406703045355101, 31.688251310372948 ], [ -106.406703045355101, 31.687712321202476 ], [ -106.406433550769862, 31.687712321202476 ], [ -106.406433550769862, 31.687981815787712 ], [ -106.405894561599396, 31.687981815787712 ], [ -106.405894561599396, 31.688251310372948 ], [ -106.405625067014157, 31.688251310372948 ], [ -106.405625067014157, 31.686634342861531 ], [ -106.406164056184636, 31.686634342861531 ], [ -106.406164056184636, 31.686364848276295 ], [ -106.405355572428917, 31.686364848276295 ], [ -106.405355572428917, 31.68555636452059 ], [ -106.405625067014157, 31.68555636452059 ], [ -106.405625067014157, 31.685825859105826 ], [ -106.406164056184636, 31.685825859105826 ], [ -106.406164056184636, 31.68555636452059 ], [ -106.406433550769862, 31.68555636452059 ], [ -106.406433550769862, 31.685286869935354 ], [ -106.405625067014157, 31.685286869935354 ], [ -106.405625067014157, 31.685017375350117 ], [ -106.406703045355101, 31.685017375350117 ], [ -106.406703045355101, 31.684747880764881 ], [ -106.407242034525581, 31.684747880764881 ], [ -106.407242034525581, 31.684478386179645 ], [ -106.407511529110806, 31.684478386179645 ], [ -106.407511529110806, 31.684208891594409 ], [ -106.407781023696046, 31.684208891594409 ], [ -106.407781023696046, 31.683939397009173 ], [ -106.408320012866511, 31.683939397009173 ], [ -106.408320012866511, 31.683669902423937 ], [ -106.408859002036991, 31.683669902423937 ], [ -106.408859002036991, 31.684208891594409 ], [ -106.409397991207456, 31.684208891594409 ], [ -106.409397991207456, 31.684478386179645 ], [ -106.409667485792696, 31.684478386179645 ], [ -106.409667485792696, 31.684208891594409 ], [ -106.409936980377935, 31.684208891594409 ], [ -106.409936980377935, 31.684747880764881 ], [ -106.410475969548401, 31.684747880764881 ], [ -106.410475969548401, 31.685017375350117 ], [ -106.410206474963175, 31.685017375350117 ], [ -106.410206474963175, 31.68555636452059 ], [ -106.408320012866511, 31.68555636452059 ], [ -106.408320012866511, 31.685825859105826 ], [ -106.408050518281286, 31.685825859105826 ], [ -106.408050518281286, 31.68555636452059 ], [ -106.407511529110806, 31.68555636452059 ], [ -106.407511529110806, 31.685825859105826 ], [ -106.407242034525581, 31.685825859105826 ], [ -106.407242034525581, 31.686634342861531 ], [ -106.408050518281286, 31.686634342861531 ], [ -106.408050518281286, 31.686903837446767 ], [ -106.407781023696046, 31.686903837446767 ], [ -106.407781023696046, 31.687173332032003 ], [ -106.408320012866511, 31.687173332032003 ], [ -106.408320012866511, 31.687442826617239 ], [ -106.408589507451751, 31.687442826617239 ], [ -106.408589507451751, 31.687981815787712 ], [ -106.408320012866511, 31.687981815787712 ], [ -106.408320012866511, 31.688520804958184 ] ] ] ] } },
{ "type": "Feature", "properties": { "ZONA_MET": "Ju_rez", "INTENSIDAD": "Intensa", "T_PROM_POL": 3.0, "T_MIN_CIUD": 1.0, "DIF_TERMIC": 2.0 }, "geometry": { "type": "MultiPolygon", "coordinates": [ [ [ [ -106.371129760103969, 31.68555636452059 ], [ -106.370590770933504, 31.68555636452059 ], [ -106.370590770933504, 31.684208891594409 ], [ -106.370051781763024, 31.684208891594409 ], [ -106.370051781763024, 31.683939397009173 ], [ -106.370321276348264, 31.683939397009173 ], [ -106.370321276348264, 31.683669902423937 ], [ -106.370860265518729, 31.683669902423937 ], [ -106.370860265518729, 31.684747880764881 ], [ -106.371399254689209, 31.684747880764881 ], [ -106.371399254689209, 31.685017375350117 ], [ -106.371129760103969, 31.685017375350117 ], [ -106.371129760103969, 31.68555636452059 ] ] ] ] } },
{ "type": "Feature", "properties": { "ZONA_MET": "Ju_rez", "INTENSIDAD": "Intensa", "T_PROM_POL": 3.0, "T_MIN_CIUD": 1.0, "DIF_TERMIC": 2.0 }, "geometry": { "type": "MultiPolygon", "coordinates": [ [ [ [ -106.430688063441096, 31.685017375350117 ], [ -106.429879579685391, 31.685017375350117 ], [ -106.429879579685391, 31.684747880764881 ], [ -106.430149074270616, 31.684747880764881 ], [ -106.430149074270616, 31.684478386179645 ], [ -106.430418568855856, 31.684478386179645 ], [ -106.430418568855856, 31.684208891594409 ], [ -106.430149074270616, 31.684208891594409 ], [ -106.430149074270616, 31.683939397009173 ], [ -106.429879579685391, 31.683939397009173 ], [ -106.429879579685391, 31.6834004078387 ], [ -106.430149074270616, 31.6834004078387 ], [ -106.430149074270616, 31.683669902423937 ], [ -106.430418568855856, 31.683669902423937 ], [ -106.430418568855856, 31.683939397009173 ], [ -106.430957558026336, 31.683939397009173 ], [ -106.430957558026336, 31.684747880764881 ], [ -106.430688063441096, 31.684747880764881 ], [ -106.430688063441096, 31.685017375350117 ] ] ] ] } },
{ "type": "Feature", "properties": { "ZONA_MET": "Ju_rez", "INTENSIDAD": "Intensa", "T_PROM_POL": 3.0, "T_MIN_CIUD": 1.0, "DIF_TERMIC": 2.0 }, "geometry": { "type": "MultiPolygon", "coordinates": [ [ [ [ -106.396731745701373, 31.685286869935354 ], [ -106.396462251116134, 31.685286869935354 ], [ -106.396462251116134, 31.684747880764881 ], [ -106.396192756530908, 31.684747880764881 ], [ -106.396192756530908, 31.684478386179645 ], [ -106.395923261945669, 31.684478386179645 ], [ -106.395923261945669, 31.683939397009173 ], [ -106.396192756530908, 31.683939397009173 ], [ -106.396192756530908, 31.6834004078387 ], [ -106.396462251116134, 31.6834004078387 ], [ -106.396462251116134, 31.683939397009173 ], [ -106.396731745701373, 31.683939397009173 ], [ -106.396731745701373, 31.684208891594409 ], [ -106.397809724042318, 31.684208891594409 ], [ -106.397809724042318, 31.684478386179645 ], [ -106.397001240286613, 31.684478386179645 ], [ -106.397001240286613, 31.684747880764881 ], [ -106.396731745701373, 31.684747880764881 ], [ -106.396731745701373, 31.685286869935354 ] ] ] ] } },
{ "type": "Feature", "properties": { "ZONA_MET": "Ju_rez", "INTENSIDAD": "Intensa", "T_PROM_POL": 3.0, "T_MIN_CIUD": 1.0, "DIF_TERMIC": 2.0 }, "geometry": { "type": "MultiPolygon", "coordinates": [ [ [ [ -106.395923261945669, 31.684747880764881 ], [ -106.395114778189964, 31.684747880764881 ], [ -106.395114778189964, 31.684208891594409 ], [ -106.394575789019484, 31.684208891594409 ], [ -106.394575789019484, 31.683939397009173 ], [ -106.394306294434259, 31.683939397009173 ], [ -106.394306294434259, 31.683130913253468 ], [ -106.394575789019484, 31.683130913253468 ], [ -106.394575789019484, 31.6834004078387 ], [ -106.394845283604724, 31.6834004078387 ], [ -106.394845283604724, 31.683669902423937 ], [ -106.395384272775203, 31.683669902423937 ], [ -106.395384272775203, 31.684478386179645 ], [ -106.395923261945669, 31.684478386179645 ], [ -106.395923261945669, 31.684747880764881 ] ] ] ] } },
{ "type": "Feature", "properties": { "ZONA_MET": "Ju_rez", "INTENSIDAD": "Intensa", "T_PROM_POL": 3.0, "T_MIN_CIUD": 1.0, "DIF_TERMIC": 2.0 }, "geometry": { "type": "MultiPolygon", "coordinates": [ [ [ [ -106.425028677151147, 31.684747880764881 ], [ -106.424759182565907, 31.684747880764881 ], [ -106.424759182565907, 31.684208891594409 ], [ -106.423950698810202, 31.684208891594409 ], [ -106.423950698810202, 31.6834004078387 ], [ -106.424489687980667, 31.6834004078387 ], [ -106.424489687980667, 31.683130913253468 ], [ -106.424220193395428, 31.683130913253468 ], [ -106.424220193395428, 31.682861418668232 ], [ -106.424759182565907, 31.682861418668232 ], [ -106.424759182565907, 31.6834004078387 ], [ -106.426106655492092, 31.6834004078387 ], [ -106.426106655492092, 31.682861418668232 ], [ -106.426645644662557, 31.682861418668232 ], [ -106.426645644662557, 31.683130913253468 ], [ -106.427454128418262, 31.683130913253468 ], [ -106.427454128418262, 31.682861418668232 ], [ -106.429071095929686, 31.682861418668232 ], [ -106.429071095929686, 31.683130913253468 ], [ -106.428801601344446, 31.683130913253468 ], [ -106.428801601344446, 31.6834004078387 ], [ -106.428262612173967, 31.6834004078387 ], [ -106.428262612173967, 31.683669902423937 ], [ -106.426645644662557, 31.683669902423937 ], [ -106.426645644662557, 31.683939397009173 ], [ -106.426106655492092, 31.683939397009173 ], [ -106.426106655492092, 31.684208891594409 ], [ -106.426376150077317, 31.684208891594409 ], [ -106.426376150077317, 31.684478386179645 ], [ -106.425298171736372, 31.684478386179645 ], [ -106.425298171736372, 31.684208891594409 ], [ -106.425028677151147, 31.684208891594409 ], [ -106.425028677151147, 31.684747880764881 ] ] ] ] } },
{ "type": "Feature", "properties": { "ZONA_MET": "Ju_rez", "INTENSIDAD": "Intensa", "T_PROM_POL": 3.0, "T_MIN_CIUD": 1.0, "DIF_TERMIC": 2.0 }, "geometry": { "type": "MultiPolygon", "coordinates": [ [ [ [ -106.386760446047646, 31.685286869935354 ], [ -106.38622145687718, 31.685286869935354 ], [ -106.38622145687718, 31.684747880764881 ], [ -106.385951962291941, 31.684747880764881 ], [ -106.385951962291941, 31.684478386179645 ], [ -106.385682467706701, 31.684478386179645 ], [ -106.385682467706701, 31.682861418668232 ], [ -106.385951962291941, 31.682861418668232 ], [ -106.385951962291941, 31.682591924082995 ], [ -106.38649095146242, 31.682591924082995 ], [ -106.38649095146242, 31.682861418668232 ], [ -106.38622145687718, 31.682861418668232 ], [ -106.38622145687718, 31.683130913253468 ], [ -106.385951962291941, 31.683130913253468 ], [ -106.385951962291941, 31.6834004078387 ], [ -106.386760446047646, 31.6834004078387 ], [ -106.386760446047646, 31.683130913253468 ], [ -106.387029940632885, 31.683130913253468 ], [ -106.387029940632885, 31.682591924082995 ], [ -106.387568929803351, 31.682591924082995 ], [ -106.387568929803351, 31.682861418668232 ], [ -106.38783842438859, 31.682861418668232 ], [ -106.38783842438859, 31.6834004078387 ], [ -106.38810791897383, 31.6834004078387 ], [ -106.38810791897383, 31.684478386179645 ], [ -106.387029940632885, 31.684478386179645 ], [ -106.387029940632885, 31.683939397009173 ], [ -106.386760446047646, 31.683939397009173 ], [ -106.386760446047646, 31.684208891594409 ], [ -106.38649095146242, 31.684208891594409 ], [ -106.38649095146242, 31.684478386179645 ], [ -106.386760446047646, 31.684478386179645 ], [ -106.386760446047646, 31.685286869935354 ] ], [ [ -106.387568929803351, 31.683130913253468 ], [ -106.387568929803351, 31.682861418668232 ], [ -106.387299435218125, 31.682861418668232 ], [ -106.387299435218125, 31.683130913253468 ], [ -106.387568929803351, 31.683130913253468 ] ] ] ] } },
{ "type": "Feature", "properties": { "ZONA_MET": "Ju_rez", "INTENSIDAD": "Extrema", "T_PROM_POL": 3.0, "T_MIN_CIUD": 1.0, "DIF_TERMIC": 2.0 }, "geometry": { "type": "MultiPolygon", "coordinates": [ [ [ [ -106.396192756530908, 31.683939397009173 ], [ -106.395923261945669, 31.683939397009173 ], [ -106.395923261945669, 31.683669902423937 ], [ -106.394845283604724, 31.683669902423937 ], [ -106.394845283604724, 31.6834004078387 ], [ -106.395114778189964, 31.6834004078387 ], [ -106.395114778189964, 31.682052934912523 ], [ -106.395653767360429, 31.682052934912523 ], [ -106.395653767360429, 31.682591924082995 ], [ -106.395384272775203, 31.682591924082995 ], [ -106.395384272775203, 31.683130913253468 ], [ -106.395923261945669, 31.683130913253468 ], [ -106.395923261945669, 31.6834004078387 ], [ -106.396192756530908, 31.6834004078387 ], [ -106.396192756530908, 31.683939397009173 ] ] ] ] } },
{ "type": "Feature", "properties": { "ZONA_MET": "Ju_rez", "INTENSIDAD": "Intensa", "T_PROM_POL": 3.0, "T_MIN_CIUD": 1.0, "DIF_TERMIC": 2.0 }, "geometry": { "type": "MultiPolygon", "coordinates": [ [ [ [ -106.404547088673212, 31.6834004078387 ], [ -106.403469110332267, 31.6834004078387 ], [ -106.403469110332267, 31.683130913253468 ], [ -106.404008099502747, 31.683130913253468 ], [ -106.404008099502747, 31.682052934912523 ], [ -106.403199615747042, 31.682052934912523 ], [ -106.403199615747042, 31.681783440327287 ], [ -106.403469110332267, 31.681783440327287 ], [ -106.403469110332267, 31.681513945742051 ], [ -106.404547088673212, 31.681513945742051 ], [ -106.404547088673212, 31.681783440327287 ], [ -106.405086077843691, 31.681783440327287 ], [ -106.405086077843691, 31.682322429497759 ], [ -106.405355572428917, 31.682322429497759 ], [ -106.405355572428917, 31.682861418668232 ], [ -106.404547088673212, 31.682861418668232 ], [ -106.404547088673212, 31.6834004078387 ] ] ] ] } },
{ "type": "Feature", "properties": { "ZONA_MET": "Ju_rez", "INTENSIDAD": "Extrema", "T_PROM_POL": 3.0, "T_MIN_CIUD": 1.0, "DIF_TERMIC": 2.0 }, "geometry": { "type": "MultiPolygon", "coordinates": [ [ [ [ -106.359271998353591, 31.682861418668232 ], [ -106.358733009183126, 31.682861418668232 ], [ -106.358733009183126, 31.682591924082995 ], [ -106.357924525427407, 31.682591924082995 ], [ -106.357924525427407, 31.682322429497759 ], [ -106.358194020012647, 31.682322429497759 ], [ -106.358194020012647, 31.681783440327287 ], [ -106.358463514597887, 31.681783440327287 ], [ -106.358463514597887, 31.681513945742051 ], [ -106.359271998353591, 31.681513945742051 ], [ -106.359271998353591, 31.682861418668232 ] ] ] ] } },
{ "type": "Feature", "properties": { "ZONA_MET": "Ju_rez", "INTENSIDAD": "Extrema", "T_PROM_POL": 3.0, "T_MIN_CIUD": 1.0, "DIF_TERMIC": 2.0 }, "geometry": { "type": "MultiPolygon", "coordinates": [ [ [ [ -106.424489687980667, 31.6834004078387 ], [ -106.423681204224962, 31.6834004078387 ], [ -106.423681204224962, 31.683130913253468 ], [ -106.423411709639723, 31.683130913253468 ], [ -106.423411709639723, 31.682591924082995 ], [ -106.422872720469258, 31.682591924082995 ], [ -106.422872720469258, 31.682052934912523 ], [ -106.422603225884018, 31.682052934912523 ], [ -106.422603225884018, 31.681244451156815 ], [ -106.422872720469258, 31.681244451156815 ], [ -106.422872720469258, 31.681513945742051 ], [ -106.423142215054497, 31.681513945742051 ], [ -106.423142215054497, 31.681244451156815 ], [ -106.423411709639723, 31.681244451156815 ], [ -106.423411709639723, 31.681513945742051 ], [ -106.423681204224962, 31.681513945742051 ], [ -106.423681204224962, 31.681783440327287 ], [ -106.423950698810202, 31.681783440327287 ], [ -106.423950698810202, 31.682052934912523 ], [ -106.424220193395428, 31.682052934912523 ], [ -106.424220193395428, 31.682322429497759 ], [ -106.424759182565907, 31.682322429497759 ], [ -106.424759182565907, 31.682591924082995 ], [ -106.425028677151147, 31.682591924082995 ], [ -106.425028677151147, 31.682861418668232 ], [ -106.424220193395428, 31.682861418668232 ], [ -106.424220193395428, 31.683130913253468 ], [ -106.424489687980667, 31.683130913253468 ], [ -106.424489687980667, 31.6834004078387 ] ] ] ] } },
{ "type": "Feature", "properties": { "ZONA_MET": "Ju_rez", "INTENSIDAD": "Intensa", "T_PROM_POL": 3.0, "T_MIN_CIUD": 1.0, "DIF_TERMIC": 2.0 }, "geometry": { "type": "MultiPolygon", "coordinates": [ [ [ [ -106.425028677151147, 31.682591924082995 ], [ -106.424759182565907, 31.682591924082995 ], [ -106.424759182565907, 31.682322429497759 ], [ -106.424220193395428, 31.682322429497759 ], [ -106.424220193395428, 31.682052934912523 ], [ -106.423950698810202, 31.682052934912523 ], [ -106.423950698810202, 31.681783440327287 ], [ -106.423681204224962, 31.681783440327287 ], [ -106.423681204224962, 31.681513945742051 ], [ -106.423411709639723, 31.681513945742051 ], [ -106.423411709639723, 31.681244451156815 ], [ -106.423950698810202, 31.681244451156815 ], [ -106.423950698810202, 31.680974956571578 ], [ -106.424220193395428, 31.680974956571578 ], [ -106.424220193395428, 31.681513945742051 ], [ -106.424759182565907, 31.681513945742051 ], [ -106.424759182565907, 31.681783440327287 ], [ -106.425028677151147, 31.681783440327287 ], [ -106.425028677151147, 31.682591924082995 ] ] ] ] } },
{ "type": "Feature", "properties": { "ZONA_MET": "Ju_rez", "INTENSIDAD": "Intensa", "T_PROM_POL": 3.0, "T_MIN_CIUD": 1.0, "DIF_TERMIC": 2.0 }, "geometry": { "type": "MultiPolygon", "coordinates": [ [ [ [ -106.397270734871853, 31.6834004078387 ], [ -106.396731745701373, 31.6834004078387 ], [ -106.396731745701373, 31.682861418668232 ], [ -106.397001240286613, 31.682861418668232 ], [ -106.397001240286613, 31.682591924082995 ], [ -106.397540229457078, 31.682591924082995 ], [ -106.397540229457078, 31.682052934912523 ], [ -106.397809724042318, 31.682052934912523 ], [ -106.397809724042318, 31.681513945742051 ], [ -106.398079218627558, 31.681513945742051 ], [ -106.398079218627558, 31.680974956571578 ], [ -106.398348713212798, 31.680974956571578 ], [ -106.398348713212798, 31.682052934912523 ], [ -106.398079218627558, 31.682052934912523 ], [ -106.398079218627558, 31.682322429497759 ], [ -106.397809724042318, 31.682322429497759 ], [ -106.397809724042318, 31.682861418668232 ], [ -106.397540229457078, 31.682861418668232 ], [ -106.397540229457078, 31.683130913253468 ], [ -106.397270734871853, 31.683130913253468 ], [ -106.397270734871853, 31.6834004078387 ] ] ] ] } },
{ "type": "Feature", "properties": { "ZONA_MET": "Ju_rez", "INTENSIDAD": "Intensa", "T_PROM_POL": 3.0, "T_MIN_CIUD": 1.0, "DIF_TERMIC": 2.0 }, "geometry": { "type": "MultiPolygon", "coordinates": [ [ [ [ -106.393767305263779, 31.682322429497759 ], [ -106.392958821508074, 31.682322429497759 ], [ -106.392958821508074, 31.682052934912523 ], [ -106.392150337752369, 31.682052934912523 ], [ -106.392150337752369, 31.682322429497759 ], [ -106.39161134858189, 31.682322429497759 ], [ -106.39161134858189, 31.682052934912523 ], [ -106.391880843167129, 31.682052934912523 ], [ -106.391880843167129, 31.681513945742051 ], [ -106.39161134858189, 31.681513945742051 ], [ -106.39161134858189, 31.681783440327287 ], [ -106.391341853996664, 31.681783440327287 ], [ -106.391341853996664, 31.681244451156815 ], [ -106.392419832337609, 31.681244451156815 ], [ -106.392419832337609, 31.681513945742051 ], [ -106.392958821508074, 31.681513945742051 ], [ -106.392958821508074, 31.681244451156815 ], [ -106.393228316093314, 31.681244451156815 ], [ -106.393228316093314, 31.680705461986342 ], [ -106.392958821508074, 31.680705461986342 ], [ -106.392958821508074, 31.680435967401106 ], [ -106.393767305263779, 31.680435967401106 ], [ -106.393767305263779, 31.680705461986342 ], [ -106.394306294434259, 31.680705461986342 ], [ -106.394306294434259, 31.680974956571578 ], [ -106.395114778189964, 31.680974956571578 ], [ -106.395114778189964, 31.681244451156815 ], [ -106.394575789019484, 31.681244451156815 ], [ -106.394575789019484, 31.681513945742051 ], [ -106.394036799849019, 31.681513945742051 ], [ -106.394036799849019, 31.681244451156815 ], [ -106.393497810678539, 31.681244451156815 ], [ -106.393497810678539, 31.681513945742051 ], [ -106.393228316093314, 31.681513945742051 ], [ -106.393228316093314, 31.681783440327287 ], [ -106.393767305263779, 31.681783440327287 ], [ -106.393767305263779, 31.682322429497759 ] ] ] ] } },
{ "type": "Feature", "properties": { "ZONA_MET": "Ju_rez", "INTENSIDAD": "Intensa", "T_PROM_POL": 3.0, "T_MIN_CIUD": 1.0, "DIF_TERMIC": 2.0 }, "geometry": { "type": "MultiPolygon", "coordinates": [ [ [ [ -106.334747991097132, 31.689059794128656 ], [ -106.334478496511892, 31.689059794128656 ], [ -106.334478496511892, 31.688520804958184 ], [ -106.334209001926652, 31.688520804958184 ], [ -106.334209001926652, 31.688251310372948 ], [ -106.334478496511892, 31.688251310372948 ], [ -106.334478496511892, 31.687712321202476 ], [ -106.333939507341427, 31.687712321202476 ], [ -106.333939507341427, 31.686903837446767 ], [ -106.333670012756187, 31.686903837446767 ], [ -106.333670012756187, 31.686634342861531 ], [ -106.333400518170947, 31.686634342861531 ], [ -106.333400518170947, 31.686364848276295 ], [ -106.333939507341427, 31.686364848276295 ], [ -106.333939507341427, 31.686634342861531 ], [ -106.334209001926652, 31.686634342861531 ], [ -106.334209001926652, 31.685825859105826 ], [ -106.333670012756187, 31.685825859105826 ], [ -106.333670012756187, 31.68555636452059 ], [ -106.333131023585707, 31.68555636452059 ], [ -106.333131023585707, 31.685286869935354 ], [ -106.332861529000482, 31.685286869935354 ], [ -106.332861529000482, 31.684747880764881 ], [ -106.333131023585707, 31.684747880764881 ], [ -106.333131023585707, 31.683939397009173 ], [ -106.333400518170947, 31.683939397009173 ], [ -106.333400518170947, 31.684208891594409 ], [ -106.333670012756187, 31.684208891594409 ], [ -106.333670012756187, 31.684747880764881 ], [ -106.334209001926652, 31.684747880764881 ], [ -106.334209001926652, 31.684208891594409 ], [ -106.333939507341427, 31.684208891594409 ], [ -106.333939507341427, 31.683939397009173 ], [ -106.333670012756187, 31.683939397009173 ], [ -106.333670012756187, 31.683669902423937 ], [ -106.333400518170947, 31.683669902423937 ], [ -106.333400518170947, 31.6834004078387 ], [ -106.333939507341427, 31.6834004078387 ], [ -106.333939507341427, 31.682861418668232 ], [ -106.334209001926652, 31.682861418668232 ], [ -106.334209001926652, 31.682591924082995 ], [ -106.334478496511892, 31.682591924082995 ], [ -106.334478496511892, 31.682052934912523 ], [ -106.334209001926652, 31.682052934912523 ], [ -106.334209001926652, 31.681513945742051 ], [ -106.334478496511892, 31.681513945742051 ], [ -106.334478496511892, 31.680166472815873 ], [ -106.334747991097132, 31.680166472815873 ], [ -106.334747991097132, 31.680435967401106 ], [ -106.335825969438076, 31.680435967401106 ], [ -106.335825969438076, 31.680705461986342 ], [ -106.336095464023302, 31.680705461986342 ], [ -106.336095464023302, 31.681244451156815 ], [ -106.336364958608542, 31.681244451156815 ], [ -106.336364958608542, 31.681513945742051 ], [ -106.336634453193781, 31.681513945742051 ], [ -106.336634453193781, 31.682052934912523 ], [ -106.336903947779021, 31.682052934912523 ], [ -106.336903947779021, 31.682591924082995 ], [ -106.337173442364247, 31.682591924082995 ], [ -106.337173442364247, 31.682861418668232 ], [ -106.337442936949486, 31.682861418668232 ], [ -106.337442936949486, 31.6834004078387 ], [ -106.337712431534726, 31.6834004078387 ], [ -106.337712431534726, 31.684208891594409 ], [ -106.337442936949486, 31.684208891594409 ], [ -106.337442936949486, 31.684478386179645 ], [ -106.337173442364247, 31.684478386179645 ], [ -106.337173442364247, 31.685286869935354 ], [ -106.336903947779021, 31.685286869935354 ], [ -106.336903947779021, 31.68555636452059 ], [ -106.336364958608542, 31.68555636452059 ], [ -106.336364958608542, 31.685286869935354 ], [ -106.336095464023302, 31.685286869935354 ], [ -106.336095464023302, 31.685017375350117 ], [ -106.335556474852837, 31.685017375350117 ], [ -106.335556474852837, 31.68555636452059 ], [ -106.336095464023302, 31.68555636452059 ], [ -106.336095464023302, 31.685825859105826 ], [ -106.336364958608542, 31.685825859105826 ], [ -106.336364958608542, 31.686095353691062 ], [ -106.336634453193781, 31.686095353691062 ], [ -106.336634453193781, 31.686364848276295 ], [ -106.336364958608542, 31.686364848276295 ], [ -106.336364958608542, 31.686903837446767 ], [ -106.336095464023302, 31.686903837446767 ], [ -106.336095464023302, 31.687442826617239 ], [ -106.334747991097132, 31.687442826617239 ], [ -106.334747991097132, 31.687712321202476 ], [ -106.335556474852837, 31.687712321202476 ], [ -106.335556474852837, 31.687981815787712 ], [ -106.335286980267597, 31.687981815787712 ], [ -106.335286980267597, 31.688251310372948 ], [ -106.334747991097132, 31.688251310372948 ], [ -106.334747991097132, 31.688520804958184 ], [ -106.335286980267597, 31.688520804958184 ], [ -106.335286980267597, 31.68879029954342 ], [ -106.334747991097132, 31.68879029954342 ], [ -106.334747991097132, 31.689059794128656 ] ], [ [ -106.335556474852837, 31.687173332032003 ], [ -106.335556474852837, 31.686903837446767 ], [ -106.335286980267597, 31.686903837446767 ], [ -106.335286980267597, 31.687173332032003 ], [ -106.335556474852837, 31.687173332032003 ] ], [ [ -106.335286980267597, 31.686903837446767 ], [ -106.335286980267597, 31.686364848276295 ], [ -106.335017485682371, 31.686364848276295 ], [ -106.335017485682371, 31.686903837446767 ], [ -106.335286980267597, 31.686903837446767 ] ], [ [ -106.334747991097132, 31.686903837446767 ], [ -106.334747991097132, 31.686634342861531 ], [ -106.334478496511892, 31.686634342861531 ], [ -106.334478496511892, 31.686903837446767 ], [ -106.334747991097132, 31.686903837446767 ] ], [ [ -106.336095464023302, 31.686634342861531 ], [ -106.336095464023302, 31.686364848276295 ], [ -106.335556474852837, 31.686364848276295 ], [ -106.335556474852837, 31.686634342861531 ], [ -106.336095464023302, 31.686634342861531 ] ], [ [ -106.336095464023302, 31.684747880764881 ], [ -106.336095464023302, 31.684478386179645 ], [ -106.336634453193781, 31.684478386179645 ], [ -106.336634453193781, 31.684208891594409 ], [ -106.335825969438076, 31.684208891594409 ], [ -106.335825969438076, 31.684478386179645 ], [ -106.335556474852837, 31.684478386179645 ], [ -106.335556474852837, 31.684747880764881 ], [ -106.336095464023302, 31.684747880764881 ] ], [ [ -106.336903947779021, 31.684208891594409 ], [ -106.336903947779021, 31.683939397009173 ], [ -106.336634453193781, 31.683939397009173 ], [ -106.336634453193781, 31.684208891594409 ], [ -106.336903947779021, 31.684208891594409 ] ], [ [ -106.335556474852837, 31.684208891594409 ], [ -106.335556474852837, 31.683939397009173 ], [ -106.334747991097132, 31.683939397009173 ], [ -106.334747991097132, 31.684208891594409 ], [ -106.335556474852837, 31.684208891594409 ] ], [ [ -106.335825969438076, 31.683939397009173 ], [ -106.335825969438076, 31.683669902423937 ], [ -106.335556474852837, 31.683669902423937 ], [ -106.335556474852837, 31.683939397009173 ], [ -106.335825969438076, 31.683939397009173 ] ], [ [ -106.336903947779021, 31.683669902423937 ], [ -106.336903947779021, 31.683130913253468 ], [ -106.336634453193781, 31.683130913253468 ], [ -106.336634453193781, 31.6834004078387 ], [ -106.336095464023302, 31.6834004078387 ], [ -106.336095464023302, 31.683669902423937 ], [ -106.336903947779021, 31.683669902423937 ] ], [ [ -106.334747991097132, 31.683669902423937 ], [ -106.334747991097132, 31.6834004078387 ], [ -106.334478496511892, 31.6834004078387 ], [ -106.334478496511892, 31.683669902423937 ], [ -106.334747991097132, 31.683669902423937 ] ], [ [ -106.335556474852837, 31.6834004078387 ], [ -106.335556474852837, 31.683130913253468 ], [ -106.334747991097132, 31.683130913253468 ], [ -106.334747991097132, 31.6834004078387 ], [ -106.335556474852837, 31.6834004078387 ] ], [ [ -106.336364958608542, 31.683130913253468 ], [ -106.336364958608542, 31.682861418668232 ], [ -106.336634453193781, 31.682861418668232 ], [ -106.336634453193781, 31.682591924082995 ], [ -106.336095464023302, 31.682591924082995 ], [ -106.336095464023302, 31.682861418668232 ], [ -106.335825969438076, 31.682861418668232 ], [ -106.335825969438076, 31.683130913253468 ], [ -106.336364958608542, 31.683130913253468 ] ], [ [ -106.335825969438076, 31.682591924082995 ], [ -106.335825969438076, 31.682322429497759 ], [ -106.335286980267597, 31.682322429497759 ], [ -106.335286980267597, 31.682591924082995 ], [ -106.335825969438076, 31.682591924082995 ] ], [ [ -106.336364958608542, 31.682322429497759 ], [ -106.336364958608542, 31.682052934912523 ], [ -106.335825969438076, 31.682052934912523 ], [ -106.335825969438076, 31.682322429497759 ], [ -106.336364958608542, 31.682322429497759 ] ], [ [ -106.335017485682371, 31.681783440327287 ], [ -106.335017485682371, 31.681513945742051 ], [ -106.335825969438076, 31.681513945742051 ], [ -106.335825969438076, 31.680974956571578 ], [ -106.335286980267597, 31.680974956571578 ], [ -106.335286980267597, 31.680705461986342 ], [ -106.335017485682371, 31.680705461986342 ], [ -106.335017485682371, 31.680974956571578 ], [ -106.334747991097132, 31.680974956571578 ], [ -106.334747991097132, 31.681783440327287 ], [ -106.335017485682371, 31.681783440327287 ] ] ] ] } },
{ "type": "Feature", "properties": { "ZONA_MET": "Ju_rez", "INTENSIDAD": "Intensa", "T_PROM_POL": 3.0, "T_MIN_CIUD": 1.0, "DIF_TERMIC": 2.0 }, "geometry": { "type": "MultiPolygon", "coordinates": [ [ [ [ -106.405625067014157, 31.685017375350117 ], [ -106.405355572428917, 31.685017375350117 ], [ -106.405355572428917, 31.684747880764881 ], [ -106.405086077843691, 31.684747880764881 ], [ -106.405086077843691, 31.684208891594409 ], [ -106.405355572428917, 31.684208891594409 ], [ -106.405355572428917, 31.683669902423937 ], [ -106.405625067014157, 31.683669902423937 ], [ -106.405625067014157, 31.683130913253468 ], [ -106.405355572428917, 31.683130913253468 ], [ -106.405355572428917, 31.682861418668232 ], [ -106.405625067014157, 31.682861418668232 ], [ -106.405625067014157, 31.682591924082995 ], [ -106.406972539940341, 31.682591924082995 ], [ -106.406972539940341, 31.683130913253468 ], [ -106.407242034525581, 31.683130913253468 ], [ -106.407242034525581, 31.682591924082995 ], [ -106.407781023696046, 31.682591924082995 ], [ -106.407781023696046, 31.680974956571578 ], [ -106.408320012866511, 31.680974956571578 ], [ -106.408320012866511, 31.681244451156815 ], [ -106.40912849662223, 31.681244451156815 ], [ -106.40912849662223, 31.680166472815873 ], [ -106.409397991207456, 31.680166472815873 ], [ -106.409397991207456, 31.680435967401106 ], [ -106.409667485792696, 31.680435967401106 ], [ -106.409667485792696, 31.680705461986342 ], [ -106.409397991207456, 31.680705461986342 ], [ -106.409397991207456, 31.680974956571578 ], [ -106.409936980377935, 31.680974956571578 ], [ -106.409936980377935, 31.681244451156815 ], [ -106.409397991207456, 31.681244451156815 ], [ -106.409397991207456, 31.681513945742051 ], [ -106.409667485792696, 31.681513945742051 ], [ -106.409667485792696, 31.682052934912523 ], [ -106.409397991207456, 31.682052934912523 ], [ -106.409397991207456, 31.682322429497759 ], [ -106.40912849662223, 31.682322429497759 ], [ -106.40912849662223, 31.682591924082995 ], [ -106.408320012866511, 31.682591924082995 ], [ -106.408320012866511, 31.683130913253468 ], [ -106.408589507451751, 31.683130913253468 ], [ -106.408589507451751, 31.6834004078387 ], [ -106.407781023696046, 31.6834004078387 ], [ -106.407781023696046, 31.683939397009173 ], [ -106.407511529110806, 31.683939397009173 ], [ -106.407511529110806, 31.683669902423937 ], [ -106.407242034525581, 31.683669902423937 ], [ -106.407242034525581, 31.6834004078387 ], [ -106.406433550769862, 31.6834004078387 ], [ -106.406433550769862, 31.683669902423937 ], [ -106.405894561599396, 31.683669902423937 ], [ -106.405894561599396, 31.683939397009173 ], [ -106.405625067014157, 31.683939397009173 ], [ -106.405625067014157, 31.685017375350117 ] ], [ [ -106.40912849662223, 31.682052934912523 ], [ -106.40912849662223, 31.681783440327287 ], [ -106.408859002036991, 31.681783440327287 ], [ -106.408859002036991, 31.682052934912523 ], [ -106.40912849662223, 31.682052934912523 ] ] ] ] } },
{ "type": "Feature", "properties": { "ZONA_MET": "Ju_rez", "INTENSIDAD": "Intensa", "T_PROM_POL": 3.0, "T_MIN_CIUD": 1.0, "DIF_TERMIC": 2.0 }, "geometry": { "type": "MultiPolygon", "coordinates": [ [ [ [ -106.432574525537746, 31.680974956571578 ], [ -106.431227052611561, 31.680974956571578 ], [ -106.431227052611561, 31.680435967401106 ], [ -106.431496547196801, 31.680435967401106 ], [ -106.431496547196801, 31.680705461986342 ], [ -106.43203553636728, 31.680705461986342 ], [ -106.43203553636728, 31.680435967401106 ], [ -106.432574525537746, 31.680435967401106 ], [ -106.432574525537746, 31.680166472815873 ], [ -106.432844020122985, 31.680166472815873 ], [ -106.432844020122985, 31.679357989060165 ], [ -106.433113514708211, 31.679357989060165 ], [ -106.433113514708211, 31.680166472815873 ], [ -106.433383009293451, 31.680166472815873 ], [ -106.433383009293451, 31.680435967401106 ], [ -106.432844020122985, 31.680435967401106 ], [ -106.432844020122985, 31.680705461986342 ], [ -106.432574525537746, 31.680705461986342 ], [ -106.432574525537746, 31.680974956571578 ] ] ] ] } },
{ "type": "Feature", "properties": { "ZONA_MET": "Ju_rez", "INTENSIDAD": "Intensa", "T_PROM_POL": 3.0, "T_MIN_CIUD": 1.0, "DIF_TERMIC": 2.0 }, "geometry": { "type": "MultiPolygon", "coordinates": [ [ [ [ -106.424220193395428, 31.679896978230637 ], [ -106.420177774616903, 31.679896978230637 ], [ -106.420177774616903, 31.679627483645401 ], [ -106.419638785446423, 31.679627483645401 ], [ -106.419638785446423, 31.679357989060165 ], [ -106.419908280031663, 31.679357989060165 ], [ -106.419908280031663, 31.679088494474929 ], [ -106.420447269202128, 31.679088494474929 ], [ -106.420447269202128, 31.679357989060165 ], [ -106.420716763787368, 31.679357989060165 ], [ -106.420716763787368, 31.679088494474929 ], [ -106.421255752957833, 31.679088494474929 ], [ -106.421255752957833, 31.679357989060165 ], [ -106.422603225884018, 31.679357989060165 ], [ -106.422603225884018, 31.679627483645401 ], [ -106.423142215054497, 31.679627483645401 ], [ -106.423142215054497, 31.679088494474929 ], [ -106.423411709639723, 31.679088494474929 ], [ -106.423411709639723, 31.679357989060165 ], [ -106.423950698810202, 31.679357989060165 ], [ -106.423950698810202, 31.679088494474929 ], [ -106.423681204224962, 31.679088494474929 ], [ -106.423681204224962, 31.678818999889693 ], [ -106.424220193395428, 31.678818999889693 ], [ -106.424220193395428, 31.679896978230637 ] ] ] ] } },
{ "type": "Feature", "properties": { "ZONA_MET": "Ju_rez", "INTENSIDAD": "Intensa", "T_PROM_POL": 3.0, "T_MIN_CIUD": 1.0, "DIF_TERMIC": 2.0 }, "geometry": { "type": "MultiPolygon", "coordinates": [ [ [ [ -106.409667485792696, 31.680166472815873 ], [ -106.409397991207456, 31.680166472815873 ], [ -106.409397991207456, 31.679627483645401 ], [ -106.40912849662223, 31.679627483645401 ], [ -106.40912849662223, 31.679896978230637 ], [ -106.408859002036991, 31.679896978230637 ], [ -106.408859002036991, 31.678549505304456 ], [ -106.409397991207456, 31.678549505304456 ], [ -106.409397991207456, 31.678818999889693 ], [ -106.409936980377935, 31.678818999889693 ], [ -106.409936980377935, 31.679357989060165 ], [ -106.409667485792696, 31.679357989060165 ], [ -106.409667485792696, 31.680166472815873 ] ] ] ] } },
{ "type": "Feature", "properties": { "ZONA_MET": "Ju_rez", "INTENSIDAD": "Extrema", "T_PROM_POL": 3.0, "T_MIN_CIUD": 1.0, "DIF_TERMIC": 2.0 }, "geometry": { "type": "MultiPolygon", "coordinates": [ [ [ [ -106.342024344898491, 31.688251310372948 ], [ -106.34094636655756, 31.688251310372948 ], [ -106.34094636655756, 31.687981815787712 ], [ -106.34067687197232, 31.687981815787712 ], [ -106.34067687197232, 31.687712321202476 ], [ -106.342024344898491, 31.687712321202476 ], [ -106.342024344898491, 31.687442826617239 ], [ -106.34229383948373, 31.687442826617239 ], [ -106.34229383948373, 31.687712321202476 ], [ -106.34256333406897, 31.687712321202476 ], [ -106.34256333406897, 31.687442826617239 ], [ -106.34283282865421, 31.687442826617239 ], [ -106.34283282865421, 31.687173332032003 ], [ -106.34256333406897, 31.687173332032003 ], [ -106.34256333406897, 31.686364848276295 ], [ -106.34229383948373, 31.686364848276295 ], [ -106.34229383948373, 31.68555636452059 ], [ -106.342024344898491, 31.68555636452059 ], [ -106.342024344898491, 31.685286869935354 ], [ -106.341754850313265, 31.685286869935354 ], [ -106.341754850313265, 31.684478386179645 ], [ -106.341485355728025, 31.684478386179645 ], [ -106.341485355728025, 31.683939397009173 ], [ -106.341215861142786, 31.683939397009173 ], [ -106.341215861142786, 31.6834004078387 ], [ -106.34094636655756, 31.6834004078387 ], [ -106.34094636655756, 31.682591924082995 ], [ -106.34067687197232, 31.682591924082995 ], [ -106.34067687197232, 31.682322429497759 ], [ -106.340407377387081, 31.682322429497759 ], [ -106.340407377387081, 31.681513945742051 ], [ -106.340137882801841, 31.681513945742051 ], [ -106.340137882801841, 31.681244451156815 ], [ -106.339868388216615, 31.681244451156815 ], [ -106.339868388216615, 31.680435967401106 ], [ -106.339598893631376, 31.680435967401106 ], [ -106.339598893631376, 31.679627483645401 ], [ -106.339329399046136, 31.679627483645401 ], [ -106.339329399046136, 31.679357989060165 ], [ -106.339059904460896, 31.679357989060165 ], [ -106.339059904460896, 31.678549505304456 ], [ -106.338790409875671, 31.678549505304456 ], [ -106.338790409875671, 31.678010516133984 ], [ -106.339059904460896, 31.678010516133984 ], [ -106.339059904460896, 31.67828001071922 ], [ -106.339598893631376, 31.67828001071922 ], [ -106.339598893631376, 31.679088494474929 ], [ -106.339868388216615, 31.679088494474929 ], [ -106.339868388216615, 31.679896978230637 ], [ -106.340137882801841, 31.679896978230637 ], [ -106.340137882801841, 31.680705461986342 ], [ -106.340407377387081, 31.680705461986342 ], [ -106.340407377387081, 31.681244451156815 ], [ -106.34067687197232, 31.681244451156815 ], [ -106.34067687197232, 31.682052934912523 ], [ -106.341215861142786, 31.682052934912523 ], [ -106.341215861142786, 31.682861418668232 ], [ -106.341485355728025, 31.682861418668232 ], [ -106.341485355728025, 31.683130913253468 ], [ -106.341754850313265, 31.683130913253468 ], [ -106.341754850313265, 31.6834004078387 ], [ -106.342024344898491, 31.6834004078387 ], [ -106.342024344898491, 31.684208891594409 ], [ -106.34229383948373, 31.684208891594409 ], [ -106.34229383948373, 31.685286869935354 ], [ -106.34283282865421, 31.685286869935354 ], [ -106.34283282865421, 31.68555636452059 ], [ -106.34256333406897, 31.68555636452059 ], [ -106.34256333406897, 31.685825859105826 ], [ -106.34283282865421, 31.685825859105826 ], [ -106.34283282865421, 31.686095353691062 ], [ -106.343102323239435, 31.686095353691062 ], [ -106.343102323239435, 31.687981815787712 ], [ -106.342024344898491, 31.687981815787712 ], [ -106.342024344898491, 31.688251310372948 ] ] ] ] } },
{ "type": "Feature", "properties": { "ZONA_MET": "Ju_rez", "INTENSIDAD": "Intensa", "T_PROM_POL": 3.0, "T_MIN_CIUD": 1.0, "DIF_TERMIC": 2.0 }, "geometry": { "type": "MultiPolygon", "coordinates": [ [ [ [ -106.391072359411424, 31.681513945742051 ], [ -106.390802864826185, 31.681513945742051 ], [ -106.390802864826185, 31.680974956571578 ], [ -106.39026387565572, 31.680974956571578 ], [ -106.39026387565572, 31.680705461986342 ], [ -106.38972488648524, 31.680705461986342 ], [ -106.38972488648524, 31.680974956571578 ], [ -106.389185897314775, 31.680974956571578 ], [ -106.389185897314775, 31.681244451156815 ], [ -106.388646908144295, 31.681244451156815 ], [ -106.388646908144295, 31.680974956571578 ], [ -106.388916402729535, 31.680974956571578 ], [ -106.388916402729535, 31.680705461986342 ], [ -106.38837741355907, 31.680705461986342 ], [ -106.38837741355907, 31.680435967401106 ], [ -106.38810791897383, 31.680435967401106 ], [ -106.38810791897383, 31.680166472815873 ], [ -106.388646908144295, 31.680166472815873 ], [ -106.388646908144295, 31.679896978230637 ], [ -106.38810791897383, 31.679896978230637 ], [ -106.38810791897383, 31.679627483645401 ], [ -106.388646908144295, 31.679627483645401 ], [ -106.388646908144295, 31.679357989060165 ], [ -106.38837741355907, 31.679357989060165 ], [ -106.38837741355907, 31.679088494474929 ], [ -106.38810791897383, 31.679088494474929 ], [ -106.38810791897383, 31.678818999889693 ], [ -106.38783842438859, 31.678818999889693 ], [ -106.38783842438859, 31.678010516133984 ], [ -106.38810791897383, 31.678010516133984 ], [ -106.38810791897383, 31.678549505304456 ], [ -106.38837741355907, 31.678549505304456 ], [ -106.38837741355907, 31.67828001071922 ], [ -106.388916402729535, 31.67828001071922 ], [ -106.388916402729535, 31.678549505304456 ], [ -106.389185897314775, 31.678549505304456 ], [ -106.389185897314775, 31.678818999889693 ], [ -106.389455391900015, 31.678818999889693 ], [ -106.389455391900015, 31.679088494474929 ], [ -106.389185897314775, 31.679088494474929 ], [ -106.389185897314775, 31.679357989060165 ], [ -106.389455391900015, 31.679357989060165 ], [ -106.389455391900015, 31.679627483645401 ], [ -106.38999438107048, 31.679627483645401 ], [ -106.38999438107048, 31.679896978230637 ], [ -106.39026387565572, 31.679896978230637 ], [ -106.39026387565572, 31.680166472815873 ], [ -106.390533370240945, 31.680166472815873 ], [ -106.390533370240945, 31.680435967401106 ], [ -106.391341853996664, 31.680435967401106 ], [ -106.391341853996664, 31.679627483645401 ], [ -106.391880843167129, 31.679627483645401 ], [ -106.391880843167129, 31.679896978230637 ], [ -106.392150337752369, 31.679896978230637 ], [ -106.392150337752369, 31.679627483645401 ], [ -106.392419832337609, 31.679627483645401 ], [ -106.392419832337609, 31.679896978230637 ], [ -106.393228316093314, 31.679896978230637 ], [ -106.393228316093314, 31.680166472815873 ], [ -106.392958821508074, 31.680166472815873 ], [ -106.392958821508074, 31.680435967401106 ], [ -106.392689326922834, 31.680435967401106 ], [ -106.392689326922834, 31.680166472815873 ], [ -106.392150337752369, 31.680166472815873 ], [ -106.392150337752369, 31.680435967401106 ], [ -106.39161134858189, 31.680435967401106 ], [ -106.39161134858189, 31.680974956571578 ], [ -106.391072359411424, 31.680974956571578 ], [ -106.391072359411424, 31.681513945742051 ] ], [ [ -106.389455391900015, 31.680705461986342 ], [ -106.389455391900015, 31.680435967401106 ], [ -106.389185897314775, 31.680435967401106 ], [ -106.389185897314775, 31.680705461986342 ], [ -106.389455391900015, 31.680705461986342 ] ], [ [ -106.38999438107048, 31.680166472815873 ], [ -106.38999438107048, 31.679896978230637 ], [ -106.38972488648524, 31.679896978230637 ], [ -106.38972488648524, 31.680166472815873 ], [ -106.38999438107048, 31.680166472815873 ] ], [ [ -106.388916402729535, 31.679088494474929 ], [ -106.388916402729535, 31.678818999889693 ], [ -106.388646908144295, 31.678818999889693 ], [ -106.388646908144295, 31.679088494474929 ], [ -106.388916402729535, 31.679088494474929 ] ] ] ] } },
{ "type": "Feature", "properties": { "ZONA_MET": "Ju_rez", "INTENSIDAD": "Intensa", "T_PROM_POL": 3.0, "T_MIN_CIUD": 1.0, "DIF_TERMIC": 2.0 }, "geometry": { "type": "MultiPolygon", "coordinates": [ [ [ [ -106.445510265629068, 31.679627483645401 ], [ -106.445240771043828, 31.679627483645401 ], [ -106.445240771043828, 31.678818999889693 ], [ -106.444971276458588, 31.678818999889693 ], [ -106.444971276458588, 31.678010516133984 ], [ -106.445779760214307, 31.678010516133984 ], [ -106.445779760214307, 31.67828001071922 ], [ -106.445510265629068, 31.67828001071922 ], [ -106.445510265629068, 31.678549505304456 ], [ -106.445779760214307, 31.678549505304456 ], [ -106.445779760214307, 31.678818999889693 ], [ -106.446049254799533, 31.678818999889693 ], [ -106.446049254799533, 31.679357989060165 ], [ -106.445510265629068, 31.679357989060165 ], [ -106.445510265629068, 31.679627483645401 ] ], [ [ -106.445779760214307, 31.679088494474929 ], [ -106.445779760214307, 31.678818999889693 ], [ -106.445510265629068, 31.678818999889693 ], [ -106.445510265629068, 31.679088494474929 ], [ -106.445779760214307, 31.679088494474929 ] ] ] ] } },
{ "type": "Feature", "properties": { "ZONA_MET": "Ju_rez", "INTENSIDAD": "Intensa", "T_PROM_POL": 3.0, "T_MIN_CIUD": 1.0, "DIF_TERMIC": 2.0 }, "geometry": { "type": "MultiPolygon", "coordinates": [ [ [ [ -106.413170915400769, 31.682861418668232 ], [ -106.41290142081553, 31.682861418668232 ], [ -106.41290142081553, 31.681783440327287 ], [ -106.41236243164505, 31.681783440327287 ], [ -106.41236243164505, 31.681513945742051 ], [ -106.411553947889345, 31.681513945742051 ], [ -106.411553947889345, 31.681244451156815 ], [ -106.41290142081553, 31.681244451156815 ], [ -106.41290142081553, 31.681513945742051 ], [ -106.413979399156474, 31.681513945742051 ], [ -106.413979399156474, 31.680435967401106 ], [ -106.413709904571235, 31.680435967401106 ], [ -106.413709904571235, 31.679896978230637 ], [ -106.41290142081553, 31.679896978230637 ], [ -106.41290142081553, 31.679627483645401 ], [ -106.413709904571235, 31.679627483645401 ], [ -106.413709904571235, 31.679088494474929 ], [ -106.4142488937417, 31.679088494474929 ], [ -106.4142488937417, 31.679627483645401 ], [ -106.413979399156474, 31.679627483645401 ], [ -106.413979399156474, 31.680166472815873 ], [ -106.4142488937417, 31.680166472815873 ], [ -106.4142488937417, 31.680705461986342 ], [ -106.41451838832694, 31.680705461986342 ], [ -106.41451838832694, 31.680435967401106 ], [ -106.414787882912179, 31.680435967401106 ], [ -106.414787882912179, 31.681244451156815 ], [ -106.415057377497419, 31.681244451156815 ], [ -106.415057377497419, 31.680974956571578 ], [ -106.415596366667884, 31.680974956571578 ], [ -106.415596366667884, 31.680435967401106 ], [ -106.416135355838364, 31.680435967401106 ], [ -106.416135355838364, 31.680166472815873 ], [ -106.416404850423589, 31.680166472815873 ], [ -106.416404850423589, 31.677471526963512 ], [ -106.416674345008829, 31.677471526963512 ], [ -106.416674345008829, 31.680435967401106 ], [ -106.416404850423589, 31.680435967401106 ], [ -106.416404850423589, 31.680705461986342 ], [ -106.416135355838364, 31.680705461986342 ], [ -106.416135355838364, 31.680974956571578 ], [ -106.415865861253124, 31.680974956571578 ], [ -106.415865861253124, 31.681244451156815 ], [ -106.415596366667884, 31.681244451156815 ], [ -106.415596366667884, 31.681513945742051 ], [ -106.414787882912179, 31.681513945742051 ], [ -106.414787882912179, 31.681783440327287 ], [ -106.4142488937417, 31.681783440327287 ], [ -106.4142488937417, 31.682052934912523 ], [ -106.413709904571235, 31.682052934912523 ], [ -106.413709904571235, 31.682591924082995 ], [ -106.413170915400769, 31.682591924082995 ], [ -106.413170915400769, 31.682861418668232 ] ] ] ] } },
{ "type": "Feature", "properties": { "ZONA_MET": "Ju_rez", "INTENSIDAD": "Intensa", "T_PROM_POL": 3.0, "T_MIN_CIUD": 1.0, "DIF_TERMIC": 2.0 }, "geometry": { "type": "MultiPolygon", "coordinates": [ [ [ [ -106.357385536256942, 31.678818999889693 ], [ -106.357116041671702, 31.678818999889693 ], [ -106.357116041671702, 31.67828001071922 ], [ -106.356846547086462, 31.67828001071922 ], [ -106.356846547086462, 31.678010516133984 ], [ -106.356577052501237, 31.678010516133984 ], [ -106.356577052501237, 31.67828001071922 ], [ -106.356038063330757, 31.67828001071922 ], [ -106.356038063330757, 31.678010516133984 ], [ -106.355499074160292, 31.678010516133984 ], [ -106.355499074160292, 31.677471526963512 ], [ -106.355768568745532, 31.677471526963512 ], [ -106.355768568745532, 31.677202032378279 ], [ -106.356038063330757, 31.677202032378279 ], [ -106.356038063330757, 31.677741021548748 ], [ -106.357385536256942, 31.677741021548748 ], [ -106.357385536256942, 31.678010516133984 ], [ -106.357924525427407, 31.678010516133984 ], [ -106.357924525427407, 31.678549505304456 ], [ -106.357655030842182, 31.678549505304456 ], [ -106.357655030842182, 31.67828001071922 ], [ -106.357385536256942, 31.67828001071922 ], [ -106.357385536256942, 31.678818999889693 ] ] ] ] } },
{ "type": "Feature", "properties": { "ZONA_MET": "Ju_rez", "INTENSIDAD": "Intensa", "T_PROM_POL": 3.0, "T_MIN_CIUD": 1.0, "DIF_TERMIC": 2.0 }, "geometry": { "type": "MultiPolygon", "coordinates": [ [ [ [ -106.360619471279776, 31.678818999889693 ], [ -106.360349976694536, 31.678818999889693 ], [ -106.360349976694536, 31.678549505304456 ], [ -106.360080482109296, 31.678549505304456 ], [ -106.360080482109296, 31.677741021548748 ], [ -106.360888965865001, 31.677741021548748 ], [ -106.360888965865001, 31.677202032378279 ], [ -106.361427955035481, 31.677202032378279 ], [ -106.361427955035481, 31.677741021548748 ], [ -106.361966944205946, 31.677741021548748 ], [ -106.361966944205946, 31.67828001071922 ], [ -106.361697449620721, 31.67828001071922 ], [ -106.361697449620721, 31.678549505304456 ], [ -106.360888965865001, 31.678549505304456 ], [ -106.360888965865001, 31.67828001071922 ], [ -106.360619471279776, 31.67828001071922 ], [ -106.360619471279776, 31.678818999889693 ] ] ] ] } },
{ "type": "Feature", "properties": { "ZONA_MET": "Ju_rez", "INTENSIDAD": "Intensa", "T_PROM_POL": 3.0, "T_MIN_CIUD": 1.0, "DIF_TERMIC": 2.0 }, "geometry": { "type": "MultiPolygon", "coordinates": [ [ [ [ -106.395653767360429, 31.680974956571578 ], [ -106.395384272775203, 31.680974956571578 ], [ -106.395384272775203, 31.680705461986342 ], [ -106.395114778189964, 31.680705461986342 ], [ -106.395114778189964, 31.679627483645401 ], [ -106.394575789019484, 31.679627483645401 ], [ -106.394575789019484, 31.679357989060165 ], [ -106.394036799849019, 31.679357989060165 ], [ -106.394036799849019, 31.679088494474929 ], [ -106.393497810678539, 31.679088494474929 ], [ -106.393497810678539, 31.679357989060165 ], [ -106.393228316093314, 31.679357989060165 ], [ -106.393228316093314, 31.679088494474929 ], [ -106.392958821508074, 31.679088494474929 ], [ -106.392958821508074, 31.678818999889693 ], [ -106.392689326922834, 31.678818999889693 ], [ -106.392689326922834, 31.678549505304456 ], [ -106.392958821508074, 31.678549505304456 ], [ -106.392958821508074, 31.67828001071922 ], [ -106.392419832337609, 31.67828001071922 ], [ -106.392419832337609, 31.678010516133984 ], [ -106.392689326922834, 31.678010516133984 ], [ -106.392689326922834, 31.677471526963512 ], [ -106.39161134858189, 31.677471526963512 ], [ -106.39161134858189, 31.677202032378279 ], [ -106.391880843167129, 31.677202032378279 ], [ -106.391880843167129, 31.676932537793043 ], [ -106.392689326922834, 31.676932537793043 ], [ -106.392689326922834, 31.677202032378279 ], [ -106.392958821508074, 31.677202032378279 ], [ -106.392958821508074, 31.676932537793043 ], [ -106.393228316093314, 31.676932537793043 ], [ -106.393228316093314, 31.677471526963512 ], [ -106.393497810678539, 31.677471526963512 ], [ -106.393497810678539, 31.677741021548748 ], [ -106.394306294434259, 31.677741021548748 ], [ -106.394306294434259, 31.67828001071922 ], [ -106.393497810678539, 31.67828001071922 ], [ -106.393497810678539, 31.678818999889693 ], [ -106.393767305263779, 31.678818999889693 ], [ -106.393767305263779, 31.678549505304456 ], [ -106.394306294434259, 31.678549505304456 ], [ -106.394306294434259, 31.678818999889693 ], [ -106.394575789019484, 31.678818999889693 ], [ -106.394575789019484, 31.679088494474929 ], [ -106.394845283604724, 31.679088494474929 ], [ -106.394845283604724, 31.678549505304456 ], [ -106.395114778189964, 31.678549505304456 ], [ -106.395114778189964, 31.678818999889693 ], [ -106.395384272775203, 31.678818999889693 ], [ -106.395384272775203, 31.67828001071922 ], [ -106.396462251116134, 31.67828001071922 ], [ -106.396462251116134, 31.678010516133984 ], [ -106.397270734871853, 31.678010516133984 ], [ -106.397270734871853, 31.67828001071922 ], [ -106.397001240286613, 31.67828001071922 ], [ -106.397001240286613, 31.678549505304456 ], [ -106.396731745701373, 31.678549505304456 ], [ -106.396731745701373, 31.679088494474929 ], [ -106.396462251116134, 31.679088494474929 ], [ -106.396462251116134, 31.679357989060165 ], [ -106.396731745701373, 31.679357989060165 ], [ -106.396731745701373, 31.679627483645401 ], [ -106.396192756530908, 31.679627483645401 ], [ -106.396192756530908, 31.679896978230637 ], [ -106.396462251116134, 31.679896978230637 ], [ -106.396462251116134, 31.680166472815873 ], [ -106.395923261945669, 31.680166472815873 ], [ -106.395923261945669, 31.680705461986342 ], [ -106.395653767360429, 31.680705461986342 ], [ -106.395653767360429, 31.680974956571578 ] ], [ [ -106.395384272775203, 31.679357989060165 ], [ -106.395384272775203, 31.679088494474929 ], [ -106.395114778189964, 31.679088494474929 ], [ -106.395114778189964, 31.679357989060165 ], [ -106.395384272775203, 31.679357989060165 ] ], [ [ -106.395923261945669, 31.679088494474929 ], [ -106.395923261945669, 31.678818999889693 ], [ -106.395653767360429, 31.678818999889693 ], [ -106.395653767360429, 31.679088494474929 ], [ -106.395923261945669, 31.679088494474929 ] ] ] ] } },
{ "type": "Feature", "properties": { "ZONA_MET": "Ju_rez", "INTENSIDAD": "Intensa", "T_PROM_POL": 3.0, "T_MIN_CIUD": 1.0, "DIF_TERMIC": 2.0 }, "geometry": { "type": "MultiPolygon", "coordinates": [ [ [ [ -106.381370554342936, 31.678010516133984 ], [ -106.380831565172457, 31.678010516133984 ], [ -106.380831565172457, 31.677471526963512 ], [ -106.380292576001992, 31.677471526963512 ], [ -106.380292576001992, 31.677202032378279 ], [ -106.381640048928162, 31.677202032378279 ], [ -106.381640048928162, 31.676932537793043 ], [ -106.381909543513402, 31.676932537793043 ], [ -106.381909543513402, 31.677202032378279 ], [ -106.382179038098641, 31.677202032378279 ], [ -106.382179038098641, 31.677741021548748 ], [ -106.381370554342936, 31.677741021548748 ], [ -106.381370554342936, 31.678010516133984 ] ] ] ] } },
{ "type": "Feature", "properties": { "ZONA_MET": "Ju_rez", "INTENSIDAD": "Intensa", "T_PROM_POL": 3.0, "T_MIN_CIUD": 1.0, "DIF_TERMIC": 2.0 }, "geometry": { "type": "MultiPolygon", "coordinates": [ [ [ [ -106.387568929803351, 31.679627483645401 ], [ -106.387299435218125, 31.679627483645401 ], [ -106.387299435218125, 31.679357989060165 ], [ -106.387029940632885, 31.679357989060165 ], [ -106.387029940632885, 31.679627483645401 ], [ -106.386760446047646, 31.679627483645401 ], [ -106.386760446047646, 31.679357989060165 ], [ -106.38622145687718, 31.679357989060165 ], [ -106.38622145687718, 31.679088494474929 ], [ -106.385143478536236, 31.679088494474929 ], [ -106.385143478536236, 31.678818999889693 ], [ -106.384604489365756, 31.678818999889693 ], [ -106.384604489365756, 31.679357989060165 ], [ -106.385143478536236, 31.679357989060165 ], [ -106.385143478536236, 31.679627483645401 ], [ -106.384334994780531, 31.679627483645401 ], [ -106.384334994780531, 31.679357989060165 ], [ -106.384065500195291, 31.679357989060165 ], [ -106.384065500195291, 31.679627483645401 ], [ -106.383526511024826, 31.679627483645401 ], [ -106.383526511024826, 31.679357989060165 ], [ -106.382987521854346, 31.679357989060165 ], [ -106.382987521854346, 31.679088494474929 ], [ -106.382718027269107, 31.679088494474929 ], [ -106.382718027269107, 31.679357989060165 ], [ -106.382448532683881, 31.679357989060165 ], [ -106.382448532683881, 31.677471526963512 ], [ -106.382718027269107, 31.677471526963512 ], [ -106.382718027269107, 31.677741021548748 ], [ -106.383526511024826, 31.677741021548748 ], [ -106.383526511024826, 31.677471526963512 ], [ -106.383796005610051, 31.677471526963512 ], [ -106.383796005610051, 31.676393548622571 ], [ -106.384065500195291, 31.676393548622571 ], [ -106.384065500195291, 31.677202032378279 ], [ -106.384334994780531, 31.677202032378279 ], [ -106.384334994780531, 31.677471526963512 ], [ -106.384604489365756, 31.677471526963512 ], [ -106.384604489365756, 31.677741021548748 ], [ -106.384873983950996, 31.677741021548748 ], [ -106.384873983950996, 31.67828001071922 ], [ -106.385143478536236, 31.67828001071922 ], [ -106.385143478536236, 31.677741021548748 ], [ -106.385412973121475, 31.677741021548748 ], [ -106.385412973121475, 31.678010516133984 ], [ -106.385951962291941, 31.678010516133984 ], [ -106.385951962291941, 31.677741021548748 ], [ -106.38622145687718, 31.677741021548748 ], [ -106.38622145687718, 31.67828001071922 ], [ -106.386760446047646, 31.67828001071922 ], [ -106.386760446047646, 31.678010516133984 ], [ -106.387029940632885, 31.678010516133984 ], [ -106.387029940632885, 31.677741021548748 ], [ -106.387568929803351, 31.677741021548748 ], [ -106.387568929803351, 31.677471526963512 ], [ -106.38783842438859, 31.677471526963512 ], [ -106.38783842438859, 31.678010516133984 ], [ -106.387568929803351, 31.678010516133984 ], [ -106.387568929803351, 31.678549505304456 ], [ -106.387029940632885, 31.678549505304456 ], [ -106.387029940632885, 31.679088494474929 ], [ -106.387568929803351, 31.679088494474929 ], [ -106.387568929803351, 31.679627483645401 ] ], [ [ -106.385951962291941, 31.678818999889693 ], [ -106.385951962291941, 31.678549505304456 ], [ -106.385682467706701, 31.678549505304456 ], [ -106.385682467706701, 31.678818999889693 ], [ -106.385951962291941, 31.678818999889693 ] ], [ [ -106.383526511024826, 31.678549505304456 ], [ -106.383526511024826, 31.67828001071922 ], [ -106.383257016439586, 31.67828001071922 ], [ -106.383257016439586, 31.678549505304456 ], [ -106.383526511024826, 31.678549505304456 ] ], [ [ -106.383257016439586, 31.67828001071922 ], [ -106.383257016439586, 31.678010516133984 ], [ -106.382987521854346, 31.678010516133984 ], [ -106.382987521854346, 31.67828001071922 ], [ -106.383257016439586, 31.67828001071922 ] ] ] ] } },
{ "type": "Feature", "properties": { "ZONA_MET": "Ju_rez", "INTENSIDAD": "Intensa", "T_PROM_POL": 3.0, "T_MIN_CIUD": 1.0, "DIF_TERMIC": 2.0 }, "geometry": { "type": "MultiPolygon", "coordinates": [ [ [ [ -106.452247630259961, 31.677471526963512 ], [ -106.451439146504256, 31.677471526963512 ], [ -106.451439146504256, 31.677202032378279 ], [ -106.451169651919017, 31.677202032378279 ], [ -106.451169651919017, 31.677471526963512 ], [ -106.450900157333777, 31.677471526963512 ], [ -106.450900157333777, 31.676663043207807 ], [ -106.451169651919017, 31.676663043207807 ], [ -106.451169651919017, 31.676393548622571 ], [ -106.451439146504256, 31.676393548622571 ], [ -106.451439146504256, 31.676124054037334 ], [ -106.451708641089496, 31.676124054037334 ], [ -106.451708641089496, 31.676393548622571 ], [ -106.451978135674722, 31.676393548622571 ], [ -106.451978135674722, 31.677202032378279 ], [ -106.452247630259961, 31.677202032378279 ], [ -106.452247630259961, 31.677471526963512 ] ] ] ] } },
{ "type": "Feature", "properties": { "ZONA_MET": "Ju_rez", "INTENSIDAD": "Intensa", "T_PROM_POL": 3.0, "T_MIN_CIUD": 1.0, "DIF_TERMIC": 2.0 }, "geometry": { "type": "MultiPolygon", "coordinates": [ [ [ [ -106.391072359411424, 31.676932537793043 ], [ -106.390533370240945, 31.676932537793043 ], [ -106.390533370240945, 31.676663043207807 ], [ -106.39026387565572, 31.676663043207807 ], [ -106.39026387565572, 31.676393548622571 ], [ -106.38999438107048, 31.676393548622571 ], [ -106.38999438107048, 31.676663043207807 ], [ -106.38972488648524, 31.676663043207807 ], [ -106.38972488648524, 31.676124054037334 ], [ -106.389455391900015, 31.676124054037334 ], [ -106.389455391900015, 31.675854559452098 ], [ -106.389185897314775, 31.675854559452098 ], [ -106.389185897314775, 31.675585064866862 ], [ -106.38972488648524, 31.675585064866862 ], [ -106.38972488648524, 31.675854559452098 ], [ -106.390802864826185, 31.675854559452098 ], [ -106.390802864826185, 31.676663043207807 ], [ -106.391072359411424, 31.676663043207807 ], [ -106.391072359411424, 31.676932537793043 ] ] ] ] } },
{ "type": "Feature", "properties": { "ZONA_MET": "Ju_rez", "INTENSIDAD": "Extrema", "T_PROM_POL": 3.0, "T_MIN_CIUD": 1.0, "DIF_TERMIC": 2.0 }, "geometry": { "type": "MultiPolygon", "coordinates": [ [ [ [ -106.38810791897383, 31.678010516133984 ], [ -106.38783842438859, 31.678010516133984 ], [ -106.38783842438859, 31.677471526963512 ], [ -106.387568929803351, 31.677471526963512 ], [ -106.387568929803351, 31.677741021548748 ], [ -106.387299435218125, 31.677741021548748 ], [ -106.387299435218125, 31.676124054037334 ], [ -106.38649095146242, 31.676124054037334 ], [ -106.38649095146242, 31.675854559452098 ], [ -106.38622145687718, 31.675854559452098 ], [ -106.38622145687718, 31.675315570281626 ], [ -106.387029940632885, 31.675315570281626 ], [ -106.387029940632885, 31.675585064866862 ], [ -106.387568929803351, 31.675585064866862 ], [ -106.387568929803351, 31.675854559452098 ], [ -106.38783842438859, 31.675854559452098 ], [ -106.38783842438859, 31.676932537793043 ], [ -106.38810791897383, 31.676932537793043 ], [ -106.38810791897383, 31.678010516133984 ] ] ] ] } },
{ "type": "Feature", "properties": { "ZONA_MET": "Ju_rez", "INTENSIDAD": "Intensa", "T_PROM_POL": 3.0, "T_MIN_CIUD": 1.0, "DIF_TERMIC": 2.0 }, "geometry": { "type": "MultiPolygon", "coordinates": [ [ [ [ -106.379484092246287, 31.677471526963512 ], [ -106.379214597661047, 31.677471526963512 ], [ -106.379214597661047, 31.677202032378279 ], [ -106.378945103075807, 31.677202032378279 ], [ -106.378945103075807, 31.676932537793043 ], [ -106.378675608490568, 31.676932537793043 ], [ -106.378675608490568, 31.676663043207807 ], [ -106.377867124734863, 31.676663043207807 ], [ -106.377867124734863, 31.676393548622571 ], [ -106.376789146393918, 31.676393548622571 ], [ -106.376789146393918, 31.676124054037334 ], [ -106.376250157223453, 31.676124054037334 ], [ -106.376250157223453, 31.676393548622571 ], [ -106.375441673467748, 31.676393548622571 ], [ -106.375441673467748, 31.676124054037334 ], [ -106.375711168052973, 31.676124054037334 ], [ -106.375711168052973, 31.675854559452098 ], [ -106.376250157223453, 31.675854559452098 ], [ -106.376250157223453, 31.675585064866862 ], [ -106.376519651808692, 31.675585064866862 ], [ -106.376519651808692, 31.675315570281626 ], [ -106.376789146393918, 31.675315570281626 ], [ -106.376789146393918, 31.675585064866862 ], [ -106.377058640979158, 31.675585064866862 ], [ -106.377058640979158, 31.676124054037334 ], [ -106.378945103075807, 31.676124054037334 ], [ -106.378945103075807, 31.675585064866862 ], [ -106.379484092246287, 31.675585064866862 ], [ -106.379484092246287, 31.675315570281626 ], [ -106.380292576001992, 31.675315570281626 ], [ -106.380292576001992, 31.675585064866862 ], [ -106.379753586831512, 31.675585064866862 ], [ -106.379753586831512, 31.675854559452098 ], [ -106.379484092246287, 31.675854559452098 ], [ -106.379484092246287, 31.676124054037334 ], [ -106.379214597661047, 31.676124054037334 ], [ -106.379214597661047, 31.676393548622571 ], [ -106.379484092246287, 31.676393548622571 ], [ -106.379484092246287, 31.676663043207807 ], [ -106.379753586831512, 31.676663043207807 ], [ -106.379753586831512, 31.676932537793043 ], [ -106.380023081416752, 31.676932537793043 ], [ -106.380023081416752, 31.677202032378279 ], [ -106.379484092246287, 31.677202032378279 ], [ -106.379484092246287, 31.677471526963512 ] ], [ [ -106.379214597661047, 31.676932537793043 ], [ -106.379214597661047, 31.676663043207807 ], [ -106.378945103075807, 31.676663043207807 ], [ -106.378945103075807, 31.676932537793043 ], [ -106.379214597661047, 31.676932537793043 ] ] ] ] } },
{ "type": "Feature", "properties": { "ZONA_MET": "Ju_rez", "INTENSIDAD": "Intensa", "T_PROM_POL": 3.0, "T_MIN_CIUD": 1.0, "DIF_TERMIC": 2.0 }, "geometry": { "type": "MultiPolygon", "coordinates": [ [ [ [ -106.361966944205946, 31.676393548622571 ], [ -106.361697449620721, 31.676393548622571 ], [ -106.361697449620721, 31.675854559452098 ], [ -106.361427955035481, 31.675854559452098 ], [ -106.361427955035481, 31.676124054037334 ], [ -106.360619471279776, 31.676124054037334 ], [ -106.360619471279776, 31.675854559452098 ], [ -106.360349976694536, 31.675854559452098 ], [ -106.360349976694536, 31.675585064866862 ], [ -106.360080482109296, 31.675585064866862 ], [ -106.360080482109296, 31.676124054037334 ], [ -106.359002503768352, 31.676124054037334 ], [ -106.359002503768352, 31.675854559452098 ], [ -106.359271998353591, 31.675854559452098 ], [ -106.359271998353591, 31.675585064866862 ], [ -106.359541492938831, 31.675585064866862 ], [ -106.359541492938831, 31.675315570281626 ], [ -106.360080482109296, 31.675315570281626 ], [ -106.360080482109296, 31.67504607569639 ], [ -106.360888965865001, 31.67504607569639 ], [ -106.360888965865001, 31.675315570281626 ], [ -106.361966944205946, 31.675315570281626 ], [ -106.361966944205946, 31.676393548622571 ] ], [ [ -106.360888965865001, 31.675854559452098 ], [ -106.360888965865001, 31.675585064866862 ], [ -106.360619471279776, 31.675585064866862 ], [ -106.360619471279776, 31.675854559452098 ], [ -106.360888965865001, 31.675854559452098 ] ] ] ] } },
{ "type": "Feature", "properties": { "ZONA_MET": "Ju_rez", "INTENSIDAD": "Intensa", "T_PROM_POL": 3.0, "T_MIN_CIUD": 1.0, "DIF_TERMIC": 2.0 }, "geometry": { "type": "MultiPolygon", "coordinates": [ [ [ [ -106.383796005610051, 31.676393548622571 ], [ -106.383257016439586, 31.676393548622571 ], [ -106.383257016439586, 31.676124054037334 ], [ -106.383526511024826, 31.676124054037334 ], [ -106.383526511024826, 31.675854559452098 ], [ -106.383257016439586, 31.675854559452098 ], [ -106.383257016439586, 31.674776581111153 ], [ -106.383796005610051, 31.674776581111153 ], [ -106.383796005610051, 31.67504607569639 ], [ -106.384065500195291, 31.67504607569639 ], [ -106.384065500195291, 31.675585064866862 ], [ -106.384334994780531, 31.675585064866862 ], [ -106.384334994780531, 31.676124054037334 ], [ -106.383796005610051, 31.676124054037334 ], [ -106.383796005610051, 31.676393548622571 ] ] ] ] } },
{ "type": "Feature", "properties": { "ZONA_MET": "Ju_rez", "INTENSIDAD": "Intensa", "T_PROM_POL": 3.0, "T_MIN_CIUD": 1.0, "DIF_TERMIC": 2.0 }, "geometry": { "type": "MultiPolygon", "coordinates": [ [ [ [ -106.374902684297268, 31.675585064866862 ], [ -106.374633189712043, 31.675585064866862 ], [ -106.374633189712043, 31.675315570281626 ], [ -106.373285716785858, 31.675315570281626 ], [ -106.373285716785858, 31.67504607569639 ], [ -106.373016222200619, 31.67504607569639 ], [ -106.373016222200619, 31.674776581111153 ], [ -106.373824705956324, 31.674776581111153 ], [ -106.373824705956324, 31.67504607569639 ], [ -106.374094200541563, 31.67504607569639 ], [ -106.374094200541563, 31.674507086525917 ], [ -106.374902684297268, 31.674507086525917 ], [ -106.374902684297268, 31.674776581111153 ], [ -106.374633189712043, 31.674776581111153 ], [ -106.374633189712043, 31.67504607569639 ], [ -106.374902684297268, 31.67504607569639 ], [ -106.374902684297268, 31.675585064866862 ] ] ] ] } },
{ "type": "Feature", "properties": { "ZONA_MET": "Ju_rez", "INTENSIDAD": "Intensa", "T_PROM_POL": 3.0, "T_MIN_CIUD": 1.0, "DIF_TERMIC": 2.0 }, "geometry": { "type": "MultiPolygon", "coordinates": [ [ [ [ -106.358463514597887, 31.676124054037334 ], [ -106.358194020012647, 31.676124054037334 ], [ -106.358194020012647, 31.675854559452098 ], [ -106.357924525427407, 31.675854559452098 ], [ -106.357924525427407, 31.675315570281626 ], [ -106.358194020012647, 31.675315570281626 ], [ -106.358194020012647, 31.67504607569639 ], [ -106.357924525427407, 31.67504607569639 ], [ -106.357924525427407, 31.674776581111153 ], [ -106.358194020012647, 31.674776581111153 ], [ -106.358194020012647, 31.674507086525917 ], [ -106.358463514597887, 31.674507086525917 ], [ -106.358463514597887, 31.674237591940685 ], [ -106.358733009183126, 31.674237591940685 ], [ -106.358733009183126, 31.674776581111153 ], [ -106.359002503768352, 31.674776581111153 ], [ -106.359002503768352, 31.673968097355448 ], [ -106.359541492938831, 31.673968097355448 ], [ -106.359541492938831, 31.674507086525917 ], [ -106.359271998353591, 31.674507086525917 ], [ -106.359271998353591, 31.675585064866862 ], [ -106.359002503768352, 31.675585064866862 ], [ -106.359002503768352, 31.675854559452098 ], [ -106.358733009183126, 31.675854559452098 ], [ -106.358733009183126, 31.675585064866862 ], [ -106.358463514597887, 31.675585064866862 ], [ -106.358463514597887, 31.676124054037334 ] ] ] ] } },
{ "type": "Feature", "properties": { "ZONA_MET": "Ju_rez", "INTENSIDAD": "Extrema", "T_PROM_POL": 3.0, "T_MIN_CIUD": 1.0, "DIF_TERMIC": 2.0 }, "geometry": { "type": "MultiPolygon", "coordinates": [ [ [ [ -106.330166583148113, 31.67504607569639 ], [ -106.329627593977648, 31.67504607569639 ], [ -106.329627593977648, 31.674776581111153 ], [ -106.329088604807183, 31.674776581111153 ], [ -106.329088604807183, 31.67504607569639 ], [ -106.328549615636703, 31.67504607569639 ], [ -106.328549615636703, 31.674776581111153 ], [ -106.328280121051463, 31.674776581111153 ], [ -106.328280121051463, 31.674237591940685 ], [ -106.329088604807183, 31.674237591940685 ], [ -106.329088604807183, 31.673968097355448 ], [ -106.329627593977648, 31.673968097355448 ], [ -106.329627593977648, 31.674237591940685 ], [ -106.329358099392408, 31.674237591940685 ], [ -106.329358099392408, 31.674507086525917 ], [ -106.330975066903832, 31.674507086525917 ], [ -106.330975066903832, 31.674776581111153 ], [ -106.330166583148113, 31.674776581111153 ], [ -106.330166583148113, 31.67504607569639 ] ] ] ] } },
{ "type": "Feature", "properties": { "ZONA_MET": "Ju_rez", "INTENSIDAD": "Extrema", "T_PROM_POL": 3.0, "T_MIN_CIUD": 1.0, "DIF_TERMIC": 2.0 }, "geometry": { "type": "MultiPolygon", "coordinates": [ [ [ [ -106.376250157223453, 31.675854559452098 ], [ -106.375711168052973, 31.675854559452098 ], [ -106.375711168052973, 31.674776581111153 ], [ -106.376519651808692, 31.674776581111153 ], [ -106.376519651808692, 31.674237591940685 ], [ -106.376789146393918, 31.674237591940685 ], [ -106.376789146393918, 31.673698602770212 ], [ -106.377058640979158, 31.673698602770212 ], [ -106.377058640979158, 31.674507086525917 ], [ -106.376789146393918, 31.674507086525917 ], [ -106.376789146393918, 31.675315570281626 ], [ -106.376519651808692, 31.675315570281626 ], [ -106.376519651808692, 31.675585064866862 ], [ -106.376250157223453, 31.675585064866862 ], [ -106.376250157223453, 31.675854559452098 ] ] ] ] } },
{ "type": "Feature", "properties": { "ZONA_MET": "Ju_rez", "INTENSIDAD": "Intensa", "T_PROM_POL": 3.0, "T_MIN_CIUD": 1.0, "DIF_TERMIC": 2.0 }, "geometry": { "type": "MultiPolygon", "coordinates": [ [ [ [ -106.381909543513402, 31.674776581111153 ], [ -106.381101059757697, 31.674776581111153 ], [ -106.381101059757697, 31.673698602770212 ], [ -106.381370554342936, 31.673698602770212 ], [ -106.381370554342936, 31.673429108184976 ], [ -106.381909543513402, 31.673429108184976 ], [ -106.381909543513402, 31.672890119014504 ], [ -106.382179038098641, 31.672890119014504 ], [ -106.382179038098641, 31.673429108184976 ], [ -106.382448532683881, 31.673429108184976 ], [ -106.382448532683881, 31.673698602770212 ], [ -106.381909543513402, 31.673698602770212 ], [ -106.381909543513402, 31.673968097355448 ], [ -106.381640048928162, 31.673968097355448 ], [ -106.381640048928162, 31.674237591940685 ], [ -106.381370554342936, 31.674237591940685 ], [ -106.381370554342936, 31.674507086525917 ], [ -106.381909543513402, 31.674507086525917 ], [ -106.381909543513402, 31.674776581111153 ] ] ] ] } },
{ "type": "Feature", "properties": { "ZONA_MET": "Ju_rez", "INTENSIDAD": "Intensa", "T_PROM_POL": 3.0, "T_MIN_CIUD": 1.0, "DIF_TERMIC": 2.0 }, "geometry": { "type": "MultiPolygon", "coordinates": [ [ [ [ -106.397001240286613, 31.674237591940685 ], [ -106.396462251116134, 31.674237591940685 ], [ -106.396462251116134, 31.67315961359974 ], [ -106.396731745701373, 31.67315961359974 ], [ -106.396731745701373, 31.672890119014504 ], [ -106.397001240286613, 31.672890119014504 ], [ -106.397001240286613, 31.672620624429268 ], [ -106.397809724042318, 31.672620624429268 ], [ -106.397809724042318, 31.672890119014504 ], [ -106.397540229457078, 31.672890119014504 ], [ -106.397540229457078, 31.673968097355448 ], [ -106.397001240286613, 31.673968097355448 ], [ -106.397001240286613, 31.674237591940685 ] ], [ [ -106.397270734871853, 31.67315961359974 ], [ -106.397270734871853, 31.672890119014504 ], [ -106.397001240286613, 31.672890119014504 ], [ -106.397001240286613, 31.67315961359974 ], [ -106.397270734871853, 31.67315961359974 ] ] ] ] } },
{ "type": "Feature", "properties": { "ZONA_MET": "Ju_rez", "INTENSIDAD": "Intensa", "T_PROM_POL": 3.0, "T_MIN_CIUD": 1.0, "DIF_TERMIC": 2.0 }, "geometry": { "type": "MultiPolygon", "coordinates": [ [ [ [ -106.363853406302596, 31.67504607569639 ], [ -106.36358391171737, 31.67504607569639 ], [ -106.36358391171737, 31.674237591940685 ], [ -106.363853406302596, 31.674237591940685 ], [ -106.363853406302596, 31.673968097355448 ], [ -106.36358391171737, 31.673968097355448 ], [ -106.36358391171737, 31.673698602770212 ], [ -106.36493138464354, 31.673698602770212 ], [ -106.36493138464354, 31.672620624429268 ], [ -106.36547037381402, 31.672620624429268 ], [ -106.36547037381402, 31.672890119014504 ], [ -106.36520087922878, 31.672890119014504 ], [ -106.36520087922878, 31.673968097355448 ], [ -106.364392395473075, 31.673968097355448 ], [ -106.364392395473075, 31.674237591940685 ], [ -106.364122900887835, 31.674237591940685 ], [ -106.364122900887835, 31.674507086525917 ], [ -106.363853406302596, 31.674507086525917 ], [ -106.363853406302596, 31.67504607569639 ] ] ] ] } },
{ "type": "Feature", "properties": { "ZONA_MET": "Ju_rez", "INTENSIDAD": "Intensa", "T_PROM_POL": 3.0, "T_MIN_CIUD": 1.0, "DIF_TERMIC": 2.0 }, "geometry": { "type": "MultiPolygon", "coordinates": [ [ [ [ -106.405894561599396, 31.67504607569639 ], [ -106.405625067014157, 31.67504607569639 ], [ -106.405625067014157, 31.674776581111153 ], [ -106.405355572428917, 31.674776581111153 ], [ -106.405355572428917, 31.674507086525917 ], [ -106.405625067014157, 31.674507086525917 ], [ -106.405625067014157, 31.674237591940685 ], [ -106.405086077843691, 31.674237591940685 ], [ -106.405086077843691, 31.673698602770212 ], [ -106.404816583258452, 31.673698602770212 ], [ -106.404816583258452, 31.673429108184976 ], [ -106.404547088673212, 31.673429108184976 ], [ -106.404547088673212, 31.672890119014504 ], [ -106.404277594087986, 31.672890119014504 ], [ -106.404277594087986, 31.672351129844031 ], [ -106.404547088673212, 31.672351129844031 ], [ -106.404547088673212, 31.672081635258795 ], [ -106.404816583258452, 31.672081635258795 ], [ -106.404816583258452, 31.672351129844031 ], [ -106.405086077843691, 31.672351129844031 ], [ -106.405086077843691, 31.673429108184976 ], [ -106.405355572428917, 31.673429108184976 ], [ -106.405355572428917, 31.673698602770212 ], [ -106.405625067014157, 31.673698602770212 ], [ -106.405625067014157, 31.673968097355448 ], [ -106.405894561599396, 31.673968097355448 ], [ -106.405894561599396, 31.67504607569639 ] ], [ [ -106.404816583258452, 31.672890119014504 ], [ -106.404816583258452, 31.672620624429268 ], [ -106.404547088673212, 31.672620624429268 ], [ -106.404547088673212, 31.672890119014504 ], [ -106.404816583258452, 31.672890119014504 ] ] ] ] } },
{ "type": "Feature", "properties": { "ZONA_MET": "Ju_rez", "INTENSIDAD": "Intensa", "T_PROM_POL": 3.0, "T_MIN_CIUD": 1.0, "DIF_TERMIC": 2.0 }, "geometry": { "type": "MultiPolygon", "coordinates": [ [ [ [ -106.360619471279776, 31.673698602770212 ], [ -106.359541492938831, 31.673698602770212 ], [ -106.359541492938831, 31.67315961359974 ], [ -106.359810987524057, 31.67315961359974 ], [ -106.359810987524057, 31.673429108184976 ], [ -106.360349976694536, 31.673429108184976 ], [ -106.360349976694536, 31.67315961359974 ], [ -106.360080482109296, 31.67315961359974 ], [ -106.360080482109296, 31.672620624429268 ], [ -106.360349976694536, 31.672620624429268 ], [ -106.360349976694536, 31.672081635258795 ], [ -106.360888965865001, 31.672081635258795 ], [ -106.360888965865001, 31.67315961359974 ], [ -106.360619471279776, 31.67315961359974 ], [ -106.360619471279776, 31.673698602770212 ] ] ] ] } },
{ "type": "Feature", "properties": { "ZONA_MET": "Ju_rez", "INTENSIDAD": "Intensa", "T_PROM_POL": 3.0, "T_MIN_CIUD": 1.0, "DIF_TERMIC": 2.0 }, "geometry": { "type": "MultiPolygon", "coordinates": [ [ [ [ -106.370860265518729, 31.676932537793043 ], [ -106.370051781763024, 31.676932537793043 ], [ -106.370051781763024, 31.676663043207807 ], [ -106.369243298007319, 31.676663043207807 ], [ -106.369243298007319, 31.675854559452098 ], [ -106.36897380342208, 31.675854559452098 ], [ -106.36897380342208, 31.675585064866862 ], [ -106.368704308836854, 31.675585064866862 ], [ -106.368704308836854, 31.675854559452098 ], [ -106.368434814251614, 31.675854559452098 ], [ -106.368434814251614, 31.675585064866862 ], [ -106.368165319666375, 31.675585064866862 ], [ -106.368165319666375, 31.674776581111153 ], [ -106.368434814251614, 31.674776581111153 ], [ -106.368434814251614, 31.674507086525917 ], [ -106.36897380342208, 31.674507086525917 ], [ -106.36897380342208, 31.674776581111153 ], [ -106.369243298007319, 31.674776581111153 ], [ -106.369243298007319, 31.674507086525917 ], [ -106.369512792592559, 31.674507086525917 ], [ -106.369512792592559, 31.673698602770212 ], [ -106.369782287177784, 31.673698602770212 ], [ -106.369782287177784, 31.673429108184976 ], [ -106.370051781763024, 31.673429108184976 ], [ -106.370051781763024, 31.672081635258795 ], [ -106.370590770933504, 31.672081635258795 ], [ -106.370590770933504, 31.672351129844031 ], [ -106.371129760103969, 31.672351129844031 ], [ -106.371129760103969, 31.672620624429268 ], [ -106.371399254689209, 31.672620624429268 ], [ -106.371399254689209, 31.672890119014504 ], [ -106.370590770933504, 31.672890119014504 ], [ -106.370590770933504, 31.673698602770212 ], [ -106.371129760103969, 31.673698602770212 ], [ -106.371129760103969, 31.674237591940685 ], [ -106.369782287177784, 31.674237591940685 ], [ -106.369782287177784, 31.67504607569639 ], [ -106.369243298007319, 31.67504607569639 ], [ -106.369243298007319, 31.675585064866862 ], [ -106.369512792592559, 31.675585064866862 ], [ -106.369512792592559, 31.676124054037334 ], [ -106.369782287177784, 31.676124054037334 ], [ -106.369782287177784, 31.676393548622571 ], [ -106.370590770933504, 31.676393548622571 ], [ -106.370590770933504, 31.675854559452098 ], [ -106.371129760103969, 31.675854559452098 ], [ -106.371129760103969, 31.676663043207807 ], [ -106.370860265518729, 31.676663043207807 ], [ -106.370860265518729, 31.676932537793043 ] ] ] ] } },
{ "type": "Feature", "properties": { "ZONA_MET": "Ju_rez", "INTENSIDAD": "Intensa", "T_PROM_POL": 3.0, "T_MIN_CIUD": 1.0, "DIF_TERMIC": 2.0 }, "geometry": { "type": "MultiPolygon", "coordinates": [ [ [ [ -106.447666222310957, 31.675315570281626 ], [ -106.446588243970012, 31.675315570281626 ], [ -106.446588243970012, 31.674776581111153 ], [ -106.446318749384773, 31.674776581111153 ], [ -106.446318749384773, 31.67504607569639 ], [ -106.446049254799533, 31.67504607569639 ], [ -106.446049254799533, 31.673968097355448 ], [ -106.445510265629068, 31.673968097355448 ], [ -106.445510265629068, 31.672890119014504 ], [ -106.444971276458588, 31.672890119014504 ], [ -106.444971276458588, 31.671812140673559 ], [ -106.445779760214307, 31.671812140673559 ], [ -106.445779760214307, 31.671542646088323 ], [ -106.446049254799533, 31.671542646088323 ], [ -106.446049254799533, 31.672081635258795 ], [ -106.446318749384773, 31.672081635258795 ], [ -106.446318749384773, 31.672351129844031 ], [ -106.446049254799533, 31.672351129844031 ], [ -106.446049254799533, 31.672620624429268 ], [ -106.446318749384773, 31.672620624429268 ], [ -106.446318749384773, 31.672890119014504 ], [ -106.445779760214307, 31.672890119014504 ], [ -106.445779760214307, 31.673429108184976 ], [ -106.446588243970012, 31.673429108184976 ], [ -106.446588243970012, 31.673698602770212 ], [ -106.447396727725717, 31.673698602770212 ], [ -106.447396727725717, 31.673968097355448 ], [ -106.447935716896183, 31.673968097355448 ], [ -106.447935716896183, 31.673698602770212 ], [ -106.448205211481422, 31.673698602770212 ], [ -106.448205211481422, 31.673968097355448 ], [ -106.448474706066662, 31.673968097355448 ], [ -106.448474706066662, 31.674237591940685 ], [ -106.448205211481422, 31.674237591940685 ], [ -106.448205211481422, 31.674776581111153 ], [ -106.447935716896183, 31.674776581111153 ], [ -106.447935716896183, 31.67504607569639 ], [ -106.447666222310957, 31.67504607569639 ], [ -106.447666222310957, 31.675315570281626 ] ], [ [ -106.447396727725717, 31.67504607569639 ], [ -106.447396727725717, 31.674507086525917 ], [ -106.447127233140478, 31.674507086525917 ], [ -106.447127233140478, 31.674237591940685 ], [ -106.446588243970012, 31.674237591940685 ], [ -106.446588243970012, 31.674776581111153 ], [ -106.447127233140478, 31.674776581111153 ], [ -106.447127233140478, 31.67504607569639 ], [ -106.447396727725717, 31.67504607569639 ] ] ] ] } },
{ "type": "Feature", "properties": { "ZONA_MET": "Ju_rez", "INTENSIDAD": "Intensa", "T_PROM_POL": 3.0, "T_MIN_CIUD": 1.0, "DIF_TERMIC": 2.0 }, "geometry": { "type": "MultiPolygon", "coordinates": [ [ [ [ -106.355229579575052, 31.67315961359974 ], [ -106.354960084989813, 31.67315961359974 ], [ -106.354960084989813, 31.672890119014504 ], [ -106.354690590404587, 31.672890119014504 ], [ -106.354690590404587, 31.672620624429268 ], [ -106.353882106648868, 31.672620624429268 ], [ -106.353882106648868, 31.672351129844031 ], [ -106.353612612063642, 31.672351129844031 ], [ -106.353612612063642, 31.672081635258795 ], [ -106.353343117478403, 31.672081635258795 ], [ -106.353343117478403, 31.671812140673559 ], [ -106.353612612063642, 31.671812140673559 ], [ -106.353612612063642, 31.671542646088323 ], [ -106.353882106648868, 31.671542646088323 ], [ -106.353882106648868, 31.671812140673559 ], [ -106.354151601234108, 31.671812140673559 ], [ -106.354151601234108, 31.672081635258795 ], [ -106.355229579575052, 31.672081635258795 ], [ -106.355229579575052, 31.671812140673559 ], [ -106.355768568745532, 31.671812140673559 ], [ -106.355768568745532, 31.671542646088323 ], [ -106.356038063330757, 31.671542646088323 ], [ -106.356038063330757, 31.672081635258795 ], [ -106.355768568745532, 31.672081635258795 ], [ -106.355768568745532, 31.672620624429268 ], [ -106.355229579575052, 31.672620624429268 ], [ -106.355229579575052, 31.67315961359974 ] ] ] ] } },
{ "type": "Feature", "properties": { "ZONA_MET": "Ju_rez", "INTENSIDAD": "Extrema", "T_PROM_POL": 3.0, "T_MIN_CIUD": 1.0, "DIF_TERMIC": 2.0 }, "geometry": { "type": "MultiPolygon", "coordinates": [ [ [ [ -106.334209001926652, 31.67315961359974 ], [ -106.333939507341427, 31.67315961359974 ], [ -106.333939507341427, 31.671273151503087 ], [ -106.334209001926652, 31.671273151503087 ], [ -106.334209001926652, 31.671542646088323 ], [ -106.335017485682371, 31.671542646088323 ], [ -106.335017485682371, 31.671273151503087 ], [ -106.335286980267597, 31.671273151503087 ], [ -106.335286980267597, 31.671812140673559 ], [ -106.334209001926652, 31.671812140673559 ], [ -106.334209001926652, 31.672620624429268 ], [ -106.335017485682371, 31.672620624429268 ], [ -106.335017485682371, 31.672890119014504 ], [ -106.334209001926652, 31.672890119014504 ], [ -106.334209001926652, 31.67315961359974 ] ] ] ] } },
{ "type": "Feature", "properties": { "ZONA_MET": "Ju_rez", "INTENSIDAD": "Intensa", "T_PROM_POL": 3.0, "T_MIN_CIUD": 1.0, "DIF_TERMIC": 2.0 }, "geometry": { "type": "MultiPolygon", "coordinates": [ [ [ [ -106.349300698699864, 31.672620624429268 ], [ -106.348492214944159, 31.672620624429268 ], [ -106.348492214944159, 31.672081635258795 ], [ -106.348222720358919, 31.672081635258795 ], [ -106.348222720358919, 31.671542646088323 ], [ -106.348492214944159, 31.671542646088323 ], [ -106.348492214944159, 31.671273151503087 ], [ -106.348222720358919, 31.671273151503087 ], [ -106.348222720358919, 31.671003656917854 ], [ -106.348761709529398, 31.671003656917854 ], [ -106.348761709529398, 31.671812140673559 ], [ -106.349031204114624, 31.671812140673559 ], [ -106.349031204114624, 31.672081635258795 ], [ -106.349570193285103, 31.672081635258795 ], [ -106.349570193285103, 31.672351129844031 ], [ -106.349300698699864, 31.672351129844031 ], [ -106.349300698699864, 31.672620624429268 ] ] ] ] } },
{ "type": "Feature", "properties": { "ZONA_MET": "Ju_rez", "INTENSIDAD": "Intensa", "T_PROM_POL": 3.0, "T_MIN_CIUD": 1.0, "DIF_TERMIC": 2.0 }, "geometry": { "type": "MultiPolygon", "coordinates": [ [ [ [ -106.357924525427407, 31.672620624429268 ], [ -106.357385536256942, 31.672620624429268 ], [ -106.357385536256942, 31.672081635258795 ], [ -106.357924525427407, 31.672081635258795 ], [ -106.357924525427407, 31.671273151503087 ], [ -106.357385536256942, 31.671273151503087 ], [ -106.357385536256942, 31.671003656917854 ], [ -106.358463514597887, 31.671003656917854 ], [ -106.358463514597887, 31.671273151503087 ], [ -106.359271998353591, 31.671273151503087 ], [ -106.359271998353591, 31.672081635258795 ], [ -106.358463514597887, 31.672081635258795 ], [ -106.358463514597887, 31.672351129844031 ], [ -106.357924525427407, 31.672351129844031 ], [ -106.357924525427407, 31.672620624429268 ] ] ] ] } },
{ "type": "Feature", "properties": { "ZONA_MET": "Ju_rez", "INTENSIDAD": "Intensa", "T_PROM_POL": 3.0, "T_MIN_CIUD": 1.0, "DIF_TERMIC": 2.0 }, "geometry": { "type": "MultiPolygon", "coordinates": [ [ [ [ -106.403738604917507, 31.671812140673559 ], [ -106.402930121161802, 31.671812140673559 ], [ -106.402930121161802, 31.671542646088323 ], [ -106.402660626576562, 31.671542646088323 ], [ -106.402660626576562, 31.671273151503087 ], [ -106.402121637406097, 31.671273151503087 ], [ -106.402121637406097, 31.671542646088323 ], [ -106.401582648235618, 31.671542646088323 ], [ -106.401582648235618, 31.671273151503087 ], [ -106.401313153650392, 31.671273151503087 ], [ -106.401313153650392, 31.671003656917854 ], [ -106.402121637406097, 31.671003656917854 ], [ -106.402121637406097, 31.670734162332618 ], [ -106.402391131991322, 31.670734162332618 ], [ -106.402391131991322, 31.671003656917854 ], [ -106.402930121161802, 31.671003656917854 ], [ -106.402930121161802, 31.671273151503087 ], [ -106.403199615747042, 31.671273151503087 ], [ -106.403199615747042, 31.671542646088323 ], [ -106.403738604917507, 31.671542646088323 ], [ -106.403738604917507, 31.671812140673559 ] ] ] ] } },
{ "type": "Feature", "properties": { "ZONA_MET": "Ju_rez", "INTENSIDAD": "Extrema", "T_PROM_POL": 3.0, "T_MIN_CIUD": 1.0, "DIF_TERMIC": 2.0 }, "geometry": { "type": "MultiPolygon", "coordinates": [ [ [ [ -106.397270734871853, 31.672620624429268 ], [ -106.397001240286613, 31.672620624429268 ], [ -106.397001240286613, 31.672351129844031 ], [ -106.396731745701373, 31.672351129844031 ], [ -106.396731745701373, 31.672081635258795 ], [ -106.396462251116134, 31.672081635258795 ], [ -106.396462251116134, 31.671542646088323 ], [ -106.396731745701373, 31.671542646088323 ], [ -106.396731745701373, 31.671003656917854 ], [ -106.397001240286613, 31.671003656917854 ], [ -106.397001240286613, 31.670734162332618 ], [ -106.397540229457078, 31.670734162332618 ], [ -106.397540229457078, 31.671273151503087 ], [ -106.397270734871853, 31.671273151503087 ], [ -106.397270734871853, 31.672620624429268 ] ] ] ] } },
{ "type": "Feature", "properties": { "ZONA_MET": "Ju_rez", "INTENSIDAD": "Intensa", "T_PROM_POL": 3.0, "T_MIN_CIUD": 1.0, "DIF_TERMIC": 2.0 }, "geometry": { "type": "MultiPolygon", "coordinates": [ [ [ [ -106.351456655381753, 31.672890119014504 ], [ -106.350917666211274, 31.672890119014504 ], [ -106.350917666211274, 31.672351129844031 ], [ -106.350648171626048, 31.672351129844031 ], [ -106.350648171626048, 31.672081635258795 ], [ -106.350917666211274, 31.672081635258795 ], [ -106.350917666211274, 31.671273151503087 ], [ -106.350378677040808, 31.671273151503087 ], [ -106.350378677040808, 31.671003656917854 ], [ -106.350109182455569, 31.671003656917854 ], [ -106.350109182455569, 31.670734162332618 ], [ -106.350378677040808, 31.670734162332618 ], [ -106.350378677040808, 31.670464667747382 ], [ -106.351456655381753, 31.670464667747382 ], [ -106.351456655381753, 31.671003656917854 ], [ -106.351187160796513, 31.671003656917854 ], [ -106.351187160796513, 31.671273151503087 ], [ -106.351456655381753, 31.671273151503087 ], [ -106.351456655381753, 31.671542646088323 ], [ -106.351726149966993, 31.671542646088323 ], [ -106.351726149966993, 31.672351129844031 ], [ -106.351456655381753, 31.672351129844031 ], [ -106.351456655381753, 31.672890119014504 ] ] ] ] } },
{ "type": "Feature", "properties": { "ZONA_MET": "Ju_rez", "INTENSIDAD": "Intensa", "T_PROM_POL": 3.0, "T_MIN_CIUD": 1.0, "DIF_TERMIC": 2.0 }, "geometry": { "type": "MultiPolygon", "coordinates": [ [ [ [ -106.38783842438859, 31.675854559452098 ], [ -106.387568929803351, 31.675854559452098 ], [ -106.387568929803351, 31.675585064866862 ], [ -106.387029940632885, 31.675585064866862 ], [ -106.387029940632885, 31.675315570281626 ], [ -106.386760446047646, 31.675315570281626 ], [ -106.386760446047646, 31.674776581111153 ], [ -106.387299435218125, 31.674776581111153 ], [ -106.387299435218125, 31.674507086525917 ], [ -106.387568929803351, 31.674507086525917 ], [ -106.387568929803351, 31.674237591940685 ], [ -106.387299435218125, 31.674237591940685 ], [ -106.387299435218125, 31.673968097355448 ], [ -106.385951962291941, 31.673968097355448 ], [ -106.385951962291941, 31.673429108184976 ], [ -106.38622145687718, 31.673429108184976 ], [ -106.38622145687718, 31.673698602770212 ], [ -106.38649095146242, 31.673698602770212 ], [ -106.38649095146242, 31.673429108184976 ], [ -106.386760446047646, 31.673429108184976 ], [ -106.386760446047646, 31.673698602770212 ], [ -106.387299435218125, 31.673698602770212 ], [ -106.387299435218125, 31.671812140673559 ], [ -106.387568929803351, 31.671812140673559 ], [ -106.387568929803351, 31.671542646088323 ], [ -106.387299435218125, 31.671542646088323 ], [ -106.387299435218125, 31.671273151503087 ], [ -106.38783842438859, 31.671273151503087 ], [ -106.38783842438859, 31.671003656917854 ], [ -106.38810791897383, 31.671003656917854 ], [ -106.38810791897383, 31.670734162332618 ], [ -106.387568929803351, 31.670734162332618 ], [ -106.387568929803351, 31.670195173162146 ], [ -106.38783842438859, 31.670195173162146 ], [ -106.38783842438859, 31.670464667747382 ], [ -106.38837741355907, 31.670464667747382 ], [ -106.38837741355907, 31.671273151503087 ], [ -106.38810791897383, 31.671273151503087 ], [ -106.38810791897383, 31.673429108184976 ], [ -106.38783842438859, 31.673429108184976 ], [ -106.38783842438859, 31.674237591940685 ], [ -106.38837741355907, 31.674237591940685 ], [ -106.38837741355907, 31.674776581111153 ], [ -106.38810791897383, 31.674776581111153 ], [ -106.38810791897383, 31.675585064866862 ], [ -106.38783842438859, 31.675585064866862 ], [ -106.38783842438859, 31.675854559452098 ] ] ] ] } },
{ "type": "Feature", "properties": { "ZONA_MET": "Ju_rez", "INTENSIDAD": "Intensa", "T_PROM_POL": 3.0, "T_MIN_CIUD": 1.0, "DIF_TERMIC": 2.0 }, "geometry": { "type": "MultiPolygon", "coordinates": [ [ [ [ -106.368434814251614, 31.671812140673559 ], [ -106.368165319666375, 31.671812140673559 ], [ -106.368165319666375, 31.671273151503087 ], [ -106.367895825081135, 31.671273151503087 ], [ -106.367895825081135, 31.671003656917854 ], [ -106.36708734132543, 31.671003656917854 ], [ -106.36708734132543, 31.670464667747382 ], [ -106.36681784674019, 31.670464667747382 ], [ -106.36681784674019, 31.670195173162146 ], [ -106.36708734132543, 31.670195173162146 ], [ -106.36708734132543, 31.669925678576909 ], [ -106.367626330495909, 31.669925678576909 ], [ -106.367626330495909, 31.670195173162146 ], [ -106.367895825081135, 31.670195173162146 ], [ -106.367895825081135, 31.670464667747382 ], [ -106.368165319666375, 31.670464667747382 ], [ -106.368165319666375, 31.670734162332618 ], [ -106.368434814251614, 31.670734162332618 ], [ -106.368434814251614, 31.670464667747382 ], [ -106.368704308836854, 31.670464667747382 ], [ -106.368704308836854, 31.671003656917854 ], [ -106.36897380342208, 31.671003656917854 ], [ -106.36897380342208, 31.671273151503087 ], [ -106.369243298007319, 31.671273151503087 ], [ -106.369243298007319, 31.671542646088323 ], [ -106.368434814251614, 31.671542646088323 ], [ -106.368434814251614, 31.671812140673559 ] ] ] ] } },
{ "type": "Feature", "properties": { "ZONA_MET": "Ju_rez", "INTENSIDAD": "Intensa", "T_PROM_POL": 3.0, "T_MIN_CIUD": 1.0, "DIF_TERMIC": 2.0 }, "geometry": { "type": "MultiPolygon", "coordinates": [ [ [ [ -106.400235175309447, 31.670734162332618 ], [ -106.398618207798023, 31.670734162332618 ], [ -106.398618207798023, 31.670464667747382 ], [ -106.397809724042318, 31.670464667747382 ], [ -106.397809724042318, 31.670195173162146 ], [ -106.397540229457078, 31.670195173162146 ], [ -106.397540229457078, 31.669925678576909 ], [ -106.400235175309447, 31.669925678576909 ], [ -106.400235175309447, 31.670734162332618 ] ] ] ] } },
{ "type": "Feature", "properties": { "ZONA_MET": "Ju_rez", "INTENSIDAD": "Intensa", "T_PROM_POL": 3.0, "T_MIN_CIUD": 1.0, "DIF_TERMIC": 2.0 }, "geometry": { "type": "MultiPolygon", "coordinates": [ [ [ [ -106.363044922546891, 31.672081635258795 ], [ -106.361427955035481, 31.672081635258795 ], [ -106.361427955035481, 31.671812140673559 ], [ -106.361158460450241, 31.671812140673559 ], [ -106.361158460450241, 31.671273151503087 ], [ -106.361427955035481, 31.671273151503087 ], [ -106.361427955035481, 31.670734162332618 ], [ -106.361966944205946, 31.670734162332618 ], [ -106.361966944205946, 31.671273151503087 ], [ -106.362505933376426, 31.671273151503087 ], [ -106.362505933376426, 31.671003656917854 ], [ -106.362236438791186, 31.671003656917854 ], [ -106.362236438791186, 31.670464667747382 ], [ -106.362505933376426, 31.670464667747382 ], [ -106.362505933376426, 31.669656183991673 ], [ -106.362236438791186, 31.669656183991673 ], [ -106.362236438791186, 31.669386689406437 ], [ -106.362775427961665, 31.669386689406437 ], [ -106.362775427961665, 31.669117194821201 ], [ -106.36358391171737, 31.669117194821201 ], [ -106.36358391171737, 31.669656183991673 ], [ -106.363853406302596, 31.669656183991673 ], [ -106.363853406302596, 31.669925678576909 ], [ -106.363314417132131, 31.669925678576909 ], [ -106.363314417132131, 31.670195173162146 ], [ -106.363044922546891, 31.670195173162146 ], [ -106.363044922546891, 31.671003656917854 ], [ -106.362775427961665, 31.671003656917854 ], [ -106.362775427961665, 31.671812140673559 ], [ -106.363044922546891, 31.671812140673559 ], [ -106.363044922546891, 31.672081635258795 ] ] ] ] } },
{ "type": "Feature", "properties": { "ZONA_MET": "Ju_rez", "INTENSIDAD": "Intensa", "T_PROM_POL": 3.0, "T_MIN_CIUD": 1.0, "DIF_TERMIC": 2.0 }, "geometry": { "type": "MultiPolygon", "coordinates": [ [ [ [ -106.339059904460896, 31.678010516133984 ], [ -106.338790409875671, 31.678010516133984 ], [ -106.338790409875671, 31.677741021548748 ], [ -106.338520915290431, 31.677741021548748 ], [ -106.338520915290431, 31.677202032378279 ], [ -106.338251420705191, 31.677202032378279 ], [ -106.338251420705191, 31.676932537793043 ], [ -106.337981926119966, 31.676932537793043 ], [ -106.337981926119966, 31.676393548622571 ], [ -106.337442936949486, 31.676393548622571 ], [ -106.337442936949486, 31.675854559452098 ], [ -106.336903947779021, 31.675854559452098 ], [ -106.336903947779021, 31.675585064866862 ], [ -106.336364958608542, 31.675585064866862 ], [ -106.336364958608542, 31.675315570281626 ], [ -106.336095464023302, 31.675315570281626 ], [ -106.336095464023302, 31.675585064866862 ], [ -106.335556474852837, 31.675585064866862 ], [ -106.335556474852837, 31.675315570281626 ], [ -106.335286980267597, 31.675315570281626 ], [ -106.335286980267597, 31.674776581111153 ], [ -106.334478496511892, 31.674776581111153 ], [ -106.334478496511892, 31.674507086525917 ], [ -106.334209001926652, 31.674507086525917 ], [ -106.334209001926652, 31.674237591940685 ], [ -106.333400518170947, 31.674237591940685 ], [ -106.333400518170947, 31.673968097355448 ], [ -106.332861529000482, 31.673968097355448 ], [ -106.332861529000482, 31.674237591940685 ], [ -106.332592034415242, 31.674237591940685 ], [ -106.332592034415242, 31.673968097355448 ], [ -106.331783550659537, 31.673968097355448 ], [ -106.331783550659537, 31.674237591940685 ], [ -106.330705572318593, 31.674237591940685 ], [ -106.330705572318593, 31.674507086525917 ], [ -106.329358099392408, 31.674507086525917 ], [ -106.329358099392408, 31.674237591940685 ], [ -106.329627593977648, 31.674237591940685 ], [ -106.329627593977648, 31.673429108184976 ], [ -106.329897088562888, 31.673429108184976 ], [ -106.329897088562888, 31.673698602770212 ], [ -106.330705572318593, 31.673698602770212 ], [ -106.330705572318593, 31.673429108184976 ], [ -106.333400518170947, 31.673429108184976 ], [ -106.333400518170947, 31.67315961359974 ], [ -106.333670012756187, 31.67315961359974 ], [ -106.333670012756187, 31.672351129844031 ], [ -106.333400518170947, 31.672351129844031 ], [ -106.333400518170947, 31.672081635258795 ], [ -106.332861529000482, 31.672081635258795 ], [ -106.332861529000482, 31.671812140673559 ], [ -106.332322539830002, 31.671812140673559 ], [ -106.332322539830002, 31.671273151503087 ], [ -106.332592034415242, 31.671273151503087 ], [ -106.332592034415242, 31.670734162332618 ], [ -106.332322539830002, 31.670734162332618 ], [ -106.332322539830002, 31.671003656917854 ], [ -106.332053045244777, 31.671003656917854 ], [ -106.332053045244777, 31.671542646088323 ], [ -106.331783550659537, 31.671542646088323 ], [ -106.331783550659537, 31.671273151503087 ], [ -106.331244561489058, 31.671273151503087 ], [ -106.331244561489058, 31.671003656917854 ], [ -106.330975066903832, 31.671003656917854 ], [ -106.330975066903832, 31.670464667747382 ], [ -106.330436077733353, 31.670464667747382 ], [ -106.330436077733353, 31.670734162332618 ], [ -106.330705572318593, 31.670734162332618 ], [ -106.330705572318593, 31.671812140673559 ], [ -106.330436077733353, 31.671812140673559 ], [ -106.330436077733353, 31.671542646088323 ], [ -106.330166583148113, 31.671542646088323 ], [ -106.330166583148113, 31.671812140673559 ], [ -106.329897088562888, 31.671812140673559 ], [ -106.329897088562888, 31.672081635258795 ], [ -106.329627593977648, 31.672081635258795 ], [ -106.329627593977648, 31.672351129844031 ], [ -106.329358099392408, 31.672351129844031 ], [ -106.329358099392408, 31.672620624429268 ], [ -106.329088604807183, 31.672620624429268 ], [ -106.329088604807183, 31.671812140673559 ], [ -106.329358099392408, 31.671812140673559 ], [ -106.329358099392408, 31.671542646088323 ], [ -106.328819110221943, 31.671542646088323 ], [ -106.328819110221943, 31.670734162332618 ], [ -106.328549615636703, 31.670734162332618 ], [ -106.328549615636703, 31.670464667747382 ], [ -106.329627593977648, 31.670464667747382 ], [ -106.329627593977648, 31.670195173162146 ], [ -106.330436077733353, 31.670195173162146 ], [ -106.330436077733353, 31.669386689406437 ], [ -106.329627593977648, 31.669386689406437 ], [ -106.329627593977648, 31.669117194821201 ], [ -106.329897088562888, 31.669117194821201 ], [ -106.329897088562888, 31.668847700235965 ], [ -106.329627593977648, 31.668847700235965 ], [ -106.329627593977648, 31.668578205650729 ], [ -106.330436077733353, 31.668578205650729 ], [ -106.330436077733353, 31.668308711065492 ], [ -106.330705572318593, 31.668308711065492 ], [ -106.330705572318593, 31.668578205650729 ], [ -106.330975066903832, 31.668578205650729 ], [ -106.330975066903832, 31.668847700235965 ], [ -106.331244561489058, 31.668847700235965 ], [ -106.331244561489058, 31.669117194821201 ], [ -106.331514056074298, 31.669117194821201 ], [ -106.331514056074298, 31.669386689406437 ], [ -106.330975066903832, 31.669386689406437 ], [ -106.330975066903832, 31.669656183991673 ], [ -106.331514056074298, 31.669656183991673 ], [ -106.331514056074298, 31.670195173162146 ], [ -106.332322539830002, 31.670195173162146 ], [ -106.332322539830002, 31.669925678576909 ], [ -106.332592034415242, 31.669925678576909 ], [ -106.332592034415242, 31.669386689406437 ], [ -106.333131023585707, 31.669386689406437 ], [ -106.333131023585707, 31.669925678576909 ], [ -106.332861529000482, 31.669925678576909 ], [ -106.332861529000482, 31.670195173162146 ], [ -106.333400518170947, 31.670195173162146 ], [ -106.333400518170947, 31.670464667747382 ], [ -106.333670012756187, 31.670464667747382 ], [ -106.333670012756187, 31.670734162332618 ], [ -106.333939507341427, 31.670734162332618 ], [ -106.333939507341427, 31.671812140673559 ], [ -106.333670012756187, 31.671812140673559 ], [ -106.333670012756187, 31.672081635258795 ], [ -106.333939507341427, 31.672081635258795 ], [ -106.333939507341427, 31.673698602770212 ], [ -106.334747991097132, 31.673698602770212 ], [ -106.334747991097132, 31.673429108184976 ], [ -106.335017485682371, 31.673429108184976 ], [ -106.335017485682371, 31.67315961359974 ], [ -106.334747991097132, 31.67315961359974 ], [ -106.334747991097132, 31.672890119014504 ], [ -106.335017485682371, 31.672890119014504 ], [ -106.335017485682371, 31.672620624429268 ], [ -106.334747991097132, 31.672620624429268 ], [ -106.334747991097132, 31.672351129844031 ], [ -106.335017485682371, 31.672351129844031 ], [ -106.335017485682371, 31.671812140673559 ], [ -106.335286980267597, 31.671812140673559 ], [ -106.335286980267597, 31.671273151503087 ], [ -106.335556474852837, 31.671273151503087 ], [ -106.335556474852837, 31.671003656917854 ], [ -106.335286980267597, 31.671003656917854 ], [ -106.335286980267597, 31.670464667747382 ], [ -106.335556474852837, 31.670464667747382 ], [ -106.335556474852837, 31.670734162332618 ], [ -106.337173442364247, 31.670734162332618 ], [ -106.337173442364247, 31.671003656917854 ], [ -106.337442936949486, 31.671003656917854 ], [ -106.337442936949486, 31.671273151503087 ], [ -106.336634453193781, 31.671273151503087 ], [ -106.336634453193781, 31.671542646088323 ], [ -106.336364958608542, 31.671542646088323 ], [ -106.336364958608542, 31.671273151503087 ], [ -106.336095464023302, 31.671273151503087 ], [ -106.336095464023302, 31.671812140673559 ], [ -106.336634453193781, 31.671812140673559 ], [ -106.336634453193781, 31.672081635258795 ], [ -106.336903947779021, 31.672081635258795 ], [ -106.336903947779021, 31.672620624429268 ], [ -106.337173442364247, 31.672620624429268 ], [ -106.337173442364247, 31.673429108184976 ], [ -106.335825969438076, 31.673429108184976 ], [ -106.335825969438076, 31.67315961359974 ], [ -106.335286980267597, 31.67315961359974 ], [ -106.335286980267597, 31.673698602770212 ], [ -106.335556474852837, 31.673698602770212 ], [ -106.335556474852837, 31.674237591940685 ], [ -106.336095464023302, 31.674237591940685 ], [ -106.336095464023302, 31.673698602770212 ], [ -106.336364958608542, 31.673698602770212 ], [ -106.336364958608542, 31.673968097355448 ], [ -106.336634453193781, 31.673968097355448 ], [ -106.336634453193781, 31.674237591940685 ], [ -106.336364958608542, 31.674237591940685 ], [ -106.336364958608542, 31.674776581111153 ], [ -106.336903947779021, 31.674776581111153 ], [ -106.336903947779021, 31.67504607569639 ], [ -106.337173442364247, 31.67504607569639 ], [ -106.337173442364247, 31.675315570281626 ], [ -106.337981926119966, 31.675315570281626 ], [ -106.337981926119966, 31.675585064866862 ], [ -106.338251420705191, 31.675585064866862 ], [ -106.338251420705191, 31.675854559452098 ], [ -106.338520915290431, 31.675854559452098 ], [ -106.338520915290431, 31.676393548622571 ], [ -106.338790409875671, 31.676393548622571 ], [ -106.338790409875671, 31.677202032378279 ], [ -106.339059904460896, 31.677202032378279 ], [ -106.339059904460896, 31.678010516133984 ] ], [ [ -106.335017485682371, 31.673968097355448 ], [ -106.335017485682371, 31.673698602770212 ], [ -106.334747991097132, 31.673698602770212 ], [ -106.334747991097132, 31.673968097355448 ], [ -106.335017485682371, 31.673968097355448 ] ], [ [ -106.336364958608542, 31.67315961359974 ], [ -106.336364958608542, 31.672890119014504 ], [ -106.336095464023302, 31.672890119014504 ], [ -106.336095464023302, 31.67315961359974 ], [ -106.336364958608542, 31.67315961359974 ] ], [ [ -106.336095464023302, 31.672890119014504 ], [ -106.336095464023302, 31.672620624429268 ], [ -106.336634453193781, 31.672620624429268 ], [ -106.336634453193781, 31.672081635258795 ], [ -106.336095464023302, 31.672081635258795 ], [ -106.336095464023302, 31.672351129844031 ], [ -106.335556474852837, 31.672351129844031 ], [ -106.335556474852837, 31.672620624429268 ], [ -106.335825969438076, 31.672620624429268 ], [ -106.335825969438076, 31.672890119014504 ], [ -106.336095464023302, 31.672890119014504 ] ], [ [ -106.333400518170947, 31.671542646088323 ], [ -106.333400518170947, 31.671273151503087 ], [ -106.333670012756187, 31.671273151503087 ], [ -106.333670012756187, 31.671003656917854 ], [ -106.333400518170947, 31.671003656917854 ], [ -106.333400518170947, 31.670734162332618 ], [ -106.333131023585707, 31.670734162332618 ], [ -106.333131023585707, 31.671542646088323 ], [ -106.333400518170947, 31.671542646088323 ] ], [ [ -106.331783550659537, 31.670734162332618 ], [ -106.331783550659537, 31.670464667747382 ], [ -106.331514056074298, 31.670464667747382 ], [ -106.331514056074298, 31.670734162332618 ], [ -106.331783550659537, 31.670734162332618 ] ] ] ] } },
{ "type": "Feature", "properties": { "ZONA_MET": "Ju_rez", "INTENSIDAD": "Extrema", "T_PROM_POL": 3.0, "T_MIN_CIUD": 1.0, "DIF_TERMIC": 2.0 }, "geometry": { "type": "MultiPolygon", "coordinates": [ [ [ [ -106.387299435218125, 31.670734162332618 ], [ -106.387029940632885, 31.670734162332618 ], [ -106.387029940632885, 31.669925678576909 ], [ -106.386760446047646, 31.669925678576909 ], [ -106.386760446047646, 31.669386689406437 ], [ -106.387029940632885, 31.669386689406437 ], [ -106.387029940632885, 31.669117194821201 ], [ -106.38649095146242, 31.669117194821201 ], [ -106.38649095146242, 31.66803921648026 ], [ -106.387029940632885, 31.66803921648026 ], [ -106.387029940632885, 31.668578205650729 ], [ -106.387299435218125, 31.668578205650729 ], [ -106.387299435218125, 31.669117194821201 ], [ -106.387568929803351, 31.669117194821201 ], [ -106.387568929803351, 31.669656183991673 ], [ -106.387299435218125, 31.669656183991673 ], [ -106.387299435218125, 31.669925678576909 ], [ -106.387568929803351, 31.669925678576909 ], [ -106.387568929803351, 31.670464667747382 ], [ -106.387299435218125, 31.670464667747382 ], [ -106.387299435218125, 31.670734162332618 ] ] ] ] } },
{ "type": "Feature", "properties": { "ZONA_MET": "Ju_rez", "INTENSIDAD": "Intensa", "T_PROM_POL": 3.0, "T_MIN_CIUD": 1.0, "DIF_TERMIC": 2.0 }, "geometry": { "type": "MultiPolygon", "coordinates": [ [ [ [ -106.366548352154965, 31.669656183991673 ], [ -106.366278857569725, 31.669656183991673 ], [ -106.366278857569725, 31.669117194821201 ], [ -106.366009362984485, 31.669117194821201 ], [ -106.366009362984485, 31.668578205650729 ], [ -106.36547037381402, 31.668578205650729 ], [ -106.36547037381402, 31.66803921648026 ], [ -106.366009362984485, 31.66803921648026 ], [ -106.366009362984485, 31.668308711065492 ], [ -106.366278857569725, 31.668308711065492 ], [ -106.366278857569725, 31.668578205650729 ], [ -106.366548352154965, 31.668578205650729 ], [ -106.366548352154965, 31.668847700235965 ], [ -106.367626330495909, 31.668847700235965 ], [ -106.367626330495909, 31.669117194821201 ], [ -106.36735683591067, 31.669117194821201 ], [ -106.36735683591067, 31.669386689406437 ], [ -106.366548352154965, 31.669386689406437 ], [ -106.366548352154965, 31.669656183991673 ] ] ] ] } },
{ "type": "Feature", "properties": { "ZONA_MET": "Ju_rez", "INTENSIDAD": "Intensa", "T_PROM_POL": 3.0, "T_MIN_CIUD": 1.0, "DIF_TERMIC": 2.0 }, "geometry": { "type": "MultiPolygon", "coordinates": [ [ [ [ -106.34256333406897, 31.670734162332618 ], [ -106.341215861142786, 31.670734162332618 ], [ -106.341215861142786, 31.670464667747382 ], [ -106.341485355728025, 31.670464667747382 ], [ -106.341485355728025, 31.670195173162146 ], [ -106.342024344898491, 31.670195173162146 ], [ -106.342024344898491, 31.669925678576909 ], [ -106.34229383948373, 31.669925678576909 ], [ -106.34229383948373, 31.669386689406437 ], [ -106.34094636655756, 31.669386689406437 ], [ -106.34094636655756, 31.668847700235965 ], [ -106.341215861142786, 31.668847700235965 ], [ -106.341215861142786, 31.668578205650729 ], [ -106.341485355728025, 31.668578205650729 ], [ -106.341485355728025, 31.667769721895024 ], [ -106.34229383948373, 31.667769721895024 ], [ -106.34229383948373, 31.667500227309787 ], [ -106.34256333406897, 31.667500227309787 ], [ -106.34256333406897, 31.667230732724551 ], [ -106.343102323239435, 31.667230732724551 ], [ -106.343102323239435, 31.66803921648026 ], [ -106.34283282865421, 31.66803921648026 ], [ -106.34283282865421, 31.668578205650729 ], [ -106.343102323239435, 31.668578205650729 ], [ -106.343102323239435, 31.669117194821201 ], [ -106.34283282865421, 31.669117194821201 ], [ -106.34283282865421, 31.669656183991673 ], [ -106.343641312409915, 31.669656183991673 ], [ -106.343641312409915, 31.669386689406437 ], [ -106.34418030158038, 31.669386689406437 ], [ -106.34418030158038, 31.668847700235965 ], [ -106.34444979616562, 31.668847700235965 ], [ -106.34444979616562, 31.669117194821201 ], [ -106.344719290750859, 31.669117194821201 ], [ -106.344719290750859, 31.668847700235965 ], [ -106.34606676367703, 31.668847700235965 ], [ -106.34606676367703, 31.669117194821201 ], [ -106.345797269091804, 31.669117194821201 ], [ -106.345797269091804, 31.669925678576909 ], [ -106.34418030158038, 31.669925678576909 ], [ -106.34418030158038, 31.670464667747382 ], [ -106.343102323239435, 31.670464667747382 ], [ -106.343102323239435, 31.670195173162146 ], [ -106.34283282865421, 31.670195173162146 ], [ -106.34283282865421, 31.670464667747382 ], [ -106.34256333406897, 31.670464667747382 ], [ -106.34256333406897, 31.670734162332618 ] ], [ [ -106.34283282865421, 31.668847700235965 ], [ -106.34283282865421, 31.668578205650729 ], [ -106.34256333406897, 31.668578205650729 ], [ -106.34256333406897, 31.668847700235965 ], [ -106.34283282865421, 31.668847700235965 ] ] ] ] } },
{ "type": "Feature", "properties": { "ZONA_MET": "Ju_rez", "INTENSIDAD": "Intensa", "T_PROM_POL": 3.0, "T_MIN_CIUD": 1.0, "DIF_TERMIC": 2.0 }, "geometry": { "type": "MultiPolygon", "coordinates": [ [ [ [ -106.38837741355907, 31.669656183991673 ], [ -106.38783842438859, 31.669656183991673 ], [ -106.38783842438859, 31.669386689406437 ], [ -106.387568929803351, 31.669386689406437 ], [ -106.387568929803351, 31.666961238139315 ], [ -106.38783842438859, 31.666961238139315 ], [ -106.38783842438859, 31.66803921648026 ], [ -106.38810791897383, 31.66803921648026 ], [ -106.38810791897383, 31.669386689406437 ], [ -106.38837741355907, 31.669386689406437 ], [ -106.38837741355907, 31.669656183991673 ] ] ] ] } },
{ "type": "Feature", "properties": { "ZONA_MET": "Ju_rez", "INTENSIDAD": "Intensa", "T_PROM_POL": 3.0, "T_MIN_CIUD": 1.0, "DIF_TERMIC": 2.0 }, "geometry": { "type": "MultiPolygon", "coordinates": [ [ [ [ -106.328549615636703, 31.668308711065492 ], [ -106.328280121051463, 31.668308711065492 ], [ -106.328280121051463, 31.66803921648026 ], [ -106.328010626466238, 31.66803921648026 ], [ -106.328010626466238, 31.667500227309787 ], [ -106.326663153540053, 31.667500227309787 ], [ -106.326663153540053, 31.667769721895024 ], [ -106.325854669784349, 31.667769721895024 ], [ -106.325854669784349, 31.667500227309787 ], [ -106.326124164369588, 31.667500227309787 ], [ -106.326124164369588, 31.667230732724551 ], [ -106.326932648125293, 31.667230732724551 ], [ -106.326932648125293, 31.666961238139315 ], [ -106.328010626466238, 31.666961238139315 ], [ -106.328010626466238, 31.667230732724551 ], [ -106.328280121051463, 31.667230732724551 ], [ -106.328280121051463, 31.667500227309787 ], [ -106.328549615636703, 31.667500227309787 ], [ -106.328549615636703, 31.668308711065492 ] ] ] ] } },
{ "type": "Feature", "properties": { "ZONA_MET": "Ju_rez", "INTENSIDAD": "Intensa", "T_PROM_POL": 3.0, "T_MIN_CIUD": 1.0, "DIF_TERMIC": 2.0 }, "geometry": { "type": "MultiPolygon", "coordinates": [ [ [ [ -106.38649095146242, 31.668578205650729 ], [ -106.38622145687718, 31.668578205650729 ], [ -106.38622145687718, 31.667769721895024 ], [ -106.385951962291941, 31.667769721895024 ], [ -106.385951962291941, 31.66803921648026 ], [ -106.385143478536236, 31.66803921648026 ], [ -106.385143478536236, 31.667769721895024 ], [ -106.385412973121475, 31.667769721895024 ], [ -106.385412973121475, 31.667500227309787 ], [ -106.385951962291941, 31.667500227309787 ], [ -106.385951962291941, 31.667230732724551 ], [ -106.38622145687718, 31.667230732724551 ], [ -106.38622145687718, 31.666961238139315 ], [ -106.38649095146242, 31.666961238139315 ], [ -106.38649095146242, 31.667230732724551 ], [ -106.386760446047646, 31.667230732724551 ], [ -106.386760446047646, 31.667500227309787 ], [ -106.38649095146242, 31.667500227309787 ], [ -106.38649095146242, 31.667769721895024 ], [ -106.386760446047646, 31.667769721895024 ], [ -106.386760446047646, 31.66803921648026 ], [ -106.38649095146242, 31.66803921648026 ], [ -106.38649095146242, 31.668578205650729 ] ] ] ] } },
{ "type": "Feature", "properties": { "ZONA_MET": "Ju_rez", "INTENSIDAD": "Intensa", "T_PROM_POL": 3.0, "T_MIN_CIUD": 1.0, "DIF_TERMIC": 2.0 }, "geometry": { "type": "MultiPolygon", "coordinates": [ [ [ [ -106.359541492938831, 31.668578205650729 ], [ -106.358733009183126, 31.668578205650729 ], [ -106.358733009183126, 31.668308711065492 ], [ -106.357924525427407, 31.668308711065492 ], [ -106.357924525427407, 31.66803921648026 ], [ -106.357655030842182, 31.66803921648026 ], [ -106.357655030842182, 31.667769721895024 ], [ -106.357385536256942, 31.667769721895024 ], [ -106.357385536256942, 31.667500227309787 ], [ -106.356846547086462, 31.667500227309787 ], [ -106.356846547086462, 31.667230732724551 ], [ -106.355499074160292, 31.667230732724551 ], [ -106.355499074160292, 31.666961238139315 ], [ -106.355768568745532, 31.666961238139315 ], [ -106.355768568745532, 31.666691743554079 ], [ -106.356038063330757, 31.666691743554079 ], [ -106.356038063330757, 31.666961238139315 ], [ -106.357116041671702, 31.666961238139315 ], [ -106.357116041671702, 31.667230732724551 ], [ -106.357924525427407, 31.667230732724551 ], [ -106.357924525427407, 31.667500227309787 ], [ -106.358194020012647, 31.667500227309787 ], [ -106.358194020012647, 31.667769721895024 ], [ -106.358733009183126, 31.667769721895024 ], [ -106.358733009183126, 31.66803921648026 ], [ -106.360888965865001, 31.66803921648026 ], [ -106.360888965865001, 31.668308711065492 ], [ -106.359541492938831, 31.668308711065492 ], [ -106.359541492938831, 31.668578205650729 ] ] ] ] } },
{ "type": "Feature", "properties": { "ZONA_MET": "Ju_rez", "INTENSIDAD": "Intensa", "T_PROM_POL": 3.0, "T_MIN_CIUD": 1.0, "DIF_TERMIC": 2.0 }, "geometry": { "type": "MultiPolygon", "coordinates": [ [ [ [ -106.395923261945669, 31.670464667747382 ], [ -106.395114778189964, 31.670464667747382 ], [ -106.395114778189964, 31.669925678576909 ], [ -106.393497810678539, 31.669925678576909 ], [ -106.393497810678539, 31.670195173162146 ], [ -106.393228316093314, 31.670195173162146 ], [ -106.393228316093314, 31.668847700235965 ], [ -106.393497810678539, 31.668847700235965 ], [ -106.393497810678539, 31.667769721895024 ], [ -106.393228316093314, 31.667769721895024 ], [ -106.393228316093314, 31.667230732724551 ], [ -106.393497810678539, 31.667230732724551 ], [ -106.393497810678539, 31.666961238139315 ], [ -106.393767305263779, 31.666961238139315 ], [ -106.393767305263779, 31.666691743554079 ], [ -106.394036799849019, 31.666691743554079 ], [ -106.394036799849019, 31.666422248968843 ], [ -106.394575789019484, 31.666422248968843 ], [ -106.394575789019484, 31.666691743554079 ], [ -106.395114778189964, 31.666691743554079 ], [ -106.395114778189964, 31.666961238139315 ], [ -106.395384272775203, 31.666961238139315 ], [ -106.395384272775203, 31.66803921648026 ], [ -106.397809724042318, 31.66803921648026 ], [ -106.397809724042318, 31.668847700235965 ], [ -106.397540229457078, 31.668847700235965 ], [ -106.397540229457078, 31.668578205650729 ], [ -106.396192756530908, 31.668578205650729 ], [ -106.396192756530908, 31.668308711065492 ], [ -106.395923261945669, 31.668308711065492 ], [ -106.395923261945669, 31.668578205650729 ], [ -106.395384272775203, 31.668578205650729 ], [ -106.395384272775203, 31.668847700235965 ], [ -106.395114778189964, 31.668847700235965 ], [ -106.395114778189964, 31.669386689406437 ], [ -106.395384272775203, 31.669386689406437 ], [ -106.395384272775203, 31.669656183991673 ], [ -106.395923261945669, 31.669656183991673 ], [ -106.395923261945669, 31.669925678576909 ], [ -106.396192756530908, 31.669925678576909 ], [ -106.396192756530908, 31.670195173162146 ], [ -106.395923261945669, 31.670195173162146 ], [ -106.395923261945669, 31.670464667747382 ] ], [ [ -106.394036799849019, 31.669656183991673 ], [ -106.394036799849019, 31.669386689406437 ], [ -106.393497810678539, 31.669386689406437 ], [ -106.393497810678539, 31.669656183991673 ], [ -106.394036799849019, 31.669656183991673 ] ], [ [ -106.395114778189964, 31.66803921648026 ], [ -106.395114778189964, 31.666961238139315 ], [ -106.394306294434259, 31.666961238139315 ], [ -106.394306294434259, 31.66803921648026 ], [ -106.395114778189964, 31.66803921648026 ] ] ] ] } },
{ "type": "Feature", "properties": { "ZONA_MET": "Ju_rez", "INTENSIDAD": "Intensa", "T_PROM_POL": 3.0, "T_MIN_CIUD": 1.0, "DIF_TERMIC": 2.0 }, "geometry": { "type": "MultiPolygon", "coordinates": [ [ [ [ -106.384604489365756, 31.66803921648026 ], [ -106.384334994780531, 31.66803921648026 ], [ -106.384334994780531, 31.667500227309787 ], [ -106.383796005610051, 31.667500227309787 ], [ -106.383796005610051, 31.667230732724551 ], [ -106.383526511024826, 31.667230732724551 ], [ -106.383526511024826, 31.666961238139315 ], [ -106.382987521854346, 31.666961238139315 ], [ -106.382987521854346, 31.666691743554079 ], [ -106.382718027269107, 31.666691743554079 ], [ -106.382718027269107, 31.666422248968843 ], [ -106.382448532683881, 31.666422248968843 ], [ -106.382448532683881, 31.665344270627898 ], [ -106.382718027269107, 31.665344270627898 ], [ -106.382718027269107, 31.666152754383607 ], [ -106.382987521854346, 31.666152754383607 ], [ -106.382987521854346, 31.666422248968843 ], [ -106.383526511024826, 31.666422248968843 ], [ -106.383526511024826, 31.666691743554079 ], [ -106.383796005610051, 31.666691743554079 ], [ -106.383796005610051, 31.666961238139315 ], [ -106.384604489365756, 31.666961238139315 ], [ -106.384604489365756, 31.667230732724551 ], [ -106.384873983950996, 31.667230732724551 ], [ -106.384873983950996, 31.667500227309787 ], [ -106.384604489365756, 31.667500227309787 ], [ -106.384604489365756, 31.66803921648026 ] ] ] ] } },
{ "type": "Feature", "properties": { "ZONA_MET": "Ju_rez", "INTENSIDAD": "Extrema", "T_PROM_POL": 3.0, "T_MIN_CIUD": 1.0, "DIF_TERMIC": 2.0 }, "geometry": { "type": "MultiPolygon", "coordinates": [ [ [ [ -106.333131023585707, 31.665613765213134 ], [ -106.332592034415242, 31.665613765213134 ], [ -106.332592034415242, 31.665074776042665 ], [ -106.332322539830002, 31.665074776042665 ], [ -106.332322539830002, 31.664535786872193 ], [ -106.331783550659537, 31.664535786872193 ], [ -106.331783550659537, 31.664266292286957 ], [ -106.331514056074298, 31.664266292286957 ], [ -106.331514056074298, 31.663727303116485 ], [ -106.331783550659537, 31.663727303116485 ], [ -106.331783550659537, 31.663996797701721 ], [ -106.332053045244777, 31.663996797701721 ], [ -106.332053045244777, 31.664266292286957 ], [ -106.332592034415242, 31.664266292286957 ], [ -106.332592034415242, 31.664535786872193 ], [ -106.332861529000482, 31.664535786872193 ], [ -106.332861529000482, 31.664805281457429 ], [ -106.333131023585707, 31.664805281457429 ], [ -106.333131023585707, 31.665613765213134 ] ] ] ] } },
{ "type": "Feature", "properties": { "ZONA_MET": "Ju_rez", "INTENSIDAD": "Intensa", "T_PROM_POL": 3.0, "T_MIN_CIUD": 1.0, "DIF_TERMIC": 2.0 }, "geometry": { "type": "MultiPolygon", "coordinates": [ [ [ [ -106.362775427961665, 31.664535786872193 ], [ -106.361966944205946, 31.664535786872193 ], [ -106.361966944205946, 31.664266292286957 ], [ -106.361158460450241, 31.664266292286957 ], [ -106.361158460450241, 31.663996797701721 ], [ -106.361427955035481, 31.663996797701721 ], [ -106.361427955035481, 31.663727303116485 ], [ -106.361697449620721, 31.663727303116485 ], [ -106.361697449620721, 31.663457808531248 ], [ -106.362505933376426, 31.663457808531248 ], [ -106.362505933376426, 31.663188313946012 ], [ -106.363853406302596, 31.663188313946012 ], [ -106.363853406302596, 31.663457808531248 ], [ -106.364122900887835, 31.663457808531248 ], [ -106.364122900887835, 31.663188313946012 ], [ -106.36493138464354, 31.663188313946012 ], [ -106.36493138464354, 31.663457808531248 ], [ -106.364392395473075, 31.663457808531248 ], [ -106.364392395473075, 31.663727303116485 ], [ -106.364122900887835, 31.663727303116485 ], [ -106.364122900887835, 31.663996797701721 ], [ -106.364392395473075, 31.663996797701721 ], [ -106.364392395473075, 31.664266292286957 ], [ -106.363314417132131, 31.664266292286957 ], [ -106.363314417132131, 31.663996797701721 ], [ -106.363044922546891, 31.663996797701721 ], [ -106.363044922546891, 31.664266292286957 ], [ -106.362775427961665, 31.664266292286957 ], [ -106.362775427961665, 31.664535786872193 ] ], [ [ -106.362236438791186, 31.664266292286957 ], [ -106.362236438791186, 31.663727303116485 ], [ -106.361966944205946, 31.663727303116485 ], [ -106.361966944205946, 31.664266292286957 ], [ -106.362236438791186, 31.664266292286957 ] ], [ [ -106.362775427961665, 31.663996797701721 ], [ -106.362775427961665, 31.663727303116485 ], [ -106.363044922546891, 31.663727303116485 ], [ -106.363044922546891, 31.663457808531248 ], [ -106.362505933376426, 31.663457808531248 ], [ -106.362505933376426, 31.663996797701721 ], [ -106.362775427961665, 31.663996797701721 ] ] ] ] } },
{ "type": "Feature", "properties": { "ZONA_MET": "Ju_rez", "INTENSIDAD": "Intensa", "T_PROM_POL": 3.0, "T_MIN_CIUD": 1.0, "DIF_TERMIC": 2.0 }, "geometry": { "type": "MultiPolygon", "coordinates": [ [ [ [ -106.361158460450241, 31.667769721895024 ], [ -106.360888965865001, 31.667769721895024 ], [ -106.360888965865001, 31.66588325979837 ], [ -106.360619471279776, 31.66588325979837 ], [ -106.360619471279776, 31.665344270627898 ], [ -106.360349976694536, 31.665344270627898 ], [ -106.360349976694536, 31.66588325979837 ], [ -106.360080482109296, 31.66588325979837 ], [ -106.360080482109296, 31.665613765213134 ], [ -106.359002503768352, 31.665613765213134 ], [ -106.359002503768352, 31.665344270627898 ], [ -106.360080482109296, 31.665344270627898 ], [ -106.360080482109296, 31.664535786872193 ], [ -106.359810987524057, 31.664535786872193 ], [ -106.359810987524057, 31.663457808531248 ], [ -106.359541492938831, 31.663457808531248 ], [ -106.359541492938831, 31.662918819360776 ], [ -106.359810987524057, 31.662918819360776 ], [ -106.359810987524057, 31.663188313946012 ], [ -106.360080482109296, 31.663188313946012 ], [ -106.360080482109296, 31.664266292286957 ], [ -106.360619471279776, 31.664266292286957 ], [ -106.360619471279776, 31.664805281457429 ], [ -106.361158460450241, 31.664805281457429 ], [ -106.361158460450241, 31.667769721895024 ] ] ] ] } },
{ "type": "Feature", "properties": { "ZONA_MET": "Ju_rez", "INTENSIDAD": "Intensa", "T_PROM_POL": 3.0, "T_MIN_CIUD": 1.0, "DIF_TERMIC": 2.0 }, "geometry": { "type": "MultiPolygon", "coordinates": [ [ [ [ -106.337442936949486, 31.664266292286957 ], [ -106.337173442364247, 31.664266292286957 ], [ -106.337173442364247, 31.663996797701721 ], [ -106.336095464023302, 31.663996797701721 ], [ -106.336095464023302, 31.664266292286957 ], [ -106.335825969438076, 31.664266292286957 ], [ -106.335825969438076, 31.663996797701721 ], [ -106.335556474852837, 31.663996797701721 ], [ -106.335556474852837, 31.663188313946012 ], [ -106.335825969438076, 31.663188313946012 ], [ -106.335825969438076, 31.662918819360776 ], [ -106.336095464023302, 31.662918819360776 ], [ -106.336095464023302, 31.663188313946012 ], [ -106.336364958608542, 31.663188313946012 ], [ -106.336364958608542, 31.66264932477554 ], [ -106.336634453193781, 31.66264932477554 ], [ -106.336634453193781, 31.663727303116485 ], [ -106.337442936949486, 31.663727303116485 ], [ -106.337442936949486, 31.664266292286957 ] ], [ [ -106.336364958608542, 31.663727303116485 ], [ -106.336364958608542, 31.663457808531248 ], [ -106.336095464023302, 31.663457808531248 ], [ -106.336095464023302, 31.663727303116485 ], [ -106.336364958608542, 31.663727303116485 ] ] ] ] } },
{ "type": "Feature", "properties": { "ZONA_MET": "Ju_rez", "INTENSIDAD": "Intensa", "T_PROM_POL": 3.0, "T_MIN_CIUD": 1.0, "DIF_TERMIC": 2.0 }, "geometry": { "type": "MultiPolygon", "coordinates": [ [ [ [ -106.348222720358919, 31.669925678576909 ], [ -106.347953225773679, 31.669925678576909 ], [ -106.347953225773679, 31.669656183991673 ], [ -106.347683731188454, 31.669656183991673 ], [ -106.347683731188454, 31.669925678576909 ], [ -106.347144742017974, 31.669925678576909 ], [ -106.347144742017974, 31.668847700235965 ], [ -106.34606676367703, 31.668847700235965 ], [ -106.34606676367703, 31.668578205650729 ], [ -106.346336258262269, 31.668578205650729 ], [ -106.346336258262269, 31.668308711065492 ], [ -106.346605752847509, 31.668308711065492 ], [ -106.346605752847509, 31.66803921648026 ], [ -106.346875247432749, 31.66803921648026 ], [ -106.346875247432749, 31.667769721895024 ], [ -106.347144742017974, 31.667769721895024 ], [ -106.347144742017974, 31.667500227309787 ], [ -106.347414236603214, 31.667500227309787 ], [ -106.347414236603214, 31.667769721895024 ], [ -106.347953225773679, 31.667769721895024 ], [ -106.347953225773679, 31.668308711065492 ], [ -106.348222720358919, 31.668308711065492 ], [ -106.348222720358919, 31.667769721895024 ], [ -106.348492214944159, 31.667769721895024 ], [ -106.348492214944159, 31.667500227309787 ], [ -106.348222720358919, 31.667500227309787 ], [ -106.348222720358919, 31.666961238139315 ], [ -106.348492214944159, 31.666961238139315 ], [ -106.348492214944159, 31.66588325979837 ], [ -106.348222720358919, 31.66588325979837 ], [ -106.348222720358919, 31.665613765213134 ], [ -106.347414236603214, 31.665613765213134 ], [ -106.347414236603214, 31.66588325979837 ], [ -106.346875247432749, 31.66588325979837 ], [ -106.346875247432749, 31.666691743554079 ], [ -106.347144742017974, 31.666691743554079 ], [ -106.347144742017974, 31.667230732724551 ], [ -106.34606676367703, 31.667230732724551 ], [ -106.34606676367703, 31.666961238139315 ], [ -106.346605752847509, 31.666961238139315 ], [ -106.346605752847509, 31.666422248968843 ], [ -106.346336258262269, 31.666422248968843 ], [ -106.346336258262269, 31.66588325979837 ], [ -106.346605752847509, 31.66588325979837 ], [ -106.346605752847509, 31.665344270627898 ], [ -106.346875247432749, 31.665344270627898 ], [ -106.346875247432749, 31.664805281457429 ], [ -106.347414236603214, 31.664805281457429 ], [ -106.347414236603214, 31.665074776042665 ], [ -106.347953225773679, 31.665074776042665 ], [ -106.347953225773679, 31.665344270627898 ], [ -106.348222720358919, 31.665344270627898 ], [ -106.348222720358919, 31.665074776042665 ], [ -106.348761709529398, 31.665074776042665 ], [ -106.348761709529398, 31.66588325979837 ], [ -106.349300698699864, 31.66588325979837 ], [ -106.349300698699864, 31.665613765213134 ], [ -106.349031204114624, 31.665613765213134 ], [ -106.349031204114624, 31.665344270627898 ], [ -106.349839687870343, 31.665344270627898 ], [ -106.349839687870343, 31.665613765213134 ], [ -106.350378677040808, 31.665613765213134 ], [ -106.350378677040808, 31.665074776042665 ], [ -106.350648171626048, 31.665074776042665 ], [ -106.350648171626048, 31.664266292286957 ], [ -106.350917666211274, 31.664266292286957 ], [ -106.350917666211274, 31.663457808531248 ], [ -106.350648171626048, 31.663457808531248 ], [ -106.350648171626048, 31.662918819360776 ], [ -106.350917666211274, 31.662918819360776 ], [ -106.350917666211274, 31.662379830190304 ], [ -106.351187160796513, 31.662379830190304 ], [ -106.351187160796513, 31.662918819360776 ], [ -106.352534633722698, 31.662918819360776 ], [ -106.352534633722698, 31.663457808531248 ], [ -106.352804128307938, 31.663457808531248 ], [ -106.352804128307938, 31.663996797701721 ], [ -106.352534633722698, 31.663996797701721 ], [ -106.352534633722698, 31.664266292286957 ], [ -106.352804128307938, 31.664266292286957 ], [ -106.352804128307938, 31.664535786872193 ], [ -106.351726149966993, 31.664535786872193 ], [ -106.351726149966993, 31.665613765213134 ], [ -106.351187160796513, 31.665613765213134 ], [ -106.351187160796513, 31.66588325979837 ], [ -106.350917666211274, 31.66588325979837 ], [ -106.350917666211274, 31.666152754383607 ], [ -106.351456655381753, 31.666152754383607 ], [ -106.351456655381753, 31.666422248968843 ], [ -106.352534633722698, 31.666422248968843 ], [ -106.352534633722698, 31.665613765213134 ], [ -106.352804128307938, 31.665613765213134 ], [ -106.352804128307938, 31.66588325979837 ], [ -106.353073622893163, 31.66588325979837 ], [ -106.353073622893163, 31.665613765213134 ], [ -106.353343117478403, 31.665613765213134 ], [ -106.353343117478403, 31.66588325979837 ], [ -106.353612612063642, 31.66588325979837 ], [ -106.353612612063642, 31.665344270627898 ], [ -106.353343117478403, 31.665344270627898 ], [ -106.353343117478403, 31.664805281457429 ], [ -106.353612612063642, 31.664805281457429 ], [ -106.353612612063642, 31.665074776042665 ], [ -106.353882106648868, 31.665074776042665 ], [ -106.353882106648868, 31.665344270627898 ], [ -106.354421095819347, 31.665344270627898 ], [ -106.354421095819347, 31.665074776042665 ], [ -106.354690590404587, 31.665074776042665 ], [ -106.354690590404587, 31.664266292286957 ], [ -106.354960084989813, 31.664266292286957 ], [ -106.354960084989813, 31.663996797701721 ], [ -106.355229579575052, 31.663996797701721 ], [ -106.355229579575052, 31.664535786872193 ], [ -106.354960084989813, 31.664535786872193 ], [ -106.354960084989813, 31.665344270627898 ], [ -106.354690590404587, 31.665344270627898 ], [ -106.354690590404587, 31.666422248968843 ], [ -106.355229579575052, 31.666422248968843 ], [ -106.355229579575052, 31.666961238139315 ], [ -106.354151601234108, 31.666961238139315 ], [ -106.354151601234108, 31.666691743554079 ], [ -106.353612612063642, 31.666691743554079 ], [ -106.353612612063642, 31.667500227309787 ], [ -106.353343117478403, 31.667500227309787 ], [ -106.353343117478403, 31.667230732724551 ], [ -106.352265139137458, 31.667230732724551 ], [ -106.352265139137458, 31.666961238139315 ], [ -106.350917666211274, 31.666961238139315 ], [ -106.350917666211274, 31.667230732724551 ], [ -106.349839687870343, 31.667230732724551 ], [ -106.349839687870343, 31.667769721895024 ], [ -106.349570193285103, 31.667769721895024 ], [ -106.349570193285103, 31.66803921648026 ], [ -106.349031204114624, 31.66803921648026 ], [ -106.349031204114624, 31.668578205650729 ], [ -106.347953225773679, 31.668578205650729 ], [ -106.347953225773679, 31.669117194821201 ], [ -106.347683731188454, 31.669117194821201 ], [ -106.347683731188454, 31.669386689406437 ], [ -106.348222720358919, 31.669386689406437 ], [ -106.348222720358919, 31.669925678576909 ] ], [ [ -106.350917666211274, 31.666961238139315 ], [ -106.350917666211274, 31.666422248968843 ], [ -106.350648171626048, 31.666422248968843 ], [ -106.350648171626048, 31.666961238139315 ], [ -106.350917666211274, 31.666961238139315 ] ], [ [ -106.349839687870343, 31.666961238139315 ], [ -106.349839687870343, 31.666422248968843 ], [ -106.350109182455569, 31.666422248968843 ], [ -106.350109182455569, 31.666152754383607 ], [ -106.350378677040808, 31.666152754383607 ], [ -106.350378677040808, 31.66588325979837 ], [ -106.349300698699864, 31.66588325979837 ], [ -106.349300698699864, 31.666152754383607 ], [ -106.349031204114624, 31.666152754383607 ], [ -106.349031204114624, 31.666422248968843 ], [ -106.349300698699864, 31.666422248968843 ], [ -106.349300698699864, 31.666961238139315 ], [ -106.349839687870343, 31.666961238139315 ] ], [ [ -106.354421095819347, 31.666152754383607 ], [ -106.354421095819347, 31.665613765213134 ], [ -106.353882106648868, 31.665613765213134 ], [ -106.353882106648868, 31.66588325979837 ], [ -106.354151601234108, 31.66588325979837 ], [ -106.354151601234108, 31.666152754383607 ], [ -106.354421095819347, 31.666152754383607 ] ], [ [ -106.351995644552218, 31.663996797701721 ], [ -106.351995644552218, 31.663457808531248 ], [ -106.352265139137458, 31.663457808531248 ], [ -106.352265139137458, 31.663188313946012 ], [ -106.351726149966993, 31.663188313946012 ], [ -106.351726149966993, 31.663996797701721 ], [ -106.351995644552218, 31.663996797701721 ] ] ] ] } },
{ "type": "Feature", "properties": { "ZONA_MET": "Ju_rez", "INTENSIDAD": "Intensa", "T_PROM_POL": 3.0, "T_MIN_CIUD": 1.0, "DIF_TERMIC": 2.0 }, "geometry": { "type": "MultiPolygon", "coordinates": [ [ [ [ -106.385682467706701, 31.664805281457429 ], [ -106.385412973121475, 31.664805281457429 ], [ -106.385412973121475, 31.663996797701721 ], [ -106.385143478536236, 31.663996797701721 ], [ -106.385143478536236, 31.663727303116485 ], [ -106.384873983950996, 31.663727303116485 ], [ -106.384873983950996, 31.663457808531248 ], [ -106.385143478536236, 31.663457808531248 ], [ -106.385143478536236, 31.662918819360776 ], [ -106.384873983950996, 31.662918819360776 ], [ -106.384873983950996, 31.662110335605071 ], [ -106.385143478536236, 31.662110335605071 ], [ -106.385143478536236, 31.662379830190304 ], [ -106.385412973121475, 31.662379830190304 ], [ -106.385412973121475, 31.661840841019835 ], [ -106.385682467706701, 31.661840841019835 ], [ -106.385682467706701, 31.662379830190304 ], [ -106.385951962291941, 31.662379830190304 ], [ -106.385951962291941, 31.662918819360776 ], [ -106.385682467706701, 31.662918819360776 ], [ -106.385682467706701, 31.663188313946012 ], [ -106.385951962291941, 31.663188313946012 ], [ -106.385951962291941, 31.663457808531248 ], [ -106.385682467706701, 31.663457808531248 ], [ -106.385682467706701, 31.663727303116485 ], [ -106.38622145687718, 31.663727303116485 ], [ -106.38622145687718, 31.664535786872193 ], [ -106.385682467706701, 31.664535786872193 ], [ -106.385682467706701, 31.664805281457429 ] ] ] ] } },
{ "type": "Feature", "properties": { "ZONA_MET": "Ju_rez", "INTENSIDAD": "Intensa", "T_PROM_POL": 3.0, "T_MIN_CIUD": 1.0, "DIF_TERMIC": 2.0 }, "geometry": { "type": "MultiPolygon", "coordinates": [ [ [ [ -106.343641312409915, 31.66264932477554 ], [ -106.342024344898491, 31.66264932477554 ], [ -106.342024344898491, 31.662379830190304 ], [ -106.341754850313265, 31.662379830190304 ], [ -106.341754850313265, 31.661840841019835 ], [ -106.34229383948373, 31.661840841019835 ], [ -106.34229383948373, 31.662110335605071 ], [ -106.34283282865421, 31.662110335605071 ], [ -106.34283282865421, 31.661840841019835 ], [ -106.343371817824675, 31.661840841019835 ], [ -106.343371817824675, 31.662110335605071 ], [ -106.343641312409915, 31.662110335605071 ], [ -106.343641312409915, 31.66264932477554 ] ] ] ] } },
{ "type": "Feature", "properties": { "ZONA_MET": "Ju_rez", "INTENSIDAD": "Intensa", "T_PROM_POL": 3.0, "T_MIN_CIUD": 1.0, "DIF_TERMIC": 2.0 }, "geometry": { "type": "MultiPolygon", "coordinates": [ [ [ [ -106.347144742017974, 31.663996797701721 ], [ -106.346875247432749, 31.663996797701721 ], [ -106.346875247432749, 31.663188313946012 ], [ -106.347144742017974, 31.663188313946012 ], [ -106.347144742017974, 31.662918819360776 ], [ -106.346875247432749, 31.662918819360776 ], [ -106.346875247432749, 31.66264932477554 ], [ -106.345797269091804, 31.66264932477554 ], [ -106.345797269091804, 31.662379830190304 ], [ -106.344719290750859, 31.662379830190304 ], [ -106.344719290750859, 31.661840841019835 ], [ -106.344988785336085, 31.661840841019835 ], [ -106.344988785336085, 31.661571346434599 ], [ -106.345258279921325, 31.661571346434599 ], [ -106.345258279921325, 31.662110335605071 ], [ -106.346605752847509, 31.662110335605071 ], [ -106.346605752847509, 31.662379830190304 ], [ -106.346875247432749, 31.662379830190304 ], [ -106.346875247432749, 31.661840841019835 ], [ -106.346605752847509, 31.661840841019835 ], [ -106.346605752847509, 31.66076286267889 ], [ -106.346875247432749, 31.66076286267889 ], [ -106.346875247432749, 31.661571346434599 ], [ -106.347144742017974, 31.661571346434599 ], [ -106.347144742017974, 31.662110335605071 ], [ -106.347414236603214, 31.662110335605071 ], [ -106.347414236603214, 31.662379830190304 ], [ -106.347144742017974, 31.662379830190304 ], [ -106.347144742017974, 31.66264932477554 ], [ -106.347414236603214, 31.66264932477554 ], [ -106.347414236603214, 31.662918819360776 ], [ -106.347683731188454, 31.662918819360776 ], [ -106.347683731188454, 31.663188313946012 ], [ -106.347953225773679, 31.663188313946012 ], [ -106.347953225773679, 31.663457808531248 ], [ -106.347683731188454, 31.663457808531248 ], [ -106.347683731188454, 31.663727303116485 ], [ -106.347144742017974, 31.663727303116485 ], [ -106.347144742017974, 31.663996797701721 ] ], [ [ -106.347414236603214, 31.663457808531248 ], [ -106.347414236603214, 31.663188313946012 ], [ -106.347144742017974, 31.663188313946012 ], [ -106.347144742017974, 31.663457808531248 ], [ -106.347414236603214, 31.663457808531248 ] ] ] ] } },
{ "type": "Feature", "properties": { "ZONA_MET": "Ju_rez", "INTENSIDAD": "Intensa", "T_PROM_POL": 3.0, "T_MIN_CIUD": 1.0, "DIF_TERMIC": 2.0 }, "geometry": { "type": "MultiPolygon", "coordinates": [ [ [ [ -106.334478496511892, 31.661032357264126 ], [ -106.333939507341427, 31.661032357264126 ], [ -106.333939507341427, 31.66076286267889 ], [ -106.333400518170947, 31.66076286267889 ], [ -106.333400518170947, 31.660223873508418 ], [ -106.332861529000482, 31.660223873508418 ], [ -106.332861529000482, 31.659954378923182 ], [ -106.333131023585707, 31.659954378923182 ], [ -106.333131023585707, 31.659684884337945 ], [ -106.334209001926652, 31.659684884337945 ], [ -106.334209001926652, 31.659954378923182 ], [ -106.334478496511892, 31.659954378923182 ], [ -106.334478496511892, 31.660223873508418 ], [ -106.335017485682371, 31.660223873508418 ], [ -106.335017485682371, 31.66076286267889 ], [ -106.334478496511892, 31.66076286267889 ], [ -106.334478496511892, 31.661032357264126 ] ] ] ] } },
{ "type": "Feature", "properties": { "ZONA_MET": "Ju_rez", "INTENSIDAD": "Extrema", "T_PROM_POL": 3.0, "T_MIN_CIUD": 1.0, "DIF_TERMIC": 2.0 }, "geometry": { "type": "MultiPolygon", "coordinates": [ [ [ [ -106.324507196858164, 31.659954378923182 ], [ -106.323698713102459, 31.659954378923182 ], [ -106.323698713102459, 31.659684884337945 ], [ -106.320734272664865, 31.659684884337945 ], [ -106.320734272664865, 31.659415389752709 ], [ -106.323968207687699, 31.659415389752709 ], [ -106.323968207687699, 31.659684884337945 ], [ -106.324507196858164, 31.659684884337945 ], [ -106.324507196858164, 31.659954378923182 ] ] ] ] } },
{ "type": "Feature", "properties": { "ZONA_MET": "Ju_rez", "INTENSIDAD": "Intensa", "T_PROM_POL": 3.0, "T_MIN_CIUD": 1.0, "DIF_TERMIC": 2.0 }, "geometry": { "type": "MultiPolygon", "coordinates": [ [ [ [ -106.360619471279776, 31.660493368093654 ], [ -106.360349976694536, 31.660493368093654 ], [ -106.360349976694536, 31.659684884337945 ], [ -106.360080482109296, 31.659684884337945 ], [ -106.360080482109296, 31.659145895167477 ], [ -106.360888965865001, 31.659145895167477 ], [ -106.360888965865001, 31.658876400582241 ], [ -106.362505933376426, 31.658876400582241 ], [ -106.362505933376426, 31.658606905997004 ], [ -106.363044922546891, 31.658606905997004 ], [ -106.363044922546891, 31.659684884337945 ], [ -106.362505933376426, 31.659684884337945 ], [ -106.362505933376426, 31.659954378923182 ], [ -106.361427955035481, 31.659954378923182 ], [ -106.361427955035481, 31.660223873508418 ], [ -106.360619471279776, 31.660223873508418 ], [ -106.360619471279776, 31.660493368093654 ] ] ] ] } },
{ "type": "Feature", "properties": { "ZONA_MET": "Ju_rez", "INTENSIDAD": "Intensa", "T_PROM_POL": 3.0, "T_MIN_CIUD": 1.0, "DIF_TERMIC": 2.0 }, "geometry": { "type": "MultiPolygon", "coordinates": [ [ [ [ -106.341754850313265, 31.661840841019835 ], [ -106.341485355728025, 31.661840841019835 ], [ -106.341485355728025, 31.661571346434599 ], [ -106.340407377387081, 31.661571346434599 ], [ -106.340407377387081, 31.661032357264126 ], [ -106.34067687197232, 31.661032357264126 ], [ -106.34067687197232, 31.661301851849363 ], [ -106.341485355728025, 31.661301851849363 ], [ -106.341485355728025, 31.661032357264126 ], [ -106.342024344898491, 31.661032357264126 ], [ -106.342024344898491, 31.660493368093654 ], [ -106.34229383948373, 31.660493368093654 ], [ -106.34229383948373, 31.660223873508418 ], [ -106.342024344898491, 31.660223873508418 ], [ -106.342024344898491, 31.659954378923182 ], [ -106.341485355728025, 31.659954378923182 ], [ -106.341485355728025, 31.659684884337945 ], [ -106.341215861142786, 31.659684884337945 ], [ -106.341215861142786, 31.659415389752709 ], [ -106.34229383948373, 31.659415389752709 ], [ -106.34229383948373, 31.658876400582241 ], [ -106.34256333406897, 31.658876400582241 ], [ -106.34256333406897, 31.658337411411768 ], [ -106.343102323239435, 31.658337411411768 ], [ -106.343102323239435, 31.658067916826532 ], [ -106.34256333406897, 31.658067916826532 ], [ -106.34256333406897, 31.657798422241296 ], [ -106.343371817824675, 31.657798422241296 ], [ -106.343371817824675, 31.658067916826532 ], [ -106.343910806995154, 31.658067916826532 ], [ -106.343910806995154, 31.658337411411768 ], [ -106.344988785336085, 31.658337411411768 ], [ -106.344988785336085, 31.658606905997004 ], [ -106.34444979616562, 31.658606905997004 ], [ -106.34444979616562, 31.658876400582241 ], [ -106.343910806995154, 31.658876400582241 ], [ -106.343910806995154, 31.658606905997004 ], [ -106.343641312409915, 31.658606905997004 ], [ -106.343641312409915, 31.658876400582241 ], [ -106.343102323239435, 31.658876400582241 ], [ -106.343102323239435, 31.659145895167477 ], [ -106.343371817824675, 31.659145895167477 ], [ -106.343371817824675, 31.659415389752709 ], [ -106.343102323239435, 31.659415389752709 ], [ -106.343102323239435, 31.659684884337945 ], [ -106.34283282865421, 31.659684884337945 ], [ -106.34283282865421, 31.659954378923182 ], [ -106.34256333406897, 31.659954378923182 ], [ -106.34256333406897, 31.660223873508418 ], [ -106.343371817824675, 31.660223873508418 ], [ -106.343371817824675, 31.661032357264126 ], [ -106.343102323239435, 31.661032357264126 ], [ -106.343102323239435, 31.66076286267889 ], [ -106.34229383948373, 31.66076286267889 ], [ -106.34229383948373, 31.661301851849363 ], [ -106.342024344898491, 31.661301851849363 ], [ -106.342024344898491, 31.661571346434599 ], [ -106.341754850313265, 31.661571346434599 ], [ -106.341754850313265, 31.661840841019835 ] ], [ [ -106.34256333406897, 31.659954378923182 ], [ -106.34256333406897, 31.659684884337945 ], [ -106.34229383948373, 31.659684884337945 ], [ -106.34229383948373, 31.659954378923182 ], [ -106.34256333406897, 31.659954378923182 ] ] ] ] } },
{ "type": "Feature", "properties": { "ZONA_MET": "Ju_rez", "INTENSIDAD": "Intensa", "T_PROM_POL": 3.0, "T_MIN_CIUD": 1.0, "DIF_TERMIC": 2.0 }, "geometry": { "type": "MultiPolygon", "coordinates": [ [ [ [ -106.440120373924344, 31.659954378923182 ], [ -106.439850879339119, 31.659954378923182 ], [ -106.439850879339119, 31.659145895167477 ], [ -106.439581384753879, 31.659145895167477 ], [ -106.439581384753879, 31.658876400582241 ], [ -106.438503406412934, 31.658876400582241 ], [ -106.438503406412934, 31.659415389752709 ], [ -106.437694922657229, 31.659415389752709 ], [ -106.437694922657229, 31.658876400582241 ], [ -106.436886438901524, 31.658876400582241 ], [ -106.436886438901524, 31.658606905997004 ], [ -106.436077955145805, 31.658606905997004 ], [ -106.436077955145805, 31.658067916826532 ], [ -106.436616944316285, 31.658067916826532 ], [ -106.436616944316285, 31.658337411411768 ], [ -106.438233911827695, 31.658337411411768 ], [ -106.438233911827695, 31.658067916826532 ], [ -106.438503406412934, 31.658067916826532 ], [ -106.438503406412934, 31.657259433070823 ], [ -106.438772900998174, 31.657259433070823 ], [ -106.438772900998174, 31.65752892765606 ], [ -106.439581384753879, 31.65752892765606 ], [ -106.439581384753879, 31.657798422241296 ], [ -106.440389868509584, 31.657798422241296 ], [ -106.440389868509584, 31.658067916826532 ], [ -106.440928857680063, 31.658067916826532 ], [ -106.440928857680063, 31.658337411411768 ], [ -106.441737341435768, 31.658337411411768 ], [ -106.441737341435768, 31.658606905997004 ], [ -106.443084814361939, 31.658606905997004 ], [ -106.443084814361939, 31.658337411411768 ], [ -106.443623803532418, 31.658337411411768 ], [ -106.443623803532418, 31.658876400582241 ], [ -106.441198352265289, 31.658876400582241 ], [ -106.441198352265289, 31.659415389752709 ], [ -106.440389868509584, 31.659415389752709 ], [ -106.440389868509584, 31.659684884337945 ], [ -106.440120373924344, 31.659684884337945 ], [ -106.440120373924344, 31.659954378923182 ] ] ] ] } },
{ "type": "Feature", "properties": { "ZONA_MET": "Ju_rez", "INTENSIDAD": "Intensa", "T_PROM_POL": 3.0, "T_MIN_CIUD": 1.0, "DIF_TERMIC": 2.0 }, "geometry": { "type": "MultiPolygon", "coordinates": [ [ [ [ -106.380831565172457, 31.660223873508418 ], [ -106.380562070587231, 31.660223873508418 ], [ -106.380562070587231, 31.659954378923182 ], [ -106.380292576001992, 31.659954378923182 ], [ -106.380292576001992, 31.660223873508418 ], [ -106.379484092246287, 31.660223873508418 ], [ -106.379484092246287, 31.659954378923182 ], [ -106.378945103075807, 31.659954378923182 ], [ -106.378945103075807, 31.659145895167477 ], [ -106.377058640979158, 31.659145895167477 ], [ -106.377058640979158, 31.658876400582241 ], [ -106.376789146393918, 31.658876400582241 ], [ -106.376789146393918, 31.658606905997004 ], [ -106.375980662638213, 31.658606905997004 ], [ -106.375980662638213, 31.657798422241296 ], [ -106.375441673467748, 31.657798422241296 ], [ -106.375441673467748, 31.65752892765606 ], [ -106.375980662638213, 31.65752892765606 ], [ -106.375980662638213, 31.657259433070823 ], [ -106.376250157223453, 31.657259433070823 ], [ -106.376250157223453, 31.657798422241296 ], [ -106.376519651808692, 31.657798422241296 ], [ -106.376519651808692, 31.65752892765606 ], [ -106.377597630149637, 31.65752892765606 ], [ -106.377597630149637, 31.657259433070823 ], [ -106.377867124734863, 31.657259433070823 ], [ -106.377867124734863, 31.65752892765606 ], [ -106.378406113905342, 31.65752892765606 ], [ -106.378406113905342, 31.658067916826532 ], [ -106.378675608490568, 31.658067916826532 ], [ -106.378675608490568, 31.658337411411768 ], [ -106.378945103075807, 31.658337411411768 ], [ -106.378945103075807, 31.658606905997004 ], [ -106.378675608490568, 31.658606905997004 ], [ -106.378675608490568, 31.658876400582241 ], [ -106.379484092246287, 31.658876400582241 ], [ -106.379484092246287, 31.658606905997004 ], [ -106.379753586831512, 31.658606905997004 ], [ -106.379753586831512, 31.658337411411768 ], [ -106.380023081416752, 31.658337411411768 ], [ -106.380023081416752, 31.658606905997004 ], [ -106.380831565172457, 31.658606905997004 ], [ -106.380831565172457, 31.659145895167477 ], [ -106.381101059757697, 31.659145895167477 ], [ -106.381101059757697, 31.658876400582241 ], [ -106.381370554342936, 31.658876400582241 ], [ -106.381370554342936, 31.658606905997004 ], [ -106.381909543513402, 31.658606905997004 ], [ -106.381909543513402, 31.658337411411768 ], [ -106.382448532683881, 31.658337411411768 ], [ -106.382448532683881, 31.659684884337945 ], [ -106.381909543513402, 31.659684884337945 ], [ -106.381909543513402, 31.659415389752709 ], [ -106.381640048928162, 31.659415389752709 ], [ -106.381640048928162, 31.659954378923182 ], [ -106.380831565172457, 31.659954378923182 ], [ -106.380831565172457, 31.660223873508418 ] ], [ [ -106.381101059757697, 31.659684884337945 ], [ -106.381101059757697, 31.659415389752709 ], [ -106.380831565172457, 31.659415389752709 ], [ -106.380831565172457, 31.659145895167477 ], [ -106.380562070587231, 31.659145895167477 ], [ -106.380562070587231, 31.658876400582241 ], [ -106.380292576001992, 31.658876400582241 ], [ -106.380292576001992, 31.659415389752709 ], [ -106.380562070587231, 31.659415389752709 ], [ -106.380562070587231, 31.659684884337945 ], [ -106.381101059757697, 31.659684884337945 ] ], [ [ -106.377867124734863, 31.658876400582241 ], [ -106.377867124734863, 31.658606905997004 ], [ -106.378406113905342, 31.658606905997004 ], [ -106.378406113905342, 31.658067916826532 ], [ -106.377328135564397, 31.658067916826532 ], [ -106.377328135564397, 31.658337411411768 ], [ -106.377058640979158, 31.658337411411768 ], [ -106.377058640979158, 31.658606905997004 ], [ -106.377328135564397, 31.658606905997004 ], [ -106.377328135564397, 31.658876400582241 ], [ -106.377867124734863, 31.658876400582241 ] ] ] ] } },
{ "type": "Feature", "properties": { "ZONA_MET": "Ju_rez", "INTENSIDAD": "Intensa", "T_PROM_POL": 3.0, "T_MIN_CIUD": 1.0, "DIF_TERMIC": 2.0 }, "geometry": { "type": "MultiPolygon", "coordinates": [ [ [ [ -106.351995644552218, 31.661571346434599 ], [ -106.351726149966993, 31.661571346434599 ], [ -106.351726149966993, 31.661032357264126 ], [ -106.351995644552218, 31.661032357264126 ], [ -106.351995644552218, 31.660223873508418 ], [ -106.352265139137458, 31.660223873508418 ], [ -106.352265139137458, 31.659954378923182 ], [ -106.351995644552218, 31.659954378923182 ], [ -106.351995644552218, 31.659684884337945 ], [ -106.351726149966993, 31.659684884337945 ], [ -106.351726149966993, 31.659415389752709 ], [ -106.353073622893163, 31.659415389752709 ], [ -106.353073622893163, 31.659145895167477 ], [ -106.353343117478403, 31.659145895167477 ], [ -106.353343117478403, 31.658876400582241 ], [ -106.353612612063642, 31.658876400582241 ], [ -106.353612612063642, 31.658606905997004 ], [ -106.353882106648868, 31.658606905997004 ], [ -106.353882106648868, 31.658337411411768 ], [ -106.353612612063642, 31.658337411411768 ], [ -106.353612612063642, 31.658067916826532 ], [ -106.353073622893163, 31.658067916826532 ], [ -106.353073622893163, 31.65752892765606 ], [ -106.353612612063642, 31.65752892765606 ], [ -106.353612612063642, 31.657798422241296 ], [ -106.354960084989813, 31.657798422241296 ], [ -106.354960084989813, 31.65752892765606 ], [ -106.354690590404587, 31.65752892765606 ], [ -106.354690590404587, 31.657259433070823 ], [ -106.354960084989813, 31.657259433070823 ], [ -106.354960084989813, 31.656720443900351 ], [ -106.355229579575052, 31.656720443900351 ], [ -106.355229579575052, 31.656989938485587 ], [ -106.355499074160292, 31.656989938485587 ], [ -106.355499074160292, 31.658067916826532 ], [ -106.354960084989813, 31.658067916826532 ], [ -106.354960084989813, 31.658337411411768 ], [ -106.354690590404587, 31.658337411411768 ], [ -106.354690590404587, 31.658876400582241 ], [ -106.354960084989813, 31.658876400582241 ], [ -106.354960084989813, 31.659415389752709 ], [ -106.355229579575052, 31.659415389752709 ], [ -106.355229579575052, 31.659684884337945 ], [ -106.354960084989813, 31.659684884337945 ], [ -106.354960084989813, 31.660223873508418 ], [ -106.354690590404587, 31.660223873508418 ], [ -106.354690590404587, 31.66076286267889 ], [ -106.354151601234108, 31.66076286267889 ], [ -106.354151601234108, 31.660493368093654 ], [ -106.353882106648868, 31.660493368093654 ], [ -106.353882106648868, 31.660223873508418 ], [ -106.353343117478403, 31.660223873508418 ], [ -106.353343117478403, 31.659684884337945 ], [ -106.353073622893163, 31.659684884337945 ], [ -106.353073622893163, 31.659954378923182 ], [ -106.352804128307938, 31.659954378923182 ], [ -106.352804128307938, 31.660493368093654 ], [ -106.352534633722698, 31.660493368093654 ], [ -106.352534633722698, 31.66076286267889 ], [ -106.352265139137458, 31.66076286267889 ], [ -106.352265139137458, 31.661301851849363 ], [ -106.351995644552218, 31.661301851849363 ], [ -106.351995644552218, 31.661571346434599 ] ], [ [ -106.354690590404587, 31.659954378923182 ], [ -106.354690590404587, 31.659415389752709 ], [ -106.354421095819347, 31.659415389752709 ], [ -106.354421095819347, 31.659954378923182 ], [ -106.354690590404587, 31.659954378923182 ] ], [ [ -106.354151601234108, 31.659415389752709 ], [ -106.354151601234108, 31.659145895167477 ], [ -106.354421095819347, 31.659145895167477 ], [ -106.354421095819347, 31.658606905997004 ], [ -106.353882106648868, 31.658606905997004 ], [ -106.353882106648868, 31.659415389752709 ], [ -106.354151601234108, 31.659415389752709 ] ] ] ] } },
{ "type": "Feature", "properties": { "ZONA_MET": "Ju_rez", "INTENSIDAD": "Intensa", "T_PROM_POL": 3.0, "T_MIN_CIUD": 1.0, "DIF_TERMIC": 2.0 }, "geometry": { "type": "MultiPolygon", "coordinates": [ [ [ [ -106.364122900887835, 31.659415389752709 ], [ -106.363853406302596, 31.659415389752709 ], [ -106.363853406302596, 31.658606905997004 ], [ -106.363314417132131, 31.658606905997004 ], [ -106.363314417132131, 31.656720443900351 ], [ -106.36358391171737, 31.656720443900351 ], [ -106.36358391171737, 31.656450949315115 ], [ -106.363853406302596, 31.656450949315115 ], [ -106.363853406302596, 31.656181454729882 ], [ -106.364122900887835, 31.656181454729882 ], [ -106.364122900887835, 31.655911960144646 ], [ -106.364392395473075, 31.655911960144646 ], [ -106.364392395473075, 31.656450949315115 ], [ -106.364122900887835, 31.656450949315115 ], [ -106.364122900887835, 31.657259433070823 ], [ -106.363853406302596, 31.657259433070823 ], [ -106.363853406302596, 31.65752892765606 ], [ -106.36358391171737, 31.65752892765606 ], [ -106.36358391171737, 31.658337411411768 ], [ -106.364122900887835, 31.658337411411768 ], [ -106.364122900887835, 31.658606905997004 ], [ -106.36573986839926, 31.658606905997004 ], [ -106.36573986839926, 31.658876400582241 ], [ -106.364392395473075, 31.658876400582241 ], [ -106.364392395473075, 31.659145895167477 ], [ -106.364122900887835, 31.659145895167477 ], [ -106.364122900887835, 31.659415389752709 ] ] ] ] } },
{ "type": "Feature", "properties": { "ZONA_MET": "Ju_rez", "INTENSIDAD": "Intensa", "T_PROM_POL": 3.0, "T_MIN_CIUD": 1.0, "DIF_TERMIC": 2.0 }, "geometry": { "type": "MultiPolygon", "coordinates": [ [ [ [ -106.385143478536236, 31.659145895167477 ], [ -106.384873983950996, 31.659145895167477 ], [ -106.384873983950996, 31.658876400582241 ], [ -106.384604489365756, 31.658876400582241 ], [ -106.384604489365756, 31.658337411411768 ], [ -106.384334994780531, 31.658337411411768 ], [ -106.384334994780531, 31.658606905997004 ], [ -106.383257016439586, 31.658606905997004 ], [ -106.383257016439586, 31.658337411411768 ], [ -106.382448532683881, 31.658337411411768 ], [ -106.382448532683881, 31.657259433070823 ], [ -106.383257016439586, 31.657259433070823 ], [ -106.383257016439586, 31.657798422241296 ], [ -106.383526511024826, 31.657798422241296 ], [ -106.383526511024826, 31.658067916826532 ], [ -106.384604489365756, 31.658067916826532 ], [ -106.384604489365756, 31.657798422241296 ], [ -106.385143478536236, 31.657798422241296 ], [ -106.385143478536236, 31.657259433070823 ], [ -106.385412973121475, 31.657259433070823 ], [ -106.385412973121475, 31.656720443900351 ], [ -106.385682467706701, 31.656720443900351 ], [ -106.385682467706701, 31.656450949315115 ], [ -106.385951962291941, 31.656450949315115 ], [ -106.385951962291941, 31.656181454729882 ], [ -106.38649095146242, 31.656181454729882 ], [ -106.38649095146242, 31.655911960144646 ], [ -106.385682467706701, 31.655911960144646 ], [ -106.385682467706701, 31.65564246555941 ], [ -106.38622145687718, 31.65564246555941 ], [ -106.38622145687718, 31.655372970974174 ], [ -106.38649095146242, 31.655372970974174 ], [ -106.38649095146242, 31.655103476388938 ], [ -106.387029940632885, 31.655103476388938 ], [ -106.387029940632885, 31.654564487218465 ], [ -106.387299435218125, 31.654564487218465 ], [ -106.387299435218125, 31.654294992633229 ], [ -106.387568929803351, 31.654294992633229 ], [ -106.387568929803351, 31.65564246555941 ], [ -106.387299435218125, 31.65564246555941 ], [ -106.387299435218125, 31.657259433070823 ], [ -106.387029940632885, 31.657259433070823 ], [ -106.387029940632885, 31.658067916826532 ], [ -106.38810791897383, 31.658067916826532 ], [ -106.38810791897383, 31.657798422241296 ], [ -106.389185897314775, 31.657798422241296 ], [ -106.389185897314775, 31.658067916826532 ], [ -106.388646908144295, 31.658067916826532 ], [ -106.388646908144295, 31.658337411411768 ], [ -106.38783842438859, 31.658337411411768 ], [ -106.38783842438859, 31.658876400582241 ], [ -106.387029940632885, 31.658876400582241 ], [ -106.387029940632885, 31.658606905997004 ], [ -106.386760446047646, 31.658606905997004 ], [ -106.386760446047646, 31.658337411411768 ], [ -106.385951962291941, 31.658337411411768 ], [ -106.385951962291941, 31.658067916826532 ], [ -106.385682467706701, 31.658067916826532 ], [ -106.385682467706701, 31.658606905997004 ], [ -106.385143478536236, 31.658606905997004 ], [ -106.385143478536236, 31.659145895167477 ] ], [ [ -106.387568929803351, 31.658606905997004 ], [ -106.387568929803351, 31.658337411411768 ], [ -106.387299435218125, 31.658337411411768 ], [ -106.387299435218125, 31.658606905997004 ], [ -106.387568929803351, 31.658606905997004 ] ] ] ] } },
{ "type": "Feature", "properties": { "ZONA_MET": "Ju_rez", "INTENSIDAD": "Intensa", "T_PROM_POL": 3.0, "T_MIN_CIUD": 1.0, "DIF_TERMIC": 2.0 }, "geometry": { "type": "MultiPolygon", "coordinates": [ [ [ [ -106.368165319666375, 31.65564246555941 ], [ -106.367626330495909, 31.65564246555941 ], [ -106.367626330495909, 31.655372970974174 ], [ -106.366278857569725, 31.655372970974174 ], [ -106.366278857569725, 31.655103476388938 ], [ -106.36573986839926, 31.655103476388938 ], [ -106.36573986839926, 31.654564487218465 ], [ -106.366009362984485, 31.654564487218465 ], [ -106.366009362984485, 31.654833981803701 ], [ -106.366548352154965, 31.654833981803701 ], [ -106.366548352154965, 31.654564487218465 ], [ -106.367626330495909, 31.654564487218465 ], [ -106.367626330495909, 31.654294992633229 ], [ -106.368165319666375, 31.654294992633229 ], [ -106.368165319666375, 31.654025498047993 ], [ -106.369512792592559, 31.654025498047993 ], [ -106.369512792592559, 31.654564487218465 ], [ -106.369782287177784, 31.654564487218465 ], [ -106.369782287177784, 31.654833981803701 ], [ -106.370590770933504, 31.654833981803701 ], [ -106.370590770933504, 31.655103476388938 ], [ -106.369243298007319, 31.655103476388938 ], [ -106.369243298007319, 31.654833981803701 ], [ -106.367895825081135, 31.654833981803701 ], [ -106.367895825081135, 31.655372970974174 ], [ -106.368165319666375, 31.655372970974174 ], [ -106.368165319666375, 31.65564246555941 ] ], [ [ -106.369243298007319, 31.654564487218465 ], [ -106.369243298007319, 31.654294992633229 ], [ -106.36897380342208, 31.654294992633229 ], [ -106.36897380342208, 31.654564487218465 ], [ -106.369243298007319, 31.654564487218465 ] ] ] ] } },
{ "type": "Feature", "properties": { "ZONA_MET": "Ju_rez", "INTENSIDAD": "Intensa", "T_PROM_POL": 3.0, "T_MIN_CIUD": 1.0, "DIF_TERMIC": 2.0 }, "geometry": { "type": "MultiPolygon", "coordinates": [ [ [ [ -106.375441673467748, 31.656989938485587 ], [ -106.374902684297268, 31.656989938485587 ], [ -106.374902684297268, 31.656450949315115 ], [ -106.373824705956324, 31.656450949315115 ], [ -106.373824705956324, 31.655911960144646 ], [ -106.373555211371098, 31.655911960144646 ], [ -106.373555211371098, 31.65564246555941 ], [ -106.373285716785858, 31.65564246555941 ], [ -106.373285716785858, 31.655911960144646 ], [ -106.372746727615379, 31.655911960144646 ], [ -106.372746727615379, 31.65564246555941 ], [ -106.371938243859674, 31.65564246555941 ], [ -106.371938243859674, 31.655372970974174 ], [ -106.371129760103969, 31.655372970974174 ], [ -106.371129760103969, 31.654833981803701 ], [ -106.371399254689209, 31.654833981803701 ], [ -106.371399254689209, 31.654564487218465 ], [ -106.371668749274448, 31.654564487218465 ], [ -106.371668749274448, 31.653756003462757 ], [ -106.372207738444914, 31.653756003462757 ], [ -106.372207738444914, 31.654025498047993 ], [ -106.372746727615379, 31.654025498047993 ], [ -106.372746727615379, 31.654294992633229 ], [ -106.373555211371098, 31.654294992633229 ], [ -106.373555211371098, 31.655103476388938 ], [ -106.373824705956324, 31.655103476388938 ], [ -106.373824705956324, 31.65564246555941 ], [ -106.374363695126803, 31.65564246555941 ], [ -106.374363695126803, 31.655103476388938 ], [ -106.375441673467748, 31.655103476388938 ], [ -106.375441673467748, 31.655372970974174 ], [ -106.374902684297268, 31.655372970974174 ], [ -106.374902684297268, 31.65564246555941 ], [ -106.374633189712043, 31.65564246555941 ], [ -106.374633189712043, 31.655911960144646 ], [ -106.374363695126803, 31.655911960144646 ], [ -106.374363695126803, 31.656181454729882 ], [ -106.374902684297268, 31.656181454729882 ], [ -106.374902684297268, 31.655911960144646 ], [ -106.375441673467748, 31.655911960144646 ], [ -106.375441673467748, 31.656450949315115 ], [ -106.376250157223453, 31.656450949315115 ], [ -106.376250157223453, 31.656720443900351 ], [ -106.375441673467748, 31.656720443900351 ], [ -106.375441673467748, 31.656989938485587 ] ], [ [ -106.372207738444914, 31.654294992633229 ], [ -106.372207738444914, 31.654025498047993 ], [ -106.371938243859674, 31.654025498047993 ], [ -106.371938243859674, 31.654294992633229 ], [ -106.372207738444914, 31.654294992633229 ] ] ] ] } },
{ "type": "Feature", "properties": { "ZONA_MET": "Ju_rez", "INTENSIDAD": "Extrema", "T_PROM_POL": 3.0, "T_MIN_CIUD": 1.0, "DIF_TERMIC": 2.0 }, "geometry": { "type": "MultiPolygon", "coordinates": [ [ [ [ -106.416135355838364, 31.654833981803701 ], [ -106.415057377497419, 31.654833981803701 ], [ -106.415057377497419, 31.653486508877521 ], [ -106.415596366667884, 31.653486508877521 ], [ -106.415596366667884, 31.653756003462757 ], [ -106.416404850423589, 31.653756003462757 ], [ -106.416404850423589, 31.653217014292288 ], [ -106.416943839594069, 31.653217014292288 ], [ -106.416943839594069, 31.653486508877521 ], [ -106.416674345008829, 31.653486508877521 ], [ -106.416674345008829, 31.654025498047993 ], [ -106.416404850423589, 31.654025498047993 ], [ -106.416404850423589, 31.654564487218465 ], [ -106.416135355838364, 31.654564487218465 ], [ -106.416135355838364, 31.654833981803701 ] ] ] ] } },
{ "type": "Feature", "properties": { "ZONA_MET": "Ju_rez", "INTENSIDAD": "Intensa", "T_PROM_POL": 3.0, "T_MIN_CIUD": 1.0, "DIF_TERMIC": 2.0 }, "geometry": { "type": "MultiPolygon", "coordinates": [ [ [ [ -106.415326872082645, 31.655372970974174 ], [ -106.414787882912179, 31.655372970974174 ], [ -106.414787882912179, 31.654833981803701 ], [ -106.41451838832694, 31.654833981803701 ], [ -106.41451838832694, 31.654294992633229 ], [ -106.414787882912179, 31.654294992633229 ], [ -106.414787882912179, 31.654025498047993 ], [ -106.41451838832694, 31.654025498047993 ], [ -106.41451838832694, 31.653756003462757 ], [ -106.413979399156474, 31.653756003462757 ], [ -106.413979399156474, 31.653486508877521 ], [ -106.413709904571235, 31.653486508877521 ], [ -106.413709904571235, 31.652947519707052 ], [ -106.414787882912179, 31.652947519707052 ], [ -106.414787882912179, 31.653217014292288 ], [ -106.415057377497419, 31.653217014292288 ], [ -106.415057377497419, 31.654833981803701 ], [ -106.415326872082645, 31.654833981803701 ], [ -106.415326872082645, 31.655372970974174 ] ] ] ] } },
{ "type": "Feature", "properties": { "ZONA_MET": "Ju_rez", "INTENSIDAD": "Intensa", "T_PROM_POL": 3.0, "T_MIN_CIUD": 1.0, "DIF_TERMIC": 2.0 }, "geometry": { "type": "MultiPolygon", "coordinates": [ [ [ [ -106.417482828764534, 31.654564487218465 ], [ -106.416674345008829, 31.654564487218465 ], [ -106.416674345008829, 31.654294992633229 ], [ -106.416404850423589, 31.654294992633229 ], [ -106.416404850423589, 31.654025498047993 ], [ -106.416674345008829, 31.654025498047993 ], [ -106.416674345008829, 31.653486508877521 ], [ -106.416943839594069, 31.653486508877521 ], [ -106.416943839594069, 31.653217014292288 ], [ -106.417213334179309, 31.653217014292288 ], [ -106.417213334179309, 31.652678025121816 ], [ -106.417482828764534, 31.652678025121816 ], [ -106.417482828764534, 31.652408530536579 ], [ -106.417752323349774, 31.652408530536579 ], [ -106.417752323349774, 31.653217014292288 ], [ -106.417482828764534, 31.653217014292288 ], [ -106.417482828764534, 31.653756003462757 ], [ -106.418021817935013, 31.653756003462757 ], [ -106.418021817935013, 31.654025498047993 ], [ -106.417482828764534, 31.654025498047993 ], [ -106.417482828764534, 31.654564487218465 ] ], [ [ -106.417213334179309, 31.653756003462757 ], [ -106.417213334179309, 31.653486508877521 ], [ -106.416943839594069, 31.653486508877521 ], [ -106.416943839594069, 31.653756003462757 ], [ -106.417213334179309, 31.653756003462757 ] ] ] ] } },
{ "type": "Feature", "properties": { "ZONA_MET": "Ju_rez", "INTENSIDAD": "Intensa", "T_PROM_POL": 3.0, "T_MIN_CIUD": 1.0, "DIF_TERMIC": 2.0 }, "geometry": { "type": "MultiPolygon", "coordinates": [ [ [ [ -106.319117305153455, 31.653217014292288 ], [ -106.318308821397736, 31.653217014292288 ], [ -106.318308821397736, 31.652947519707052 ], [ -106.31803932681251, 31.652947519707052 ], [ -106.31803932681251, 31.652678025121816 ], [ -106.31776983222727, 31.652678025121816 ], [ -106.31776983222727, 31.652139035951343 ], [ -106.317500337642031, 31.652139035951343 ], [ -106.317500337642031, 31.651869541366107 ], [ -106.317230843056805, 31.651869541366107 ], [ -106.317230843056805, 31.651061057610399 ], [ -106.316961348471565, 31.651061057610399 ], [ -106.316961348471565, 31.650791563025162 ], [ -106.317230843056805, 31.650791563025162 ], [ -106.317230843056805, 31.65025257385469 ], [ -106.31776983222727, 31.65025257385469 ], [ -106.31776983222727, 31.650522068439926 ], [ -106.317500337642031, 31.650522068439926 ], [ -106.317500337642031, 31.651600046780871 ], [ -106.31776983222727, 31.651600046780871 ], [ -106.31776983222727, 31.651869541366107 ], [ -106.318308821397736, 31.651869541366107 ], [ -106.318308821397736, 31.652139035951343 ], [ -106.318578315982975, 31.652139035951343 ], [ -106.318578315982975, 31.652408530536579 ], [ -106.318847810568215, 31.652408530536579 ], [ -106.318847810568215, 31.652678025121816 ], [ -106.31938679973868, 31.652678025121816 ], [ -106.31938679973868, 31.652947519707052 ], [ -106.319117305153455, 31.652947519707052 ], [ -106.319117305153455, 31.653217014292288 ] ], [ [ -106.318847810568215, 31.652947519707052 ], [ -106.318847810568215, 31.652678025121816 ], [ -106.318578315982975, 31.652678025121816 ], [ -106.318578315982975, 31.652947519707052 ], [ -106.318847810568215, 31.652947519707052 ] ] ] ] } },
{ "type": "Feature", "properties": { "ZONA_MET": "Ju_rez", "INTENSIDAD": "Intensa", "T_PROM_POL": 3.0, "T_MIN_CIUD": 1.0, "DIF_TERMIC": 2.0 }, "geometry": { "type": "MultiPolygon", "coordinates": [ [ [ [ -106.359002503768352, 31.651330552195635 ], [ -106.358733009183126, 31.651330552195635 ], [ -106.358733009183126, 31.651061057610399 ], [ -106.358463514597887, 31.651061057610399 ], [ -106.358463514597887, 31.651330552195635 ], [ -106.358194020012647, 31.651330552195635 ], [ -106.358194020012647, 31.651061057610399 ], [ -106.357924525427407, 31.651061057610399 ], [ -106.357924525427407, 31.649983079269457 ], [ -106.358463514597887, 31.649983079269457 ], [ -106.358463514597887, 31.65025257385469 ], [ -106.358733009183126, 31.65025257385469 ], [ -106.358733009183126, 31.650791563025162 ], [ -106.359271998353591, 31.650791563025162 ], [ -106.359271998353591, 31.651061057610399 ], [ -106.359002503768352, 31.651061057610399 ], [ -106.359002503768352, 31.651330552195635 ] ], [ [ -106.358463514597887, 31.650522068439926 ], [ -106.358463514597887, 31.65025257385469 ], [ -106.358194020012647, 31.65025257385469 ], [ -106.358194020012647, 31.650522068439926 ], [ -106.358463514597887, 31.650522068439926 ] ] ] ] } },
{ "type": "Feature", "properties": { "ZONA_MET": "Ju_rez", "INTENSIDAD": "Intensa", "T_PROM_POL": 3.0, "T_MIN_CIUD": 1.0, "DIF_TERMIC": 2.0 }, "geometry": { "type": "MultiPolygon", "coordinates": [ [ [ [ -106.319117305153455, 31.65025257385469 ], [ -106.31776983222727, 31.65025257385469 ], [ -106.31776983222727, 31.649444090098985 ], [ -106.319117305153455, 31.649444090098985 ], [ -106.319117305153455, 31.65025257385469 ] ] ] ] } },
{ "type": "Feature", "properties": { "ZONA_MET": "Ju_rez", "INTENSIDAD": "Intensa", "T_PROM_POL": 3.0, "T_MIN_CIUD": 1.0, "DIF_TERMIC": 2.0 }, "geometry": { "type": "MultiPolygon", "coordinates": [ [ [ [ -106.388916402729535, 31.649983079269457 ], [ -106.38837741355907, 31.649983079269457 ], [ -106.38837741355907, 31.649174595513749 ], [ -106.38810791897383, 31.649174595513749 ], [ -106.38810791897383, 31.648905100928513 ], [ -106.38999438107048, 31.648905100928513 ], [ -106.38999438107048, 31.649444090098985 ], [ -106.389455391900015, 31.649444090098985 ], [ -106.389455391900015, 31.649174595513749 ], [ -106.388916402729535, 31.649174595513749 ], [ -106.388916402729535, 31.649983079269457 ] ] ] ] } },
{ "type": "Feature", "properties": { "ZONA_MET": "Ju_rez", "INTENSIDAD": "Intensa", "T_PROM_POL": 3.0, "T_MIN_CIUD": 1.0, "DIF_TERMIC": 2.0 }, "geometry": { "type": "MultiPolygon", "coordinates": [ [ [ [ -106.348222720358919, 31.649444090098985 ], [ -106.347953225773679, 31.649444090098985 ], [ -106.347953225773679, 31.648635606343277 ], [ -106.347683731188454, 31.648635606343277 ], [ -106.347683731188454, 31.648096617172804 ], [ -106.348222720358919, 31.648096617172804 ], [ -106.348222720358919, 31.64836611175804 ], [ -106.348492214944159, 31.64836611175804 ], [ -106.348492214944159, 31.648096617172804 ], [ -106.349300698699864, 31.648096617172804 ], [ -106.349300698699864, 31.64836611175804 ], [ -106.349570193285103, 31.64836611175804 ], [ -106.349570193285103, 31.648635606343277 ], [ -106.348222720358919, 31.648635606343277 ], [ -106.348222720358919, 31.649444090098985 ] ] ] ] } },
{ "type": "Feature", "properties": { "ZONA_MET": "Ju_rez", "INTENSIDAD": "Intensa", "T_PROM_POL": 3.0, "T_MIN_CIUD": 1.0, "DIF_TERMIC": 2.0 }, "geometry": { "type": "MultiPolygon", "coordinates": [ [ [ [ -106.418291312520239, 31.652408530536579 ], [ -106.417752323349774, 31.652408530536579 ], [ -106.417752323349774, 31.652139035951343 ], [ -106.418021817935013, 31.652139035951343 ], [ -106.418021817935013, 31.651869541366107 ], [ -106.418291312520239, 31.651869541366107 ], [ -106.418291312520239, 31.651600046780871 ], [ -106.418560807105479, 31.651600046780871 ], [ -106.418560807105479, 31.651330552195635 ], [ -106.418830301690718, 31.651330552195635 ], [ -106.418830301690718, 31.651061057610399 ], [ -106.419099796275958, 31.651061057610399 ], [ -106.419099796275958, 31.650791563025162 ], [ -106.419369290861184, 31.650791563025162 ], [ -106.419369290861184, 31.65025257385469 ], [ -106.419908280031663, 31.65025257385469 ], [ -106.419908280031663, 31.649713584684221 ], [ -106.420447269202128, 31.649713584684221 ], [ -106.420447269202128, 31.649444090098985 ], [ -106.420716763787368, 31.649444090098985 ], [ -106.420716763787368, 31.648905100928513 ], [ -106.420986258372608, 31.648905100928513 ], [ -106.420986258372608, 31.64836611175804 ], [ -106.421255752957833, 31.64836611175804 ], [ -106.421255752957833, 31.648096617172804 ], [ -106.421794742128313, 31.648096617172804 ], [ -106.421794742128313, 31.64836611175804 ], [ -106.421525247543073, 31.64836611175804 ], [ -106.421525247543073, 31.648905100928513 ], [ -106.421255752957833, 31.648905100928513 ], [ -106.421255752957833, 31.649444090098985 ], [ -106.420986258372608, 31.649444090098985 ], [ -106.420986258372608, 31.649713584684221 ], [ -106.420716763787368, 31.649713584684221 ], [ -106.420716763787368, 31.65025257385469 ], [ -106.420447269202128, 31.65025257385469 ], [ -106.420447269202128, 31.650522068439926 ], [ -106.420177774616903, 31.650522068439926 ], [ -106.420177774616903, 31.650791563025162 ], [ -106.419638785446423, 31.650791563025162 ], [ -106.419638785446423, 31.651061057610399 ], [ -106.419369290861184, 31.651061057610399 ], [ -106.419369290861184, 31.651330552195635 ], [ -106.419099796275958, 31.651330552195635 ], [ -106.419099796275958, 31.651869541366107 ], [ -106.418560807105479, 31.651869541366107 ], [ -106.418560807105479, 31.652139035951343 ], [ -106.418291312520239, 31.652139035951343 ], [ -106.418291312520239, 31.652408530536579 ] ] ] ] } },
{ "type": "Feature", "properties": { "ZONA_MET": "Ju_rez", "INTENSIDAD": "Intensa", "T_PROM_POL": 3.0, "T_MIN_CIUD": 1.0, "DIF_TERMIC": 2.0 }, "geometry": { "type": "MultiPolygon", "coordinates": [ [ [ [ -106.343371817824675, 31.651600046780871 ], [ -106.34283282865421, 31.651600046780871 ], [ -106.34283282865421, 31.651061057610399 ], [ -106.343102323239435, 31.651061057610399 ], [ -106.343102323239435, 31.650522068439926 ], [ -106.34283282865421, 31.650522068439926 ], [ -106.34283282865421, 31.65025257385469 ], [ -106.34229383948373, 31.65025257385469 ], [ -106.34229383948373, 31.649983079269457 ], [ -106.34256333406897, 31.649983079269457 ], [ -106.34256333406897, 31.649444090098985 ], [ -106.343102323239435, 31.649444090098985 ], [ -106.343102323239435, 31.649713584684221 ], [ -106.343371817824675, 31.649713584684221 ], [ -106.343371817824675, 31.649444090098985 ], [ -106.343641312409915, 31.649444090098985 ], [ -106.343641312409915, 31.649174595513749 ], [ -106.343910806995154, 31.649174595513749 ], [ -106.343910806995154, 31.648096617172804 ], [ -106.34418030158038, 31.648096617172804 ], [ -106.34418030158038, 31.647827122587568 ], [ -106.344719290750859, 31.647827122587568 ], [ -106.344719290750859, 31.64836611175804 ], [ -106.34444979616562, 31.64836611175804 ], [ -106.34444979616562, 31.649444090098985 ], [ -106.34418030158038, 31.649444090098985 ], [ -106.34418030158038, 31.649713584684221 ], [ -106.343910806995154, 31.649713584684221 ], [ -106.343910806995154, 31.650791563025162 ], [ -106.343641312409915, 31.650791563025162 ], [ -106.343641312409915, 31.651061057610399 ], [ -106.343371817824675, 31.651061057610399 ], [ -106.343371817824675, 31.651600046780871 ] ], [ [ -106.343371817824675, 31.65025257385469 ], [ -106.343371817824675, 31.649983079269457 ], [ -106.34283282865421, 31.649983079269457 ], [ -106.34283282865421, 31.65025257385469 ], [ -106.343371817824675, 31.65025257385469 ] ] ] ] } },
{ "type": "Feature", "properties": { "ZONA_MET": "Ju_rez", "INTENSIDAD": "Intensa", "T_PROM_POL": 3.0, "T_MIN_CIUD": 1.0, "DIF_TERMIC": 2.0 }, "geometry": { "type": "MultiPolygon", "coordinates": [ [ [ [ -106.381370554342936, 31.649174595513749 ], [ -106.379753586831512, 31.649174595513749 ], [ -106.379753586831512, 31.648096617172804 ], [ -106.381101059757697, 31.648096617172804 ], [ -106.381101059757697, 31.64836611175804 ], [ -106.381640048928162, 31.64836611175804 ], [ -106.381640048928162, 31.647827122587568 ], [ -106.382448532683881, 31.647827122587568 ], [ -106.382448532683881, 31.648096617172804 ], [ -106.382179038098641, 31.648096617172804 ], [ -106.382179038098641, 31.64836611175804 ], [ -106.381909543513402, 31.64836611175804 ], [ -106.381909543513402, 31.648635606343277 ], [ -106.381640048928162, 31.648635606343277 ], [ -106.381640048928162, 31.648905100928513 ], [ -106.381370554342936, 31.648905100928513 ], [ -106.381370554342936, 31.649174595513749 ] ] ] ] } },
{ "type": "Feature", "properties": { "ZONA_MET": "Ju_rez", "INTENSIDAD": "Intensa", "T_PROM_POL": 3.0, "T_MIN_CIUD": 1.0, "DIF_TERMIC": 2.0 }, "geometry": { "type": "MultiPolygon", "coordinates": [ [ [ [ -106.380831565172457, 31.647018638831863 ], [ -106.380023081416752, 31.647018638831863 ], [ -106.380023081416752, 31.646749144246627 ], [ -106.378675608490568, 31.646749144246627 ], [ -106.378675608490568, 31.645940660490918 ], [ -106.378945103075807, 31.645940660490918 ], [ -106.378945103075807, 31.646210155076155 ], [ -106.380831565172457, 31.646210155076155 ], [ -106.380831565172457, 31.646479649661391 ], [ -106.381101059757697, 31.646479649661391 ], [ -106.381101059757697, 31.646749144246627 ], [ -106.380831565172457, 31.646749144246627 ], [ -106.380831565172457, 31.647018638831863 ] ] ] ] } },
{ "type": "Feature", "properties": { "ZONA_MET": "Ju_rez", "INTENSIDAD": "Intensa", "T_PROM_POL": 3.0, "T_MIN_CIUD": 1.0, "DIF_TERMIC": 2.0 }, "geometry": { "type": "MultiPolygon", "coordinates": [ [ [ [ -106.38649095146242, 31.647827122587568 ], [ -106.384873983950996, 31.647827122587568 ], [ -106.384873983950996, 31.645940660490918 ], [ -106.385412973121475, 31.645940660490918 ], [ -106.385412973121475, 31.645671165905682 ], [ -106.385951962291941, 31.645671165905682 ], [ -106.385951962291941, 31.645401671320446 ], [ -106.385682467706701, 31.645401671320446 ], [ -106.385682467706701, 31.64513217673521 ], [ -106.38622145687718, 31.64513217673521 ], [ -106.38622145687718, 31.645940660490918 ], [ -106.385951962291941, 31.645940660490918 ], [ -106.385951962291941, 31.646749144246627 ], [ -106.386760446047646, 31.646749144246627 ], [ -106.386760446047646, 31.647288133417096 ], [ -106.387029940632885, 31.647288133417096 ], [ -106.387029940632885, 31.647557628002332 ], [ -106.38649095146242, 31.647557628002332 ], [ -106.38649095146242, 31.647827122587568 ] ], [ [ -106.385412973121475, 31.647557628002332 ], [ -106.385412973121475, 31.647288133417096 ], [ -106.385143478536236, 31.647288133417096 ], [ -106.385143478536236, 31.647557628002332 ], [ -106.385412973121475, 31.647557628002332 ] ] ] ] } },
{ "type": "Feature", "properties": { "ZONA_MET": "Ju_rez", "INTENSIDAD": "Intensa", "T_PROM_POL": 3.0, "T_MIN_CIUD": 1.0, "DIF_TERMIC": 2.0 }, "geometry": { "type": "MultiPolygon", "coordinates": [ [ [ [ -106.434730482219635, 31.64513217673521 ], [ -106.43392199846393, 31.64513217673521 ], [ -106.43392199846393, 31.644862682149974 ], [ -106.434191493049155, 31.644862682149974 ], [ -106.434191493049155, 31.644593187564737 ], [ -106.434460987634395, 31.644593187564737 ], [ -106.434460987634395, 31.644323692979501 ], [ -106.434730482219635, 31.644323692979501 ], [ -106.434730482219635, 31.643515209223796 ], [ -106.4352694713901, 31.643515209223796 ], [ -106.4352694713901, 31.64324571463856 ], [ -106.434999976804875, 31.64324571463856 ], [ -106.434999976804875, 31.642706725468088 ], [ -106.43553896597534, 31.642706725468088 ], [ -106.43553896597534, 31.641089757956674 ], [ -106.434730482219635, 31.641089757956674 ], [ -106.434730482219635, 31.640550768786202 ], [ -106.436077955145805, 31.640550768786202 ], [ -106.436077955145805, 31.640820263371438 ], [ -106.436347449731045, 31.640820263371438 ], [ -106.436347449731045, 31.641628747127143 ], [ -106.436077955145805, 31.641628747127143 ], [ -106.436077955145805, 31.642437230882852 ], [ -106.43580846056058, 31.642437230882852 ], [ -106.43580846056058, 31.643515209223796 ], [ -106.43553896597534, 31.643515209223796 ], [ -106.43553896597534, 31.644593187564737 ], [ -106.4352694713901, 31.644593187564737 ], [ -106.4352694713901, 31.644862682149974 ], [ -106.434730482219635, 31.644862682149974 ], [ -106.434730482219635, 31.64513217673521 ] ] ] ] } },
{ "type": "Feature", "properties": { "ZONA_MET": "Ju_rez", "INTENSIDAD": "Intensa", "T_PROM_POL": 3.0, "T_MIN_CIUD": 1.0, "DIF_TERMIC": 2.0 }, "geometry": { "type": "MultiPolygon", "coordinates": [ [ [ [ -106.451439146504256, 31.639203295860021 ], [ -106.450900157333777, 31.639203295860021 ], [ -106.450900157333777, 31.638933801274785 ], [ -106.450630662748551, 31.638933801274785 ], [ -106.450630662748551, 31.638664306689549 ], [ -106.450900157333777, 31.638664306689549 ], [ -106.450900157333777, 31.638394812104313 ], [ -106.451169651919017, 31.638394812104313 ], [ -106.451169651919017, 31.637855822933844 ], [ -106.451708641089496, 31.637855822933844 ], [ -106.451708641089496, 31.637586328348608 ], [ -106.452247630259961, 31.637586328348608 ], [ -106.452247630259961, 31.638394812104313 ], [ -106.451708641089496, 31.638394812104313 ], [ -106.451708641089496, 31.638933801274785 ], [ -106.451439146504256, 31.638933801274785 ], [ -106.451439146504256, 31.639203295860021 ] ] ] ] } },
{ "type": "Feature", "properties": { "ZONA_MET": "Ju_rez", "INTENSIDAD": "Intensa", "T_PROM_POL": 3.0, "T_MIN_CIUD": 1.0, "DIF_TERMIC": 2.0 }, "geometry": { "type": "MultiPolygon", "coordinates": [ [ [ [ -106.347683731188454, 31.640281274200966 ], [ -106.347414236603214, 31.640281274200966 ], [ -106.347414236603214, 31.639742285030493 ], [ -106.346875247432749, 31.639742285030493 ], [ -106.346875247432749, 31.64001177961573 ], [ -106.346605752847509, 31.64001177961573 ], [ -106.346605752847509, 31.638933801274785 ], [ -106.347144742017974, 31.638933801274785 ], [ -106.347144742017974, 31.638394812104313 ], [ -106.346605752847509, 31.638394812104313 ], [ -106.346605752847509, 31.63812531751908 ], [ -106.34606676367703, 31.63812531751908 ], [ -106.34606676367703, 31.637586328348608 ], [ -106.346875247432749, 31.637586328348608 ], [ -106.346875247432749, 31.637316833763371 ], [ -106.347144742017974, 31.637316833763371 ], [ -106.347144742017974, 31.637047339178135 ], [ -106.347414236603214, 31.637047339178135 ], [ -106.347414236603214, 31.637586328348608 ], [ -106.347683731188454, 31.637586328348608 ], [ -106.347683731188454, 31.638394812104313 ], [ -106.347953225773679, 31.638394812104313 ], [ -106.347953225773679, 31.638664306689549 ], [ -106.348761709529398, 31.638664306689549 ], [ -106.348761709529398, 31.638933801274785 ], [ -106.348492214944159, 31.638933801274785 ], [ -106.348492214944159, 31.639203295860021 ], [ -106.347953225773679, 31.639203295860021 ], [ -106.347953225773679, 31.639742285030493 ], [ -106.347683731188454, 31.639742285030493 ], [ -106.347683731188454, 31.640281274200966 ] ] ] ] } },
{ "type": "Feature", "properties": { "ZONA_MET": "Ju_rez", "INTENSIDAD": "Intensa", "T_PROM_POL": 3.0, "T_MIN_CIUD": 1.0, "DIF_TERMIC": 2.0 }, "geometry": { "type": "MultiPolygon", "coordinates": [ [ [ [ -106.437964417242469, 31.63812531751908 ], [ -106.43715593348675, 31.63812531751908 ], [ -106.43715593348675, 31.637855822933844 ], [ -106.436886438901524, 31.637855822933844 ], [ -106.436886438901524, 31.637586328348608 ], [ -106.43742542807199, 31.637586328348608 ], [ -106.43742542807199, 31.637316833763371 ], [ -106.437964417242469, 31.637316833763371 ], [ -106.437964417242469, 31.637047339178135 ], [ -106.438233911827695, 31.637047339178135 ], [ -106.438233911827695, 31.637316833763371 ], [ -106.438772900998174, 31.637316833763371 ], [ -106.438772900998174, 31.637855822933844 ], [ -106.438503406412934, 31.637855822933844 ], [ -106.438503406412934, 31.637586328348608 ], [ -106.437964417242469, 31.637586328348608 ], [ -106.437964417242469, 31.63812531751908 ] ] ] ] } },
{ "type": "Feature", "properties": { "ZONA_MET": "Ju_rez", "INTENSIDAD": "Intensa", "T_PROM_POL": 3.0, "T_MIN_CIUD": 1.0, "DIF_TERMIC": 2.0 }, "geometry": { "type": "MultiPolygon", "coordinates": [ [ [ [ -106.336364958608542, 31.639742285030493 ], [ -106.336095464023302, 31.639742285030493 ], [ -106.336095464023302, 31.639203295860021 ], [ -106.335556474852837, 31.639203295860021 ], [ -106.335556474852837, 31.638394812104313 ], [ -106.336095464023302, 31.638394812104313 ], [ -106.336095464023302, 31.637586328348608 ], [ -106.335825969438076, 31.637586328348608 ], [ -106.335825969438076, 31.637316833763371 ], [ -106.335556474852837, 31.637316833763371 ], [ -106.335556474852837, 31.63812531751908 ], [ -106.334747991097132, 31.63812531751908 ], [ -106.334747991097132, 31.637047339178135 ], [ -106.335017485682371, 31.637047339178135 ], [ -106.335017485682371, 31.636777844592899 ], [ -106.335556474852837, 31.636777844592899 ], [ -106.335556474852837, 31.636238855422427 ], [ -106.336634453193781, 31.636238855422427 ], [ -106.336634453193781, 31.636508350007663 ], [ -106.335825969438076, 31.636508350007663 ], [ -106.335825969438076, 31.636777844592899 ], [ -106.336095464023302, 31.636777844592899 ], [ -106.336095464023302, 31.637047339178135 ], [ -106.336903947779021, 31.637047339178135 ], [ -106.336903947779021, 31.637586328348608 ], [ -106.336364958608542, 31.637586328348608 ], [ -106.336364958608542, 31.63812531751908 ], [ -106.336634453193781, 31.63812531751908 ], [ -106.336634453193781, 31.639472790445257 ], [ -106.336364958608542, 31.639472790445257 ], [ -106.336364958608542, 31.639742285030493 ] ] ] ] } },
{ "type": "Feature", "properties": { "ZONA_MET": "Ju_rez", "INTENSIDAD": "Intensa", "T_PROM_POL": 3.0, "T_MIN_CIUD": 1.0, "DIF_TERMIC": 2.0 }, "geometry": { "type": "MultiPolygon", "coordinates": [ [ [ [ -106.345258279921325, 31.636777844592899 ], [ -106.344719290750859, 31.636777844592899 ], [ -106.344719290750859, 31.636238855422427 ], [ -106.34444979616562, 31.636238855422427 ], [ -106.34444979616562, 31.636508350007663 ], [ -106.34418030158038, 31.636508350007663 ], [ -106.34418030158038, 31.635969360837191 ], [ -106.34444979616562, 31.635969360837191 ], [ -106.34444979616562, 31.635699866251954 ], [ -106.345258279921325, 31.635699866251954 ], [ -106.345258279921325, 31.635969360837191 ], [ -106.345527774506564, 31.635969360837191 ], [ -106.345527774506564, 31.636238855422427 ], [ -106.345797269091804, 31.636238855422427 ], [ -106.345797269091804, 31.636508350007663 ], [ -106.345258279921325, 31.636508350007663 ], [ -106.345258279921325, 31.636777844592899 ] ], [ [ -106.344988785336085, 31.636238855422427 ], [ -106.344988785336085, 31.635969360837191 ], [ -106.344719290750859, 31.635969360837191 ], [ -106.344719290750859, 31.636238855422427 ], [ -106.344988785336085, 31.636238855422427 ] ] ] ] } },
{ "type": "Feature", "properties": { "ZONA_MET": "Ju_rez", "INTENSIDAD": "Intensa", "T_PROM_POL": 3.0, "T_MIN_CIUD": 1.0, "DIF_TERMIC": 2.0 }, "geometry": { "type": "MultiPolygon", "coordinates": [ [ [ [ -106.446857738555252, 31.636777844592899 ], [ -106.446318749384773, 31.636777844592899 ], [ -106.446318749384773, 31.636508350007663 ], [ -106.446049254799533, 31.636508350007663 ], [ -106.446049254799533, 31.636238855422427 ], [ -106.445779760214307, 31.636238855422427 ], [ -106.445779760214307, 31.635969360837191 ], [ -106.446318749384773, 31.635969360837191 ], [ -106.446318749384773, 31.635430371666718 ], [ -106.446588243970012, 31.635430371666718 ], [ -106.446588243970012, 31.635699866251954 ], [ -106.447127233140478, 31.635699866251954 ], [ -106.447127233140478, 31.636238855422427 ], [ -106.447396727725717, 31.636238855422427 ], [ -106.447396727725717, 31.636508350007663 ], [ -106.446857738555252, 31.636508350007663 ], [ -106.446857738555252, 31.636777844592899 ] ] ] ] } },
{ "type": "Feature", "properties": { "ZONA_MET": "Ju_rez", "INTENSIDAD": "Extrema", "T_PROM_POL": 3.0, "T_MIN_CIUD": 1.0, "DIF_TERMIC": 2.0 }, "geometry": { "type": "MultiPolygon", "coordinates": [ [ [ [ -106.454134092356611, 31.638394812104313 ], [ -106.452786619430441, 31.638394812104313 ], [ -106.452786619430441, 31.63812531751908 ], [ -106.453056114015666, 31.63812531751908 ], [ -106.453056114015666, 31.637047339178135 ], [ -106.453864597771371, 31.637047339178135 ], [ -106.453864597771371, 31.636238855422427 ], [ -106.454134092356611, 31.636238855422427 ], [ -106.454134092356611, 31.635160877081486 ], [ -106.454403586941851, 31.635160877081486 ], [ -106.454403586941851, 31.635969360837191 ], [ -106.454673081527091, 31.635969360837191 ], [ -106.454673081527091, 31.636508350007663 ], [ -106.454134092356611, 31.636508350007663 ], [ -106.454134092356611, 31.638394812104313 ] ], [ [ -106.453864597771371, 31.637855822933844 ], [ -106.453864597771371, 31.637586328348608 ], [ -106.453595103186146, 31.637586328348608 ], [ -106.453595103186146, 31.637855822933844 ], [ -106.453864597771371, 31.637855822933844 ] ] ] ] } },
{ "type": "Feature", "properties": { "ZONA_MET": "Ju_rez", "INTENSIDAD": "Intensa", "T_PROM_POL": 3.0, "T_MIN_CIUD": 1.0, "DIF_TERMIC": 2.0 }, "geometry": { "type": "MultiPolygon", "coordinates": [ [ [ [ -106.45655954362374, 31.635430371666718 ], [ -106.455481565282795, 31.635430371666718 ], [ -106.455481565282795, 31.635160877081486 ], [ -106.455212070697556, 31.635160877081486 ], [ -106.455212070697556, 31.634891382496249 ], [ -106.455481565282795, 31.634891382496249 ], [ -106.455481565282795, 31.634621887911013 ], [ -106.454942576112316, 31.634621887911013 ], [ -106.454942576112316, 31.634082898740541 ], [ -106.455212070697556, 31.634082898740541 ], [ -106.455212070697556, 31.634352393325777 ], [ -106.455751059868035, 31.634352393325777 ], [ -106.455751059868035, 31.634621887911013 ], [ -106.456020554453261, 31.634621887911013 ], [ -106.456020554453261, 31.634891382496249 ], [ -106.4562900490385, 31.634891382496249 ], [ -106.4562900490385, 31.635160877081486 ], [ -106.45655954362374, 31.635160877081486 ], [ -106.45655954362374, 31.635430371666718 ] ] ] ] } },
{ "type": "Feature", "properties": { "ZONA_MET": "Ju_rez", "INTENSIDAD": "Intensa", "T_PROM_POL": 3.0, "T_MIN_CIUD": 1.0, "DIF_TERMIC": 2.0 }, "geometry": { "type": "MultiPolygon", "coordinates": [ [ [ [ -106.391880843167129, 31.635699866251954 ], [ -106.391341853996664, 31.635699866251954 ], [ -106.391341853996664, 31.635430371666718 ], [ -106.39161134858189, 31.635430371666718 ], [ -106.39161134858189, 31.634621887911013 ], [ -106.391880843167129, 31.634621887911013 ], [ -106.391880843167129, 31.634082898740541 ], [ -106.392958821508074, 31.634082898740541 ], [ -106.392958821508074, 31.635430371666718 ], [ -106.391880843167129, 31.635430371666718 ], [ -106.391880843167129, 31.635699866251954 ] ] ] ] } },
{ "type": "Feature", "properties": { "ZONA_MET": "Ju_rez", "INTENSIDAD": "Intensa", "T_PROM_POL": 3.0, "T_MIN_CIUD": 1.0, "DIF_TERMIC": 2.0 }, "geometry": { "type": "MultiPolygon", "coordinates": [ [ [ [ -106.391072359411424, 31.635969360837191 ], [ -106.390533370240945, 31.635969360837191 ], [ -106.390533370240945, 31.635160877081486 ], [ -106.38999438107048, 31.635160877081486 ], [ -106.38999438107048, 31.633813404155305 ], [ -106.390802864826185, 31.633813404155305 ], [ -106.390802864826185, 31.633543909570069 ], [ -106.38999438107048, 31.633543909570069 ], [ -106.38999438107048, 31.633274414984832 ], [ -106.39026387565572, 31.633274414984832 ], [ -106.39026387565572, 31.633004920399596 ], [ -106.391072359411424, 31.633004920399596 ], [ -106.391072359411424, 31.634082898740541 ], [ -106.391341853996664, 31.634082898740541 ], [ -106.391341853996664, 31.634621887911013 ], [ -106.390533370240945, 31.634621887911013 ], [ -106.390533370240945, 31.634891382496249 ], [ -106.391072359411424, 31.634891382496249 ], [ -106.391072359411424, 31.635969360837191 ] ] ] ] } },
{ "type": "Feature", "properties": { "ZONA_MET": "Ju_rez", "INTENSIDAD": "Extrema", "T_PROM_POL": 3.0, "T_MIN_CIUD": 1.0, "DIF_TERMIC": 2.0 }, "geometry": { "type": "MultiPolygon", "coordinates": [ [ [ [ -106.427723623003502, 31.634621887911013 ], [ -106.427454128418262, 31.634621887911013 ], [ -106.427454128418262, 31.634082898740541 ], [ -106.427184633833022, 31.634082898740541 ], [ -106.427184633833022, 31.633543909570069 ], [ -106.426915139247797, 31.633543909570069 ], [ -106.426915139247797, 31.633004920399596 ], [ -106.426645644662557, 31.633004920399596 ], [ -106.426645644662557, 31.63273542581436 ], [ -106.426376150077317, 31.63273542581436 ], [ -106.426376150077317, 31.631926942058655 ], [ -106.426645644662557, 31.631926942058655 ], [ -106.426645644662557, 31.632196436643888 ], [ -106.426915139247797, 31.632196436643888 ], [ -106.426915139247797, 31.63273542581436 ], [ -106.427184633833022, 31.63273542581436 ], [ -106.427184633833022, 31.633274414984832 ], [ -106.427454128418262, 31.633274414984832 ], [ -106.427454128418262, 31.633813404155305 ], [ -106.427723623003502, 31.633813404155305 ], [ -106.427723623003502, 31.634621887911013 ] ] ] ] } },
{ "type": "Feature", "properties": { "ZONA_MET": "Ju_rez", "INTENSIDAD": "Intensa", "T_PROM_POL": 3.0, "T_MIN_CIUD": 1.0, "DIF_TERMIC": 2.0 }, "geometry": { "type": "MultiPolygon", "coordinates": [ [ [ [ -106.4390423955834, 31.634891382496249 ], [ -106.438772900998174, 31.634891382496249 ], [ -106.438772900998174, 31.634082898740541 ], [ -106.438503406412934, 31.634082898740541 ], [ -106.438503406412934, 31.633543909570069 ], [ -106.438233911827695, 31.633543909570069 ], [ -106.438233911827695, 31.633274414984832 ], [ -106.436886438901524, 31.633274414984832 ], [ -106.436886438901524, 31.63273542581436 ], [ -106.436616944316285, 31.63273542581436 ], [ -106.436616944316285, 31.632465931229124 ], [ -106.43715593348675, 31.632465931229124 ], [ -106.43715593348675, 31.63273542581436 ], [ -106.43742542807199, 31.63273542581436 ], [ -106.43742542807199, 31.631926942058655 ], [ -106.437694922657229, 31.631926942058655 ], [ -106.437694922657229, 31.632196436643888 ], [ -106.438233911827695, 31.632196436643888 ], [ -106.438233911827695, 31.63273542581436 ], [ -106.438772900998174, 31.63273542581436 ], [ -106.438772900998174, 31.633543909570069 ], [ -106.439311890168639, 31.633543909570069 ], [ -106.439311890168639, 31.633274414984832 ], [ -106.439581384753879, 31.633274414984832 ], [ -106.439581384753879, 31.633004920399596 ], [ -106.439850879339119, 31.633004920399596 ], [ -106.439850879339119, 31.633274414984832 ], [ -106.440120373924344, 31.633274414984832 ], [ -106.440120373924344, 31.633543909570069 ], [ -106.439850879339119, 31.633543909570069 ], [ -106.439850879339119, 31.634352393325777 ], [ -106.439311890168639, 31.634352393325777 ], [ -106.439311890168639, 31.634621887911013 ], [ -106.4390423955834, 31.634621887911013 ], [ -106.4390423955834, 31.634891382496249 ] ] ] ] } },
{ "type": "Feature", "properties": { "ZONA_MET": "Ju_rez", "INTENSIDAD": "Intensa", "T_PROM_POL": 3.0, "T_MIN_CIUD": 1.0, "DIF_TERMIC": 2.0 }, "geometry": { "type": "MultiPolygon", "coordinates": [ [ [ [ -106.330166583148113, 31.633274414984832 ], [ -106.329627593977648, 31.633274414984832 ], [ -106.329627593977648, 31.63273542581436 ], [ -106.329358099392408, 31.63273542581436 ], [ -106.329358099392408, 31.632465931229124 ], [ -106.329627593977648, 31.632465931229124 ], [ -106.329627593977648, 31.631926942058655 ], [ -106.329358099392408, 31.631926942058655 ], [ -106.329358099392408, 31.631657447473419 ], [ -106.329897088562888, 31.631657447473419 ], [ -106.329897088562888, 31.631926942058655 ], [ -106.330166583148113, 31.631926942058655 ], [ -106.330166583148113, 31.632465931229124 ], [ -106.330436077733353, 31.632465931229124 ], [ -106.330436077733353, 31.633004920399596 ], [ -106.330166583148113, 31.633004920399596 ], [ -106.330166583148113, 31.633274414984832 ] ], [ [ -106.330166583148113, 31.63273542581436 ], [ -106.330166583148113, 31.632465931229124 ], [ -106.329897088562888, 31.632465931229124 ], [ -106.329897088562888, 31.63273542581436 ], [ -106.330166583148113, 31.63273542581436 ] ] ] ] } },
{ "type": "Feature", "properties": { "ZONA_MET": "Ju_rez", "INTENSIDAD": "Intensa", "T_PROM_POL": 3.0, "T_MIN_CIUD": 1.0, "DIF_TERMIC": 2.0 }, "geometry": { "type": "MultiPolygon", "coordinates": [ [ [ [ -106.332592034415242, 31.633543909570069 ], [ -106.330975066903832, 31.633543909570069 ], [ -106.330975066903832, 31.633274414984832 ], [ -106.330436077733353, 31.633274414984832 ], [ -106.330436077733353, 31.633004920399596 ], [ -106.330705572318593, 31.633004920399596 ], [ -106.330705572318593, 31.632465931229124 ], [ -106.330975066903832, 31.632465931229124 ], [ -106.330975066903832, 31.631387952888183 ], [ -106.331244561489058, 31.631387952888183 ], [ -106.331244561489058, 31.631926942058655 ], [ -106.331783550659537, 31.631926942058655 ], [ -106.331783550659537, 31.633274414984832 ], [ -106.332592034415242, 31.633274414984832 ], [ -106.332592034415242, 31.633543909570069 ] ] ] ] } },
{ "type": "Feature", "properties": { "ZONA_MET": "Ju_rez", "INTENSIDAD": "Extrema", "T_PROM_POL": 3.0, "T_MIN_CIUD": 1.0, "DIF_TERMIC": 2.0 }, "geometry": { "type": "MultiPolygon", "coordinates": [ [ [ [ -106.449822178992846, 31.633543909570069 ], [ -106.449552684407607, 31.633543909570069 ], [ -106.449552684407607, 31.632196436643888 ], [ -106.449283189822367, 31.632196436643888 ], [ -106.449283189822367, 31.631926942058655 ], [ -106.449552684407607, 31.631926942058655 ], [ -106.449552684407607, 31.631387952888183 ], [ -106.450091673578072, 31.631387952888183 ], [ -106.450091673578072, 31.633274414984832 ], [ -106.449822178992846, 31.633274414984832 ], [ -106.449822178992846, 31.633543909570069 ] ] ] ] } },
{ "type": "Feature", "properties": { "ZONA_MET": "Ju_rez", "INTENSIDAD": "Intensa", "T_PROM_POL": 3.0, "T_MIN_CIUD": 1.0, "DIF_TERMIC": 2.0 }, "geometry": { "type": "MultiPolygon", "coordinates": [ [ [ [ -106.329088604807183, 31.633004920399596 ], [ -106.328280121051463, 31.633004920399596 ], [ -106.328280121051463, 31.632465931229124 ], [ -106.328010626466238, 31.632465931229124 ], [ -106.328010626466238, 31.631926942058655 ], [ -106.327741131880998, 31.631926942058655 ], [ -106.327741131880998, 31.631657447473419 ], [ -106.327471637295758, 31.631657447473419 ], [ -106.327471637295758, 31.631387952888183 ], [ -106.328010626466238, 31.631387952888183 ], [ -106.328010626466238, 31.631657447473419 ], [ -106.328549615636703, 31.631657447473419 ], [ -106.328549615636703, 31.631926942058655 ], [ -106.329088604807183, 31.631926942058655 ], [ -106.329088604807183, 31.632465931229124 ], [ -106.328549615636703, 31.632465931229124 ], [ -106.328549615636703, 31.63273542581436 ], [ -106.329088604807183, 31.63273542581436 ], [ -106.329088604807183, 31.633004920399596 ] ] ] ] } },
{ "type": "Feature", "properties": { "ZONA_MET": "Ju_rez", "INTENSIDAD": "Intensa", "T_PROM_POL": 3.0, "T_MIN_CIUD": 1.0, "DIF_TERMIC": 2.0 }, "geometry": { "type": "MultiPolygon", "coordinates": [ [ [ [ -106.371938243859674, 31.633004920399596 ], [ -106.371129760103969, 31.633004920399596 ], [ -106.371129760103969, 31.631657447473419 ], [ -106.371938243859674, 31.631657447473419 ], [ -106.371938243859674, 31.631387952888183 ], [ -106.373016222200619, 31.631387952888183 ], [ -106.373016222200619, 31.631118458302947 ], [ -106.373285716785858, 31.631118458302947 ], [ -106.373285716785858, 31.631657447473419 ], [ -106.373016222200619, 31.631657447473419 ], [ -106.373016222200619, 31.631926942058655 ], [ -106.372746727615379, 31.631926942058655 ], [ -106.372746727615379, 31.632196436643888 ], [ -106.372207738444914, 31.632196436643888 ], [ -106.372207738444914, 31.632465931229124 ], [ -106.371938243859674, 31.632465931229124 ], [ -106.371938243859674, 31.632196436643888 ], [ -106.371399254689209, 31.632196436643888 ], [ -106.371399254689209, 31.63273542581436 ], [ -106.371938243859674, 31.63273542581436 ], [ -106.371938243859674, 31.633004920399596 ] ] ] ] } },
{ "type": "Feature", "properties": { "ZONA_MET": "Ju_rez", "INTENSIDAD": "Intensa", "T_PROM_POL": 3.0, "T_MIN_CIUD": 1.0, "DIF_TERMIC": 2.0 }, "geometry": { "type": "MultiPolygon", "coordinates": [ [ [ [ -106.335017485682371, 31.633274414984832 ], [ -106.334209001926652, 31.633274414984832 ], [ -106.334209001926652, 31.63273542581436 ], [ -106.333939507341427, 31.63273542581436 ], [ -106.333939507341427, 31.632465931229124 ], [ -106.334209001926652, 31.632465931229124 ], [ -106.334209001926652, 31.631118458302947 ], [ -106.334478496511892, 31.631118458302947 ], [ -106.334478496511892, 31.63084896371771 ], [ -106.334747991097132, 31.63084896371771 ], [ -106.334747991097132, 31.631387952888183 ], [ -106.334478496511892, 31.631387952888183 ], [ -106.334478496511892, 31.631657447473419 ], [ -106.334747991097132, 31.631657447473419 ], [ -106.334747991097132, 31.633004920399596 ], [ -106.335017485682371, 31.633004920399596 ], [ -106.335017485682371, 31.633274414984832 ] ] ] ] } },
{ "type": "Feature", "properties": { "ZONA_MET": "Ju_rez", "INTENSIDAD": "Intensa", "T_PROM_POL": 3.0, "T_MIN_CIUD": 1.0, "DIF_TERMIC": 2.0 }, "geometry": { "type": "MultiPolygon", "coordinates": [ [ [ [ -106.384065500195291, 31.632196436643888 ], [ -106.383796005610051, 31.632196436643888 ], [ -106.383796005610051, 31.631926942058655 ], [ -106.383526511024826, 31.631926942058655 ], [ -106.383526511024826, 31.631657447473419 ], [ -106.382987521854346, 31.631657447473419 ], [ -106.382987521854346, 31.631118458302947 ], [ -106.382718027269107, 31.631118458302947 ], [ -106.382718027269107, 31.630309974547238 ], [ -106.383796005610051, 31.630309974547238 ], [ -106.383796005610051, 31.630579469132474 ], [ -106.383257016439586, 31.630579469132474 ], [ -106.383257016439586, 31.63084896371771 ], [ -106.383796005610051, 31.63084896371771 ], [ -106.383796005610051, 31.631657447473419 ], [ -106.384065500195291, 31.631657447473419 ], [ -106.384065500195291, 31.632196436643888 ] ] ] ] } },
{ "type": "Feature", "properties": { "ZONA_MET": "Ju_rez", "INTENSIDAD": "Intensa", "T_PROM_POL": 3.0, "T_MIN_CIUD": 1.0, "DIF_TERMIC": 2.0 }, "geometry": { "type": "MultiPolygon", "coordinates": [ [ [ [ -106.385951962291941, 31.633274414984832 ], [ -106.384873983950996, 31.633274414984832 ], [ -106.384873983950996, 31.633004920399596 ], [ -106.385412973121475, 31.633004920399596 ], [ -106.385412973121475, 31.632465931229124 ], [ -106.384873983950996, 31.632465931229124 ], [ -106.384873983950996, 31.631926942058655 ], [ -106.384604489365756, 31.631926942058655 ], [ -106.384604489365756, 31.631657447473419 ], [ -106.384334994780531, 31.631657447473419 ], [ -106.384334994780531, 31.631387952888183 ], [ -106.384065500195291, 31.631387952888183 ], [ -106.384065500195291, 31.630040479962002 ], [ -106.384604489365756, 31.630040479962002 ], [ -106.384604489365756, 31.63084896371771 ], [ -106.385412973121475, 31.63084896371771 ], [ -106.385412973121475, 31.631926942058655 ], [ -106.385682467706701, 31.631926942058655 ], [ -106.385682467706701, 31.632196436643888 ], [ -106.385951962291941, 31.632196436643888 ], [ -106.385951962291941, 31.633274414984832 ] ] ] ] } },
{ "type": "Feature", "properties": { "ZONA_MET": "Ju_rez", "INTENSIDAD": "Extrema", "T_PROM_POL": 3.0, "T_MIN_CIUD": 1.0, "DIF_TERMIC": 2.0 }, "geometry": { "type": "MultiPolygon", "coordinates": [ [ [ [ -106.389185897314775, 31.631387952888183 ], [ -106.388646908144295, 31.631387952888183 ], [ -106.388646908144295, 31.63084896371771 ], [ -106.38837741355907, 31.63084896371771 ], [ -106.38837741355907, 31.630579469132474 ], [ -106.38810791897383, 31.630579469132474 ], [ -106.38810791897383, 31.630040479962002 ], [ -106.388646908144295, 31.630040479962002 ], [ -106.388646908144295, 31.630309974547238 ], [ -106.389455391900015, 31.630309974547238 ], [ -106.389455391900015, 31.630579469132474 ], [ -106.38972488648524, 31.630579469132474 ], [ -106.38972488648524, 31.631118458302947 ], [ -106.389185897314775, 31.631118458302947 ], [ -106.389185897314775, 31.631387952888183 ] ] ] ] } },
{ "type": "Feature", "properties": { "ZONA_MET": "Ju_rez", "INTENSIDAD": "Intensa", "T_PROM_POL": 3.0, "T_MIN_CIUD": 1.0, "DIF_TERMIC": 2.0 }, "geometry": { "type": "MultiPolygon", "coordinates": [ [ [ [ -106.421255752957833, 31.64513217673521 ], [ -106.420986258372608, 31.64513217673521 ], [ -106.420986258372608, 31.644054198394269 ], [ -106.421255752957833, 31.644054198394269 ], [ -106.421255752957833, 31.643784703809033 ], [ -106.421525247543073, 31.643784703809033 ], [ -106.421525247543073, 31.643515209223796 ], [ -106.421794742128313, 31.643515209223796 ], [ -106.421794742128313, 31.642976220053324 ], [ -106.422064236713553, 31.642976220053324 ], [ -106.422064236713553, 31.642706725468088 ], [ -106.422603225884018, 31.642706725468088 ], [ -106.422603225884018, 31.642167736297615 ], [ -106.422872720469258, 31.642167736297615 ], [ -106.422872720469258, 31.641898241712379 ], [ -106.423142215054497, 31.641898241712379 ], [ -106.423142215054497, 31.641628747127143 ], [ -106.423411709639723, 31.641628747127143 ], [ -106.423411709639723, 31.641359252541907 ], [ -106.423681204224962, 31.641359252541907 ], [ -106.423681204224962, 31.641089757956674 ], [ -106.423950698810202, 31.641089757956674 ], [ -106.423950698810202, 31.640820263371438 ], [ -106.424220193395428, 31.640820263371438 ], [ -106.424220193395428, 31.640281274200966 ], [ -106.424759182565907, 31.640281274200966 ], [ -106.424759182565907, 31.639742285030493 ], [ -106.425298171736372, 31.639742285030493 ], [ -106.425298171736372, 31.639203295860021 ], [ -106.425567666321612, 31.639203295860021 ], [ -106.425567666321612, 31.638933801274785 ], [ -106.426106655492092, 31.638933801274785 ], [ -106.426106655492092, 31.638394812104313 ], [ -106.426376150077317, 31.638394812104313 ], [ -106.426376150077317, 31.63812531751908 ], [ -106.426915139247797, 31.63812531751908 ], [ -106.426915139247797, 31.637586328348608 ], [ -106.427184633833022, 31.637586328348608 ], [ -106.427184633833022, 31.637316833763371 ], [ -106.427454128418262, 31.637316833763371 ], [ -106.427454128418262, 31.637047339178135 ], [ -106.427723623003502, 31.637047339178135 ], [ -106.427723623003502, 31.636777844592899 ], [ -106.427993117588741, 31.636777844592899 ], [ -106.427993117588741, 31.636508350007663 ], [ -106.428262612173967, 31.636508350007663 ], [ -106.428262612173967, 31.635430371666718 ], [ -106.427993117588741, 31.635430371666718 ], [ -106.427993117588741, 31.634621887911013 ], [ -106.428262612173967, 31.634621887911013 ], [ -106.428262612173967, 31.635160877081486 ], [ -106.428532106759206, 31.635160877081486 ], [ -106.428532106759206, 31.635699866251954 ], [ -106.429071095929686, 31.635699866251954 ], [ -106.429071095929686, 31.635160877081486 ], [ -106.429340590514911, 31.635160877081486 ], [ -106.429340590514911, 31.634891382496249 ], [ -106.429610085100151, 31.634891382496249 ], [ -106.429610085100151, 31.634621887911013 ], [ -106.430149074270616, 31.634621887911013 ], [ -106.430149074270616, 31.634082898740541 ], [ -106.430688063441096, 31.634082898740541 ], [ -106.430688063441096, 31.633543909570069 ], [ -106.430957558026336, 31.633543909570069 ], [ -106.430957558026336, 31.633274414984832 ], [ -106.431227052611561, 31.633274414984832 ], [ -106.431227052611561, 31.633004920399596 ], [ -106.431496547196801, 31.633004920399596 ], [ -106.431496547196801, 31.63273542581436 ], [ -106.431766041782041, 31.63273542581436 ], [ -106.431766041782041, 31.632465931229124 ], [ -106.43203553636728, 31.632465931229124 ], [ -106.43203553636728, 31.631926942058655 ], [ -106.432574525537746, 31.631926942058655 ], [ -106.432574525537746, 31.631387952888183 ], [ -106.432844020122985, 31.631387952888183 ], [ -106.432844020122985, 31.631118458302947 ], [ -106.43365250387869, 31.631118458302947 ], [ -106.43365250387869, 31.63084896371771 ], [ -106.433383009293451, 31.63084896371771 ], [ -106.433383009293451, 31.630579469132474 ], [ -106.43365250387869, 31.630579469132474 ], [ -106.43365250387869, 31.630309974547238 ], [ -106.43392199846393, 31.630309974547238 ], [ -106.43392199846393, 31.630040479962002 ], [ -106.434191493049155, 31.630040479962002 ], [ -106.434191493049155, 31.629770985376766 ], [ -106.434460987634395, 31.629770985376766 ], [ -106.434460987634395, 31.62950149079153 ], [ -106.434730482219635, 31.62950149079153 ], [ -106.434730482219635, 31.629231996206293 ], [ -106.4352694713901, 31.629231996206293 ], [ -106.4352694713901, 31.629770985376766 ], [ -106.434999976804875, 31.629770985376766 ], [ -106.434999976804875, 31.630040479962002 ], [ -106.434730482219635, 31.630040479962002 ], [ -106.434730482219635, 31.630579469132474 ], [ -106.434460987634395, 31.630579469132474 ], [ -106.434460987634395, 31.63084896371771 ], [ -106.434191493049155, 31.63084896371771 ], [ -106.434191493049155, 31.631118458302947 ], [ -106.43392199846393, 31.631118458302947 ], [ -106.43392199846393, 31.631387952888183 ], [ -106.433383009293451, 31.631387952888183 ], [ -106.433383009293451, 31.631926942058655 ], [ -106.433113514708211, 31.631926942058655 ], [ -106.433113514708211, 31.632196436643888 ], [ -106.432844020122985, 31.632196436643888 ], [ -106.432844020122985, 31.632465931229124 ], [ -106.432574525537746, 31.632465931229124 ], [ -106.432574525537746, 31.63273542581436 ], [ -106.433383009293451, 31.63273542581436 ], [ -106.433383009293451, 31.633274414984832 ], [ -106.43392199846393, 31.633274414984832 ], [ -106.43392199846393, 31.633543909570069 ], [ -106.434460987634395, 31.633543909570069 ], [ -106.434460987634395, 31.633813404155305 ], [ -106.434999976804875, 31.633813404155305 ], [ -106.434999976804875, 31.633274414984832 ], [ -106.43553896597534, 31.633274414984832 ], [ -106.43553896597534, 31.63273542581436 ], [ -106.43580846056058, 31.63273542581436 ], [ -106.43580846056058, 31.633004920399596 ], [ -106.436077955145805, 31.633004920399596 ], [ -106.436077955145805, 31.633543909570069 ], [ -106.43553896597534, 31.633543909570069 ], [ -106.43553896597534, 31.633813404155305 ], [ -106.4352694713901, 31.633813404155305 ], [ -106.4352694713901, 31.634082898740541 ], [ -106.43392199846393, 31.634082898740541 ], [ -106.43392199846393, 31.633813404155305 ], [ -106.43365250387869, 31.633813404155305 ], [ -106.43365250387869, 31.633543909570069 ], [ -106.433113514708211, 31.633543909570069 ], [ -106.433113514708211, 31.633274414984832 ], [ -106.432574525537746, 31.633274414984832 ], [ -106.432574525537746, 31.633004920399596 ], [ -106.43203553636728, 31.633004920399596 ], [ -106.43203553636728, 31.633274414984832 ], [ -106.431766041782041, 31.633274414984832 ], [ -106.431766041782041, 31.633543909570069 ], [ -106.431496547196801, 31.633543909570069 ], [ -106.431496547196801, 31.633813404155305 ], [ -106.431227052611561, 31.633813404155305 ], [ -106.431227052611561, 31.634352393325777 ], [ -106.430957558026336, 31.634352393325777 ], [ -106.430957558026336, 31.634621887911013 ], [ -106.430418568855856, 31.634621887911013 ], [ -106.430418568855856, 31.635160877081486 ], [ -106.430149074270616, 31.635160877081486 ], [ -106.430149074270616, 31.635430371666718 ], [ -106.430688063441096, 31.635430371666718 ], [ -106.430688063441096, 31.635160877081486 ], [ -106.431227052611561, 31.635160877081486 ], [ -106.431227052611561, 31.634891382496249 ], [ -106.43203553636728, 31.634891382496249 ], [ -106.43203553636728, 31.634621887911013 ], [ -106.433383009293451, 31.634621887911013 ], [ -106.433383009293451, 31.634891382496249 ], [ -106.434191493049155, 31.634891382496249 ], [ -106.434191493049155, 31.635160877081486 ], [ -106.43365250387869, 31.635160877081486 ], [ -106.43365250387869, 31.635969360837191 ], [ -106.434191493049155, 31.635969360837191 ], [ -106.434191493049155, 31.636508350007663 ], [ -106.43365250387869, 31.636508350007663 ], [ -106.43365250387869, 31.637047339178135 ], [ -106.433383009293451, 31.637047339178135 ], [ -106.433383009293451, 31.637586328348608 ], [ -106.433113514708211, 31.637586328348608 ], [ -106.433113514708211, 31.637316833763371 ], [ -106.432844020122985, 31.637316833763371 ], [ -106.432844020122985, 31.637855822933844 ], [ -106.434191493049155, 31.637855822933844 ], [ -106.434191493049155, 31.638664306689549 ], [ -106.43365250387869, 31.638664306689549 ], [ -106.43365250387869, 31.638394812104313 ], [ -106.433383009293451, 31.638394812104313 ], [ -106.433383009293451, 31.638933801274785 ], [ -106.43365250387869, 31.638933801274785 ], [ -106.43365250387869, 31.639203295860021 ], [ -106.433383009293451, 31.639203295860021 ], [ -106.433383009293451, 31.639742285030493 ], [ -106.433113514708211, 31.639742285030493 ], [ -106.433113514708211, 31.638933801274785 ], [ -106.432574525537746, 31.638933801274785 ], [ -106.432574525537746, 31.638664306689549 ], [ -106.432305030952506, 31.638664306689549 ], [ -106.432305030952506, 31.638933801274785 ], [ -106.43203553636728, 31.638933801274785 ], [ -106.43203553636728, 31.639472790445257 ], [ -106.431766041782041, 31.639472790445257 ], [ -106.431766041782041, 31.640550768786202 ], [ -106.431227052611561, 31.640550768786202 ], [ -106.431227052611561, 31.641359252541907 ], [ -106.431496547196801, 31.641359252541907 ], [ -106.431496547196801, 31.641628747127143 ], [ -106.431766041782041, 31.641628747127143 ], [ -106.431766041782041, 31.642167736297615 ], [ -106.431496547196801, 31.642167736297615 ], [ -106.431496547196801, 31.641898241712379 ], [ -106.431227052611561, 31.641898241712379 ], [ -106.431227052611561, 31.641628747127143 ], [ -106.430957558026336, 31.641628747127143 ], [ -106.430957558026336, 31.640820263371438 ], [ -106.430688063441096, 31.640820263371438 ], [ -106.430688063441096, 31.640550768786202 ], [ -106.430418568855856, 31.640550768786202 ], [ -106.430418568855856, 31.639472790445257 ], [ -106.430688063441096, 31.639472790445257 ], [ -106.430688063441096, 31.639742285030493 ], [ -106.430957558026336, 31.639742285030493 ], [ -106.430957558026336, 31.64001177961573 ], [ -106.431227052611561, 31.64001177961573 ], [ -106.431227052611561, 31.639742285030493 ], [ -106.431496547196801, 31.639742285030493 ], [ -106.431496547196801, 31.639203295860021 ], [ -106.431766041782041, 31.639203295860021 ], [ -106.431766041782041, 31.638664306689549 ], [ -106.43203553636728, 31.638664306689549 ], [ -106.43203553636728, 31.63812531751908 ], [ -106.431496547196801, 31.63812531751908 ], [ -106.431496547196801, 31.637855822933844 ], [ -106.431227052611561, 31.637855822933844 ], [ -106.431227052611561, 31.637586328348608 ], [ -106.43203553636728, 31.637586328348608 ], [ -106.43203553636728, 31.637855822933844 ], [ -106.432305030952506, 31.637855822933844 ], [ -106.432305030952506, 31.637586328348608 ], [ -106.432574525537746, 31.637586328348608 ], [ -106.432574525537746, 31.636777844592899 ], [ -106.432844020122985, 31.636777844592899 ], [ -106.432844020122985, 31.636238855422427 ], [ -106.433113514708211, 31.636238855422427 ], [ -106.433113514708211, 31.635699866251954 ], [ -106.433383009293451, 31.635699866251954 ], [ -106.433383009293451, 31.635430371666718 ], [ -106.433113514708211, 31.635430371666718 ], [ -106.433113514708211, 31.634891382496249 ], [ -106.432574525537746, 31.634891382496249 ], [ -106.432574525537746, 31.635430371666718 ], [ -106.431227052611561, 31.635430371666718 ], [ -106.431227052611561, 31.635699866251954 ], [ -106.430418568855856, 31.635699866251954 ], [ -106.430418568855856, 31.635969360837191 ], [ -106.429879579685391, 31.635969360837191 ], [ -106.429879579685391, 31.636238855422427 ], [ -106.429340590514911, 31.636238855422427 ], [ -106.429340590514911, 31.636508350007663 ], [ -106.429071095929686, 31.636508350007663 ], [ -106.429071095929686, 31.637047339178135 ], [ -106.429610085100151, 31.637047339178135 ], [ -106.429610085100151, 31.63812531751908 ], [ -106.429071095929686, 31.63812531751908 ], [ -106.429071095929686, 31.637316833763371 ], [ -106.428801601344446, 31.637316833763371 ], [ -106.428801601344446, 31.637047339178135 ], [ -106.428262612173967, 31.637047339178135 ], [ -106.428262612173967, 31.637316833763371 ], [ -106.427993117588741, 31.637316833763371 ], [ -106.427993117588741, 31.637586328348608 ], [ -106.427723623003502, 31.637586328348608 ], [ -106.427723623003502, 31.63812531751908 ], [ -106.427454128418262, 31.63812531751908 ], [ -106.427454128418262, 31.638394812104313 ], [ -106.426915139247797, 31.638394812104313 ], [ -106.426915139247797, 31.638933801274785 ], [ -106.426376150077317, 31.638933801274785 ], [ -106.426376150077317, 31.639472790445257 ], [ -106.426106655492092, 31.639472790445257 ], [ -106.426106655492092, 31.639742285030493 ], [ -106.425837160906852, 31.639742285030493 ], [ -106.425837160906852, 31.64001177961573 ], [ -106.425567666321612, 31.64001177961573 ], [ -106.425567666321612, 31.640281274200966 ], [ -106.425298171736372, 31.640281274200966 ], [ -106.425298171736372, 31.640550768786202 ], [ -106.425028677151147, 31.640550768786202 ], [ -106.425028677151147, 31.640820263371438 ], [ -106.424759182565907, 31.640820263371438 ], [ -106.424759182565907, 31.641089757956674 ], [ -106.424489687980667, 31.641089757956674 ], [ -106.424489687980667, 31.641359252541907 ], [ -106.424220193395428, 31.641359252541907 ], [ -106.424220193395428, 31.641898241712379 ], [ -106.423950698810202, 31.641898241712379 ], [ -106.423950698810202, 31.642167736297615 ], [ -106.423681204224962, 31.642167736297615 ], [ -106.423681204224962, 31.642437230882852 ], [ -106.423411709639723, 31.642437230882852 ], [ -106.423411709639723, 31.642706725468088 ], [ -106.422872720469258, 31.642706725468088 ], [ -106.422872720469258, 31.64324571463856 ], [ -106.422603225884018, 31.64324571463856 ], [ -106.422603225884018, 31.643515209223796 ], [ -106.422333731298778, 31.643515209223796 ], [ -106.422333731298778, 31.643784703809033 ], [ -106.422064236713553, 31.643784703809033 ], [ -106.422064236713553, 31.644054198394269 ], [ -106.421794742128313, 31.644054198394269 ], [ -106.421794742128313, 31.644323692979501 ], [ -106.421525247543073, 31.644323692979501 ], [ -106.421525247543073, 31.644593187564737 ], [ -106.421255752957833, 31.644593187564737 ], [ -106.421255752957833, 31.64513217673521 ] ] ] ] } },
{ "type": "Feature", "properties": { "ZONA_MET": "Ju_rez", "INTENSIDAD": "Intensa", "T_PROM_POL": 3.0, "T_MIN_CIUD": 1.0, "DIF_TERMIC": 2.0 }, "geometry": { "type": "MultiPolygon", "coordinates": [ [ [ [ -106.385951962291941, 31.630040479962002 ], [ -106.384873983950996, 31.630040479962002 ], [ -106.384873983950996, 31.629231996206293 ], [ -106.385143478536236, 31.629231996206293 ], [ -106.385143478536236, 31.628962501621061 ], [ -106.38622145687718, 31.628962501621061 ], [ -106.38622145687718, 31.62950149079153 ], [ -106.385951962291941, 31.62950149079153 ], [ -106.385951962291941, 31.629231996206293 ], [ -106.385682467706701, 31.629231996206293 ], [ -106.385682467706701, 31.629770985376766 ], [ -106.385951962291941, 31.629770985376766 ], [ -106.385951962291941, 31.630040479962002 ] ] ] ] } },
{ "type": "Feature", "properties": { "ZONA_MET": "Ju_rez", "INTENSIDAD": "Intensa", "T_PROM_POL": 3.0, "T_MIN_CIUD": 1.0, "DIF_TERMIC": 2.0 }, "geometry": { "type": "MultiPolygon", "coordinates": [ [ [ [ -106.38810791897383, 31.630579469132474 ], [ -106.38783842438859, 31.630579469132474 ], [ -106.38783842438859, 31.630309974547238 ], [ -106.387299435218125, 31.630309974547238 ], [ -106.387299435218125, 31.630579469132474 ], [ -106.386760446047646, 31.630579469132474 ], [ -106.386760446047646, 31.630040479962002 ], [ -106.38649095146242, 31.630040479962002 ], [ -106.38649095146242, 31.629770985376766 ], [ -106.386760446047646, 31.629770985376766 ], [ -106.386760446047646, 31.62950149079153 ], [ -106.387029940632885, 31.62950149079153 ], [ -106.387029940632885, 31.628962501621061 ], [ -106.38783842438859, 31.628962501621061 ], [ -106.38783842438859, 31.629231996206293 ], [ -106.387568929803351, 31.629231996206293 ], [ -106.387568929803351, 31.62950149079153 ], [ -106.38783842438859, 31.62950149079153 ], [ -106.38783842438859, 31.629770985376766 ], [ -106.387568929803351, 31.629770985376766 ], [ -106.387568929803351, 31.630040479962002 ], [ -106.38810791897383, 31.630040479962002 ], [ -106.38810791897383, 31.630579469132474 ] ] ] ] } },
{ "type": "Feature", "properties": { "ZONA_MET": "Ju_rez", "INTENSIDAD": "Intensa", "T_PROM_POL": 3.0, "T_MIN_CIUD": 1.0, "DIF_TERMIC": 2.0 }, "geometry": { "type": "MultiPolygon", "coordinates": [ [ [ [ -106.347953225773679, 31.630040479962002 ], [ -106.346875247432749, 31.630040479962002 ], [ -106.346875247432749, 31.62950149079153 ], [ -106.346605752847509, 31.62950149079153 ], [ -106.346605752847509, 31.628962501621061 ], [ -106.347414236603214, 31.628962501621061 ], [ -106.347414236603214, 31.629231996206293 ], [ -106.347144742017974, 31.629231996206293 ], [ -106.347144742017974, 31.629770985376766 ], [ -106.347683731188454, 31.629770985376766 ], [ -106.347683731188454, 31.62950149079153 ], [ -106.347953225773679, 31.62950149079153 ], [ -106.347953225773679, 31.629231996206293 ], [ -106.348222720358919, 31.629231996206293 ], [ -106.348222720358919, 31.62950149079153 ], [ -106.348492214944159, 31.62950149079153 ], [ -106.348492214944159, 31.629770985376766 ], [ -106.347953225773679, 31.629770985376766 ], [ -106.347953225773679, 31.630040479962002 ] ] ] ] } },
{ "type": "Feature", "properties": { "ZONA_MET": "Ju_rez", "INTENSIDAD": "Intensa", "T_PROM_POL": 3.0, "T_MIN_CIUD": 1.0, "DIF_TERMIC": 2.0 }, "geometry": { "type": "MultiPolygon", "coordinates": [ [ [ [ -106.347414236603214, 31.635430371666718 ], [ -106.346875247432749, 31.635430371666718 ], [ -106.346875247432749, 31.633813404155305 ], [ -106.347144742017974, 31.633813404155305 ], [ -106.347144742017974, 31.633004920399596 ], [ -106.347414236603214, 31.633004920399596 ], [ -106.347414236603214, 31.631926942058655 ], [ -106.347144742017974, 31.631926942058655 ], [ -106.347144742017974, 31.631657447473419 ], [ -106.347414236603214, 31.631657447473419 ], [ -106.347414236603214, 31.631387952888183 ], [ -106.347144742017974, 31.631387952888183 ], [ -106.347144742017974, 31.630579469132474 ], [ -106.347414236603214, 31.630579469132474 ], [ -106.347414236603214, 31.631118458302947 ], [ -106.347683731188454, 31.631118458302947 ], [ -106.347683731188454, 31.63084896371771 ], [ -106.347953225773679, 31.63084896371771 ], [ -106.347953225773679, 31.630309974547238 ], [ -106.348222720358919, 31.630309974547238 ], [ -106.348222720358919, 31.630040479962002 ], [ -106.348761709529398, 31.630040479962002 ], [ -106.348761709529398, 31.629770985376766 ], [ -106.349031204114624, 31.629770985376766 ], [ -106.349031204114624, 31.62950149079153 ], [ -106.349300698699864, 31.62950149079153 ], [ -106.349300698699864, 31.628693007035825 ], [ -106.350109182455569, 31.628693007035825 ], [ -106.350109182455569, 31.628962501621061 ], [ -106.350917666211274, 31.628962501621061 ], [ -106.350917666211274, 31.629231996206293 ], [ -106.351187160796513, 31.629231996206293 ], [ -106.351187160796513, 31.630040479962002 ], [ -106.350917666211274, 31.630040479962002 ], [ -106.350917666211274, 31.629770985376766 ], [ -106.350378677040808, 31.629770985376766 ], [ -106.350378677040808, 31.62950149079153 ], [ -106.350109182455569, 31.62950149079153 ], [ -106.350109182455569, 31.629770985376766 ], [ -106.349570193285103, 31.629770985376766 ], [ -106.349570193285103, 31.630040479962002 ], [ -106.349300698699864, 31.630040479962002 ], [ -106.349300698699864, 31.630579469132474 ], [ -106.349570193285103, 31.630579469132474 ], [ -106.349570193285103, 31.63084896371771 ], [ -106.349300698699864, 31.63084896371771 ], [ -106.349300698699864, 31.631118458302947 ], [ -106.348492214944159, 31.631118458302947 ], [ -106.348492214944159, 31.631387952888183 ], [ -106.347953225773679, 31.631387952888183 ], [ -106.347953225773679, 31.632196436643888 ], [ -106.348222720358919, 31.632196436643888 ], [ -106.348222720358919, 31.63273542581436 ], [ -106.347953225773679, 31.63273542581436 ], [ -106.347953225773679, 31.633004920399596 ], [ -106.348222720358919, 31.633004920399596 ], [ -106.348222720358919, 31.633274414984832 ], [ -106.347953225773679, 31.633274414984832 ], [ -106.347953225773679, 31.634082898740541 ], [ -106.347683731188454, 31.634082898740541 ], [ -106.347683731188454, 31.634891382496249 ], [ -106.347414236603214, 31.634891382496249 ], [ -106.347414236603214, 31.635430371666718 ] ], [ [ -106.347414236603214, 31.634891382496249 ], [ -106.347414236603214, 31.634082898740541 ], [ -106.347144742017974, 31.634082898740541 ], [ -106.347144742017974, 31.634891382496249 ], [ -106.347414236603214, 31.634891382496249 ] ], [ [ -106.347683731188454, 31.633813404155305 ], [ -106.347683731188454, 31.633543909570069 ], [ -106.347414236603214, 31.633543909570069 ], [ -106.347414236603214, 31.633813404155305 ], [ -106.347683731188454, 31.633813404155305 ] ], [ [ -106.348492214944159, 31.631118458302947 ], [ -106.348492214944159, 31.630579469132474 ], [ -106.348222720358919, 31.630579469132474 ], [ -106.348222720358919, 31.631118458302947 ], [ -106.348492214944159, 31.631118458302947 ] ], [ [ -106.350648171626048, 31.62950149079153 ], [ -106.350648171626048, 31.629231996206293 ], [ -106.350378677040808, 31.629231996206293 ], [ -106.350378677040808, 31.62950149079153 ], [ -106.350648171626048, 31.62950149079153 ] ] ] ] } },
{ "type": "Feature", "properties": { "ZONA_MET": "Ju_rez", "INTENSIDAD": "Intensa", "T_PROM_POL": 3.0, "T_MIN_CIUD": 1.0, "DIF_TERMIC": 2.0 }, "geometry": { "type": "MultiPolygon", "coordinates": [ [ [ [ -106.333131023585707, 31.62950149079153 ], [ -106.332592034415242, 31.62950149079153 ], [ -106.332592034415242, 31.629231996206293 ], [ -106.332322539830002, 31.629231996206293 ], [ -106.332322539830002, 31.628423512450588 ], [ -106.331783550659537, 31.628423512450588 ], [ -106.331783550659537, 31.628154017865352 ], [ -106.332053045244777, 31.628154017865352 ], [ -106.332053045244777, 31.627884523280116 ], [ -106.332322539830002, 31.627884523280116 ], [ -106.332322539830002, 31.628154017865352 ], [ -106.332861529000482, 31.628154017865352 ], [ -106.332861529000482, 31.628423512450588 ], [ -106.333131023585707, 31.628423512450588 ], [ -106.333131023585707, 31.628962501621061 ], [ -106.333400518170947, 31.628962501621061 ], [ -106.333400518170947, 31.629231996206293 ], [ -106.333131023585707, 31.629231996206293 ], [ -106.333131023585707, 31.62950149079153 ] ] ] ] } },
{ "type": "Feature", "properties": { "ZONA_MET": "Ju_rez", "INTENSIDAD": "Intensa", "T_PROM_POL": 3.0, "T_MIN_CIUD": 1.0, "DIF_TERMIC": 2.0 }, "geometry": { "type": "MultiPolygon", "coordinates": [ [ [ [ -106.353073622893163, 31.627884523280116 ], [ -106.351726149966993, 31.627884523280116 ], [ -106.351726149966993, 31.62761502869488 ], [ -106.352265139137458, 31.62761502869488 ], [ -106.352265139137458, 31.627076039524407 ], [ -106.352534633722698, 31.627076039524407 ], [ -106.352534633722698, 31.626806544939171 ], [ -106.353073622893163, 31.626806544939171 ], [ -106.353073622893163, 31.627076039524407 ], [ -106.353612612063642, 31.627076039524407 ], [ -106.353612612063642, 31.627345534109644 ], [ -106.353343117478403, 31.627345534109644 ], [ -106.353343117478403, 31.62761502869488 ], [ -106.353073622893163, 31.62761502869488 ], [ -106.353073622893163, 31.627884523280116 ] ] ] ] } },
{ "type": "Feature", "properties": { "ZONA_MET": "Ju_rez", "INTENSIDAD": "Intensa", "T_PROM_POL": 3.0, "T_MIN_CIUD": 1.0, "DIF_TERMIC": 2.0 }, "geometry": { "type": "MultiPolygon", "coordinates": [ [ [ [ -106.369512792592559, 31.628423512450588 ], [ -106.368704308836854, 31.628423512450588 ], [ -106.368704308836854, 31.628154017865352 ], [ -106.369243298007319, 31.628154017865352 ], [ -106.369243298007319, 31.62761502869488 ], [ -106.369782287177784, 31.62761502869488 ], [ -106.369782287177784, 31.627076039524407 ], [ -106.370051781763024, 31.627076039524407 ], [ -106.370051781763024, 31.626267555768699 ], [ -106.369782287177784, 31.626267555768699 ], [ -106.369782287177784, 31.625998061183466 ], [ -106.370860265518729, 31.625998061183466 ], [ -106.370860265518729, 31.626537050353935 ], [ -106.371399254689209, 31.626537050353935 ], [ -106.371399254689209, 31.626806544939171 ], [ -106.370860265518729, 31.626806544939171 ], [ -106.370860265518729, 31.627076039524407 ], [ -106.371129760103969, 31.627076039524407 ], [ -106.371129760103969, 31.627345534109644 ], [ -106.370321276348264, 31.627345534109644 ], [ -106.370321276348264, 31.62761502869488 ], [ -106.370051781763024, 31.62761502869488 ], [ -106.370051781763024, 31.627884523280116 ], [ -106.369782287177784, 31.627884523280116 ], [ -106.369782287177784, 31.628154017865352 ], [ -106.369512792592559, 31.628154017865352 ], [ -106.369512792592559, 31.628423512450588 ] ], [ [ -106.370590770933504, 31.627076039524407 ], [ -106.370590770933504, 31.626806544939171 ], [ -106.370321276348264, 31.626806544939171 ], [ -106.370321276348264, 31.627076039524407 ], [ -106.370590770933504, 31.627076039524407 ] ] ] ] } },
{ "type": "Feature", "properties": { "ZONA_MET": "Ju_rez", "INTENSIDAD": "Intensa", "T_PROM_POL": 3.0, "T_MIN_CIUD": 1.0, "DIF_TERMIC": 2.0 }, "geometry": { "type": "MultiPolygon", "coordinates": [ [ [ [ -106.454942576112316, 31.627345534109644 ], [ -106.454134092356611, 31.627345534109644 ], [ -106.454134092356611, 31.627076039524407 ], [ -106.453595103186146, 31.627076039524407 ], [ -106.453595103186146, 31.626806544939171 ], [ -106.453056114015666, 31.626806544939171 ], [ -106.453056114015666, 31.626537050353935 ], [ -106.453864597771371, 31.626537050353935 ], [ -106.453864597771371, 31.626267555768699 ], [ -106.454134092356611, 31.626267555768699 ], [ -106.454134092356611, 31.625998061183466 ], [ -106.454403586941851, 31.625998061183466 ], [ -106.454403586941851, 31.62572856659823 ], [ -106.454673081527091, 31.62572856659823 ], [ -106.454673081527091, 31.625998061183466 ], [ -106.454942576112316, 31.625998061183466 ], [ -106.454942576112316, 31.62572856659823 ], [ -106.455212070697556, 31.62572856659823 ], [ -106.455212070697556, 31.626537050353935 ], [ -106.454673081527091, 31.626537050353935 ], [ -106.454673081527091, 31.626806544939171 ], [ -106.454942576112316, 31.626806544939171 ], [ -106.454942576112316, 31.627345534109644 ] ] ] ] } },
{ "type": "Feature", "properties": { "ZONA_MET": "Ju_rez", "INTENSIDAD": "Intensa", "T_PROM_POL": 3.0, "T_MIN_CIUD": 1.0, "DIF_TERMIC": 2.0 }, "geometry": { "type": "MultiPolygon", "coordinates": [ [ [ [ -106.331244561489058, 31.627076039524407 ], [ -106.329897088562888, 31.627076039524407 ], [ -106.329897088562888, 31.626806544939171 ], [ -106.330166583148113, 31.626806544939171 ], [ -106.330166583148113, 31.626537050353935 ], [ -106.330436077733353, 31.626537050353935 ], [ -106.330436077733353, 31.626267555768699 ], [ -106.329897088562888, 31.626267555768699 ], [ -106.329897088562888, 31.62572856659823 ], [ -106.330436077733353, 31.62572856659823 ], [ -106.330436077733353, 31.625459072012994 ], [ -106.330975066903832, 31.625459072012994 ], [ -106.330975066903832, 31.62572856659823 ], [ -106.331244561489058, 31.62572856659823 ], [ -106.331244561489058, 31.625998061183466 ], [ -106.331514056074298, 31.625998061183466 ], [ -106.331514056074298, 31.626537050353935 ], [ -106.331244561489058, 31.626537050353935 ], [ -106.331244561489058, 31.627076039524407 ] ], [ [ -106.330705572318593, 31.625998061183466 ], [ -106.330705572318593, 31.62572856659823 ], [ -106.330436077733353, 31.62572856659823 ], [ -106.330436077733353, 31.625998061183466 ], [ -106.330705572318593, 31.625998061183466 ] ] ] ] } },
{ "type": "Feature", "properties": { "ZONA_MET": "Ju_rez", "INTENSIDAD": "Intensa", "T_PROM_POL": 3.0, "T_MIN_CIUD": 1.0, "DIF_TERMIC": 2.0 }, "geometry": { "type": "MultiPolygon", "coordinates": [ [ [ [ -106.465183370351284, 31.627345534109644 ], [ -106.464913875766044, 31.627345534109644 ], [ -106.464913875766044, 31.627076039524407 ], [ -106.464374886595579, 31.627076039524407 ], [ -106.464374886595579, 31.626806544939171 ], [ -106.463566402839874, 31.626806544939171 ], [ -106.463566402839874, 31.626537050353935 ], [ -106.464105392010339, 31.626537050353935 ], [ -106.464105392010339, 31.625998061183466 ], [ -106.463835897425099, 31.625998061183466 ], [ -106.463835897425099, 31.624920082842522 ], [ -106.464105392010339, 31.624920082842522 ], [ -106.464105392010339, 31.625459072012994 ], [ -106.464374886595579, 31.625459072012994 ], [ -106.464374886595579, 31.62572856659823 ], [ -106.465991854106989, 31.62572856659823 ], [ -106.465991854106989, 31.625998061183466 ], [ -106.466261348692228, 31.625998061183466 ], [ -106.466261348692228, 31.626537050353935 ], [ -106.465722359521749, 31.626537050353935 ], [ -106.465722359521749, 31.627076039524407 ], [ -106.465183370351284, 31.627076039524407 ], [ -106.465183370351284, 31.627345534109644 ] ] ] ] } },
{ "type": "Feature", "properties": { "ZONA_MET": "Ju_rez", "INTENSIDAD": "Intensa", "T_PROM_POL": 3.0, "T_MIN_CIUD": 1.0, "DIF_TERMIC": 2.0 }, "geometry": { "type": "MultiPolygon", "coordinates": [ [ [ [ -106.427993117588741, 31.625998061183466 ], [ -106.426106655492092, 31.625998061183466 ], [ -106.426106655492092, 31.624920082842522 ], [ -106.426645644662557, 31.624920082842522 ], [ -106.426645644662557, 31.625189577427758 ], [ -106.426376150077317, 31.625189577427758 ], [ -106.426376150077317, 31.625459072012994 ], [ -106.427723623003502, 31.625459072012994 ], [ -106.427723623003502, 31.62572856659823 ], [ -106.427993117588741, 31.62572856659823 ], [ -106.427993117588741, 31.625998061183466 ] ] ] ] } },
{ "type": "Feature", "properties": { "ZONA_MET": "Ju_rez", "INTENSIDAD": "Intensa", "T_PROM_POL": 3.0, "T_MIN_CIUD": 1.0, "DIF_TERMIC": 2.0 }, "geometry": { "type": "MultiPolygon", "coordinates": [ [ [ [ -106.452247630259961, 31.625189577427758 ], [ -106.451978135674722, 31.625189577427758 ], [ -106.451978135674722, 31.624920082842522 ], [ -106.450900157333777, 31.624920082842522 ], [ -106.450900157333777, 31.624111599086813 ], [ -106.452247630259961, 31.624111599086813 ], [ -106.452247630259961, 31.625189577427758 ] ], [ [ -106.451708641089496, 31.624650588257285 ], [ -106.451708641089496, 31.624381093672049 ], [ -106.451439146504256, 31.624381093672049 ], [ -106.451439146504256, 31.624650588257285 ], [ -106.451708641089496, 31.624650588257285 ] ] ] ] } },
{ "type": "Feature", "properties": { "ZONA_MET": "Ju_rez", "INTENSIDAD": "Intensa", "T_PROM_POL": 3.0, "T_MIN_CIUD": 1.0, "DIF_TERMIC": 2.0 }, "geometry": { "type": "MultiPolygon", "coordinates": [ [ [ [ -106.341485355728025, 31.62572856659823 ], [ -106.340407377387081, 31.62572856659823 ], [ -106.340407377387081, 31.625459072012994 ], [ -106.34094636655756, 31.625459072012994 ], [ -106.34094636655756, 31.625189577427758 ], [ -106.341215861142786, 31.625189577427758 ], [ -106.341215861142786, 31.624111599086813 ], [ -106.34229383948373, 31.624111599086813 ], [ -106.34229383948373, 31.624920082842522 ], [ -106.341754850313265, 31.624920082842522 ], [ -106.341754850313265, 31.625459072012994 ], [ -106.341485355728025, 31.625459072012994 ], [ -106.341485355728025, 31.62572856659823 ] ] ] ] } },
{ "type": "Feature", "properties": { "ZONA_MET": "Ju_rez", "INTENSIDAD": "Intensa", "T_PROM_POL": 3.0, "T_MIN_CIUD": 1.0, "DIF_TERMIC": 2.0 }, "geometry": { "type": "MultiPolygon", "coordinates": [ [ [ [ -106.425298171736372, 31.625189577427758 ], [ -106.425028677151147, 31.625189577427758 ], [ -106.425028677151147, 31.623842104501577 ], [ -106.426106655492092, 31.623842104501577 ], [ -106.426106655492092, 31.624920082842522 ], [ -106.425298171736372, 31.624920082842522 ], [ -106.425298171736372, 31.625189577427758 ] ] ] ] } },
{ "type": "Feature", "properties": { "ZONA_MET": "Ju_rez", "INTENSIDAD": "Intensa", "T_PROM_POL": 3.0, "T_MIN_CIUD": 1.0, "DIF_TERMIC": 2.0 }, "geometry": { "type": "MultiPolygon", "coordinates": [ [ [ [ -106.353882106648868, 31.627076039524407 ], [ -106.353612612063642, 31.627076039524407 ], [ -106.353612612063642, 31.626537050353935 ], [ -106.353882106648868, 31.626537050353935 ], [ -106.353882106648868, 31.624920082842522 ], [ -106.354960084989813, 31.624920082842522 ], [ -106.354960084989813, 31.624650588257285 ], [ -106.354421095819347, 31.624650588257285 ], [ -106.354421095819347, 31.624381093672049 ], [ -106.354960084989813, 31.624381093672049 ], [ -106.354960084989813, 31.624111599086813 ], [ -106.355229579575052, 31.624111599086813 ], [ -106.355229579575052, 31.624381093672049 ], [ -106.355499074160292, 31.624381093672049 ], [ -106.355499074160292, 31.624111599086813 ], [ -106.355768568745532, 31.624111599086813 ], [ -106.355768568745532, 31.623842104501577 ], [ -106.356038063330757, 31.623842104501577 ], [ -106.356038063330757, 31.624920082842522 ], [ -106.355499074160292, 31.624920082842522 ], [ -106.355499074160292, 31.625998061183466 ], [ -106.355768568745532, 31.625998061183466 ], [ -106.355768568745532, 31.626537050353935 ], [ -106.356038063330757, 31.626537050353935 ], [ -106.356038063330757, 31.626806544939171 ], [ -106.355229579575052, 31.626806544939171 ], [ -106.355229579575052, 31.626537050353935 ], [ -106.354690590404587, 31.626537050353935 ], [ -106.354690590404587, 31.626267555768699 ], [ -106.354421095819347, 31.626267555768699 ], [ -106.354421095819347, 31.626537050353935 ], [ -106.354151601234108, 31.626537050353935 ], [ -106.354151601234108, 31.626806544939171 ], [ -106.353882106648868, 31.626806544939171 ], [ -106.353882106648868, 31.627076039524407 ] ], [ [ -106.354960084989813, 31.625998061183466 ], [ -106.354960084989813, 31.62572856659823 ], [ -106.354151601234108, 31.62572856659823 ], [ -106.354151601234108, 31.625998061183466 ], [ -106.354960084989813, 31.625998061183466 ] ], [ [ -106.355229579575052, 31.625459072012994 ], [ -106.355229579575052, 31.624920082842522 ], [ -106.354960084989813, 31.624920082842522 ], [ -106.354960084989813, 31.625459072012994 ], [ -106.355229579575052, 31.625459072012994 ] ] ] ] } },
{ "type": "Feature", "properties": { "ZONA_MET": "Ju_rez", "INTENSIDAD": "Intensa", "T_PROM_POL": 3.0, "T_MIN_CIUD": 1.0, "DIF_TERMIC": 2.0 }, "geometry": { "type": "MultiPolygon", "coordinates": [ [ [ [ -106.394306294434259, 31.625189577427758 ], [ -106.393767305263779, 31.625189577427758 ], [ -106.393767305263779, 31.624381093672049 ], [ -106.394036799849019, 31.624381093672049 ], [ -106.394036799849019, 31.624111599086813 ], [ -106.393767305263779, 31.624111599086813 ], [ -106.393767305263779, 31.623033620745872 ], [ -106.394036799849019, 31.623033620745872 ], [ -106.394036799849019, 31.622764126160636 ], [ -106.394306294434259, 31.622764126160636 ], [ -106.394306294434259, 31.623033620745872 ], [ -106.394845283604724, 31.623033620745872 ], [ -106.394845283604724, 31.623303115331105 ], [ -106.394575789019484, 31.623303115331105 ], [ -106.394575789019484, 31.624381093672049 ], [ -106.394306294434259, 31.624381093672049 ], [ -106.394306294434259, 31.625189577427758 ] ] ] ] } },
{ "type": "Feature", "properties": { "ZONA_MET": "Ju_rez", "INTENSIDAD": "Intensa", "T_PROM_POL": 3.0, "T_MIN_CIUD": 1.0, "DIF_TERMIC": 2.0 }, "geometry": { "type": "MultiPolygon", "coordinates": [ [ [ [ -106.339868388216615, 31.625459072012994 ], [ -106.339598893631376, 31.625459072012994 ], [ -106.339598893631376, 31.625189577427758 ], [ -106.339329399046136, 31.625189577427758 ], [ -106.339329399046136, 31.624920082842522 ], [ -106.338251420705191, 31.624920082842522 ], [ -106.338251420705191, 31.624381093672049 ], [ -106.338790409875671, 31.624381093672049 ], [ -106.338790409875671, 31.623842104501577 ], [ -106.339059904460896, 31.623842104501577 ], [ -106.339059904460896, 31.623572609916341 ], [ -106.338790409875671, 31.623572609916341 ], [ -106.338790409875671, 31.623303115331105 ], [ -106.338251420705191, 31.623303115331105 ], [ -106.338251420705191, 31.623033620745872 ], [ -106.338790409875671, 31.623033620745872 ], [ -106.338790409875671, 31.6224946315754 ], [ -106.339329399046136, 31.6224946315754 ], [ -106.339329399046136, 31.622764126160636 ], [ -106.339868388216615, 31.622764126160636 ], [ -106.339868388216615, 31.623303115331105 ], [ -106.340407377387081, 31.623303115331105 ], [ -106.340407377387081, 31.622764126160636 ], [ -106.34094636655756, 31.622764126160636 ], [ -106.34094636655756, 31.623033620745872 ], [ -106.341215861142786, 31.623033620745872 ], [ -106.341215861142786, 31.623572609916341 ], [ -106.340407377387081, 31.623572609916341 ], [ -106.340407377387081, 31.623842104501577 ], [ -106.340137882801841, 31.623842104501577 ], [ -106.340137882801841, 31.624111599086813 ], [ -106.34094636655756, 31.624111599086813 ], [ -106.34094636655756, 31.624650588257285 ], [ -106.34067687197232, 31.624650588257285 ], [ -106.34067687197232, 31.624920082842522 ], [ -106.340137882801841, 31.624920082842522 ], [ -106.340137882801841, 31.624650588257285 ], [ -106.339868388216615, 31.624650588257285 ], [ -106.339868388216615, 31.624111599086813 ], [ -106.339598893631376, 31.624111599086813 ], [ -106.339598893631376, 31.624381093672049 ], [ -106.339329399046136, 31.624381093672049 ], [ -106.339329399046136, 31.624111599086813 ], [ -106.339059904460896, 31.624111599086813 ], [ -106.339059904460896, 31.624650588257285 ], [ -106.339598893631376, 31.624650588257285 ], [ -106.339598893631376, 31.624920082842522 ], [ -106.339868388216615, 31.624920082842522 ], [ -106.339868388216615, 31.625459072012994 ] ] ] ] } },
{ "type": "Feature", "properties": { "ZONA_MET": "Ju_rez", "INTENSIDAD": "Intensa", "T_PROM_POL": 3.0, "T_MIN_CIUD": 1.0, "DIF_TERMIC": 2.0 }, "geometry": { "type": "MultiPolygon", "coordinates": [ [ [ [ -106.4352694713901, 31.618452212796861 ], [ -106.434730482219635, 31.618452212796861 ], [ -106.434730482219635, 31.617913223626388 ], [ -106.434460987634395, 31.617913223626388 ], [ -106.434460987634395, 31.617374234455916 ], [ -106.43392199846393, 31.617374234455916 ], [ -106.43392199846393, 31.617104739870683 ], [ -106.434730482219635, 31.617104739870683 ], [ -106.434730482219635, 31.617374234455916 ], [ -106.434999976804875, 31.617374234455916 ], [ -106.434999976804875, 31.616835245285447 ], [ -106.4352694713901, 31.616835245285447 ], [ -106.4352694713901, 31.617643729041152 ], [ -106.43553896597534, 31.617643729041152 ], [ -106.43553896597534, 31.617913223626388 ], [ -106.4352694713901, 31.617913223626388 ], [ -106.4352694713901, 31.618452212796861 ] ] ] ] } },
{ "type": "Feature", "properties": { "ZONA_MET": "Ju_rez", "INTENSIDAD": "Extrema", "T_PROM_POL": 3.0, "T_MIN_CIUD": 1.0, "DIF_TERMIC": 2.0 }, "geometry": { "type": "MultiPolygon", "coordinates": [ [ [ [ -106.447935716896183, 31.617913223626388 ], [ -106.446857738555252, 31.617913223626388 ], [ -106.446857738555252, 31.617104739870683 ], [ -106.447127233140478, 31.617104739870683 ], [ -106.447127233140478, 31.616565750700211 ], [ -106.446049254799533, 31.616565750700211 ], [ -106.446049254799533, 31.616026761529739 ], [ -106.447935716896183, 31.616026761529739 ], [ -106.447935716896183, 31.616565750700211 ], [ -106.447666222310957, 31.616565750700211 ], [ -106.447666222310957, 31.616835245285447 ], [ -106.447935716896183, 31.616835245285447 ], [ -106.447935716896183, 31.617913223626388 ] ] ] ] } },
{ "type": "Feature", "properties": { "ZONA_MET": "Ju_rez", "INTENSIDAD": "Intensa", "T_PROM_POL": 3.0, "T_MIN_CIUD": 1.0, "DIF_TERMIC": 2.0 }, "geometry": { "type": "MultiPolygon", "coordinates": [ [ [ [ -106.369243298007319, 31.617374234455916 ], [ -106.36897380342208, 31.617374234455916 ], [ -106.36897380342208, 31.616835245285447 ], [ -106.368434814251614, 31.616835245285447 ], [ -106.368434814251614, 31.617104739870683 ], [ -106.367895825081135, 31.617104739870683 ], [ -106.367895825081135, 31.616565750700211 ], [ -106.36735683591067, 31.616565750700211 ], [ -106.36735683591067, 31.616296256114975 ], [ -106.36708734132543, 31.616296256114975 ], [ -106.36708734132543, 31.616026761529739 ], [ -106.36681784674019, 31.616026761529739 ], [ -106.36681784674019, 31.61521827777403 ], [ -106.36708734132543, 31.61521827777403 ], [ -106.36708734132543, 31.614948783188794 ], [ -106.36735683591067, 31.614948783188794 ], [ -106.36735683591067, 31.614679288603558 ], [ -106.369243298007319, 31.614679288603558 ], [ -106.369243298007319, 31.615757266944502 ], [ -106.369782287177784, 31.615757266944502 ], [ -106.369782287177784, 31.616296256114975 ], [ -106.369512792592559, 31.616296256114975 ], [ -106.369512792592559, 31.616835245285447 ], [ -106.369243298007319, 31.616835245285447 ], [ -106.369243298007319, 31.617374234455916 ] ], [ [ -106.368165319666375, 31.615757266944502 ], [ -106.368165319666375, 31.615487772359266 ], [ -106.367895825081135, 31.615487772359266 ], [ -106.367895825081135, 31.615757266944502 ], [ -106.368165319666375, 31.615757266944502 ] ] ] ] } },
{ "type": "Feature", "properties": { "ZONA_MET": "Ju_rez", "INTENSIDAD": "Intensa", "T_PROM_POL": 3.0, "T_MIN_CIUD": 1.0, "DIF_TERMIC": 2.0 }, "geometry": { "type": "MultiPolygon", "coordinates": [ [ [ [ -106.445779760214307, 31.616835245285447 ], [ -106.445510265629068, 31.616835245285447 ], [ -106.445510265629068, 31.616565750700211 ], [ -106.444971276458588, 31.616565750700211 ], [ -106.444971276458588, 31.616026761529739 ], [ -106.445510265629068, 31.616026761529739 ], [ -106.445510265629068, 31.615757266944502 ], [ -106.445240771043828, 31.615757266944502 ], [ -106.445240771043828, 31.615487772359266 ], [ -106.444701781873363, 31.615487772359266 ], [ -106.444701781873363, 31.614948783188794 ], [ -106.444162792702883, 31.614948783188794 ], [ -106.444162792702883, 31.614679288603558 ], [ -106.443623803532418, 31.614679288603558 ], [ -106.443623803532418, 31.614140299433089 ], [ -106.443893298117658, 31.614140299433089 ], [ -106.443893298117658, 31.613870804847853 ], [ -106.444432287288123, 31.613870804847853 ], [ -106.444432287288123, 31.614409794018322 ], [ -106.445779760214307, 31.614409794018322 ], [ -106.445779760214307, 31.61521827777403 ], [ -106.445510265629068, 31.61521827777403 ], [ -106.445510265629068, 31.615487772359266 ], [ -106.446049254799533, 31.615487772359266 ], [ -106.446049254799533, 31.615757266944502 ], [ -106.446588243970012, 31.615757266944502 ], [ -106.446588243970012, 31.61521827777403 ], [ -106.447666222310957, 31.61521827777403 ], [ -106.447666222310957, 31.615487772359266 ], [ -106.447935716896183, 31.615487772359266 ], [ -106.447935716896183, 31.616026761529739 ], [ -106.447127233140478, 31.616026761529739 ], [ -106.447127233140478, 31.615487772359266 ], [ -106.446857738555252, 31.615487772359266 ], [ -106.446857738555252, 31.616026761529739 ], [ -106.446049254799533, 31.616026761529739 ], [ -106.446049254799533, 31.616296256114975 ], [ -106.445779760214307, 31.616296256114975 ], [ -106.445779760214307, 31.616835245285447 ] ] ] ] } },
{ "type": "Feature", "properties": { "ZONA_MET": "Ju_rez", "INTENSIDAD": "Intensa", "T_PROM_POL": 3.0, "T_MIN_CIUD": 1.0, "DIF_TERMIC": 2.0 }, "geometry": { "type": "MultiPolygon", "coordinates": [ [ [ [ -106.29513228706746, 31.623303115331105 ], [ -106.294323803311755, 31.623303115331105 ], [ -106.294323803311755, 31.623033620745872 ], [ -106.293784814141276, 31.623033620745872 ], [ -106.293784814141276, 31.6224946315754 ], [ -106.293515319556036, 31.6224946315754 ], [ -106.293515319556036, 31.623033620745872 ], [ -106.293245824970811, 31.623033620745872 ], [ -106.293245824970811, 31.622225136990163 ], [ -106.294054308726516, 31.622225136990163 ], [ -106.294054308726516, 31.621955642404927 ], [ -106.293245824970811, 31.621955642404927 ], [ -106.293245824970811, 31.621686147819691 ], [ -106.293515319556036, 31.621686147819691 ], [ -106.293515319556036, 31.621416653234455 ], [ -106.293784814141276, 31.621416653234455 ], [ -106.293784814141276, 31.62033867489351 ], [ -106.293515319556036, 31.62033867489351 ], [ -106.293515319556036, 31.619530191137805 ], [ -106.293784814141276, 31.619530191137805 ], [ -106.293784814141276, 31.620069180308278 ], [ -106.294054308726516, 31.620069180308278 ], [ -106.294054308726516, 31.619799685723041 ], [ -106.294323803311755, 31.619799685723041 ], [ -106.294323803311755, 31.620069180308278 ], [ -106.294593297896981, 31.620069180308278 ], [ -106.294593297896981, 31.619530191137805 ], [ -106.29486279248222, 31.619530191137805 ], [ -106.29486279248222, 31.619260696552569 ], [ -106.2954017816527, 31.619260696552569 ], [ -106.2954017816527, 31.618991201967333 ], [ -106.294054308726516, 31.618991201967333 ], [ -106.294054308726516, 31.618721707382097 ], [ -106.294593297896981, 31.618721707382097 ], [ -106.294593297896981, 31.618452212796861 ], [ -106.295671276237925, 31.618452212796861 ], [ -106.295671276237925, 31.618182718211624 ], [ -106.295940770823165, 31.618182718211624 ], [ -106.295940770823165, 31.617913223626388 ], [ -106.295671276237925, 31.617913223626388 ], [ -106.295671276237925, 31.617643729041152 ], [ -106.29486279248222, 31.617643729041152 ], [ -106.29486279248222, 31.618182718211624 ], [ -106.294054308726516, 31.618182718211624 ], [ -106.294054308726516, 31.618452212796861 ], [ -106.293515319556036, 31.618452212796861 ], [ -106.293515319556036, 31.618182718211624 ], [ -106.292976330385571, 31.618182718211624 ], [ -106.292976330385571, 31.618452212796861 ], [ -106.292706835800331, 31.618452212796861 ], [ -106.292706835800331, 31.616565750700211 ], [ -106.292437341215106, 31.616565750700211 ], [ -106.292437341215106, 31.616296256114975 ], [ -106.292706835800331, 31.616296256114975 ], [ -106.292706835800331, 31.616026761529739 ], [ -106.293245824970811, 31.616026761529739 ], [ -106.293245824970811, 31.615757266944502 ], [ -106.293515319556036, 31.615757266944502 ], [ -106.293515319556036, 31.615487772359266 ], [ -106.293245824970811, 31.615487772359266 ], [ -106.293245824970811, 31.614679288603558 ], [ -106.293784814141276, 31.614679288603558 ], [ -106.293784814141276, 31.614409794018322 ], [ -106.294054308726516, 31.614409794018322 ], [ -106.294054308726516, 31.614679288603558 ], [ -106.294323803311755, 31.614679288603558 ], [ -106.294323803311755, 31.614948783188794 ], [ -106.29513228706746, 31.614948783188794 ], [ -106.29513228706746, 31.614679288603558 ], [ -106.294593297896981, 31.614679288603558 ], [ -106.294593297896981, 31.614140299433089 ], [ -106.29486279248222, 31.614140299433089 ], [ -106.29486279248222, 31.614409794018322 ], [ -106.29513228706746, 31.614409794018322 ], [ -106.29513228706746, 31.613870804847853 ], [ -106.2954017816527, 31.613870804847853 ], [ -106.2954017816527, 31.614140299433089 ], [ -106.295671276237925, 31.614140299433089 ], [ -106.295671276237925, 31.614409794018322 ], [ -106.295940770823165, 31.614409794018322 ], [ -106.295940770823165, 31.614679288603558 ], [ -106.296210265408405, 31.614679288603558 ], [ -106.296210265408405, 31.614948783188794 ], [ -106.295940770823165, 31.614948783188794 ], [ -106.295940770823165, 31.616565750700211 ], [ -106.296210265408405, 31.616565750700211 ], [ -106.296210265408405, 31.617374234455916 ], [ -106.29674925457887, 31.617374234455916 ], [ -106.29674925457887, 31.618182718211624 ], [ -106.29647975999363, 31.618182718211624 ], [ -106.29647975999363, 31.619260696552569 ], [ -106.29701874916411, 31.619260696552569 ], [ -106.29701874916411, 31.619530191137805 ], [ -106.29728824374935, 31.619530191137805 ], [ -106.29728824374935, 31.620069180308278 ], [ -106.29674925457887, 31.620069180308278 ], [ -106.29674925457887, 31.62033867489351 ], [ -106.29701874916411, 31.62033867489351 ], [ -106.29701874916411, 31.621147158649219 ], [ -106.29647975999363, 31.621147158649219 ], [ -106.29647975999363, 31.620877664063983 ], [ -106.296210265408405, 31.620877664063983 ], [ -106.296210265408405, 31.620608169478746 ], [ -106.295940770823165, 31.620608169478746 ], [ -106.295940770823165, 31.621416653234455 ], [ -106.295671276237925, 31.621416653234455 ], [ -106.295671276237925, 31.621955642404927 ], [ -106.2954017816527, 31.621955642404927 ], [ -106.2954017816527, 31.622225136990163 ], [ -106.295671276237925, 31.622225136990163 ], [ -106.295671276237925, 31.622764126160636 ], [ -106.295940770823165, 31.622764126160636 ], [ -106.295940770823165, 31.623033620745872 ], [ -106.29513228706746, 31.623033620745872 ], [ -106.29513228706746, 31.623303115331105 ] ], [ [ -106.294593297896981, 31.622764126160636 ], [ -106.294593297896981, 31.6224946315754 ], [ -106.294323803311755, 31.6224946315754 ], [ -106.294323803311755, 31.622225136990163 ], [ -106.294054308726516, 31.622225136990163 ], [ -106.294054308726516, 31.622764126160636 ], [ -106.294593297896981, 31.622764126160636 ] ], [ [ -106.294323803311755, 31.621955642404927 ], [ -106.294323803311755, 31.621416653234455 ], [ -106.294054308726516, 31.621416653234455 ], [ -106.294054308726516, 31.621955642404927 ], [ -106.294323803311755, 31.621955642404927 ] ], [ [ -106.2954017816527, 31.621686147819691 ], [ -106.2954017816527, 31.621416653234455 ], [ -106.29513228706746, 31.621416653234455 ], [ -106.29513228706746, 31.621686147819691 ], [ -106.2954017816527, 31.621686147819691 ] ], [ [ -106.294593297896981, 31.621416653234455 ], [ -106.294593297896981, 31.621147158649219 ], [ -106.294323803311755, 31.621147158649219 ], [ -106.294323803311755, 31.621416653234455 ], [ -106.294593297896981, 31.621416653234455 ] ], [ [ -106.295671276237925, 31.620877664063983 ], [ -106.295671276237925, 31.620608169478746 ], [ -106.2954017816527, 31.620608169478746 ], [ -106.2954017816527, 31.620877664063983 ], [ -106.295671276237925, 31.620877664063983 ] ], [ [ -106.296210265408405, 31.619799685723041 ], [ -106.296210265408405, 31.619260696552569 ], [ -106.2954017816527, 31.619260696552569 ], [ -106.2954017816527, 31.619799685723041 ], [ -106.296210265408405, 31.619799685723041 ] ], [ [ -106.29513228706746, 31.619799685723041 ], [ -106.29513228706746, 31.619530191137805 ], [ -106.29486279248222, 31.619530191137805 ], [ -106.29486279248222, 31.619799685723041 ], [ -106.29513228706746, 31.619799685723041 ] ], [ [ -106.29647975999363, 31.618182718211624 ], [ -106.29647975999363, 31.617643729041152 ], [ -106.296210265408405, 31.617643729041152 ], [ -106.296210265408405, 31.618182718211624 ], [ -106.29647975999363, 31.618182718211624 ] ], [ [ -106.294054308726516, 31.618182718211624 ], [ -106.294054308726516, 31.617643729041152 ], [ -106.293784814141276, 31.617643729041152 ], [ -106.293784814141276, 31.618182718211624 ], [ -106.294054308726516, 31.618182718211624 ] ], [ [ -106.293784814141276, 31.617643729041152 ], [ -106.293784814141276, 31.617374234455916 ], [ -106.293245824970811, 31.617374234455916 ], [ -106.293245824970811, 31.617643729041152 ], [ -106.293784814141276, 31.617643729041152 ] ], [ [ -106.294593297896981, 31.617374234455916 ], [ -106.294593297896981, 31.617104739870683 ], [ -106.294054308726516, 31.617104739870683 ], [ -106.294054308726516, 31.617374234455916 ], [ -106.294593297896981, 31.617374234455916 ] ], [ [ -106.293245824970811, 31.617374234455916 ], [ -106.293245824970811, 31.617104739870683 ], [ -106.292976330385571, 31.617104739870683 ], [ -106.292976330385571, 31.617374234455916 ], [ -106.293245824970811, 31.617374234455916 ] ], [ [ -106.2954017816527, 31.617104739870683 ], [ -106.2954017816527, 31.616565750700211 ], [ -106.29513228706746, 31.616565750700211 ], [ -106.29513228706746, 31.616835245285447 ], [ -106.29486279248222, 31.616835245285447 ], [ -106.29486279248222, 31.617104739870683 ], [ -106.2954017816527, 31.617104739870683 ] ], [ [ -106.29486279248222, 31.616296256114975 ], [ -106.29486279248222, 31.616026761529739 ], [ -106.294593297896981, 31.616026761529739 ], [ -106.294593297896981, 31.616296256114975 ], [ -106.29486279248222, 31.616296256114975 ] ], [ [ -106.294054308726516, 31.616026761529739 ], [ -106.294054308726516, 31.615757266944502 ], [ -106.293784814141276, 31.615757266944502 ], [ -106.293784814141276, 31.616026761529739 ], [ -106.294054308726516, 31.616026761529739 ] ], [ [ -106.2954017816527, 31.615757266944502 ], [ -106.2954017816527, 31.615487772359266 ], [ -106.29513228706746, 31.615487772359266 ], [ -106.29513228706746, 31.615757266944502 ], [ -106.2954017816527, 31.615757266944502 ] ], [ [ -106.294054308726516, 31.615487772359266 ], [ -106.294054308726516, 31.614948783188794 ], [ -106.293515319556036, 31.614948783188794 ], [ -106.293515319556036, 31.61521827777403 ], [ -106.293784814141276, 31.61521827777403 ], [ -106.293784814141276, 31.615487772359266 ], [ -106.294054308726516, 31.615487772359266 ] ], [ [ -106.2954017816527, 31.61521827777403 ], [ -106.2954017816527, 31.614948783188794 ], [ -106.29513228706746, 31.614948783188794 ], [ -106.29513228706746, 31.61521827777403 ], [ -106.2954017816527, 31.61521827777403 ] ] ] ] } },
{ "type": "Feature", "properties": { "ZONA_MET": "Ju_rez", "INTENSIDAD": "Intensa", "T_PROM_POL": 3.0, "T_MIN_CIUD": 1.0, "DIF_TERMIC": 2.0 }, "geometry": { "type": "MultiPolygon", "coordinates": [ [ [ [ -106.395923261945669, 31.616565750700211 ], [ -106.395114778189964, 31.616565750700211 ], [ -106.395114778189964, 31.616026761529739 ], [ -106.395384272775203, 31.616026761529739 ], [ -106.395384272775203, 31.615487772359266 ], [ -106.395923261945669, 31.615487772359266 ], [ -106.395923261945669, 31.614948783188794 ], [ -106.396192756530908, 31.614948783188794 ], [ -106.396192756530908, 31.614679288603558 ], [ -106.396462251116134, 31.614679288603558 ], [ -106.396462251116134, 31.614409794018322 ], [ -106.396192756530908, 31.614409794018322 ], [ -106.396192756530908, 31.613870804847853 ], [ -106.396462251116134, 31.613870804847853 ], [ -106.396462251116134, 31.613601310262617 ], [ -106.396731745701373, 31.613601310262617 ], [ -106.396731745701373, 31.613870804847853 ], [ -106.397001240286613, 31.613870804847853 ], [ -106.397001240286613, 31.614140299433089 ], [ -106.396731745701373, 31.614140299433089 ], [ -106.396731745701373, 31.614948783188794 ], [ -106.396462251116134, 31.614948783188794 ], [ -106.396462251116134, 31.615487772359266 ], [ -106.396192756530908, 31.615487772359266 ], [ -106.396192756530908, 31.616026761529739 ], [ -106.395923261945669, 31.616026761529739 ], [ -106.395923261945669, 31.616565750700211 ] ] ] ] } },
{ "type": "Feature", "properties": { "ZONA_MET": "Ju_rez", "INTENSIDAD": "Intensa", "T_PROM_POL": 3.0, "T_MIN_CIUD": 1.0, "DIF_TERMIC": 2.0 }, "geometry": { "type": "MultiPolygon", "coordinates": [ [ [ [ -106.328549615636703, 31.614679288603558 ], [ -106.327471637295758, 31.614679288603558 ], [ -106.327471637295758, 31.614409794018322 ], [ -106.327741131880998, 31.614409794018322 ], [ -106.327741131880998, 31.613870804847853 ], [ -106.328549615636703, 31.613870804847853 ], [ -106.328549615636703, 31.613601310262617 ], [ -106.328280121051463, 31.613601310262617 ], [ -106.328280121051463, 31.613062321092144 ], [ -106.328549615636703, 31.613062321092144 ], [ -106.328549615636703, 31.61333181567738 ], [ -106.328819110221943, 31.61333181567738 ], [ -106.328819110221943, 31.614140299433089 ], [ -106.328549615636703, 31.614140299433089 ], [ -106.328549615636703, 31.614679288603558 ] ] ] ] } },
{ "type": "Feature", "properties": { "ZONA_MET": "Ju_rez", "INTENSIDAD": "Intensa", "T_PROM_POL": 3.0, "T_MIN_CIUD": 1.0, "DIF_TERMIC": 2.0 }, "geometry": { "type": "MultiPolygon", "coordinates": [ [ [ [ -106.423950698810202, 31.614409794018322 ], [ -106.423681204224962, 31.614409794018322 ], [ -106.423681204224962, 31.613870804847853 ], [ -106.423411709639723, 31.613870804847853 ], [ -106.423411709639723, 31.613601310262617 ], [ -106.425298171736372, 31.613601310262617 ], [ -106.425298171736372, 31.612523331921672 ], [ -106.425567666321612, 31.612523331921672 ], [ -106.425567666321612, 31.613870804847853 ], [ -106.423950698810202, 31.613870804847853 ], [ -106.423950698810202, 31.614409794018322 ] ] ] ] } },
{ "type": "Feature", "properties": { "ZONA_MET": "Ju_rez", "INTENSIDAD": "Extrema", "T_PROM_POL": 3.0, "T_MIN_CIUD": 1.0, "DIF_TERMIC": 2.0 }, "geometry": { "type": "MultiPolygon", "coordinates": [ [ [ [ -106.325585175199109, 31.613870804847853 ], [ -106.325046186028644, 31.613870804847853 ], [ -106.325046186028644, 31.613601310262617 ], [ -106.324776691443404, 31.613601310262617 ], [ -106.324776691443404, 31.613870804847853 ], [ -106.324237702272924, 31.613870804847853 ], [ -106.324237702272924, 31.613601310262617 ], [ -106.323968207687699, 31.613601310262617 ], [ -106.323968207687699, 31.613870804847853 ], [ -106.323429218517219, 31.613870804847853 ], [ -106.323429218517219, 31.613601310262617 ], [ -106.323698713102459, 31.613601310262617 ], [ -106.323698713102459, 31.612792826506908 ], [ -106.323429218517219, 31.612792826506908 ], [ -106.323429218517219, 31.612523331921672 ], [ -106.323159723931994, 31.612523331921672 ], [ -106.323159723931994, 31.612253837336436 ], [ -106.323968207687699, 31.612253837336436 ], [ -106.323968207687699, 31.612792826506908 ], [ -106.324776691443404, 31.612792826506908 ], [ -106.324776691443404, 31.612523331921672 ], [ -106.325046186028644, 31.612523331921672 ], [ -106.325046186028644, 31.612792826506908 ], [ -106.325315680613869, 31.612792826506908 ], [ -106.325315680613869, 31.61333181567738 ], [ -106.325854669784349, 31.61333181567738 ], [ -106.325854669784349, 31.613601310262617 ], [ -106.325585175199109, 31.613601310262617 ], [ -106.325585175199109, 31.613870804847853 ] ] ] ] } },
{ "type": "Feature", "properties": { "ZONA_MET": "Ju_rez", "INTENSIDAD": "Intensa", "T_PROM_POL": 3.0, "T_MIN_CIUD": 1.0, "DIF_TERMIC": 2.0 }, "geometry": { "type": "MultiPolygon", "coordinates": [ [ [ [ -106.571364236934215, 31.612792826506908 ], [ -106.571094742348976, 31.612792826506908 ], [ -106.571094742348976, 31.612523331921672 ], [ -106.570825247763736, 31.612523331921672 ], [ -106.570825247763736, 31.612792826506908 ], [ -106.57055575317851, 31.612792826506908 ], [ -106.57055575317851, 31.612523331921672 ], [ -106.568669291081846, 31.612523331921672 ], [ -106.568669291081846, 31.612253837336436 ], [ -106.57244221527516, 31.612253837336436 ], [ -106.57244221527516, 31.612523331921672 ], [ -106.571364236934215, 31.612523331921672 ], [ -106.571364236934215, 31.612792826506908 ] ] ] ] } },
{ "type": "Feature", "properties": { "ZONA_MET": "Ju_rez", "INTENSIDAD": "Extrema", "T_PROM_POL": 3.0, "T_MIN_CIUD": 1.0, "DIF_TERMIC": 2.0 }, "geometry": { "type": "MultiPolygon", "coordinates": [ [ [ [ -106.567591312740916, 31.612792826506908 ], [ -106.567321818155676, 31.612792826506908 ], [ -106.567321818155676, 31.612523331921672 ], [ -106.566782828985197, 31.612523331921672 ], [ -106.566782828985197, 31.612792826506908 ], [ -106.562470915621432, 31.612792826506908 ], [ -106.562470915621432, 31.612523331921672 ], [ -106.565435356059027, 31.612523331921672 ], [ -106.565435356059027, 31.612253837336436 ], [ -106.565974345229492, 31.612253837336436 ], [ -106.565974345229492, 31.612523331921672 ], [ -106.566243839814732, 31.612523331921672 ], [ -106.566243839814732, 31.612253837336436 ], [ -106.568669291081846, 31.612253837336436 ], [ -106.568669291081846, 31.612523331921672 ], [ -106.567591312740916, 31.612523331921672 ], [ -106.567591312740916, 31.612792826506908 ] ] ] ] } },
{ "type": "Feature", "properties": { "ZONA_MET": "Ju_rez", "INTENSIDAD": "Intensa", "T_PROM_POL": 3.0, "T_MIN_CIUD": 1.0, "DIF_TERMIC": 2.0 }, "geometry": { "type": "MultiPolygon", "coordinates": [ [ [ [ -106.325315680613869, 31.617913223626388 ], [ -106.324776691443404, 31.617913223626388 ], [ -106.324776691443404, 31.617643729041152 ], [ -106.324507196858164, 31.617643729041152 ], [ -106.324507196858164, 31.617374234455916 ], [ -106.324237702272924, 31.617374234455916 ], [ -106.324237702272924, 31.617104739870683 ], [ -106.324776691443404, 31.617104739870683 ], [ -106.324776691443404, 31.616835245285447 ], [ -106.324237702272924, 31.616835245285447 ], [ -106.324237702272924, 31.616565750700211 ], [ -106.324776691443404, 31.616565750700211 ], [ -106.324776691443404, 31.616296256114975 ], [ -106.325046186028644, 31.616296256114975 ], [ -106.325046186028644, 31.616026761529739 ], [ -106.324776691443404, 31.616026761529739 ], [ -106.324776691443404, 31.615757266944502 ], [ -106.325046186028644, 31.615757266944502 ], [ -106.325046186028644, 31.615487772359266 ], [ -106.323968207687699, 31.615487772359266 ], [ -106.323968207687699, 31.616026761529739 ], [ -106.324237702272924, 31.616026761529739 ], [ -106.324237702272924, 31.616296256114975 ], [ -106.323698713102459, 31.616296256114975 ], [ -106.323698713102459, 31.616026761529739 ], [ -106.323429218517219, 31.616026761529739 ], [ -106.323429218517219, 31.616296256114975 ], [ -106.323159723931994, 31.616296256114975 ], [ -106.323159723931994, 31.616565750700211 ], [ -106.323429218517219, 31.616565750700211 ], [ -106.323429218517219, 31.617104739870683 ], [ -106.323159723931994, 31.617104739870683 ], [ -106.323159723931994, 31.616835245285447 ], [ -106.322081745591049, 31.616835245285447 ], [ -106.322081745591049, 31.617104739870683 ], [ -106.321003767250104, 31.617104739870683 ], [ -106.321003767250104, 31.616565750700211 ], [ -106.3201952834944, 31.616565750700211 ], [ -106.3201952834944, 31.617643729041152 ], [ -106.320464778079625, 31.617643729041152 ], [ -106.320464778079625, 31.617913223626388 ], [ -106.31992578890916, 31.617913223626388 ], [ -106.31992578890916, 31.617643729041152 ], [ -106.31965629432392, 31.617643729041152 ], [ -106.31965629432392, 31.617104739870683 ], [ -106.31938679973868, 31.617104739870683 ], [ -106.31938679973868, 31.616835245285447 ], [ -106.318308821397736, 31.616835245285447 ], [ -106.318308821397736, 31.616026761529739 ], [ -106.31803932681251, 31.616026761529739 ], [ -106.31803932681251, 31.615757266944502 ], [ -106.31776983222727, 31.615757266944502 ], [ -106.31776983222727, 31.614948783188794 ], [ -106.31803932681251, 31.614948783188794 ], [ -106.31803932681251, 31.61521827777403 ], [ -106.318308821397736, 31.61521827777403 ], [ -106.318308821397736, 31.615757266944502 ], [ -106.319117305153455, 31.615757266944502 ], [ -106.319117305153455, 31.614948783188794 ], [ -106.31938679973868, 31.614948783188794 ], [ -106.31938679973868, 31.614679288603558 ], [ -106.319117305153455, 31.614679288603558 ], [ -106.319117305153455, 31.614409794018322 ], [ -106.31938679973868, 31.614409794018322 ], [ -106.31938679973868, 31.614140299433089 ], [ -106.31965629432392, 31.614140299433089 ], [ -106.31965629432392, 31.613601310262617 ], [ -106.3201952834944, 31.613601310262617 ], [ -106.3201952834944, 31.613870804847853 ], [ -106.31992578890916, 31.613870804847853 ], [ -106.31992578890916, 31.614140299433089 ], [ -106.320734272664865, 31.614140299433089 ], [ -106.320734272664865, 31.613870804847853 ], [ -106.320464778079625, 31.613870804847853 ], [ -106.320464778079625, 31.61333181567738 ], [ -106.31992578890916, 31.61333181567738 ], [ -106.31992578890916, 31.613062321092144 ], [ -106.3201952834944, 31.613062321092144 ], [ -106.3201952834944, 31.612792826506908 ], [ -106.31992578890916, 31.612792826506908 ], [ -106.31992578890916, 31.6119843427512 ], [ -106.320464778079625, 31.6119843427512 ], [ -106.320464778079625, 31.611714848165963 ], [ -106.320734272664865, 31.611714848165963 ], [ -106.320734272664865, 31.6119843427512 ], [ -106.321003767250104, 31.6119843427512 ], [ -106.321003767250104, 31.612253837336436 ], [ -106.32127326183533, 31.612253837336436 ], [ -106.32127326183533, 31.612523331921672 ], [ -106.321812251005809, 31.612523331921672 ], [ -106.321812251005809, 31.612792826506908 ], [ -106.322351240176275, 31.612792826506908 ], [ -106.322351240176275, 31.613062321092144 ], [ -106.322081745591049, 31.613062321092144 ], [ -106.322081745591049, 31.61333181567738 ], [ -106.321812251005809, 31.61333181567738 ], [ -106.321812251005809, 31.613870804847853 ], [ -106.322081745591049, 31.613870804847853 ], [ -106.322081745591049, 31.613601310262617 ], [ -106.322351240176275, 31.613601310262617 ], [ -106.322351240176275, 31.61333181567738 ], [ -106.322620734761514, 31.61333181567738 ], [ -106.322620734761514, 31.613062321092144 ], [ -106.323159723931994, 31.613062321092144 ], [ -106.323159723931994, 31.612792826506908 ], [ -106.323429218517219, 31.612792826506908 ], [ -106.323429218517219, 31.613062321092144 ], [ -106.323698713102459, 31.613062321092144 ], [ -106.323698713102459, 31.61333181567738 ], [ -106.323429218517219, 31.61333181567738 ], [ -106.323429218517219, 31.613870804847853 ], [ -106.325046186028644, 31.613870804847853 ], [ -106.325046186028644, 31.614409794018322 ], [ -106.325585175199109, 31.614409794018322 ], [ -106.325585175199109, 31.614679288603558 ], [ -106.325854669784349, 31.614679288603558 ], [ -106.325854669784349, 31.61521827777403 ], [ -106.326124164369588, 31.61521827777403 ], [ -106.326124164369588, 31.615487772359266 ], [ -106.326663153540053, 31.615487772359266 ], [ -106.326663153540053, 31.615757266944502 ], [ -106.326932648125293, 31.615757266944502 ], [ -106.326932648125293, 31.615487772359266 ], [ -106.327202142710519, 31.615487772359266 ], [ -106.327202142710519, 31.614679288603558 ], [ -106.327471637295758, 31.614679288603558 ], [ -106.327471637295758, 31.615487772359266 ], [ -106.329088604807183, 31.615487772359266 ], [ -106.329088604807183, 31.61521827777403 ], [ -106.329358099392408, 31.61521827777403 ], [ -106.329358099392408, 31.614409794018322 ], [ -106.330436077733353, 31.614409794018322 ], [ -106.330436077733353, 31.614679288603558 ], [ -106.330705572318593, 31.614679288603558 ], [ -106.330705572318593, 31.614948783188794 ], [ -106.329897088562888, 31.614948783188794 ], [ -106.329897088562888, 31.61521827777403 ], [ -106.330705572318593, 31.61521827777403 ], [ -106.330705572318593, 31.615487772359266 ], [ -106.330975066903832, 31.615487772359266 ], [ -106.330975066903832, 31.616296256114975 ], [ -106.330705572318593, 31.616296256114975 ], [ -106.330705572318593, 31.615757266944502 ], [ -106.330436077733353, 31.615757266944502 ], [ -106.330436077733353, 31.616026761529739 ], [ -106.329627593977648, 31.616026761529739 ], [ -106.329627593977648, 31.615757266944502 ], [ -106.329088604807183, 31.615757266944502 ], [ -106.329088604807183, 31.616026761529739 ], [ -106.328819110221943, 31.616026761529739 ], [ -106.328819110221943, 31.616296256114975 ], [ -106.328549615636703, 31.616296256114975 ], [ -106.328549615636703, 31.616565750700211 ], [ -106.328280121051463, 31.616565750700211 ], [ -106.328280121051463, 31.616296256114975 ], [ -106.327741131880998, 31.616296256114975 ], [ -106.327741131880998, 31.616565750700211 ], [ -106.326663153540053, 31.616565750700211 ], [ -106.326663153540053, 31.616296256114975 ], [ -106.326124164369588, 31.616296256114975 ], [ -106.326124164369588, 31.615757266944502 ], [ -106.325585175199109, 31.615757266944502 ], [ -106.325585175199109, 31.616296256114975 ], [ -106.325854669784349, 31.616296256114975 ], [ -106.325854669784349, 31.616565750700211 ], [ -106.325046186028644, 31.616565750700211 ], [ -106.325046186028644, 31.617104739870683 ], [ -106.325315680613869, 31.617104739870683 ], [ -106.325315680613869, 31.616835245285447 ], [ -106.325854669784349, 31.616835245285447 ], [ -106.325854669784349, 31.617643729041152 ], [ -106.325585175199109, 31.617643729041152 ], [ -106.325585175199109, 31.617374234455916 ], [ -106.325315680613869, 31.617374234455916 ], [ -106.325315680613869, 31.617913223626388 ] ], [ [ -106.321812251005809, 31.616835245285447 ], [ -106.321812251005809, 31.616565750700211 ], [ -106.32154275642057, 31.616565750700211 ], [ -106.32154275642057, 31.616835245285447 ], [ -106.321812251005809, 31.616835245285447 ] ], [ [ -106.31992578890916, 31.616835245285447 ], [ -106.31992578890916, 31.616565750700211 ], [ -106.31938679973868, 31.616565750700211 ], [ -106.31938679973868, 31.616835245285447 ], [ -106.31992578890916, 31.616835245285447 ] ], [ [ -106.32127326183533, 31.616565750700211 ], [ -106.32127326183533, 31.616296256114975 ], [ -106.321003767250104, 31.616296256114975 ], [ -106.321003767250104, 31.616565750700211 ], [ -106.32127326183533, 31.616565750700211 ] ], [ [ -106.31938679973868, 31.616565750700211 ], [ -106.31938679973868, 31.616296256114975 ], [ -106.319117305153455, 31.616296256114975 ], [ -106.319117305153455, 31.616565750700211 ], [ -106.31938679973868, 31.616565750700211 ] ], [ [ -106.327741131880998, 31.616296256114975 ], [ -106.327741131880998, 31.616026761529739 ], [ -106.327471637295758, 31.616026761529739 ], [ -106.327471637295758, 31.616296256114975 ], [ -106.327741131880998, 31.616296256114975 ] ], [ [ -106.322081745591049, 31.616296256114975 ], [ -106.322081745591049, 31.616026761529739 ], [ -106.321812251005809, 31.616026761529739 ], [ -106.321812251005809, 31.616296256114975 ], [ -106.322081745591049, 31.616296256114975 ] ], [ [ -106.3201952834944, 31.616296256114975 ], [ -106.3201952834944, 31.616026761529739 ], [ -106.31992578890916, 31.616026761529739 ], [ -106.31992578890916, 31.616296256114975 ], [ -106.3201952834944, 31.616296256114975 ] ], [ [ -106.328280121051463, 31.616026761529739 ], [ -106.328280121051463, 31.615757266944502 ], [ -106.327741131880998, 31.615757266944502 ], [ -106.327741131880998, 31.616026761529739 ], [ -106.328280121051463, 31.616026761529739 ] ], [ [ -106.32154275642057, 31.616026761529739 ], [ -106.32154275642057, 31.615757266944502 ], [ -106.32127326183533, 31.615757266944502 ], [ -106.32127326183533, 31.616026761529739 ], [ -106.32154275642057, 31.616026761529739 ] ], [ [ -106.31992578890916, 31.616026761529739 ], [ -106.31992578890916, 31.615757266944502 ], [ -106.31965629432392, 31.615757266944502 ], [ -106.31965629432392, 31.616026761529739 ], [ -106.31992578890916, 31.616026761529739 ] ], [ [ -106.322081745591049, 31.615757266944502 ], [ -106.322081745591049, 31.615487772359266 ], [ -106.321812251005809, 31.615487772359266 ], [ -106.321812251005809, 31.615757266944502 ], [ -106.322081745591049, 31.615757266944502 ] ], [ [ -106.3201952834944, 31.615487772359266 ], [ -106.3201952834944, 31.61521827777403 ], [ -106.32127326183533, 31.61521827777403 ], [ -106.32127326183533, 31.614948783188794 ], [ -106.320464778079625, 31.614948783188794 ], [ -106.320464778079625, 31.614409794018322 ], [ -106.3201952834944, 31.614409794018322 ], [ -106.3201952834944, 31.614679288603558 ], [ -106.31992578890916, 31.614679288603558 ], [ -106.31992578890916, 31.614948783188794 ], [ -106.31938679973868, 31.614948783188794 ], [ -106.31938679973868, 31.615487772359266 ], [ -106.3201952834944, 31.615487772359266 ] ], [ [ -106.324776691443404, 31.614948783188794 ], [ -106.324776691443404, 31.614409794018322 ], [ -106.324237702272924, 31.614409794018322 ], [ -106.324237702272924, 31.614679288603558 ], [ -106.323968207687699, 31.614679288603558 ], [ -106.323968207687699, 31.614948783188794 ], [ -106.324776691443404, 31.614948783188794 ] ], [ [ -106.323159723931994, 31.614409794018322 ], [ -106.323159723931994, 31.614140299433089 ], [ -106.322620734761514, 31.614140299433089 ], [ -106.322620734761514, 31.614409794018322 ], [ -106.323159723931994, 31.614409794018322 ] ], [ [ -106.32154275642057, 31.614409794018322 ], [ -106.32154275642057, 31.613870804847853 ], [ -106.32127326183533, 31.613870804847853 ], [ -106.32127326183533, 31.614409794018322 ], [ -106.32154275642057, 31.614409794018322 ] ], [ [ -106.323159723931994, 31.613870804847853 ], [ -106.323159723931994, 31.613601310262617 ], [ -106.322620734761514, 31.613601310262617 ], [ -106.322620734761514, 31.613870804847853 ], [ -106.323159723931994, 31.613870804847853 ] ], [ [ -106.321003767250104, 31.613062321092144 ], [ -106.321003767250104, 31.612792826506908 ], [ -106.320734272664865, 31.612792826506908 ], [ -106.320734272664865, 31.613062321092144 ], [ -106.321003767250104, 31.613062321092144 ] ] ] ] } },
{ "type": "Feature", "properties": { "ZONA_MET": "Ju_rez", "INTENSIDAD": "Intensa", "T_PROM_POL": 3.0, "T_MIN_CIUD": 1.0, "DIF_TERMIC": 2.0 }, "geometry": { "type": "MultiPolygon", "coordinates": [ [ [ [ -106.370590770933504, 31.612253837336436 ], [ -106.370051781763024, 31.612253837336436 ], [ -106.370051781763024, 31.6119843427512 ], [ -106.369512792592559, 31.6119843427512 ], [ -106.369512792592559, 31.611714848165963 ], [ -106.369243298007319, 31.611714848165963 ], [ -106.369243298007319, 31.611445353580727 ], [ -106.369512792592559, 31.611445353580727 ], [ -106.369512792592559, 31.611175858995491 ], [ -106.369782287177784, 31.611175858995491 ], [ -106.369782287177784, 31.611445353580727 ], [ -106.370051781763024, 31.611445353580727 ], [ -106.370051781763024, 31.611175858995491 ], [ -106.370321276348264, 31.611175858995491 ], [ -106.370321276348264, 31.611445353580727 ], [ -106.370860265518729, 31.611445353580727 ], [ -106.370860265518729, 31.6119843427512 ], [ -106.370590770933504, 31.6119843427512 ], [ -106.370590770933504, 31.612253837336436 ] ] ] ] } },
{ "type": "Feature", "properties": { "ZONA_MET": "Ju_rez", "INTENSIDAD": "Intensa", "T_PROM_POL": 3.0, "T_MIN_CIUD": 1.0, "DIF_TERMIC": 2.0 }, "geometry": { "type": "MultiPolygon", "coordinates": [ [ [ [ -106.325585175199109, 31.613062321092144 ], [ -106.325315680613869, 31.613062321092144 ], [ -106.325315680613869, 31.612792826506908 ], [ -106.325046186028644, 31.612792826506908 ], [ -106.325046186028644, 31.612523331921672 ], [ -106.325315680613869, 31.612523331921672 ], [ -106.325315680613869, 31.612253837336436 ], [ -106.325046186028644, 31.612253837336436 ], [ -106.325046186028644, 31.611175858995491 ], [ -106.324776691443404, 31.611175858995491 ], [ -106.324776691443404, 31.610636869825022 ], [ -106.325046186028644, 31.610636869825022 ], [ -106.325046186028644, 31.61009788065455 ], [ -106.325854669784349, 31.61009788065455 ], [ -106.325854669784349, 31.610636869825022 ], [ -106.326393658954814, 31.610636869825022 ], [ -106.326393658954814, 31.611445353580727 ], [ -106.326124164369588, 31.611445353580727 ], [ -106.326124164369588, 31.611714848165963 ], [ -106.326393658954814, 31.611714848165963 ], [ -106.326393658954814, 31.6119843427512 ], [ -106.326124164369588, 31.6119843427512 ], [ -106.326124164369588, 31.612792826506908 ], [ -106.325854669784349, 31.612792826506908 ], [ -106.325854669784349, 31.612253837336436 ], [ -106.325585175199109, 31.612253837336436 ], [ -106.325585175199109, 31.613062321092144 ] ] ] ] } },
{ "type": "Feature", "properties": { "ZONA_MET": "Ju_rez", "INTENSIDAD": "Intensa", "T_PROM_POL": 3.0, "T_MIN_CIUD": 1.0, "DIF_TERMIC": 2.0 }, "geometry": { "type": "MultiPolygon", "coordinates": [ [ [ [ -106.471920734982177, 31.611175858995491 ], [ -106.471112251226472, 31.611175858995491 ], [ -106.471112251226472, 31.609828386069314 ], [ -106.471920734982177, 31.609828386069314 ], [ -106.471920734982177, 31.610636869825022 ], [ -106.471651240396952, 31.610636869825022 ], [ -106.471651240396952, 31.610906364410258 ], [ -106.471920734982177, 31.610906364410258 ], [ -106.471920734982177, 31.611175858995491 ] ] ] ] } },
{ "type": "Feature", "properties": { "ZONA_MET": "Ju_rez", "INTENSIDAD": "Intensa", "T_PROM_POL": 3.0, "T_MIN_CIUD": 1.0, "DIF_TERMIC": 2.0 }, "geometry": { "type": "MultiPolygon", "coordinates": [ [ [ [ -106.442006836020994, 31.613601310262617 ], [ -106.441467846850529, 31.613601310262617 ], [ -106.441467846850529, 31.613062321092144 ], [ -106.440928857680063, 31.613062321092144 ], [ -106.440928857680063, 31.612792826506908 ], [ -106.440659363094824, 31.612792826506908 ], [ -106.440659363094824, 31.612523331921672 ], [ -106.440120373924344, 31.612523331921672 ], [ -106.440120373924344, 31.612253837336436 ], [ -106.439850879339119, 31.612253837336436 ], [ -106.439850879339119, 31.611714848165963 ], [ -106.439311890168639, 31.611714848165963 ], [ -106.439311890168639, 31.611175858995491 ], [ -106.439850879339119, 31.611175858995491 ], [ -106.439850879339119, 31.611445353580727 ], [ -106.440120373924344, 31.611445353580727 ], [ -106.440120373924344, 31.610906364410258 ], [ -106.439581384753879, 31.610906364410258 ], [ -106.439581384753879, 31.610367375239786 ], [ -106.438772900998174, 31.610367375239786 ], [ -106.438772900998174, 31.610906364410258 ], [ -106.438233911827695, 31.610906364410258 ], [ -106.438233911827695, 31.610367375239786 ], [ -106.437964417242469, 31.610367375239786 ], [ -106.437964417242469, 31.61009788065455 ], [ -106.43742542807199, 31.61009788065455 ], [ -106.43742542807199, 31.609828386069314 ], [ -106.43715593348675, 31.609828386069314 ], [ -106.43715593348675, 31.609019902313605 ], [ -106.43742542807199, 31.609019902313605 ], [ -106.43742542807199, 31.609289396898841 ], [ -106.437694922657229, 31.609289396898841 ], [ -106.437694922657229, 31.609558891484077 ], [ -106.438503406412934, 31.609558891484077 ], [ -106.438503406412934, 31.609828386069314 ], [ -106.438772900998174, 31.609828386069314 ], [ -106.438772900998174, 31.61009788065455 ], [ -106.440389868509584, 31.61009788065455 ], [ -106.440389868509584, 31.609558891484077 ], [ -106.441198352265289, 31.609558891484077 ], [ -106.441198352265289, 31.609828386069314 ], [ -106.440928857680063, 31.609828386069314 ], [ -106.440928857680063, 31.610636869825022 ], [ -106.440659363094824, 31.610636869825022 ], [ -106.440659363094824, 31.610906364410258 ], [ -106.440928857680063, 31.610906364410258 ], [ -106.440928857680063, 31.611175858995491 ], [ -106.441198352265289, 31.611175858995491 ], [ -106.441198352265289, 31.610906364410258 ], [ -106.441467846850529, 31.610906364410258 ], [ -106.441467846850529, 31.61009788065455 ], [ -106.441737341435768, 31.61009788065455 ], [ -106.441737341435768, 31.610367375239786 ], [ -106.442276330606234, 31.610367375239786 ], [ -106.442276330606234, 31.610906364410258 ], [ -106.442545825191473, 31.610906364410258 ], [ -106.442545825191473, 31.611175858995491 ], [ -106.442815319776713, 31.611175858995491 ], [ -106.442815319776713, 31.612792826506908 ], [ -106.443084814361939, 31.612792826506908 ], [ -106.443084814361939, 31.613062321092144 ], [ -106.442276330606234, 31.613062321092144 ], [ -106.442276330606234, 31.61333181567738 ], [ -106.442006836020994, 31.61333181567738 ], [ -106.442006836020994, 31.613601310262617 ] ], [ [ -106.440659363094824, 31.612253837336436 ], [ -106.440659363094824, 31.6119843427512 ], [ -106.440389868509584, 31.6119843427512 ], [ -106.440389868509584, 31.611714848165963 ], [ -106.440120373924344, 31.611714848165963 ], [ -106.440120373924344, 31.612253837336436 ], [ -106.440659363094824, 31.612253837336436 ] ] ] ] } },
{ "type": "Feature", "properties": { "ZONA_MET": "Ju_rez", "INTENSIDAD": "Intensa", "T_PROM_POL": 3.0, "T_MIN_CIUD": 1.0, "DIF_TERMIC": 2.0 }, "geometry": { "type": "MultiPolygon", "coordinates": [ [ [ [ -106.339868388216615, 31.610636869825022 ], [ -106.338251420705191, 31.610636869825022 ], [ -106.338251420705191, 31.610367375239786 ], [ -106.337981926119966, 31.610367375239786 ], [ -106.337981926119966, 31.610636869825022 ], [ -106.337712431534726, 31.610636869825022 ], [ -106.337712431534726, 31.610367375239786 ], [ -106.337173442364247, 31.610367375239786 ], [ -106.337173442364247, 31.61009788065455 ], [ -106.337442936949486, 31.61009788065455 ], [ -106.337442936949486, 31.609828386069314 ], [ -106.337712431534726, 31.609828386069314 ], [ -106.337712431534726, 31.609558891484077 ], [ -106.337981926119966, 31.609558891484077 ], [ -106.337981926119966, 31.609289396898841 ], [ -106.337712431534726, 31.609289396898841 ], [ -106.337712431534726, 31.609019902313605 ], [ -106.338251420705191, 31.609019902313605 ], [ -106.338251420705191, 31.609289396898841 ], [ -106.338520915290431, 31.609289396898841 ], [ -106.338520915290431, 31.609558891484077 ], [ -106.338251420705191, 31.609558891484077 ], [ -106.338251420705191, 31.61009788065455 ], [ -106.338790409875671, 31.61009788065455 ], [ -106.338790409875671, 31.610367375239786 ], [ -106.339868388216615, 31.610367375239786 ], [ -106.339868388216615, 31.610636869825022 ] ] ] ] } },
{ "type": "Feature", "properties": { "ZONA_MET": "Ju_rez", "INTENSIDAD": "Intensa", "T_PROM_POL": 3.0, "T_MIN_CIUD": 1.0, "DIF_TERMIC": 2.0 }, "geometry": { "type": "MultiPolygon", "coordinates": [ [ [ [ -106.314535897204436, 31.61009788065455 ], [ -106.314266402619211, 31.61009788065455 ], [ -106.314266402619211, 31.609828386069314 ], [ -106.313996908033971, 31.609828386069314 ], [ -106.313996908033971, 31.609558891484077 ], [ -106.313457918863492, 31.609558891484077 ], [ -106.313457918863492, 31.609019902313605 ], [ -106.313727413448731, 31.609019902313605 ], [ -106.313727413448731, 31.608750407728369 ], [ -106.313996908033971, 31.608750407728369 ], [ -106.313996908033971, 31.609019902313605 ], [ -106.314805391789676, 31.609019902313605 ], [ -106.314805391789676, 31.609289396898841 ], [ -106.315074886374916, 31.609289396898841 ], [ -106.315074886374916, 31.609558891484077 ], [ -106.314805391789676, 31.609558891484077 ], [ -106.314805391789676, 31.609828386069314 ], [ -106.314535897204436, 31.609828386069314 ], [ -106.314535897204436, 31.61009788065455 ] ] ] ] } },
{ "type": "Feature", "properties": { "ZONA_MET": "Ju_rez", "INTENSIDAD": "Extrema", "T_PROM_POL": 3.0, "T_MIN_CIUD": 1.0, "DIF_TERMIC": 2.0 }, "geometry": { "type": "MultiPolygon", "coordinates": [ [ [ [ -106.297827232919815, 31.610367375239786 ], [ -106.29674925457887, 31.610367375239786 ], [ -106.29674925457887, 31.609828386069314 ], [ -106.29701874916411, 31.609828386069314 ], [ -106.29701874916411, 31.609558891484077 ], [ -106.295940770823165, 31.609558891484077 ], [ -106.295940770823165, 31.609019902313605 ], [ -106.296210265408405, 31.609019902313605 ], [ -106.296210265408405, 31.609289396898841 ], [ -106.29701874916411, 31.609289396898841 ], [ -106.29701874916411, 31.609019902313605 ], [ -106.29728824374935, 31.609019902313605 ], [ -106.29728824374935, 31.608750407728369 ], [ -106.297827232919815, 31.608750407728369 ], [ -106.297827232919815, 31.609019902313605 ], [ -106.297557738334575, 31.609019902313605 ], [ -106.297557738334575, 31.609289396898841 ], [ -106.297827232919815, 31.609289396898841 ], [ -106.297827232919815, 31.609558891484077 ], [ -106.298366222090294, 31.609558891484077 ], [ -106.298366222090294, 31.61009788065455 ], [ -106.297827232919815, 31.61009788065455 ], [ -106.297827232919815, 31.610367375239786 ] ], [ [ -106.297557738334575, 31.609558891484077 ], [ -106.297557738334575, 31.609289396898841 ], [ -106.29728824374935, 31.609289396898841 ], [ -106.29728824374935, 31.609558891484077 ], [ -106.297557738334575, 31.609558891484077 ] ] ] ] } },
{ "type": "Feature", "properties": { "ZONA_MET": "Ju_rez", "INTENSIDAD": "Extrema", "T_PROM_POL": 3.0, "T_MIN_CIUD": 1.0, "DIF_TERMIC": 2.0 }, "geometry": { "type": "MultiPolygon", "coordinates": [ [ [ [ -106.292437341215106, 31.612792826506908 ], [ -106.292167846629866, 31.612792826506908 ], [ -106.292167846629866, 31.612523331921672 ], [ -106.291898352044626, 31.612523331921672 ], [ -106.291898352044626, 31.612253837336436 ], [ -106.291628857459386, 31.612253837336436 ], [ -106.291628857459386, 31.6119843427512 ], [ -106.291359362874161, 31.6119843427512 ], [ -106.291359362874161, 31.611175858995491 ], [ -106.290820373703681, 31.611175858995491 ], [ -106.290820373703681, 31.610906364410258 ], [ -106.291089868288921, 31.610906364410258 ], [ -106.291089868288921, 31.610367375239786 ], [ -106.290820373703681, 31.610367375239786 ], [ -106.290820373703681, 31.609828386069314 ], [ -106.290550879118442, 31.609828386069314 ], [ -106.290550879118442, 31.609558891484077 ], [ -106.290011889947976, 31.609558891484077 ], [ -106.290011889947976, 31.609289396898841 ], [ -106.290281384533216, 31.609289396898841 ], [ -106.290281384533216, 31.608750407728369 ], [ -106.289472900777511, 31.608750407728369 ], [ -106.289472900777511, 31.608480913143133 ], [ -106.289203406192271, 31.608480913143133 ], [ -106.289203406192271, 31.608211418557897 ], [ -106.291089868288921, 31.608211418557897 ], [ -106.291089868288921, 31.608750407728369 ], [ -106.291359362874161, 31.608750407728369 ], [ -106.291359362874161, 31.609289396898841 ], [ -106.291089868288921, 31.609289396898841 ], [ -106.291089868288921, 31.609558891484077 ], [ -106.291359362874161, 31.609558891484077 ], [ -106.291359362874161, 31.61009788065455 ], [ -106.291628857459386, 31.61009788065455 ], [ -106.291628857459386, 31.610367375239786 ], [ -106.291898352044626, 31.610367375239786 ], [ -106.291898352044626, 31.610636869825022 ], [ -106.292167846629866, 31.610636869825022 ], [ -106.292167846629866, 31.610906364410258 ], [ -106.292437341215106, 31.610906364410258 ], [ -106.292437341215106, 31.610636869825022 ], [ -106.292706835800331, 31.610636869825022 ], [ -106.292706835800331, 31.610367375239786 ], [ -106.293245824970811, 31.610367375239786 ], [ -106.293245824970811, 31.61009788065455 ], [ -106.292976330385571, 31.61009788065455 ], [ -106.292976330385571, 31.609828386069314 ], [ -106.292167846629866, 31.609828386069314 ], [ -106.292167846629866, 31.609558891484077 ], [ -106.291898352044626, 31.609558891484077 ], [ -106.291898352044626, 31.608750407728369 ], [ -106.291628857459386, 31.608750407728369 ], [ -106.291628857459386, 31.608211418557897 ], [ -106.291898352044626, 31.608211418557897 ], [ -106.291898352044626, 31.607941923972664 ], [ -106.292437341215106, 31.607941923972664 ], [ -106.292437341215106, 31.608211418557897 ], [ -106.292706835800331, 31.608211418557897 ], [ -106.292706835800331, 31.609289396898841 ], [ -106.293515319556036, 31.609289396898841 ], [ -106.293515319556036, 31.609019902313605 ], [ -106.293245824970811, 31.609019902313605 ], [ -106.293245824970811, 31.608750407728369 ], [ -106.293784814141276, 31.608750407728369 ], [ -106.293784814141276, 31.609019902313605 ], [ -106.294054308726516, 31.609019902313605 ], [ -106.294054308726516, 31.609289396898841 ], [ -106.293784814141276, 31.609289396898841 ], [ -106.293784814141276, 31.61009788065455 ], [ -106.294054308726516, 31.61009788065455 ], [ -106.294054308726516, 31.610367375239786 ], [ -106.293784814141276, 31.610367375239786 ], [ -106.293784814141276, 31.611175858995491 ], [ -106.294323803311755, 31.611175858995491 ], [ -106.294323803311755, 31.611445353580727 ], [ -106.293245824970811, 31.611445353580727 ], [ -106.293245824970811, 31.611175858995491 ], [ -106.292706835800331, 31.611175858995491 ], [ -106.292706835800331, 31.611714848165963 ], [ -106.293245824970811, 31.611714848165963 ], [ -106.293245824970811, 31.6119843427512 ], [ -106.292706835800331, 31.6119843427512 ], [ -106.292706835800331, 31.612523331921672 ], [ -106.292437341215106, 31.612523331921672 ], [ -106.292437341215106, 31.612792826506908 ] ], [ [ -106.292167846629866, 31.612253837336436 ], [ -106.292167846629866, 31.6119843427512 ], [ -106.291898352044626, 31.6119843427512 ], [ -106.291898352044626, 31.612253837336436 ], [ -106.292167846629866, 31.612253837336436 ] ], [ [ -106.292437341215106, 31.6119843427512 ], [ -106.292437341215106, 31.611714848165963 ], [ -106.292167846629866, 31.611714848165963 ], [ -106.292167846629866, 31.6119843427512 ], [ -106.292437341215106, 31.6119843427512 ] ], [ [ -106.292167846629866, 31.611714848165963 ], [ -106.292167846629866, 31.611445353580727 ], [ -106.291898352044626, 31.611445353580727 ], [ -106.291898352044626, 31.611714848165963 ], [ -106.292167846629866, 31.611714848165963 ] ], [ [ -106.293515319556036, 31.610906364410258 ], [ -106.293515319556036, 31.610636869825022 ], [ -106.293245824970811, 31.610636869825022 ], [ -106.293245824970811, 31.610906364410258 ], [ -106.293515319556036, 31.610906364410258 ] ], [ [ -106.292437341215106, 31.609019902313605 ], [ -106.292437341215106, 31.608750407728369 ], [ -106.292167846629866, 31.608750407728369 ], [ -106.292167846629866, 31.609019902313605 ], [ -106.292437341215106, 31.609019902313605 ] ] ] ] } },
{ "type": "Feature", "properties": { "ZONA_MET": "Ju_rez", "INTENSIDAD": "Extrema", "T_PROM_POL": 3.0, "T_MIN_CIUD": 1.0, "DIF_TERMIC": 2.0 }, "geometry": { "type": "MultiPolygon", "coordinates": [ [ [ [ -106.29890521126076, 31.609828386069314 ], [ -106.29863571667552, 31.609828386069314 ], [ -106.29863571667552, 31.609558891484077 ], [ -106.298366222090294, 31.609558891484077 ], [ -106.298366222090294, 31.609289396898841 ], [ -106.29863571667552, 31.609289396898841 ], [ -106.29863571667552, 31.608480913143133 ], [ -106.298096727505055, 31.608480913143133 ], [ -106.298096727505055, 31.608750407728369 ], [ -106.297827232919815, 31.608750407728369 ], [ -106.297827232919815, 31.608480913143133 ], [ -106.297557738334575, 31.608480913143133 ], [ -106.297557738334575, 31.608211418557897 ], [ -106.298366222090294, 31.608211418557897 ], [ -106.298366222090294, 31.607941923972664 ], [ -106.29890521126076, 31.607941923972664 ], [ -106.29890521126076, 31.608211418557897 ], [ -106.299444200431225, 31.608211418557897 ], [ -106.299444200431225, 31.608750407728369 ], [ -106.299713695016464, 31.608750407728369 ], [ -106.299713695016464, 31.609019902313605 ], [ -106.299174705845999, 31.609019902313605 ], [ -106.299174705845999, 31.609289396898841 ], [ -106.299444200431225, 31.609289396898841 ], [ -106.299444200431225, 31.609558891484077 ], [ -106.29890521126076, 31.609558891484077 ], [ -106.29890521126076, 31.609828386069314 ] ] ] ] } },
{ "type": "Feature", "properties": { "ZONA_MET": "Ju_rez", "INTENSIDAD": "Intensa", "T_PROM_POL": 3.0, "T_MIN_CIUD": 1.0, "DIF_TERMIC": 2.0 }, "geometry": { "type": "MultiPolygon", "coordinates": [ [ [ [ -106.561931926450953, 31.609289396898841 ], [ -106.560853948110008, 31.609289396898841 ], [ -106.560853948110008, 31.608750407728369 ], [ -106.560584453524783, 31.608750407728369 ], [ -106.560584453524783, 31.608211418557897 ], [ -106.561392937280488, 31.608211418557897 ], [ -106.561392937280488, 31.607941923972664 ], [ -106.561931926450953, 31.607941923972664 ], [ -106.561931926450953, 31.608211418557897 ], [ -106.561662431865727, 31.608211418557897 ], [ -106.561662431865727, 31.608480913143133 ], [ -106.561931926450953, 31.608480913143133 ], [ -106.561931926450953, 31.609289396898841 ] ] ] ] } },
{ "type": "Feature", "properties": { "ZONA_MET": "Ju_rez", "INTENSIDAD": "Intensa", "T_PROM_POL": 3.0, "T_MIN_CIUD": 1.0, "DIF_TERMIC": 2.0 }, "geometry": { "type": "MultiPolygon", "coordinates": [ [ [ [ -106.31938679973868, 31.609558891484077 ], [ -106.319117305153455, 31.609558891484077 ], [ -106.319117305153455, 31.609289396898841 ], [ -106.318847810568215, 31.609289396898841 ], [ -106.318847810568215, 31.607941923972664 ], [ -106.318578315982975, 31.607941923972664 ], [ -106.318578315982975, 31.607402934802192 ], [ -106.319117305153455, 31.607402934802192 ], [ -106.319117305153455, 31.607133440216955 ], [ -106.31992578890916, 31.607133440216955 ], [ -106.31992578890916, 31.607402934802192 ], [ -106.3201952834944, 31.607402934802192 ], [ -106.3201952834944, 31.607672429387428 ], [ -106.320464778079625, 31.607672429387428 ], [ -106.320464778079625, 31.607941923972664 ], [ -106.31992578890916, 31.607941923972664 ], [ -106.31992578890916, 31.608211418557897 ], [ -106.3201952834944, 31.608211418557897 ], [ -106.3201952834944, 31.608480913143133 ], [ -106.31992578890916, 31.608480913143133 ], [ -106.31992578890916, 31.608750407728369 ], [ -106.31938679973868, 31.608750407728369 ], [ -106.31938679973868, 31.609558891484077 ] ] ] ] } },
{ "type": "Feature", "properties": { "ZONA_MET": "Ju_rez", "INTENSIDAD": "Extrema", "T_PROM_POL": 3.0, "T_MIN_CIUD": 1.0, "DIF_TERMIC": 2.0 }, "geometry": { "type": "MultiPolygon", "coordinates": [ [ [ [ -106.294054308726516, 31.608750407728369 ], [ -106.293784814141276, 31.608750407728369 ], [ -106.293784814141276, 31.608211418557897 ], [ -106.293245824970811, 31.608211418557897 ], [ -106.293245824970811, 31.607672429387428 ], [ -106.292976330385571, 31.607672429387428 ], [ -106.292976330385571, 31.607941923972664 ], [ -106.292706835800331, 31.607941923972664 ], [ -106.292706835800331, 31.607672429387428 ], [ -106.292437341215106, 31.607672429387428 ], [ -106.292437341215106, 31.607402934802192 ], [ -106.292706835800331, 31.607402934802192 ], [ -106.292706835800331, 31.607133440216955 ], [ -106.293515319556036, 31.607133440216955 ], [ -106.293515319556036, 31.606863945631719 ], [ -106.294054308726516, 31.606863945631719 ], [ -106.294054308726516, 31.607672429387428 ], [ -106.294323803311755, 31.607672429387428 ], [ -106.294323803311755, 31.608211418557897 ], [ -106.294054308726516, 31.608211418557897 ], [ -106.294054308726516, 31.608750407728369 ] ], [ [ -106.293784814141276, 31.607941923972664 ], [ -106.293784814141276, 31.607402934802192 ], [ -106.293515319556036, 31.607402934802192 ], [ -106.293515319556036, 31.607941923972664 ], [ -106.293784814141276, 31.607941923972664 ] ] ] ] } },
{ "type": "Feature", "properties": { "ZONA_MET": "Ju_rez", "INTENSIDAD": "Intensa", "T_PROM_POL": 3.0, "T_MIN_CIUD": 1.0, "DIF_TERMIC": 2.0 }, "geometry": { "type": "MultiPolygon", "coordinates": [ [ [ [ -106.459254489476095, 31.607133440216955 ], [ -106.45790701654991, 31.607133440216955 ], [ -106.45790701654991, 31.606863945631719 ], [ -106.456829038208966, 31.606863945631719 ], [ -106.456829038208966, 31.606594451046483 ], [ -106.459254489476095, 31.606594451046483 ], [ -106.459254489476095, 31.607133440216955 ] ] ] ] } },
{ "type": "Feature", "properties": { "ZONA_MET": "Ju_rez", "INTENSIDAD": "Intensa", "T_PROM_POL": 3.0, "T_MIN_CIUD": 1.0, "DIF_TERMIC": 2.0 }, "geometry": { "type": "MultiPolygon", "coordinates": [ [ [ [ -106.313457918863492, 31.609019902313605 ], [ -106.313188424278266, 31.609019902313605 ], [ -106.313188424278266, 31.608480913143133 ], [ -106.312918929693026, 31.608480913143133 ], [ -106.312918929693026, 31.608211418557897 ], [ -106.312649435107787, 31.608211418557897 ], [ -106.312649435107787, 31.607941923972664 ], [ -106.312918929693026, 31.607941923972664 ], [ -106.312918929693026, 31.607402934802192 ], [ -106.312649435107787, 31.607402934802192 ], [ -106.312649435107787, 31.607133440216955 ], [ -106.312918929693026, 31.607133440216955 ], [ -106.312918929693026, 31.606863945631719 ], [ -106.313188424278266, 31.606863945631719 ], [ -106.313188424278266, 31.606594451046483 ], [ -106.313727413448731, 31.606594451046483 ], [ -106.313727413448731, 31.607133440216955 ], [ -106.313457918863492, 31.607133440216955 ], [ -106.313457918863492, 31.607402934802192 ], [ -106.313188424278266, 31.607402934802192 ], [ -106.313188424278266, 31.607672429387428 ], [ -106.313457918863492, 31.607672429387428 ], [ -106.313457918863492, 31.608211418557897 ], [ -106.313727413448731, 31.608211418557897 ], [ -106.313727413448731, 31.608750407728369 ], [ -106.313457918863492, 31.608750407728369 ], [ -106.313457918863492, 31.609019902313605 ] ] ] ] } },
{ "type": "Feature", "properties": { "ZONA_MET": "Ju_rez", "INTENSIDAD": "Extrema", "T_PROM_POL": 3.0, "T_MIN_CIUD": 1.0, "DIF_TERMIC": 2.0 }, "geometry": { "type": "MultiPolygon", "coordinates": [ [ [ [ -106.297557738334575, 31.608211418557897 ], [ -106.29728824374935, 31.608211418557897 ], [ -106.29728824374935, 31.607941923972664 ], [ -106.29701874916411, 31.607941923972664 ], [ -106.29701874916411, 31.607672429387428 ], [ -106.29647975999363, 31.607672429387428 ], [ -106.29647975999363, 31.607402934802192 ], [ -106.29728824374935, 31.607402934802192 ], [ -106.29728824374935, 31.607133440216955 ], [ -106.29701874916411, 31.607133440216955 ], [ -106.29701874916411, 31.606324956461247 ], [ -106.29728824374935, 31.606324956461247 ], [ -106.29728824374935, 31.606863945631719 ], [ -106.297557738334575, 31.606863945631719 ], [ -106.297557738334575, 31.607133440216955 ], [ -106.298096727505055, 31.607133440216955 ], [ -106.298096727505055, 31.607402934802192 ], [ -106.297827232919815, 31.607402934802192 ], [ -106.297827232919815, 31.607672429387428 ], [ -106.297557738334575, 31.607672429387428 ], [ -106.297557738334575, 31.608211418557897 ] ] ] ] } },
{ "type": "Feature", "properties": { "ZONA_MET": "Ju_rez", "INTENSIDAD": "Intensa", "T_PROM_POL": 3.0, "T_MIN_CIUD": 1.0, "DIF_TERMIC": 2.0 }, "geometry": { "type": "MultiPolygon", "coordinates": [ [ [ [ -106.448205211481422, 31.608211418557897 ], [ -106.447935716896183, 31.608211418557897 ], [ -106.447935716896183, 31.607941923972664 ], [ -106.447127233140478, 31.607941923972664 ], [ -106.447127233140478, 31.607402934802192 ], [ -106.446857738555252, 31.607402934802192 ], [ -106.446857738555252, 31.607133440216955 ], [ -106.446588243970012, 31.607133440216955 ], [ -106.446588243970012, 31.606324956461247 ], [ -106.447396727725717, 31.606324956461247 ], [ -106.447396727725717, 31.606055461876011 ], [ -106.447935716896183, 31.606055461876011 ], [ -106.447935716896183, 31.606324956461247 ], [ -106.448205211481422, 31.606324956461247 ], [ -106.448205211481422, 31.606594451046483 ], [ -106.448744200651902, 31.606594451046483 ], [ -106.448744200651902, 31.606324956461247 ], [ -106.449013695237127, 31.606324956461247 ], [ -106.449013695237127, 31.606594451046483 ], [ -106.450361168163312, 31.606594451046483 ], [ -106.450361168163312, 31.606863945631719 ], [ -106.449822178992846, 31.606863945631719 ], [ -106.449822178992846, 31.607133440216955 ], [ -106.449013695237127, 31.607133440216955 ], [ -106.449013695237127, 31.607402934802192 ], [ -106.448474706066662, 31.607402934802192 ], [ -106.448474706066662, 31.607133440216955 ], [ -106.448205211481422, 31.607133440216955 ], [ -106.448205211481422, 31.607672429387428 ], [ -106.448474706066662, 31.607672429387428 ], [ -106.448474706066662, 31.607941923972664 ], [ -106.448205211481422, 31.607941923972664 ], [ -106.448205211481422, 31.608211418557897 ] ] ] ] } },
{ "type": "Feature", "properties": { "ZONA_MET": "Ju_rez", "INTENSIDAD": "Extrema", "T_PROM_POL": 3.0, "T_MIN_CIUD": 1.0, "DIF_TERMIC": 2.0 }, "geometry": { "type": "MultiPolygon", "coordinates": [ [ [ [ -106.29647975999363, 31.608750407728369 ], [ -106.295671276237925, 31.608750407728369 ], [ -106.295671276237925, 31.608480913143133 ], [ -106.295940770823165, 31.608480913143133 ], [ -106.295940770823165, 31.608211418557897 ], [ -106.295671276237925, 31.608211418557897 ], [ -106.295671276237925, 31.607941923972664 ], [ -106.2954017816527, 31.607941923972664 ], [ -106.2954017816527, 31.608211418557897 ], [ -106.29513228706746, 31.608211418557897 ], [ -106.29513228706746, 31.607941923972664 ], [ -106.29486279248222, 31.607941923972664 ], [ -106.29486279248222, 31.607672429387428 ], [ -106.294593297896981, 31.607672429387428 ], [ -106.294593297896981, 31.606324956461247 ], [ -106.29486279248222, 31.606324956461247 ], [ -106.29486279248222, 31.606594451046483 ], [ -106.29513228706746, 31.606594451046483 ], [ -106.29513228706746, 31.607133440216955 ], [ -106.2954017816527, 31.607133440216955 ], [ -106.2954017816527, 31.606594451046483 ], [ -106.296210265408405, 31.606594451046483 ], [ -106.296210265408405, 31.606055461876011 ], [ -106.29674925457887, 31.606055461876011 ], [ -106.29674925457887, 31.606594451046483 ], [ -106.29647975999363, 31.606594451046483 ], [ -106.29647975999363, 31.606863945631719 ], [ -106.29674925457887, 31.606863945631719 ], [ -106.29674925457887, 31.607133440216955 ], [ -106.29647975999363, 31.607133440216955 ], [ -106.29647975999363, 31.607402934802192 ], [ -106.296210265408405, 31.607402934802192 ], [ -106.296210265408405, 31.606863945631719 ], [ -106.295940770823165, 31.606863945631719 ], [ -106.295940770823165, 31.607941923972664 ], [ -106.29701874916411, 31.607941923972664 ], [ -106.29701874916411, 31.608211418557897 ], [ -106.296210265408405, 31.608211418557897 ], [ -106.296210265408405, 31.608480913143133 ], [ -106.29647975999363, 31.608480913143133 ], [ -106.29647975999363, 31.608750407728369 ] ] ] ] } },
{ "type": "Feature", "properties": { "ZONA_MET": "Ju_rez", "INTENSIDAD": "Intensa", "T_PROM_POL": 3.0, "T_MIN_CIUD": 1.0, "DIF_TERMIC": 2.0 }, "geometry": { "type": "MultiPolygon", "coordinates": [ [ [ [ -106.434999976804875, 31.607133440216955 ], [ -106.434460987634395, 31.607133440216955 ], [ -106.434460987634395, 31.606863945631719 ], [ -106.434191493049155, 31.606863945631719 ], [ -106.434191493049155, 31.606594451046483 ], [ -106.431496547196801, 31.606594451046483 ], [ -106.431496547196801, 31.606324956461247 ], [ -106.430957558026336, 31.606324956461247 ], [ -106.430957558026336, 31.606055461876011 ], [ -106.432305030952506, 31.606055461876011 ], [ -106.432305030952506, 31.606324956461247 ], [ -106.433113514708211, 31.606324956461247 ], [ -106.433113514708211, 31.606055461876011 ], [ -106.434460987634395, 31.606055461876011 ], [ -106.434460987634395, 31.605516472705538 ], [ -106.434730482219635, 31.605516472705538 ], [ -106.434730482219635, 31.605785967290775 ], [ -106.434999976804875, 31.605785967290775 ], [ -106.434999976804875, 31.607133440216955 ] ], [ [ -106.434730482219635, 31.606863945631719 ], [ -106.434730482219635, 31.606594451046483 ], [ -106.434460987634395, 31.606594451046483 ], [ -106.434460987634395, 31.606863945631719 ], [ -106.434730482219635, 31.606863945631719 ] ] ] ] } },
{ "type": "Feature", "properties": { "ZONA_MET": "Ju_rez", "INTENSIDAD": "Intensa", "T_PROM_POL": 3.0, "T_MIN_CIUD": 1.0, "DIF_TERMIC": 2.0 }, "geometry": { "type": "MultiPolygon", "coordinates": [ [ [ [ -106.437964417242469, 31.606594451046483 ], [ -106.43715593348675, 31.606594451046483 ], [ -106.43715593348675, 31.606324956461247 ], [ -106.436077955145805, 31.606324956461247 ], [ -106.436077955145805, 31.606055461876011 ], [ -106.43580846056058, 31.606055461876011 ], [ -106.43580846056058, 31.605785967290775 ], [ -106.43553896597534, 31.605785967290775 ], [ -106.43553896597534, 31.605516472705538 ], [ -106.436077955145805, 31.605516472705538 ], [ -106.436077955145805, 31.605785967290775 ], [ -106.436616944316285, 31.605785967290775 ], [ -106.436616944316285, 31.606055461876011 ], [ -106.437694922657229, 31.606055461876011 ], [ -106.437694922657229, 31.606324956461247 ], [ -106.437964417242469, 31.606324956461247 ], [ -106.437964417242469, 31.606594451046483 ] ] ] ] } },
{ "type": "Feature", "properties": { "ZONA_MET": "Ju_rez", "INTENSIDAD": "Intensa", "T_PROM_POL": 3.0, "T_MIN_CIUD": 1.0, "DIF_TERMIC": 2.0 }, "geometry": { "type": "MultiPolygon", "coordinates": [ [ [ [ -106.330436077733353, 31.606863945631719 ], [ -106.329627593977648, 31.606863945631719 ], [ -106.329627593977648, 31.606594451046483 ], [ -106.330166583148113, 31.606594451046483 ], [ -106.330166583148113, 31.606324956461247 ], [ -106.330436077733353, 31.606324956461247 ], [ -106.330436077733353, 31.606055461876011 ], [ -106.330975066903832, 31.606055461876011 ], [ -106.330975066903832, 31.605785967290775 ], [ -106.331514056074298, 31.605785967290775 ], [ -106.331514056074298, 31.605516472705538 ], [ -106.331783550659537, 31.605516472705538 ], [ -106.331783550659537, 31.605785967290775 ], [ -106.332053045244777, 31.605785967290775 ], [ -106.332053045244777, 31.606055461876011 ], [ -106.331244561489058, 31.606055461876011 ], [ -106.331244561489058, 31.606324956461247 ], [ -106.330975066903832, 31.606324956461247 ], [ -106.330975066903832, 31.606594451046483 ], [ -106.330436077733353, 31.606594451046483 ], [ -106.330436077733353, 31.606863945631719 ] ] ] ] } },
{ "type": "Feature", "properties": { "ZONA_MET": "Ju_rez", "INTENSIDAD": "Intensa", "T_PROM_POL": 3.0, "T_MIN_CIUD": 1.0, "DIF_TERMIC": 2.0 }, "geometry": { "type": "MultiPolygon", "coordinates": [ [ [ [ -106.400235175309447, 31.605516472705538 ], [ -106.399426691553728, 31.605516472705538 ], [ -106.399426691553728, 31.605246978120302 ], [ -106.398618207798023, 31.605246978120302 ], [ -106.398618207798023, 31.60497748353507 ], [ -106.401582648235618, 31.60497748353507 ], [ -106.401582648235618, 31.605246978120302 ], [ -106.400235175309447, 31.605246978120302 ], [ -106.400235175309447, 31.605516472705538 ] ] ] ] } },
{ "type": "Feature", "properties": { "ZONA_MET": "Ju_rez", "INTENSIDAD": "Intensa", "T_PROM_POL": 3.0, "T_MIN_CIUD": 1.0, "DIF_TERMIC": 2.0 }, "geometry": { "type": "MultiPolygon", "coordinates": [ [ [ [ -106.338251420705191, 31.606055461876011 ], [ -106.337712431534726, 31.606055461876011 ], [ -106.337712431534726, 31.605785967290775 ], [ -106.337173442364247, 31.605785967290775 ], [ -106.337173442364247, 31.605516472705538 ], [ -106.336903947779021, 31.605516472705538 ], [ -106.336903947779021, 31.605246978120302 ], [ -106.337173442364247, 31.605246978120302 ], [ -106.337173442364247, 31.60497748353507 ], [ -106.337442936949486, 31.60497748353507 ], [ -106.337442936949486, 31.604438494364597 ], [ -106.337712431534726, 31.604438494364597 ], [ -106.337712431534726, 31.605246978120302 ], [ -106.337981926119966, 31.605246978120302 ], [ -106.337981926119966, 31.605516472705538 ], [ -106.338251420705191, 31.605516472705538 ], [ -106.338251420705191, 31.606055461876011 ] ] ] ] } },
{ "type": "Feature", "properties": { "ZONA_MET": "Ju_rez", "INTENSIDAD": "Intensa", "T_PROM_POL": 3.0, "T_MIN_CIUD": 1.0, "DIF_TERMIC": 2.0 }, "geometry": { "type": "MultiPolygon", "coordinates": [ [ [ [ -106.4600629732318, 31.606055461876011 ], [ -106.45979347864656, 31.606055461876011 ], [ -106.45979347864656, 31.604168999779361 ], [ -106.460601962402279, 31.604168999779361 ], [ -106.460601962402279, 31.60497748353507 ], [ -106.4600629732318, 31.60497748353507 ], [ -106.4600629732318, 31.605246978120302 ], [ -106.460871456987505, 31.605246978120302 ], [ -106.460871456987505, 31.605516472705538 ], [ -106.461140951572744, 31.605516472705538 ], [ -106.461140951572744, 31.605785967290775 ], [ -106.4600629732318, 31.605785967290775 ], [ -106.4600629732318, 31.606055461876011 ] ] ] ] } },
{ "type": "Feature", "properties": { "ZONA_MET": "Ju_rez", "INTENSIDAD": "Extrema", "T_PROM_POL": 3.0, "T_MIN_CIUD": 1.0, "DIF_TERMIC": 2.0 }, "geometry": { "type": "MultiPolygon", "coordinates": [ [ [ [ -106.337173442364247, 31.605246978120302 ], [ -106.336903947779021, 31.605246978120302 ], [ -106.336903947779021, 31.604707988949833 ], [ -106.336634453193781, 31.604707988949833 ], [ -106.336634453193781, 31.604438494364597 ], [ -106.336364958608542, 31.604438494364597 ], [ -106.336364958608542, 31.604707988949833 ], [ -106.335825969438076, 31.604707988949833 ], [ -106.335825969438076, 31.604438494364597 ], [ -106.336095464023302, 31.604438494364597 ], [ -106.336095464023302, 31.604168999779361 ], [ -106.336634453193781, 31.604168999779361 ], [ -106.336634453193781, 31.603899505194125 ], [ -106.337173442364247, 31.603899505194125 ], [ -106.337173442364247, 31.604168999779361 ], [ -106.337442936949486, 31.604168999779361 ], [ -106.337442936949486, 31.60497748353507 ], [ -106.337173442364247, 31.60497748353507 ], [ -106.337173442364247, 31.605246978120302 ] ] ] ] } },
{ "type": "Feature", "properties": { "ZONA_MET": "Ju_rez", "INTENSIDAD": "Intensa", "T_PROM_POL": 3.0, "T_MIN_CIUD": 1.0, "DIF_TERMIC": 2.0 }, "geometry": { "type": "MultiPolygon", "coordinates": [ [ [ [ -106.374902684297268, 31.605785967290775 ], [ -106.374094200541563, 31.605785967290775 ], [ -106.374094200541563, 31.605246978120302 ], [ -106.374363695126803, 31.605246978120302 ], [ -106.374363695126803, 31.60497748353507 ], [ -106.374094200541563, 31.60497748353507 ], [ -106.374094200541563, 31.604707988949833 ], [ -106.374363695126803, 31.604707988949833 ], [ -106.374363695126803, 31.604438494364597 ], [ -106.374902684297268, 31.604438494364597 ], [ -106.374902684297268, 31.604168999779361 ], [ -106.375172178882508, 31.604168999779361 ], [ -106.375172178882508, 31.603899505194125 ], [ -106.375441673467748, 31.603899505194125 ], [ -106.375441673467748, 31.603630010608889 ], [ -106.375980662638213, 31.603630010608889 ], [ -106.375980662638213, 31.603360516023653 ], [ -106.376250157223453, 31.603360516023653 ], [ -106.376250157223453, 31.603899505194125 ], [ -106.375711168052973, 31.603899505194125 ], [ -106.375711168052973, 31.604168999779361 ], [ -106.375441673467748, 31.604168999779361 ], [ -106.375441673467748, 31.604438494364597 ], [ -106.375172178882508, 31.604438494364597 ], [ -106.375172178882508, 31.604707988949833 ], [ -106.374902684297268, 31.604707988949833 ], [ -106.374902684297268, 31.60497748353507 ], [ -106.374633189712043, 31.60497748353507 ], [ -106.374633189712043, 31.605246978120302 ], [ -106.374902684297268, 31.605246978120302 ], [ -106.374902684297268, 31.605785967290775 ] ] ] ] } },
{ "type": "Feature", "properties": { "ZONA_MET": "Ju_rez", "INTENSIDAD": "Intensa", "T_PROM_POL": 3.0, "T_MIN_CIUD": 1.0, "DIF_TERMIC": 2.0 }, "geometry": { "type": "MultiPolygon", "coordinates": [ [ [ [ -106.314266402619211, 31.604438494364597 ], [ -106.313996908033971, 31.604438494364597 ], [ -106.313996908033971, 31.603630010608889 ], [ -106.314266402619211, 31.603630010608889 ], [ -106.314266402619211, 31.603360516023653 ], [ -106.313996908033971, 31.603360516023653 ], [ -106.313996908033971, 31.60282152685318 ], [ -106.314535897204436, 31.60282152685318 ], [ -106.314535897204436, 31.602282537682708 ], [ -106.315344380960141, 31.602282537682708 ], [ -106.315344380960141, 31.602552032267944 ], [ -106.315074886374916, 31.602552032267944 ], [ -106.315074886374916, 31.603091021438416 ], [ -106.314805391789676, 31.603091021438416 ], [ -106.314805391789676, 31.603360516023653 ], [ -106.315074886374916, 31.603360516023653 ], [ -106.315074886374916, 31.603630010608889 ], [ -106.314535897204436, 31.603630010608889 ], [ -106.314535897204436, 31.603899505194125 ], [ -106.315074886374916, 31.603899505194125 ], [ -106.315074886374916, 31.604168999779361 ], [ -106.314266402619211, 31.604168999779361 ], [ -106.314266402619211, 31.604438494364597 ] ] ] ] } },
{ "type": "Feature", "properties": { "ZONA_MET": "Ju_rez", "INTENSIDAD": "Intensa", "T_PROM_POL": 3.0, "T_MIN_CIUD": 1.0, "DIF_TERMIC": 2.0 }, "geometry": { "type": "MultiPolygon", "coordinates": [ [ [ [ -106.381101059757697, 31.604438494364597 ], [ -106.380562070587231, 31.604438494364597 ], [ -106.380562070587231, 31.604168999779361 ], [ -106.380292576001992, 31.604168999779361 ], [ -106.380292576001992, 31.603899505194125 ], [ -106.380562070587231, 31.603899505194125 ], [ -106.380562070587231, 31.603360516023653 ], [ -106.380831565172457, 31.603360516023653 ], [ -106.380831565172457, 31.602552032267944 ], [ -106.381101059757697, 31.602552032267944 ], [ -106.381101059757697, 31.602013043097475 ], [ -106.381370554342936, 31.602013043097475 ], [ -106.381370554342936, 31.602282537682708 ], [ -106.381640048928162, 31.602282537682708 ], [ -106.381640048928162, 31.603091021438416 ], [ -106.381370554342936, 31.603091021438416 ], [ -106.381370554342936, 31.603630010608889 ], [ -106.381101059757697, 31.603630010608889 ], [ -106.381101059757697, 31.603899505194125 ], [ -106.380831565172457, 31.603899505194125 ], [ -106.380831565172457, 31.604168999779361 ], [ -106.381101059757697, 31.604168999779361 ], [ -106.381101059757697, 31.604438494364597 ] ] ] ] } },
{ "type": "Feature", "properties": { "ZONA_MET": "Ju_rez", "INTENSIDAD": "Intensa", "T_PROM_POL": 3.0, "T_MIN_CIUD": 1.0, "DIF_TERMIC": 2.0 }, "geometry": { "type": "MultiPolygon", "coordinates": [ [ [ [ -106.378136619320102, 31.603630010608889 ], [ -106.377867124734863, 31.603630010608889 ], [ -106.377867124734863, 31.603360516023653 ], [ -106.377597630149637, 31.603360516023653 ], [ -106.377597630149637, 31.603091021438416 ], [ -106.377328135564397, 31.603091021438416 ], [ -106.377328135564397, 31.602282537682708 ], [ -106.377597630149637, 31.602282537682708 ], [ -106.377597630149637, 31.602013043097475 ], [ -106.378136619320102, 31.602013043097475 ], [ -106.378136619320102, 31.602282537682708 ], [ -106.377867124734863, 31.602282537682708 ], [ -106.377867124734863, 31.602552032267944 ], [ -106.378406113905342, 31.602552032267944 ], [ -106.378406113905342, 31.603360516023653 ], [ -106.378136619320102, 31.603360516023653 ], [ -106.378136619320102, 31.603630010608889 ] ] ] ] } },
{ "type": "Feature", "properties": { "ZONA_MET": "Ju_rez", "INTENSIDAD": "Intensa", "T_PROM_POL": 3.0, "T_MIN_CIUD": 1.0, "DIF_TERMIC": 2.0 }, "geometry": { "type": "MultiPolygon", "coordinates": [ [ [ [ -106.336634453193781, 31.603360516023653 ], [ -106.336095464023302, 31.603360516023653 ], [ -106.336095464023302, 31.603091021438416 ], [ -106.335825969438076, 31.603091021438416 ], [ -106.335825969438076, 31.60282152685318 ], [ -106.335556474852837, 31.60282152685318 ], [ -106.335556474852837, 31.603091021438416 ], [ -106.335286980267597, 31.603091021438416 ], [ -106.335286980267597, 31.602282537682708 ], [ -106.335017485682371, 31.602282537682708 ], [ -106.335017485682371, 31.602013043097475 ], [ -106.334747991097132, 31.602013043097475 ], [ -106.334747991097132, 31.601743548512239 ], [ -106.334478496511892, 31.601743548512239 ], [ -106.334478496511892, 31.601474053927003 ], [ -106.335017485682371, 31.601474053927003 ], [ -106.335017485682371, 31.601743548512239 ], [ -106.336095464023302, 31.601743548512239 ], [ -106.336095464023302, 31.602013043097475 ], [ -106.336634453193781, 31.602013043097475 ], [ -106.336634453193781, 31.602282537682708 ], [ -106.336903947779021, 31.602282537682708 ], [ -106.336903947779021, 31.602552032267944 ], [ -106.337173442364247, 31.602552032267944 ], [ -106.337173442364247, 31.603091021438416 ], [ -106.336903947779021, 31.603091021438416 ], [ -106.336903947779021, 31.60282152685318 ], [ -106.336364958608542, 31.60282152685318 ], [ -106.336364958608542, 31.603091021438416 ], [ -106.336634453193781, 31.603091021438416 ], [ -106.336634453193781, 31.603360516023653 ] ] ] ] } },
{ "type": "Feature", "properties": { "ZONA_MET": "Ju_rez", "INTENSIDAD": "Intensa", "T_PROM_POL": 3.0, "T_MIN_CIUD": 1.0, "DIF_TERMIC": 2.0 }, "geometry": { "type": "MultiPolygon", "coordinates": [ [ [ [ -106.454134092356611, 31.603899505194125 ], [ -106.453056114015666, 31.603899505194125 ], [ -106.453056114015666, 31.603360516023653 ], [ -106.453595103186146, 31.603360516023653 ], [ -106.453595103186146, 31.602282537682708 ], [ -106.453864597771371, 31.602282537682708 ], [ -106.453864597771371, 31.601743548512239 ], [ -106.454134092356611, 31.601743548512239 ], [ -106.454134092356611, 31.601474053927003 ], [ -106.454403586941851, 31.601474053927003 ], [ -106.454403586941851, 31.602282537682708 ], [ -106.454134092356611, 31.602282537682708 ], [ -106.454134092356611, 31.60282152685318 ], [ -106.453864597771371, 31.60282152685318 ], [ -106.453864597771371, 31.603630010608889 ], [ -106.454134092356611, 31.603630010608889 ], [ -106.454134092356611, 31.603899505194125 ] ] ] ] } },
{ "type": "Feature", "properties": { "ZONA_MET": "Ju_rez", "INTENSIDAD": "Intensa", "T_PROM_POL": 3.0, "T_MIN_CIUD": 1.0, "DIF_TERMIC": 2.0 }, "geometry": { "type": "MultiPolygon", "coordinates": [ [ [ [ -106.347953225773679, 31.602552032267944 ], [ -106.347144742017974, 31.602552032267944 ], [ -106.347144742017974, 31.602282537682708 ], [ -106.346875247432749, 31.602282537682708 ], [ -106.346875247432749, 31.601743548512239 ], [ -106.346605752847509, 31.601743548512239 ], [ -106.346605752847509, 31.601474053927003 ], [ -106.346336258262269, 31.601474053927003 ], [ -106.346336258262269, 31.601204559341767 ], [ -106.347414236603214, 31.601204559341767 ], [ -106.347414236603214, 31.601474053927003 ], [ -106.347953225773679, 31.601474053927003 ], [ -106.347953225773679, 31.602552032267944 ] ], [ [ -106.347414236603214, 31.602013043097475 ], [ -106.347414236603214, 31.601743548512239 ], [ -106.347144742017974, 31.601743548512239 ], [ -106.347144742017974, 31.602013043097475 ], [ -106.347414236603214, 31.602013043097475 ] ] ] ] } },
{ "type": "Feature", "properties": { "ZONA_MET": "Ju_rez", "INTENSIDAD": "Intensa", "T_PROM_POL": 3.0, "T_MIN_CIUD": 1.0, "DIF_TERMIC": 2.0 }, "geometry": { "type": "MultiPolygon", "coordinates": [ [ [ [ -106.53040105997836, 31.602282537682708 ], [ -106.529862070807894, 31.602282537682708 ], [ -106.529862070807894, 31.601743548512239 ], [ -106.53040105997836, 31.601743548512239 ], [ -106.53040105997836, 31.601204559341767 ], [ -106.531479038319304, 31.601204559341767 ], [ -106.531479038319304, 31.602013043097475 ], [ -106.530940049148839, 31.602013043097475 ], [ -106.530940049148839, 31.601743548512239 ], [ -106.530670554563599, 31.601743548512239 ], [ -106.530670554563599, 31.602013043097475 ], [ -106.53040105997836, 31.602013043097475 ], [ -106.53040105997836, 31.602282537682708 ] ] ] ] } },
{ "type": "Feature", "properties": { "ZONA_MET": "Ju_rez", "INTENSIDAD": "Intensa", "T_PROM_POL": 3.0, "T_MIN_CIUD": 1.0, "DIF_TERMIC": 2.0 }, "geometry": { "type": "MultiPolygon", "coordinates": [ [ [ [ -106.315613875545381, 31.602013043097475 ], [ -106.315074886374916, 31.602013043097475 ], [ -106.315074886374916, 31.601743548512239 ], [ -106.314535897204436, 31.601743548512239 ], [ -106.314535897204436, 31.600935064756531 ], [ -106.315344380960141, 31.600935064756531 ], [ -106.315344380960141, 31.601204559341767 ], [ -106.315613875545381, 31.601204559341767 ], [ -106.315613875545381, 31.601474053927003 ], [ -106.315883370130621, 31.601474053927003 ], [ -106.315883370130621, 31.601743548512239 ], [ -106.315613875545381, 31.601743548512239 ], [ -106.315613875545381, 31.602013043097475 ] ] ] ] } },
{ "type": "Feature", "properties": { "ZONA_MET": "Ju_rez", "INTENSIDAD": "Extrema", "T_PROM_POL": 3.0, "T_MIN_CIUD": 1.0, "DIF_TERMIC": 2.0 }, "geometry": { "type": "MultiPolygon", "coordinates": [ [ [ [ -106.41101495871888, 31.602013043097475 ], [ -106.41074546413364, 31.602013043097475 ], [ -106.41074546413364, 31.601743548512239 ], [ -106.409936980377935, 31.601743548512239 ], [ -106.409936980377935, 31.600665570171294 ], [ -106.410475969548401, 31.600665570171294 ], [ -106.410475969548401, 31.600935064756531 ], [ -106.41074546413364, 31.600935064756531 ], [ -106.41074546413364, 31.601204559341767 ], [ -106.41101495871888, 31.601204559341767 ], [ -106.41101495871888, 31.602013043097475 ] ] ] ] } },
{ "type": "Feature", "properties": { "ZONA_MET": "Ju_rez", "INTENSIDAD": "Intensa", "T_PROM_POL": 3.0, "T_MIN_CIUD": 1.0, "DIF_TERMIC": 2.0 }, "geometry": { "type": "MultiPolygon", "coordinates": [ [ [ [ -106.321003767250104, 31.602282537682708 ], [ -106.320734272664865, 31.602282537682708 ], [ -106.320734272664865, 31.602013043097475 ], [ -106.320464778079625, 31.602013043097475 ], [ -106.320464778079625, 31.601743548512239 ], [ -106.31992578890916, 31.601743548512239 ], [ -106.31992578890916, 31.601204559341767 ], [ -106.31965629432392, 31.601204559341767 ], [ -106.31965629432392, 31.600396075586058 ], [ -106.319117305153455, 31.600396075586058 ], [ -106.319117305153455, 31.59958759183035 ], [ -106.31965629432392, 31.59958759183035 ], [ -106.31965629432392, 31.600126581000822 ], [ -106.31992578890916, 31.600126581000822 ], [ -106.31992578890916, 31.600665570171294 ], [ -106.320464778079625, 31.600665570171294 ], [ -106.320464778079625, 31.600396075586058 ], [ -106.320734272664865, 31.600396075586058 ], [ -106.320734272664865, 31.600665570171294 ], [ -106.321003767250104, 31.600665570171294 ], [ -106.321003767250104, 31.602282537682708 ] ] ] ] } },
{ "type": "Feature", "properties": { "ZONA_MET": "Ju_rez", "INTENSIDAD": "Intensa", "T_PROM_POL": 3.0, "T_MIN_CIUD": 1.0, "DIF_TERMIC": 2.0 }, "geometry": { "type": "MultiPolygon", "coordinates": [ [ [ [ -106.480005572539255, 31.600665570171294 ], [ -106.47919708878355, 31.600665570171294 ], [ -106.47919708878355, 31.600396075586058 ], [ -106.478927594198311, 31.600396075586058 ], [ -106.478927594198311, 31.59958759183035 ], [ -106.478388605027845, 31.59958759183035 ], [ -106.478388605027845, 31.600126581000822 ], [ -106.478119110442606, 31.600126581000822 ], [ -106.478119110442606, 31.59958759183035 ], [ -106.477849615857366, 31.59958759183035 ], [ -106.477849615857366, 31.599048602659881 ], [ -106.478927594198311, 31.599048602659881 ], [ -106.478927594198311, 31.599318097245114 ], [ -106.47919708878355, 31.599318097245114 ], [ -106.47919708878355, 31.59958759183035 ], [ -106.480005572539255, 31.59958759183035 ], [ -106.480005572539255, 31.599857086415586 ], [ -106.480275067124495, 31.599857086415586 ], [ -106.480275067124495, 31.600396075586058 ], [ -106.480005572539255, 31.600396075586058 ], [ -106.480005572539255, 31.600665570171294 ] ] ] ] } },
{ "type": "Feature", "properties": { "ZONA_MET": "Ju_rez", "INTENSIDAD": "Intensa", "T_PROM_POL": 3.0, "T_MIN_CIUD": 1.0, "DIF_TERMIC": 2.0 }, "geometry": { "type": "MultiPolygon", "coordinates": [ [ [ [ -106.339329399046136, 31.600396075586058 ], [ -106.338520915290431, 31.600396075586058 ], [ -106.338520915290431, 31.600126581000822 ], [ -106.338251420705191, 31.600126581000822 ], [ -106.338251420705191, 31.59958759183035 ], [ -106.338790409875671, 31.59958759183035 ], [ -106.338790409875671, 31.600126581000822 ], [ -106.339059904460896, 31.600126581000822 ], [ -106.339059904460896, 31.599857086415586 ], [ -106.339329399046136, 31.599857086415586 ], [ -106.339329399046136, 31.59958759183035 ], [ -106.339868388216615, 31.59958759183035 ], [ -106.339868388216615, 31.599318097245114 ], [ -106.342024344898491, 31.599318097245114 ], [ -106.342024344898491, 31.599048602659881 ], [ -106.343102323239435, 31.599048602659881 ], [ -106.343102323239435, 31.599318097245114 ], [ -106.34283282865421, 31.599318097245114 ], [ -106.34283282865421, 31.59958759183035 ], [ -106.341754850313265, 31.59958759183035 ], [ -106.341754850313265, 31.599857086415586 ], [ -106.341485355728025, 31.599857086415586 ], [ -106.341485355728025, 31.59958759183035 ], [ -106.34094636655756, 31.59958759183035 ], [ -106.34094636655756, 31.599857086415586 ], [ -106.340407377387081, 31.599857086415586 ], [ -106.340407377387081, 31.600126581000822 ], [ -106.339329399046136, 31.600126581000822 ], [ -106.339329399046136, 31.600396075586058 ] ] ] ] } },
{ "type": "Feature", "properties": { "ZONA_MET": "Ju_rez", "INTENSIDAD": "Intensa", "T_PROM_POL": 3.0, "T_MIN_CIUD": 1.0, "DIF_TERMIC": 2.0 }, "geometry": { "type": "MultiPolygon", "coordinates": [ [ [ [ -106.31776983222727, 31.604707988949833 ], [ -106.317230843056805, 31.604707988949833 ], [ -106.317230843056805, 31.604438494364597 ], [ -106.316961348471565, 31.604438494364597 ], [ -106.316961348471565, 31.603899505194125 ], [ -106.316691853886326, 31.603899505194125 ], [ -106.316691853886326, 31.604168999779361 ], [ -106.315883370130621, 31.604168999779361 ], [ -106.315883370130621, 31.604707988949833 ], [ -106.315613875545381, 31.604707988949833 ], [ -106.315613875545381, 31.603899505194125 ], [ -106.315074886374916, 31.603899505194125 ], [ -106.315074886374916, 31.603630010608889 ], [ -106.317230843056805, 31.603630010608889 ], [ -106.317230843056805, 31.603091021438416 ], [ -106.31776983222727, 31.603091021438416 ], [ -106.31776983222727, 31.60282152685318 ], [ -106.317500337642031, 31.60282152685318 ], [ -106.317500337642031, 31.602552032267944 ], [ -106.317230843056805, 31.602552032267944 ], [ -106.317230843056805, 31.602282537682708 ], [ -106.316961348471565, 31.602282537682708 ], [ -106.316961348471565, 31.602013043097475 ], [ -106.316422359301086, 31.602013043097475 ], [ -106.316422359301086, 31.601743548512239 ], [ -106.31615286471586, 31.601743548512239 ], [ -106.31615286471586, 31.601474053927003 ], [ -106.316422359301086, 31.601474053927003 ], [ -106.316422359301086, 31.601204559341767 ], [ -106.31776983222727, 31.601204559341767 ], [ -106.31776983222727, 31.600665570171294 ], [ -106.31803932681251, 31.600665570171294 ], [ -106.31803932681251, 31.600126581000822 ], [ -106.318308821397736, 31.600126581000822 ], [ -106.318308821397736, 31.599857086415586 ], [ -106.31803932681251, 31.599857086415586 ], [ -106.31803932681251, 31.599318097245114 ], [ -106.31776983222727, 31.599318097245114 ], [ -106.31776983222727, 31.598779108074645 ], [ -106.31803932681251, 31.598779108074645 ], [ -106.31803932681251, 31.599048602659881 ], [ -106.319117305153455, 31.599048602659881 ], [ -106.319117305153455, 31.59958759183035 ], [ -106.318847810568215, 31.59958759183035 ], [ -106.318847810568215, 31.600126581000822 ], [ -106.318578315982975, 31.600126581000822 ], [ -106.318578315982975, 31.600665570171294 ], [ -106.318847810568215, 31.600665570171294 ], [ -106.318847810568215, 31.600935064756531 ], [ -106.318308821397736, 31.600935064756531 ], [ -106.318308821397736, 31.601204559341767 ], [ -106.318847810568215, 31.601204559341767 ], [ -106.318847810568215, 31.601474053927003 ], [ -106.318578315982975, 31.601474053927003 ], [ -106.318578315982975, 31.602013043097475 ], [ -106.31938679973868, 31.602013043097475 ], [ -106.31938679973868, 31.602282537682708 ], [ -106.31992578890916, 31.602282537682708 ], [ -106.31992578890916, 31.602013043097475 ], [ -106.3201952834944, 31.602013043097475 ], [ -106.3201952834944, 31.602282537682708 ], [ -106.320734272664865, 31.602282537682708 ], [ -106.320734272664865, 31.603360516023653 ], [ -106.320464778079625, 31.603360516023653 ], [ -106.320464778079625, 31.603630010608889 ], [ -106.31965629432392, 31.603630010608889 ], [ -106.31965629432392, 31.603091021438416 ], [ -106.31938679973868, 31.603091021438416 ], [ -106.31938679973868, 31.602552032267944 ], [ -106.319117305153455, 31.602552032267944 ], [ -106.319117305153455, 31.603091021438416 ], [ -106.318847810568215, 31.603091021438416 ], [ -106.318847810568215, 31.603360516023653 ], [ -106.31938679973868, 31.603360516023653 ], [ -106.31938679973868, 31.603899505194125 ], [ -106.319117305153455, 31.603899505194125 ], [ -106.319117305153455, 31.603630010608889 ], [ -106.318847810568215, 31.603630010608889 ], [ -106.318847810568215, 31.604168999779361 ], [ -106.318578315982975, 31.604168999779361 ], [ -106.318578315982975, 31.603899505194125 ], [ -106.31803932681251, 31.603899505194125 ], [ -106.31803932681251, 31.604438494364597 ], [ -106.31776983222727, 31.604438494364597 ], [ -106.31776983222727, 31.604707988949833 ] ], [ [ -106.31803932681251, 31.603899505194125 ], [ -106.31803932681251, 31.603630010608889 ], [ -106.318578315982975, 31.603630010608889 ], [ -106.318578315982975, 31.603360516023653 ], [ -106.31776983222727, 31.603360516023653 ], [ -106.31776983222727, 31.603899505194125 ], [ -106.31803932681251, 31.603899505194125 ] ], [ [ -106.317500337642031, 31.603899505194125 ], [ -106.317500337642031, 31.603630010608889 ], [ -106.317230843056805, 31.603630010608889 ], [ -106.317230843056805, 31.603899505194125 ], [ -106.317500337642031, 31.603899505194125 ] ], [ [ -106.31776983222727, 31.602552032267944 ], [ -106.31776983222727, 31.602282537682708 ], [ -106.31803932681251, 31.602282537682708 ], [ -106.31803932681251, 31.602013043097475 ], [ -106.317500337642031, 31.602013043097475 ], [ -106.317500337642031, 31.602552032267944 ], [ -106.31776983222727, 31.602552032267944 ] ], [ [ -106.31803932681251, 31.601474053927003 ], [ -106.31803932681251, 31.601204559341767 ], [ -106.31776983222727, 31.601204559341767 ], [ -106.31776983222727, 31.601474053927003 ], [ -106.31803932681251, 31.601474053927003 ] ] ] ] } },
{ "type": "Feature", "properties": { "ZONA_MET": "Ju_rez", "INTENSIDAD": "Intensa", "T_PROM_POL": 3.0, "T_MIN_CIUD": 1.0, "DIF_TERMIC": 2.0 }, "geometry": { "type": "MultiPolygon", "coordinates": [ [ [ [ -106.322890229346754, 31.600126581000822 ], [ -106.322351240176275, 31.600126581000822 ], [ -106.322351240176275, 31.599857086415586 ], [ -106.322081745591049, 31.599857086415586 ], [ -106.322081745591049, 31.599318097245114 ], [ -106.321812251005809, 31.599318097245114 ], [ -106.321812251005809, 31.598779108074645 ], [ -106.322081745591049, 31.598779108074645 ], [ -106.322081745591049, 31.599048602659881 ], [ -106.323159723931994, 31.599048602659881 ], [ -106.323159723931994, 31.598509613489409 ], [ -106.323698713102459, 31.598509613489409 ], [ -106.323698713102459, 31.598779108074645 ], [ -106.323429218517219, 31.598779108074645 ], [ -106.323429218517219, 31.599318097245114 ], [ -106.323159723931994, 31.599318097245114 ], [ -106.323159723931994, 31.599857086415586 ], [ -106.322890229346754, 31.599857086415586 ], [ -106.322890229346754, 31.600126581000822 ] ] ] ] } },
{ "type": "Feature", "properties": { "ZONA_MET": "Ju_rez", "INTENSIDAD": "Extrema", "T_PROM_POL": 3.0, "T_MIN_CIUD": 1.0, "DIF_TERMIC": 2.0 }, "geometry": { "type": "MultiPolygon", "coordinates": [ [ [ [ -106.283544019902322, 31.598509613489409 ], [ -106.283274525317083, 31.598509613489409 ], [ -106.283274525317083, 31.596623151392755 ], [ -106.283544019902322, 31.596623151392755 ], [ -106.283544019902322, 31.596084162222287 ], [ -106.283813514487548, 31.596084162222287 ], [ -106.283813514487548, 31.596353656807519 ], [ -106.284083009072788, 31.596353656807519 ], [ -106.284083009072788, 31.596892645977992 ], [ -106.284352503658027, 31.596892645977992 ], [ -106.284352503658027, 31.597162140563228 ], [ -106.284083009072788, 31.597162140563228 ], [ -106.284083009072788, 31.597431635148464 ], [ -106.283813514487548, 31.597431635148464 ], [ -106.283813514487548, 31.597970624318936 ], [ -106.283544019902322, 31.597970624318936 ], [ -106.283544019902322, 31.598509613489409 ] ], [ [ -106.283813514487548, 31.597431635148464 ], [ -106.283813514487548, 31.597162140563228 ], [ -106.283544019902322, 31.597162140563228 ], [ -106.283544019902322, 31.597431635148464 ], [ -106.283813514487548, 31.597431635148464 ] ] ] ] } },
{ "type": "Feature", "properties": { "ZONA_MET": "Ju_rez", "INTENSIDAD": "Intensa", "T_PROM_POL": 3.0, "T_MIN_CIUD": 1.0, "DIF_TERMIC": 2.0 }, "geometry": { "type": "MultiPolygon", "coordinates": [ [ [ [ -106.461949435328449, 31.59958759183035 ], [ -106.461410446157984, 31.59958759183035 ], [ -106.461410446157984, 31.598779108074645 ], [ -106.461140951572744, 31.598779108074645 ], [ -106.461140951572744, 31.598240118904172 ], [ -106.460871456987505, 31.598240118904172 ], [ -106.460871456987505, 31.597970624318936 ], [ -106.461410446157984, 31.597970624318936 ], [ -106.461410446157984, 31.597162140563228 ], [ -106.461949435328449, 31.597162140563228 ], [ -106.461949435328449, 31.596084162222287 ], [ -106.462218929913689, 31.596084162222287 ], [ -106.462218929913689, 31.595006183881342 ], [ -106.462488424498929, 31.595006183881342 ], [ -106.462488424498929, 31.595275678466578 ], [ -106.462757919084154, 31.595275678466578 ], [ -106.462757919084154, 31.596084162222287 ], [ -106.462488424498929, 31.596084162222287 ], [ -106.462488424498929, 31.596892645977992 ], [ -106.462218929913689, 31.596892645977992 ], [ -106.462218929913689, 31.597970624318936 ], [ -106.461949435328449, 31.597970624318936 ], [ -106.461949435328449, 31.599048602659881 ], [ -106.461679940743224, 31.599048602659881 ], [ -106.461679940743224, 31.599318097245114 ], [ -106.461949435328449, 31.599318097245114 ], [ -106.461949435328449, 31.59958759183035 ] ] ] ] } },
{ "type": "Feature", "properties": { "ZONA_MET": "Ju_rez", "INTENSIDAD": "Intensa", "T_PROM_POL": 3.0, "T_MIN_CIUD": 1.0, "DIF_TERMIC": 2.0 }, "geometry": { "type": "MultiPolygon", "coordinates": [ [ [ [ -106.456829038208966, 31.595275678466578 ], [ -106.456020554453261, 31.595275678466578 ], [ -106.456020554453261, 31.595006183881342 ], [ -106.4562900490385, 31.595006183881342 ], [ -106.4562900490385, 31.594197700125633 ], [ -106.45655954362374, 31.594197700125633 ], [ -106.45655954362374, 31.593928205540397 ], [ -106.457098532794205, 31.593928205540397 ], [ -106.457098532794205, 31.595006183881342 ], [ -106.456829038208966, 31.595006183881342 ], [ -106.456829038208966, 31.595275678466578 ] ] ] ] } },
{ "type": "Feature", "properties": { "ZONA_MET": "Ju_rez", "INTENSIDAD": "Intensa", "T_PROM_POL": 3.0, "T_MIN_CIUD": 1.0, "DIF_TERMIC": 2.0 }, "geometry": { "type": "MultiPolygon", "coordinates": [ [ [ [ -106.452786619430441, 31.596353656807519 ], [ -106.452517124845201, 31.596353656807519 ], [ -106.452517124845201, 31.595545173051814 ], [ -106.452247630259961, 31.595545173051814 ], [ -106.452247630259961, 31.59581466763705 ], [ -106.451708641089496, 31.59581466763705 ], [ -106.451708641089496, 31.595545173051814 ], [ -106.451439146504256, 31.595545173051814 ], [ -106.451439146504256, 31.595006183881342 ], [ -106.451169651919017, 31.595006183881342 ], [ -106.451169651919017, 31.594736689296106 ], [ -106.450900157333777, 31.594736689296106 ], [ -106.450900157333777, 31.593658710955161 ], [ -106.451169651919017, 31.593658710955161 ], [ -106.451169651919017, 31.593928205540397 ], [ -106.451708641089496, 31.593928205540397 ], [ -106.451708641089496, 31.593658710955161 ], [ -106.452517124845201, 31.593658710955161 ], [ -106.452517124845201, 31.593928205540397 ], [ -106.452786619430441, 31.593928205540397 ], [ -106.452786619430441, 31.593389216369925 ], [ -106.453595103186146, 31.593389216369925 ], [ -106.453595103186146, 31.593658710955161 ], [ -106.453325608600906, 31.593658710955161 ], [ -106.453325608600906, 31.593928205540397 ], [ -106.453056114015666, 31.593928205540397 ], [ -106.453056114015666, 31.594197700125633 ], [ -106.452786619430441, 31.594197700125633 ], [ -106.452786619430441, 31.59446719471087 ], [ -106.452517124845201, 31.59446719471087 ], [ -106.452517124845201, 31.594736689296106 ], [ -106.452247630259961, 31.594736689296106 ], [ -106.452247630259961, 31.595275678466578 ], [ -106.453056114015666, 31.595275678466578 ], [ -106.453056114015666, 31.59581466763705 ], [ -106.453595103186146, 31.59581466763705 ], [ -106.453595103186146, 31.596084162222287 ], [ -106.452786619430441, 31.596084162222287 ], [ -106.452786619430441, 31.596353656807519 ] ], [ [ -106.451978135674722, 31.595545173051814 ], [ -106.451978135674722, 31.595275678466578 ], [ -106.451708641089496, 31.595275678466578 ], [ -106.451708641089496, 31.595545173051814 ], [ -106.451978135674722, 31.595545173051814 ] ] ] ] } },
{ "type": "Feature", "properties": { "ZONA_MET": "Ju_rez", "INTENSIDAD": "Intensa", "T_PROM_POL": 3.0, "T_MIN_CIUD": 1.0, "DIF_TERMIC": 2.0 }, "geometry": { "type": "MultiPolygon", "coordinates": [ [ [ [ -106.315883370130621, 31.593928205540397 ], [ -106.315613875545381, 31.593928205540397 ], [ -106.315613875545381, 31.593658710955161 ], [ -106.315344380960141, 31.593658710955161 ], [ -106.315344380960141, 31.593389216369925 ], [ -106.315074886374916, 31.593389216369925 ], [ -106.315074886374916, 31.593119721784689 ], [ -106.315613875545381, 31.593119721784689 ], [ -106.315613875545381, 31.592850227199456 ], [ -106.315883370130621, 31.592850227199456 ], [ -106.315883370130621, 31.593389216369925 ], [ -106.31615286471586, 31.593389216369925 ], [ -106.31615286471586, 31.592850227199456 ], [ -106.317230843056805, 31.592850227199456 ], [ -106.317230843056805, 31.593119721784689 ], [ -106.316961348471565, 31.593119721784689 ], [ -106.316961348471565, 31.593389216369925 ], [ -106.316422359301086, 31.593389216369925 ], [ -106.316422359301086, 31.593658710955161 ], [ -106.315883370130621, 31.593658710955161 ], [ -106.315883370130621, 31.593928205540397 ] ] ] ] } },
{ "type": "Feature", "properties": { "ZONA_MET": "Ju_rez", "INTENSIDAD": "Intensa", "T_PROM_POL": 3.0, "T_MIN_CIUD": 1.0, "DIF_TERMIC": 2.0 }, "geometry": { "type": "MultiPolygon", "coordinates": [ [ [ [ -106.455212070697556, 31.593389216369925 ], [ -106.454942576112316, 31.593389216369925 ], [ -106.454942576112316, 31.593119721784689 ], [ -106.454403586941851, 31.593119721784689 ], [ -106.454403586941851, 31.593389216369925 ], [ -106.453595103186146, 31.593389216369925 ], [ -106.453595103186146, 31.593119721784689 ], [ -106.453864597771371, 31.593119721784689 ], [ -106.453864597771371, 31.592850227199456 ], [ -106.453325608600906, 31.592850227199456 ], [ -106.453325608600906, 31.59258073261422 ], [ -106.453595103186146, 31.59258073261422 ], [ -106.453595103186146, 31.592311238028984 ], [ -106.454403586941851, 31.592311238028984 ], [ -106.454403586941851, 31.59258073261422 ], [ -106.455212070697556, 31.59258073261422 ], [ -106.455212070697556, 31.592850227199456 ], [ -106.455481565282795, 31.592850227199456 ], [ -106.455481565282795, 31.593119721784689 ], [ -106.455212070697556, 31.593119721784689 ], [ -106.455212070697556, 31.593389216369925 ] ] ] ] } },
{ "type": "Feature", "properties": { "ZONA_MET": "Ju_rez", "INTENSIDAD": "Intensa", "T_PROM_POL": 3.0, "T_MIN_CIUD": 1.0, "DIF_TERMIC": 2.0 }, "geometry": { "type": "MultiPolygon", "coordinates": [ [ [ [ -106.312379940522547, 31.593119721784689 ], [ -106.312110445937321, 31.593119721784689 ], [ -106.312110445937321, 31.592850227199456 ], [ -106.311571456766842, 31.592850227199456 ], [ -106.311571456766842, 31.592311238028984 ], [ -106.311301962181616, 31.592311238028984 ], [ -106.311301962181616, 31.592041743443747 ], [ -106.311032467596377, 31.592041743443747 ], [ -106.311032467596377, 31.591502754273275 ], [ -106.310762973011137, 31.591502754273275 ], [ -106.310762973011137, 31.591772248858511 ], [ -106.310223983840672, 31.591772248858511 ], [ -106.310223983840672, 31.592041743443747 ], [ -106.309954489255432, 31.592041743443747 ], [ -106.309954489255432, 31.592311238028984 ], [ -106.309415500084953, 31.592311238028984 ], [ -106.309415500084953, 31.592041743443747 ], [ -106.308876510914487, 31.592041743443747 ], [ -106.308876510914487, 31.591772248858511 ], [ -106.308607016329248, 31.591772248858511 ], [ -106.308607016329248, 31.591502754273275 ], [ -106.309415500084953, 31.591502754273275 ], [ -106.309415500084953, 31.590963765102803 ], [ -106.309684994670192, 31.590963765102803 ], [ -106.309684994670192, 31.590694270517567 ], [ -106.309954489255432, 31.590694270517567 ], [ -106.309954489255432, 31.59042477593233 ], [ -106.310762973011137, 31.59042477593233 ], [ -106.310762973011137, 31.590155281347094 ], [ -106.311032467596377, 31.590155281347094 ], [ -106.311032467596377, 31.589885786761862 ], [ -106.311571456766842, 31.589885786761862 ], [ -106.311571456766842, 31.590155281347094 ], [ -106.311301962181616, 31.590155281347094 ], [ -106.311301962181616, 31.59042477593233 ], [ -106.311032467596377, 31.59042477593233 ], [ -106.311032467596377, 31.590694270517567 ], [ -106.310762973011137, 31.590694270517567 ], [ -106.310762973011137, 31.591233259688039 ], [ -106.311301962181616, 31.591233259688039 ], [ -106.311301962181616, 31.591502754273275 ], [ -106.311571456766842, 31.591502754273275 ], [ -106.311571456766842, 31.591772248858511 ], [ -106.312110445937321, 31.591772248858511 ], [ -106.312110445937321, 31.592041743443747 ], [ -106.312379940522547, 31.592041743443747 ], [ -106.312379940522547, 31.592311238028984 ], [ -106.312649435107787, 31.592311238028984 ], [ -106.312649435107787, 31.59258073261422 ], [ -106.312379940522547, 31.59258073261422 ], [ -106.312379940522547, 31.593119721784689 ] ] ] ] } },
{ "type": "Feature", "properties": { "ZONA_MET": "Ju_rez", "INTENSIDAD": "Extrema", "T_PROM_POL": 3.0, "T_MIN_CIUD": 1.0, "DIF_TERMIC": 2.0 }, "geometry": { "type": "MultiPolygon", "coordinates": [ [ [ [ -106.309684994670192, 31.590963765102803 ], [ -106.308337521744022, 31.590963765102803 ], [ -106.308337521744022, 31.590694270517567 ], [ -106.308607016329248, 31.590694270517567 ], [ -106.308607016329248, 31.59042477593233 ], [ -106.309415500084953, 31.59042477593233 ], [ -106.309415500084953, 31.590155281347094 ], [ -106.310223983840672, 31.590155281347094 ], [ -106.310223983840672, 31.589885786761862 ], [ -106.310762973011137, 31.589885786761862 ], [ -106.310762973011137, 31.590155281347094 ], [ -106.310493478425897, 31.590155281347094 ], [ -106.310493478425897, 31.59042477593233 ], [ -106.309684994670192, 31.59042477593233 ], [ -106.309684994670192, 31.590963765102803 ] ] ] ] } },
{ "type": "Feature", "properties": { "ZONA_MET": "Ju_rez", "INTENSIDAD": "Extrema", "T_PROM_POL": 3.0, "T_MIN_CIUD": 1.0, "DIF_TERMIC": 2.0 }, "geometry": { "type": "MultiPolygon", "coordinates": [ [ [ [ -106.307798532573543, 31.591772248858511 ], [ -106.306990048817838, 31.591772248858511 ], [ -106.306990048817838, 31.591502754273275 ], [ -106.306720554232598, 31.591502754273275 ], [ -106.306720554232598, 31.591772248858511 ], [ -106.305912070476893, 31.591772248858511 ], [ -106.305912070476893, 31.591502754273275 ], [ -106.306451059647358, 31.591502754273275 ], [ -106.306451059647358, 31.591233259688039 ], [ -106.306720554232598, 31.591233259688039 ], [ -106.306720554232598, 31.590694270517567 ], [ -106.306451059647358, 31.590694270517567 ], [ -106.306451059647358, 31.589885786761862 ], [ -106.306990048817838, 31.589885786761862 ], [ -106.306990048817838, 31.589616292176625 ], [ -106.307259543403077, 31.589616292176625 ], [ -106.307259543403077, 31.59042477593233 ], [ -106.306990048817838, 31.59042477593233 ], [ -106.306990048817838, 31.590694270517567 ], [ -106.307259543403077, 31.590694270517567 ], [ -106.307259543403077, 31.590963765102803 ], [ -106.307798532573543, 31.590963765102803 ], [ -106.307798532573543, 31.590694270517567 ], [ -106.308068027158782, 31.590694270517567 ], [ -106.308068027158782, 31.591233259688039 ], [ -106.307798532573543, 31.591233259688039 ], [ -106.307798532573543, 31.591772248858511 ] ], [ [ -106.307259543403077, 31.591233259688039 ], [ -106.307259543403077, 31.590963765102803 ], [ -106.306990048817838, 31.590963765102803 ], [ -106.306990048817838, 31.591233259688039 ], [ -106.307259543403077, 31.591233259688039 ] ], [ [ -106.306990048817838, 31.59042477593233 ], [ -106.306990048817838, 31.590155281347094 ], [ -106.306720554232598, 31.590155281347094 ], [ -106.306720554232598, 31.59042477593233 ], [ -106.306990048817838, 31.59042477593233 ] ] ] ] } },
{ "type": "Feature", "properties": { "ZONA_MET": "Ju_rez", "INTENSIDAD": "Intensa", "T_PROM_POL": 3.0, "T_MIN_CIUD": 1.0, "DIF_TERMIC": 2.0 }, "geometry": { "type": "MultiPolygon", "coordinates": [ [ [ [ -106.357924525427407, 31.590963765102803 ], [ -106.357385536256942, 31.590963765102803 ], [ -106.357385536256942, 31.590694270517567 ], [ -106.356846547086462, 31.590694270517567 ], [ -106.356846547086462, 31.59042477593233 ], [ -106.356577052501237, 31.59042477593233 ], [ -106.356577052501237, 31.590155281347094 ], [ -106.357116041671702, 31.590155281347094 ], [ -106.357116041671702, 31.59042477593233 ], [ -106.357385536256942, 31.59042477593233 ], [ -106.357385536256942, 31.589885786761862 ], [ -106.357924525427407, 31.589885786761862 ], [ -106.357924525427407, 31.589616292176625 ], [ -106.358463514597887, 31.589616292176625 ], [ -106.358463514597887, 31.589885786761862 ], [ -106.358194020012647, 31.589885786761862 ], [ -106.358194020012647, 31.590155281347094 ], [ -106.358463514597887, 31.590155281347094 ], [ -106.358463514597887, 31.59042477593233 ], [ -106.358194020012647, 31.59042477593233 ], [ -106.358194020012647, 31.590694270517567 ], [ -106.357924525427407, 31.590694270517567 ], [ -106.357924525427407, 31.590963765102803 ] ], [ [ -106.357924525427407, 31.590694270517567 ], [ -106.357924525427407, 31.59042477593233 ], [ -106.357655030842182, 31.59042477593233 ], [ -106.357655030842182, 31.590694270517567 ], [ -106.357924525427407, 31.590694270517567 ] ] ] ] } },
{ "type": "Feature", "properties": { "ZONA_MET": "Ju_rez", "INTENSIDAD": "Intensa", "T_PROM_POL": 3.0, "T_MIN_CIUD": 1.0, "DIF_TERMIC": 2.0 }, "geometry": { "type": "MultiPolygon", "coordinates": [ [ [ [ -106.354690590404587, 31.590694270517567 ], [ -106.354421095819347, 31.590694270517567 ], [ -106.354421095819347, 31.59042477593233 ], [ -106.354151601234108, 31.59042477593233 ], [ -106.354151601234108, 31.590155281347094 ], [ -106.354421095819347, 31.590155281347094 ], [ -106.354421095819347, 31.589885786761862 ], [ -106.354690590404587, 31.589885786761862 ], [ -106.354690590404587, 31.589616292176625 ], [ -106.355229579575052, 31.589616292176625 ], [ -106.355229579575052, 31.589346797591389 ], [ -106.355499074160292, 31.589346797591389 ], [ -106.355499074160292, 31.589077303006153 ], [ -106.355768568745532, 31.589077303006153 ], [ -106.355768568745532, 31.589885786761862 ], [ -106.356038063330757, 31.589885786761862 ], [ -106.356038063330757, 31.589616292176625 ], [ -106.356307557915997, 31.589616292176625 ], [ -106.356307557915997, 31.590155281347094 ], [ -106.355499074160292, 31.590155281347094 ], [ -106.355499074160292, 31.589885786761862 ], [ -106.354960084989813, 31.589885786761862 ], [ -106.354960084989813, 31.59042477593233 ], [ -106.354690590404587, 31.59042477593233 ], [ -106.354690590404587, 31.590694270517567 ] ] ] ] } },
{ "type": "Feature", "properties": { "ZONA_MET": "Ju_rez", "INTENSIDAD": "Intensa", "T_PROM_POL": 3.0, "T_MIN_CIUD": 1.0, "DIF_TERMIC": 2.0 }, "geometry": { "type": "MultiPolygon", "coordinates": [ [ [ [ -106.316422359301086, 31.589885786761862 ], [ -106.31615286471586, 31.589885786761862 ], [ -106.31615286471586, 31.589616292176625 ], [ -106.315344380960141, 31.589616292176625 ], [ -106.315344380960141, 31.589346797591389 ], [ -106.313457918863492, 31.589346797591389 ], [ -106.313457918863492, 31.589077303006153 ], [ -106.316422359301086, 31.589077303006153 ], [ -106.316422359301086, 31.588807808420917 ], [ -106.317500337642031, 31.588807808420917 ], [ -106.317500337642031, 31.589077303006153 ], [ -106.316961348471565, 31.589077303006153 ], [ -106.316961348471565, 31.589346797591389 ], [ -106.316422359301086, 31.589346797591389 ], [ -106.316422359301086, 31.589885786761862 ] ] ] ] } },
{ "type": "Feature", "properties": { "ZONA_MET": "Ju_rez", "INTENSIDAD": "Intensa", "T_PROM_POL": 3.0, "T_MIN_CIUD": 1.0, "DIF_TERMIC": 2.0 }, "geometry": { "type": "MultiPolygon", "coordinates": [ [ [ [ -106.45871550030563, 31.592041743443747 ], [ -106.45844600572039, 31.592041743443747 ], [ -106.45844600572039, 31.591502754273275 ], [ -106.45871550030563, 31.591502754273275 ], [ -106.45871550030563, 31.591233259688039 ], [ -106.45844600572039, 31.591233259688039 ], [ -106.45844600572039, 31.590963765102803 ], [ -106.45817651113515, 31.590963765102803 ], [ -106.45817651113515, 31.590694270517567 ], [ -106.45790701654991, 31.590694270517567 ], [ -106.45790701654991, 31.59042477593233 ], [ -106.457637521964685, 31.59042477593233 ], [ -106.457637521964685, 31.589616292176625 ], [ -106.457368027379445, 31.589616292176625 ], [ -106.457368027379445, 31.588538313835681 ], [ -106.457637521964685, 31.588538313835681 ], [ -106.457637521964685, 31.588807808420917 ], [ -106.45790701654991, 31.588807808420917 ], [ -106.45790701654991, 31.589346797591389 ], [ -106.45817651113515, 31.589346797591389 ], [ -106.45817651113515, 31.589077303006153 ], [ -106.459254489476095, 31.589077303006153 ], [ -106.459254489476095, 31.589346797591389 ], [ -106.459523984061335, 31.589346797591389 ], [ -106.459523984061335, 31.589616292176625 ], [ -106.459254489476095, 31.589616292176625 ], [ -106.459254489476095, 31.591233259688039 ], [ -106.458984994890855, 31.591233259688039 ], [ -106.458984994890855, 31.591772248858511 ], [ -106.45871550030563, 31.591772248858511 ], [ -106.45871550030563, 31.592041743443747 ] ] ] ] } },
{ "type": "Feature", "properties": { "ZONA_MET": "Ju_rez", "INTENSIDAD": "Intensa", "T_PROM_POL": 3.0, "T_MIN_CIUD": 1.0, "DIF_TERMIC": 2.0 }, "geometry": { "type": "MultiPolygon", "coordinates": [ [ [ [ -106.338251420705191, 31.590963765102803 ], [ -106.337442936949486, 31.590963765102803 ], [ -106.337442936949486, 31.590694270517567 ], [ -106.337712431534726, 31.590694270517567 ], [ -106.337712431534726, 31.59042477593233 ], [ -106.337442936949486, 31.59042477593233 ], [ -106.337442936949486, 31.589885786761862 ], [ -106.337173442364247, 31.589885786761862 ], [ -106.337173442364247, 31.589616292176625 ], [ -106.336903947779021, 31.589616292176625 ], [ -106.336903947779021, 31.589885786761862 ], [ -106.336634453193781, 31.589885786761862 ], [ -106.336634453193781, 31.589616292176625 ], [ -106.335556474852837, 31.589616292176625 ], [ -106.335556474852837, 31.589077303006153 ], [ -106.336634453193781, 31.589077303006153 ], [ -106.336634453193781, 31.588807808420917 ], [ -106.337173442364247, 31.588807808420917 ], [ -106.337173442364247, 31.588538313835681 ], [ -106.337712431534726, 31.588538313835681 ], [ -106.337712431534726, 31.588268819250445 ], [ -106.338790409875671, 31.588268819250445 ], [ -106.338790409875671, 31.588538313835681 ], [ -106.339059904460896, 31.588538313835681 ], [ -106.339059904460896, 31.588807808420917 ], [ -106.339329399046136, 31.588807808420917 ], [ -106.339329399046136, 31.589077303006153 ], [ -106.339598893631376, 31.589077303006153 ], [ -106.339598893631376, 31.589346797591389 ], [ -106.339868388216615, 31.589346797591389 ], [ -106.339868388216615, 31.589616292176625 ], [ -106.338251420705191, 31.589616292176625 ], [ -106.338251420705191, 31.589885786761862 ], [ -106.338520915290431, 31.589885786761862 ], [ -106.338520915290431, 31.590155281347094 ], [ -106.339059904460896, 31.590155281347094 ], [ -106.339059904460896, 31.59042477593233 ], [ -106.338790409875671, 31.59042477593233 ], [ -106.338790409875671, 31.590694270517567 ], [ -106.338251420705191, 31.590694270517567 ], [ -106.338251420705191, 31.590963765102803 ] ], [ [ -106.337442936949486, 31.589616292176625 ], [ -106.337442936949486, 31.589077303006153 ], [ -106.337173442364247, 31.589077303006153 ], [ -106.337173442364247, 31.589616292176625 ], [ -106.337442936949486, 31.589616292176625 ] ] ] ] } },
{ "type": "Feature", "properties": { "ZONA_MET": "Ju_rez", "INTENSIDAD": "Intensa", "T_PROM_POL": 3.0, "T_MIN_CIUD": 1.0, "DIF_TERMIC": 2.0 }, "geometry": { "type": "MultiPolygon", "coordinates": [ [ [ [ -106.327471637295758, 31.589616292176625 ], [ -106.325854669784349, 31.589616292176625 ], [ -106.325854669784349, 31.589346797591389 ], [ -106.327202142710519, 31.589346797591389 ], [ -106.327202142710519, 31.588807808420917 ], [ -106.327741131880998, 31.588807808420917 ], [ -106.327741131880998, 31.588538313835681 ], [ -106.326932648125293, 31.588538313835681 ], [ -106.326932648125293, 31.588807808420917 ], [ -106.324776691443404, 31.588807808420917 ], [ -106.324776691443404, 31.588538313835681 ], [ -106.325046186028644, 31.588538313835681 ], [ -106.325046186028644, 31.588268819250445 ], [ -106.325585175199109, 31.588268819250445 ], [ -106.325585175199109, 31.588538313835681 ], [ -106.325854669784349, 31.588538313835681 ], [ -106.325854669784349, 31.588268819250445 ], [ -106.329627593977648, 31.588268819250445 ], [ -106.329627593977648, 31.589077303006153 ], [ -106.329358099392408, 31.589077303006153 ], [ -106.329358099392408, 31.589346797591389 ], [ -106.329088604807183, 31.589346797591389 ], [ -106.329088604807183, 31.589077303006153 ], [ -106.328819110221943, 31.589077303006153 ], [ -106.328819110221943, 31.589346797591389 ], [ -106.327471637295758, 31.589346797591389 ], [ -106.327471637295758, 31.589616292176625 ] ], [ [ -106.328819110221943, 31.589077303006153 ], [ -106.328819110221943, 31.588807808420917 ], [ -106.328280121051463, 31.588807808420917 ], [ -106.328280121051463, 31.589077303006153 ], [ -106.328819110221943, 31.589077303006153 ] ], [ [ -106.328280121051463, 31.588807808420917 ], [ -106.328280121051463, 31.588538313835681 ], [ -106.328010626466238, 31.588538313835681 ], [ -106.328010626466238, 31.588807808420917 ], [ -106.328280121051463, 31.588807808420917 ] ] ] ] } },
{ "type": "Feature", "properties": { "ZONA_MET": "Ju_rez", "INTENSIDAD": "Intensa", "T_PROM_POL": 3.0, "T_MIN_CIUD": 1.0, "DIF_TERMIC": 2.0 }, "geometry": { "type": "MultiPolygon", "coordinates": [ [ [ [ -106.463835897425099, 31.59042477593233 ], [ -106.463296908254634, 31.59042477593233 ], [ -106.463296908254634, 31.589885786761862 ], [ -106.463566402839874, 31.589885786761862 ], [ -106.463566402839874, 31.589077303006153 ], [ -106.463835897425099, 31.589077303006153 ], [ -106.463835897425099, 31.588538313835681 ], [ -106.464105392010339, 31.588538313835681 ], [ -106.464105392010339, 31.587999324665208 ], [ -106.464374886595579, 31.587999324665208 ], [ -106.464374886595579, 31.588807808420917 ], [ -106.464105392010339, 31.588807808420917 ], [ -106.464105392010339, 31.590155281347094 ], [ -106.463835897425099, 31.590155281347094 ], [ -106.463835897425099, 31.59042477593233 ] ] ] ] } },
{ "type": "Feature", "properties": { "ZONA_MET": "Ju_rez", "INTENSIDAD": "Extrema", "T_PROM_POL": 3.0, "T_MIN_CIUD": 1.0, "DIF_TERMIC": 2.0 }, "geometry": { "type": "MultiPolygon", "coordinates": [ [ [ [ -106.308876510914487, 31.588807808420917 ], [ -106.308607016329248, 31.588807808420917 ], [ -106.308607016329248, 31.588268819250445 ], [ -106.307529037988303, 31.588268819250445 ], [ -106.307529037988303, 31.587460335494736 ], [ -106.308068027158782, 31.587460335494736 ], [ -106.308068027158782, 31.587999324665208 ], [ -106.308337521744022, 31.587999324665208 ], [ -106.308337521744022, 31.587729830079972 ], [ -106.308876510914487, 31.587729830079972 ], [ -106.308876510914487, 31.587999324665208 ], [ -106.309146005499727, 31.587999324665208 ], [ -106.309146005499727, 31.588268819250445 ], [ -106.309415500084953, 31.588268819250445 ], [ -106.309415500084953, 31.588538313835681 ], [ -106.308876510914487, 31.588538313835681 ], [ -106.308876510914487, 31.588807808420917 ] ] ] ] } },
{ "type": "Feature", "properties": { "ZONA_MET": "Ju_rez", "INTENSIDAD": "Intensa", "T_PROM_POL": 3.0, "T_MIN_CIUD": 1.0, "DIF_TERMIC": 2.0 }, "geometry": { "type": "MultiPolygon", "coordinates": [ [ [ [ -106.339059904460896, 31.587460335494736 ], [ -106.337981926119966, 31.587460335494736 ], [ -106.337981926119966, 31.5871908409095 ], [ -106.338251420705191, 31.5871908409095 ], [ -106.338251420705191, 31.586651851739031 ], [ -106.337981926119966, 31.586651851739031 ], [ -106.337981926119966, 31.586382357153795 ], [ -106.337712431534726, 31.586382357153795 ], [ -106.337712431534726, 31.586112862568559 ], [ -106.338251420705191, 31.586112862568559 ], [ -106.338251420705191, 31.586382357153795 ], [ -106.338520915290431, 31.586382357153795 ], [ -106.338520915290431, 31.586112862568559 ], [ -106.338790409875671, 31.586112862568559 ], [ -106.338790409875671, 31.586651851739031 ], [ -106.339059904460896, 31.586651851739031 ], [ -106.339059904460896, 31.586921346324267 ], [ -106.339329399046136, 31.586921346324267 ], [ -106.339329399046136, 31.5871908409095 ], [ -106.339059904460896, 31.5871908409095 ], [ -106.339059904460896, 31.587460335494736 ] ] ] ] } },
{ "type": "Feature", "properties": { "ZONA_MET": "Ju_rez", "INTENSIDAD": "Intensa", "T_PROM_POL": 3.0, "T_MIN_CIUD": 1.0, "DIF_TERMIC": 2.0 }, "geometry": { "type": "MultiPolygon", "coordinates": [ [ [ [ -106.312649435107787, 31.589346797591389 ], [ -106.312379940522547, 31.589346797591389 ], [ -106.312379940522547, 31.588538313835681 ], [ -106.311840951352082, 31.588538313835681 ], [ -106.311840951352082, 31.589077303006153 ], [ -106.311571456766842, 31.589077303006153 ], [ -106.311571456766842, 31.588268819250445 ], [ -106.312110445937321, 31.588268819250445 ], [ -106.312110445937321, 31.587460335494736 ], [ -106.312379940522547, 31.587460335494736 ], [ -106.312379940522547, 31.5871908409095 ], [ -106.312649435107787, 31.5871908409095 ], [ -106.312649435107787, 31.586921346324267 ], [ -106.312110445937321, 31.586921346324267 ], [ -106.312110445937321, 31.5871908409095 ], [ -106.311840951352082, 31.5871908409095 ], [ -106.311840951352082, 31.587460335494736 ], [ -106.311571456766842, 31.587460335494736 ], [ -106.311571456766842, 31.586651851739031 ], [ -106.311840951352082, 31.586651851739031 ], [ -106.311840951352082, 31.585843367983323 ], [ -106.312379940522547, 31.585843367983323 ], [ -106.312379940522547, 31.586112862568559 ], [ -106.313457918863492, 31.586112862568559 ], [ -106.313457918863492, 31.586382357153795 ], [ -106.313996908033971, 31.586382357153795 ], [ -106.313996908033971, 31.586651851739031 ], [ -106.314266402619211, 31.586651851739031 ], [ -106.314266402619211, 31.586382357153795 ], [ -106.314805391789676, 31.586382357153795 ], [ -106.314805391789676, 31.586112862568559 ], [ -106.315613875545381, 31.586112862568559 ], [ -106.315613875545381, 31.586382357153795 ], [ -106.315883370130621, 31.586382357153795 ], [ -106.315883370130621, 31.586112862568559 ], [ -106.31615286471586, 31.586112862568559 ], [ -106.31615286471586, 31.586382357153795 ], [ -106.317230843056805, 31.586382357153795 ], [ -106.317230843056805, 31.586651851739031 ], [ -106.316961348471565, 31.586651851739031 ], [ -106.316961348471565, 31.587460335494736 ], [ -106.316422359301086, 31.587460335494736 ], [ -106.316422359301086, 31.586921346324267 ], [ -106.31615286471586, 31.586921346324267 ], [ -106.31615286471586, 31.586651851739031 ], [ -106.315883370130621, 31.586651851739031 ], [ -106.315883370130621, 31.586921346324267 ], [ -106.315344380960141, 31.586921346324267 ], [ -106.315344380960141, 31.5871908409095 ], [ -106.315074886374916, 31.5871908409095 ], [ -106.315074886374916, 31.587460335494736 ], [ -106.315613875545381, 31.587460335494736 ], [ -106.315613875545381, 31.587729830079972 ], [ -106.315344380960141, 31.587729830079972 ], [ -106.315344380960141, 31.587999324665208 ], [ -106.315074886374916, 31.587999324665208 ], [ -106.315074886374916, 31.588268819250445 ], [ -106.313457918863492, 31.588268819250445 ], [ -106.313457918863492, 31.588538313835681 ], [ -106.313188424278266, 31.588538313835681 ], [ -106.313188424278266, 31.588807808420917 ], [ -106.312918929693026, 31.588807808420917 ], [ -106.312918929693026, 31.588538313835681 ], [ -106.312649435107787, 31.588538313835681 ], [ -106.312649435107787, 31.589346797591389 ] ], [ [ -106.313188424278266, 31.588268819250445 ], [ -106.313188424278266, 31.587999324665208 ], [ -106.312918929693026, 31.587999324665208 ], [ -106.312918929693026, 31.588268819250445 ], [ -106.313188424278266, 31.588268819250445 ] ], [ [ -106.314805391789676, 31.587999324665208 ], [ -106.314805391789676, 31.587460335494736 ], [ -106.314535897204436, 31.587460335494736 ], [ -106.314535897204436, 31.587999324665208 ], [ -106.314805391789676, 31.587999324665208 ] ], [ [ -106.313188424278266, 31.587729830079972 ], [ -106.313188424278266, 31.587460335494736 ], [ -106.312918929693026, 31.587460335494736 ], [ -106.312918929693026, 31.587729830079972 ], [ -106.313188424278266, 31.587729830079972 ] ], [ [ -106.316691853886326, 31.586921346324267 ], [ -106.316691853886326, 31.586651851739031 ], [ -106.316422359301086, 31.586651851739031 ], [ -106.316422359301086, 31.586921346324267 ], [ -106.316691853886326, 31.586921346324267 ] ] ] ] } },
{ "type": "Feature", "properties": { "ZONA_MET": "Ju_rez", "INTENSIDAD": "Extrema", "T_PROM_POL": 3.0, "T_MIN_CIUD": 1.0, "DIF_TERMIC": 2.0 }, "geometry": { "type": "MultiPolygon", "coordinates": [ [ [ [ -106.309146005499727, 31.587729830079972 ], [ -106.308876510914487, 31.587729830079972 ], [ -106.308876510914487, 31.5871908409095 ], [ -106.308068027158782, 31.5871908409095 ], [ -106.308068027158782, 31.586921346324267 ], [ -106.308337521744022, 31.586921346324267 ], [ -106.308337521744022, 31.586651851739031 ], [ -106.308876510914487, 31.586651851739031 ], [ -106.308876510914487, 31.586921346324267 ], [ -106.309146005499727, 31.586921346324267 ], [ -106.309146005499727, 31.586651851739031 ], [ -106.309684994670192, 31.586651851739031 ], [ -106.309684994670192, 31.586382357153795 ], [ -106.310762973011137, 31.586382357153795 ], [ -106.310762973011137, 31.586112862568559 ], [ -106.311032467596377, 31.586112862568559 ], [ -106.311032467596377, 31.585573873398086 ], [ -106.311571456766842, 31.585573873398086 ], [ -106.311571456766842, 31.5871908409095 ], [ -106.311032467596377, 31.5871908409095 ], [ -106.311032467596377, 31.586921346324267 ], [ -106.310493478425897, 31.586921346324267 ], [ -106.310493478425897, 31.5871908409095 ], [ -106.310223983840672, 31.5871908409095 ], [ -106.310223983840672, 31.587460335494736 ], [ -106.309146005499727, 31.587460335494736 ], [ -106.309146005499727, 31.587729830079972 ] ], [ [ -106.311301962181616, 31.586921346324267 ], [ -106.311301962181616, 31.586651851739031 ], [ -106.311032467596377, 31.586651851739031 ], [ -106.311032467596377, 31.586921346324267 ], [ -106.311301962181616, 31.586921346324267 ] ] ] ] } },
{ "type": "Feature", "properties": { "ZONA_MET": "Ju_rez", "INTENSIDAD": "Intensa", "T_PROM_POL": 3.0, "T_MIN_CIUD": 1.0, "DIF_TERMIC": 2.0 }, "geometry": { "type": "MultiPolygon", "coordinates": [ [ [ [ -106.34094636655756, 31.589077303006153 ], [ -106.340407377387081, 31.589077303006153 ], [ -106.340407377387081, 31.588538313835681 ], [ -106.339868388216615, 31.588538313835681 ], [ -106.339868388216615, 31.588268819250445 ], [ -106.340137882801841, 31.588268819250445 ], [ -106.340137882801841, 31.587729830079972 ], [ -106.340407377387081, 31.587729830079972 ], [ -106.340407377387081, 31.587460335494736 ], [ -106.341754850313265, 31.587460335494736 ], [ -106.341754850313265, 31.586382357153795 ], [ -106.342024344898491, 31.586382357153795 ], [ -106.342024344898491, 31.586921346324267 ], [ -106.34283282865421, 31.586921346324267 ], [ -106.34283282865421, 31.586651851739031 ], [ -106.343102323239435, 31.586651851739031 ], [ -106.343102323239435, 31.586382357153795 ], [ -106.34418030158038, 31.586382357153795 ], [ -106.34418030158038, 31.586112862568559 ], [ -106.345258279921325, 31.586112862568559 ], [ -106.345258279921325, 31.585843367983323 ], [ -106.345797269091804, 31.585843367983323 ], [ -106.345797269091804, 31.585573873398086 ], [ -106.34606676367703, 31.585573873398086 ], [ -106.34606676367703, 31.585843367983323 ], [ -106.346336258262269, 31.585843367983323 ], [ -106.346336258262269, 31.586112862568559 ], [ -106.346605752847509, 31.586112862568559 ], [ -106.346605752847509, 31.585573873398086 ], [ -106.348222720358919, 31.585573873398086 ], [ -106.348222720358919, 31.58530437881285 ], [ -106.349031204114624, 31.58530437881285 ], [ -106.349031204114624, 31.585573873398086 ], [ -106.349300698699864, 31.585573873398086 ], [ -106.349300698699864, 31.585843367983323 ], [ -106.347953225773679, 31.585843367983323 ], [ -106.347953225773679, 31.586112862568559 ], [ -106.347414236603214, 31.586112862568559 ], [ -106.347414236603214, 31.586382357153795 ], [ -106.346336258262269, 31.586382357153795 ], [ -106.346336258262269, 31.586651851739031 ], [ -106.34606676367703, 31.586651851739031 ], [ -106.34606676367703, 31.586112862568559 ], [ -106.345797269091804, 31.586112862568559 ], [ -106.345797269091804, 31.586651851739031 ], [ -106.345527774506564, 31.586651851739031 ], [ -106.345527774506564, 31.586921346324267 ], [ -106.344988785336085, 31.586921346324267 ], [ -106.344988785336085, 31.5871908409095 ], [ -106.343910806995154, 31.5871908409095 ], [ -106.343910806995154, 31.587460335494736 ], [ -106.343102323239435, 31.587460335494736 ], [ -106.343102323239435, 31.5871908409095 ], [ -106.34283282865421, 31.5871908409095 ], [ -106.34283282865421, 31.587729830079972 ], [ -106.341754850313265, 31.587729830079972 ], [ -106.341754850313265, 31.587999324665208 ], [ -106.341215861142786, 31.587999324665208 ], [ -106.341215861142786, 31.588268819250445 ], [ -106.34094636655756, 31.588268819250445 ], [ -106.34094636655756, 31.589077303006153 ] ] ] ] } },
{ "type": "Feature", "properties": { "ZONA_MET": "Ju_rez", "INTENSIDAD": "Intensa", "T_PROM_POL": 3.0, "T_MIN_CIUD": 1.0, "DIF_TERMIC": 2.0 }, "geometry": { "type": "MultiPolygon", "coordinates": [ [ [ [ -106.463835897425099, 31.587460335494736 ], [ -106.462757919084154, 31.587460335494736 ], [ -106.462757919084154, 31.5871908409095 ], [ -106.462488424498929, 31.5871908409095 ], [ -106.462488424498929, 31.586921346324267 ], [ -106.463027413669394, 31.586921346324267 ], [ -106.463027413669394, 31.586651851739031 ], [ -106.463296908254634, 31.586651851739031 ], [ -106.463296908254634, 31.586382357153795 ], [ -106.463566402839874, 31.586382357153795 ], [ -106.463566402839874, 31.585573873398086 ], [ -106.463296908254634, 31.585573873398086 ], [ -106.463296908254634, 31.58530437881285 ], [ -106.463027413669394, 31.58530437881285 ], [ -106.463027413669394, 31.585034884227614 ], [ -106.463835897425099, 31.585034884227614 ], [ -106.463835897425099, 31.58530437881285 ], [ -106.464105392010339, 31.58530437881285 ], [ -106.464105392010339, 31.585573873398086 ], [ -106.464374886595579, 31.585573873398086 ], [ -106.464374886595579, 31.58530437881285 ], [ -106.464644381180818, 31.58530437881285 ], [ -106.464644381180818, 31.585034884227614 ], [ -106.464913875766044, 31.585034884227614 ], [ -106.464913875766044, 31.585843367983323 ], [ -106.464644381180818, 31.585843367983323 ], [ -106.464644381180818, 31.586651851739031 ], [ -106.464374886595579, 31.586651851739031 ], [ -106.464374886595579, 31.586382357153795 ], [ -106.464105392010339, 31.586382357153795 ], [ -106.464105392010339, 31.586921346324267 ], [ -106.463835897425099, 31.586921346324267 ], [ -106.463835897425099, 31.587460335494736 ] ] ] ] } },
{ "type": "Feature", "properties": { "ZONA_MET": "Ju_rez", "INTENSIDAD": "Extrema", "T_PROM_POL": 3.0, "T_MIN_CIUD": 1.0, "DIF_TERMIC": 2.0 }, "geometry": { "type": "MultiPolygon", "coordinates": [ [ [ [ -106.303217124624538, 31.586921346324267 ], [ -106.302678135454059, 31.586921346324267 ], [ -106.302678135454059, 31.586651851739031 ], [ -106.302408640868819, 31.586651851739031 ], [ -106.302408640868819, 31.586382357153795 ], [ -106.301869651698354, 31.586382357153795 ], [ -106.301869651698354, 31.585573873398086 ], [ -106.301600157113114, 31.585573873398086 ], [ -106.301600157113114, 31.585034884227614 ], [ -106.302139146283594, 31.585034884227614 ], [ -106.302139146283594, 31.584495895057142 ], [ -106.302678135454059, 31.584495895057142 ], [ -106.302678135454059, 31.584765389642378 ], [ -106.302947630039299, 31.584765389642378 ], [ -106.302947630039299, 31.585034884227614 ], [ -106.302678135454059, 31.585034884227614 ], [ -106.302678135454059, 31.58530437881285 ], [ -106.303486619209764, 31.58530437881285 ], [ -106.303486619209764, 31.585573873398086 ], [ -106.303217124624538, 31.585573873398086 ], [ -106.303217124624538, 31.586921346324267 ] ] ] ] } },
{ "type": "Feature", "properties": { "ZONA_MET": "Ju_rez", "INTENSIDAD": "Intensa", "T_PROM_POL": 3.0, "T_MIN_CIUD": 1.0, "DIF_TERMIC": 2.0 }, "geometry": { "type": "MultiPolygon", "coordinates": [ [ [ [ -106.312649435107787, 31.58530437881285 ], [ -106.312110445937321, 31.58530437881285 ], [ -106.312110445937321, 31.585034884227614 ], [ -106.311571456766842, 31.585034884227614 ], [ -106.311571456766842, 31.584765389642378 ], [ -106.311301962181616, 31.584765389642378 ], [ -106.311301962181616, 31.585034884227614 ], [ -106.311032467596377, 31.585034884227614 ], [ -106.311032467596377, 31.584765389642378 ], [ -106.310223983840672, 31.584765389642378 ], [ -106.310223983840672, 31.584495895057142 ], [ -106.310493478425897, 31.584495895057142 ], [ -106.310493478425897, 31.584226400471906 ], [ -106.311032467596377, 31.584226400471906 ], [ -106.311032467596377, 31.583956905886673 ], [ -106.311301962181616, 31.583956905886673 ], [ -106.311301962181616, 31.583687411301437 ], [ -106.312110445937321, 31.583687411301437 ], [ -106.312110445937321, 31.583956905886673 ], [ -106.312379940522547, 31.583956905886673 ], [ -106.312379940522547, 31.584226400471906 ], [ -106.312918929693026, 31.584226400471906 ], [ -106.312918929693026, 31.584765389642378 ], [ -106.312649435107787, 31.584765389642378 ], [ -106.312649435107787, 31.58530437881285 ] ], [ [ -106.312379940522547, 31.585034884227614 ], [ -106.312379940522547, 31.584495895057142 ], [ -106.312110445937321, 31.584495895057142 ], [ -106.312110445937321, 31.585034884227614 ], [ -106.312379940522547, 31.585034884227614 ] ] ] ] } },
{ "type": "Feature", "properties": { "ZONA_MET": "Ju_rez", "INTENSIDAD": "Extrema", "T_PROM_POL": 3.0, "T_MIN_CIUD": 1.0, "DIF_TERMIC": 2.0 }, "geometry": { "type": "MultiPolygon", "coordinates": [ [ [ [ -106.310223983840672, 31.584765389642378 ], [ -106.309146005499727, 31.584765389642378 ], [ -106.309146005499727, 31.584495895057142 ], [ -106.308876510914487, 31.584495895057142 ], [ -106.308876510914487, 31.584765389642378 ], [ -106.308607016329248, 31.584765389642378 ], [ -106.308607016329248, 31.584495895057142 ], [ -106.308337521744022, 31.584495895057142 ], [ -106.308337521744022, 31.584226400471906 ], [ -106.308068027158782, 31.584226400471906 ], [ -106.308068027158782, 31.583417916716201 ], [ -106.308607016329248, 31.583417916716201 ], [ -106.308607016329248, 31.584226400471906 ], [ -106.309954489255432, 31.584226400471906 ], [ -106.309954489255432, 31.583956905886673 ], [ -106.310493478425897, 31.583956905886673 ], [ -106.310493478425897, 31.583687411301437 ], [ -106.310762973011137, 31.583687411301437 ], [ -106.310762973011137, 31.583956905886673 ], [ -106.311032467596377, 31.583956905886673 ], [ -106.311032467596377, 31.584226400471906 ], [ -106.310493478425897, 31.584226400471906 ], [ -106.310493478425897, 31.584495895057142 ], [ -106.310223983840672, 31.584495895057142 ], [ -106.310223983840672, 31.584765389642378 ] ] ] ] } },
{ "type": "Feature", "properties": { "ZONA_MET": "Ju_rez", "INTENSIDAD": "Intensa", "T_PROM_POL": 3.0, "T_MIN_CIUD": 1.0, "DIF_TERMIC": 2.0 }, "geometry": { "type": "MultiPolygon", "coordinates": [ [ [ [ -106.350648171626048, 31.584765389642378 ], [ -106.350378677040808, 31.584765389642378 ], [ -106.350378677040808, 31.584226400471906 ], [ -106.350648171626048, 31.584226400471906 ], [ -106.350648171626048, 31.583956905886673 ], [ -106.351456655381753, 31.583956905886673 ], [ -106.351456655381753, 31.583687411301437 ], [ -106.351726149966993, 31.583687411301437 ], [ -106.351726149966993, 31.583417916716201 ], [ -106.353073622893163, 31.583417916716201 ], [ -106.353073622893163, 31.583687411301437 ], [ -106.352265139137458, 31.583687411301437 ], [ -106.352265139137458, 31.583956905886673 ], [ -106.351726149966993, 31.583956905886673 ], [ -106.351726149966993, 31.584226400471906 ], [ -106.351187160796513, 31.584226400471906 ], [ -106.351187160796513, 31.584495895057142 ], [ -106.350648171626048, 31.584495895057142 ], [ -106.350648171626048, 31.584765389642378 ] ] ] ] } },
{ "type": "Feature", "properties": { "ZONA_MET": "Ju_rez", "INTENSIDAD": "Extrema", "T_PROM_POL": 3.0, "T_MIN_CIUD": 1.0, "DIF_TERMIC": 2.0 }, "geometry": { "type": "MultiPolygon", "coordinates": [ [ [ [ -106.302139146283594, 31.584495895057142 ], [ -106.301869651698354, 31.584495895057142 ], [ -106.301869651698354, 31.583956905886673 ], [ -106.301330662527889, 31.583956905886673 ], [ -106.301330662527889, 31.583687411301437 ], [ -106.301061167942649, 31.583687411301437 ], [ -106.301061167942649, 31.584226400471906 ], [ -106.300522178772169, 31.584226400471906 ], [ -106.300522178772169, 31.583956905886673 ], [ -106.300791673357409, 31.583956905886673 ], [ -106.300791673357409, 31.583148422130964 ], [ -106.301330662527889, 31.583148422130964 ], [ -106.301330662527889, 31.583417916716201 ], [ -106.301600157113114, 31.583417916716201 ], [ -106.301600157113114, 31.583687411301437 ], [ -106.302408640868819, 31.583687411301437 ], [ -106.302408640868819, 31.583956905886673 ], [ -106.302678135454059, 31.583956905886673 ], [ -106.302678135454059, 31.584226400471906 ], [ -106.302139146283594, 31.584226400471906 ], [ -106.302139146283594, 31.584495895057142 ] ] ] ] } },
{ "type": "Feature", "properties": { "ZONA_MET": "Ju_rez", "INTENSIDAD": "Intensa", "T_PROM_POL": 3.0, "T_MIN_CIUD": 1.0, "DIF_TERMIC": 2.0 }, "geometry": { "type": "MultiPolygon", "coordinates": [ [ [ [ -106.299174705845999, 31.583956905886673 ], [ -106.29863571667552, 31.583956905886673 ], [ -106.29863571667552, 31.583687411301437 ], [ -106.298096727505055, 31.583687411301437 ], [ -106.298096727505055, 31.583956905886673 ], [ -106.29728824374935, 31.583956905886673 ], [ -106.29728824374935, 31.583687411301437 ], [ -106.29701874916411, 31.583687411301437 ], [ -106.29701874916411, 31.583417916716201 ], [ -106.29890521126076, 31.583417916716201 ], [ -106.29890521126076, 31.583148422130964 ], [ -106.299174705845999, 31.583148422130964 ], [ -106.299174705845999, 31.583956905886673 ] ] ] ] } },
{ "type": "Feature", "properties": { "ZONA_MET": "Ju_rez", "INTENSIDAD": "Extrema", "T_PROM_POL": 3.0, "T_MIN_CIUD": 1.0, "DIF_TERMIC": 2.0 }, "geometry": { "type": "MultiPolygon", "coordinates": [ [ [ [ -106.307798532573543, 31.585034884227614 ], [ -106.306720554232598, 31.585034884227614 ], [ -106.306720554232598, 31.584765389642378 ], [ -106.307259543403077, 31.584765389642378 ], [ -106.307259543403077, 31.584495895057142 ], [ -106.306451059647358, 31.584495895057142 ], [ -106.306451059647358, 31.584226400471906 ], [ -106.306181565062133, 31.584226400471906 ], [ -106.306181565062133, 31.583956905886673 ], [ -106.305373081306413, 31.583956905886673 ], [ -106.305373081306413, 31.584226400471906 ], [ -106.304834092135948, 31.584226400471906 ], [ -106.304834092135948, 31.583956905886673 ], [ -106.305103586721188, 31.583956905886673 ], [ -106.305103586721188, 31.583148422130964 ], [ -106.304834092135948, 31.583148422130964 ], [ -106.304834092135948, 31.582878927545728 ], [ -106.305103586721188, 31.582878927545728 ], [ -106.305103586721188, 31.582609432960492 ], [ -106.305373081306413, 31.582609432960492 ], [ -106.305373081306413, 31.582339938375256 ], [ -106.305912070476893, 31.582339938375256 ], [ -106.305912070476893, 31.583148422130964 ], [ -106.306451059647358, 31.583148422130964 ], [ -106.306451059647358, 31.583417916716201 ], [ -106.306720554232598, 31.583417916716201 ], [ -106.306720554232598, 31.583148422130964 ], [ -106.307529037988303, 31.583148422130964 ], [ -106.307529037988303, 31.583417916716201 ], [ -106.307259543403077, 31.583417916716201 ], [ -106.307259543403077, 31.583687411301437 ], [ -106.306990048817838, 31.583687411301437 ], [ -106.306990048817838, 31.584226400471906 ], [ -106.307798532573543, 31.584226400471906 ], [ -106.307798532573543, 31.584495895057142 ], [ -106.308337521744022, 31.584495895057142 ], [ -106.308337521744022, 31.584765389642378 ], [ -106.307798532573543, 31.584765389642378 ], [ -106.307798532573543, 31.585034884227614 ] ], [ [ -106.305642575891653, 31.583417916716201 ], [ -106.305642575891653, 31.583148422130964 ], [ -106.305373081306413, 31.583148422130964 ], [ -106.305373081306413, 31.583417916716201 ], [ -106.305642575891653, 31.583417916716201 ] ] ] ] } },
{ "type": "Feature", "properties": { "ZONA_MET": "Ju_rez", "INTENSIDAD": "Intensa", "T_PROM_POL": 3.0, "T_MIN_CIUD": 1.0, "DIF_TERMIC": 2.0 }, "geometry": { "type": "MultiPolygon", "coordinates": [ [ [ [ -106.308068027158782, 31.583687411301437 ], [ -106.307798532573543, 31.583687411301437 ], [ -106.307798532573543, 31.583417916716201 ], [ -106.307529037988303, 31.583417916716201 ], [ -106.307529037988303, 31.583148422130964 ], [ -106.306720554232598, 31.583148422130964 ], [ -106.306720554232598, 31.582878927545728 ], [ -106.306451059647358, 31.582878927545728 ], [ -106.306451059647358, 31.582609432960492 ], [ -106.306720554232598, 31.582609432960492 ], [ -106.306720554232598, 31.582339938375256 ], [ -106.307798532573543, 31.582339938375256 ], [ -106.307798532573543, 31.582609432960492 ], [ -106.308068027158782, 31.582609432960492 ], [ -106.308068027158782, 31.583687411301437 ] ], [ [ -106.307798532573543, 31.582878927545728 ], [ -106.307798532573543, 31.582609432960492 ], [ -106.307259543403077, 31.582609432960492 ], [ -106.307259543403077, 31.582878927545728 ], [ -106.307798532573543, 31.582878927545728 ] ] ] ] } },
{ "type": "Feature", "properties": { "ZONA_MET": "Ju_rez", "INTENSIDAD": "Extrema", "T_PROM_POL": 3.0, "T_MIN_CIUD": 1.0, "DIF_TERMIC": 2.0 }, "geometry": { "type": "MultiPolygon", "coordinates": [ [ [ [ -106.462488424498929, 31.583956905886673 ], [ -106.462218929913689, 31.583956905886673 ], [ -106.462218929913689, 31.583148422130964 ], [ -106.462488424498929, 31.583148422130964 ], [ -106.462488424498929, 31.582878927545728 ], [ -106.462757919084154, 31.582878927545728 ], [ -106.462757919084154, 31.58207044379002 ], [ -106.463027413669394, 31.58207044379002 ], [ -106.463027413669394, 31.581800949204784 ], [ -106.463296908254634, 31.581800949204784 ], [ -106.463296908254634, 31.580992465449079 ], [ -106.463566402839874, 31.580992465449079 ], [ -106.463566402839874, 31.58207044379002 ], [ -106.463296908254634, 31.58207044379002 ], [ -106.463296908254634, 31.582878927545728 ], [ -106.463027413669394, 31.582878927545728 ], [ -106.463027413669394, 31.583417916716201 ], [ -106.462757919084154, 31.583417916716201 ], [ -106.462757919084154, 31.583687411301437 ], [ -106.462488424498929, 31.583687411301437 ], [ -106.462488424498929, 31.583956905886673 ] ] ] ] } },
{ "type": "Feature", "properties": { "ZONA_MET": "Ju_rez", "INTENSIDAD": "Intensa", "T_PROM_POL": 3.0, "T_MIN_CIUD": 1.0, "DIF_TERMIC": 2.0 }, "geometry": { "type": "MultiPolygon", "coordinates": [ [ [ [ -106.328819110221943, 31.577758530426248 ], [ -106.328549615636703, 31.577758530426248 ], [ -106.328549615636703, 31.577489035841012 ], [ -106.328280121051463, 31.577489035841012 ], [ -106.328280121051463, 31.577219541255776 ], [ -106.328010626466238, 31.577219541255776 ], [ -106.328010626466238, 31.57695004667054 ], [ -106.327741131880998, 31.57695004667054 ], [ -106.327741131880998, 31.576680552085303 ], [ -106.327471637295758, 31.576680552085303 ], [ -106.327471637295758, 31.576411057500067 ], [ -106.327202142710519, 31.576411057500067 ], [ -106.327202142710519, 31.576141562914831 ], [ -106.326932648125293, 31.576141562914831 ], [ -106.326932648125293, 31.575872068329595 ], [ -106.326663153540053, 31.575872068329595 ], [ -106.326663153540053, 31.57506358457389 ], [ -106.326932648125293, 31.57506358457389 ], [ -106.326932648125293, 31.574794089988654 ], [ -106.327202142710519, 31.574794089988654 ], [ -106.327202142710519, 31.575333079159122 ], [ -106.327471637295758, 31.575333079159122 ], [ -106.327471637295758, 31.575872068329595 ], [ -106.328010626466238, 31.575872068329595 ], [ -106.328010626466238, 31.576411057500067 ], [ -106.328280121051463, 31.576411057500067 ], [ -106.328280121051463, 31.57695004667054 ], [ -106.328549615636703, 31.57695004667054 ], [ -106.328549615636703, 31.577219541255776 ], [ -106.328819110221943, 31.577219541255776 ], [ -106.328819110221943, 31.577758530426248 ] ] ] ] } },
{ "type": "Feature", "properties": { "ZONA_MET": "Ju_rez", "INTENSIDAD": "Intensa", "T_PROM_POL": 3.0, "T_MIN_CIUD": 1.0, "DIF_TERMIC": 2.0 }, "geometry": { "type": "MultiPolygon", "coordinates": [ [ [ [ -106.465183370351284, 31.581261960034311 ], [ -106.464374886595579, 31.581261960034311 ], [ -106.464374886595579, 31.580722970863842 ], [ -106.463835897425099, 31.580722970863842 ], [ -106.463835897425099, 31.579914487108134 ], [ -106.464105392010339, 31.579914487108134 ], [ -106.464105392010339, 31.579106003352425 ], [ -106.464374886595579, 31.579106003352425 ], [ -106.464374886595579, 31.578836508767189 ], [ -106.464913875766044, 31.578836508767189 ], [ -106.464913875766044, 31.578028025011484 ], [ -106.465183370351284, 31.578028025011484 ], [ -106.465183370351284, 31.577219541255776 ], [ -106.465452864936523, 31.577219541255776 ], [ -106.465452864936523, 31.577489035841012 ], [ -106.465722359521749, 31.577489035841012 ], [ -106.465722359521749, 31.577219541255776 ], [ -106.466530843277468, 31.577219541255776 ], [ -106.466530843277468, 31.576680552085303 ], [ -106.466800337862693, 31.576680552085303 ], [ -106.466800337862693, 31.576411057500067 ], [ -106.466530843277468, 31.576411057500067 ], [ -106.466530843277468, 31.575872068329595 ], [ -106.466261348692228, 31.575872068329595 ], [ -106.466261348692228, 31.575602573744359 ], [ -106.466800337862693, 31.575602573744359 ], [ -106.466800337862693, 31.57506358457389 ], [ -106.466530843277468, 31.57506358457389 ], [ -106.466530843277468, 31.574794089988654 ], [ -106.467339327033173, 31.574794089988654 ], [ -106.467339327033173, 31.574524595403417 ], [ -106.467608821618413, 31.574524595403417 ], [ -106.467608821618413, 31.575602573744359 ], [ -106.467339327033173, 31.575602573744359 ], [ -106.467339327033173, 31.575872068329595 ], [ -106.467069832447933, 31.575872068329595 ], [ -106.467069832447933, 31.576141562914831 ], [ -106.467339327033173, 31.576141562914831 ], [ -106.467339327033173, 31.576411057500067 ], [ -106.467069832447933, 31.576411057500067 ], [ -106.467069832447933, 31.577219541255776 ], [ -106.466800337862693, 31.577219541255776 ], [ -106.466800337862693, 31.579106003352425 ], [ -106.465991854106989, 31.579106003352425 ], [ -106.465991854106989, 31.579375497937662 ], [ -106.465722359521749, 31.579375497937662 ], [ -106.465722359521749, 31.578836508767189 ], [ -106.465991854106989, 31.578836508767189 ], [ -106.465991854106989, 31.578567014181953 ], [ -106.466261348692228, 31.578567014181953 ], [ -106.466261348692228, 31.577758530426248 ], [ -106.465452864936523, 31.577758530426248 ], [ -106.465452864936523, 31.579375497937662 ], [ -106.464644381180818, 31.579375497937662 ], [ -106.464644381180818, 31.579644992522898 ], [ -106.464913875766044, 31.579644992522898 ], [ -106.464913875766044, 31.579914487108134 ], [ -106.464644381180818, 31.579914487108134 ], [ -106.464644381180818, 31.58018398169337 ], [ -106.464913875766044, 31.58018398169337 ], [ -106.464913875766044, 31.580453476278606 ], [ -106.465183370351284, 31.580453476278606 ], [ -106.465183370351284, 31.581261960034311 ] ], [ [ -106.464644381180818, 31.580722970863842 ], [ -106.464644381180818, 31.580453476278606 ], [ -106.464374886595579, 31.580453476278606 ], [ -106.464374886595579, 31.580722970863842 ], [ -106.464644381180818, 31.580722970863842 ] ] ] ] } },
{ "type": "Feature", "properties": { "ZONA_MET": "Ju_rez", "INTENSIDAD": "Intensa", "T_PROM_POL": 3.0, "T_MIN_CIUD": 1.0, "DIF_TERMIC": 2.0 }, "geometry": { "type": "MultiPolygon", "coordinates": [ [ [ [ -106.343371817824675, 31.57695004667054 ], [ -106.343102323239435, 31.57695004667054 ], [ -106.343102323239435, 31.576411057500067 ], [ -106.34283282865421, 31.576411057500067 ], [ -106.34283282865421, 31.575872068329595 ], [ -106.34256333406897, 31.575872068329595 ], [ -106.34256333406897, 31.575333079159122 ], [ -106.34283282865421, 31.575333079159122 ], [ -106.34283282865421, 31.57506358457389 ], [ -106.343371817824675, 31.57506358457389 ], [ -106.343371817824675, 31.574524595403417 ], [ -106.343641312409915, 31.574524595403417 ], [ -106.343641312409915, 31.574255100818181 ], [ -106.343371817824675, 31.574255100818181 ], [ -106.343371817824675, 31.573716111647709 ], [ -106.343102323239435, 31.573716111647709 ], [ -106.343102323239435, 31.573446617062473 ], [ -106.343641312409915, 31.573446617062473 ], [ -106.343641312409915, 31.573716111647709 ], [ -106.343910806995154, 31.573716111647709 ], [ -106.343910806995154, 31.574524595403417 ], [ -106.34418030158038, 31.574524595403417 ], [ -106.34418030158038, 31.574794089988654 ], [ -106.343910806995154, 31.574794089988654 ], [ -106.343910806995154, 31.575872068329595 ], [ -106.343371817824675, 31.575872068329595 ], [ -106.343371817824675, 31.576141562914831 ], [ -106.343641312409915, 31.576141562914831 ], [ -106.343641312409915, 31.576411057500067 ], [ -106.343371817824675, 31.576411057500067 ], [ -106.343371817824675, 31.57695004667054 ] ], [ [ -106.343102323239435, 31.575872068329595 ], [ -106.343102323239435, 31.575602573744359 ], [ -106.34283282865421, 31.575602573744359 ], [ -106.34283282865421, 31.575872068329595 ], [ -106.343102323239435, 31.575872068329595 ] ], [ [ -106.343641312409915, 31.575333079159122 ], [ -106.343641312409915, 31.57506358457389 ], [ -106.343371817824675, 31.57506358457389 ], [ -106.343371817824675, 31.575333079159122 ], [ -106.343641312409915, 31.575333079159122 ] ] ] ] } },
{ "type": "Feature", "properties": { "ZONA_MET": "Ju_rez", "INTENSIDAD": "Intensa", "T_PROM_POL": 3.0, "T_MIN_CIUD": 1.0, "DIF_TERMIC": 2.0 }, "geometry": { "type": "MultiPolygon", "coordinates": [ [ [ [ -106.341215861142786, 31.575872068329595 ], [ -106.34067687197232, 31.575872068329595 ], [ -106.34067687197232, 31.575602573744359 ], [ -106.340137882801841, 31.575602573744359 ], [ -106.340137882801841, 31.57506358457389 ], [ -106.340407377387081, 31.57506358457389 ], [ -106.340407377387081, 31.575333079159122 ], [ -106.341215861142786, 31.575333079159122 ], [ -106.341215861142786, 31.57506358457389 ], [ -106.341485355728025, 31.57506358457389 ], [ -106.341485355728025, 31.574794089988654 ], [ -106.342024344898491, 31.574794089988654 ], [ -106.342024344898491, 31.573716111647709 ], [ -106.34229383948373, 31.573716111647709 ], [ -106.34229383948373, 31.573446617062473 ], [ -106.34256333406897, 31.573446617062473 ], [ -106.34256333406897, 31.573985606232945 ], [ -106.34229383948373, 31.573985606232945 ], [ -106.34229383948373, 31.57506358457389 ], [ -106.342024344898491, 31.57506358457389 ], [ -106.342024344898491, 31.575333079159122 ], [ -106.341754850313265, 31.575333079159122 ], [ -106.341754850313265, 31.575602573744359 ], [ -106.341215861142786, 31.575602573744359 ], [ -106.341215861142786, 31.575872068329595 ] ] ] ] } },
{ "type": "Feature", "properties": { "ZONA_MET": "Ju_rez", "INTENSIDAD": "Intensa", "T_PROM_POL": 3.0, "T_MIN_CIUD": 1.0, "DIF_TERMIC": 2.0 }, "geometry": { "type": "MultiPolygon", "coordinates": [ [ [ [ -106.34094636655756, 31.574524595403417 ], [ -106.339868388216615, 31.574524595403417 ], [ -106.339868388216615, 31.574255100818181 ], [ -106.340137882801841, 31.574255100818181 ], [ -106.340137882801841, 31.573985606232945 ], [ -106.340407377387081, 31.573985606232945 ], [ -106.340407377387081, 31.573716111647709 ], [ -106.34067687197232, 31.573716111647709 ], [ -106.34067687197232, 31.573446617062473 ], [ -106.34094636655756, 31.573446617062473 ], [ -106.34094636655756, 31.572907627892 ], [ -106.341215861142786, 31.572907627892 ], [ -106.341215861142786, 31.572638133306764 ], [ -106.341754850313265, 31.572638133306764 ], [ -106.341754850313265, 31.572907627892 ], [ -106.341485355728025, 31.572907627892 ], [ -106.341485355728025, 31.573177122477237 ], [ -106.341215861142786, 31.573177122477237 ], [ -106.341215861142786, 31.573446617062473 ], [ -106.341754850313265, 31.573446617062473 ], [ -106.341754850313265, 31.574255100818181 ], [ -106.341485355728025, 31.574255100818181 ], [ -106.341485355728025, 31.573716111647709 ], [ -106.341215861142786, 31.573716111647709 ], [ -106.341215861142786, 31.573985606232945 ], [ -106.34067687197232, 31.573985606232945 ], [ -106.34067687197232, 31.574255100818181 ], [ -106.34094636655756, 31.574255100818181 ], [ -106.34094636655756, 31.574524595403417 ] ] ] ] } },
{ "type": "Feature", "properties": { "ZONA_MET": "Ju_rez", "INTENSIDAD": "Intensa", "T_PROM_POL": 3.0, "T_MIN_CIUD": 1.0, "DIF_TERMIC": 2.0 }, "geometry": { "type": "MultiPolygon", "coordinates": [ [ [ [ -106.339598893631376, 31.574255100818181 ], [ -106.339059904460896, 31.574255100818181 ], [ -106.339059904460896, 31.573985606232945 ], [ -106.338790409875671, 31.573985606232945 ], [ -106.338790409875671, 31.573716111647709 ], [ -106.338520915290431, 31.573716111647709 ], [ -106.338520915290431, 31.573177122477237 ], [ -106.338790409875671, 31.573177122477237 ], [ -106.338790409875671, 31.572907627892 ], [ -106.339059904460896, 31.572907627892 ], [ -106.339059904460896, 31.572638133306764 ], [ -106.339329399046136, 31.572638133306764 ], [ -106.339329399046136, 31.572099144136292 ], [ -106.339868388216615, 31.572099144136292 ], [ -106.339868388216615, 31.571560154965823 ], [ -106.340137882801841, 31.571560154965823 ], [ -106.340137882801841, 31.572099144136292 ], [ -106.34067687197232, 31.572099144136292 ], [ -106.34067687197232, 31.572368638721528 ], [ -106.34094636655756, 31.572368638721528 ], [ -106.34094636655756, 31.572638133306764 ], [ -106.34067687197232, 31.572638133306764 ], [ -106.34067687197232, 31.572907627892 ], [ -106.340407377387081, 31.572907627892 ], [ -106.340407377387081, 31.573177122477237 ], [ -106.340137882801841, 31.573177122477237 ], [ -106.340137882801841, 31.573446617062473 ], [ -106.339868388216615, 31.573446617062473 ], [ -106.339868388216615, 31.572907627892 ], [ -106.339598893631376, 31.572907627892 ], [ -106.339598893631376, 31.573177122477237 ], [ -106.339329399046136, 31.573177122477237 ], [ -106.339329399046136, 31.573716111647709 ], [ -106.339868388216615, 31.573716111647709 ], [ -106.339868388216615, 31.573985606232945 ], [ -106.339598893631376, 31.573985606232945 ], [ -106.339598893631376, 31.574255100818181 ] ] ] ] } },
{ "type": "Feature", "properties": { "ZONA_MET": "Ju_rez", "INTENSIDAD": "Intensa", "T_PROM_POL": 3.0, "T_MIN_CIUD": 1.0, "DIF_TERMIC": 2.0 }, "geometry": { "type": "MultiPolygon", "coordinates": [ [ [ [ -106.406703045355101, 31.572099144136292 ], [ -106.405625067014157, 31.572099144136292 ], [ -106.405625067014157, 31.571829649551059 ], [ -106.405355572428917, 31.571829649551059 ], [ -106.405355572428917, 31.571560154965823 ], [ -106.405086077843691, 31.571560154965823 ], [ -106.405086077843691, 31.571290660380587 ], [ -106.405355572428917, 31.571290660380587 ], [ -106.405355572428917, 31.571021165795351 ], [ -106.405894561599396, 31.571021165795351 ], [ -106.405894561599396, 31.571290660380587 ], [ -106.406164056184636, 31.571290660380587 ], [ -106.406164056184636, 31.571560154965823 ], [ -106.406703045355101, 31.571560154965823 ], [ -106.406703045355101, 31.572099144136292 ] ] ] ] } },
{ "type": "Feature", "properties": { "ZONA_MET": "Ju_rez", "INTENSIDAD": "Intensa", "T_PROM_POL": 3.0, "T_MIN_CIUD": 1.0, "DIF_TERMIC": 2.0 }, "geometry": { "type": "MultiPolygon", "coordinates": [ [ [ [ -106.38810791897383, 31.572368638721528 ], [ -106.387568929803351, 31.572368638721528 ], [ -106.387568929803351, 31.572099144136292 ], [ -106.387299435218125, 31.572099144136292 ], [ -106.387299435218125, 31.571829649551059 ], [ -106.387029940632885, 31.571829649551059 ], [ -106.387029940632885, 31.571560154965823 ], [ -106.386760446047646, 31.571560154965823 ], [ -106.386760446047646, 31.571290660380587 ], [ -106.38622145687718, 31.571290660380587 ], [ -106.38622145687718, 31.571021165795351 ], [ -106.385951962291941, 31.571021165795351 ], [ -106.385951962291941, 31.570751671210115 ], [ -106.38622145687718, 31.570751671210115 ], [ -106.38622145687718, 31.570482176624878 ], [ -106.38649095146242, 31.570482176624878 ], [ -106.38649095146242, 31.570751671210115 ], [ -106.387029940632885, 31.570751671210115 ], [ -106.387029940632885, 31.571290660380587 ], [ -106.387299435218125, 31.571290660380587 ], [ -106.387299435218125, 31.571560154965823 ], [ -106.387568929803351, 31.571560154965823 ], [ -106.387568929803351, 31.571829649551059 ], [ -106.38783842438859, 31.571829649551059 ], [ -106.38783842438859, 31.572099144136292 ], [ -106.38810791897383, 31.572099144136292 ], [ -106.38810791897383, 31.572368638721528 ] ] ] ] } },
{ "type": "Feature", "properties": { "ZONA_MET": "Ju_rez", "INTENSIDAD": "Intensa", "T_PROM_POL": 3.0, "T_MIN_CIUD": 1.0, "DIF_TERMIC": 2.0 }, "geometry": { "type": "MultiPolygon", "coordinates": [ [ [ [ -106.384604489365756, 31.569134703698698 ], [ -106.384065500195291, 31.569134703698698 ], [ -106.384065500195291, 31.568865209113465 ], [ -106.384334994780531, 31.568865209113465 ], [ -106.384334994780531, 31.568595714528229 ], [ -106.384604489365756, 31.568595714528229 ], [ -106.384604489365756, 31.568326219942993 ], [ -106.384873983950996, 31.568326219942993 ], [ -106.384873983950996, 31.568056725357756 ], [ -106.385682467706701, 31.568056725357756 ], [ -106.385682467706701, 31.568326219942993 ], [ -106.385951962291941, 31.568326219942993 ], [ -106.385951962291941, 31.568595714528229 ], [ -106.385682467706701, 31.568595714528229 ], [ -106.385682467706701, 31.568865209113465 ], [ -106.385143478536236, 31.568865209113465 ], [ -106.385143478536236, 31.568595714528229 ], [ -106.384873983950996, 31.568595714528229 ], [ -106.384873983950996, 31.568865209113465 ], [ -106.384604489365756, 31.568865209113465 ], [ -106.384604489365756, 31.569134703698698 ] ] ] ] } },
{ "type": "Feature", "properties": { "ZONA_MET": "Ju_rez", "INTENSIDAD": "Extrema", "T_PROM_POL": 3.0, "T_MIN_CIUD": 1.0, "DIF_TERMIC": 2.0 }, "geometry": { "type": "MultiPolygon", "coordinates": [ [ [ [ -106.468686799959343, 31.570212682039642 ], [ -106.468417305374118, 31.570212682039642 ], [ -106.468417305374118, 31.568865209113465 ], [ -106.468686799959343, 31.568865209113465 ], [ -106.468686799959343, 31.568056725357756 ], [ -106.468956294544583, 31.568056725357756 ], [ -106.468956294544583, 31.566709252431576 ], [ -106.469495283715062, 31.566709252431576 ], [ -106.469495283715062, 31.567248241602048 ], [ -106.469225789129823, 31.567248241602048 ], [ -106.469225789129823, 31.568326219942993 ], [ -106.468956294544583, 31.568326219942993 ], [ -106.468956294544583, 31.569404198283934 ], [ -106.468686799959343, 31.569404198283934 ], [ -106.468686799959343, 31.570212682039642 ] ] ] ] } },
{ "type": "Feature", "properties": { "ZONA_MET": "Ju_rez", "INTENSIDAD": "Intensa", "T_PROM_POL": 3.0, "T_MIN_CIUD": 1.0, "DIF_TERMIC": 2.0 }, "geometry": { "type": "MultiPolygon", "coordinates": [ [ [ [ -106.387029940632885, 31.568056725357756 ], [ -106.38622145687718, 31.568056725357756 ], [ -106.38622145687718, 31.56778723077252 ], [ -106.38649095146242, 31.56778723077252 ], [ -106.38649095146242, 31.567517736187284 ], [ -106.386760446047646, 31.567517736187284 ], [ -106.386760446047646, 31.567248241602048 ], [ -106.387029940632885, 31.567248241602048 ], [ -106.387029940632885, 31.566978747016812 ], [ -106.386760446047646, 31.566978747016812 ], [ -106.386760446047646, 31.566709252431576 ], [ -106.387299435218125, 31.566709252431576 ], [ -106.387299435218125, 31.566439757846339 ], [ -106.38810791897383, 31.566439757846339 ], [ -106.38810791897383, 31.56778723077252 ], [ -106.38783842438859, 31.56778723077252 ], [ -106.38783842438859, 31.567517736187284 ], [ -106.387568929803351, 31.567517736187284 ], [ -106.387568929803351, 31.567248241602048 ], [ -106.387299435218125, 31.567248241602048 ], [ -106.387299435218125, 31.56778723077252 ], [ -106.387029940632885, 31.56778723077252 ], [ -106.387029940632885, 31.568056725357756 ] ] ] ] } },
{ "type": "Feature", "properties": { "ZONA_MET": "Ju_rez", "INTENSIDAD": "Intensa", "T_PROM_POL": 3.0, "T_MIN_CIUD": 1.0, "DIF_TERMIC": 2.0 }, "geometry": { "type": "MultiPolygon", "coordinates": [ [ [ [ -106.330436077733353, 31.574794089988654 ], [ -106.329897088562888, 31.574794089988654 ], [ -106.329897088562888, 31.574524595403417 ], [ -106.329088604807183, 31.574524595403417 ], [ -106.329088604807183, 31.574794089988654 ], [ -106.328549615636703, 31.574794089988654 ], [ -106.328549615636703, 31.574524595403417 ], [ -106.328819110221943, 31.574524595403417 ], [ -106.328819110221943, 31.574255100818181 ], [ -106.329088604807183, 31.574255100818181 ], [ -106.329088604807183, 31.573716111647709 ], [ -106.328549615636703, 31.573716111647709 ], [ -106.328549615636703, 31.573446617062473 ], [ -106.327741131880998, 31.573446617062473 ], [ -106.327741131880998, 31.573716111647709 ], [ -106.328010626466238, 31.573716111647709 ], [ -106.328010626466238, 31.573985606232945 ], [ -106.328280121051463, 31.573985606232945 ], [ -106.328280121051463, 31.574255100818181 ], [ -106.327741131880998, 31.574255100818181 ], [ -106.327741131880998, 31.574524595403417 ], [ -106.327471637295758, 31.574524595403417 ], [ -106.327471637295758, 31.574794089988654 ], [ -106.327202142710519, 31.574794089988654 ], [ -106.327202142710519, 31.574524595403417 ], [ -106.326932648125293, 31.574524595403417 ], [ -106.326932648125293, 31.574255100818181 ], [ -106.327202142710519, 31.574255100818181 ], [ -106.327202142710519, 31.573446617062473 ], [ -106.327471637295758, 31.573446617062473 ], [ -106.327471637295758, 31.572907627892 ], [ -106.327741131880998, 31.572907627892 ], [ -106.327741131880998, 31.572368638721528 ], [ -106.328280121051463, 31.572368638721528 ], [ -106.328280121051463, 31.571560154965823 ], [ -106.328549615636703, 31.571560154965823 ], [ -106.328549615636703, 31.571021165795351 ], [ -106.328819110221943, 31.571021165795351 ], [ -106.328819110221943, 31.570482176624878 ], [ -106.329088604807183, 31.570482176624878 ], [ -106.329088604807183, 31.570212682039642 ], [ -106.329358099392408, 31.570212682039642 ], [ -106.329358099392408, 31.56967369286917 ], [ -106.329627593977648, 31.56967369286917 ], [ -106.329627593977648, 31.569134703698698 ], [ -106.330436077733353, 31.569134703698698 ], [ -106.330436077733353, 31.568865209113465 ], [ -106.330166583148113, 31.568865209113465 ], [ -106.330166583148113, 31.568326219942993 ], [ -106.330436077733353, 31.568326219942993 ], [ -106.330436077733353, 31.567517736187284 ], [ -106.330705572318593, 31.567517736187284 ], [ -106.330705572318593, 31.567248241602048 ], [ -106.331244561489058, 31.567248241602048 ], [ -106.331244561489058, 31.566978747016812 ], [ -106.330975066903832, 31.566978747016812 ], [ -106.330975066903832, 31.566709252431576 ], [ -106.331244561489058, 31.566709252431576 ], [ -106.331244561489058, 31.566439757846339 ], [ -106.332053045244777, 31.566439757846339 ], [ -106.332053045244777, 31.566709252431576 ], [ -106.331783550659537, 31.566709252431576 ], [ -106.331783550659537, 31.566978747016812 ], [ -106.331514056074298, 31.566978747016812 ], [ -106.331514056074298, 31.56778723077252 ], [ -106.331244561489058, 31.56778723077252 ], [ -106.331244561489058, 31.568056725357756 ], [ -106.330705572318593, 31.568056725357756 ], [ -106.330705572318593, 31.569404198283934 ], [ -106.330436077733353, 31.569404198283934 ], [ -106.330436077733353, 31.569943187454406 ], [ -106.330705572318593, 31.569943187454406 ], [ -106.330705572318593, 31.570212682039642 ], [ -106.330975066903832, 31.570212682039642 ], [ -106.330975066903832, 31.570482176624878 ], [ -106.332322539830002, 31.570482176624878 ], [ -106.332322539830002, 31.570212682039642 ], [ -106.332592034415242, 31.570212682039642 ], [ -106.332592034415242, 31.569943187454406 ], [ -106.333131023585707, 31.569943187454406 ], [ -106.333131023585707, 31.56967369286917 ], [ -106.333400518170947, 31.56967369286917 ], [ -106.333400518170947, 31.569134703698698 ], [ -106.334209001926652, 31.569134703698698 ], [ -106.334209001926652, 31.569404198283934 ], [ -106.333939507341427, 31.569404198283934 ], [ -106.333939507341427, 31.56967369286917 ], [ -106.333670012756187, 31.56967369286917 ], [ -106.333670012756187, 31.569943187454406 ], [ -106.333400518170947, 31.569943187454406 ], [ -106.333400518170947, 31.570212682039642 ], [ -106.333131023585707, 31.570212682039642 ], [ -106.333131023585707, 31.570482176624878 ], [ -106.332861529000482, 31.570482176624878 ], [ -106.332861529000482, 31.570751671210115 ], [ -106.332592034415242, 31.570751671210115 ], [ -106.332592034415242, 31.571021165795351 ], [ -106.332322539830002, 31.571021165795351 ], [ -106.332322539830002, 31.570751671210115 ], [ -106.331514056074298, 31.570751671210115 ], [ -106.331514056074298, 31.571290660380587 ], [ -106.330975066903832, 31.571290660380587 ], [ -106.330975066903832, 31.571560154965823 ], [ -106.330705572318593, 31.571560154965823 ], [ -106.330705572318593, 31.571829649551059 ], [ -106.330436077733353, 31.571829649551059 ], [ -106.330436077733353, 31.572099144136292 ], [ -106.330705572318593, 31.572099144136292 ], [ -106.330705572318593, 31.572368638721528 ], [ -106.330975066903832, 31.572368638721528 ], [ -106.330975066903832, 31.572907627892 ], [ -106.330705572318593, 31.572907627892 ], [ -106.330705572318593, 31.573446617062473 ], [ -106.330436077733353, 31.573446617062473 ], [ -106.330436077733353, 31.573716111647709 ], [ -106.330166583148113, 31.573716111647709 ], [ -106.330166583148113, 31.574255100818181 ], [ -106.330436077733353, 31.574255100818181 ], [ -106.330436077733353, 31.574794089988654 ] ], [ [ -106.329088604807183, 31.573446617062473 ], [ -106.329088604807183, 31.573177122477237 ], [ -106.329627593977648, 31.573177122477237 ], [ -106.329627593977648, 31.572907627892 ], [ -106.330166583148113, 31.572907627892 ], [ -106.330166583148113, 31.572099144136292 ], [ -106.329627593977648, 31.572099144136292 ], [ -106.329627593977648, 31.571290660380587 ], [ -106.329358099392408, 31.571290660380587 ], [ -106.329358099392408, 31.571560154965823 ], [ -106.328819110221943, 31.571560154965823 ], [ -106.328819110221943, 31.571829649551059 ], [ -106.328549615636703, 31.571829649551059 ], [ -106.328549615636703, 31.572099144136292 ], [ -106.328819110221943, 31.572099144136292 ], [ -106.328819110221943, 31.572638133306764 ], [ -106.328549615636703, 31.572638133306764 ], [ -106.328549615636703, 31.572907627892 ], [ -106.328819110221943, 31.572907627892 ], [ -106.328819110221943, 31.573446617062473 ], [ -106.329088604807183, 31.573446617062473 ] ], [ [ -106.330705572318593, 31.572638133306764 ], [ -106.330705572318593, 31.572368638721528 ], [ -106.330436077733353, 31.572368638721528 ], [ -106.330436077733353, 31.572638133306764 ], [ -106.330705572318593, 31.572638133306764 ] ], [ [ -106.329358099392408, 31.571290660380587 ], [ -106.329358099392408, 31.571021165795351 ], [ -106.328819110221943, 31.571021165795351 ], [ -106.328819110221943, 31.571290660380587 ], [ -106.329358099392408, 31.571290660380587 ] ], [ [ -106.330436077733353, 31.570751671210115 ], [ -106.330436077733353, 31.569943187454406 ], [ -106.329627593977648, 31.569943187454406 ], [ -106.329627593977648, 31.570482176624878 ], [ -106.329897088562888, 31.570482176624878 ], [ -106.329897088562888, 31.570751671210115 ], [ -106.330436077733353, 31.570751671210115 ] ] ] ] } },
{ "type": "Feature", "properties": { "ZONA_MET": "Ju_rez", "INTENSIDAD": "Intensa", "T_PROM_POL": 3.0, "T_MIN_CIUD": 1.0, "DIF_TERMIC": 2.0 }, "geometry": { "type": "MultiPolygon", "coordinates": [ [ [ [ -106.383257016439586, 31.568595714528229 ], [ -106.382448532683881, 31.568595714528229 ], [ -106.382448532683881, 31.568056725357756 ], [ -106.381909543513402, 31.568056725357756 ], [ -106.381909543513402, 31.56778723077252 ], [ -106.381640048928162, 31.56778723077252 ], [ -106.381640048928162, 31.567517736187284 ], [ -106.381370554342936, 31.567517736187284 ], [ -106.381370554342936, 31.567248241602048 ], [ -106.380562070587231, 31.567248241602048 ], [ -106.380562070587231, 31.566978747016812 ], [ -106.381370554342936, 31.566978747016812 ], [ -106.381370554342936, 31.566709252431576 ], [ -106.381909543513402, 31.566709252431576 ], [ -106.381909543513402, 31.566439757846339 ], [ -106.381370554342936, 31.566439757846339 ], [ -106.381370554342936, 31.566170263261103 ], [ -106.381101059757697, 31.566170263261103 ], [ -106.381101059757697, 31.565900768675871 ], [ -106.382179038098641, 31.565900768675871 ], [ -106.382179038098641, 31.565631274090634 ], [ -106.382448532683881, 31.565631274090634 ], [ -106.382448532683881, 31.565900768675871 ], [ -106.382987521854346, 31.565900768675871 ], [ -106.382987521854346, 31.566709252431576 ], [ -106.382718027269107, 31.566709252431576 ], [ -106.382718027269107, 31.566978747016812 ], [ -106.382448532683881, 31.566978747016812 ], [ -106.382448532683881, 31.56778723077252 ], [ -106.382987521854346, 31.56778723077252 ], [ -106.382987521854346, 31.568056725357756 ], [ -106.383526511024826, 31.568056725357756 ], [ -106.383526511024826, 31.568326219942993 ], [ -106.383257016439586, 31.568326219942993 ], [ -106.383257016439586, 31.568595714528229 ] ] ] ] } },
{ "type": "Feature", "properties": { "ZONA_MET": "Ju_rez", "INTENSIDAD": "Intensa", "T_PROM_POL": 3.0, "T_MIN_CIUD": 1.0, "DIF_TERMIC": 2.0 }, "geometry": { "type": "MultiPolygon", "coordinates": [ [ [ [ -106.387029940632885, 31.564822790334926 ], [ -106.385951962291941, 31.564822790334926 ], [ -106.385951962291941, 31.564014306579217 ], [ -106.38649095146242, 31.564014306579217 ], [ -106.38649095146242, 31.563744811993981 ], [ -106.386760446047646, 31.563744811993981 ], [ -106.386760446047646, 31.563475317408745 ], [ -106.387568929803351, 31.563475317408745 ], [ -106.387568929803351, 31.56455329574969 ], [ -106.387029940632885, 31.56455329574969 ], [ -106.387029940632885, 31.564822790334926 ] ] ] ] } },
{ "type": "Feature", "properties": { "ZONA_MET": "Ju_rez", "INTENSIDAD": "Extrema", "T_PROM_POL": 3.0, "T_MIN_CIUD": 1.0, "DIF_TERMIC": 2.0 }, "geometry": { "type": "MultiPolygon", "coordinates": [ [ [ [ -106.38810791897383, 31.565092284920162 ], [ -106.386760446047646, 31.565092284920162 ], [ -106.386760446047646, 31.564822790334926 ], [ -106.387029940632885, 31.564822790334926 ], [ -106.387029940632885, 31.56455329574969 ], [ -106.387568929803351, 31.56455329574969 ], [ -106.387568929803351, 31.563475317408745 ], [ -106.386760446047646, 31.563475317408745 ], [ -106.386760446047646, 31.563744811993981 ], [ -106.38649095146242, 31.563744811993981 ], [ -106.38649095146242, 31.564014306579217 ], [ -106.385951962291941, 31.564014306579217 ], [ -106.385951962291941, 31.564822790334926 ], [ -106.38649095146242, 31.564822790334926 ], [ -106.38649095146242, 31.565092284920162 ], [ -106.384873983950996, 31.565092284920162 ], [ -106.384873983950996, 31.563205822823509 ], [ -106.385143478536236, 31.563205822823509 ], [ -106.385143478536236, 31.562936328238276 ], [ -106.38810791897383, 31.562936328238276 ], [ -106.38810791897383, 31.564014306579217 ], [ -106.38783842438859, 31.564014306579217 ], [ -106.38783842438859, 31.56455329574969 ], [ -106.38810791897383, 31.56455329574969 ], [ -106.38810791897383, 31.565092284920162 ] ] ] ] } },
{ "type": "Feature", "properties": { "ZONA_MET": "Ju_rez", "INTENSIDAD": "Intensa", "T_PROM_POL": 3.0, "T_MIN_CIUD": 1.0, "DIF_TERMIC": 2.0 }, "geometry": { "type": "MultiPolygon", "coordinates": [ [ [ [ -106.388646908144295, 31.564014306579217 ], [ -106.38837741355907, 31.564014306579217 ], [ -106.38837741355907, 31.563205822823509 ], [ -106.388916402729535, 31.563205822823509 ], [ -106.388916402729535, 31.562936328238276 ], [ -106.389455391900015, 31.562936328238276 ], [ -106.389455391900015, 31.56266683365304 ], [ -106.38972488648524, 31.56266683365304 ], [ -106.38972488648524, 31.562397339067804 ], [ -106.39026387565572, 31.562397339067804 ], [ -106.39026387565572, 31.56266683365304 ], [ -106.38999438107048, 31.56266683365304 ], [ -106.38999438107048, 31.562936328238276 ], [ -106.38972488648524, 31.562936328238276 ], [ -106.38972488648524, 31.563205822823509 ], [ -106.389455391900015, 31.563205822823509 ], [ -106.389455391900015, 31.563475317408745 ], [ -106.388916402729535, 31.563475317408745 ], [ -106.388916402729535, 31.563744811993981 ], [ -106.388646908144295, 31.563744811993981 ], [ -106.388646908144295, 31.564014306579217 ] ] ] ] } },
{ "type": "Feature", "properties": { "ZONA_MET": "Ju_rez", "INTENSIDAD": "Extrema", "T_PROM_POL": 3.0, "T_MIN_CIUD": 1.0, "DIF_TERMIC": 2.0 }, "geometry": { "type": "MultiPolygon", "coordinates": [ [ [ [ -106.470034272885528, 31.564822790334926 ], [ -106.469764778300288, 31.564822790334926 ], [ -106.469764778300288, 31.562936328238276 ], [ -106.470034272885528, 31.562936328238276 ], [ -106.470034272885528, 31.562127844482568 ], [ -106.470573262056007, 31.562127844482568 ], [ -106.470573262056007, 31.562936328238276 ], [ -106.470303767470767, 31.562936328238276 ], [ -106.470303767470767, 31.563205822823509 ], [ -106.470034272885528, 31.563205822823509 ], [ -106.470034272885528, 31.564822790334926 ] ] ] ] } },
{ "type": "Feature", "properties": { "ZONA_MET": "Ju_rez", "INTENSIDAD": "Extrema", "T_PROM_POL": 3.0, "T_MIN_CIUD": 1.0, "DIF_TERMIC": 2.0 }, "geometry": { "type": "MultiPolygon", "coordinates": [ [ [ [ -106.465722359521749, 31.576411057500067 ], [ -106.465452864936523, 31.576411057500067 ], [ -106.465452864936523, 31.576141562914831 ], [ -106.464644381180818, 31.576141562914831 ], [ -106.464644381180818, 31.575872068329595 ], [ -106.464913875766044, 31.575872068329595 ], [ -106.464913875766044, 31.575602573744359 ], [ -106.465452864936523, 31.575602573744359 ], [ -106.465452864936523, 31.575872068329595 ], [ -106.465722359521749, 31.575872068329595 ], [ -106.465722359521749, 31.575602573744359 ], [ -106.465991854106989, 31.575602573744359 ], [ -106.465991854106989, 31.57506358457389 ], [ -106.466261348692228, 31.57506358457389 ], [ -106.466261348692228, 31.574255100818181 ], [ -106.466530843277468, 31.574255100818181 ], [ -106.466530843277468, 31.573716111647709 ], [ -106.466800337862693, 31.573716111647709 ], [ -106.466800337862693, 31.572907627892 ], [ -106.467069832447933, 31.572907627892 ], [ -106.467069832447933, 31.571290660380587 ], [ -106.467339327033173, 31.571290660380587 ], [ -106.467339327033173, 31.569943187454406 ], [ -106.467608821618413, 31.569943187454406 ], [ -106.467608821618413, 31.567517736187284 ], [ -106.467878316203638, 31.567517736187284 ], [ -106.467878316203638, 31.566439757846339 ], [ -106.467608821618413, 31.566439757846339 ], [ -106.467608821618413, 31.561858349897332 ], [ -106.467878316203638, 31.561858349897332 ], [ -106.467878316203638, 31.56266683365304 ], [ -106.468147810788878, 31.56266683365304 ], [ -106.468147810788878, 31.562936328238276 ], [ -106.468686799959343, 31.562936328238276 ], [ -106.468686799959343, 31.563205822823509 ], [ -106.467878316203638, 31.563205822823509 ], [ -106.467878316203638, 31.564283801164454 ], [ -106.468147810788878, 31.564283801164454 ], [ -106.468147810788878, 31.564822790334926 ], [ -106.467878316203638, 31.564822790334926 ], [ -106.467878316203638, 31.566170263261103 ], [ -106.468147810788878, 31.566170263261103 ], [ -106.468147810788878, 31.568595714528229 ], [ -106.467878316203638, 31.568595714528229 ], [ -106.467878316203638, 31.570751671210115 ], [ -106.467608821618413, 31.570751671210115 ], [ -106.467608821618413, 31.571290660380587 ], [ -106.467878316203638, 31.571290660380587 ], [ -106.467878316203638, 31.571021165795351 ], [ -106.468147810788878, 31.571021165795351 ], [ -106.468147810788878, 31.570212682039642 ], [ -106.468417305374118, 31.570212682039642 ], [ -106.468417305374118, 31.571829649551059 ], [ -106.468147810788878, 31.571829649551059 ], [ -106.468147810788878, 31.572638133306764 ], [ -106.467878316203638, 31.572638133306764 ], [ -106.467878316203638, 31.573985606232945 ], [ -106.467608821618413, 31.573985606232945 ], [ -106.467608821618413, 31.574524595403417 ], [ -106.467339327033173, 31.574524595403417 ], [ -106.467339327033173, 31.573716111647709 ], [ -106.467608821618413, 31.573716111647709 ], [ -106.467608821618413, 31.572907627892 ], [ -106.467339327033173, 31.572907627892 ], [ -106.467339327033173, 31.573446617062473 ], [ -106.467069832447933, 31.573446617062473 ], [ -106.467069832447933, 31.574524595403417 ], [ -106.466800337862693, 31.574524595403417 ], [ -106.466800337862693, 31.574794089988654 ], [ -106.466530843277468, 31.574794089988654 ], [ -106.466530843277468, 31.575333079159122 ], [ -106.466261348692228, 31.575333079159122 ], [ -106.466261348692228, 31.575872068329595 ], [ -106.465991854106989, 31.575872068329595 ], [ -106.465991854106989, 31.576141562914831 ], [ -106.465722359521749, 31.576141562914831 ], [ -106.465722359521749, 31.576411057500067 ] ], [ [ -106.467878316203638, 31.572099144136292 ], [ -106.467878316203638, 31.571560154965823 ], [ -106.467608821618413, 31.571560154965823 ], [ -106.467608821618413, 31.572099144136292 ], [ -106.467878316203638, 31.572099144136292 ] ] ] ] } },
{ "type": "Feature", "properties": { "ZONA_MET": "Ju_rez", "INTENSIDAD": "Intensa", "T_PROM_POL": 3.0, "T_MIN_CIUD": 1.0, "DIF_TERMIC": 2.0 }, "geometry": { "type": "MultiPolygon", "coordinates": [ [ [ [ -106.385143478536236, 31.562397339067804 ], [ -106.384873983950996, 31.562397339067804 ], [ -106.384873983950996, 31.562127844482568 ], [ -106.384604489365756, 31.562127844482568 ], [ -106.384604489365756, 31.561858349897332 ], [ -106.384334994780531, 31.561858349897332 ], [ -106.384334994780531, 31.561319360726859 ], [ -106.384065500195291, 31.561319360726859 ], [ -106.384065500195291, 31.561049866141623 ], [ -106.384604489365756, 31.561049866141623 ], [ -106.384604489365756, 31.561588855312095 ], [ -106.384873983950996, 31.561588855312095 ], [ -106.384873983950996, 31.561049866141623 ], [ -106.385412973121475, 31.561049866141623 ], [ -106.385412973121475, 31.561319360726859 ], [ -106.38622145687718, 31.561319360726859 ], [ -106.38622145687718, 31.561588855312095 ], [ -106.385951962291941, 31.561588855312095 ], [ -106.385951962291941, 31.562127844482568 ], [ -106.385143478536236, 31.562127844482568 ], [ -106.385143478536236, 31.562397339067804 ] ] ] ] } },
{ "type": "Feature", "properties": { "ZONA_MET": "Ju_rez", "INTENSIDAD": "Intensa", "T_PROM_POL": 3.0, "T_MIN_CIUD": 1.0, "DIF_TERMIC": 2.0 }, "geometry": { "type": "MultiPolygon", "coordinates": [ [ [ [ -106.382179038098641, 31.562936328238276 ], [ -106.381909543513402, 31.562936328238276 ], [ -106.381909543513402, 31.562397339067804 ], [ -106.381640048928162, 31.562397339067804 ], [ -106.381640048928162, 31.562127844482568 ], [ -106.381101059757697, 31.562127844482568 ], [ -106.381101059757697, 31.561858349897332 ], [ -106.380831565172457, 31.561858349897332 ], [ -106.380831565172457, 31.561588855312095 ], [ -106.380292576001992, 31.561588855312095 ], [ -106.380292576001992, 31.561049866141623 ], [ -106.379753586831512, 31.561049866141623 ], [ -106.379753586831512, 31.560780371556387 ], [ -106.380562070587231, 31.560780371556387 ], [ -106.380562070587231, 31.561049866141623 ], [ -106.380831565172457, 31.561049866141623 ], [ -106.380831565172457, 31.560780371556387 ], [ -106.381101059757697, 31.560780371556387 ], [ -106.381101059757697, 31.560510876971151 ], [ -106.381370554342936, 31.560510876971151 ], [ -106.381370554342936, 31.560241382385914 ], [ -106.381640048928162, 31.560241382385914 ], [ -106.381640048928162, 31.561049866141623 ], [ -106.381909543513402, 31.561049866141623 ], [ -106.381909543513402, 31.561319360726859 ], [ -106.382179038098641, 31.561319360726859 ], [ -106.382179038098641, 31.561588855312095 ], [ -106.381640048928162, 31.561588855312095 ], [ -106.381640048928162, 31.561858349897332 ], [ -106.382179038098641, 31.561858349897332 ], [ -106.382179038098641, 31.562936328238276 ] ] ] ] } },
{ "type": "Feature", "properties": { "ZONA_MET": "Ju_rez", "INTENSIDAD": "Extrema", "T_PROM_POL": 3.0, "T_MIN_CIUD": 1.0, "DIF_TERMIC": 2.0 }, "geometry": { "type": "MultiPolygon", "coordinates": [ [ [ [ -106.38837741355907, 31.556737952777851 ], [ -106.38810791897383, 31.556737952777851 ], [ -106.38810791897383, 31.556468458192615 ], [ -106.387568929803351, 31.556468458192615 ], [ -106.387568929803351, 31.556198963607379 ], [ -106.387299435218125, 31.556198963607379 ], [ -106.387299435218125, 31.555929469022143 ], [ -106.386760446047646, 31.555929469022143 ], [ -106.386760446047646, 31.55539047985167 ], [ -106.38622145687718, 31.55539047985167 ], [ -106.38622145687718, 31.555120985266434 ], [ -106.385951962291941, 31.555120985266434 ], [ -106.385951962291941, 31.554851490681198 ], [ -106.385682467706701, 31.554851490681198 ], [ -106.385682467706701, 31.554581996095962 ], [ -106.38622145687718, 31.554581996095962 ], [ -106.38622145687718, 31.554851490681198 ], [ -106.38649095146242, 31.554851490681198 ], [ -106.38649095146242, 31.555120985266434 ], [ -106.387029940632885, 31.555120985266434 ], [ -106.387029940632885, 31.55539047985167 ], [ -106.387299435218125, 31.55539047985167 ], [ -106.387299435218125, 31.555659974436907 ], [ -106.387568929803351, 31.555659974436907 ], [ -106.387568929803351, 31.555929469022143 ], [ -106.38810791897383, 31.555929469022143 ], [ -106.38810791897383, 31.556198963607379 ], [ -106.38837741355907, 31.556198963607379 ], [ -106.38837741355907, 31.556737952777851 ] ] ] ] } },
{ "type": "Feature", "properties": { "ZONA_MET": "Ju_rez", "INTENSIDAD": "Intensa", "T_PROM_POL": 3.0, "T_MIN_CIUD": 1.0, "DIF_TERMIC": 2.0 }, "geometry": { "type": "MultiPolygon", "coordinates": [ [ [ [ -106.351187160796513, 31.555120985266434 ], [ -106.350917666211274, 31.555120985266434 ], [ -106.350917666211274, 31.554312501510726 ], [ -106.351187160796513, 31.554312501510726 ], [ -106.351187160796513, 31.553234523169785 ], [ -106.351456655381753, 31.553234523169785 ], [ -106.351456655381753, 31.552695533999312 ], [ -106.351995644552218, 31.552695533999312 ], [ -106.351995644552218, 31.553234523169785 ], [ -106.352265139137458, 31.553234523169785 ], [ -106.352265139137458, 31.554581996095962 ], [ -106.351995644552218, 31.554581996095962 ], [ -106.351995644552218, 31.55404300692549 ], [ -106.351726149966993, 31.55404300692549 ], [ -106.351726149966993, 31.554312501510726 ], [ -106.351456655381753, 31.554312501510726 ], [ -106.351456655381753, 31.554851490681198 ], [ -106.351187160796513, 31.554851490681198 ], [ -106.351187160796513, 31.555120985266434 ] ], [ [ -106.351995644552218, 31.553773512340257 ], [ -106.351995644552218, 31.553504017755021 ], [ -106.351726149966993, 31.553504017755021 ], [ -106.351726149966993, 31.553773512340257 ], [ -106.351995644552218, 31.553773512340257 ] ] ] ] } },
{ "type": "Feature", "properties": { "ZONA_MET": "Ju_rez", "INTENSIDAD": "Intensa", "T_PROM_POL": 3.0, "T_MIN_CIUD": 1.0, "DIF_TERMIC": 2.0 }, "geometry": { "type": "MultiPolygon", "coordinates": [ [ [ [ -106.341754850313265, 31.553504017755021 ], [ -106.34094636655756, 31.553504017755021 ], [ -106.34094636655756, 31.553234523169785 ], [ -106.340407377387081, 31.553234523169785 ], [ -106.340407377387081, 31.551887050243604 ], [ -106.34067687197232, 31.551887050243604 ], [ -106.34067687197232, 31.552426039414076 ], [ -106.34094636655756, 31.552426039414076 ], [ -106.34094636655756, 31.552695533999312 ], [ -106.341215861142786, 31.552695533999312 ], [ -106.341215861142786, 31.552965028584548 ], [ -106.341485355728025, 31.552965028584548 ], [ -106.341485355728025, 31.553234523169785 ], [ -106.341754850313265, 31.553234523169785 ], [ -106.341754850313265, 31.553504017755021 ] ] ] ] } },
{ "type": "Feature", "properties": { "ZONA_MET": "Ju_rez", "INTENSIDAD": "Intensa", "T_PROM_POL": 3.0, "T_MIN_CIUD": 1.0, "DIF_TERMIC": 2.0 }, "geometry": { "type": "MultiPolygon", "coordinates": [ [ [ [ -106.337173442364247, 31.556737952777851 ], [ -106.336634453193781, 31.556737952777851 ], [ -106.336634453193781, 31.556198963607379 ], [ -106.336903947779021, 31.556198963607379 ], [ -106.336903947779021, 31.55539047985167 ], [ -106.337442936949486, 31.55539047985167 ], [ -106.337442936949486, 31.554581996095962 ], [ -106.337712431534726, 31.554581996095962 ], [ -106.337712431534726, 31.55404300692549 ], [ -106.337981926119966, 31.55404300692549 ], [ -106.337981926119966, 31.553504017755021 ], [ -106.338251420705191, 31.553504017755021 ], [ -106.338251420705191, 31.552965028584548 ], [ -106.338520915290431, 31.552965028584548 ], [ -106.338520915290431, 31.552695533999312 ], [ -106.338790409875671, 31.552695533999312 ], [ -106.338790409875671, 31.55215654482884 ], [ -106.339059904460896, 31.55215654482884 ], [ -106.339059904460896, 31.551617555658368 ], [ -106.339329399046136, 31.551617555658368 ], [ -106.339329399046136, 31.551078566487895 ], [ -106.339598893631376, 31.551078566487895 ], [ -106.339598893631376, 31.55215654482884 ], [ -106.339329399046136, 31.55215654482884 ], [ -106.339329399046136, 31.552695533999312 ], [ -106.339059904460896, 31.552695533999312 ], [ -106.339059904460896, 31.553504017755021 ], [ -106.338520915290431, 31.553504017755021 ], [ -106.338520915290431, 31.554312501510726 ], [ -106.338251420705191, 31.554312501510726 ], [ -106.338251420705191, 31.554851490681198 ], [ -106.337981926119966, 31.554851490681198 ], [ -106.337981926119966, 31.55539047985167 ], [ -106.337712431534726, 31.55539047985167 ], [ -106.337712431534726, 31.555659974436907 ], [ -106.337442936949486, 31.555659974436907 ], [ -106.337442936949486, 31.556198963607379 ], [ -106.337173442364247, 31.556198963607379 ], [ -106.337173442364247, 31.556737952777851 ] ] ] ] } },
{ "type": "Feature", "properties": { "ZONA_MET": "Ju_rez", "INTENSIDAD": "Intensa", "T_PROM_POL": 3.0, "T_MIN_CIUD": 1.0, "DIF_TERMIC": 2.0 }, "geometry": { "type": "MultiPolygon", "coordinates": [ [ [ [ -106.370590770933504, 31.551617555658368 ], [ -106.369243298007319, 31.551617555658368 ], [ -106.369243298007319, 31.551348061073131 ], [ -106.368704308836854, 31.551348061073131 ], [ -106.368704308836854, 31.551078566487895 ], [ -106.36897380342208, 31.551078566487895 ], [ -106.36897380342208, 31.550809071902663 ], [ -106.369243298007319, 31.550809071902663 ], [ -106.369243298007319, 31.551078566487895 ], [ -106.370590770933504, 31.551078566487895 ], [ -106.370590770933504, 31.550809071902663 ], [ -106.371399254689209, 31.550809071902663 ], [ -106.371399254689209, 31.551078566487895 ], [ -106.370860265518729, 31.551078566487895 ], [ -106.370860265518729, 31.551348061073131 ], [ -106.370590770933504, 31.551348061073131 ], [ -106.370590770933504, 31.551617555658368 ] ] ] ] } },
{ "type": "Feature", "properties": { "ZONA_MET": "Ju_rez", "INTENSIDAD": "Intensa", "T_PROM_POL": 3.0, "T_MIN_CIUD": 1.0, "DIF_TERMIC": 2.0 }, "geometry": { "type": "MultiPolygon", "coordinates": [ [ [ [ -106.342024344898491, 31.550539577317426 ], [ -106.341754850313265, 31.550539577317426 ], [ -106.341754850313265, 31.549731093561718 ], [ -106.342024344898491, 31.549731093561718 ], [ -106.342024344898491, 31.549461598976482 ], [ -106.34229383948373, 31.549461598976482 ], [ -106.34229383948373, 31.548922609806009 ], [ -106.34256333406897, 31.548922609806009 ], [ -106.34256333406897, 31.548653115220773 ], [ -106.343102323239435, 31.548653115220773 ], [ -106.343102323239435, 31.548383620635537 ], [ -106.343371817824675, 31.548383620635537 ], [ -106.343371817824675, 31.548114126050301 ], [ -106.343910806995154, 31.548114126050301 ], [ -106.343910806995154, 31.548383620635537 ], [ -106.343641312409915, 31.548383620635537 ], [ -106.343641312409915, 31.548653115220773 ], [ -106.343371817824675, 31.548653115220773 ], [ -106.343371817824675, 31.548922609806009 ], [ -106.343102323239435, 31.548922609806009 ], [ -106.343102323239435, 31.549461598976482 ], [ -106.34256333406897, 31.549461598976482 ], [ -106.34256333406897, 31.550000588146954 ], [ -106.34229383948373, 31.550000588146954 ], [ -106.34229383948373, 31.55027008273219 ], [ -106.342024344898491, 31.55027008273219 ], [ -106.342024344898491, 31.550539577317426 ] ] ] ] } },
{ "type": "Feature", "properties": { "ZONA_MET": "Ju_rez", "INTENSIDAD": "Intensa", "T_PROM_POL": 3.0, "T_MIN_CIUD": 1.0, "DIF_TERMIC": 2.0 }, "geometry": { "type": "MultiPolygon", "coordinates": [ [ [ [ -106.343371817824675, 31.553773512340257 ], [ -106.343102323239435, 31.553773512340257 ], [ -106.343102323239435, 31.553504017755021 ], [ -106.34283282865421, 31.553504017755021 ], [ -106.34283282865421, 31.552965028584548 ], [ -106.343102323239435, 31.552965028584548 ], [ -106.343102323239435, 31.552695533999312 ], [ -106.343371817824675, 31.552695533999312 ], [ -106.343371817824675, 31.55215654482884 ], [ -106.343641312409915, 31.55215654482884 ], [ -106.343641312409915, 31.551887050243604 ], [ -106.343910806995154, 31.551887050243604 ], [ -106.343910806995154, 31.551617555658368 ], [ -106.34444979616562, 31.551617555658368 ], [ -106.34444979616562, 31.551078566487895 ], [ -106.344719290750859, 31.551078566487895 ], [ -106.344719290750859, 31.550539577317426 ], [ -106.345258279921325, 31.550539577317426 ], [ -106.345258279921325, 31.550000588146954 ], [ -106.345527774506564, 31.550000588146954 ], [ -106.345527774506564, 31.549731093561718 ], [ -106.345797269091804, 31.549731093561718 ], [ -106.345797269091804, 31.549461598976482 ], [ -106.34606676367703, 31.549461598976482 ], [ -106.34606676367703, 31.549192104391246 ], [ -106.346336258262269, 31.549192104391246 ], [ -106.346336258262269, 31.548922609806009 ], [ -106.346605752847509, 31.548922609806009 ], [ -106.346605752847509, 31.548653115220773 ], [ -106.346875247432749, 31.548653115220773 ], [ -106.346875247432749, 31.547575136879832 ], [ -106.347683731188454, 31.547575136879832 ], [ -106.347683731188454, 31.548653115220773 ], [ -106.347414236603214, 31.548653115220773 ], [ -106.347414236603214, 31.549461598976482 ], [ -106.347144742017974, 31.549461598976482 ], [ -106.347144742017974, 31.549731093561718 ], [ -106.346875247432749, 31.549731093561718 ], [ -106.346875247432749, 31.550000588146954 ], [ -106.346605752847509, 31.550000588146954 ], [ -106.346605752847509, 31.55027008273219 ], [ -106.345797269091804, 31.55027008273219 ], [ -106.345797269091804, 31.550539577317426 ], [ -106.345527774506564, 31.550539577317426 ], [ -106.345527774506564, 31.551078566487895 ], [ -106.345258279921325, 31.551078566487895 ], [ -106.345258279921325, 31.551348061073131 ], [ -106.344988785336085, 31.551348061073131 ], [ -106.344988785336085, 31.551887050243604 ], [ -106.344719290750859, 31.551887050243604 ], [ -106.344719290750859, 31.552426039414076 ], [ -106.34418030158038, 31.552426039414076 ], [ -106.34418030158038, 31.552695533999312 ], [ -106.343910806995154, 31.552695533999312 ], [ -106.343910806995154, 31.552965028584548 ], [ -106.343641312409915, 31.552965028584548 ], [ -106.343641312409915, 31.553504017755021 ], [ -106.343371817824675, 31.553504017755021 ], [ -106.343371817824675, 31.553773512340257 ] ] ] ] } },
{ "type": "Feature", "properties": { "ZONA_MET": "Ju_rez", "INTENSIDAD": "Extrema", "T_PROM_POL": 3.0, "T_MIN_CIUD": 1.0, "DIF_TERMIC": 2.0 }, "geometry": { "type": "MultiPolygon", "coordinates": [ [ [ [ -106.378406113905342, 31.548383620635537 ], [ -106.377867124734863, 31.548383620635537 ], [ -106.377867124734863, 31.548114126050301 ], [ -106.377597630149637, 31.548114126050301 ], [ -106.377597630149637, 31.547844631465068 ], [ -106.377328135564397, 31.547844631465068 ], [ -106.377328135564397, 31.547575136879832 ], [ -106.377058640979158, 31.547575136879832 ], [ -106.377058640979158, 31.547305642294596 ], [ -106.376789146393918, 31.547305642294596 ], [ -106.376789146393918, 31.54703614770936 ], [ -106.376519651808692, 31.54703614770936 ], [ -106.376519651808692, 31.546227663953651 ], [ -106.376789146393918, 31.546227663953651 ], [ -106.376789146393918, 31.546766653124124 ], [ -106.377058640979158, 31.546766653124124 ], [ -106.377058640979158, 31.54703614770936 ], [ -106.377328135564397, 31.54703614770936 ], [ -106.377328135564397, 31.547305642294596 ], [ -106.377597630149637, 31.547305642294596 ], [ -106.377597630149637, 31.547575136879832 ], [ -106.377867124734863, 31.547575136879832 ], [ -106.377867124734863, 31.547844631465068 ], [ -106.378136619320102, 31.547844631465068 ], [ -106.378136619320102, 31.548114126050301 ], [ -106.378406113905342, 31.548114126050301 ], [ -106.378406113905342, 31.548383620635537 ] ] ] ] } },
{ "type": "Feature", "properties": { "ZONA_MET": "Ju_rez", "INTENSIDAD": "Intensa", "T_PROM_POL": 3.0, "T_MIN_CIUD": 1.0, "DIF_TERMIC": 2.0 }, "geometry": { "type": "MultiPolygon", "coordinates": [ [ [ [ -106.34418030158038, 31.548114126050301 ], [ -106.343910806995154, 31.548114126050301 ], [ -106.343910806995154, 31.547305642294596 ], [ -106.34444979616562, 31.547305642294596 ], [ -106.34444979616562, 31.546766653124124 ], [ -106.344719290750859, 31.546766653124124 ], [ -106.344719290750859, 31.545958169368415 ], [ -106.345258279921325, 31.545958169368415 ], [ -106.345258279921325, 31.546497158538887 ], [ -106.345527774506564, 31.546497158538887 ], [ -106.345527774506564, 31.546766653124124 ], [ -106.345258279921325, 31.546766653124124 ], [ -106.345258279921325, 31.54703614770936 ], [ -106.344719290750859, 31.54703614770936 ], [ -106.344719290750859, 31.547575136879832 ], [ -106.34444979616562, 31.547575136879832 ], [ -106.34444979616562, 31.547844631465068 ], [ -106.34418030158038, 31.547844631465068 ], [ -106.34418030158038, 31.548114126050301 ] ] ] ] } },
{ "type": "Feature", "properties": { "ZONA_MET": "Ju_rez", "INTENSIDAD": "Intensa", "T_PROM_POL": 3.0, "T_MIN_CIUD": 1.0, "DIF_TERMIC": 2.0 }, "geometry": { "type": "MultiPolygon", "coordinates": [ [ [ [ -106.392958821508074, 31.547575136879832 ], [ -106.392419832337609, 31.547575136879832 ], [ -106.392419832337609, 31.547305642294596 ], [ -106.392689326922834, 31.547305642294596 ], [ -106.392689326922834, 31.546766653124124 ], [ -106.392150337752369, 31.546766653124124 ], [ -106.392150337752369, 31.546227663953651 ], [ -106.392689326922834, 31.546227663953651 ], [ -106.392689326922834, 31.545958169368415 ], [ -106.393228316093314, 31.545958169368415 ], [ -106.393228316093314, 31.546227663953651 ], [ -106.392958821508074, 31.546227663953651 ], [ -106.392958821508074, 31.546497158538887 ], [ -106.393228316093314, 31.546497158538887 ], [ -106.393228316093314, 31.546766653124124 ], [ -106.393497810678539, 31.546766653124124 ], [ -106.393497810678539, 31.54703614770936 ], [ -106.392958821508074, 31.54703614770936 ], [ -106.392958821508074, 31.547575136879832 ] ] ] ] } },
{ "type": "Feature", "properties": { "ZONA_MET": "Ju_rez", "INTENSIDAD": "Intensa", "T_PROM_POL": 3.0, "T_MIN_CIUD": 1.0, "DIF_TERMIC": 2.0 }, "geometry": { "type": "MultiPolygon", "coordinates": [ [ [ [ -106.342024344898491, 31.548383620635537 ], [ -106.341215861142786, 31.548383620635537 ], [ -106.341215861142786, 31.547575136879832 ], [ -106.341485355728025, 31.547575136879832 ], [ -106.341485355728025, 31.54703614770936 ], [ -106.341754850313265, 31.54703614770936 ], [ -106.341754850313265, 31.546497158538887 ], [ -106.342024344898491, 31.546497158538887 ], [ -106.342024344898491, 31.545958169368415 ], [ -106.34229383948373, 31.545958169368415 ], [ -106.34229383948373, 31.545688674783179 ], [ -106.34256333406897, 31.545688674783179 ], [ -106.34256333406897, 31.545419180197943 ], [ -106.34283282865421, 31.545419180197943 ], [ -106.34283282865421, 31.545688674783179 ], [ -106.343102323239435, 31.545688674783179 ], [ -106.343102323239435, 31.545419180197943 ], [ -106.343371817824675, 31.545419180197943 ], [ -106.343371817824675, 31.545149685612706 ], [ -106.343641312409915, 31.545149685612706 ], [ -106.343641312409915, 31.544880191027474 ], [ -106.343910806995154, 31.544880191027474 ], [ -106.343910806995154, 31.545419180197943 ], [ -106.344719290750859, 31.545419180197943 ], [ -106.344719290750859, 31.545958169368415 ], [ -106.34444979616562, 31.545958169368415 ], [ -106.34444979616562, 31.545688674783179 ], [ -106.343371817824675, 31.545688674783179 ], [ -106.343371817824675, 31.545958169368415 ], [ -106.34283282865421, 31.545958169368415 ], [ -106.34283282865421, 31.546497158538887 ], [ -106.34256333406897, 31.546497158538887 ], [ -106.34256333406897, 31.546766653124124 ], [ -106.34283282865421, 31.546766653124124 ], [ -106.34283282865421, 31.54703614770936 ], [ -106.34229383948373, 31.54703614770936 ], [ -106.34229383948373, 31.547575136879832 ], [ -106.341754850313265, 31.547575136879832 ], [ -106.341754850313265, 31.548114126050301 ], [ -106.342024344898491, 31.548114126050301 ], [ -106.342024344898491, 31.548383620635537 ] ] ] ] } },
{ "type": "Feature", "properties": { "ZONA_MET": "Ju_rez", "INTENSIDAD": "Intensa", "T_PROM_POL": 3.0, "T_MIN_CIUD": 1.0, "DIF_TERMIC": 2.0 }, "geometry": { "type": "MultiPolygon", "coordinates": [ [ [ [ -106.348222720358919, 31.545958169368415 ], [ -106.347683731188454, 31.545958169368415 ], [ -106.347683731188454, 31.545688674783179 ], [ -106.347953225773679, 31.545688674783179 ], [ -106.347953225773679, 31.545419180197943 ], [ -106.348492214944159, 31.545419180197943 ], [ -106.348492214944159, 31.545149685612706 ], [ -106.348761709529398, 31.545149685612706 ], [ -106.348761709529398, 31.544880191027474 ], [ -106.349570193285103, 31.544880191027474 ], [ -106.349570193285103, 31.544610696442238 ], [ -106.350109182455569, 31.544610696442238 ], [ -106.350109182455569, 31.544341201857002 ], [ -106.350917666211274, 31.544341201857002 ], [ -106.350917666211274, 31.544071707271765 ], [ -106.351456655381753, 31.544071707271765 ], [ -106.351456655381753, 31.544610696442238 ], [ -106.351187160796513, 31.544610696442238 ], [ -106.351187160796513, 31.544880191027474 ], [ -106.350917666211274, 31.544880191027474 ], [ -106.350917666211274, 31.544610696442238 ], [ -106.350648171626048, 31.544610696442238 ], [ -106.350648171626048, 31.544880191027474 ], [ -106.350109182455569, 31.544880191027474 ], [ -106.350109182455569, 31.545149685612706 ], [ -106.349570193285103, 31.545149685612706 ], [ -106.349570193285103, 31.545419180197943 ], [ -106.349031204114624, 31.545419180197943 ], [ -106.349031204114624, 31.545688674783179 ], [ -106.348222720358919, 31.545688674783179 ], [ -106.348222720358919, 31.545958169368415 ] ] ] ] } },
{ "type": "Feature", "properties": { "ZONA_MET": "Ju_rez", "INTENSIDAD": "Intensa", "T_PROM_POL": 3.0, "T_MIN_CIUD": 1.0, "DIF_TERMIC": 2.0 }, "geometry": { "type": "MultiPolygon", "coordinates": [ [ [ [ -106.366278857569725, 31.544880191027474 ], [ -106.36493138464354, 31.544880191027474 ], [ -106.36493138464354, 31.544610696442238 ], [ -106.364661890058315, 31.544610696442238 ], [ -106.364661890058315, 31.544071707271765 ], [ -106.364392395473075, 31.544071707271765 ], [ -106.364392395473075, 31.543532718101293 ], [ -106.364661890058315, 31.543532718101293 ], [ -106.364661890058315, 31.543802212686529 ], [ -106.36493138464354, 31.543802212686529 ], [ -106.36493138464354, 31.544341201857002 ], [ -106.36520087922878, 31.544341201857002 ], [ -106.36520087922878, 31.544610696442238 ], [ -106.36547037381402, 31.544610696442238 ], [ -106.36547037381402, 31.544341201857002 ], [ -106.36573986839926, 31.544341201857002 ], [ -106.36573986839926, 31.544071707271765 ], [ -106.36681784674019, 31.544071707271765 ], [ -106.36681784674019, 31.544341201857002 ], [ -106.366278857569725, 31.544341201857002 ], [ -106.366278857569725, 31.544880191027474 ] ] ] ] } },
{ "type": "Feature", "properties": { "ZONA_MET": "Ju_rez", "INTENSIDAD": "Intensa", "T_PROM_POL": 3.0, "T_MIN_CIUD": 1.0, "DIF_TERMIC": 2.0 }, "geometry": { "type": "MultiPolygon", "coordinates": [ [ [ [ -106.351995644552218, 31.544341201857002 ], [ -106.351726149966993, 31.544341201857002 ], [ -106.351726149966993, 31.544071707271765 ], [ -106.351456655381753, 31.544071707271765 ], [ -106.351456655381753, 31.543802212686529 ], [ -106.351726149966993, 31.543802212686529 ], [ -106.351726149966993, 31.543532718101293 ], [ -106.352265139137458, 31.543532718101293 ], [ -106.352265139137458, 31.543263223516057 ], [ -106.352804128307938, 31.543263223516057 ], [ -106.352804128307938, 31.542993728930821 ], [ -106.353073622893163, 31.542993728930821 ], [ -106.353073622893163, 31.543532718101293 ], [ -106.352804128307938, 31.543532718101293 ], [ -106.352804128307938, 31.544071707271765 ], [ -106.351995644552218, 31.544071707271765 ], [ -106.351995644552218, 31.544341201857002 ] ] ] ] } },
{ "type": "Feature", "properties": { "ZONA_MET": "Ju_rez", "INTENSIDAD": "Intensa", "T_PROM_POL": 3.0, "T_MIN_CIUD": 1.0, "DIF_TERMIC": 2.0 }, "geometry": { "type": "MultiPolygon", "coordinates": [ [ [ [ -106.405625067014157, 31.545149685612706 ], [ -106.405355572428917, 31.545149685612706 ], [ -106.405355572428917, 31.544610696442238 ], [ -106.405086077843691, 31.544610696442238 ], [ -106.405086077843691, 31.545149685612706 ], [ -106.404547088673212, 31.545149685612706 ], [ -106.404547088673212, 31.544610696442238 ], [ -106.404816583258452, 31.544610696442238 ], [ -106.404816583258452, 31.544341201857002 ], [ -106.404547088673212, 31.544341201857002 ], [ -106.404547088673212, 31.544071707271765 ], [ -106.403469110332267, 31.544071707271765 ], [ -106.403469110332267, 31.544341201857002 ], [ -106.403199615747042, 31.544341201857002 ], [ -106.403199615747042, 31.545149685612706 ], [ -106.402660626576562, 31.545149685612706 ], [ -106.402660626576562, 31.544880191027474 ], [ -106.402930121161802, 31.544880191027474 ], [ -106.402930121161802, 31.543802212686529 ], [ -106.403469110332267, 31.543802212686529 ], [ -106.403469110332267, 31.543532718101293 ], [ -106.402121637406097, 31.543532718101293 ], [ -106.402121637406097, 31.543263223516057 ], [ -106.402391131991322, 31.543263223516057 ], [ -106.402391131991322, 31.542993728930821 ], [ -106.402660626576562, 31.542993728930821 ], [ -106.402660626576562, 31.542724234345584 ], [ -106.403199615747042, 31.542724234345584 ], [ -106.403199615747042, 31.542993728930821 ], [ -106.403738604917507, 31.542993728930821 ], [ -106.403738604917507, 31.543263223516057 ], [ -106.404008099502747, 31.543263223516057 ], [ -106.404008099502747, 31.543532718101293 ], [ -106.404547088673212, 31.543532718101293 ], [ -106.404547088673212, 31.543263223516057 ], [ -106.405086077843691, 31.543263223516057 ], [ -106.405086077843691, 31.543532718101293 ], [ -106.405355572428917, 31.543532718101293 ], [ -106.405355572428917, 31.544071707271765 ], [ -106.405625067014157, 31.544071707271765 ], [ -106.405625067014157, 31.545149685612706 ] ] ] ] } },
{ "type": "Feature", "properties": { "ZONA_MET": "Ju_rez", "INTENSIDAD": "Intensa", "T_PROM_POL": 3.0, "T_MIN_CIUD": 1.0, "DIF_TERMIC": 2.0 }, "geometry": { "type": "MultiPolygon", "coordinates": [ [ [ [ -106.374094200541563, 31.544341201857002 ], [ -106.373285716785858, 31.544341201857002 ], [ -106.373285716785858, 31.544071707271765 ], [ -106.372477233030153, 31.544071707271765 ], [ -106.372477233030153, 31.543802212686529 ], [ -106.371938243859674, 31.543802212686529 ], [ -106.371938243859674, 31.544071707271765 ], [ -106.371399254689209, 31.544071707271765 ], [ -106.371399254689209, 31.543263223516057 ], [ -106.371668749274448, 31.543263223516057 ], [ -106.371668749274448, 31.542993728930821 ], [ -106.371938243859674, 31.542993728930821 ], [ -106.371938243859674, 31.542724234345584 ], [ -106.372746727615379, 31.542724234345584 ], [ -106.372746727615379, 31.542993728930821 ], [ -106.373016222200619, 31.542993728930821 ], [ -106.373016222200619, 31.543263223516057 ], [ -106.373285716785858, 31.543263223516057 ], [ -106.373285716785858, 31.542993728930821 ], [ -106.373555211371098, 31.542993728930821 ], [ -106.373555211371098, 31.543532718101293 ], [ -106.373824705956324, 31.543532718101293 ], [ -106.373824705956324, 31.544071707271765 ], [ -106.374094200541563, 31.544071707271765 ], [ -106.374094200541563, 31.544341201857002 ] ], [ [ -106.373555211371098, 31.544071707271765 ], [ -106.373555211371098, 31.543802212686529 ], [ -106.373285716785858, 31.543802212686529 ], [ -106.373285716785858, 31.544071707271765 ], [ -106.373555211371098, 31.544071707271765 ] ] ] ] } },
{ "type": "Feature", "properties": { "ZONA_MET": "Ju_rez", "INTENSIDAD": "Intensa", "T_PROM_POL": 3.0, "T_MIN_CIUD": 1.0, "DIF_TERMIC": 2.0 }, "geometry": { "type": "MultiPolygon", "coordinates": [ [ [ [ -106.355229579575052, 31.543802212686529 ], [ -106.354690590404587, 31.543802212686529 ], [ -106.354690590404587, 31.543532718101293 ], [ -106.354421095819347, 31.543532718101293 ], [ -106.354421095819347, 31.543263223516057 ], [ -106.354151601234108, 31.543263223516057 ], [ -106.354151601234108, 31.542993728930821 ], [ -106.353882106648868, 31.542993728930821 ], [ -106.353882106648868, 31.542185245175112 ], [ -106.354690590404587, 31.542185245175112 ], [ -106.354690590404587, 31.542724234345584 ], [ -106.354960084989813, 31.542724234345584 ], [ -106.354960084989813, 31.543532718101293 ], [ -106.355229579575052, 31.543532718101293 ], [ -106.355229579575052, 31.543802212686529 ] ] ] ] } },
{ "type": "Feature", "properties": { "ZONA_MET": "Ju_rez", "INTENSIDAD": "Intensa", "T_PROM_POL": 3.0, "T_MIN_CIUD": 1.0, "DIF_TERMIC": 2.0 }, "geometry": { "type": "MultiPolygon", "coordinates": [ [ [ [ -106.368704308836854, 31.543802212686529 ], [ -106.368165319666375, 31.543802212686529 ], [ -106.368165319666375, 31.543532718101293 ], [ -106.368434814251614, 31.543532718101293 ], [ -106.368434814251614, 31.542724234345584 ], [ -106.369243298007319, 31.542724234345584 ], [ -106.369243298007319, 31.542454739760348 ], [ -106.370051781763024, 31.542454739760348 ], [ -106.370051781763024, 31.542185245175112 ], [ -106.370590770933504, 31.542185245175112 ], [ -106.370590770933504, 31.542724234345584 ], [ -106.369512792592559, 31.542724234345584 ], [ -106.369512792592559, 31.542993728930821 ], [ -106.368704308836854, 31.542993728930821 ], [ -106.368704308836854, 31.543802212686529 ] ] ] ] } },
{ "type": "Feature", "properties": { "ZONA_MET": "Ju_rez", "INTENSIDAD": "Intensa", "T_PROM_POL": 3.0, "T_MIN_CIUD": 1.0, "DIF_TERMIC": 2.0 }, "geometry": { "type": "MultiPolygon", "coordinates": [ [ [ [ -106.361427955035481, 31.542724234345584 ], [ -106.360888965865001, 31.542724234345584 ], [ -106.360888965865001, 31.542454739760348 ], [ -106.360619471279776, 31.542454739760348 ], [ -106.360619471279776, 31.542724234345584 ], [ -106.360349976694536, 31.542724234345584 ], [ -106.360349976694536, 31.542454739760348 ], [ -106.360080482109296, 31.542454739760348 ], [ -106.360080482109296, 31.542185245175112 ], [ -106.360619471279776, 31.542185245175112 ], [ -106.360619471279776, 31.54191575058988 ], [ -106.361966944205946, 31.54191575058988 ], [ -106.361966944205946, 31.542454739760348 ], [ -106.361427955035481, 31.542454739760348 ], [ -106.361427955035481, 31.542724234345584 ] ], [ [ -106.361427955035481, 31.542454739760348 ], [ -106.361427955035481, 31.542185245175112 ], [ -106.361158460450241, 31.542185245175112 ], [ -106.361158460450241, 31.542454739760348 ], [ -106.361427955035481, 31.542454739760348 ] ] ] ] } },
{ "type": "Feature", "properties": { "ZONA_MET": "Ju_rez", "INTENSIDAD": "Intensa", "T_PROM_POL": 3.0, "T_MIN_CIUD": 1.0, "DIF_TERMIC": 2.0 }, "geometry": { "type": "MultiPolygon", "coordinates": [ [ [ [ -106.377867124734863, 31.543532718101293 ], [ -106.377597630149637, 31.543532718101293 ], [ -106.377597630149637, 31.543263223516057 ], [ -106.377058640979158, 31.543263223516057 ], [ -106.377058640979158, 31.542993728930821 ], [ -106.376789146393918, 31.542993728930821 ], [ -106.376789146393918, 31.542724234345584 ], [ -106.376519651808692, 31.542724234345584 ], [ -106.376519651808692, 31.542454739760348 ], [ -106.376250157223453, 31.542454739760348 ], [ -106.376250157223453, 31.542185245175112 ], [ -106.375980662638213, 31.542185245175112 ], [ -106.375980662638213, 31.54191575058988 ], [ -106.375441673467748, 31.54191575058988 ], [ -106.375441673467748, 31.541376761419407 ], [ -106.375711168052973, 31.541376761419407 ], [ -106.375711168052973, 31.541646256004643 ], [ -106.376250157223453, 31.541646256004643 ], [ -106.376250157223453, 31.54191575058988 ], [ -106.376789146393918, 31.54191575058988 ], [ -106.376789146393918, 31.542185245175112 ], [ -106.377058640979158, 31.542185245175112 ], [ -106.377058640979158, 31.542454739760348 ], [ -106.377597630149637, 31.542454739760348 ], [ -106.377597630149637, 31.542724234345584 ], [ -106.377867124734863, 31.542724234345584 ], [ -106.377867124734863, 31.542993728930821 ], [ -106.378136619320102, 31.542993728930821 ], [ -106.378136619320102, 31.543263223516057 ], [ -106.377867124734863, 31.543263223516057 ], [ -106.377867124734863, 31.543532718101293 ] ] ] ] } },
{ "type": "Feature", "properties": { "ZONA_MET": "Ju_rez", "INTENSIDAD": "Intensa", "T_PROM_POL": 3.0, "T_MIN_CIUD": 1.0, "DIF_TERMIC": 2.0 }, "geometry": { "type": "MultiPolygon", "coordinates": [ [ [ [ -106.361427955035481, 31.544610696442238 ], [ -106.361158460450241, 31.544610696442238 ], [ -106.361158460450241, 31.543802212686529 ], [ -106.361427955035481, 31.543802212686529 ], [ -106.361427955035481, 31.543532718101293 ], [ -106.361697449620721, 31.543532718101293 ], [ -106.361697449620721, 31.543263223516057 ], [ -106.361966944205946, 31.543263223516057 ], [ -106.361966944205946, 31.542724234345584 ], [ -106.362236438791186, 31.542724234345584 ], [ -106.362236438791186, 31.542185245175112 ], [ -106.362775427961665, 31.542185245175112 ], [ -106.362775427961665, 31.541376761419407 ], [ -106.363044922546891, 31.541376761419407 ], [ -106.363044922546891, 31.541107266834171 ], [ -106.36358391171737, 31.541107266834171 ], [ -106.36358391171737, 31.541376761419407 ], [ -106.363314417132131, 31.541376761419407 ], [ -106.363314417132131, 31.541646256004643 ], [ -106.363044922546891, 31.541646256004643 ], [ -106.363044922546891, 31.54191575058988 ], [ -106.363853406302596, 31.54191575058988 ], [ -106.363853406302596, 31.542185245175112 ], [ -106.363314417132131, 31.542185245175112 ], [ -106.363314417132131, 31.542454739760348 ], [ -106.363044922546891, 31.542454739760348 ], [ -106.363044922546891, 31.542724234345584 ], [ -106.363314417132131, 31.542724234345584 ], [ -106.363314417132131, 31.542993728930821 ], [ -106.362236438791186, 31.542993728930821 ], [ -106.362236438791186, 31.543532718101293 ], [ -106.361966944205946, 31.543532718101293 ], [ -106.361966944205946, 31.543802212686529 ], [ -106.361697449620721, 31.543802212686529 ], [ -106.361697449620721, 31.544341201857002 ], [ -106.361427955035481, 31.544341201857002 ], [ -106.361427955035481, 31.544610696442238 ] ] ] ] } },
{ "type": "Feature", "properties": { "ZONA_MET": "Ju_rez", "INTENSIDAD": "Intensa", "T_PROM_POL": 3.0, "T_MIN_CIUD": 1.0, "DIF_TERMIC": 2.0 }, "geometry": { "type": "MultiPolygon", "coordinates": [ [ [ [ -106.385951962291941, 31.543532718101293 ], [ -106.385412973121475, 31.543532718101293 ], [ -106.385412973121475, 31.542993728930821 ], [ -106.385143478536236, 31.542993728930821 ], [ -106.385143478536236, 31.542724234345584 ], [ -106.384873983950996, 31.542724234345584 ], [ -106.384873983950996, 31.542454739760348 ], [ -106.383796005610051, 31.542454739760348 ], [ -106.383796005610051, 31.541646256004643 ], [ -106.383257016439586, 31.541646256004643 ], [ -106.383257016439586, 31.541376761419407 ], [ -106.383796005610051, 31.541376761419407 ], [ -106.383796005610051, 31.541107266834171 ], [ -106.384065500195291, 31.541107266834171 ], [ -106.384065500195291, 31.540568277663699 ], [ -106.384334994780531, 31.540568277663699 ], [ -106.384334994780531, 31.540298783078462 ], [ -106.384873983950996, 31.540298783078462 ], [ -106.384873983950996, 31.540568277663699 ], [ -106.385143478536236, 31.540568277663699 ], [ -106.385143478536236, 31.541107266834171 ], [ -106.384873983950996, 31.541107266834171 ], [ -106.384873983950996, 31.541376761419407 ], [ -106.384604489365756, 31.541376761419407 ], [ -106.384604489365756, 31.541646256004643 ], [ -106.384873983950996, 31.541646256004643 ], [ -106.384873983950996, 31.54191575058988 ], [ -106.38622145687718, 31.54191575058988 ], [ -106.38622145687718, 31.541646256004643 ], [ -106.385951962291941, 31.541646256004643 ], [ -106.385951962291941, 31.541376761419407 ], [ -106.385682467706701, 31.541376761419407 ], [ -106.385682467706701, 31.541107266834171 ], [ -106.385412973121475, 31.541107266834171 ], [ -106.385412973121475, 31.540837772248935 ], [ -106.38649095146242, 31.540837772248935 ], [ -106.38649095146242, 31.541107266834171 ], [ -106.38622145687718, 31.541107266834171 ], [ -106.38622145687718, 31.541376761419407 ], [ -106.386760446047646, 31.541376761419407 ], [ -106.386760446047646, 31.541646256004643 ], [ -106.387299435218125, 31.541646256004643 ], [ -106.387299435218125, 31.54191575058988 ], [ -106.38649095146242, 31.54191575058988 ], [ -106.38649095146242, 31.542454739760348 ], [ -106.38622145687718, 31.542454739760348 ], [ -106.38622145687718, 31.542724234345584 ], [ -106.385951962291941, 31.542724234345584 ], [ -106.385951962291941, 31.543532718101293 ] ], [ [ -106.385682467706701, 31.542724234345584 ], [ -106.385682467706701, 31.542185245175112 ], [ -106.385412973121475, 31.542185245175112 ], [ -106.385412973121475, 31.542724234345584 ], [ -106.385682467706701, 31.542724234345584 ] ], [ [ -106.384604489365756, 31.54191575058988 ], [ -106.384604489365756, 31.541646256004643 ], [ -106.384334994780531, 31.541646256004643 ], [ -106.384334994780531, 31.54191575058988 ], [ -106.384604489365756, 31.54191575058988 ] ], [ [ -106.384873983950996, 31.540837772248935 ], [ -106.384873983950996, 31.540568277663699 ], [ -106.384604489365756, 31.540568277663699 ], [ -106.384604489365756, 31.540837772248935 ], [ -106.384873983950996, 31.540837772248935 ] ] ] ] } },
{ "type": "Feature", "properties": { "ZONA_MET": "Ju_rez", "INTENSIDAD": "Intensa", "T_PROM_POL": 3.0, "T_MIN_CIUD": 1.0, "DIF_TERMIC": 2.0 }, "geometry": { "type": "MultiPolygon", "coordinates": [ [ [ [ -106.379753586831512, 31.544610696442238 ], [ -106.379214597661047, 31.544610696442238 ], [ -106.379214597661047, 31.544341201857002 ], [ -106.378945103075807, 31.544341201857002 ], [ -106.378945103075807, 31.544610696442238 ], [ -106.378675608490568, 31.544610696442238 ], [ -106.378675608490568, 31.544341201857002 ], [ -106.378406113905342, 31.544341201857002 ], [ -106.378406113905342, 31.544071707271765 ], [ -106.377867124734863, 31.544071707271765 ], [ -106.377867124734863, 31.543532718101293 ], [ -106.378945103075807, 31.543532718101293 ], [ -106.378945103075807, 31.543263223516057 ], [ -106.379214597661047, 31.543263223516057 ], [ -106.379214597661047, 31.542993728930821 ], [ -106.378945103075807, 31.542993728930821 ], [ -106.378945103075807, 31.542185245175112 ], [ -106.378675608490568, 31.542185245175112 ], [ -106.378675608490568, 31.54191575058988 ], [ -106.377867124734863, 31.54191575058988 ], [ -106.377867124734863, 31.541376761419407 ], [ -106.377597630149637, 31.541376761419407 ], [ -106.377597630149637, 31.541107266834171 ], [ -106.377328135564397, 31.541107266834171 ], [ -106.377328135564397, 31.540837772248935 ], [ -106.377058640979158, 31.540837772248935 ], [ -106.377058640979158, 31.540568277663699 ], [ -106.376789146393918, 31.540568277663699 ], [ -106.376789146393918, 31.540029288493226 ], [ -106.377058640979158, 31.540029288493226 ], [ -106.377058640979158, 31.540298783078462 ], [ -106.377328135564397, 31.540298783078462 ], [ -106.377328135564397, 31.540568277663699 ], [ -106.377597630149637, 31.540568277663699 ], [ -106.377597630149637, 31.540837772248935 ], [ -106.377867124734863, 31.540837772248935 ], [ -106.377867124734863, 31.541107266834171 ], [ -106.378406113905342, 31.541107266834171 ], [ -106.378406113905342, 31.541646256004643 ], [ -106.378945103075807, 31.541646256004643 ], [ -106.378945103075807, 31.54191575058988 ], [ -106.379214597661047, 31.54191575058988 ], [ -106.379214597661047, 31.542454739760348 ], [ -106.379484092246287, 31.542454739760348 ], [ -106.379484092246287, 31.542724234345584 ], [ -106.379753586831512, 31.542724234345584 ], [ -106.379753586831512, 31.543263223516057 ], [ -106.380292576001992, 31.543263223516057 ], [ -106.380292576001992, 31.543532718101293 ], [ -106.380023081416752, 31.543532718101293 ], [ -106.380023081416752, 31.543802212686529 ], [ -106.380292576001992, 31.543802212686529 ], [ -106.380292576001992, 31.544071707271765 ], [ -106.380023081416752, 31.544071707271765 ], [ -106.380023081416752, 31.544341201857002 ], [ -106.379753586831512, 31.544341201857002 ], [ -106.379753586831512, 31.544610696442238 ] ], [ [ -106.379753586831512, 31.544071707271765 ], [ -106.379753586831512, 31.543532718101293 ], [ -106.378945103075807, 31.543532718101293 ], [ -106.378945103075807, 31.543802212686529 ], [ -106.379214597661047, 31.543802212686529 ], [ -106.379214597661047, 31.544071707271765 ], [ -106.379753586831512, 31.544071707271765 ] ], [ [ -106.378945103075807, 31.544071707271765 ], [ -106.378945103075807, 31.543802212686529 ], [ -106.378675608490568, 31.543802212686529 ], [ -106.378675608490568, 31.544071707271765 ], [ -106.378945103075807, 31.544071707271765 ] ] ] ] } },
{ "type": "Feature", "properties": { "ZONA_MET": "Ju_rez", "INTENSIDAD": "Intensa", "T_PROM_POL": 3.0, "T_MIN_CIUD": 1.0, "DIF_TERMIC": 2.0 }, "geometry": { "type": "MultiPolygon", "coordinates": [ [ [ [ -106.38972488648524, 31.541646256004643 ], [ -106.389455391900015, 31.541646256004643 ], [ -106.389455391900015, 31.541376761419407 ], [ -106.388916402729535, 31.541376761419407 ], [ -106.388916402729535, 31.541107266834171 ], [ -106.388646908144295, 31.541107266834171 ], [ -106.388646908144295, 31.540568277663699 ], [ -106.38810791897383, 31.540568277663699 ], [ -106.38810791897383, 31.540029288493226 ], [ -106.38783842438859, 31.540029288493226 ], [ -106.38783842438859, 31.53975979390799 ], [ -106.38837741355907, 31.53975979390799 ], [ -106.38837741355907, 31.540298783078462 ], [ -106.388646908144295, 31.540298783078462 ], [ -106.388646908144295, 31.540029288493226 ], [ -106.388916402729535, 31.540029288493226 ], [ -106.388916402729535, 31.540298783078462 ], [ -106.389185897314775, 31.540298783078462 ], [ -106.389185897314775, 31.540837772248935 ], [ -106.389455391900015, 31.540837772248935 ], [ -106.389455391900015, 31.541107266834171 ], [ -106.38972488648524, 31.541107266834171 ], [ -106.38972488648524, 31.541646256004643 ] ] ] ] } },
{ "type": "Feature", "properties": { "ZONA_MET": "Ju_rez", "INTENSIDAD": "Intensa", "T_PROM_POL": 3.0, "T_MIN_CIUD": 1.0, "DIF_TERMIC": 2.0 }, "geometry": { "type": "MultiPolygon", "coordinates": [ [ [ [ -106.38783842438859, 31.53975979390799 ], [ -106.387568929803351, 31.53975979390799 ], [ -106.387568929803351, 31.539490299322754 ], [ -106.387299435218125, 31.539490299322754 ], [ -106.387299435218125, 31.539220804737518 ], [ -106.386760446047646, 31.539220804737518 ], [ -106.386760446047646, 31.538951310152285 ], [ -106.387299435218125, 31.538951310152285 ], [ -106.387299435218125, 31.538681815567049 ], [ -106.387568929803351, 31.538681815567049 ], [ -106.387568929803351, 31.538412320981813 ], [ -106.38837741355907, 31.538412320981813 ], [ -106.38837741355907, 31.538681815567049 ], [ -106.388646908144295, 31.538681815567049 ], [ -106.388646908144295, 31.539220804737518 ], [ -106.38837741355907, 31.539220804737518 ], [ -106.38837741355907, 31.538951310152285 ], [ -106.38810791897383, 31.538951310152285 ], [ -106.38810791897383, 31.539220804737518 ], [ -106.38783842438859, 31.539220804737518 ], [ -106.38783842438859, 31.53975979390799 ] ], [ [ -106.38810791897383, 31.538951310152285 ], [ -106.38810791897383, 31.538681815567049 ], [ -106.38783842438859, 31.538681815567049 ], [ -106.38783842438859, 31.538951310152285 ], [ -106.38810791897383, 31.538951310152285 ] ] ] ] } },
{ "type": "Feature", "properties": { "ZONA_MET": "Ju_rez", "INTENSIDAD": "Intensa", "T_PROM_POL": 3.0, "T_MIN_CIUD": 1.0, "DIF_TERMIC": 2.0 }, "geometry": { "type": "MultiPolygon", "coordinates": [ [ [ [ -106.354960084989813, 31.540298783078462 ], [ -106.354151601234108, 31.540298783078462 ], [ -106.354151601234108, 31.540029288493226 ], [ -106.354690590404587, 31.540029288493226 ], [ -106.354690590404587, 31.53975979390799 ], [ -106.355229579575052, 31.53975979390799 ], [ -106.355229579575052, 31.539490299322754 ], [ -106.355499074160292, 31.539490299322754 ], [ -106.355499074160292, 31.539220804737518 ], [ -106.356307557915997, 31.539220804737518 ], [ -106.356307557915997, 31.538951310152285 ], [ -106.357116041671702, 31.538951310152285 ], [ -106.357116041671702, 31.538412320981813 ], [ -106.357924525427407, 31.538412320981813 ], [ -106.357924525427407, 31.538142826396577 ], [ -106.358194020012647, 31.538142826396577 ], [ -106.358194020012647, 31.53787333181134 ], [ -106.359002503768352, 31.53787333181134 ], [ -106.359002503768352, 31.537603837226104 ], [ -106.359541492938831, 31.537603837226104 ], [ -106.359541492938831, 31.537334342640868 ], [ -106.360080482109296, 31.537334342640868 ], [ -106.360080482109296, 31.537064848055632 ], [ -106.360619471279776, 31.537064848055632 ], [ -106.360619471279776, 31.536795353470396 ], [ -106.361427955035481, 31.536795353470396 ], [ -106.361427955035481, 31.537603837226104 ], [ -106.361697449620721, 31.537603837226104 ], [ -106.361697449620721, 31.53787333181134 ], [ -106.361966944205946, 31.53787333181134 ], [ -106.361966944205946, 31.538412320981813 ], [ -106.362236438791186, 31.538412320981813 ], [ -106.362236438791186, 31.538681815567049 ], [ -106.361427955035481, 31.538681815567049 ], [ -106.361427955035481, 31.53787333181134 ], [ -106.360619471279776, 31.53787333181134 ], [ -106.360619471279776, 31.538142826396577 ], [ -106.360349976694536, 31.538142826396577 ], [ -106.360349976694536, 31.538412320981813 ], [ -106.359541492938831, 31.538412320981813 ], [ -106.359541492938831, 31.538681815567049 ], [ -106.359271998353591, 31.538681815567049 ], [ -106.359271998353591, 31.538412320981813 ], [ -106.359002503768352, 31.538412320981813 ], [ -106.359002503768352, 31.538681815567049 ], [ -106.358733009183126, 31.538681815567049 ], [ -106.358733009183126, 31.538951310152285 ], [ -106.357655030842182, 31.538951310152285 ], [ -106.357655030842182, 31.539220804737518 ], [ -106.356846547086462, 31.539220804737518 ], [ -106.356846547086462, 31.539490299322754 ], [ -106.356577052501237, 31.539490299322754 ], [ -106.356577052501237, 31.53975979390799 ], [ -106.355499074160292, 31.53975979390799 ], [ -106.355499074160292, 31.540029288493226 ], [ -106.354960084989813, 31.540029288493226 ], [ -106.354960084989813, 31.540298783078462 ] ] ] ] } },
{ "type": "Feature", "properties": { "ZONA_MET": "Ju_rez", "INTENSIDAD": "Intensa", "T_PROM_POL": 3.0, "T_MIN_CIUD": 1.0, "DIF_TERMIC": 2.0 }, "geometry": { "type": "MultiPolygon", "coordinates": [ [ [ [ -106.373555211371098, 31.53787333181134 ], [ -106.373016222200619, 31.53787333181134 ], [ -106.373016222200619, 31.537603837226104 ], [ -106.372746727615379, 31.537603837226104 ], [ -106.372746727615379, 31.537334342640868 ], [ -106.373285716785858, 31.537334342640868 ], [ -106.373285716785858, 31.537064848055632 ], [ -106.372746727615379, 31.537064848055632 ], [ -106.372746727615379, 31.536795353470396 ], [ -106.372477233030153, 31.536795353470396 ], [ -106.372477233030153, 31.53652585888516 ], [ -106.372207738444914, 31.53652585888516 ], [ -106.372207738444914, 31.535986869714691 ], [ -106.372477233030153, 31.535986869714691 ], [ -106.372477233030153, 31.536256364299923 ], [ -106.372746727615379, 31.536256364299923 ], [ -106.372746727615379, 31.53652585888516 ], [ -106.373016222200619, 31.53652585888516 ], [ -106.373016222200619, 31.536795353470396 ], [ -106.373555211371098, 31.536795353470396 ], [ -106.373555211371098, 31.537064848055632 ], [ -106.373824705956324, 31.537064848055632 ], [ -106.373824705956324, 31.537603837226104 ], [ -106.373555211371098, 31.537603837226104 ], [ -106.373555211371098, 31.53787333181134 ] ] ] ] } },
{ "type": "Feature", "properties": { "ZONA_MET": "Ju_rez", "INTENSIDAD": "Intensa", "T_PROM_POL": 3.0, "T_MIN_CIUD": 1.0, "DIF_TERMIC": 2.0 }, "geometry": { "type": "MultiPolygon", "coordinates": [ [ [ [ -106.375711168052973, 31.535986869714691 ], [ -106.375441673467748, 31.535986869714691 ], [ -106.375441673467748, 31.535717375129455 ], [ -106.375172178882508, 31.535717375129455 ], [ -106.375172178882508, 31.535447880544218 ], [ -106.375980662638213, 31.535447880544218 ], [ -106.375980662638213, 31.535178385958982 ], [ -106.376250157223453, 31.535178385958982 ], [ -106.376250157223453, 31.533830913032801 ], [ -106.376519651808692, 31.533830913032801 ], [ -106.376519651808692, 31.534100407618038 ], [ -106.376789146393918, 31.534100407618038 ], [ -106.376789146393918, 31.534369902203274 ], [ -106.376519651808692, 31.534369902203274 ], [ -106.376519651808692, 31.534908891373746 ], [ -106.376789146393918, 31.534908891373746 ], [ -106.376789146393918, 31.535447880544218 ], [ -106.376250157223453, 31.535447880544218 ], [ -106.376250157223453, 31.535717375129455 ], [ -106.375711168052973, 31.535717375129455 ], [ -106.375711168052973, 31.535986869714691 ] ] ] ] } },
{ "type": "Feature", "properties": { "ZONA_MET": "Ju_rez", "INTENSIDAD": "Intensa", "T_PROM_POL": 3.0, "T_MIN_CIUD": 1.0, "DIF_TERMIC": 2.0 }, "geometry": { "type": "MultiPolygon", "coordinates": [ [ [ [ -106.369243298007319, 31.535717375129455 ], [ -106.36897380342208, 31.535717375129455 ], [ -106.36897380342208, 31.535447880544218 ], [ -106.368704308836854, 31.535447880544218 ], [ -106.368704308836854, 31.534908891373746 ], [ -106.368434814251614, 31.534908891373746 ], [ -106.368434814251614, 31.53463939678851 ], [ -106.368165319666375, 31.53463939678851 ], [ -106.368165319666375, 31.534369902203274 ], [ -106.368434814251614, 31.534369902203274 ], [ -106.368434814251614, 31.534100407618038 ], [ -106.368165319666375, 31.534100407618038 ], [ -106.368165319666375, 31.533830913032801 ], [ -106.368434814251614, 31.533830913032801 ], [ -106.368434814251614, 31.533291923862329 ], [ -106.369782287177784, 31.533291923862329 ], [ -106.369782287177784, 31.533561418447565 ], [ -106.370051781763024, 31.533561418447565 ], [ -106.370051781763024, 31.534100407618038 ], [ -106.36897380342208, 31.534100407618038 ], [ -106.36897380342208, 31.535178385958982 ], [ -106.369243298007319, 31.535178385958982 ], [ -106.369243298007319, 31.535717375129455 ] ] ] ] } },
{ "type": "Feature", "properties": { "ZONA_MET": "Ju_rez", "INTENSIDAD": "Intensa", "T_PROM_POL": 3.0, "T_MIN_CIUD": 1.0, "DIF_TERMIC": 2.0 }, "geometry": { "type": "MultiPolygon", "coordinates": [ [ [ [ -106.36520087922878, 31.528441021328085 ], [ -106.364392395473075, 31.528441021328085 ], [ -106.364392395473075, 31.527902032157613 ], [ -106.36358391171737, 31.527902032157613 ], [ -106.36358391171737, 31.527632537572376 ], [ -106.363044922546891, 31.527632537572376 ], [ -106.363044922546891, 31.527093548401904 ], [ -106.362505933376426, 31.527093548401904 ], [ -106.362505933376426, 31.526824053816672 ], [ -106.362236438791186, 31.526824053816672 ], [ -106.362236438791186, 31.526554559231435 ], [ -106.362505933376426, 31.526554559231435 ], [ -106.362505933376426, 31.526285064646199 ], [ -106.362775427961665, 31.526285064646199 ], [ -106.362775427961665, 31.526554559231435 ], [ -106.363853406302596, 31.526554559231435 ], [ -106.363853406302596, 31.527093548401904 ], [ -106.364122900887835, 31.527093548401904 ], [ -106.364122900887835, 31.52736304298714 ], [ -106.364392395473075, 31.52736304298714 ], [ -106.364392395473075, 31.527632537572376 ], [ -106.36520087922878, 31.527632537572376 ], [ -106.36520087922878, 31.527902032157613 ], [ -106.36547037381402, 31.527902032157613 ], [ -106.36547037381402, 31.528171526742849 ], [ -106.36520087922878, 31.528171526742849 ], [ -106.36520087922878, 31.528441021328085 ] ] ] ] } },
{ "type": "Feature", "properties": { "ZONA_MET": "Ju_rez", "INTENSIDAD": "Intensa", "T_PROM_POL": 3.0, "T_MIN_CIUD": 1.0, "DIF_TERMIC": 2.0 }, "geometry": { "type": "MultiPolygon", "coordinates": [ [ [ [ -106.380023081416752, 31.52951899966903 ], [ -106.379484092246287, 31.52951899966903 ], [ -106.379484092246287, 31.529249505083794 ], [ -106.378945103075807, 31.529249505083794 ], [ -106.378945103075807, 31.528980010498557 ], [ -106.378675608490568, 31.528980010498557 ], [ -106.378675608490568, 31.528710515913321 ], [ -106.378406113905342, 31.528710515913321 ], [ -106.378406113905342, 31.528441021328085 ], [ -106.378136619320102, 31.528441021328085 ], [ -106.378136619320102, 31.528171526742849 ], [ -106.377867124734863, 31.528171526742849 ], [ -106.377867124734863, 31.527902032157613 ], [ -106.377597630149637, 31.527902032157613 ], [ -106.377597630149637, 31.527632537572376 ], [ -106.378675608490568, 31.527632537572376 ], [ -106.378675608490568, 31.52736304298714 ], [ -106.378406113905342, 31.52736304298714 ], [ -106.378406113905342, 31.527093548401904 ], [ -106.377597630149637, 31.527093548401904 ], [ -106.377597630149637, 31.526554559231435 ], [ -106.377058640979158, 31.526554559231435 ], [ -106.377058640979158, 31.526285064646199 ], [ -106.377867124734863, 31.526285064646199 ], [ -106.377867124734863, 31.526015570060963 ], [ -106.378675608490568, 31.526015570060963 ], [ -106.378675608490568, 31.525746075475727 ], [ -106.378945103075807, 31.525746075475727 ], [ -106.378945103075807, 31.526015570060963 ], [ -106.379214597661047, 31.526015570060963 ], [ -106.379214597661047, 31.525746075475727 ], [ -106.379753586831512, 31.525746075475727 ], [ -106.379753586831512, 31.526554559231435 ], [ -106.380023081416752, 31.526554559231435 ], [ -106.380023081416752, 31.526824053816672 ], [ -106.379753586831512, 31.526824053816672 ], [ -106.379753586831512, 31.527632537572376 ], [ -106.380292576001992, 31.527632537572376 ], [ -106.380292576001992, 31.528710515913321 ], [ -106.380831565172457, 31.528710515913321 ], [ -106.380831565172457, 31.528980010498557 ], [ -106.380562070587231, 31.528980010498557 ], [ -106.380562070587231, 31.529249505083794 ], [ -106.380292576001992, 31.529249505083794 ], [ -106.380292576001992, 31.528980010498557 ], [ -106.379753586831512, 31.528980010498557 ], [ -106.379753586831512, 31.529249505083794 ], [ -106.380023081416752, 31.529249505083794 ], [ -106.380023081416752, 31.52951899966903 ] ], [ [ -106.379753586831512, 31.528980010498557 ], [ -106.379753586831512, 31.528710515913321 ], [ -106.379214597661047, 31.528710515913321 ], [ -106.379214597661047, 31.528980010498557 ], [ -106.379753586831512, 31.528980010498557 ] ], [ [ -106.380023081416752, 31.528710515913321 ], [ -106.380023081416752, 31.528441021328085 ], [ -106.379753586831512, 31.528441021328085 ], [ -106.379753586831512, 31.528710515913321 ], [ -106.380023081416752, 31.528710515913321 ] ], [ [ -106.379214597661047, 31.528710515913321 ], [ -106.379214597661047, 31.528441021328085 ], [ -106.379484092246287, 31.528441021328085 ], [ -106.379484092246287, 31.528171526742849 ], [ -106.379214597661047, 31.528171526742849 ], [ -106.379214597661047, 31.527902032157613 ], [ -106.378945103075807, 31.527902032157613 ], [ -106.378945103075807, 31.528171526742849 ], [ -106.378675608490568, 31.528171526742849 ], [ -106.378675608490568, 31.528441021328085 ], [ -106.378945103075807, 31.528441021328085 ], [ -106.378945103075807, 31.528710515913321 ], [ -106.379214597661047, 31.528710515913321 ] ], [ [ -106.379214597661047, 31.527093548401904 ], [ -106.379214597661047, 31.526824053816672 ], [ -106.378945103075807, 31.526824053816672 ], [ -106.378945103075807, 31.527093548401904 ], [ -106.379214597661047, 31.527093548401904 ] ], [ [ -106.378945103075807, 31.526824053816672 ], [ -106.378945103075807, 31.526554559231435 ], [ -106.378675608490568, 31.526554559231435 ], [ -106.378675608490568, 31.526824053816672 ], [ -106.378945103075807, 31.526824053816672 ] ] ] ] } }
]
}
