{
"type": "FeatureCollection",
"name": "UHI_Tuxtla_Guti_rrez",
"crs": { "type": "name", "properties": { "name": "urn:ogc:def:crs:OGC:1.3:CRS84" } },
"features": [
{ "type": "Feature", "properties": { "ZONA_MET": "Tuxtla_Guti_rrez", "INTENSIDAD": "Intensa", "T_PROM_POL": 4.0, "T_MIN_CIUD": 3.0, "DIF_TERMIC": 1.0 }, "geometry": { "type": "MultiPolygon", "coordinates": [ [ [ [ -93.214943098059919, 16.790051649364329 ], [ -93.214404108889454, 16.790051649364329 ], [ -93.214404108889454, 16.789782154779093 ], [ -93.21305663596327, 16.789782154779093 ], [ -93.21305663596327, 16.789512660193857 ], [ -93.213326130548509, 16.789512660193857 ], [ -93.213326130548509, 16.789243165608621 ], [ -93.213595625133735, 16.789243165608621 ], [ -93.213595625133735, 16.788973671023385 ], [ -93.214404108889454, 16.788973671023385 ], [ -93.214404108889454, 16.789243165608621 ], [ -93.214673603474679, 16.789243165608621 ], [ -93.214673603474679, 16.789512660193857 ], [ -93.214943098059919, 16.789512660193857 ], [ -93.214943098059919, 16.790051649364329 ] ] ] ] } },
{ "type": "Feature", "properties": { "ZONA_MET": "Tuxtla_Guti_rrez", "INTENSIDAD": "Intensa", "T_PROM_POL": 4.0, "T_MIN_CIUD": 3.0, "DIF_TERMIC": 1.0 }, "geometry": { "type": "MultiPolygon", "coordinates": [ [ [ [ -93.177483350712137, 16.789782154779093 ], [ -93.177213856126897, 16.789782154779093 ], [ -93.177213856126897, 16.789512660193857 ], [ -93.176944361541658, 16.789512660193857 ], [ -93.176944361541658, 16.789243165608621 ], [ -93.176674866956432, 16.789243165608621 ], [ -93.176674866956432, 16.788973671023385 ], [ -93.176405372371192, 16.788973671023385 ], [ -93.176405372371192, 16.788434681852912 ], [ -93.177213856126897, 16.788434681852912 ], [ -93.177213856126897, 16.787895692682444 ], [ -93.177752845297377, 16.787895692682444 ], [ -93.177752845297377, 16.788434681852912 ], [ -93.178561329053082, 16.788434681852912 ], [ -93.178561329053082, 16.787895692682444 ], [ -93.178830823638322, 16.787895692682444 ], [ -93.178830823638322, 16.788434681852912 ], [ -93.179100318223547, 16.788434681852912 ], [ -93.179100318223547, 16.788704176438149 ], [ -93.177752845297377, 16.788704176438149 ], [ -93.177752845297377, 16.789512660193857 ], [ -93.177483350712137, 16.789512660193857 ], [ -93.177483350712137, 16.789782154779093 ] ] ] ] } },
{ "type": "Feature", "properties": { "ZONA_MET": "Tuxtla_Guti_rrez", "INTENSIDAD": "Intensa", "T_PROM_POL": 4.0, "T_MIN_CIUD": 3.0, "DIF_TERMIC": 1.0 }, "geometry": { "type": "MultiPolygon", "coordinates": [ [ [ [ -93.179369812808787, 16.787356703511971 ], [ -93.179100318223547, 16.787356703511971 ], [ -93.179100318223547, 16.787087208926735 ], [ -93.178291834467842, 16.787087208926735 ], [ -93.178291834467842, 16.786817714341499 ], [ -93.178561329053082, 16.786817714341499 ], [ -93.178561329053082, 16.786548219756263 ], [ -93.178830823638322, 16.786548219756263 ], [ -93.178830823638322, 16.786278725171027 ], [ -93.179100318223547, 16.786278725171027 ], [ -93.179100318223547, 16.78600923058579 ], [ -93.179369812808787, 16.78600923058579 ], [ -93.179369812808787, 16.785470241415318 ], [ -93.179908801979252, 16.785470241415318 ], [ -93.179908801979252, 16.786817714341499 ], [ -93.179639307394027, 16.786817714341499 ], [ -93.179639307394027, 16.787087208926735 ], [ -93.179369812808787, 16.787087208926735 ], [ -93.179369812808787, 16.787356703511971 ] ] ] ] } },
{ "type": "Feature", "properties": { "ZONA_MET": "Tuxtla_Guti_rrez", "INTENSIDAD": "Intensa", "T_PROM_POL": 4.0, "T_MIN_CIUD": 3.0, "DIF_TERMIC": 1.0 }, "geometry": { "type": "MultiPolygon", "coordinates": [ [ [ [ -93.202815841724302, 16.786548219756263 ], [ -93.202276852553837, 16.786548219756263 ], [ -93.202276852553837, 16.786278725171027 ], [ -93.201737863383357, 16.786278725171027 ], [ -93.201737863383357, 16.78600923058579 ], [ -93.202276852553837, 16.78600923058579 ], [ -93.202276852553837, 16.785739736000554 ], [ -93.202546347139076, 16.785739736000554 ], [ -93.202546347139076, 16.785200746830082 ], [ -93.203085336309542, 16.785200746830082 ], [ -93.203085336309542, 16.785739736000554 ], [ -93.202815841724302, 16.785739736000554 ], [ -93.202815841724302, 16.786548219756263 ] ] ] ] } },
{ "type": "Feature", "properties": { "ZONA_MET": "Tuxtla_Guti_rrez", "INTENSIDAD": "Intensa", "T_PROM_POL": 4.0, "T_MIN_CIUD": 3.0, "DIF_TERMIC": 1.0 }, "geometry": { "type": "MultiPolygon", "coordinates": [ [ [ [ -93.183412231587326, 16.781966811807251 ], [ -93.183142737002086, 16.781966811807251 ], [ -93.183142737002086, 16.781697317222019 ], [ -93.182873242416846, 16.781697317222019 ], [ -93.182873242416846, 16.781427822636783 ], [ -93.182064758661141, 16.781427822636783 ], [ -93.182064758661141, 16.781158328051546 ], [ -93.183412231587326, 16.781158328051546 ], [ -93.183412231587326, 16.78088883346631 ], [ -93.183951220757791, 16.78088883346631 ], [ -93.183951220757791, 16.781427822636783 ], [ -93.183412231587326, 16.781427822636783 ], [ -93.183412231587326, 16.781966811807251 ] ] ] ] } },
{ "type": "Feature", "properties": { "ZONA_MET": "Tuxtla_Guti_rrez", "INTENSIDAD": "Intensa", "T_PROM_POL": 4.0, "T_MIN_CIUD": 3.0, "DIF_TERMIC": 1.0 }, "geometry": { "type": "MultiPolygon", "coordinates": [ [ [ [ -93.195000498752464, 16.780619338881074 ], [ -93.193383531241054, 16.780619338881074 ], [ -93.193383531241054, 16.780080349710602 ], [ -93.195269993337703, 16.780080349710602 ], [ -93.195269993337703, 16.780349844295838 ], [ -93.195000498752464, 16.780349844295838 ], [ -93.195000498752464, 16.780619338881074 ] ] ] ] } },
{ "type": "Feature", "properties": { "ZONA_MET": "Tuxtla_Guti_rrez", "INTENSIDAD": "Intensa", "T_PROM_POL": 4.0, "T_MIN_CIUD": 3.0, "DIF_TERMIC": 1.0 }, "geometry": { "type": "MultiPolygon", "coordinates": [ [ [ [ -93.221949957276053, 16.780619338881074 ], [ -93.221680462690813, 16.780619338881074 ], [ -93.221680462690813, 16.780080349710602 ], [ -93.220871978935108, 16.780080349710602 ], [ -93.220871978935108, 16.779002371369657 ], [ -93.220063495179403, 16.779002371369657 ], [ -93.220063495179403, 16.778732876784424 ], [ -93.219794000594163, 16.778732876784424 ], [ -93.219794000594163, 16.778463382199188 ], [ -93.218985516838458, 16.778463382199188 ], [ -93.218985516838458, 16.778193887613952 ], [ -93.218716022253219, 16.778193887613952 ], [ -93.218716022253219, 16.777924393028716 ], [ -93.218446527667993, 16.777924393028716 ], [ -93.218446527667993, 16.77765489844348 ], [ -93.218985516838458, 16.77765489844348 ], [ -93.218985516838458, 16.777924393028716 ], [ -93.219524506008923, 16.777924393028716 ], [ -93.219524506008923, 16.778193887613952 ], [ -93.220332989764643, 16.778193887613952 ], [ -93.220332989764643, 16.778463382199188 ], [ -93.220871978935108, 16.778463382199188 ], [ -93.220871978935108, 16.778732876784424 ], [ -93.221410968105587, 16.778732876784424 ], [ -93.221410968105587, 16.779271865954893 ], [ -93.221949957276053, 16.779271865954893 ], [ -93.221949957276053, 16.779541360540129 ], [ -93.222219451861292, 16.779541360540129 ], [ -93.222219451861292, 16.780080349710602 ], [ -93.221949957276053, 16.780080349710602 ], [ -93.221949957276053, 16.780619338881074 ] ] ] ] } },
{ "type": "Feature", "properties": { "ZONA_MET": "Tuxtla_Guti_rrez", "INTENSIDAD": "Intensa", "T_PROM_POL": 4.0, "T_MIN_CIUD": 3.0, "DIF_TERMIC": 1.0 }, "geometry": { "type": "MultiPolygon", "coordinates": [ [ [ [ -93.215482087230399, 16.779271865954893 ], [ -93.214943098059919, 16.779271865954893 ], [ -93.214943098059919, 16.779002371369657 ], [ -93.213865119718974, 16.779002371369657 ], [ -93.213865119718974, 16.778732876784424 ], [ -93.213595625133735, 16.778732876784424 ], [ -93.213595625133735, 16.778463382199188 ], [ -93.213865119718974, 16.778463382199188 ], [ -93.213865119718974, 16.778193887613952 ], [ -93.214134614304214, 16.778193887613952 ], [ -93.214134614304214, 16.778463382199188 ], [ -93.214404108889454, 16.778463382199188 ], [ -93.214404108889454, 16.778193887613952 ], [ -93.214943098059919, 16.778193887613952 ], [ -93.214943098059919, 16.777924393028716 ], [ -93.215212592645159, 16.777924393028716 ], [ -93.215212592645159, 16.778193887613952 ], [ -93.216290570986104, 16.778193887613952 ], [ -93.216290570986104, 16.776846414687771 ], [ -93.216560065571329, 16.776846414687771 ], [ -93.216560065571329, 16.776576920102535 ], [ -93.216829560156569, 16.776576920102535 ], [ -93.216829560156569, 16.777115909273007 ], [ -93.216560065571329, 16.777115909273007 ], [ -93.216560065571329, 16.777385403858244 ], [ -93.216829560156569, 16.777385403858244 ], [ -93.216829560156569, 16.778463382199188 ], [ -93.216560065571329, 16.778463382199188 ], [ -93.216560065571329, 16.778732876784424 ], [ -93.215751581815624, 16.778732876784424 ], [ -93.215751581815624, 16.779002371369657 ], [ -93.215482087230399, 16.779002371369657 ], [ -93.215482087230399, 16.779271865954893 ] ] ] ] } },
{ "type": "Feature", "properties": { "ZONA_MET": "Tuxtla_Guti_rrez", "INTENSIDAD": "Intensa", "T_PROM_POL": 4.0, "T_MIN_CIUD": 3.0, "DIF_TERMIC": 1.0 }, "geometry": { "type": "MultiPolygon", "coordinates": [ [ [ [ -93.20928371176997, 16.777115909273007 ], [ -93.20901421718473, 16.777115909273007 ], [ -93.20901421718473, 16.776846414687771 ], [ -93.208744722599491, 16.776846414687771 ], [ -93.208744722599491, 16.776576920102535 ], [ -93.20901421718473, 16.776576920102535 ], [ -93.20901421718473, 16.776037930932063 ], [ -93.208744722599491, 16.776037930932063 ], [ -93.208744722599491, 16.77576843634683 ], [ -93.20928371176997, 16.77576843634683 ], [ -93.20928371176997, 16.776037930932063 ], [ -93.20955320635521, 16.776037930932063 ], [ -93.20955320635521, 16.776307425517299 ], [ -93.210092195525675, 16.776307425517299 ], [ -93.210092195525675, 16.776846414687771 ], [ -93.209822700940435, 16.776846414687771 ], [ -93.209822700940435, 16.776576920102535 ], [ -93.20955320635521, 16.776576920102535 ], [ -93.20955320635521, 16.776846414687771 ], [ -93.20928371176997, 16.776846414687771 ], [ -93.20928371176997, 16.777115909273007 ] ] ] ] } },
{ "type": "Feature", "properties": { "ZONA_MET": "Tuxtla_Guti_rrez", "INTENSIDAD": "Intensa", "T_PROM_POL": 4.0, "T_MIN_CIUD": 3.0, "DIF_TERMIC": 1.0 }, "geometry": { "type": "MultiPolygon", "coordinates": [ [ [ [ -93.132208260392517, 16.777115909273007 ], [ -93.131938765807277, 16.777115909273007 ], [ -93.131938765807277, 16.776846414687771 ], [ -93.131399776636798, 16.776846414687771 ], [ -93.131399776636798, 16.776576920102535 ], [ -93.131130282051572, 16.776576920102535 ], [ -93.131130282051572, 16.77576843634683 ], [ -93.132208260392517, 16.77576843634683 ], [ -93.132208260392517, 16.776037930932063 ], [ -93.131669271222037, 16.776037930932063 ], [ -93.131669271222037, 16.776307425517299 ], [ -93.132477754977742, 16.776307425517299 ], [ -93.132477754977742, 16.776846414687771 ], [ -93.132208260392517, 16.776846414687771 ], [ -93.132208260392517, 16.777115909273007 ] ] ] ] } },
{ "type": "Feature", "properties": { "ZONA_MET": "Tuxtla_Guti_rrez", "INTENSIDAD": "Extrema", "T_PROM_POL": 4.0, "T_MIN_CIUD": 3.0, "DIF_TERMIC": 1.0 }, "geometry": { "type": "MultiPolygon", "coordinates": [ [ [ [ -93.119272520301195, 16.777115909273007 ], [ -93.119003025715955, 16.777115909273007 ], [ -93.119003025715955, 16.776846414687771 ], [ -93.118733531130715, 16.776846414687771 ], [ -93.118733531130715, 16.77576843634683 ], [ -93.11846403654549, 16.77576843634683 ], [ -93.11846403654549, 16.775498941761594 ], [ -93.119003025715955, 16.775498941761594 ], [ -93.119003025715955, 16.77576843634683 ], [ -93.119272520301195, 16.77576843634683 ], [ -93.119272520301195, 16.776037930932063 ], [ -93.11954201488642, 16.776037930932063 ], [ -93.11954201488642, 16.77576843634683 ], [ -93.1200810040569, 16.77576843634683 ], [ -93.1200810040569, 16.776846414687771 ], [ -93.119272520301195, 16.776846414687771 ], [ -93.119272520301195, 16.777115909273007 ] ], [ [ -93.11981150947166, 16.776576920102535 ], [ -93.11981150947166, 16.776037930932063 ], [ -93.11954201488642, 16.776037930932063 ], [ -93.11954201488642, 16.776307425517299 ], [ -93.119272520301195, 16.776307425517299 ], [ -93.119272520301195, 16.776576920102535 ], [ -93.11981150947166, 16.776576920102535 ] ] ] ] } },
{ "type": "Feature", "properties": { "ZONA_MET": "Tuxtla_Guti_rrez", "INTENSIDAD": "Intensa", "T_PROM_POL": 4.0, "T_MIN_CIUD": 3.0, "DIF_TERMIC": 1.0 }, "geometry": { "type": "MultiPolygon", "coordinates": [ [ [ [ -93.20955320635521, 16.777924393028716 ], [ -93.208744722599491, 16.777924393028716 ], [ -93.208744722599491, 16.77765489844348 ], [ -93.207666744258546, 16.77765489844348 ], [ -93.207666744258546, 16.776846414687771 ], [ -93.207397249673321, 16.776846414687771 ], [ -93.207397249673321, 16.776576920102535 ], [ -93.207936238843786, 16.776576920102535 ], [ -93.207936238843786, 16.776307425517299 ], [ -93.207666744258546, 16.776307425517299 ], [ -93.207666744258546, 16.776037930932063 ], [ -93.207397249673321, 16.776037930932063 ], [ -93.207397249673321, 16.77576843634683 ], [ -93.207127755088081, 16.77576843634683 ], [ -93.207127755088081, 16.775229447176358 ], [ -93.207397249673321, 16.775229447176358 ], [ -93.207397249673321, 16.775498941761594 ], [ -93.207666744258546, 16.775498941761594 ], [ -93.207666744258546, 16.77576843634683 ], [ -93.207936238843786, 16.77576843634683 ], [ -93.207936238843786, 16.776037930932063 ], [ -93.208205733429025, 16.776037930932063 ], [ -93.208205733429025, 16.776576920102535 ], [ -93.208475228014265, 16.776576920102535 ], [ -93.208475228014265, 16.776846414687771 ], [ -93.208744722599491, 16.776846414687771 ], [ -93.208744722599491, 16.777385403858244 ], [ -93.20928371176997, 16.777385403858244 ], [ -93.20928371176997, 16.77765489844348 ], [ -93.20955320635521, 16.77765489844348 ], [ -93.20955320635521, 16.777924393028716 ] ], [ [ -93.208475228014265, 16.777115909273007 ], [ -93.208475228014265, 16.776846414687771 ], [ -93.207936238843786, 16.776846414687771 ], [ -93.207936238843786, 16.777115909273007 ], [ -93.208475228014265, 16.777115909273007 ] ] ] ] } },
{ "type": "Feature", "properties": { "ZONA_MET": "Tuxtla_Guti_rrez", "INTENSIDAD": "Intensa", "T_PROM_POL": 4.0, "T_MIN_CIUD": 3.0, "DIF_TERMIC": 1.0 }, "geometry": { "type": "MultiPolygon", "coordinates": [ [ [ [ -93.202007357968597, 16.778193887613952 ], [ -93.201468368798132, 16.778193887613952 ], [ -93.201468368798132, 16.777924393028716 ], [ -93.201737863383357, 16.777924393028716 ], [ -93.201737863383357, 16.777385403858244 ], [ -93.202007357968597, 16.777385403858244 ], [ -93.202007357968597, 16.777115909273007 ], [ -93.202276852553837, 16.777115909273007 ], [ -93.202276852553837, 16.777385403858244 ], [ -93.202546347139076, 16.777385403858244 ], [ -93.202546347139076, 16.777115909273007 ], [ -93.203085336309542, 16.777115909273007 ], [ -93.203085336309542, 16.776846414687771 ], [ -93.203354830894781, 16.776846414687771 ], [ -93.203354830894781, 16.776037930932063 ], [ -93.203624325480021, 16.776037930932063 ], [ -93.203624325480021, 16.774690458005885 ], [ -93.203893820065247, 16.774690458005885 ], [ -93.203893820065247, 16.774959952591121 ], [ -93.204163314650486, 16.774959952591121 ], [ -93.204163314650486, 16.775229447176358 ], [ -93.203893820065247, 16.775229447176358 ], [ -93.203893820065247, 16.777385403858244 ], [ -93.203085336309542, 16.777385403858244 ], [ -93.203085336309542, 16.777924393028716 ], [ -93.202007357968597, 16.777924393028716 ], [ -93.202007357968597, 16.778193887613952 ] ] ] ] } },
{ "type": "Feature", "properties": { "ZONA_MET": "Tuxtla_Guti_rrez", "INTENSIDAD": "Intensa", "T_PROM_POL": 4.0, "T_MIN_CIUD": 3.0, "DIF_TERMIC": 1.0 }, "geometry": { "type": "MultiPolygon", "coordinates": [ [ [ [ -93.124392917420678, 16.776307425517299 ], [ -93.123045444494494, 16.776307425517299 ], [ -93.123045444494494, 16.77576843634683 ], [ -93.123314939079734, 16.77576843634683 ], [ -93.123314939079734, 16.775498941761594 ], [ -93.123045444494494, 16.775498941761594 ], [ -93.123045444494494, 16.775229447176358 ], [ -93.122775949909254, 16.775229447176358 ], [ -93.122775949909254, 16.774151468835413 ], [ -93.123314939079734, 16.774151468835413 ], [ -93.123314939079734, 16.774420963420649 ], [ -93.123584433664959, 16.774420963420649 ], [ -93.123584433664959, 16.774151468835413 ], [ -93.124931906591144, 16.774151468835413 ], [ -93.124931906591144, 16.774420963420649 ], [ -93.124123422835439, 16.774420963420649 ], [ -93.124123422835439, 16.774959952591121 ], [ -93.123853928250199, 16.774959952591121 ], [ -93.123853928250199, 16.774690458005885 ], [ -93.123584433664959, 16.774690458005885 ], [ -93.123584433664959, 16.775498941761594 ], [ -93.124392917420678, 16.775498941761594 ], [ -93.124392917420678, 16.776307425517299 ] ] ] ] } },
{ "type": "Feature", "properties": { "ZONA_MET": "Tuxtla_Guti_rrez", "INTENSIDAD": "Intensa", "T_PROM_POL": 4.0, "T_MIN_CIUD": 3.0, "DIF_TERMIC": 1.0 }, "geometry": { "type": "MultiPolygon", "coordinates": [ [ [ [ -93.173979921104063, 16.776037930932063 ], [ -93.172901942763133, 16.776037930932063 ], [ -93.172901942763133, 16.77576843634683 ], [ -93.172362953592653, 16.77576843634683 ], [ -93.172362953592653, 16.775498941761594 ], [ -93.172632448177893, 16.775498941761594 ], [ -93.172632448177893, 16.775229447176358 ], [ -93.172362953592653, 16.775229447176358 ], [ -93.172362953592653, 16.774959952591121 ], [ -93.172093459007414, 16.774959952591121 ], [ -93.172093459007414, 16.773881974250177 ], [ -93.173710426518838, 16.773881974250177 ], [ -93.173710426518838, 16.774959952591121 ], [ -93.173979921104063, 16.774959952591121 ], [ -93.173979921104063, 16.774690458005885 ], [ -93.174249415689303, 16.774690458005885 ], [ -93.174249415689303, 16.77576843634683 ], [ -93.173979921104063, 16.77576843634683 ], [ -93.173979921104063, 16.776037930932063 ] ] ] ] } },
{ "type": "Feature", "properties": { "ZONA_MET": "Tuxtla_Guti_rrez", "INTENSIDAD": "Intensa", "T_PROM_POL": 4.0, "T_MIN_CIUD": 3.0, "DIF_TERMIC": 1.0 }, "geometry": { "type": "MultiPolygon", "coordinates": [ [ [ [ -93.196078477093408, 16.776037930932063 ], [ -93.195539487922943, 16.776037930932063 ], [ -93.195539487922943, 16.775229447176358 ], [ -93.194461509581998, 16.775229447176358 ], [ -93.194461509581998, 16.775498941761594 ], [ -93.193922520411519, 16.775498941761594 ], [ -93.193922520411519, 16.776037930932063 ], [ -93.193114036655814, 16.776037930932063 ], [ -93.193114036655814, 16.775229447176358 ], [ -93.192844542070574, 16.775229447176358 ], [ -93.192844542070574, 16.774959952591121 ], [ -93.192575047485349, 16.774959952591121 ], [ -93.192575047485349, 16.773881974250177 ], [ -93.192844542070574, 16.773881974250177 ], [ -93.192844542070574, 16.773612479664941 ], [ -93.193114036655814, 16.773612479664941 ], [ -93.193114036655814, 16.773881974250177 ], [ -93.193922520411519, 16.773881974250177 ], [ -93.193922520411519, 16.774690458005885 ], [ -93.195539487922943, 16.774690458005885 ], [ -93.195539487922943, 16.774959952591121 ], [ -93.195808982508169, 16.774959952591121 ], [ -93.195808982508169, 16.77576843634683 ], [ -93.196078477093408, 16.77576843634683 ], [ -93.196078477093408, 16.776037930932063 ] ] ] ] } },
{ "type": "Feature", "properties": { "ZONA_MET": "Tuxtla_Guti_rrez", "INTENSIDAD": "Intensa", "T_PROM_POL": 4.0, "T_MIN_CIUD": 3.0, "DIF_TERMIC": 1.0 }, "geometry": { "type": "MultiPolygon", "coordinates": [ [ [ [ -93.101216383090389, 16.774959952591121 ], [ -93.100677393919909, 16.774959952591121 ], [ -93.100677393919909, 16.774690458005885 ], [ -93.100946888505149, 16.774690458005885 ], [ -93.100946888505149, 16.774420963420649 ], [ -93.100138404749444, 16.774420963420649 ], [ -93.100138404749444, 16.774690458005885 ], [ -93.099868910164204, 16.774690458005885 ], [ -93.099868910164204, 16.774420963420649 ], [ -93.099060426408499, 16.774420963420649 ], [ -93.099060426408499, 16.774151468835413 ], [ -93.09879093182326, 16.774151468835413 ], [ -93.09879093182326, 16.773881974250177 ], [ -93.099868910164204, 16.773881974250177 ], [ -93.099868910164204, 16.773612479664941 ], [ -93.100946888505149, 16.773612479664941 ], [ -93.100946888505149, 16.773881974250177 ], [ -93.101485877675628, 16.773881974250177 ], [ -93.101485877675628, 16.774151468835413 ], [ -93.101216383090389, 16.774151468835413 ], [ -93.101216383090389, 16.774959952591121 ] ] ] ] } },
{ "type": "Feature", "properties": { "ZONA_MET": "Tuxtla_Guti_rrez", "INTENSIDAD": "Intensa", "T_PROM_POL": 4.0, "T_MIN_CIUD": 3.0, "DIF_TERMIC": 1.0 }, "geometry": { "type": "MultiPolygon", "coordinates": [ [ [ [ -93.179908801979252, 16.776846414687771 ], [ -93.179369812808787, 16.776846414687771 ], [ -93.179369812808787, 16.776576920102535 ], [ -93.179100318223547, 16.776576920102535 ], [ -93.179100318223547, 16.776037930932063 ], [ -93.178830823638322, 16.776037930932063 ], [ -93.178830823638322, 16.77576843634683 ], [ -93.178561329053082, 16.77576843634683 ], [ -93.178561329053082, 16.775498941761594 ], [ -93.178830823638322, 16.775498941761594 ], [ -93.178830823638322, 16.775229447176358 ], [ -93.178561329053082, 16.775229447176358 ], [ -93.178561329053082, 16.774959952591121 ], [ -93.178291834467842, 16.774959952591121 ], [ -93.178291834467842, 16.775229447176358 ], [ -93.177483350712137, 16.775229447176358 ], [ -93.177483350712137, 16.774959952591121 ], [ -93.178022339882602, 16.774959952591121 ], [ -93.178022339882602, 16.774690458005885 ], [ -93.178291834467842, 16.774690458005885 ], [ -93.178291834467842, 16.773881974250177 ], [ -93.178561329053082, 16.773881974250177 ], [ -93.178561329053082, 16.773342985079704 ], [ -93.179100318223547, 16.773342985079704 ], [ -93.179100318223547, 16.773073490494468 ], [ -93.179908801979252, 16.773073490494468 ], [ -93.179908801979252, 16.772803995909236 ], [ -93.180178296564492, 16.772803995909236 ], [ -93.180178296564492, 16.773073490494468 ], [ -93.180447791149732, 16.773073490494468 ], [ -93.180447791149732, 16.772803995909236 ], [ -93.180717285734971, 16.772803995909236 ], [ -93.180717285734971, 16.773612479664941 ], [ -93.180986780320197, 16.773612479664941 ], [ -93.180986780320197, 16.775229447176358 ], [ -93.180447791149732, 16.775229447176358 ], [ -93.180447791149732, 16.775498941761594 ], [ -93.180178296564492, 16.775498941761594 ], [ -93.180178296564492, 16.77576843634683 ], [ -93.179639307394027, 16.77576843634683 ], [ -93.179639307394027, 16.776576920102535 ], [ -93.179908801979252, 16.776576920102535 ], [ -93.179908801979252, 16.776846414687771 ] ], [ [ -93.179369812808787, 16.774151468835413 ], [ -93.179369812808787, 16.773612479664941 ], [ -93.178830823638322, 16.773612479664941 ], [ -93.178830823638322, 16.774151468835413 ], [ -93.179369812808787, 16.774151468835413 ] ] ] ] } },
{ "type": "Feature", "properties": { "ZONA_MET": "Tuxtla_Guti_rrez", "INTENSIDAD": "Intensa", "T_PROM_POL": 4.0, "T_MIN_CIUD": 3.0, "DIF_TERMIC": 1.0 }, "geometry": { "type": "MultiPolygon", "coordinates": [ [ [ [ -93.205241292991431, 16.774420963420649 ], [ -93.203624325480021, 16.774420963420649 ], [ -93.203624325480021, 16.774151468835413 ], [ -93.202276852553837, 16.774151468835413 ], [ -93.202276852553837, 16.774420963420649 ], [ -93.202007357968597, 16.774420963420649 ], [ -93.202007357968597, 16.773612479664941 ], [ -93.201737863383357, 16.773612479664941 ], [ -93.201737863383357, 16.773342985079704 ], [ -93.201198874212892, 16.773342985079704 ], [ -93.201198874212892, 16.773073490494468 ], [ -93.200659885042427, 16.773073490494468 ], [ -93.200659885042427, 16.772803995909236 ], [ -93.199851401286708, 16.772803995909236 ], [ -93.199851401286708, 16.772534501323999 ], [ -93.199581906701482, 16.772534501323999 ], [ -93.199581906701482, 16.772265006738763 ], [ -93.199851401286708, 16.772265006738763 ], [ -93.199851401286708, 16.771995512153527 ], [ -93.199042917531003, 16.771995512153527 ], [ -93.199042917531003, 16.771726017568291 ], [ -93.200120895871947, 16.771726017568291 ], [ -93.200120895871947, 16.771995512153527 ], [ -93.200390390457187, 16.771995512153527 ], [ -93.200390390457187, 16.772265006738763 ], [ -93.200659885042427, 16.772265006738763 ], [ -93.200659885042427, 16.772534501323999 ], [ -93.201468368798132, 16.772534501323999 ], [ -93.201468368798132, 16.772803995909236 ], [ -93.201737863383357, 16.772803995909236 ], [ -93.201737863383357, 16.773073490494468 ], [ -93.203085336309542, 16.773073490494468 ], [ -93.203085336309542, 16.773342985079704 ], [ -93.203624325480021, 16.773342985079704 ], [ -93.203624325480021, 16.773612479664941 ], [ -93.204702303820952, 16.773612479664941 ], [ -93.204702303820952, 16.773881974250177 ], [ -93.205241292991431, 16.773881974250177 ], [ -93.205241292991431, 16.774420963420649 ] ], [ [ -93.203085336309542, 16.773881974250177 ], [ -93.203085336309542, 16.773612479664941 ], [ -93.202815841724302, 16.773612479664941 ], [ -93.202815841724302, 16.773881974250177 ], [ -93.203085336309542, 16.773881974250177 ] ] ] ] } },
{ "type": "Feature", "properties": { "ZONA_MET": "Tuxtla_Guti_rrez", "INTENSIDAD": "Intensa", "T_PROM_POL": 4.0, "T_MIN_CIUD": 3.0, "DIF_TERMIC": 1.0 }, "geometry": { "type": "MultiPolygon", "coordinates": [ [ [ [ -93.133825227903927, 16.773612479664941 ], [ -93.133286238733461, 16.773612479664941 ], [ -93.133286238733461, 16.773342985079704 ], [ -93.133016744148222, 16.773342985079704 ], [ -93.133016744148222, 16.773073490494468 ], [ -93.132747249562982, 16.773073490494468 ], [ -93.132747249562982, 16.772803995909236 ], [ -93.132477754977742, 16.772803995909236 ], [ -93.132477754977742, 16.772534501323999 ], [ -93.133555733318687, 16.772534501323999 ], [ -93.133555733318687, 16.771995512153527 ], [ -93.133286238733461, 16.771995512153527 ], [ -93.133286238733461, 16.771456522983055 ], [ -93.133555733318687, 16.771456522983055 ], [ -93.133555733318687, 16.771726017568291 ], [ -93.133825227903927, 16.771726017568291 ], [ -93.133825227903927, 16.771995512153527 ], [ -93.134094722489166, 16.771995512153527 ], [ -93.134094722489166, 16.771456522983055 ], [ -93.134364217074392, 16.771456522983055 ], [ -93.134364217074392, 16.771995512153527 ], [ -93.134633711659632, 16.771995512153527 ], [ -93.134633711659632, 16.772265006738763 ], [ -93.134903206244871, 16.772265006738763 ], [ -93.134903206244871, 16.772534501323999 ], [ -93.134364217074392, 16.772534501323999 ], [ -93.134364217074392, 16.772803995909236 ], [ -93.134094722489166, 16.772803995909236 ], [ -93.134094722489166, 16.773073490494468 ], [ -93.133555733318687, 16.773073490494468 ], [ -93.133555733318687, 16.773342985079704 ], [ -93.133825227903927, 16.773342985079704 ], [ -93.133825227903927, 16.773612479664941 ] ] ] ] } },
{ "type": "Feature", "properties": { "ZONA_MET": "Tuxtla_Guti_rrez", "INTENSIDAD": "Intensa", "T_PROM_POL": 4.0, "T_MIN_CIUD": 3.0, "DIF_TERMIC": 1.0 }, "geometry": { "type": "MultiPolygon", "coordinates": [ [ [ [ -93.152150859699958, 16.770917533812582 ], [ -93.150264397603308, 16.770917533812582 ], [ -93.150264397603308, 16.770648039227346 ], [ -93.149725408432843, 16.770648039227346 ], [ -93.149725408432843, 16.77037854464211 ], [ -93.148647430091899, 16.77037854464211 ], [ -93.148647430091899, 16.770109050056874 ], [ -93.150264397603308, 16.770109050056874 ], [ -93.150264397603308, 16.77037854464211 ], [ -93.151342375944253, 16.77037854464211 ], [ -93.151342375944253, 16.770648039227346 ], [ -93.152150859699958, 16.770648039227346 ], [ -93.152150859699958, 16.770917533812582 ] ] ] ] } },
{ "type": "Feature", "properties": { "ZONA_MET": "Tuxtla_Guti_rrez", "INTENSIDAD": "Intensa", "T_PROM_POL": 4.0, "T_MIN_CIUD": 3.0, "DIF_TERMIC": 1.0 }, "geometry": { "type": "MultiPolygon", "coordinates": [ [ [ [ -93.102833350601799, 16.771456522983055 ], [ -93.102294361431333, 16.771456522983055 ], [ -93.102294361431333, 16.770917533812582 ], [ -93.102563856016573, 16.770917533812582 ], [ -93.102563856016573, 16.770648039227346 ], [ -93.102294361431333, 16.770648039227346 ], [ -93.102294361431333, 16.77037854464211 ], [ -93.101485877675628, 16.77037854464211 ], [ -93.101485877675628, 16.770917533812582 ], [ -93.101216383090389, 16.770917533812582 ], [ -93.101216383090389, 16.771187028397819 ], [ -93.100946888505149, 16.771187028397819 ], [ -93.100946888505149, 16.770109050056874 ], [ -93.101216383090389, 16.770109050056874 ], [ -93.101216383090389, 16.769839555471641 ], [ -93.101755372260854, 16.769839555471641 ], [ -93.101755372260854, 16.770109050056874 ], [ -93.102294361431333, 16.770109050056874 ], [ -93.102294361431333, 16.769839555471641 ], [ -93.102833350601799, 16.769839555471641 ], [ -93.102833350601799, 16.770109050056874 ], [ -93.103372339772278, 16.770109050056874 ], [ -93.103372339772278, 16.771187028397819 ], [ -93.102833350601799, 16.771187028397819 ], [ -93.102833350601799, 16.771456522983055 ] ] ] ] } },
{ "type": "Feature", "properties": { "ZONA_MET": "Tuxtla_Guti_rrez", "INTENSIDAD": "Intensa", "T_PROM_POL": 4.0, "T_MIN_CIUD": 3.0, "DIF_TERMIC": 1.0 }, "geometry": { "type": "MultiPolygon", "coordinates": [ [ [ [ -93.116577574448826, 16.771995512153527 ], [ -93.115230101522656, 16.771995512153527 ], [ -93.115230101522656, 16.771726017568291 ], [ -93.114960606937416, 16.771726017568291 ], [ -93.114960606937416, 16.771456522983055 ], [ -93.114691112352176, 16.771456522983055 ], [ -93.114691112352176, 16.771187028397819 ], [ -93.114421617766951, 16.771187028397819 ], [ -93.114421617766951, 16.770648039227346 ], [ -93.114691112352176, 16.770648039227346 ], [ -93.114691112352176, 16.77037854464211 ], [ -93.114421617766951, 16.77037854464211 ], [ -93.114421617766951, 16.769839555471641 ], [ -93.113882628596471, 16.769839555471641 ], [ -93.113882628596471, 16.770109050056874 ], [ -93.113074144840766, 16.770109050056874 ], [ -93.113074144840766, 16.77037854464211 ], [ -93.113613134011231, 16.77037854464211 ], [ -93.113613134011231, 16.770917533812582 ], [ -93.112804650255526, 16.770917533812582 ], [ -93.112804650255526, 16.770648039227346 ], [ -93.112535155670287, 16.770648039227346 ], [ -93.112535155670287, 16.770109050056874 ], [ -93.112804650255526, 16.770109050056874 ], [ -93.112804650255526, 16.769570060886405 ], [ -93.113343639426006, 16.769570060886405 ], [ -93.113343639426006, 16.769031071715933 ], [ -93.114152123181711, 16.769031071715933 ], [ -93.114152123181711, 16.769300566301169 ], [ -93.114421617766951, 16.769300566301169 ], [ -93.114421617766951, 16.769570060886405 ], [ -93.114691112352176, 16.769570060886405 ], [ -93.114691112352176, 16.769839555471641 ], [ -93.115230101522656, 16.769839555471641 ], [ -93.115230101522656, 16.770109050056874 ], [ -93.115769090693121, 16.770109050056874 ], [ -93.115769090693121, 16.77037854464211 ], [ -93.114960606937416, 16.77037854464211 ], [ -93.114960606937416, 16.771187028397819 ], [ -93.115230101522656, 16.771187028397819 ], [ -93.115230101522656, 16.771456522983055 ], [ -93.115499596107881, 16.771456522983055 ], [ -93.115499596107881, 16.771726017568291 ], [ -93.115769090693121, 16.771726017568291 ], [ -93.115769090693121, 16.771456522983055 ], [ -93.116038585278361, 16.771456522983055 ], [ -93.116038585278361, 16.771726017568291 ], [ -93.1163080798636, 16.771726017568291 ], [ -93.1163080798636, 16.771456522983055 ], [ -93.116577574448826, 16.771456522983055 ], [ -93.116577574448826, 16.770917533812582 ], [ -93.116847069034065, 16.770917533812582 ], [ -93.116847069034065, 16.771726017568291 ], [ -93.116577574448826, 16.771726017568291 ], [ -93.116577574448826, 16.771995512153527 ] ] ] ] } },
{ "type": "Feature", "properties": { "ZONA_MET": "Tuxtla_Guti_rrez", "INTENSIDAD": "Intensa", "T_PROM_POL": 4.0, "T_MIN_CIUD": 3.0, "DIF_TERMIC": 1.0 }, "geometry": { "type": "MultiPolygon", "coordinates": [ [ [ [ -93.14056259253482, 16.770917533812582 ], [ -93.140293097949581, 16.770917533812582 ], [ -93.140293097949581, 16.770109050056874 ], [ -93.14056259253482, 16.770109050056874 ], [ -93.14056259253482, 16.769570060886405 ], [ -93.14083208712006, 16.769570060886405 ], [ -93.14083208712006, 16.769300566301169 ], [ -93.1411015817053, 16.769300566301169 ], [ -93.1411015817053, 16.769031071715933 ], [ -93.141371076290525, 16.769031071715933 ], [ -93.141371076290525, 16.769300566301169 ], [ -93.141640570875765, 16.769300566301169 ], [ -93.141640570875765, 16.769031071715933 ], [ -93.14244905463147, 16.769031071715933 ], [ -93.14244905463147, 16.769300566301169 ], [ -93.14298804380195, 16.769300566301169 ], [ -93.14298804380195, 16.769570060886405 ], [ -93.143257538387175, 16.769570060886405 ], [ -93.143257538387175, 16.770109050056874 ], [ -93.141910065461005, 16.770109050056874 ], [ -93.141910065461005, 16.77037854464211 ], [ -93.14083208712006, 16.77037854464211 ], [ -93.14083208712006, 16.770648039227346 ], [ -93.14056259253482, 16.770648039227346 ], [ -93.14056259253482, 16.770917533812582 ] ] ] ] } },
{ "type": "Feature", "properties": { "ZONA_MET": "Tuxtla_Guti_rrez", "INTENSIDAD": "Intensa", "T_PROM_POL": 4.0, "T_MIN_CIUD": 3.0, "DIF_TERMIC": 1.0 }, "geometry": { "type": "MultiPolygon", "coordinates": [ [ [ [ -93.171823964422188, 16.769839555471641 ], [ -93.171554469836948, 16.769839555471641 ], [ -93.171554469836948, 16.769570060886405 ], [ -93.169937502325539, 16.769570060886405 ], [ -93.169937502325539, 16.769300566301169 ], [ -93.170476491496004, 16.769300566301169 ], [ -93.170476491496004, 16.769031071715933 ], [ -93.171554469836948, 16.769031071715933 ], [ -93.171554469836948, 16.769300566301169 ], [ -93.171823964422188, 16.769300566301169 ], [ -93.171823964422188, 16.769839555471641 ] ] ] ] } },
{ "type": "Feature", "properties": { "ZONA_MET": "Tuxtla_Guti_rrez", "INTENSIDAD": "Intensa", "T_PROM_POL": 4.0, "T_MIN_CIUD": 3.0, "DIF_TERMIC": 1.0 }, "geometry": { "type": "MultiPolygon", "coordinates": [ [ [ [ -93.180986780320197, 16.770917533812582 ], [ -93.178830823638322, 16.770917533812582 ], [ -93.178830823638322, 16.770648039227346 ], [ -93.178561329053082, 16.770648039227346 ], [ -93.178561329053082, 16.770917533812582 ], [ -93.178291834467842, 16.770917533812582 ], [ -93.178291834467842, 16.770648039227346 ], [ -93.178022339882602, 16.770648039227346 ], [ -93.178022339882602, 16.770109050056874 ], [ -93.178291834467842, 16.770109050056874 ], [ -93.178291834467842, 16.769031071715933 ], [ -93.178561329053082, 16.769031071715933 ], [ -93.178561329053082, 16.768761577130697 ], [ -93.179100318223547, 16.768761577130697 ], [ -93.179100318223547, 16.770109050056874 ], [ -93.179908801979252, 16.770109050056874 ], [ -93.179908801979252, 16.769300566301169 ], [ -93.180447791149732, 16.769300566301169 ], [ -93.180447791149732, 16.769570060886405 ], [ -93.180717285734971, 16.769570060886405 ], [ -93.180717285734971, 16.769300566301169 ], [ -93.181256274905436, 16.769300566301169 ], [ -93.181256274905436, 16.769570060886405 ], [ -93.181525769490676, 16.769570060886405 ], [ -93.181525769490676, 16.770109050056874 ], [ -93.181795264075916, 16.770109050056874 ], [ -93.181795264075916, 16.770648039227346 ], [ -93.180986780320197, 16.770648039227346 ], [ -93.180986780320197, 16.770917533812582 ] ], [ [ -93.180986780320197, 16.77037854464211 ], [ -93.180986780320197, 16.770109050056874 ], [ -93.179908801979252, 16.770109050056874 ], [ -93.179908801979252, 16.77037854464211 ], [ -93.180986780320197, 16.77037854464211 ] ] ] ] } },
{ "type": "Feature", "properties": { "ZONA_MET": "Tuxtla_Guti_rrez", "INTENSIDAD": "Intensa", "T_PROM_POL": 4.0, "T_MIN_CIUD": 3.0, "DIF_TERMIC": 1.0 }, "geometry": { "type": "MultiPolygon", "coordinates": [ [ [ [ -93.130860787466332, 16.773612479664941 ], [ -93.130321798295867, 16.773612479664941 ], [ -93.130321798295867, 16.773342985079704 ], [ -93.130052303710627, 16.773342985079704 ], [ -93.130052303710627, 16.773612479664941 ], [ -93.129782809125388, 16.773612479664941 ], [ -93.129782809125388, 16.773342985079704 ], [ -93.129243819954922, 16.773342985079704 ], [ -93.129243819954922, 16.773612479664941 ], [ -93.128974325369683, 16.773612479664941 ], [ -93.128974325369683, 16.773342985079704 ], [ -93.128435336199203, 16.773342985079704 ], [ -93.128435336199203, 16.772803995909236 ], [ -93.128165841613978, 16.772803995909236 ], [ -93.128165841613978, 16.771995512153527 ], [ -93.128435336199203, 16.771995512153527 ], [ -93.128435336199203, 16.771726017568291 ], [ -93.129243819954922, 16.771726017568291 ], [ -93.129243819954922, 16.771995512153527 ], [ -93.129782809125388, 16.771995512153527 ], [ -93.129782809125388, 16.772265006738763 ], [ -93.130052303710627, 16.772265006738763 ], [ -93.130052303710627, 16.771995512153527 ], [ -93.130591292881093, 16.771995512153527 ], [ -93.130591292881093, 16.772265006738763 ], [ -93.131130282051572, 16.772265006738763 ], [ -93.131130282051572, 16.771995512153527 ], [ -93.130860787466332, 16.771995512153527 ], [ -93.130860787466332, 16.771726017568291 ], [ -93.131938765807277, 16.771726017568291 ], [ -93.131938765807277, 16.771456522983055 ], [ -93.131669271222037, 16.771456522983055 ], [ -93.131669271222037, 16.770917533812582 ], [ -93.131399776636798, 16.770917533812582 ], [ -93.131399776636798, 16.770648039227346 ], [ -93.131669271222037, 16.770648039227346 ], [ -93.131669271222037, 16.77037854464211 ], [ -93.131938765807277, 16.77037854464211 ], [ -93.131938765807277, 16.770109050056874 ], [ -93.132477754977742, 16.770109050056874 ], [ -93.132477754977742, 16.768761577130697 ], [ -93.133016744148222, 16.768761577130697 ], [ -93.133016744148222, 16.76849208254546 ], [ -93.133555733318687, 16.76849208254546 ], [ -93.133555733318687, 16.768761577130697 ], [ -93.134094722489166, 16.768761577130697 ], [ -93.134094722489166, 16.769031071715933 ], [ -93.133825227903927, 16.769031071715933 ], [ -93.133825227903927, 16.769300566301169 ], [ -93.133555733318687, 16.769300566301169 ], [ -93.133555733318687, 16.769570060886405 ], [ -93.133016744148222, 16.769570060886405 ], [ -93.133016744148222, 16.770917533812582 ], [ -93.133286238733461, 16.770917533812582 ], [ -93.133286238733461, 16.771456522983055 ], [ -93.132747249562982, 16.771456522983055 ], [ -93.132747249562982, 16.772265006738763 ], [ -93.132208260392517, 16.772265006738763 ], [ -93.132208260392517, 16.772534501323999 ], [ -93.131938765807277, 16.772534501323999 ], [ -93.131938765807277, 16.772265006738763 ], [ -93.131669271222037, 16.772265006738763 ], [ -93.131669271222037, 16.772803995909236 ], [ -93.131938765807277, 16.772803995909236 ], [ -93.131938765807277, 16.773342985079704 ], [ -93.131130282051572, 16.773342985079704 ], [ -93.131130282051572, 16.773073490494468 ], [ -93.130860787466332, 16.773073490494468 ], [ -93.130860787466332, 16.773612479664941 ] ], [ [ -93.128974325369683, 16.773073490494468 ], [ -93.128974325369683, 16.772803995909236 ], [ -93.128704830784443, 16.772803995909236 ], [ -93.128704830784443, 16.773073490494468 ], [ -93.128974325369683, 16.773073490494468 ] ], [ [ -93.131669271222037, 16.772265006738763 ], [ -93.131669271222037, 16.771995512153527 ], [ -93.131399776636798, 16.771995512153527 ], [ -93.131399776636798, 16.772265006738763 ], [ -93.131669271222037, 16.772265006738763 ] ] ] ] } },
{ "type": "Feature", "properties": { "ZONA_MET": "Tuxtla_Guti_rrez", "INTENSIDAD": "Intensa", "T_PROM_POL": 4.0, "T_MIN_CIUD": 3.0, "DIF_TERMIC": 1.0 }, "geometry": { "type": "MultiPolygon", "coordinates": [ [ [ [ -93.195000498752464, 16.771456522983055 ], [ -93.194731004167238, 16.771456522983055 ], [ -93.194731004167238, 16.770648039227346 ], [ -93.194461509581998, 16.770648039227346 ], [ -93.194461509581998, 16.77037854464211 ], [ -93.193653025826293, 16.77037854464211 ], [ -93.193653025826293, 16.770648039227346 ], [ -93.193383531241054, 16.770648039227346 ], [ -93.193383531241054, 16.769839555471641 ], [ -93.193114036655814, 16.769839555471641 ], [ -93.193114036655814, 16.769570060886405 ], [ -93.193653025826293, 16.769570060886405 ], [ -93.193653025826293, 16.769300566301169 ], [ -93.193922520411519, 16.769300566301169 ], [ -93.193922520411519, 16.769839555471641 ], [ -93.194192014996759, 16.769839555471641 ], [ -93.194192014996759, 16.769031071715933 ], [ -93.194461509581998, 16.769031071715933 ], [ -93.194461509581998, 16.76849208254546 ], [ -93.194731004167238, 16.76849208254546 ], [ -93.194731004167238, 16.768761577130697 ], [ -93.195269993337703, 16.768761577130697 ], [ -93.195269993337703, 16.769300566301169 ], [ -93.195000498752464, 16.769300566301169 ], [ -93.195000498752464, 16.769570060886405 ], [ -93.195539487922943, 16.769570060886405 ], [ -93.195539487922943, 16.769300566301169 ], [ -93.196078477093408, 16.769300566301169 ], [ -93.196078477093408, 16.768761577130697 ], [ -93.196347971678648, 16.768761577130697 ], [ -93.196347971678648, 16.76849208254546 ], [ -93.196617466263888, 16.76849208254546 ], [ -93.196617466263888, 16.768222587960224 ], [ -93.196886960849113, 16.768222587960224 ], [ -93.196886960849113, 16.767953093374988 ], [ -93.197425950019593, 16.767953093374988 ], [ -93.197425950019593, 16.76849208254546 ], [ -93.197156455434353, 16.76849208254546 ], [ -93.197156455434353, 16.768761577130697 ], [ -93.196886960849113, 16.768761577130697 ], [ -93.196886960849113, 16.769300566301169 ], [ -93.196617466263888, 16.769300566301169 ], [ -93.196617466263888, 16.769570060886405 ], [ -93.196347971678648, 16.769570060886405 ], [ -93.196347971678648, 16.769839555471641 ], [ -93.196617466263888, 16.769839555471641 ], [ -93.196617466263888, 16.770109050056874 ], [ -93.196078477093408, 16.770109050056874 ], [ -93.196078477093408, 16.769839555471641 ], [ -93.195000498752464, 16.769839555471641 ], [ -93.195000498752464, 16.770109050056874 ], [ -93.194731004167238, 16.770109050056874 ], [ -93.194731004167238, 16.77037854464211 ], [ -93.195269993337703, 16.77037854464211 ], [ -93.195269993337703, 16.770648039227346 ], [ -93.195000498752464, 16.770648039227346 ], [ -93.195000498752464, 16.771456522983055 ] ], [ [ -93.194731004167238, 16.769839555471641 ], [ -93.194731004167238, 16.769570060886405 ], [ -93.194461509581998, 16.769570060886405 ], [ -93.194461509581998, 16.769839555471641 ], [ -93.194731004167238, 16.769839555471641 ] ] ] ] } },
{ "type": "Feature", "properties": { "ZONA_MET": "Tuxtla_Guti_rrez", "INTENSIDAD": "Intensa", "T_PROM_POL": 4.0, "T_MIN_CIUD": 3.0, "DIF_TERMIC": 1.0 }, "geometry": { "type": "MultiPolygon", "coordinates": [ [ [ [ -93.192575047485349, 16.767683598789752 ], [ -93.191227574559164, 16.767683598789752 ], [ -93.191227574559164, 16.767414104204516 ], [ -93.190958079973925, 16.767414104204516 ], [ -93.190958079973925, 16.766605620448811 ], [ -93.191497069144404, 16.766605620448811 ], [ -93.191497069144404, 16.766875115034043 ], [ -93.192036058314869, 16.766875115034043 ], [ -93.192036058314869, 16.76714460961928 ], [ -93.192305552900109, 16.76714460961928 ], [ -93.192305552900109, 16.767414104204516 ], [ -93.192575047485349, 16.767414104204516 ], [ -93.192575047485349, 16.767683598789752 ] ] ] ] } },
{ "type": "Feature", "properties": { "ZONA_MET": "Tuxtla_Guti_rrez", "INTENSIDAD": "Intensa", "T_PROM_POL": 4.0, "T_MIN_CIUD": 3.0, "DIF_TERMIC": 1.0 }, "geometry": { "type": "MultiPolygon", "coordinates": [ [ [ [ -93.133825227903927, 16.76849208254546 ], [ -93.133555733318687, 16.76849208254546 ], [ -93.133555733318687, 16.767414104204516 ], [ -93.134094722489166, 16.767414104204516 ], [ -93.134094722489166, 16.766875115034043 ], [ -93.134364217074392, 16.766875115034043 ], [ -93.134364217074392, 16.766605620448811 ], [ -93.135172700830111, 16.766605620448811 ], [ -93.135172700830111, 16.76714460961928 ], [ -93.134903206244871, 16.76714460961928 ], [ -93.134903206244871, 16.767414104204516 ], [ -93.134633711659632, 16.767414104204516 ], [ -93.134633711659632, 16.767683598789752 ], [ -93.134364217074392, 16.767683598789752 ], [ -93.134364217074392, 16.767953093374988 ], [ -93.134094722489166, 16.767953093374988 ], [ -93.134094722489166, 16.768222587960224 ], [ -93.133825227903927, 16.768222587960224 ], [ -93.133825227903927, 16.76849208254546 ] ], [ [ -93.134903206244871, 16.76714460961928 ], [ -93.134903206244871, 16.766875115034043 ], [ -93.134633711659632, 16.766875115034043 ], [ -93.134633711659632, 16.76714460961928 ], [ -93.134903206244871, 16.76714460961928 ] ] ] ] } },
{ "type": "Feature", "properties": { "ZONA_MET": "Tuxtla_Guti_rrez", "INTENSIDAD": "Intensa", "T_PROM_POL": 4.0, "T_MIN_CIUD": 3.0, "DIF_TERMIC": 1.0 }, "geometry": { "type": "MultiPolygon", "coordinates": [ [ [ [ -93.115230101522656, 16.767414104204516 ], [ -93.114152123181711, 16.767414104204516 ], [ -93.114152123181711, 16.76714460961928 ], [ -93.113882628596471, 16.76714460961928 ], [ -93.113882628596471, 16.766605620448811 ], [ -93.114152123181711, 16.766605620448811 ], [ -93.114152123181711, 16.766336125863575 ], [ -93.114691112352176, 16.766336125863575 ], [ -93.114691112352176, 16.766066631278338 ], [ -93.114960606937416, 16.766066631278338 ], [ -93.114960606937416, 16.766336125863575 ], [ -93.115499596107881, 16.766336125863575 ], [ -93.115499596107881, 16.766875115034043 ], [ -93.115230101522656, 16.766875115034043 ], [ -93.115230101522656, 16.767414104204516 ] ] ] ] } },
{ "type": "Feature", "properties": { "ZONA_MET": "Tuxtla_Guti_rrez", "INTENSIDAD": "Intensa", "T_PROM_POL": 4.0, "T_MIN_CIUD": 3.0, "DIF_TERMIC": 1.0 }, "geometry": { "type": "MultiPolygon", "coordinates": [ [ [ [ -93.104180823527983, 16.766875115034043 ], [ -93.103911328942743, 16.766875115034043 ], [ -93.103911328942743, 16.766605620448811 ], [ -93.103641834357504, 16.766605620448811 ], [ -93.103641834357504, 16.766336125863575 ], [ -93.103372339772278, 16.766336125863575 ], [ -93.103372339772278, 16.76525814752263 ], [ -93.103641834357504, 16.76525814752263 ], [ -93.103641834357504, 16.764988652937394 ], [ -93.104450318113223, 16.764988652937394 ], [ -93.104450318113223, 16.765527642107866 ], [ -93.104180823527983, 16.765527642107866 ], [ -93.104180823527983, 16.766066631278338 ], [ -93.104719812698448, 16.766066631278338 ], [ -93.104719812698448, 16.766605620448811 ], [ -93.104180823527983, 16.766605620448811 ], [ -93.104180823527983, 16.766875115034043 ] ] ] ] } },
{ "type": "Feature", "properties": { "ZONA_MET": "Tuxtla_Guti_rrez", "INTENSIDAD": "Intensa", "T_PROM_POL": 4.0, "T_MIN_CIUD": 3.0, "DIF_TERMIC": 1.0 }, "geometry": { "type": "MultiPolygon", "coordinates": [ [ [ [ -93.09717396431185, 16.765797136693102 ], [ -93.09690446972661, 16.765797136693102 ], [ -93.09690446972661, 16.765527642107866 ], [ -93.096634975141384, 16.765527642107866 ], [ -93.096634975141384, 16.76525814752263 ], [ -93.095826491385665, 16.76525814752263 ], [ -93.095826491385665, 16.765797136693102 ], [ -93.09555699680044, 16.765797136693102 ], [ -93.09555699680044, 16.765527642107866 ], [ -93.094748513044721, 16.765527642107866 ], [ -93.094748513044721, 16.76525814752263 ], [ -93.09555699680044, 16.76525814752263 ], [ -93.09555699680044, 16.764449663766921 ], [ -93.094748513044721, 16.764449663766921 ], [ -93.094748513044721, 16.763910674596449 ], [ -93.09555699680044, 16.763910674596449 ], [ -93.09555699680044, 16.764180169181685 ], [ -93.095826491385665, 16.764180169181685 ], [ -93.095826491385665, 16.764449663766921 ], [ -93.096095985970905, 16.764449663766921 ], [ -93.096095985970905, 16.763910674596449 ], [ -93.096365480556145, 16.763910674596449 ], [ -93.096365480556145, 16.763641180011216 ], [ -93.09690446972661, 16.763641180011216 ], [ -93.09690446972661, 16.763910674596449 ], [ -93.097712953482315, 16.763910674596449 ], [ -93.097712953482315, 16.764180169181685 ], [ -93.097982448067555, 16.764180169181685 ], [ -93.097982448067555, 16.764449663766921 ], [ -93.098521437238034, 16.764449663766921 ], [ -93.098521437238034, 16.764719158352158 ], [ -93.097443458897089, 16.764719158352158 ], [ -93.097443458897089, 16.764988652937394 ], [ -93.09717396431185, 16.764988652937394 ], [ -93.09717396431185, 16.765797136693102 ] ] ] ] } },
{ "type": "Feature", "properties": { "ZONA_MET": "Tuxtla_Guti_rrez", "INTENSIDAD": "Intensa", "T_PROM_POL": 4.0, "T_MIN_CIUD": 3.0, "DIF_TERMIC": 1.0 }, "geometry": { "type": "MultiPolygon", "coordinates": [ [ [ [ -93.193922520411519, 16.768761577130697 ], [ -93.193383531241054, 16.768761577130697 ], [ -93.193383531241054, 16.76849208254546 ], [ -93.193114036655814, 16.76849208254546 ], [ -93.193114036655814, 16.767953093374988 ], [ -93.193383531241054, 16.767953093374988 ], [ -93.193383531241054, 16.767683598789752 ], [ -93.193653025826293, 16.767683598789752 ], [ -93.193653025826293, 16.767414104204516 ], [ -93.193922520411519, 16.767414104204516 ], [ -93.193922520411519, 16.766875115034043 ], [ -93.193653025826293, 16.766875115034043 ], [ -93.193653025826293, 16.76714460961928 ], [ -93.193383531241054, 16.76714460961928 ], [ -93.193383531241054, 16.767414104204516 ], [ -93.192844542070574, 16.767414104204516 ], [ -93.192844542070574, 16.76714460961928 ], [ -93.192575047485349, 16.76714460961928 ], [ -93.192575047485349, 16.766875115034043 ], [ -93.192036058314869, 16.766875115034043 ], [ -93.192036058314869, 16.766066631278338 ], [ -93.19176656372963, 16.766066631278338 ], [ -93.19176656372963, 16.765797136693102 ], [ -93.191497069144404, 16.765797136693102 ], [ -93.191497069144404, 16.765527642107866 ], [ -93.19176656372963, 16.765527642107866 ], [ -93.19176656372963, 16.764988652937394 ], [ -93.191227574559164, 16.764988652937394 ], [ -93.191227574559164, 16.765527642107866 ], [ -93.190958079973925, 16.765527642107866 ], [ -93.190958079973925, 16.766605620448811 ], [ -93.190419090803459, 16.766605620448811 ], [ -93.190419090803459, 16.766336125863575 ], [ -93.19014959621822, 16.766336125863575 ], [ -93.19014959621822, 16.766066631278338 ], [ -93.18988010163298, 16.766066631278338 ], [ -93.18988010163298, 16.765797136693102 ], [ -93.189610607047754, 16.765797136693102 ], [ -93.189610607047754, 16.765527642107866 ], [ -93.18853262870681, 16.765527642107866 ], [ -93.18853262870681, 16.764988652937394 ], [ -93.188802123292035, 16.764988652937394 ], [ -93.188802123292035, 16.764719158352158 ], [ -93.18853262870681, 16.764719158352158 ], [ -93.18853262870681, 16.764449663766921 ], [ -93.187724144951105, 16.764449663766921 ], [ -93.187724144951105, 16.763910674596449 ], [ -93.18799363953633, 16.763910674596449 ], [ -93.18799363953633, 16.762832696255508 ], [ -93.18826313412157, 16.762832696255508 ], [ -93.18826313412157, 16.763102190840744 ], [ -93.189071617877275, 16.763102190840744 ], [ -93.189071617877275, 16.762832696255508 ], [ -93.18988010163298, 16.762832696255508 ], [ -93.18988010163298, 16.763910674596449 ], [ -93.189610607047754, 16.763910674596449 ], [ -93.189610607047754, 16.764180169181685 ], [ -93.189341112462515, 16.764180169181685 ], [ -93.189341112462515, 16.764449663766921 ], [ -93.18988010163298, 16.764449663766921 ], [ -93.18988010163298, 16.764988652937394 ], [ -93.189610607047754, 16.764988652937394 ], [ -93.189610607047754, 16.76525814752263 ], [ -93.19014959621822, 16.76525814752263 ], [ -93.19014959621822, 16.764719158352158 ], [ -93.190419090803459, 16.764719158352158 ], [ -93.190419090803459, 16.764449663766921 ], [ -93.190688585388699, 16.764449663766921 ], [ -93.190688585388699, 16.764180169181685 ], [ -93.190958079973925, 16.764180169181685 ], [ -93.190958079973925, 16.763910674596449 ], [ -93.190419090803459, 16.763910674596449 ], [ -93.190419090803459, 16.76337168542598 ], [ -93.190958079973925, 16.76337168542598 ], [ -93.190958079973925, 16.763102190840744 ], [ -93.191227574559164, 16.763102190840744 ], [ -93.191227574559164, 16.762832696255508 ], [ -93.193114036655814, 16.762832696255508 ], [ -93.193114036655814, 16.762563201670272 ], [ -93.193383531241054, 16.762563201670272 ], [ -93.193383531241054, 16.763641180011216 ], [ -93.193114036655814, 16.763641180011216 ], [ -93.193114036655814, 16.764180169181685 ], [ -93.192844542070574, 16.764180169181685 ], [ -93.192844542070574, 16.763910674596449 ], [ -93.192305552900109, 16.763910674596449 ], [ -93.192305552900109, 16.764449663766921 ], [ -93.192575047485349, 16.764449663766921 ], [ -93.192575047485349, 16.764719158352158 ], [ -93.192305552900109, 16.764719158352158 ], [ -93.192305552900109, 16.764988652937394 ], [ -93.192575047485349, 16.764988652937394 ], [ -93.192575047485349, 16.765527642107866 ], [ -93.192844542070574, 16.765527642107866 ], [ -93.192844542070574, 16.766066631278338 ], [ -93.193653025826293, 16.766066631278338 ], [ -93.193653025826293, 16.765797136693102 ], [ -93.194461509581998, 16.765797136693102 ], [ -93.194461509581998, 16.766336125863575 ], [ -93.194192014996759, 16.766336125863575 ], [ -93.194192014996759, 16.766605620448811 ], [ -93.194731004167238, 16.766605620448811 ], [ -93.194731004167238, 16.766875115034043 ], [ -93.194461509581998, 16.766875115034043 ], [ -93.194461509581998, 16.767414104204516 ], [ -93.194192014996759, 16.767414104204516 ], [ -93.194192014996759, 16.767683598789752 ], [ -93.193922520411519, 16.767683598789752 ], [ -93.193922520411519, 16.768761577130697 ] ], [ [ -93.192305552900109, 16.766066631278338 ], [ -93.192305552900109, 16.765797136693102 ], [ -93.192036058314869, 16.765797136693102 ], [ -93.192036058314869, 16.766066631278338 ], [ -93.192305552900109, 16.766066631278338 ] ], [ [ -93.189610607047754, 16.763910674596449 ], [ -93.189610607047754, 16.763641180011216 ], [ -93.189341112462515, 16.763641180011216 ], [ -93.189341112462515, 16.763910674596449 ], [ -93.189610607047754, 16.763910674596449 ] ] ] ] } },
{ "type": "Feature", "properties": { "ZONA_MET": "Tuxtla_Guti_rrez", "INTENSIDAD": "Intensa", "T_PROM_POL": 4.0, "T_MIN_CIUD": 3.0, "DIF_TERMIC": 1.0 }, "geometry": { "type": "MultiPolygon", "coordinates": [ [ [ [ -93.136520173756281, 16.766336125863575 ], [ -93.135981184585816, 16.766336125863575 ], [ -93.135981184585816, 16.766066631278338 ], [ -93.136250679171056, 16.766066631278338 ], [ -93.136250679171056, 16.765797136693102 ], [ -93.136789668341521, 16.765797136693102 ], [ -93.136789668341521, 16.76525814752263 ], [ -93.137059162926761, 16.76525814752263 ], [ -93.137059162926761, 16.764719158352158 ], [ -93.136789668341521, 16.764719158352158 ], [ -93.136789668341521, 16.764449663766921 ], [ -93.137059162926761, 16.764449663766921 ], [ -93.137059162926761, 16.764180169181685 ], [ -93.137328657511986, 16.764180169181685 ], [ -93.137328657511986, 16.763910674596449 ], [ -93.136789668341521, 16.763910674596449 ], [ -93.136789668341521, 16.764180169181685 ], [ -93.135981184585816, 16.764180169181685 ], [ -93.135981184585816, 16.763910674596449 ], [ -93.136520173756281, 16.763910674596449 ], [ -93.136520173756281, 16.763641180011216 ], [ -93.136789668341521, 16.763641180011216 ], [ -93.136789668341521, 16.76337168542598 ], [ -93.137598152097226, 16.76337168542598 ], [ -93.137598152097226, 16.763910674596449 ], [ -93.138676130438171, 16.763910674596449 ], [ -93.138676130438171, 16.764180169181685 ], [ -93.13894562502341, 16.764180169181685 ], [ -93.13894562502341, 16.764449663766921 ], [ -93.13921511960865, 16.764449663766921 ], [ -93.13921511960865, 16.764180169181685 ], [ -93.139484614193876, 16.764180169181685 ], [ -93.139484614193876, 16.763910674596449 ], [ -93.139754108779115, 16.763910674596449 ], [ -93.139754108779115, 16.76337168542598 ], [ -93.140293097949581, 16.76337168542598 ], [ -93.140293097949581, 16.762293707085036 ], [ -93.14056259253482, 16.762293707085036 ], [ -93.14056259253482, 16.762024212499799 ], [ -93.140293097949581, 16.762024212499799 ], [ -93.140293097949581, 16.761754717914563 ], [ -93.140023603364355, 16.761754717914563 ], [ -93.140023603364355, 16.761215728744091 ], [ -93.139754108779115, 16.761215728744091 ], [ -93.139754108779115, 16.760946234158855 ], [ -93.140293097949581, 16.760946234158855 ], [ -93.140293097949581, 16.761215728744091 ], [ -93.14056259253482, 16.761215728744091 ], [ -93.14056259253482, 16.761485223329327 ], [ -93.14083208712006, 16.761485223329327 ], [ -93.14083208712006, 16.762024212499799 ], [ -93.1411015817053, 16.762024212499799 ], [ -93.1411015817053, 16.762293707085036 ], [ -93.141371076290525, 16.762293707085036 ], [ -93.141371076290525, 16.762563201670272 ], [ -93.141640570875765, 16.762563201670272 ], [ -93.141640570875765, 16.762832696255508 ], [ -93.14244905463147, 16.762832696255508 ], [ -93.14244905463147, 16.763102190840744 ], [ -93.143257538387175, 16.763102190840744 ], [ -93.143257538387175, 16.763641180011216 ], [ -93.143527032972415, 16.763641180011216 ], [ -93.143527032972415, 16.76337168542598 ], [ -93.143796527557654, 16.76337168542598 ], [ -93.143796527557654, 16.763910674596449 ], [ -93.142179560046245, 16.763910674596449 ], [ -93.142179560046245, 16.763641180011216 ], [ -93.141910065461005, 16.763641180011216 ], [ -93.141910065461005, 16.76337168542598 ], [ -93.142179560046245, 16.76337168542598 ], [ -93.142179560046245, 16.763102190840744 ], [ -93.1411015817053, 16.763102190840744 ], [ -93.1411015817053, 16.763910674596449 ], [ -93.14083208712006, 16.763910674596449 ], [ -93.14083208712006, 16.764180169181685 ], [ -93.140293097949581, 16.764180169181685 ], [ -93.140293097949581, 16.764449663766921 ], [ -93.139754108779115, 16.764449663766921 ], [ -93.139754108779115, 16.764719158352158 ], [ -93.13921511960865, 16.764719158352158 ], [ -93.13921511960865, 16.764988652937394 ], [ -93.138137141267705, 16.764988652937394 ], [ -93.138137141267705, 16.76525814752263 ], [ -93.137867646682466, 16.76525814752263 ], [ -93.137867646682466, 16.765797136693102 ], [ -93.137598152097226, 16.765797136693102 ], [ -93.137598152097226, 16.766066631278338 ], [ -93.136520173756281, 16.766066631278338 ], [ -93.136520173756281, 16.766336125863575 ] ], [ [ -93.137328657511986, 16.765527642107866 ], [ -93.137328657511986, 16.76525814752263 ], [ -93.137059162926761, 16.76525814752263 ], [ -93.137059162926761, 16.765527642107866 ], [ -93.137328657511986, 16.765527642107866 ] ], [ [ -93.137598152097226, 16.764988652937394 ], [ -93.137598152097226, 16.764719158352158 ], [ -93.137328657511986, 16.764719158352158 ], [ -93.137328657511986, 16.764988652937394 ], [ -93.137598152097226, 16.764988652937394 ] ] ] ] } },
{ "type": "Feature", "properties": { "ZONA_MET": "Tuxtla_Guti_rrez", "INTENSIDAD": "Extrema", "T_PROM_POL": 4.0, "T_MIN_CIUD": 3.0, "DIF_TERMIC": 1.0 }, "geometry": { "type": "MultiPolygon", "coordinates": [ [ [ [ -93.140293097949581, 16.76337168542598 ], [ -93.140023603364355, 16.76337168542598 ], [ -93.140023603364355, 16.763102190840744 ], [ -93.139484614193876, 16.763102190840744 ], [ -93.139484614193876, 16.762832696255508 ], [ -93.139754108779115, 16.762832696255508 ], [ -93.139754108779115, 16.762293707085036 ], [ -93.13921511960865, 16.762293707085036 ], [ -93.13921511960865, 16.762024212499799 ], [ -93.137867646682466, 16.762024212499799 ], [ -93.137867646682466, 16.761215728744091 ], [ -93.138676130438171, 16.761215728744091 ], [ -93.138676130438171, 16.760946234158855 ], [ -93.13894562502341, 16.760946234158855 ], [ -93.13894562502341, 16.761215728744091 ], [ -93.13921511960865, 16.761215728744091 ], [ -93.13921511960865, 16.761485223329327 ], [ -93.140023603364355, 16.761485223329327 ], [ -93.140023603364355, 16.762293707085036 ], [ -93.140293097949581, 16.762293707085036 ], [ -93.140293097949581, 16.76337168542598 ] ] ] ] } },
{ "type": "Feature", "properties": { "ZONA_MET": "Tuxtla_Guti_rrez", "INTENSIDAD": "Intensa", "T_PROM_POL": 4.0, "T_MIN_CIUD": 3.0, "DIF_TERMIC": 1.0 }, "geometry": { "type": "MultiPolygon", "coordinates": [ [ [ [ -93.148108440921433, 16.763102190840744 ], [ -93.147299957165714, 16.763102190840744 ], [ -93.147299957165714, 16.762832696255508 ], [ -93.147030462580489, 16.762832696255508 ], [ -93.147030462580489, 16.762563201670272 ], [ -93.146491473410009, 16.762563201670272 ], [ -93.146491473410009, 16.762293707085036 ], [ -93.147569451750954, 16.762293707085036 ], [ -93.147569451750954, 16.760946234158855 ], [ -93.147838946336194, 16.760946234158855 ], [ -93.147838946336194, 16.761485223329327 ], [ -93.148108440921433, 16.761485223329327 ], [ -93.148108440921433, 16.761754717914563 ], [ -93.148377935506659, 16.761754717914563 ], [ -93.148377935506659, 16.762024212499799 ], [ -93.148108440921433, 16.762024212499799 ], [ -93.148108440921433, 16.762563201670272 ], [ -93.147838946336194, 16.762563201670272 ], [ -93.147838946336194, 16.762832696255508 ], [ -93.148108440921433, 16.762832696255508 ], [ -93.148108440921433, 16.763102190840744 ] ] ] ] } },
{ "type": "Feature", "properties": { "ZONA_MET": "Tuxtla_Guti_rrez", "INTENSIDAD": "Intensa", "T_PROM_POL": 4.0, "T_MIN_CIUD": 3.0, "DIF_TERMIC": 1.0 }, "geometry": { "type": "MultiPolygon", "coordinates": [ [ [ [ -93.139754108779115, 16.76337168542598 ], [ -93.137598152097226, 16.76337168542598 ], [ -93.137598152097226, 16.762832696255508 ], [ -93.137328657511986, 16.762832696255508 ], [ -93.137328657511986, 16.762563201670272 ], [ -93.137059162926761, 16.762563201670272 ], [ -93.137059162926761, 16.763102190840744 ], [ -93.136520173756281, 16.763102190840744 ], [ -93.136520173756281, 16.762563201670272 ], [ -93.136250679171056, 16.762563201670272 ], [ -93.136250679171056, 16.762293707085036 ], [ -93.135981184585816, 16.762293707085036 ], [ -93.135981184585816, 16.761485223329327 ], [ -93.136789668341521, 16.761485223329327 ], [ -93.136789668341521, 16.761754717914563 ], [ -93.137059162926761, 16.761754717914563 ], [ -93.137059162926761, 16.761485223329327 ], [ -93.137328657511986, 16.761485223329327 ], [ -93.137328657511986, 16.761754717914563 ], [ -93.137598152097226, 16.761754717914563 ], [ -93.137598152097226, 16.760946234158855 ], [ -93.137867646682466, 16.760946234158855 ], [ -93.137867646682466, 16.760676739573622 ], [ -93.13921511960865, 16.760676739573622 ], [ -93.13921511960865, 16.760946234158855 ], [ -93.138137141267705, 16.760946234158855 ], [ -93.138137141267705, 16.761215728744091 ], [ -93.137867646682466, 16.761215728744091 ], [ -93.137867646682466, 16.762024212499799 ], [ -93.138676130438171, 16.762024212499799 ], [ -93.138676130438171, 16.762293707085036 ], [ -93.13894562502341, 16.762293707085036 ], [ -93.13894562502341, 16.762563201670272 ], [ -93.13921511960865, 16.762563201670272 ], [ -93.13921511960865, 16.762832696255508 ], [ -93.139484614193876, 16.762832696255508 ], [ -93.139484614193876, 16.763102190840744 ], [ -93.139754108779115, 16.763102190840744 ], [ -93.139754108779115, 16.76337168542598 ] ] ] ] } },
{ "type": "Feature", "properties": { "ZONA_MET": "Tuxtla_Guti_rrez", "INTENSIDAD": "Intensa", "T_PROM_POL": 4.0, "T_MIN_CIUD": 3.0, "DIF_TERMIC": 1.0 }, "geometry": { "type": "MultiPolygon", "coordinates": [ [ [ [ -93.133286238733461, 16.761754717914563 ], [ -93.131938765807277, 16.761754717914563 ], [ -93.131938765807277, 16.761485223329327 ], [ -93.131130282051572, 16.761485223329327 ], [ -93.131130282051572, 16.760946234158855 ], [ -93.130321798295867, 16.760946234158855 ], [ -93.130321798295867, 16.760407244988386 ], [ -93.130591292881093, 16.760407244988386 ], [ -93.130591292881093, 16.76013775040315 ], [ -93.130860787466332, 16.76013775040315 ], [ -93.130860787466332, 16.760676739573622 ], [ -93.131399776636798, 16.760676739573622 ], [ -93.131399776636798, 16.760407244988386 ], [ -93.132477754977742, 16.760407244988386 ], [ -93.132477754977742, 16.760676739573622 ], [ -93.133016744148222, 16.760676739573622 ], [ -93.133016744148222, 16.760946234158855 ], [ -93.133286238733461, 16.760946234158855 ], [ -93.133286238733461, 16.761215728744091 ], [ -93.133555733318687, 16.761215728744091 ], [ -93.133555733318687, 16.761485223329327 ], [ -93.133286238733461, 16.761485223329327 ], [ -93.133286238733461, 16.761754717914563 ] ] ] ] } },
{ "type": "Feature", "properties": { "ZONA_MET": "Tuxtla_Guti_rrez", "INTENSIDAD": "Intensa", "T_PROM_POL": 4.0, "T_MIN_CIUD": 3.0, "DIF_TERMIC": 1.0 }, "geometry": { "type": "MultiPolygon", "coordinates": [ [ [ [ -93.182064758661141, 16.761754717914563 ], [ -93.181795264075916, 16.761754717914563 ], [ -93.181795264075916, 16.761485223329327 ], [ -93.181256274905436, 16.761485223329327 ], [ -93.181256274905436, 16.761215728744091 ], [ -93.180986780320197, 16.761215728744091 ], [ -93.180986780320197, 16.760946234158855 ], [ -93.180717285734971, 16.760946234158855 ], [ -93.180717285734971, 16.760407244988386 ], [ -93.180986780320197, 16.760407244988386 ], [ -93.180986780320197, 16.76013775040315 ], [ -93.181256274905436, 16.76013775040315 ], [ -93.181256274905436, 16.760676739573622 ], [ -93.181525769490676, 16.760676739573622 ], [ -93.181525769490676, 16.760946234158855 ], [ -93.181795264075916, 16.760946234158855 ], [ -93.181795264075916, 16.760407244988386 ], [ -93.182064758661141, 16.760407244988386 ], [ -93.182064758661141, 16.76013775040315 ], [ -93.182603747831621, 16.76013775040315 ], [ -93.182603747831621, 16.760407244988386 ], [ -93.182873242416846, 16.760407244988386 ], [ -93.182873242416846, 16.76013775040315 ], [ -93.183412231587326, 16.76013775040315 ], [ -93.183412231587326, 16.760946234158855 ], [ -93.183142737002086, 16.760946234158855 ], [ -93.183142737002086, 16.761215728744091 ], [ -93.182603747831621, 16.761215728744091 ], [ -93.182603747831621, 16.761485223329327 ], [ -93.182064758661141, 16.761485223329327 ], [ -93.182064758661141, 16.761754717914563 ] ], [ [ -93.182334253246381, 16.760946234158855 ], [ -93.182334253246381, 16.760676739573622 ], [ -93.182064758661141, 16.760676739573622 ], [ -93.182064758661141, 16.760946234158855 ], [ -93.182334253246381, 16.760946234158855 ] ] ] ] } },
{ "type": "Feature", "properties": { "ZONA_MET": "Tuxtla_Guti_rrez", "INTENSIDAD": "Intensa", "T_PROM_POL": 4.0, "T_MIN_CIUD": 3.0, "DIF_TERMIC": 1.0 }, "geometry": { "type": "MultiPolygon", "coordinates": [ [ [ [ -93.194192014996759, 16.761485223329327 ], [ -93.193922520411519, 16.761485223329327 ], [ -93.193922520411519, 16.761215728744091 ], [ -93.193653025826293, 16.761215728744091 ], [ -93.193653025826293, 16.760946234158855 ], [ -93.193922520411519, 16.760946234158855 ], [ -93.193922520411519, 16.760407244988386 ], [ -93.194731004167238, 16.760407244988386 ], [ -93.194731004167238, 16.76013775040315 ], [ -93.195000498752464, 16.76013775040315 ], [ -93.195000498752464, 16.759868255817914 ], [ -93.196078477093408, 16.759868255817914 ], [ -93.196078477093408, 16.760407244988386 ], [ -93.196886960849113, 16.760407244988386 ], [ -93.196886960849113, 16.761215728744091 ], [ -93.195808982508169, 16.761215728744091 ], [ -93.195808982508169, 16.760946234158855 ], [ -93.195269993337703, 16.760946234158855 ], [ -93.195269993337703, 16.760676739573622 ], [ -93.195000498752464, 16.760676739573622 ], [ -93.195000498752464, 16.760946234158855 ], [ -93.194731004167238, 16.760946234158855 ], [ -93.194731004167238, 16.761215728744091 ], [ -93.194192014996759, 16.761215728744091 ], [ -93.194192014996759, 16.761485223329327 ] ] ] ] } },
{ "type": "Feature", "properties": { "ZONA_MET": "Tuxtla_Guti_rrez", "INTENSIDAD": "Intensa", "T_PROM_POL": 4.0, "T_MIN_CIUD": 3.0, "DIF_TERMIC": 1.0 }, "geometry": { "type": "MultiPolygon", "coordinates": [ [ [ [ -93.174518910274543, 16.762024212499799 ], [ -93.173440931933598, 16.762024212499799 ], [ -93.173440931933598, 16.761754717914563 ], [ -93.173171437348358, 16.761754717914563 ], [ -93.173171437348358, 16.760946234158855 ], [ -93.172901942763133, 16.760946234158855 ], [ -93.172901942763133, 16.760676739573622 ], [ -93.173171437348358, 16.760676739573622 ], [ -93.173171437348358, 16.759868255817914 ], [ -93.174249415689303, 16.759868255817914 ], [ -93.174249415689303, 16.76013775040315 ], [ -93.173979921104063, 16.76013775040315 ], [ -93.173979921104063, 16.760407244988386 ], [ -93.174249415689303, 16.760407244988386 ], [ -93.174249415689303, 16.760676739573622 ], [ -93.174788404859783, 16.760676739573622 ], [ -93.174788404859783, 16.761485223329327 ], [ -93.174518910274543, 16.761485223329327 ], [ -93.174518910274543, 16.762024212499799 ] ], [ [ -93.174249415689303, 16.761485223329327 ], [ -93.174249415689303, 16.761215728744091 ], [ -93.173979921104063, 16.761215728744091 ], [ -93.173979921104063, 16.761485223329327 ], [ -93.174249415689303, 16.761485223329327 ] ], [ [ -93.173979921104063, 16.761215728744091 ], [ -93.173979921104063, 16.760946234158855 ], [ -93.174249415689303, 16.760946234158855 ], [ -93.174249415689303, 16.760676739573622 ], [ -93.173440931933598, 16.760676739573622 ], [ -93.173440931933598, 16.760946234158855 ], [ -93.173710426518838, 16.760946234158855 ], [ -93.173710426518838, 16.761215728744091 ], [ -93.173979921104063, 16.761215728744091 ] ] ] ] } },
{ "type": "Feature", "properties": { "ZONA_MET": "Tuxtla_Guti_rrez", "INTENSIDAD": "Intensa", "T_PROM_POL": 4.0, "T_MIN_CIUD": 3.0, "DIF_TERMIC": 1.0 }, "geometry": { "type": "MultiPolygon", "coordinates": [ [ [ [ -93.178830823638322, 16.760946234158855 ], [ -93.178022339882602, 16.760946234158855 ], [ -93.178022339882602, 16.760676739573622 ], [ -93.177483350712137, 16.760676739573622 ], [ -93.177483350712137, 16.76013775040315 ], [ -93.176405372371192, 16.76013775040315 ], [ -93.176405372371192, 16.759868255817914 ], [ -93.178022339882602, 16.759868255817914 ], [ -93.178022339882602, 16.759598761232677 ], [ -93.179100318223547, 16.759598761232677 ], [ -93.179100318223547, 16.760407244988386 ], [ -93.178830823638322, 16.760407244988386 ], [ -93.178830823638322, 16.760946234158855 ] ], [ [ -93.178291834467842, 16.760407244988386 ], [ -93.178291834467842, 16.759868255817914 ], [ -93.178022339882602, 16.759868255817914 ], [ -93.178022339882602, 16.760407244988386 ], [ -93.178291834467842, 16.760407244988386 ] ] ] ] } },
{ "type": "Feature", "properties": { "ZONA_MET": "Tuxtla_Guti_rrez", "INTENSIDAD": "Intensa", "T_PROM_POL": 4.0, "T_MIN_CIUD": 3.0, "DIF_TERMIC": 1.0 }, "geometry": { "type": "MultiPolygon", "coordinates": [ [ [ [ -93.175866383200727, 16.76013775040315 ], [ -93.175327394030248, 16.76013775040315 ], [ -93.175327394030248, 16.759868255817914 ], [ -93.174788404859783, 16.759868255817914 ], [ -93.174788404859783, 16.758790277476969 ], [ -93.175596888615488, 16.758790277476969 ], [ -93.175596888615488, 16.759059772062205 ], [ -93.176135877785953, 16.759059772062205 ], [ -93.176135877785953, 16.759868255817914 ], [ -93.175866383200727, 16.759868255817914 ], [ -93.175866383200727, 16.76013775040315 ] ] ] ] } },
{ "type": "Feature", "properties": { "ZONA_MET": "Tuxtla_Guti_rrez", "INTENSIDAD": "Intensa", "T_PROM_POL": 4.0, "T_MIN_CIUD": 3.0, "DIF_TERMIC": 1.0 }, "geometry": { "type": "MultiPolygon", "coordinates": [ [ [ [ -93.193383531241054, 16.759598761232677 ], [ -93.193114036655814, 16.759598761232677 ], [ -93.193114036655814, 16.759059772062205 ], [ -93.192844542070574, 16.759059772062205 ], [ -93.192844542070574, 16.758790277476969 ], [ -93.193114036655814, 16.758790277476969 ], [ -93.193114036655814, 16.758520782891733 ], [ -93.192844542070574, 16.758520782891733 ], [ -93.192844542070574, 16.758251288306496 ], [ -93.193922520411519, 16.758251288306496 ], [ -93.193922520411519, 16.75798179372126 ], [ -93.194192014996759, 16.75798179372126 ], [ -93.194192014996759, 16.758251288306496 ], [ -93.194461509581998, 16.758251288306496 ], [ -93.194461509581998, 16.758790277476969 ], [ -93.193653025826293, 16.758790277476969 ], [ -93.193653025826293, 16.759059772062205 ], [ -93.193383531241054, 16.759059772062205 ], [ -93.193383531241054, 16.759598761232677 ] ] ] ] } },
{ "type": "Feature", "properties": { "ZONA_MET": "Tuxtla_Guti_rrez", "INTENSIDAD": "Intensa", "T_PROM_POL": 4.0, "T_MIN_CIUD": 3.0, "DIF_TERMIC": 1.0 }, "geometry": { "type": "MultiPolygon", "coordinates": [ [ [ [ -93.086663675487657, 16.759598761232677 ], [ -93.086394180902417, 16.759598761232677 ], [ -93.086394180902417, 16.759329266647441 ], [ -93.085855191731937, 16.759329266647441 ], [ -93.085855191731937, 16.759059772062205 ], [ -93.085585697146712, 16.759059772062205 ], [ -93.085585697146712, 16.758790277476969 ], [ -93.085855191731937, 16.758790277476969 ], [ -93.085855191731937, 16.758520782891733 ], [ -93.085585697146712, 16.758520782891733 ], [ -93.085585697146712, 16.75798179372126 ], [ -93.085046707976232, 16.75798179372126 ], [ -93.085046707976232, 16.757712299136028 ], [ -93.085316202561472, 16.757712299136028 ], [ -93.085316202561472, 16.757442804550791 ], [ -93.085585697146712, 16.757442804550791 ], [ -93.085585697146712, 16.757173309965555 ], [ -93.085855191731937, 16.757173309965555 ], [ -93.085855191731937, 16.75798179372126 ], [ -93.087472159243362, 16.75798179372126 ], [ -93.087472159243362, 16.758251288306496 ], [ -93.087202664658122, 16.758251288306496 ], [ -93.087202664658122, 16.758520782891733 ], [ -93.086663675487657, 16.758520782891733 ], [ -93.086663675487657, 16.759598761232677 ] ], [ [ -93.086394180902417, 16.758790277476969 ], [ -93.086394180902417, 16.758520782891733 ], [ -93.086124686317177, 16.758520782891733 ], [ -93.086124686317177, 16.758790277476969 ], [ -93.086394180902417, 16.758790277476969 ] ] ] ] } },
{ "type": "Feature", "properties": { "ZONA_MET": "Tuxtla_Guti_rrez", "INTENSIDAD": "Intensa", "T_PROM_POL": 4.0, "T_MIN_CIUD": 3.0, "DIF_TERMIC": 1.0 }, "geometry": { "type": "MultiPolygon", "coordinates": [ [ [ [ -93.179369812808787, 16.75798179372126 ], [ -93.178561329053082, 16.75798179372126 ], [ -93.178561329053082, 16.757712299136028 ], [ -93.178830823638322, 16.757712299136028 ], [ -93.178830823638322, 16.757173309965555 ], [ -93.179100318223547, 16.757173309965555 ], [ -93.179100318223547, 16.756903815380319 ], [ -93.179908801979252, 16.756903815380319 ], [ -93.179908801979252, 16.757442804550791 ], [ -93.179369812808787, 16.757442804550791 ], [ -93.179369812808787, 16.75798179372126 ] ] ] ] } },
{ "type": "Feature", "properties": { "ZONA_MET": "Tuxtla_Guti_rrez", "INTENSIDAD": "Intensa", "T_PROM_POL": 4.0, "T_MIN_CIUD": 3.0, "DIF_TERMIC": 1.0 }, "geometry": { "type": "MultiPolygon", "coordinates": [ [ [ [ -93.02683587756529, 16.758251288306496 ], [ -93.025757899224345, 16.758251288306496 ], [ -93.025757899224345, 16.757173309965555 ], [ -93.026027393809585, 16.757173309965555 ], [ -93.026027393809585, 16.756903815380319 ], [ -93.02683587756529, 16.756903815380319 ], [ -93.02683587756529, 16.757442804550791 ], [ -93.02656638298005, 16.757442804550791 ], [ -93.02656638298005, 16.757712299136028 ], [ -93.02710537215053, 16.757712299136028 ], [ -93.02710537215053, 16.75798179372126 ], [ -93.02683587756529, 16.75798179372126 ], [ -93.02683587756529, 16.758251288306496 ] ] ] ] } },
{ "type": "Feature", "properties": { "ZONA_MET": "Tuxtla_Guti_rrez", "INTENSIDAD": "Intensa", "T_PROM_POL": 4.0, "T_MIN_CIUD": 3.0, "DIF_TERMIC": 1.0 }, "geometry": { "type": "MultiPolygon", "coordinates": [ [ [ [ -93.171554469836948, 16.757442804550791 ], [ -93.171284975251709, 16.757442804550791 ], [ -93.171284975251709, 16.757173309965555 ], [ -93.171015480666469, 16.757173309965555 ], [ -93.171015480666469, 16.756095331624611 ], [ -93.171823964422188, 16.756095331624611 ], [ -93.171823964422188, 16.756364826209847 ], [ -93.172093459007414, 16.756364826209847 ], [ -93.172093459007414, 16.756634320795083 ], [ -93.171554469836948, 16.756634320795083 ], [ -93.171554469836948, 16.756903815380319 ], [ -93.171823964422188, 16.756903815380319 ], [ -93.171823964422188, 16.757173309965555 ], [ -93.171554469836948, 16.757173309965555 ], [ -93.171554469836948, 16.757442804550791 ] ] ] ] } },
{ "type": "Feature", "properties": { "ZONA_MET": "Tuxtla_Guti_rrez", "INTENSIDAD": "Intensa", "T_PROM_POL": 4.0, "T_MIN_CIUD": 3.0, "DIF_TERMIC": 1.0 }, "geometry": { "type": "MultiPolygon", "coordinates": [ [ [ [ -93.147030462580489, 16.758251288306496 ], [ -93.146491473410009, 16.758251288306496 ], [ -93.146491473410009, 16.757712299136028 ], [ -93.145952484239544, 16.757712299136028 ], [ -93.145952484239544, 16.757442804550791 ], [ -93.145682989654304, 16.757442804550791 ], [ -93.145682989654304, 16.756364826209847 ], [ -93.145952484239544, 16.756364826209847 ], [ -93.145952484239544, 16.755556342454138 ], [ -93.146760967995249, 16.755556342454138 ], [ -93.146760967995249, 16.755286847868902 ], [ -93.147030462580489, 16.755286847868902 ], [ -93.147030462580489, 16.756903815380319 ], [ -93.146760967995249, 16.756903815380319 ], [ -93.146760967995249, 16.75798179372126 ], [ -93.147030462580489, 16.75798179372126 ], [ -93.147030462580489, 16.758251288306496 ] ], [ [ -93.146760967995249, 16.756903815380319 ], [ -93.146760967995249, 16.756634320795083 ], [ -93.146491473410009, 16.756634320795083 ], [ -93.146491473410009, 16.756903815380319 ], [ -93.146760967995249, 16.756903815380319 ] ] ] ] } },
{ "type": "Feature", "properties": { "ZONA_MET": "Tuxtla_Guti_rrez", "INTENSIDAD": "Intensa", "T_PROM_POL": 4.0, "T_MIN_CIUD": 3.0, "DIF_TERMIC": 1.0 }, "geometry": { "type": "MultiPolygon", "coordinates": [ [ [ [ -93.085316202561472, 16.759059772062205 ], [ -93.085046707976232, 16.759059772062205 ], [ -93.085046707976232, 16.758790277476969 ], [ -93.084777213391007, 16.758790277476969 ], [ -93.084777213391007, 16.759059772062205 ], [ -93.083968729635288, 16.759059772062205 ], [ -93.083968729635288, 16.758790277476969 ], [ -93.083699235050062, 16.758790277476969 ], [ -93.083699235050062, 16.758520782891733 ], [ -93.083429740464823, 16.758520782891733 ], [ -93.083429740464823, 16.758251288306496 ], [ -93.083160245879583, 16.758251288306496 ], [ -93.083160245879583, 16.757712299136028 ], [ -93.083429740464823, 16.757712299136028 ], [ -93.083429740464823, 16.757442804550791 ], [ -93.082890751294343, 16.757442804550791 ], [ -93.082890751294343, 16.756903815380319 ], [ -93.082621256709118, 16.756903815380319 ], [ -93.082621256709118, 16.756634320795083 ], [ -93.082351762123878, 16.756634320795083 ], [ -93.082351762123878, 16.757442804550791 ], [ -93.082082267538638, 16.757442804550791 ], [ -93.082082267538638, 16.757173309965555 ], [ -93.081543278368173, 16.757173309965555 ], [ -93.081543278368173, 16.757442804550791 ], [ -93.081004289197693, 16.757442804550791 ], [ -93.081004289197693, 16.756364826209847 ], [ -93.080734794612468, 16.756364826209847 ], [ -93.080734794612468, 16.755286847868902 ], [ -93.081273783782933, 16.755286847868902 ], [ -93.081273783782933, 16.755017353283666 ], [ -93.081543278368173, 16.755017353283666 ], [ -93.081543278368173, 16.755556342454138 ], [ -93.082621256709118, 16.755556342454138 ], [ -93.082621256709118, 16.755825837039374 ], [ -93.083160245879583, 16.755825837039374 ], [ -93.083160245879583, 16.755556342454138 ], [ -93.083699235050062, 16.755556342454138 ], [ -93.083699235050062, 16.756364826209847 ], [ -93.083968729635288, 16.756364826209847 ], [ -93.083968729635288, 16.756903815380319 ], [ -93.083699235050062, 16.756903815380319 ], [ -93.083699235050062, 16.757173309965555 ], [ -93.084238224220528, 16.757173309965555 ], [ -93.084238224220528, 16.756903815380319 ], [ -93.084507718805767, 16.756903815380319 ], [ -93.084507718805767, 16.756095331624611 ], [ -93.084777213391007, 16.756095331624611 ], [ -93.084777213391007, 16.755825837039374 ], [ -93.085046707976232, 16.755825837039374 ], [ -93.085046707976232, 16.756095331624611 ], [ -93.085585697146712, 16.756095331624611 ], [ -93.085585697146712, 16.756364826209847 ], [ -93.085316202561472, 16.756364826209847 ], [ -93.085316202561472, 16.756634320795083 ], [ -93.085046707976232, 16.756634320795083 ], [ -93.085046707976232, 16.757442804550791 ], [ -93.084777213391007, 16.757442804550791 ], [ -93.084777213391007, 16.757173309965555 ], [ -93.084507718805767, 16.757173309965555 ], [ -93.084507718805767, 16.757442804550791 ], [ -93.084238224220528, 16.757442804550791 ], [ -93.084238224220528, 16.757712299136028 ], [ -93.084507718805767, 16.757712299136028 ], [ -93.084507718805767, 16.75798179372126 ], [ -93.084777213391007, 16.75798179372126 ], [ -93.084777213391007, 16.758251288306496 ], [ -93.085046707976232, 16.758251288306496 ], [ -93.085046707976232, 16.758520782891733 ], [ -93.085316202561472, 16.758520782891733 ], [ -93.085316202561472, 16.759059772062205 ] ], [ [ -93.082082267538638, 16.756634320795083 ], [ -93.082082267538638, 16.756364826209847 ], [ -93.081273783782933, 16.756364826209847 ], [ -93.081273783782933, 16.756634320795083 ], [ -93.082082267538638, 16.756634320795083 ] ] ] ] } },
{ "type": "Feature", "properties": { "ZONA_MET": "Tuxtla_Guti_rrez", "INTENSIDAD": "Intensa", "T_PROM_POL": 4.0, "T_MIN_CIUD": 3.0, "DIF_TERMIC": 1.0 }, "geometry": { "type": "MultiPolygon", "coordinates": [ [ [ [ -93.142179560046245, 16.755017353283666 ], [ -93.140293097949581, 16.755017353283666 ], [ -93.140293097949581, 16.754747858698433 ], [ -93.14083208712006, 16.754747858698433 ], [ -93.14083208712006, 16.754208869527961 ], [ -93.140293097949581, 16.754208869527961 ], [ -93.140293097949581, 16.753939374942725 ], [ -93.141371076290525, 16.753939374942725 ], [ -93.141371076290525, 16.753669880357489 ], [ -93.141910065461005, 16.753669880357489 ], [ -93.141910065461005, 16.753400385772252 ], [ -93.14271854921671, 16.753400385772252 ], [ -93.14271854921671, 16.754208869527961 ], [ -93.14244905463147, 16.754208869527961 ], [ -93.14244905463147, 16.753939374942725 ], [ -93.142179560046245, 16.753939374942725 ], [ -93.142179560046245, 16.755017353283666 ] ] ] ] } },
{ "type": "Feature", "properties": { "ZONA_MET": "Tuxtla_Guti_rrez", "INTENSIDAD": "Intensa", "T_PROM_POL": 4.0, "T_MIN_CIUD": 3.0, "DIF_TERMIC": 1.0 }, "geometry": { "type": "MultiPolygon", "coordinates": [ [ [ [ -93.135981184585816, 16.754747858698433 ], [ -93.135442195415337, 16.754747858698433 ], [ -93.135442195415337, 16.754478364113197 ], [ -93.135172700830111, 16.754478364113197 ], [ -93.135172700830111, 16.753939374942725 ], [ -93.135442195415337, 16.753939374942725 ], [ -93.135442195415337, 16.753130891187016 ], [ -93.135711690000576, 16.753130891187016 ], [ -93.135711690000576, 16.75286139660178 ], [ -93.136250679171056, 16.75286139660178 ], [ -93.136250679171056, 16.752591902016544 ], [ -93.136520173756281, 16.752591902016544 ], [ -93.136520173756281, 16.75286139660178 ], [ -93.136789668341521, 16.75286139660178 ], [ -93.136789668341521, 16.753130891187016 ], [ -93.137059162926761, 16.753130891187016 ], [ -93.137059162926761, 16.753669880357489 ], [ -93.137328657511986, 16.753669880357489 ], [ -93.137328657511986, 16.753939374942725 ], [ -93.137867646682466, 16.753939374942725 ], [ -93.137867646682466, 16.754208869527961 ], [ -93.137598152097226, 16.754208869527961 ], [ -93.137598152097226, 16.754478364113197 ], [ -93.136789668341521, 16.754478364113197 ], [ -93.136789668341521, 16.754208869527961 ], [ -93.136520173756281, 16.754208869527961 ], [ -93.136520173756281, 16.754478364113197 ], [ -93.135981184585816, 16.754478364113197 ], [ -93.135981184585816, 16.754747858698433 ] ] ] ] } },
{ "type": "Feature", "properties": { "ZONA_MET": "Tuxtla_Guti_rrez", "INTENSIDAD": "Intensa", "T_PROM_POL": 4.0, "T_MIN_CIUD": 3.0, "DIF_TERMIC": 1.0 }, "geometry": { "type": "MultiPolygon", "coordinates": [ [ [ [ -93.053246346918399, 16.753669880357489 ], [ -93.052976852333174, 16.753669880357489 ], [ -93.052976852333174, 16.75286139660178 ], [ -93.053246346918399, 16.75286139660178 ], [ -93.053246346918399, 16.752591902016544 ], [ -93.054324325259344, 16.752591902016544 ], [ -93.054324325259344, 16.75286139660178 ], [ -93.055132809015049, 16.75286139660178 ], [ -93.055132809015049, 16.753130891187016 ], [ -93.053785336088879, 16.753130891187016 ], [ -93.053785336088879, 16.753400385772252 ], [ -93.053246346918399, 16.753400385772252 ], [ -93.053246346918399, 16.753669880357489 ] ] ] ] } },
{ "type": "Feature", "properties": { "ZONA_MET": "Tuxtla_Guti_rrez", "INTENSIDAD": "Extrema", "T_PROM_POL": 4.0, "T_MIN_CIUD": 3.0, "DIF_TERMIC": 1.0 }, "geometry": { "type": "MultiPolygon", "coordinates": [ [ [ [ -93.026027393809585, 16.754747858698433 ], [ -93.02521891005388, 16.754747858698433 ], [ -93.02521891005388, 16.753669880357489 ], [ -93.024679920883401, 16.753669880357489 ], [ -93.024679920883401, 16.753400385772252 ], [ -93.023871437127696, 16.753400385772252 ], [ -93.023871437127696, 16.752322407431308 ], [ -93.024140931712935, 16.752322407431308 ], [ -93.024140931712935, 16.752591902016544 ], [ -93.024410426298161, 16.752591902016544 ], [ -93.024410426298161, 16.75286139660178 ], [ -93.02494941546864, 16.75286139660178 ], [ -93.02494941546864, 16.752322407431308 ], [ -93.02521891005388, 16.752322407431308 ], [ -93.02521891005388, 16.752052912846072 ], [ -93.025488404639106, 16.752052912846072 ], [ -93.025488404639106, 16.752322407431308 ], [ -93.026027393809585, 16.752322407431308 ], [ -93.026027393809585, 16.752052912846072 ], [ -93.026296888394825, 16.752052912846072 ], [ -93.026296888394825, 16.753130891187016 ], [ -93.026027393809585, 16.753130891187016 ], [ -93.026027393809585, 16.753400385772252 ], [ -93.025757899224345, 16.753400385772252 ], [ -93.025757899224345, 16.754478364113197 ], [ -93.026027393809585, 16.754478364113197 ], [ -93.026027393809585, 16.754747858698433 ] ], [ [ -93.025757899224345, 16.753400385772252 ], [ -93.025757899224345, 16.75286139660178 ], [ -93.02521891005388, 16.75286139660178 ], [ -93.02521891005388, 16.753400385772252 ], [ -93.025757899224345, 16.753400385772252 ] ] ] ] } },
{ "type": "Feature", "properties": { "ZONA_MET": "Tuxtla_Guti_rrez", "INTENSIDAD": "Intensa", "T_PROM_POL": 4.0, "T_MIN_CIUD": 3.0, "DIF_TERMIC": 1.0 }, "geometry": { "type": "MultiPolygon", "coordinates": [ [ [ [ -93.150533892188548, 16.755017353283666 ], [ -93.149994903018083, 16.755017353283666 ], [ -93.149994903018083, 16.754747858698433 ], [ -93.149455913847603, 16.754747858698433 ], [ -93.149455913847603, 16.754478364113197 ], [ -93.148647430091899, 16.754478364113197 ], [ -93.148647430091899, 16.753939374942725 ], [ -93.148916924677138, 16.753939374942725 ], [ -93.148916924677138, 16.753400385772252 ], [ -93.149186419262364, 16.753400385772252 ], [ -93.149186419262364, 16.753130891187016 ], [ -93.149455913847603, 16.753130891187016 ], [ -93.149455913847603, 16.753939374942725 ], [ -93.149994903018083, 16.753939374942725 ], [ -93.149994903018083, 16.753669880357489 ], [ -93.150264397603308, 16.753669880357489 ], [ -93.150264397603308, 16.753400385772252 ], [ -93.149994903018083, 16.753400385772252 ], [ -93.149994903018083, 16.75286139660178 ], [ -93.149725408432843, 16.75286139660178 ], [ -93.149725408432843, 16.752322407431308 ], [ -93.149994903018083, 16.752322407431308 ], [ -93.149994903018083, 16.752052912846072 ], [ -93.150803386773788, 16.752052912846072 ], [ -93.150803386773788, 16.751244429090367 ], [ -93.151072881359028, 16.751244429090367 ], [ -93.151072881359028, 16.751783418260839 ], [ -93.151342375944253, 16.751783418260839 ], [ -93.151342375944253, 16.752052912846072 ], [ -93.151072881359028, 16.752052912846072 ], [ -93.151072881359028, 16.752591902016544 ], [ -93.150803386773788, 16.752591902016544 ], [ -93.150803386773788, 16.753669880357489 ], [ -93.150533892188548, 16.753669880357489 ], [ -93.150533892188548, 16.754478364113197 ], [ -93.150803386773788, 16.754478364113197 ], [ -93.150803386773788, 16.754747858698433 ], [ -93.150533892188548, 16.754747858698433 ], [ -93.150533892188548, 16.755017353283666 ] ], [ [ -93.150264397603308, 16.754747858698433 ], [ -93.150264397603308, 16.754478364113197 ], [ -93.149994903018083, 16.754478364113197 ], [ -93.149994903018083, 16.754747858698433 ], [ -93.150264397603308, 16.754747858698433 ] ], [ [ -93.150264397603308, 16.752591902016544 ], [ -93.150264397603308, 16.752322407431308 ], [ -93.149994903018083, 16.752322407431308 ], [ -93.149994903018083, 16.752591902016544 ], [ -93.150264397603308, 16.752591902016544 ] ] ] ] } },
{ "type": "Feature", "properties": { "ZONA_MET": "Tuxtla_Guti_rrez", "INTENSIDAD": "Intensa", "T_PROM_POL": 4.0, "T_MIN_CIUD": 3.0, "DIF_TERMIC": 1.0 }, "geometry": { "type": "MultiPolygon", "coordinates": [ [ [ [ -93.175596888615488, 16.75286139660178 ], [ -93.174788404859783, 16.75286139660178 ], [ -93.174788404859783, 16.752322407431308 ], [ -93.174249415689303, 16.752322407431308 ], [ -93.174249415689303, 16.752591902016544 ], [ -93.173979921104063, 16.752591902016544 ], [ -93.173979921104063, 16.752322407431308 ], [ -93.173440931933598, 16.752322407431308 ], [ -93.173440931933598, 16.752052912846072 ], [ -93.175057899445008, 16.752052912846072 ], [ -93.175057899445008, 16.751783418260839 ], [ -93.175327394030248, 16.751783418260839 ], [ -93.175327394030248, 16.751244429090367 ], [ -93.176135877785953, 16.751244429090367 ], [ -93.176135877785953, 16.751513923675603 ], [ -93.175866383200727, 16.751513923675603 ], [ -93.175866383200727, 16.752591902016544 ], [ -93.175596888615488, 16.752591902016544 ], [ -93.175596888615488, 16.75286139660178 ] ] ] ] } },
{ "type": "Feature", "properties": { "ZONA_MET": "Tuxtla_Guti_rrez", "INTENSIDAD": "Intensa", "T_PROM_POL": 4.0, "T_MIN_CIUD": 3.0, "DIF_TERMIC": 1.0 }, "geometry": { "type": "MultiPolygon", "coordinates": [ [ [ [ -93.192844542070574, 16.752322407431308 ], [ -93.191227574559164, 16.752322407431308 ], [ -93.191227574559164, 16.750705439919894 ], [ -93.191497069144404, 16.750705439919894 ], [ -93.191497069144404, 16.750435945334658 ], [ -93.19176656372963, 16.750435945334658 ], [ -93.19176656372963, 16.751783418260839 ], [ -93.192036058314869, 16.751783418260839 ], [ -93.192036058314869, 16.751513923675603 ], [ -93.192305552900109, 16.751513923675603 ], [ -93.192305552900109, 16.751783418260839 ], [ -93.192575047485349, 16.751783418260839 ], [ -93.192575047485349, 16.752052912846072 ], [ -93.192844542070574, 16.752052912846072 ], [ -93.192844542070574, 16.752322407431308 ] ] ] ] } },
{ "type": "Feature", "properties": { "ZONA_MET": "Tuxtla_Guti_rrez", "INTENSIDAD": "Extrema", "T_PROM_POL": 4.0, "T_MIN_CIUD": 3.0, "DIF_TERMIC": 1.0 }, "geometry": { "type": "MultiPolygon", "coordinates": [ [ [ [ -93.076692375833929, 16.751244429090367 ], [ -93.076153386663449, 16.751244429090367 ], [ -93.076153386663449, 16.75097493450513 ], [ -93.07588389207821, 16.75097493450513 ], [ -93.07588389207821, 16.750435945334658 ], [ -93.076153386663449, 16.750435945334658 ], [ -93.076153386663449, 16.750166450749422 ], [ -93.076961870419154, 16.750166450749422 ], [ -93.076961870419154, 16.75097493450513 ], [ -93.076692375833929, 16.75097493450513 ], [ -93.076692375833929, 16.751244429090367 ] ] ] ] } },
{ "type": "Feature", "properties": { "ZONA_MET": "Tuxtla_Guti_rrez", "INTENSIDAD": "Intensa", "T_PROM_POL": 4.0, "T_MIN_CIUD": 3.0, "DIF_TERMIC": 1.0 }, "geometry": { "type": "MultiPolygon", "coordinates": [ [ [ [ -93.177213856126897, 16.75097493450513 ], [ -93.176405372371192, 16.75097493450513 ], [ -93.176405372371192, 16.750705439919894 ], [ -93.175596888615488, 16.750705439919894 ], [ -93.175596888615488, 16.749896956164186 ], [ -93.175866383200727, 16.749896956164186 ], [ -93.175866383200727, 16.750166450749422 ], [ -93.176405372371192, 16.750166450749422 ], [ -93.176405372371192, 16.750435945334658 ], [ -93.176944361541658, 16.750435945334658 ], [ -93.176944361541658, 16.750705439919894 ], [ -93.177213856126897, 16.750705439919894 ], [ -93.177213856126897, 16.75097493450513 ] ] ] ] } },
{ "type": "Feature", "properties": { "ZONA_MET": "Tuxtla_Guti_rrez", "INTENSIDAD": "Intensa", "T_PROM_POL": 4.0, "T_MIN_CIUD": 3.0, "DIF_TERMIC": 1.0 }, "geometry": { "type": "MultiPolygon", "coordinates": [ [ [ [ -93.117116563619305, 16.751513923675603 ], [ -93.1163080798636, 16.751513923675603 ], [ -93.1163080798636, 16.751244429090367 ], [ -93.115769090693121, 16.751244429090367 ], [ -93.115769090693121, 16.75097493450513 ], [ -93.115499596107881, 16.75097493450513 ], [ -93.115499596107881, 16.750166450749422 ], [ -93.116038585278361, 16.750166450749422 ], [ -93.116038585278361, 16.749896956164186 ], [ -93.116577574448826, 16.749896956164186 ], [ -93.116577574448826, 16.750166450749422 ], [ -93.117386058204545, 16.750166450749422 ], [ -93.117386058204545, 16.75097493450513 ], [ -93.117116563619305, 16.75097493450513 ], [ -93.117116563619305, 16.751513923675603 ] ] ] ] } },
{ "type": "Feature", "properties": { "ZONA_MET": "Tuxtla_Guti_rrez", "INTENSIDAD": "Intensa", "T_PROM_POL": 4.0, "T_MIN_CIUD": 3.0, "DIF_TERMIC": 1.0 }, "geometry": { "type": "MultiPolygon", "coordinates": [ [ [ [ -93.1411015817053, 16.75097493450513 ], [ -93.14083208712006, 16.75097493450513 ], [ -93.14083208712006, 16.750705439919894 ], [ -93.14056259253482, 16.750705439919894 ], [ -93.14056259253482, 16.750166450749422 ], [ -93.140293097949581, 16.750166450749422 ], [ -93.140293097949581, 16.749896956164186 ], [ -93.14056259253482, 16.749896956164186 ], [ -93.14056259253482, 16.74962746157895 ], [ -93.1411015817053, 16.74962746157895 ], [ -93.1411015817053, 16.749896956164186 ], [ -93.141371076290525, 16.749896956164186 ], [ -93.141371076290525, 16.750166450749422 ], [ -93.141640570875765, 16.750166450749422 ], [ -93.141640570875765, 16.750705439919894 ], [ -93.1411015817053, 16.750705439919894 ], [ -93.1411015817053, 16.75097493450513 ] ] ] ] } },
{ "type": "Feature", "properties": { "ZONA_MET": "Tuxtla_Guti_rrez", "INTENSIDAD": "Intensa", "T_PROM_POL": 4.0, "T_MIN_CIUD": 3.0, "DIF_TERMIC": 1.0 }, "geometry": { "type": "MultiPolygon", "coordinates": [ [ [ [ -93.101485877675628, 16.752591902016544 ], [ -93.101216383090389, 16.752591902016544 ], [ -93.101216383090389, 16.752052912846072 ], [ -93.100946888505149, 16.752052912846072 ], [ -93.100946888505149, 16.752322407431308 ], [ -93.100138404749444, 16.752322407431308 ], [ -93.100138404749444, 16.751783418260839 ], [ -93.099868910164204, 16.751783418260839 ], [ -93.099868910164204, 16.751244429090367 ], [ -93.100946888505149, 16.751244429090367 ], [ -93.100946888505149, 16.75097493450513 ], [ -93.100407899334684, 16.75097493450513 ], [ -93.100407899334684, 16.750705439919894 ], [ -93.100138404749444, 16.750705439919894 ], [ -93.100138404749444, 16.750166450749422 ], [ -93.099868910164204, 16.750166450749422 ], [ -93.099868910164204, 16.74962746157895 ], [ -93.099599415578979, 16.74962746157895 ], [ -93.099599415578979, 16.749088472408477 ], [ -93.100138404749444, 16.749088472408477 ], [ -93.100138404749444, 16.749357966993713 ], [ -93.100407899334684, 16.749357966993713 ], [ -93.100407899334684, 16.74962746157895 ], [ -93.100946888505149, 16.74962746157895 ], [ -93.100946888505149, 16.750705439919894 ], [ -93.101216383090389, 16.750705439919894 ], [ -93.101216383090389, 16.750435945334658 ], [ -93.101755372260854, 16.750435945334658 ], [ -93.101755372260854, 16.750166450749422 ], [ -93.102024866846094, 16.750166450749422 ], [ -93.102024866846094, 16.74962746157895 ], [ -93.102294361431333, 16.74962746157895 ], [ -93.102294361431333, 16.75097493450513 ], [ -93.102563856016573, 16.75097493450513 ], [ -93.102563856016573, 16.751244429090367 ], [ -93.102833350601799, 16.751244429090367 ], [ -93.102833350601799, 16.752052912846072 ], [ -93.102294361431333, 16.752052912846072 ], [ -93.102294361431333, 16.752322407431308 ], [ -93.101485877675628, 16.752322407431308 ], [ -93.101485877675628, 16.752591902016544 ] ] ] ] } },
{ "type": "Feature", "properties": { "ZONA_MET": "Tuxtla_Guti_rrez", "INTENSIDAD": "Intensa", "T_PROM_POL": 4.0, "T_MIN_CIUD": 3.0, "DIF_TERMIC": 1.0 }, "geometry": { "type": "MultiPolygon", "coordinates": [ [ [ [ -93.014978115814912, 16.751783418260839 ], [ -93.014708621229673, 16.751783418260839 ], [ -93.014708621229673, 16.751513923675603 ], [ -93.014439126644447, 16.751513923675603 ], [ -93.014439126644447, 16.751244429090367 ], [ -93.014708621229673, 16.751244429090367 ], [ -93.014708621229673, 16.750705439919894 ], [ -93.014978115814912, 16.750705439919894 ], [ -93.014978115814912, 16.750435945334658 ], [ -93.015786599570617, 16.750435945334658 ], [ -93.015786599570617, 16.749896956164186 ], [ -93.015247610400152, 16.749896956164186 ], [ -93.015247610400152, 16.74962746157895 ], [ -93.015786599570617, 16.74962746157895 ], [ -93.015786599570617, 16.749357966993713 ], [ -93.016056094155857, 16.749357966993713 ], [ -93.016056094155857, 16.748818977823241 ], [ -93.015517104985378, 16.748818977823241 ], [ -93.015517104985378, 16.748549483238008 ], [ -93.016325588741097, 16.748549483238008 ], [ -93.016325588741097, 16.749896956164186 ], [ -93.016056094155857, 16.749896956164186 ], [ -93.016056094155857, 16.750705439919894 ], [ -93.015517104985378, 16.750705439919894 ], [ -93.015517104985378, 16.75097493450513 ], [ -93.015247610400152, 16.75097493450513 ], [ -93.015247610400152, 16.751513923675603 ], [ -93.014978115814912, 16.751513923675603 ], [ -93.014978115814912, 16.751783418260839 ] ] ] ] } },
{ "type": "Feature", "properties": { "ZONA_MET": "Tuxtla_Guti_rrez", "INTENSIDAD": "Intensa", "T_PROM_POL": 4.0, "T_MIN_CIUD": 3.0, "DIF_TERMIC": 1.0 }, "geometry": { "type": "MultiPolygon", "coordinates": [ [ [ [ -93.074805913737279, 16.751783418260839 ], [ -93.074536419152039, 16.751783418260839 ], [ -93.074536419152039, 16.751513923675603 ], [ -93.0742669245668, 16.751513923675603 ], [ -93.0742669245668, 16.751244429090367 ], [ -93.073727935396334, 16.751244429090367 ], [ -93.073727935396334, 16.75097493450513 ], [ -93.07399742998156, 16.75097493450513 ], [ -93.07399742998156, 16.750705439919894 ], [ -93.073458440811095, 16.750705439919894 ], [ -93.073458440811095, 16.750435945334658 ], [ -93.07399742998156, 16.750435945334658 ], [ -93.07399742998156, 16.749896956164186 ], [ -93.073458440811095, 16.749896956164186 ], [ -93.073458440811095, 16.749357966993713 ], [ -93.07264995705539, 16.749357966993713 ], [ -93.07264995705539, 16.749088472408477 ], [ -93.07238046247015, 16.749088472408477 ], [ -93.07238046247015, 16.74962746157895 ], [ -93.07264995705539, 16.74962746157895 ], [ -93.07264995705539, 16.750166450749422 ], [ -93.07238046247015, 16.750166450749422 ], [ -93.07238046247015, 16.749896956164186 ], [ -93.07211096788491, 16.749896956164186 ], [ -93.07211096788491, 16.74962746157895 ], [ -93.071571978714445, 16.74962746157895 ], [ -93.071571978714445, 16.749357966993713 ], [ -93.071841473299685, 16.749357966993713 ], [ -93.071841473299685, 16.749088472408477 ], [ -93.07211096788491, 16.749088472408477 ], [ -93.07211096788491, 16.748818977823241 ], [ -93.071571978714445, 16.748818977823241 ], [ -93.071571978714445, 16.748279988652772 ], [ -93.071841473299685, 16.748279988652772 ], [ -93.071841473299685, 16.748010494067536 ], [ -93.07211096788491, 16.748010494067536 ], [ -93.07211096788491, 16.748549483238008 ], [ -93.07238046247015, 16.748549483238008 ], [ -93.07238046247015, 16.748010494067536 ], [ -93.073188946225855, 16.748010494067536 ], [ -93.073188946225855, 16.748279988652772 ], [ -93.073458440811095, 16.748279988652772 ], [ -93.073458440811095, 16.749088472408477 ], [ -93.073727935396334, 16.749088472408477 ], [ -93.073727935396334, 16.748549483238008 ], [ -93.07399742998156, 16.748549483238008 ], [ -93.07399742998156, 16.749357966993713 ], [ -93.0742669245668, 16.749357966993713 ], [ -93.0742669245668, 16.74962746157895 ], [ -93.074536419152039, 16.74962746157895 ], [ -93.074536419152039, 16.749896956164186 ], [ -93.074805913737279, 16.749896956164186 ], [ -93.074805913737279, 16.750435945334658 ], [ -93.074536419152039, 16.750435945334658 ], [ -93.074536419152039, 16.75097493450513 ], [ -93.074805913737279, 16.75097493450513 ], [ -93.074805913737279, 16.751783418260839 ] ] ] ] } },
{ "type": "Feature", "properties": { "ZONA_MET": "Tuxtla_Guti_rrez", "INTENSIDAD": "Intensa", "T_PROM_POL": 4.0, "T_MIN_CIUD": 3.0, "DIF_TERMIC": 1.0 }, "geometry": { "type": "MultiPolygon", "coordinates": [ [ [ [ -93.058905733208363, 16.75097493450513 ], [ -93.058366744037883, 16.75097493450513 ], [ -93.058366744037883, 16.750705439919894 ], [ -93.058097249452643, 16.750705439919894 ], [ -93.058097249452643, 16.75097493450513 ], [ -93.056749776526473, 16.75097493450513 ], [ -93.056749776526473, 16.750705439919894 ], [ -93.056210787355994, 16.750705439919894 ], [ -93.056210787355994, 16.750435945334658 ], [ -93.055941292770768, 16.750435945334658 ], [ -93.055941292770768, 16.749896956164186 ], [ -93.055671798185529, 16.749896956164186 ], [ -93.055671798185529, 16.74962746157895 ], [ -93.055402303600289, 16.74962746157895 ], [ -93.055402303600289, 16.749357966993713 ], [ -93.055132809015049, 16.749357966993713 ], [ -93.055132809015049, 16.748818977823241 ], [ -93.054863314429824, 16.748818977823241 ], [ -93.054863314429824, 16.748279988652772 ], [ -93.055132809015049, 16.748279988652772 ], [ -93.055132809015049, 16.748010494067536 ], [ -93.055402303600289, 16.748010494067536 ], [ -93.055402303600289, 16.749088472408477 ], [ -93.055671798185529, 16.749088472408477 ], [ -93.055671798185529, 16.749357966993713 ], [ -93.055941292770768, 16.749357966993713 ], [ -93.055941292770768, 16.74962746157895 ], [ -93.056749776526473, 16.74962746157895 ], [ -93.056749776526473, 16.750435945334658 ], [ -93.057558260282178, 16.750435945334658 ], [ -93.057558260282178, 16.749896956164186 ], [ -93.058097249452643, 16.749896956164186 ], [ -93.058097249452643, 16.74962746157895 ], [ -93.058366744037883, 16.74962746157895 ], [ -93.058366744037883, 16.749357966993713 ], [ -93.058636238623123, 16.749357966993713 ], [ -93.058636238623123, 16.749088472408477 ], [ -93.058366744037883, 16.749088472408477 ], [ -93.058366744037883, 16.748549483238008 ], [ -93.057827754867418, 16.748549483238008 ], [ -93.057827754867418, 16.748279988652772 ], [ -93.058905733208363, 16.748279988652772 ], [ -93.058905733208363, 16.749088472408477 ], [ -93.059983711549307, 16.749088472408477 ], [ -93.059983711549307, 16.749357966993713 ], [ -93.059714216964068, 16.749357966993713 ], [ -93.059714216964068, 16.749896956164186 ], [ -93.059444722378828, 16.749896956164186 ], [ -93.059444722378828, 16.74962746157895 ], [ -93.058636238623123, 16.74962746157895 ], [ -93.058636238623123, 16.749896956164186 ], [ -93.058905733208363, 16.749896956164186 ], [ -93.058905733208363, 16.750435945334658 ], [ -93.058636238623123, 16.750435945334658 ], [ -93.058636238623123, 16.750705439919894 ], [ -93.058905733208363, 16.750705439919894 ], [ -93.058905733208363, 16.75097493450513 ] ] ] ] } },
{ "type": "Feature", "properties": { "ZONA_MET": "Tuxtla_Guti_rrez", "INTENSIDAD": "Extrema", "T_PROM_POL": 4.0, "T_MIN_CIUD": 3.0, "DIF_TERMIC": 1.0 }, "geometry": { "type": "MultiPolygon", "coordinates": [ [ [ [ -93.101216383090389, 16.74962746157895 ], [ -93.100407899334684, 16.74962746157895 ], [ -93.100407899334684, 16.749357966993713 ], [ -93.100138404749444, 16.749357966993713 ], [ -93.100138404749444, 16.749088472408477 ], [ -93.099868910164204, 16.749088472408477 ], [ -93.099868910164204, 16.748818977823241 ], [ -93.100138404749444, 16.748818977823241 ], [ -93.100138404749444, 16.748010494067536 ], [ -93.101485877675628, 16.748010494067536 ], [ -93.101485877675628, 16.748279988652772 ], [ -93.101755372260854, 16.748279988652772 ], [ -93.101755372260854, 16.748818977823241 ], [ -93.101485877675628, 16.748818977823241 ], [ -93.101485877675628, 16.749088472408477 ], [ -93.101216383090389, 16.749088472408477 ], [ -93.101216383090389, 16.74962746157895 ] ], [ [ -93.101216383090389, 16.748549483238008 ], [ -93.101216383090389, 16.748279988652772 ], [ -93.100407899334684, 16.748279988652772 ], [ -93.100407899334684, 16.748549483238008 ], [ -93.101216383090389, 16.748549483238008 ] ] ] ] } },
{ "type": "Feature", "properties": { "ZONA_MET": "Tuxtla_Guti_rrez", "INTENSIDAD": "Intensa", "T_PROM_POL": 4.0, "T_MIN_CIUD": 3.0, "DIF_TERMIC": 1.0 }, "geometry": { "type": "MultiPolygon", "coordinates": [ [ [ [ -93.153767827211382, 16.751513923675603 ], [ -93.153228838040903, 16.751513923675603 ], [ -93.153228838040903, 16.750705439919894 ], [ -93.152150859699958, 16.750705439919894 ], [ -93.152150859699958, 16.750435945334658 ], [ -93.151342375944253, 16.750435945334658 ], [ -93.151342375944253, 16.751244429090367 ], [ -93.151072881359028, 16.751244429090367 ], [ -93.151072881359028, 16.750166450749422 ], [ -93.151881365114733, 16.750166450749422 ], [ -93.151881365114733, 16.749896956164186 ], [ -93.152959343455677, 16.749896956164186 ], [ -93.152959343455677, 16.750166450749422 ], [ -93.153228838040903, 16.750166450749422 ], [ -93.153228838040903, 16.749896956164186 ], [ -93.153498332626143, 16.749896956164186 ], [ -93.153498332626143, 16.749088472408477 ], [ -93.154037321796622, 16.749088472408477 ], [ -93.154037321796622, 16.748279988652772 ], [ -93.154306816381848, 16.748279988652772 ], [ -93.154306816381848, 16.748549483238008 ], [ -93.154576310967087, 16.748549483238008 ], [ -93.154576310967087, 16.748279988652772 ], [ -93.155115300137552, 16.748279988652772 ], [ -93.155115300137552, 16.748010494067536 ], [ -93.155384794722792, 16.748010494067536 ], [ -93.155384794722792, 16.748549483238008 ], [ -93.155115300137552, 16.748549483238008 ], [ -93.155115300137552, 16.749896956164186 ], [ -93.154845805552327, 16.749896956164186 ], [ -93.154845805552327, 16.750435945334658 ], [ -93.154576310967087, 16.750435945334658 ], [ -93.154576310967087, 16.750166450749422 ], [ -93.154037321796622, 16.750166450749422 ], [ -93.154037321796622, 16.749896956164186 ], [ -93.153767827211382, 16.749896956164186 ], [ -93.153767827211382, 16.751513923675603 ] ], [ [ -93.153498332626143, 16.750705439919894 ], [ -93.153498332626143, 16.750435945334658 ], [ -93.153228838040903, 16.750435945334658 ], [ -93.153228838040903, 16.750705439919894 ], [ -93.153498332626143, 16.750705439919894 ] ], [ [ -93.154845805552327, 16.749357966993713 ], [ -93.154845805552327, 16.748818977823241 ], [ -93.154576310967087, 16.748818977823241 ], [ -93.154576310967087, 16.749357966993713 ], [ -93.154845805552327, 16.749357966993713 ] ] ] ] } },
{ "type": "Feature", "properties": { "ZONA_MET": "Tuxtla_Guti_rrez", "INTENSIDAD": "Intensa", "T_PROM_POL": 4.0, "T_MIN_CIUD": 3.0, "DIF_TERMIC": 1.0 }, "geometry": { "type": "MultiPolygon", "coordinates": [ [ [ [ -93.092862050948071, 16.750705439919894 ], [ -93.092323061777606, 16.750705439919894 ], [ -93.092323061777606, 16.750435945334658 ], [ -93.091784072607126, 16.750435945334658 ], [ -93.091784072607126, 16.749088472408477 ], [ -93.090975588851421, 16.749088472408477 ], [ -93.090975588851421, 16.748818977823241 ], [ -93.090167105095716, 16.748818977823241 ], [ -93.090167105095716, 16.748549483238008 ], [ -93.089897610510477, 16.748549483238008 ], [ -93.089897610510477, 16.748279988652772 ], [ -93.090167105095716, 16.748279988652772 ], [ -93.090167105095716, 16.7477409994823 ], [ -93.090436599680956, 16.7477409994823 ], [ -93.090436599680956, 16.747471504897064 ], [ -93.090975588851421, 16.747471504897064 ], [ -93.090975588851421, 16.7477409994823 ], [ -93.091245083436661, 16.7477409994823 ], [ -93.091245083436661, 16.748279988652772 ], [ -93.091514578021901, 16.748279988652772 ], [ -93.091514578021901, 16.748818977823241 ], [ -93.092323061777606, 16.748818977823241 ], [ -93.092323061777606, 16.748549483238008 ], [ -93.092862050948071, 16.748549483238008 ], [ -93.092862050948071, 16.748818977823241 ], [ -93.093131545533311, 16.748818977823241 ], [ -93.093131545533311, 16.749088472408477 ], [ -93.09340104011855, 16.749088472408477 ], [ -93.09340104011855, 16.74962746157895 ], [ -93.093131545533311, 16.74962746157895 ], [ -93.093131545533311, 16.749357966993713 ], [ -93.092862050948071, 16.749357966993713 ], [ -93.092862050948071, 16.749896956164186 ], [ -93.093131545533311, 16.749896956164186 ], [ -93.093131545533311, 16.750435945334658 ], [ -93.092862050948071, 16.750435945334658 ], [ -93.092862050948071, 16.750705439919894 ] ] ] ] } },
{ "type": "Feature", "properties": { "ZONA_MET": "Tuxtla_Guti_rrez", "INTENSIDAD": "Extrema", "T_PROM_POL": 4.0, "T_MIN_CIUD": 3.0, "DIF_TERMIC": 1.0 }, "geometry": { "type": "MultiPolygon", "coordinates": [ [ [ [ -93.080195805441988, 16.750435945334658 ], [ -93.079117827101044, 16.750435945334658 ], [ -93.079117827101044, 16.749896956164186 ], [ -93.079387321686283, 16.749896956164186 ], [ -93.079387321686283, 16.74962746157895 ], [ -93.079656816271523, 16.74962746157895 ], [ -93.079656816271523, 16.749357966993713 ], [ -93.079117827101044, 16.749357966993713 ], [ -93.079117827101044, 16.749088472408477 ], [ -93.079387321686283, 16.749088472408477 ], [ -93.079387321686283, 16.748818977823241 ], [ -93.079656816271523, 16.748818977823241 ], [ -93.079656816271523, 16.748010494067536 ], [ -93.079926310856749, 16.748010494067536 ], [ -93.079926310856749, 16.7477409994823 ], [ -93.079656816271523, 16.7477409994823 ], [ -93.079656816271523, 16.747202010311828 ], [ -93.081004289197693, 16.747202010311828 ], [ -93.081004289197693, 16.747471504897064 ], [ -93.081543278368173, 16.747471504897064 ], [ -93.081543278368173, 16.7477409994823 ], [ -93.082351762123878, 16.7477409994823 ], [ -93.082351762123878, 16.748818977823241 ], [ -93.082621256709118, 16.748818977823241 ], [ -93.082621256709118, 16.749088472408477 ], [ -93.082082267538638, 16.749088472408477 ], [ -93.082082267538638, 16.750166450749422 ], [ -93.080465300027228, 16.750166450749422 ], [ -93.080465300027228, 16.749896956164186 ], [ -93.080195805441988, 16.749896956164186 ], [ -93.080195805441988, 16.750435945334658 ] ], [ [ -93.079926310856749, 16.749357966993713 ], [ -93.079926310856749, 16.749088472408477 ], [ -93.079656816271523, 16.749088472408477 ], [ -93.079656816271523, 16.749357966993713 ], [ -93.079926310856749, 16.749357966993713 ] ] ] ] } },
{ "type": "Feature", "properties": { "ZONA_MET": "Tuxtla_Guti_rrez", "INTENSIDAD": "Intensa", "T_PROM_POL": 4.0, "T_MIN_CIUD": 3.0, "DIF_TERMIC": 1.0 }, "geometry": { "type": "MultiPolygon", "coordinates": [ [ [ [ -93.18664616661016, 16.748279988652772 ], [ -93.186107177439681, 16.748279988652772 ], [ -93.186107177439681, 16.748010494067536 ], [ -93.18637667202492, 16.748010494067536 ], [ -93.18637667202492, 16.747471504897064 ], [ -93.18664616661016, 16.747471504897064 ], [ -93.18664616661016, 16.747202010311828 ], [ -93.187724144951105, 16.747202010311828 ], [ -93.187724144951105, 16.7477409994823 ], [ -93.186915661195385, 16.7477409994823 ], [ -93.186915661195385, 16.748010494067536 ], [ -93.18664616661016, 16.748010494067536 ], [ -93.18664616661016, 16.748279988652772 ] ] ] ] } },
{ "type": "Feature", "properties": { "ZONA_MET": "Tuxtla_Guti_rrez", "INTENSIDAD": "Intensa", "T_PROM_POL": 4.0, "T_MIN_CIUD": 3.0, "DIF_TERMIC": 1.0 }, "geometry": { "type": "MultiPolygon", "coordinates": [ [ [ [ -93.082621256709118, 16.750435945334658 ], [ -93.082351762123878, 16.750435945334658 ], [ -93.082351762123878, 16.750166450749422 ], [ -93.082082267538638, 16.750166450749422 ], [ -93.082082267538638, 16.749088472408477 ], [ -93.082621256709118, 16.749088472408477 ], [ -93.082621256709118, 16.748818977823241 ], [ -93.082351762123878, 16.748818977823241 ], [ -93.082351762123878, 16.7477409994823 ], [ -93.081543278368173, 16.7477409994823 ], [ -93.081543278368173, 16.747471504897064 ], [ -93.081004289197693, 16.747471504897064 ], [ -93.081004289197693, 16.746932515726591 ], [ -93.082082267538638, 16.746932515726591 ], [ -93.082082267538638, 16.747202010311828 ], [ -93.082621256709118, 16.747202010311828 ], [ -93.082621256709118, 16.7477409994823 ], [ -93.082890751294343, 16.7477409994823 ], [ -93.082890751294343, 16.748279988652772 ], [ -93.083160245879583, 16.748279988652772 ], [ -93.083160245879583, 16.74962746157895 ], [ -93.082890751294343, 16.74962746157895 ], [ -93.082890751294343, 16.750166450749422 ], [ -93.082621256709118, 16.750166450749422 ], [ -93.082621256709118, 16.750435945334658 ] ], [ [ -93.082890751294343, 16.748818977823241 ], [ -93.082890751294343, 16.748549483238008 ], [ -93.082621256709118, 16.748549483238008 ], [ -93.082621256709118, 16.748818977823241 ], [ -93.082890751294343, 16.748818977823241 ] ] ] ] } },
{ "type": "Feature", "properties": { "ZONA_MET": "Tuxtla_Guti_rrez", "INTENSIDAD": "Intensa", "T_PROM_POL": 4.0, "T_MIN_CIUD": 3.0, "DIF_TERMIC": 1.0 }, "geometry": { "type": "MultiPolygon", "coordinates": [ [ [ [ -93.087741653828601, 16.748818977823241 ], [ -93.086394180902417, 16.748818977823241 ], [ -93.086394180902417, 16.748549483238008 ], [ -93.086124686317177, 16.748549483238008 ], [ -93.086124686317177, 16.748818977823241 ], [ -93.085855191731937, 16.748818977823241 ], [ -93.085855191731937, 16.748549483238008 ], [ -93.085585697146712, 16.748549483238008 ], [ -93.085585697146712, 16.748279988652772 ], [ -93.085046707976232, 16.748279988652772 ], [ -93.085046707976232, 16.748010494067536 ], [ -93.084777213391007, 16.748010494067536 ], [ -93.084777213391007, 16.7477409994823 ], [ -93.084238224220528, 16.7477409994823 ], [ -93.084238224220528, 16.748010494067536 ], [ -93.084507718805767, 16.748010494067536 ], [ -93.084507718805767, 16.748279988652772 ], [ -93.083968729635288, 16.748279988652772 ], [ -93.083968729635288, 16.748010494067536 ], [ -93.083160245879583, 16.748010494067536 ], [ -93.083160245879583, 16.7477409994823 ], [ -93.082890751294343, 16.7477409994823 ], [ -93.082890751294343, 16.747202010311828 ], [ -93.083160245879583, 16.747202010311828 ], [ -93.083160245879583, 16.747471504897064 ], [ -93.083429740464823, 16.747471504897064 ], [ -93.083429740464823, 16.746932515726591 ], [ -93.084238224220528, 16.746932515726591 ], [ -93.084238224220528, 16.746663021141355 ], [ -93.085046707976232, 16.746663021141355 ], [ -93.085046707976232, 16.746932515726591 ], [ -93.085316202561472, 16.746932515726591 ], [ -93.085316202561472, 16.747202010311828 ], [ -93.085855191731937, 16.747202010311828 ], [ -93.085855191731937, 16.746932515726591 ], [ -93.086124686317177, 16.746932515726591 ], [ -93.086124686317177, 16.746663021141355 ], [ -93.086663675487657, 16.746663021141355 ], [ -93.086663675487657, 16.746932515726591 ], [ -93.086933170072882, 16.746932515726591 ], [ -93.086933170072882, 16.747202010311828 ], [ -93.087741653828601, 16.747202010311828 ], [ -93.087741653828601, 16.747471504897064 ], [ -93.088011148413827, 16.747471504897064 ], [ -93.088011148413827, 16.7477409994823 ], [ -93.088280642999067, 16.7477409994823 ], [ -93.088280642999067, 16.748010494067536 ], [ -93.086933170072882, 16.748010494067536 ], [ -93.086933170072882, 16.7477409994823 ], [ -93.086663675487657, 16.7477409994823 ], [ -93.086663675487657, 16.748279988652772 ], [ -93.088280642999067, 16.748279988652772 ], [ -93.088280642999067, 16.748549483238008 ], [ -93.087741653828601, 16.748549483238008 ], [ -93.087741653828601, 16.748818977823241 ] ], [ [ -93.085855191731937, 16.748010494067536 ], [ -93.085855191731937, 16.7477409994823 ], [ -93.085316202561472, 16.7477409994823 ], [ -93.085316202561472, 16.748010494067536 ], [ -93.085855191731937, 16.748010494067536 ] ] ] ] } },
{ "type": "Feature", "properties": { "ZONA_MET": "Tuxtla_Guti_rrez", "INTENSIDAD": "Extrema", "T_PROM_POL": 4.0, "T_MIN_CIUD": 3.0, "DIF_TERMIC": 1.0 }, "geometry": { "type": "MultiPolygon", "coordinates": [ [ [ [ -93.027374866735755, 16.753130891187016 ], [ -93.02656638298005, 16.753130891187016 ], [ -93.02656638298005, 16.75286139660178 ], [ -93.02683587756529, 16.75286139660178 ], [ -93.02683587756529, 16.752591902016544 ], [ -93.02710537215053, 16.752591902016544 ], [ -93.02710537215053, 16.752322407431308 ], [ -93.02656638298005, 16.752322407431308 ], [ -93.02656638298005, 16.751783418260839 ], [ -93.026296888394825, 16.751783418260839 ], [ -93.026296888394825, 16.751513923675603 ], [ -93.026027393809585, 16.751513923675603 ], [ -93.026027393809585, 16.751783418260839 ], [ -93.025757899224345, 16.751783418260839 ], [ -93.025757899224345, 16.751513923675603 ], [ -93.025488404639106, 16.751513923675603 ], [ -93.025488404639106, 16.751244429090367 ], [ -93.02521891005388, 16.751244429090367 ], [ -93.02521891005388, 16.751513923675603 ], [ -93.02494941546864, 16.751513923675603 ], [ -93.02494941546864, 16.752052912846072 ], [ -93.024410426298161, 16.752052912846072 ], [ -93.024410426298161, 16.750705439919894 ], [ -93.023062953371991, 16.750705439919894 ], [ -93.023062953371991, 16.75097493450513 ], [ -93.02333244795723, 16.75097493450513 ], [ -93.02333244795723, 16.751244429090367 ], [ -93.024140931712935, 16.751244429090367 ], [ -93.024140931712935, 16.751513923675603 ], [ -93.023062953371991, 16.751513923675603 ], [ -93.023062953371991, 16.751783418260839 ], [ -93.022793458786751, 16.751783418260839 ], [ -93.022793458786751, 16.751244429090367 ], [ -93.022254469616286, 16.751244429090367 ], [ -93.022254469616286, 16.751513923675603 ], [ -93.021984975031046, 16.751513923675603 ], [ -93.021984975031046, 16.750705439919894 ], [ -93.022793458786751, 16.750705439919894 ], [ -93.022793458786751, 16.74962746157895 ], [ -93.022523964201511, 16.74962746157895 ], [ -93.022523964201511, 16.749896956164186 ], [ -93.022254469616286, 16.749896956164186 ], [ -93.022254469616286, 16.74962746157895 ], [ -93.021984975031046, 16.74962746157895 ], [ -93.021984975031046, 16.749896956164186 ], [ -93.021715480445806, 16.749896956164186 ], [ -93.021715480445806, 16.74962746157895 ], [ -93.020906996690101, 16.74962746157895 ], [ -93.020906996690101, 16.749357966993713 ], [ -93.020637502104861, 16.749357966993713 ], [ -93.020637502104861, 16.749088472408477 ], [ -93.020368007519636, 16.749088472408477 ], [ -93.020368007519636, 16.748549483238008 ], [ -93.020637502104861, 16.748549483238008 ], [ -93.020637502104861, 16.748279988652772 ], [ -93.020368007519636, 16.748279988652772 ], [ -93.020368007519636, 16.746124031970883 ], [ -93.020637502104861, 16.746124031970883 ], [ -93.020637502104861, 16.747202010311828 ], [ -93.020906996690101, 16.747202010311828 ], [ -93.020906996690101, 16.748279988652772 ], [ -93.021176491275341, 16.748279988652772 ], [ -93.021176491275341, 16.749088472408477 ], [ -93.021984975031046, 16.749088472408477 ], [ -93.021984975031046, 16.749357966993713 ], [ -93.023062953371991, 16.749357966993713 ], [ -93.023062953371991, 16.749896956164186 ], [ -93.025757899224345, 16.749896956164186 ], [ -93.025757899224345, 16.750166450749422 ], [ -93.02521891005388, 16.750166450749422 ], [ -93.02521891005388, 16.750435945334658 ], [ -93.025757899224345, 16.750435945334658 ], [ -93.025757899224345, 16.751244429090367 ], [ -93.02683587756529, 16.751244429090367 ], [ -93.02683587756529, 16.75097493450513 ], [ -93.02710537215053, 16.75097493450513 ], [ -93.02710537215053, 16.751783418260839 ], [ -93.027374866735755, 16.751783418260839 ], [ -93.027374866735755, 16.753130891187016 ] ] ] ] } },
{ "type": "Feature", "properties": { "ZONA_MET": "Tuxtla_Guti_rrez", "INTENSIDAD": "Intensa", "T_PROM_POL": 4.0, "T_MIN_CIUD": 3.0, "DIF_TERMIC": 1.0 }, "geometry": { "type": "MultiPolygon", "coordinates": [ [ [ [ -93.164817105206055, 16.747202010311828 ], [ -93.16373912686511, 16.747202010311828 ], [ -93.16373912686511, 16.746932515726591 ], [ -93.16400862145035, 16.746932515726591 ], [ -93.16400862145035, 16.746663021141355 ], [ -93.164547610620815, 16.746663021141355 ], [ -93.164547610620815, 16.746393526556119 ], [ -93.164817105206055, 16.746393526556119 ], [ -93.164817105206055, 16.746124031970883 ], [ -93.16535609437652, 16.746124031970883 ], [ -93.16535609437652, 16.746663021141355 ], [ -93.16508659979128, 16.746663021141355 ], [ -93.16508659979128, 16.746932515726591 ], [ -93.164817105206055, 16.746932515726591 ], [ -93.164817105206055, 16.747202010311828 ] ] ] ] } },
{ "type": "Feature", "properties": { "ZONA_MET": "Tuxtla_Guti_rrez", "INTENSIDAD": "Intensa", "T_PROM_POL": 4.0, "T_MIN_CIUD": 3.0, "DIF_TERMIC": 1.0 }, "geometry": { "type": "MultiPolygon", "coordinates": [ [ [ [ -93.013900137473968, 16.748279988652772 ], [ -93.013630642888728, 16.748279988652772 ], [ -93.013630642888728, 16.748010494067536 ], [ -93.013361148303503, 16.748010494067536 ], [ -93.013361148303503, 16.7477409994823 ], [ -93.013091653718263, 16.7477409994823 ], [ -93.013091653718263, 16.748010494067536 ], [ -93.012822159133023, 16.748010494067536 ], [ -93.012822159133023, 16.7477409994823 ], [ -93.012283169962558, 16.7477409994823 ], [ -93.012283169962558, 16.748010494067536 ], [ -93.012013675377318, 16.748010494067536 ], [ -93.012013675377318, 16.7477409994823 ], [ -93.011474686206853, 16.7477409994823 ], [ -93.011474686206853, 16.748279988652772 ], [ -93.010935697036373, 16.748279988652772 ], [ -93.010935697036373, 16.745854537385647 ], [ -93.011474686206853, 16.745854537385647 ], [ -93.011474686206853, 16.746124031970883 ], [ -93.012283169962558, 16.746124031970883 ], [ -93.012283169962558, 16.746663021141355 ], [ -93.012552664547783, 16.746663021141355 ], [ -93.012552664547783, 16.746932515726591 ], [ -93.012283169962558, 16.746932515726591 ], [ -93.012283169962558, 16.747202010311828 ], [ -93.012013675377318, 16.747202010311828 ], [ -93.012013675377318, 16.747471504897064 ], [ -93.012552664547783, 16.747471504897064 ], [ -93.012552664547783, 16.747202010311828 ], [ -93.012822159133023, 16.747202010311828 ], [ -93.012822159133023, 16.747471504897064 ], [ -93.013091653718263, 16.747471504897064 ], [ -93.013091653718263, 16.747202010311828 ], [ -93.013630642888728, 16.747202010311828 ], [ -93.013630642888728, 16.747471504897064 ], [ -93.013900137473968, 16.747471504897064 ], [ -93.013900137473968, 16.748279988652772 ] ] ] ] } },
{ "type": "Feature", "properties": { "ZONA_MET": "Tuxtla_Guti_rrez", "INTENSIDAD": "Extrema", "T_PROM_POL": 4.0, "T_MIN_CIUD": 3.0, "DIF_TERMIC": 1.0 }, "geometry": { "type": "MultiPolygon", "coordinates": [ [ [ [ -93.056749776526473, 16.748549483238008 ], [ -93.056210787355994, 16.748549483238008 ], [ -93.056210787355994, 16.748279988652772 ], [ -93.055671798185529, 16.748279988652772 ], [ -93.055671798185529, 16.748010494067536 ], [ -93.055132809015049, 16.748010494067536 ], [ -93.055132809015049, 16.7477409994823 ], [ -93.055402303600289, 16.7477409994823 ], [ -93.055402303600289, 16.747471504897064 ], [ -93.055671798185529, 16.747471504897064 ], [ -93.055671798185529, 16.746932515726591 ], [ -93.055402303600289, 16.746932515726591 ], [ -93.055402303600289, 16.746393526556119 ], [ -93.056480281941234, 16.746393526556119 ], [ -93.056480281941234, 16.746124031970883 ], [ -93.057019271111713, 16.746124031970883 ], [ -93.057019271111713, 16.745854537385647 ], [ -93.057288765696939, 16.745854537385647 ], [ -93.057288765696939, 16.746393526556119 ], [ -93.056749776526473, 16.746393526556119 ], [ -93.056749776526473, 16.747202010311828 ], [ -93.057288765696939, 16.747202010311828 ], [ -93.057288765696939, 16.7477409994823 ], [ -93.056749776526473, 16.7477409994823 ], [ -93.056749776526473, 16.748549483238008 ] ], [ [ -93.056749776526473, 16.7477409994823 ], [ -93.056749776526473, 16.747471504897064 ], [ -93.056480281941234, 16.747471504897064 ], [ -93.056480281941234, 16.7477409994823 ], [ -93.056749776526473, 16.7477409994823 ] ], [ [ -93.055941292770768, 16.7477409994823 ], [ -93.055941292770768, 16.747471504897064 ], [ -93.055671798185529, 16.747471504897064 ], [ -93.055671798185529, 16.7477409994823 ], [ -93.055941292770768, 16.7477409994823 ] ], [ [ -93.056210787355994, 16.747471504897064 ], [ -93.056210787355994, 16.747202010311828 ], [ -93.055941292770768, 16.747202010311828 ], [ -93.055941292770768, 16.747471504897064 ], [ -93.056210787355994, 16.747471504897064 ] ] ] ] } },
{ "type": "Feature", "properties": { "ZONA_MET": "Tuxtla_Guti_rrez", "INTENSIDAD": "Intensa", "T_PROM_POL": 4.0, "T_MIN_CIUD": 3.0, "DIF_TERMIC": 1.0 }, "geometry": { "type": "MultiPolygon", "coordinates": [ [ [ [ -93.060253206134533, 16.747202010311828 ], [ -93.059714216964068, 16.747202010311828 ], [ -93.059714216964068, 16.746932515726591 ], [ -93.059444722378828, 16.746932515726591 ], [ -93.059444722378828, 16.746663021141355 ], [ -93.058636238623123, 16.746663021141355 ], [ -93.058636238623123, 16.746932515726591 ], [ -93.058097249452643, 16.746932515726591 ], [ -93.058097249452643, 16.746663021141355 ], [ -93.057827754867418, 16.746663021141355 ], [ -93.057827754867418, 16.746393526556119 ], [ -93.058097249452643, 16.746393526556119 ], [ -93.058097249452643, 16.745854537385647 ], [ -93.058366744037883, 16.745854537385647 ], [ -93.058366744037883, 16.745585042800414 ], [ -93.058636238623123, 16.745585042800414 ], [ -93.058636238623123, 16.746124031970883 ], [ -93.059444722378828, 16.746124031970883 ], [ -93.059444722378828, 16.746393526556119 ], [ -93.059714216964068, 16.746393526556119 ], [ -93.059714216964068, 16.746663021141355 ], [ -93.059983711549307, 16.746663021141355 ], [ -93.059983711549307, 16.746932515726591 ], [ -93.060253206134533, 16.746932515726591 ], [ -93.060253206134533, 16.747202010311828 ] ] ] ] } },
{ "type": "Feature", "properties": { "ZONA_MET": "Tuxtla_Guti_rrez", "INTENSIDAD": "Intensa", "T_PROM_POL": 4.0, "T_MIN_CIUD": 3.0, "DIF_TERMIC": 1.0 }, "geometry": { "type": "MultiPolygon", "coordinates": [ [ [ [ -93.079926310856749, 16.755556342454138 ], [ -93.079387321686283, 16.755556342454138 ], [ -93.079387321686283, 16.755286847868902 ], [ -93.079656816271523, 16.755286847868902 ], [ -93.079656816271523, 16.754747858698433 ], [ -93.079387321686283, 16.754747858698433 ], [ -93.079387321686283, 16.754478364113197 ], [ -93.078848332515804, 16.754478364113197 ], [ -93.078848332515804, 16.753939374942725 ], [ -93.079656816271523, 16.753939374942725 ], [ -93.079656816271523, 16.754478364113197 ], [ -93.080195805441988, 16.754478364113197 ], [ -93.080195805441988, 16.754208869527961 ], [ -93.079926310856749, 16.754208869527961 ], [ -93.079926310856749, 16.753669880357489 ], [ -93.080195805441988, 16.753669880357489 ], [ -93.080195805441988, 16.753130891187016 ], [ -93.081273783782933, 16.753130891187016 ], [ -93.081273783782933, 16.752591902016544 ], [ -93.081004289197693, 16.752591902016544 ], [ -93.081004289197693, 16.75286139660178 ], [ -93.080465300027228, 16.75286139660178 ], [ -93.080465300027228, 16.751513923675603 ], [ -93.079926310856749, 16.751513923675603 ], [ -93.079926310856749, 16.751783418260839 ], [ -93.079656816271523, 16.751783418260839 ], [ -93.079656816271523, 16.752052912846072 ], [ -93.079387321686283, 16.752052912846072 ], [ -93.079387321686283, 16.751783418260839 ], [ -93.078039848760099, 16.751783418260839 ], [ -93.078039848760099, 16.752322407431308 ], [ -93.078309343345339, 16.752322407431308 ], [ -93.078309343345339, 16.752591902016544 ], [ -93.078039848760099, 16.752591902016544 ], [ -93.078039848760099, 16.753130891187016 ], [ -93.077231365004394, 16.753130891187016 ], [ -93.077231365004394, 16.75286139660178 ], [ -93.076961870419154, 16.75286139660178 ], [ -93.076961870419154, 16.752591902016544 ], [ -93.076422881248689, 16.752591902016544 ], [ -93.076422881248689, 16.752322407431308 ], [ -93.076153386663449, 16.752322407431308 ], [ -93.076153386663449, 16.751783418260839 ], [ -93.07588389207821, 16.751783418260839 ], [ -93.07588389207821, 16.751513923675603 ], [ -93.075614397492984, 16.751513923675603 ], [ -93.075614397492984, 16.75097493450513 ], [ -93.074805913737279, 16.75097493450513 ], [ -93.074805913737279, 16.750435945334658 ], [ -93.075614397492984, 16.750435945334658 ], [ -93.075614397492984, 16.750166450749422 ], [ -93.076153386663449, 16.750166450749422 ], [ -93.076153386663449, 16.74962746157895 ], [ -93.07588389207821, 16.74962746157895 ], [ -93.07588389207821, 16.749896956164186 ], [ -93.074805913737279, 16.749896956164186 ], [ -93.074805913737279, 16.74962746157895 ], [ -93.074536419152039, 16.74962746157895 ], [ -93.074536419152039, 16.749088472408477 ], [ -93.0742669245668, 16.749088472408477 ], [ -93.0742669245668, 16.748549483238008 ], [ -93.074536419152039, 16.748549483238008 ], [ -93.074536419152039, 16.748818977823241 ], [ -93.074805913737279, 16.748818977823241 ], [ -93.074805913737279, 16.748549483238008 ], [ -93.07588389207821, 16.748549483238008 ], [ -93.07588389207821, 16.748279988652772 ], [ -93.076153386663449, 16.748279988652772 ], [ -93.076153386663449, 16.748818977823241 ], [ -93.076422881248689, 16.748818977823241 ], [ -93.076422881248689, 16.748549483238008 ], [ -93.076692375833929, 16.748549483238008 ], [ -93.076692375833929, 16.748279988652772 ], [ -93.077231365004394, 16.748279988652772 ], [ -93.077231365004394, 16.748010494067536 ], [ -93.076961870419154, 16.748010494067536 ], [ -93.076961870419154, 16.747471504897064 ], [ -93.077500859589634, 16.747471504897064 ], [ -93.077500859589634, 16.747202010311828 ], [ -93.077770354174874, 16.747202010311828 ], [ -93.077770354174874, 16.746393526556119 ], [ -93.076961870419154, 16.746393526556119 ], [ -93.076961870419154, 16.746124031970883 ], [ -93.076153386663449, 16.746124031970883 ], [ -93.076153386663449, 16.745315548215178 ], [ -93.076422881248689, 16.745315548215178 ], [ -93.076422881248689, 16.745585042800414 ], [ -93.076961870419154, 16.745585042800414 ], [ -93.076961870419154, 16.745854537385647 ], [ -93.077231365004394, 16.745854537385647 ], [ -93.077231365004394, 16.746124031970883 ], [ -93.077770354174874, 16.746124031970883 ], [ -93.077770354174874, 16.745854537385647 ], [ -93.078039848760099, 16.745854537385647 ], [ -93.078039848760099, 16.746393526556119 ], [ -93.078578837930579, 16.746393526556119 ], [ -93.078578837930579, 16.746663021141355 ], [ -93.078309343345339, 16.746663021141355 ], [ -93.078309343345339, 16.747202010311828 ], [ -93.079387321686283, 16.747202010311828 ], [ -93.079387321686283, 16.7477409994823 ], [ -93.079117827101044, 16.7477409994823 ], [ -93.079117827101044, 16.748549483238008 ], [ -93.078848332515804, 16.748549483238008 ], [ -93.078848332515804, 16.748818977823241 ], [ -93.079387321686283, 16.748818977823241 ], [ -93.079387321686283, 16.749088472408477 ], [ -93.079117827101044, 16.749088472408477 ], [ -93.079117827101044, 16.750435945334658 ], [ -93.079387321686283, 16.750435945334658 ], [ -93.079387321686283, 16.750705439919894 ], [ -93.079117827101044, 16.750705439919894 ], [ -93.079117827101044, 16.751244429090367 ], [ -93.080195805441988, 16.751244429090367 ], [ -93.080195805441988, 16.75097493450513 ], [ -93.081004289197693, 16.75097493450513 ], [ -93.081004289197693, 16.751513923675603 ], [ -93.081543278368173, 16.751513923675603 ], [ -93.081543278368173, 16.751244429090367 ], [ -93.081812772953413, 16.751244429090367 ], [ -93.081812772953413, 16.75097493450513 ], [ -93.082082267538638, 16.75097493450513 ], [ -93.082082267538638, 16.750435945334658 ], [ -93.082351762123878, 16.750435945334658 ], [ -93.082351762123878, 16.750705439919894 ], [ -93.082621256709118, 16.750705439919894 ], [ -93.082621256709118, 16.751783418260839 ], [ -93.082351762123878, 16.751783418260839 ], [ -93.082351762123878, 16.752591902016544 ], [ -93.082082267538638, 16.752591902016544 ], [ -93.082082267538638, 16.753939374942725 ], [ -93.081543278368173, 16.753939374942725 ], [ -93.081543278368173, 16.754208869527961 ], [ -93.081273783782933, 16.754208869527961 ], [ -93.081273783782933, 16.754747858698433 ], [ -93.080734794612468, 16.754747858698433 ], [ -93.080734794612468, 16.755286847868902 ], [ -93.080195805441988, 16.755286847868902 ], [ -93.080195805441988, 16.755017353283666 ], [ -93.079926310856749, 16.755017353283666 ], [ -93.079926310856749, 16.755556342454138 ] ], [ [ -93.081543278368173, 16.752591902016544 ], [ -93.081543278368173, 16.752052912846072 ], [ -93.081273783782933, 16.752052912846072 ], [ -93.081273783782933, 16.752591902016544 ], [ -93.081543278368173, 16.752591902016544 ] ], [ [ -93.077770354174874, 16.752591902016544 ], [ -93.077770354174874, 16.752052912846072 ], [ -93.077500859589634, 16.752052912846072 ], [ -93.077500859589634, 16.750705439919894 ], [ -93.077231365004394, 16.750705439919894 ], [ -93.077231365004394, 16.751783418260839 ], [ -93.076961870419154, 16.751783418260839 ], [ -93.076961870419154, 16.752322407431308 ], [ -93.077231365004394, 16.752322407431308 ], [ -93.077231365004394, 16.752591902016544 ], [ -93.077770354174874, 16.752591902016544 ] ], [ [ -93.081812772953413, 16.751783418260839 ], [ -93.081812772953413, 16.751513923675603 ], [ -93.081543278368173, 16.751513923675603 ], [ -93.081543278368173, 16.751783418260839 ], [ -93.081812772953413, 16.751783418260839 ] ], [ [ -93.076692375833929, 16.751783418260839 ], [ -93.076692375833929, 16.751513923675603 ], [ -93.076422881248689, 16.751513923675603 ], [ -93.076422881248689, 16.751783418260839 ], [ -93.076692375833929, 16.751783418260839 ] ], [ [ -93.076692375833929, 16.751244429090367 ], [ -93.076692375833929, 16.75097493450513 ], [ -93.076961870419154, 16.75097493450513 ], [ -93.076961870419154, 16.750166450749422 ], [ -93.076153386663449, 16.750166450749422 ], [ -93.076153386663449, 16.750435945334658 ], [ -93.07588389207821, 16.750435945334658 ], [ -93.07588389207821, 16.75097493450513 ], [ -93.076153386663449, 16.75097493450513 ], [ -93.076153386663449, 16.751244429090367 ], [ -93.076692375833929, 16.751244429090367 ] ], [ [ -93.077770354174874, 16.750705439919894 ], [ -93.077770354174874, 16.750435945334658 ], [ -93.077500859589634, 16.750435945334658 ], [ -93.077500859589634, 16.750705439919894 ], [ -93.077770354174874, 16.750705439919894 ] ], [ [ -93.078848332515804, 16.750166450749422 ], [ -93.078848332515804, 16.749357966993713 ], [ -93.078578837930579, 16.749357966993713 ], [ -93.078578837930579, 16.750166450749422 ], [ -93.078848332515804, 16.750166450749422 ] ], [ [ -93.077770354174874, 16.749896956164186 ], [ -93.077770354174874, 16.749357966993713 ], [ -93.077231365004394, 16.749357966993713 ], [ -93.077231365004394, 16.74962746157895 ], [ -93.077500859589634, 16.74962746157895 ], [ -93.077500859589634, 16.749896956164186 ], [ -93.077770354174874, 16.749896956164186 ] ], [ [ -93.077231365004394, 16.749896956164186 ], [ -93.077231365004394, 16.74962746157895 ], [ -93.076692375833929, 16.74962746157895 ], [ -93.076692375833929, 16.749357966993713 ], [ -93.076153386663449, 16.749357966993713 ], [ -93.076153386663449, 16.74962746157895 ], [ -93.076422881248689, 16.74962746157895 ], [ -93.076422881248689, 16.749896956164186 ], [ -93.077231365004394, 16.749896956164186 ] ], [ [ -93.07588389207821, 16.74962746157895 ], [ -93.07588389207821, 16.749357966993713 ], [ -93.075614397492984, 16.749357966993713 ], [ -93.075614397492984, 16.74962746157895 ], [ -93.07588389207821, 16.74962746157895 ] ], [ [ -93.077770354174874, 16.749088472408477 ], [ -93.077770354174874, 16.748818977823241 ], [ -93.077500859589634, 16.748818977823241 ], [ -93.077500859589634, 16.749088472408477 ], [ -93.077770354174874, 16.749088472408477 ] ], [ [ -93.078039848760099, 16.748818977823241 ], [ -93.078039848760099, 16.748549483238008 ], [ -93.078309343345339, 16.748549483238008 ], [ -93.078309343345339, 16.7477409994823 ], [ -93.078039848760099, 16.7477409994823 ], [ -93.078039848760099, 16.748010494067536 ], [ -93.077770354174874, 16.748010494067536 ], [ -93.077770354174874, 16.748818977823241 ], [ -93.078039848760099, 16.748818977823241 ] ], [ [ -93.077770354174874, 16.748010494067536 ], [ -93.077770354174874, 16.747471504897064 ], [ -93.077500859589634, 16.747471504897064 ], [ -93.077500859589634, 16.748010494067536 ], [ -93.077770354174874, 16.748010494067536 ] ] ] ] } },
{ "type": "Feature", "properties": { "ZONA_MET": "Tuxtla_Guti_rrez", "INTENSIDAD": "Intensa", "T_PROM_POL": 4.0, "T_MIN_CIUD": 3.0, "DIF_TERMIC": 1.0 }, "geometry": { "type": "MultiPolygon", "coordinates": [ [ [ [ -93.054863314429824, 16.748010494067536 ], [ -93.054593819844584, 16.748010494067536 ], [ -93.054593819844584, 16.7477409994823 ], [ -93.054324325259344, 16.7477409994823 ], [ -93.054324325259344, 16.747471504897064 ], [ -93.053785336088879, 16.747471504897064 ], [ -93.053785336088879, 16.746932515726591 ], [ -93.053515841503639, 16.746932515726591 ], [ -93.053515841503639, 16.746393526556119 ], [ -93.053246346918399, 16.746393526556119 ], [ -93.053246346918399, 16.746124031970883 ], [ -93.052976852333174, 16.746124031970883 ], [ -93.052976852333174, 16.745854537385647 ], [ -93.052707357747934, 16.745854537385647 ], [ -93.052707357747934, 16.745585042800414 ], [ -93.052976852333174, 16.745585042800414 ], [ -93.052976852333174, 16.745315548215178 ], [ -93.053246346918399, 16.745315548215178 ], [ -93.053246346918399, 16.745585042800414 ], [ -93.054054830674119, 16.745585042800414 ], [ -93.054054830674119, 16.745315548215178 ], [ -93.054324325259344, 16.745315548215178 ], [ -93.054324325259344, 16.745854537385647 ], [ -93.054863314429824, 16.745854537385647 ], [ -93.054863314429824, 16.746124031970883 ], [ -93.054593819844584, 16.746124031970883 ], [ -93.054593819844584, 16.746393526556119 ], [ -93.054054830674119, 16.746393526556119 ], [ -93.054054830674119, 16.746932515726591 ], [ -93.054593819844584, 16.746932515726591 ], [ -93.054593819844584, 16.747471504897064 ], [ -93.054863314429824, 16.747471504897064 ], [ -93.054863314429824, 16.748010494067536 ] ] ] ] } },
{ "type": "Feature", "properties": { "ZONA_MET": "Tuxtla_Guti_rrez", "INTENSIDAD": "Extrema", "T_PROM_POL": 4.0, "T_MIN_CIUD": 3.0, "DIF_TERMIC": 1.0 }, "geometry": { "type": "MultiPolygon", "coordinates": [ [ [ [ -93.012552664547783, 16.746124031970883 ], [ -93.011474686206853, 16.746124031970883 ], [ -93.011474686206853, 16.745854537385647 ], [ -93.010935697036373, 16.745854537385647 ], [ -93.010935697036373, 16.745046053629942 ], [ -93.011205191621613, 16.745046053629942 ], [ -93.011205191621613, 16.745315548215178 ], [ -93.011474686206853, 16.745315548215178 ], [ -93.011474686206853, 16.745585042800414 ], [ -93.012283169962558, 16.745585042800414 ], [ -93.012283169962558, 16.745854537385647 ], [ -93.012552664547783, 16.745854537385647 ], [ -93.012552664547783, 16.746124031970883 ] ] ] ] } },
{ "type": "Feature", "properties": { "ZONA_MET": "Tuxtla_Guti_rrez", "INTENSIDAD": "Extrema", "T_PROM_POL": 4.0, "T_MIN_CIUD": 3.0, "DIF_TERMIC": 1.0 }, "geometry": { "type": "MultiPolygon", "coordinates": [ [ [ [ -93.164817105206055, 16.746124031970883 ], [ -93.16400862145035, 16.746124031970883 ], [ -93.16400862145035, 16.745046053629942 ], [ -93.164817105206055, 16.745046053629942 ], [ -93.164817105206055, 16.745315548215178 ], [ -93.16508659979128, 16.745315548215178 ], [ -93.16508659979128, 16.745854537385647 ], [ -93.164817105206055, 16.745854537385647 ], [ -93.164817105206055, 16.746124031970883 ] ] ] ] } },
{ "type": "Feature", "properties": { "ZONA_MET": "Tuxtla_Guti_rrez", "INTENSIDAD": "Extrema", "T_PROM_POL": 4.0, "T_MIN_CIUD": 3.0, "DIF_TERMIC": 1.0 }, "geometry": { "type": "MultiPolygon", "coordinates": [ [ [ [ -93.02521891005388, 16.747202010311828 ], [ -93.02494941546864, 16.747202010311828 ], [ -93.02494941546864, 16.746932515726591 ], [ -93.024410426298161, 16.746932515726591 ], [ -93.024410426298161, 16.746124031970883 ], [ -93.024140931712935, 16.746124031970883 ], [ -93.024140931712935, 16.745854537385647 ], [ -93.023871437127696, 16.745854537385647 ], [ -93.023871437127696, 16.744776559044706 ], [ -93.024140931712935, 16.744776559044706 ], [ -93.024140931712935, 16.745315548215178 ], [ -93.024410426298161, 16.745315548215178 ], [ -93.024410426298161, 16.745585042800414 ], [ -93.024679920883401, 16.745585042800414 ], [ -93.024679920883401, 16.746393526556119 ], [ -93.02494941546864, 16.746393526556119 ], [ -93.02494941546864, 16.746663021141355 ], [ -93.02521891005388, 16.746663021141355 ], [ -93.02521891005388, 16.746393526556119 ], [ -93.025488404639106, 16.746393526556119 ], [ -93.025488404639106, 16.746932515726591 ], [ -93.02521891005388, 16.746932515726591 ], [ -93.02521891005388, 16.747202010311828 ] ] ] ] } },
{ "type": "Feature", "properties": { "ZONA_MET": "Tuxtla_Guti_rrez", "INTENSIDAD": "Intensa", "T_PROM_POL": 4.0, "T_MIN_CIUD": 3.0, "DIF_TERMIC": 1.0 }, "geometry": { "type": "MultiPolygon", "coordinates": [ [ [ [ -93.18637667202492, 16.747202010311828 ], [ -93.186107177439681, 16.747202010311828 ], [ -93.186107177439681, 16.746932515726591 ], [ -93.185837682854441, 16.746932515726591 ], [ -93.185837682854441, 16.746393526556119 ], [ -93.186107177439681, 16.746393526556119 ], [ -93.186107177439681, 16.746124031970883 ], [ -93.18637667202492, 16.746124031970883 ], [ -93.18637667202492, 16.745585042800414 ], [ -93.18664616661016, 16.745585042800414 ], [ -93.18664616661016, 16.745046053629942 ], [ -93.186915661195385, 16.745046053629942 ], [ -93.186915661195385, 16.744776559044706 ], [ -93.187185155780625, 16.744776559044706 ], [ -93.187185155780625, 16.745315548215178 ], [ -93.187454650365865, 16.745315548215178 ], [ -93.187454650365865, 16.746124031970883 ], [ -93.187185155780625, 16.746124031970883 ], [ -93.187185155780625, 16.746393526556119 ], [ -93.18664616661016, 16.746393526556119 ], [ -93.18664616661016, 16.746663021141355 ], [ -93.18637667202492, 16.746663021141355 ], [ -93.18637667202492, 16.747202010311828 ] ] ] ] } },
{ "type": "Feature", "properties": { "ZONA_MET": "Tuxtla_Guti_rrez", "INTENSIDAD": "Extrema", "T_PROM_POL": 4.0, "T_MIN_CIUD": 3.0, "DIF_TERMIC": 1.0 }, "geometry": { "type": "MultiPolygon", "coordinates": [ [ [ [ -93.055132809015049, 16.746663021141355 ], [ -93.054863314429824, 16.746663021141355 ], [ -93.054863314429824, 16.745854537385647 ], [ -93.054324325259344, 16.745854537385647 ], [ -93.054324325259344, 16.745046053629942 ], [ -93.054593819844584, 16.745046053629942 ], [ -93.054593819844584, 16.745315548215178 ], [ -93.055941292770768, 16.745315548215178 ], [ -93.055941292770768, 16.745046053629942 ], [ -93.055402303600289, 16.745046053629942 ], [ -93.055402303600289, 16.744776559044706 ], [ -93.055671798185529, 16.744776559044706 ], [ -93.055671798185529, 16.744507064459469 ], [ -93.055941292770768, 16.744507064459469 ], [ -93.055941292770768, 16.744776559044706 ], [ -93.056210787355994, 16.744776559044706 ], [ -93.056210787355994, 16.744237569874233 ], [ -93.056749776526473, 16.744237569874233 ], [ -93.056749776526473, 16.745046053629942 ], [ -93.057019271111713, 16.745046053629942 ], [ -93.057019271111713, 16.745315548215178 ], [ -93.056749776526473, 16.745315548215178 ], [ -93.056749776526473, 16.745854537385647 ], [ -93.056210787355994, 16.745854537385647 ], [ -93.056210787355994, 16.745585042800414 ], [ -93.055671798185529, 16.745585042800414 ], [ -93.055671798185529, 16.745854537385647 ], [ -93.055402303600289, 16.745854537385647 ], [ -93.055402303600289, 16.746124031970883 ], [ -93.055132809015049, 16.746124031970883 ], [ -93.055132809015049, 16.746663021141355 ] ] ] ] } },
{ "type": "Feature", "properties": { "ZONA_MET": "Tuxtla_Guti_rrez", "INTENSIDAD": "Intensa", "T_PROM_POL": 4.0, "T_MIN_CIUD": 3.0, "DIF_TERMIC": 1.0 }, "geometry": { "type": "MultiPolygon", "coordinates": [ [ [ [ -93.199581906701482, 16.745315548215178 ], [ -93.199312412116242, 16.745315548215178 ], [ -93.199312412116242, 16.744776559044706 ], [ -93.199042917531003, 16.744776559044706 ], [ -93.199042917531003, 16.744237569874233 ], [ -93.199312412116242, 16.744237569874233 ], [ -93.199312412116242, 16.743968075288997 ], [ -93.200390390457187, 16.743968075288997 ], [ -93.200390390457187, 16.744237569874233 ], [ -93.201737863383357, 16.744237569874233 ], [ -93.201737863383357, 16.744776559044706 ], [ -93.200929379627652, 16.744776559044706 ], [ -93.200929379627652, 16.744507064459469 ], [ -93.200390390457187, 16.744507064459469 ], [ -93.200390390457187, 16.744776559044706 ], [ -93.200120895871947, 16.744776559044706 ], [ -93.200120895871947, 16.745046053629942 ], [ -93.199581906701482, 16.745046053629942 ], [ -93.199581906701482, 16.745315548215178 ] ] ] ] } },
{ "type": "Feature", "properties": { "ZONA_MET": "Tuxtla_Guti_rrez", "INTENSIDAD": "Intensa", "T_PROM_POL": 4.0, "T_MIN_CIUD": 3.0, "DIF_TERMIC": 1.0 }, "geometry": { "type": "MultiPolygon", "coordinates": [ [ [ [ -93.02494941546864, 16.749896956164186 ], [ -93.023062953371991, 16.749896956164186 ], [ -93.023062953371991, 16.749357966993713 ], [ -93.021984975031046, 16.749357966993713 ], [ -93.021984975031046, 16.749088472408477 ], [ -93.021176491275341, 16.749088472408477 ], [ -93.021176491275341, 16.748279988652772 ], [ -93.020906996690101, 16.748279988652772 ], [ -93.020906996690101, 16.747202010311828 ], [ -93.020637502104861, 16.747202010311828 ], [ -93.020637502104861, 16.746124031970883 ], [ -93.020368007519636, 16.746124031970883 ], [ -93.020368007519636, 16.745854537385647 ], [ -93.020637502104861, 16.745854537385647 ], [ -93.020637502104861, 16.745315548215178 ], [ -93.020368007519636, 16.745315548215178 ], [ -93.020368007519636, 16.745046053629942 ], [ -93.020098512934396, 16.745046053629942 ], [ -93.020098512934396, 16.744776559044706 ], [ -93.020368007519636, 16.744776559044706 ], [ -93.020368007519636, 16.744507064459469 ], [ -93.020098512934396, 16.744507064459469 ], [ -93.020098512934396, 16.743968075288997 ], [ -93.020906996690101, 16.743968075288997 ], [ -93.020906996690101, 16.744237569874233 ], [ -93.021445985860566, 16.744237569874233 ], [ -93.021445985860566, 16.743968075288997 ], [ -93.023871437127696, 16.743968075288997 ], [ -93.023871437127696, 16.745854537385647 ], [ -93.024140931712935, 16.745854537385647 ], [ -93.024140931712935, 16.746124031970883 ], [ -93.024410426298161, 16.746124031970883 ], [ -93.024410426298161, 16.746932515726591 ], [ -93.02494941546864, 16.746932515726591 ], [ -93.02494941546864, 16.747471504897064 ], [ -93.024679920883401, 16.747471504897064 ], [ -93.024679920883401, 16.7477409994823 ], [ -93.02494941546864, 16.7477409994823 ], [ -93.02494941546864, 16.748010494067536 ], [ -93.02521891005388, 16.748010494067536 ], [ -93.02521891005388, 16.748279988652772 ], [ -93.025488404639106, 16.748279988652772 ], [ -93.025488404639106, 16.74962746157895 ], [ -93.02521891005388, 16.74962746157895 ], [ -93.02521891005388, 16.749088472408477 ], [ -93.02494941546864, 16.749088472408477 ], [ -93.02494941546864, 16.748549483238008 ], [ -93.023871437127696, 16.748549483238008 ], [ -93.023871437127696, 16.74962746157895 ], [ -93.02494941546864, 16.74962746157895 ], [ -93.02494941546864, 16.749896956164186 ] ], [ [ -93.024140931712935, 16.748279988652772 ], [ -93.024140931712935, 16.747471504897064 ], [ -93.023871437127696, 16.747471504897064 ], [ -93.023871437127696, 16.746124031970883 ], [ -93.023601942542456, 16.746124031970883 ], [ -93.023601942542456, 16.745585042800414 ], [ -93.02333244795723, 16.745585042800414 ], [ -93.02333244795723, 16.744507064459469 ], [ -93.022254469616286, 16.744507064459469 ], [ -93.022254469616286, 16.744776559044706 ], [ -93.021445985860566, 16.744776559044706 ], [ -93.021445985860566, 16.745046053629942 ], [ -93.021176491275341, 16.745046053629942 ], [ -93.021176491275341, 16.745315548215178 ], [ -93.020906996690101, 16.745315548215178 ], [ -93.020906996690101, 16.745585042800414 ], [ -93.021176491275341, 16.745585042800414 ], [ -93.021176491275341, 16.745854537385647 ], [ -93.020906996690101, 16.745854537385647 ], [ -93.020906996690101, 16.746932515726591 ], [ -93.021176491275341, 16.746932515726591 ], [ -93.021176491275341, 16.747471504897064 ], [ -93.021445985860566, 16.747471504897064 ], [ -93.021445985860566, 16.7477409994823 ], [ -93.021715480445806, 16.7477409994823 ], [ -93.021715480445806, 16.748010494067536 ], [ -93.02333244795723, 16.748010494067536 ], [ -93.02333244795723, 16.748279988652772 ], [ -93.023601942542456, 16.748279988652772 ], [ -93.023601942542456, 16.748010494067536 ], [ -93.023871437127696, 16.748010494067536 ], [ -93.023871437127696, 16.748279988652772 ], [ -93.024140931712935, 16.748279988652772 ] ], [ [ -93.020906996690101, 16.745046053629942 ], [ -93.020906996690101, 16.744776559044706 ], [ -93.020637502104861, 16.744776559044706 ], [ -93.020637502104861, 16.745046053629942 ], [ -93.020906996690101, 16.745046053629942 ] ] ] ] } },
{ "type": "Feature", "properties": { "ZONA_MET": "Tuxtla_Guti_rrez", "INTENSIDAD": "Intensa", "T_PROM_POL": 4.0, "T_MIN_CIUD": 3.0, "DIF_TERMIC": 1.0 }, "geometry": { "type": "MultiPolygon", "coordinates": [ [ [ [ -93.033303747610944, 16.746393526556119 ], [ -93.033034253025718, 16.746393526556119 ], [ -93.033034253025718, 16.746124031970883 ], [ -93.032495263855239, 16.746124031970883 ], [ -93.032495263855239, 16.746393526556119 ], [ -93.031956274684774, 16.746393526556119 ], [ -93.031956274684774, 16.745854537385647 ], [ -93.031686780099534, 16.745854537385647 ], [ -93.031686780099534, 16.745585042800414 ], [ -93.031956274684774, 16.745585042800414 ], [ -93.031956274684774, 16.744776559044706 ], [ -93.031686780099534, 16.744776559044706 ], [ -93.031686780099534, 16.744507064459469 ], [ -93.031956274684774, 16.744507064459469 ], [ -93.031956274684774, 16.744237569874233 ], [ -93.031417285514294, 16.744237569874233 ], [ -93.031417285514294, 16.743968075288997 ], [ -93.031147790929069, 16.743968075288997 ], [ -93.031147790929069, 16.743698580703761 ], [ -93.031686780099534, 16.743698580703761 ], [ -93.031686780099534, 16.743429086118525 ], [ -93.031956274684774, 16.743429086118525 ], [ -93.031956274684774, 16.743698580703761 ], [ -93.032225769270013, 16.743698580703761 ], [ -93.032225769270013, 16.745585042800414 ], [ -93.033034253025718, 16.745585042800414 ], [ -93.033034253025718, 16.745854537385647 ], [ -93.033303747610944, 16.745854537385647 ], [ -93.033303747610944, 16.746393526556119 ] ] ] ] } },
{ "type": "Feature", "properties": { "ZONA_MET": "Tuxtla_Guti_rrez", "INTENSIDAD": "Extrema", "T_PROM_POL": 4.0, "T_MIN_CIUD": 3.0, "DIF_TERMIC": 1.0 }, "geometry": { "type": "MultiPolygon", "coordinates": [ [ [ [ -93.023871437127696, 16.743968075288997 ], [ -93.021715480445806, 16.743968075288997 ], [ -93.021715480445806, 16.743698580703761 ], [ -93.022254469616286, 16.743698580703761 ], [ -93.022254469616286, 16.743429086118525 ], [ -93.02333244795723, 16.743429086118525 ], [ -93.02333244795723, 16.742890096948052 ], [ -93.023871437127696, 16.742890096948052 ], [ -93.023871437127696, 16.743968075288997 ] ] ] ] } },
{ "type": "Feature", "properties": { "ZONA_MET": "Tuxtla_Guti_rrez", "INTENSIDAD": "Intensa", "T_PROM_POL": 4.0, "T_MIN_CIUD": 3.0, "DIF_TERMIC": 1.0 }, "geometry": { "type": "MultiPolygon", "coordinates": [ [ [ [ -93.052437863162694, 16.744507064459469 ], [ -93.05162937940699, 16.744507064459469 ], [ -93.05162937940699, 16.744237569874233 ], [ -93.051090390236524, 16.744237569874233 ], [ -93.051090390236524, 16.743968075288997 ], [ -93.050551401066045, 16.743968075288997 ], [ -93.050551401066045, 16.743159591533288 ], [ -93.05001241189558, 16.743159591533288 ], [ -93.05001241189558, 16.742890096948052 ], [ -93.04974291731034, 16.742890096948052 ], [ -93.04974291731034, 16.742351107777584 ], [ -93.0494734227251, 16.742351107777584 ], [ -93.0494734227251, 16.742081613192347 ], [ -93.050281906480805, 16.742081613192347 ], [ -93.050281906480805, 16.742351107777584 ], [ -93.050551401066045, 16.742351107777584 ], [ -93.050551401066045, 16.74262060236282 ], [ -93.050820895651285, 16.74262060236282 ], [ -93.050820895651285, 16.743159591533288 ], [ -93.051090390236524, 16.743159591533288 ], [ -93.051090390236524, 16.743429086118525 ], [ -93.05135988482175, 16.743429086118525 ], [ -93.05135988482175, 16.743698580703761 ], [ -93.05162937940699, 16.743698580703761 ], [ -93.05162937940699, 16.743159591533288 ], [ -93.052437863162694, 16.743159591533288 ], [ -93.052437863162694, 16.742890096948052 ], [ -93.052707357747934, 16.742890096948052 ], [ -93.052707357747934, 16.743159591533288 ], [ -93.052976852333174, 16.743159591533288 ], [ -93.052976852333174, 16.743429086118525 ], [ -93.052707357747934, 16.743429086118525 ], [ -93.052707357747934, 16.743698580703761 ], [ -93.052437863162694, 16.743698580703761 ], [ -93.052437863162694, 16.744507064459469 ] ], [ [ -93.051898873992229, 16.744237569874233 ], [ -93.051898873992229, 16.743968075288997 ], [ -93.05162937940699, 16.743968075288997 ], [ -93.05162937940699, 16.744237569874233 ], [ -93.051898873992229, 16.744237569874233 ] ] ] ] } },
{ "type": "Feature", "properties": { "ZONA_MET": "Tuxtla_Guti_rrez", "INTENSIDAD": "Intensa", "T_PROM_POL": 4.0, "T_MIN_CIUD": 3.0, "DIF_TERMIC": 1.0 }, "geometry": { "type": "MultiPolygon", "coordinates": [ [ [ [ -93.030608801758589, 16.743698580703761 ], [ -93.03033930717335, 16.743698580703761 ], [ -93.03033930717335, 16.743159591533288 ], [ -93.030069812588124, 16.743159591533288 ], [ -93.030069812588124, 16.743429086118525 ], [ -93.029530823417645, 16.743429086118525 ], [ -93.029530823417645, 16.743159591533288 ], [ -93.029800318002884, 16.743159591533288 ], [ -93.029800318002884, 16.742890096948052 ], [ -93.029530823417645, 16.742890096948052 ], [ -93.029530823417645, 16.74262060236282 ], [ -93.029800318002884, 16.74262060236282 ], [ -93.029800318002884, 16.742081613192347 ], [ -93.030069812588124, 16.742081613192347 ], [ -93.030069812588124, 16.74262060236282 ], [ -93.03033930717335, 16.74262060236282 ], [ -93.03033930717335, 16.742890096948052 ], [ -93.030608801758589, 16.742890096948052 ], [ -93.030608801758589, 16.742351107777584 ], [ -93.030878296343829, 16.742351107777584 ], [ -93.030878296343829, 16.742081613192347 ], [ -93.031956274684774, 16.742081613192347 ], [ -93.031956274684774, 16.742351107777584 ], [ -93.032225769270013, 16.742351107777584 ], [ -93.032225769270013, 16.742081613192347 ], [ -93.032495263855239, 16.742081613192347 ], [ -93.032495263855239, 16.742351107777584 ], [ -93.032764758440479, 16.742351107777584 ], [ -93.032764758440479, 16.74262060236282 ], [ -93.033034253025718, 16.74262060236282 ], [ -93.033034253025718, 16.742890096948052 ], [ -93.031686780099534, 16.742890096948052 ], [ -93.031686780099534, 16.74262060236282 ], [ -93.031417285514294, 16.74262060236282 ], [ -93.031417285514294, 16.742890096948052 ], [ -93.030878296343829, 16.742890096948052 ], [ -93.030878296343829, 16.743159591533288 ], [ -93.031417285514294, 16.743159591533288 ], [ -93.031417285514294, 16.743429086118525 ], [ -93.030608801758589, 16.743429086118525 ], [ -93.030608801758589, 16.743698580703761 ] ] ] ] } },
{ "type": "Feature", "properties": { "ZONA_MET": "Tuxtla_Guti_rrez", "INTENSIDAD": "Intensa", "T_PROM_POL": 4.0, "T_MIN_CIUD": 3.0, "DIF_TERMIC": 1.0 }, "geometry": { "type": "MultiPolygon", "coordinates": [ [ [ [ -93.169129018569819, 16.745046053629942 ], [ -93.168859523984594, 16.745046053629942 ], [ -93.168859523984594, 16.744507064459469 ], [ -93.169398513155059, 16.744507064459469 ], [ -93.169398513155059, 16.744237569874233 ], [ -93.169129018569819, 16.744237569874233 ], [ -93.169129018569819, 16.743429086118525 ], [ -93.168859523984594, 16.743429086118525 ], [ -93.168859523984594, 16.742890096948052 ], [ -93.169129018569819, 16.742890096948052 ], [ -93.169129018569819, 16.742351107777584 ], [ -93.169398513155059, 16.742351107777584 ], [ -93.169398513155059, 16.742081613192347 ], [ -93.169937502325539, 16.742081613192347 ], [ -93.169937502325539, 16.742351107777584 ], [ -93.169668007740299, 16.742351107777584 ], [ -93.169668007740299, 16.743429086118525 ], [ -93.169937502325539, 16.743429086118525 ], [ -93.169937502325539, 16.744237569874233 ], [ -93.169668007740299, 16.744237569874233 ], [ -93.169668007740299, 16.744776559044706 ], [ -93.169129018569819, 16.744776559044706 ], [ -93.169129018569819, 16.745046053629942 ] ] ] ] } },
{ "type": "Feature", "properties": { "ZONA_MET": "Tuxtla_Guti_rrez", "INTENSIDAD": "Intensa", "T_PROM_POL": 4.0, "T_MIN_CIUD": 3.0, "DIF_TERMIC": 1.0 }, "geometry": { "type": "MultiPolygon", "coordinates": [ [ [ [ -93.189071617877275, 16.746124031970883 ], [ -93.188802123292035, 16.746124031970883 ], [ -93.188802123292035, 16.745585042800414 ], [ -93.18853262870681, 16.745585042800414 ], [ -93.18853262870681, 16.745315548215178 ], [ -93.189341112462515, 16.745315548215178 ], [ -93.189341112462515, 16.745046053629942 ], [ -93.189071617877275, 16.745046053629942 ], [ -93.189071617877275, 16.743968075288997 ], [ -93.189341112462515, 16.743968075288997 ], [ -93.189341112462515, 16.743698580703761 ], [ -93.189071617877275, 16.743698580703761 ], [ -93.189071617877275, 16.743159591533288 ], [ -93.189341112462515, 16.743159591533288 ], [ -93.189341112462515, 16.742890096948052 ], [ -93.188802123292035, 16.742890096948052 ], [ -93.188802123292035, 16.74262060236282 ], [ -93.189071617877275, 16.74262060236282 ], [ -93.189071617877275, 16.742351107777584 ], [ -93.18988010163298, 16.742351107777584 ], [ -93.18988010163298, 16.742081613192347 ], [ -93.189610607047754, 16.742081613192347 ], [ -93.189610607047754, 16.741812118607111 ], [ -93.190688585388699, 16.741812118607111 ], [ -93.190688585388699, 16.742081613192347 ], [ -93.190958079973925, 16.742081613192347 ], [ -93.190958079973925, 16.742351107777584 ], [ -93.191227574559164, 16.742351107777584 ], [ -93.191227574559164, 16.74262060236282 ], [ -93.19176656372963, 16.74262060236282 ], [ -93.19176656372963, 16.742890096948052 ], [ -93.190958079973925, 16.742890096948052 ], [ -93.190958079973925, 16.743159591533288 ], [ -93.191227574559164, 16.743159591533288 ], [ -93.191227574559164, 16.743698580703761 ], [ -93.190688585388699, 16.743698580703761 ], [ -93.190688585388699, 16.743159591533288 ], [ -93.190419090803459, 16.743159591533288 ], [ -93.190419090803459, 16.743698580703761 ], [ -93.19014959621822, 16.743698580703761 ], [ -93.19014959621822, 16.743429086118525 ], [ -93.18988010163298, 16.743429086118525 ], [ -93.18988010163298, 16.743968075288997 ], [ -93.19014959621822, 16.743968075288997 ], [ -93.19014959621822, 16.744237569874233 ], [ -93.190419090803459, 16.744237569874233 ], [ -93.190419090803459, 16.743968075288997 ], [ -93.190688585388699, 16.743968075288997 ], [ -93.190688585388699, 16.744237569874233 ], [ -93.190958079973925, 16.744237569874233 ], [ -93.190958079973925, 16.743968075288997 ], [ -93.191227574559164, 16.743968075288997 ], [ -93.191227574559164, 16.744507064459469 ], [ -93.190958079973925, 16.744507064459469 ], [ -93.190958079973925, 16.744776559044706 ], [ -93.190419090803459, 16.744776559044706 ], [ -93.190419090803459, 16.745046053629942 ], [ -93.19014959621822, 16.745046053629942 ], [ -93.19014959621822, 16.745854537385647 ], [ -93.18988010163298, 16.745854537385647 ], [ -93.18988010163298, 16.745585042800414 ], [ -93.189341112462515, 16.745585042800414 ], [ -93.189341112462515, 16.745854537385647 ], [ -93.189071617877275, 16.745854537385647 ], [ -93.189071617877275, 16.746124031970883 ] ], [ [ -93.18988010163298, 16.742890096948052 ], [ -93.18988010163298, 16.74262060236282 ], [ -93.189610607047754, 16.74262060236282 ], [ -93.189610607047754, 16.742890096948052 ], [ -93.18988010163298, 16.742890096948052 ] ] ] ] } },
{ "type": "Feature", "properties": { "ZONA_MET": "Tuxtla_Guti_rrez", "INTENSIDAD": "Intensa", "T_PROM_POL": 4.0, "T_MIN_CIUD": 3.0, "DIF_TERMIC": 1.0 }, "geometry": { "type": "MultiPolygon", "coordinates": [ [ [ [ -93.054863314429824, 16.743698580703761 ], [ -93.054593819844584, 16.743698580703761 ], [ -93.054593819844584, 16.743429086118525 ], [ -93.054324325259344, 16.743429086118525 ], [ -93.054324325259344, 16.74262060236282 ], [ -93.053515841503639, 16.74262060236282 ], [ -93.053515841503639, 16.742890096948052 ], [ -93.053246346918399, 16.742890096948052 ], [ -93.053246346918399, 16.74262060236282 ], [ -93.052976852333174, 16.74262060236282 ], [ -93.052976852333174, 16.742081613192347 ], [ -93.053246346918399, 16.742081613192347 ], [ -93.053246346918399, 16.741812118607111 ], [ -93.053785336088879, 16.741812118607111 ], [ -93.053785336088879, 16.742081613192347 ], [ -93.055132809015049, 16.742081613192347 ], [ -93.055132809015049, 16.742890096948052 ], [ -93.054593819844584, 16.742890096948052 ], [ -93.054593819844584, 16.743159591533288 ], [ -93.055132809015049, 16.743159591533288 ], [ -93.055132809015049, 16.743429086118525 ], [ -93.054863314429824, 16.743429086118525 ], [ -93.054863314429824, 16.743698580703761 ] ] ] ] } },
{ "type": "Feature", "properties": { "ZONA_MET": "Tuxtla_Guti_rrez", "INTENSIDAD": "Intensa", "T_PROM_POL": 4.0, "T_MIN_CIUD": 3.0, "DIF_TERMIC": 1.0 }, "geometry": { "type": "MultiPolygon", "coordinates": [ [ [ [ -93.07399742998156, 16.74262060236282 ], [ -93.073458440811095, 16.74262060236282 ], [ -93.073458440811095, 16.742351107777584 ], [ -93.07238046247015, 16.742351107777584 ], [ -93.07238046247015, 16.74262060236282 ], [ -93.071571978714445, 16.74262060236282 ], [ -93.071571978714445, 16.742081613192347 ], [ -93.07238046247015, 16.742081613192347 ], [ -93.07238046247015, 16.741812118607111 ], [ -93.07264995705539, 16.741812118607111 ], [ -93.07264995705539, 16.742081613192347 ], [ -93.073727935396334, 16.742081613192347 ], [ -93.073727935396334, 16.742351107777584 ], [ -93.07399742998156, 16.742351107777584 ], [ -93.07399742998156, 16.74262060236282 ] ] ] ] } },
{ "type": "Feature", "properties": { "ZONA_MET": "Tuxtla_Guti_rrez", "INTENSIDAD": "Intensa", "T_PROM_POL": 4.0, "T_MIN_CIUD": 3.0, "DIF_TERMIC": 1.0 }, "geometry": { "type": "MultiPolygon", "coordinates": [ [ [ [ -93.0742669245668, 16.747471504897064 ], [ -93.073458440811095, 16.747471504897064 ], [ -93.073458440811095, 16.746932515726591 ], [ -93.072919451640615, 16.746932515726591 ], [ -93.072919451640615, 16.747202010311828 ], [ -93.07238046247015, 16.747202010311828 ], [ -93.07238046247015, 16.746663021141355 ], [ -93.07211096788491, 16.746663021141355 ], [ -93.07211096788491, 16.745854537385647 ], [ -93.071841473299685, 16.745854537385647 ], [ -93.071841473299685, 16.745585042800414 ], [ -93.071571978714445, 16.745585042800414 ], [ -93.071571978714445, 16.745315548215178 ], [ -93.071302484129205, 16.745315548215178 ], [ -93.071302484129205, 16.745585042800414 ], [ -93.071032989543966, 16.745585042800414 ], [ -93.071032989543966, 16.745854537385647 ], [ -93.07076349495874, 16.745854537385647 ], [ -93.07076349495874, 16.746124031970883 ], [ -93.070224505788261, 16.746124031970883 ], [ -93.070224505788261, 16.746393526556119 ], [ -93.069685516617795, 16.746393526556119 ], [ -93.069685516617795, 16.746124031970883 ], [ -93.06887703286209, 16.746124031970883 ], [ -93.06887703286209, 16.745854537385647 ], [ -93.068607538276851, 16.745854537385647 ], [ -93.068607538276851, 16.746124031970883 ], [ -93.067799054521146, 16.746124031970883 ], [ -93.067799054521146, 16.745854537385647 ], [ -93.066451581594961, 16.745854537385647 ], [ -93.066451581594961, 16.745585042800414 ], [ -93.066182087009722, 16.745585042800414 ], [ -93.066182087009722, 16.744507064459469 ], [ -93.066451581594961, 16.744507064459469 ], [ -93.066451581594961, 16.744776559044706 ], [ -93.066721076180201, 16.744776559044706 ], [ -93.066721076180201, 16.745046053629942 ], [ -93.067260065350666, 16.745046053629942 ], [ -93.067260065350666, 16.744776559044706 ], [ -93.066990570765427, 16.744776559044706 ], [ -93.066990570765427, 16.744507064459469 ], [ -93.066721076180201, 16.744507064459469 ], [ -93.066721076180201, 16.744237569874233 ], [ -93.066451581594961, 16.744237569874233 ], [ -93.066451581594961, 16.743968075288997 ], [ -93.066182087009722, 16.743968075288997 ], [ -93.066182087009722, 16.743159591533288 ], [ -93.066451581594961, 16.743159591533288 ], [ -93.066451581594961, 16.74262060236282 ], [ -93.066721076180201, 16.74262060236282 ], [ -93.066721076180201, 16.741812118607111 ], [ -93.067260065350666, 16.741812118607111 ], [ -93.067260065350666, 16.742081613192347 ], [ -93.067799054521146, 16.742081613192347 ], [ -93.067799054521146, 16.741812118607111 ], [ -93.068068549106371, 16.741812118607111 ], [ -93.068068549106371, 16.742081613192347 ], [ -93.068338043691611, 16.742081613192347 ], [ -93.068338043691611, 16.742351107777584 ], [ -93.068068549106371, 16.742351107777584 ], [ -93.068068549106371, 16.74262060236282 ], [ -93.068338043691611, 16.74262060236282 ], [ -93.068338043691611, 16.742890096948052 ], [ -93.068068549106371, 16.742890096948052 ], [ -93.068068549106371, 16.743159591533288 ], [ -93.068338043691611, 16.743159591533288 ], [ -93.068338043691611, 16.743429086118525 ], [ -93.068068549106371, 16.743429086118525 ], [ -93.068068549106371, 16.743968075288997 ], [ -93.067799054521146, 16.743968075288997 ], [ -93.067799054521146, 16.744237569874233 ], [ -93.068338043691611, 16.744237569874233 ], [ -93.068338043691611, 16.743968075288997 ], [ -93.069416022032556, 16.743968075288997 ], [ -93.069416022032556, 16.744237569874233 ], [ -93.069955011203021, 16.744237569874233 ], [ -93.069955011203021, 16.744776559044706 ], [ -93.07076349495874, 16.744776559044706 ], [ -93.07076349495874, 16.744507064459469 ], [ -93.071302484129205, 16.744507064459469 ], [ -93.071302484129205, 16.744776559044706 ], [ -93.071571978714445, 16.744776559044706 ], [ -93.071571978714445, 16.744237569874233 ], [ -93.07211096788491, 16.744237569874233 ], [ -93.07211096788491, 16.744776559044706 ], [ -93.07238046247015, 16.744776559044706 ], [ -93.07238046247015, 16.745046053629942 ], [ -93.07264995705539, 16.745046053629942 ], [ -93.07264995705539, 16.744776559044706 ], [ -93.073188946225855, 16.744776559044706 ], [ -93.073188946225855, 16.745046053629942 ], [ -93.073458440811095, 16.745046053629942 ], [ -93.073458440811095, 16.745585042800414 ], [ -93.073727935396334, 16.745585042800414 ], [ -93.073727935396334, 16.745854537385647 ], [ -93.07399742998156, 16.745854537385647 ], [ -93.07399742998156, 16.746124031970883 ], [ -93.0742669245668, 16.746124031970883 ], [ -93.0742669245668, 16.746663021141355 ], [ -93.074536419152039, 16.746663021141355 ], [ -93.074536419152039, 16.747202010311828 ], [ -93.0742669245668, 16.747202010311828 ], [ -93.0742669245668, 16.747471504897064 ] ], [ [ -93.07399742998156, 16.746663021141355 ], [ -93.07399742998156, 16.746393526556119 ], [ -93.073727935396334, 16.746393526556119 ], [ -93.073727935396334, 16.746663021141355 ], [ -93.07399742998156, 16.746663021141355 ] ], [ [ -93.072919451640615, 16.746393526556119 ], [ -93.072919451640615, 16.746124031970883 ], [ -93.07264995705539, 16.746124031970883 ], [ -93.07264995705539, 16.746393526556119 ], [ -93.072919451640615, 16.746393526556119 ] ], [ [ -93.071841473299685, 16.745315548215178 ], [ -93.071841473299685, 16.745046053629942 ], [ -93.071571978714445, 16.745046053629942 ], [ -93.071571978714445, 16.745315548215178 ], [ -93.071841473299685, 16.745315548215178 ] ], [ [ -93.067529559935906, 16.745315548215178 ], [ -93.067529559935906, 16.745046053629942 ], [ -93.067260065350666, 16.745046053629942 ], [ -93.067260065350666, 16.745315548215178 ], [ -93.067529559935906, 16.745315548215178 ] ], [ [ -93.068607538276851, 16.744507064459469 ], [ -93.068607538276851, 16.744237569874233 ], [ -93.068338043691611, 16.744237569874233 ], [ -93.068338043691611, 16.744507064459469 ], [ -93.068607538276851, 16.744507064459469 ] ] ] ] } },
{ "type": "Feature", "properties": { "ZONA_MET": "Tuxtla_Guti_rrez", "INTENSIDAD": "Intensa", "T_PROM_POL": 4.0, "T_MIN_CIUD": 3.0, "DIF_TERMIC": 1.0 }, "geometry": { "type": "MultiPolygon", "coordinates": [ [ [ [ -93.204702303820952, 16.743429086118525 ], [ -93.204432809235726, 16.743429086118525 ], [ -93.204432809235726, 16.743159591533288 ], [ -93.204163314650486, 16.743159591533288 ], [ -93.204163314650486, 16.742890096948052 ], [ -93.204432809235726, 16.742890096948052 ], [ -93.204432809235726, 16.74262060236282 ], [ -93.203624325480021, 16.74262060236282 ], [ -93.203624325480021, 16.741273129436639 ], [ -93.203354830894781, 16.741273129436639 ], [ -93.203354830894781, 16.741003634851403 ], [ -93.203893820065247, 16.741003634851403 ], [ -93.203893820065247, 16.741273129436639 ], [ -93.204163314650486, 16.741273129436639 ], [ -93.204163314650486, 16.741542624021875 ], [ -93.203893820065247, 16.741542624021875 ], [ -93.203893820065247, 16.742081613192347 ], [ -93.204432809235726, 16.742081613192347 ], [ -93.204432809235726, 16.741812118607111 ], [ -93.204971798406191, 16.741812118607111 ], [ -93.204971798406191, 16.74262060236282 ], [ -93.204702303820952, 16.74262060236282 ], [ -93.204702303820952, 16.742890096948052 ], [ -93.204971798406191, 16.742890096948052 ], [ -93.204971798406191, 16.743159591533288 ], [ -93.204702303820952, 16.743159591533288 ], [ -93.204702303820952, 16.743429086118525 ] ] ] ] } },
{ "type": "Feature", "properties": { "ZONA_MET": "Tuxtla_Guti_rrez", "INTENSIDAD": "Intensa", "T_PROM_POL": 4.0, "T_MIN_CIUD": 3.0, "DIF_TERMIC": 1.0 }, "geometry": { "type": "MultiPolygon", "coordinates": [ [ [ [ -93.037076671804257, 16.74262060236282 ], [ -93.036537682633778, 16.74262060236282 ], [ -93.036537682633778, 16.742351107777584 ], [ -93.036268188048538, 16.742351107777584 ], [ -93.036268188048538, 16.74262060236282 ], [ -93.035459704292833, 16.74262060236282 ], [ -93.035459704292833, 16.742351107777584 ], [ -93.035729198878073, 16.742351107777584 ], [ -93.035729198878073, 16.742081613192347 ], [ -93.035998693463313, 16.742081613192347 ], [ -93.035998693463313, 16.741273129436639 ], [ -93.036268188048538, 16.741273129436639 ], [ -93.036268188048538, 16.741003634851403 ], [ -93.036537682633778, 16.741003634851403 ], [ -93.036537682633778, 16.741273129436639 ], [ -93.037076671804257, 16.741273129436639 ], [ -93.037076671804257, 16.741003634851403 ], [ -93.037346166389483, 16.741003634851403 ], [ -93.037346166389483, 16.741542624021875 ], [ -93.037076671804257, 16.741542624021875 ], [ -93.037076671804257, 16.741812118607111 ], [ -93.036807177219018, 16.741812118607111 ], [ -93.036807177219018, 16.742081613192347 ], [ -93.037076671804257, 16.742081613192347 ], [ -93.037076671804257, 16.74262060236282 ] ] ] ] } },
{ "type": "Feature", "properties": { "ZONA_MET": "Tuxtla_Guti_rrez", "INTENSIDAD": "Intensa", "T_PROM_POL": 4.0, "T_MIN_CIUD": 3.0, "DIF_TERMIC": 1.0 }, "geometry": { "type": "MultiPolygon", "coordinates": [ [ [ [ -93.060253206134533, 16.745585042800414 ], [ -93.059983711549307, 16.745585042800414 ], [ -93.059983711549307, 16.745315548215178 ], [ -93.058905733208363, 16.745315548215178 ], [ -93.058905733208363, 16.745046053629942 ], [ -93.058636238623123, 16.745046053629942 ], [ -93.058636238623123, 16.744776559044706 ], [ -93.057019271111713, 16.744776559044706 ], [ -93.057019271111713, 16.744507064459469 ], [ -93.056749776526473, 16.744507064459469 ], [ -93.056749776526473, 16.744237569874233 ], [ -93.056210787355994, 16.744237569874233 ], [ -93.056210787355994, 16.743429086118525 ], [ -93.055402303600289, 16.743429086118525 ], [ -93.055402303600289, 16.743159591533288 ], [ -93.055671798185529, 16.743159591533288 ], [ -93.055671798185529, 16.742890096948052 ], [ -93.055402303600289, 16.742890096948052 ], [ -93.055402303600289, 16.74262060236282 ], [ -93.056210787355994, 16.74262060236282 ], [ -93.056210787355994, 16.742351107777584 ], [ -93.056749776526473, 16.742351107777584 ], [ -93.056749776526473, 16.741273129436639 ], [ -93.057288765696939, 16.741273129436639 ], [ -93.057288765696939, 16.741003634851403 ], [ -93.057827754867418, 16.741003634851403 ], [ -93.057827754867418, 16.741273129436639 ], [ -93.057558260282178, 16.741273129436639 ], [ -93.057558260282178, 16.741542624021875 ], [ -93.057288765696939, 16.741542624021875 ], [ -93.057288765696939, 16.74262060236282 ], [ -93.057558260282178, 16.74262060236282 ], [ -93.057558260282178, 16.743159591533288 ], [ -93.057288765696939, 16.743159591533288 ], [ -93.057288765696939, 16.743968075288997 ], [ -93.058366744037883, 16.743968075288997 ], [ -93.058366744037883, 16.743698580703761 ], [ -93.058905733208363, 16.743698580703761 ], [ -93.058905733208363, 16.743429086118525 ], [ -93.059444722378828, 16.743429086118525 ], [ -93.059444722378828, 16.743159591533288 ], [ -93.059714216964068, 16.743159591533288 ], [ -93.059714216964068, 16.743429086118525 ], [ -93.059983711549307, 16.743429086118525 ], [ -93.059983711549307, 16.743698580703761 ], [ -93.059714216964068, 16.743698580703761 ], [ -93.059714216964068, 16.743968075288997 ], [ -93.060253206134533, 16.743968075288997 ], [ -93.060253206134533, 16.744507064459469 ], [ -93.060522700719773, 16.744507064459469 ], [ -93.060522700719773, 16.745046053629942 ], [ -93.060253206134533, 16.745046053629942 ], [ -93.060253206134533, 16.745585042800414 ] ], [ [ -93.056749776526473, 16.743159591533288 ], [ -93.056749776526473, 16.74262060236282 ], [ -93.056480281941234, 16.74262060236282 ], [ -93.056480281941234, 16.743159591533288 ], [ -93.056749776526473, 16.743159591533288 ] ] ] ] } },
{ "type": "Feature", "properties": { "ZONA_MET": "Tuxtla_Guti_rrez", "INTENSIDAD": "Intensa", "T_PROM_POL": 4.0, "T_MIN_CIUD": 3.0, "DIF_TERMIC": 1.0 }, "geometry": { "type": "MultiPolygon", "coordinates": [ [ [ [ -93.208205733429025, 16.742081613192347 ], [ -93.207666744258546, 16.742081613192347 ], [ -93.207666744258546, 16.741812118607111 ], [ -93.207127755088081, 16.741812118607111 ], [ -93.207127755088081, 16.742081613192347 ], [ -93.206588765917616, 16.742081613192347 ], [ -93.206588765917616, 16.741542624021875 ], [ -93.206858260502841, 16.741542624021875 ], [ -93.206858260502841, 16.741273129436639 ], [ -93.207127755088081, 16.741273129436639 ], [ -93.207127755088081, 16.741542624021875 ], [ -93.207666744258546, 16.741542624021875 ], [ -93.207666744258546, 16.741273129436639 ], [ -93.207936238843786, 16.741273129436639 ], [ -93.207936238843786, 16.741003634851403 ], [ -93.208205733429025, 16.741003634851403 ], [ -93.208205733429025, 16.740734140266166 ], [ -93.208475228014265, 16.740734140266166 ], [ -93.208475228014265, 16.741542624021875 ], [ -93.208205733429025, 16.741542624021875 ], [ -93.208205733429025, 16.742081613192347 ] ] ] ] } },
{ "type": "Feature", "properties": { "ZONA_MET": "Tuxtla_Guti_rrez", "INTENSIDAD": "Extrema", "T_PROM_POL": 4.0, "T_MIN_CIUD": 3.0, "DIF_TERMIC": 1.0 }, "geometry": { "type": "MultiPolygon", "coordinates": [ [ [ [ -93.171284975251709, 16.744237569874233 ], [ -93.170745986081243, 16.744237569874233 ], [ -93.170745986081243, 16.743698580703761 ], [ -93.170206996910764, 16.743698580703761 ], [ -93.170206996910764, 16.74262060236282 ], [ -93.169937502325539, 16.74262060236282 ], [ -93.169937502325539, 16.742890096948052 ], [ -93.169668007740299, 16.742890096948052 ], [ -93.169668007740299, 16.742351107777584 ], [ -93.170206996910764, 16.742351107777584 ], [ -93.170206996910764, 16.741812118607111 ], [ -93.170476491496004, 16.741812118607111 ], [ -93.170476491496004, 16.741003634851403 ], [ -93.170206996910764, 16.741003634851403 ], [ -93.170206996910764, 16.740734140266166 ], [ -93.169937502325539, 16.740734140266166 ], [ -93.169937502325539, 16.74046464568093 ], [ -93.170206996910764, 16.74046464568093 ], [ -93.170206996910764, 16.740195151095694 ], [ -93.170476491496004, 16.740195151095694 ], [ -93.170476491496004, 16.74046464568093 ], [ -93.171284975251709, 16.74046464568093 ], [ -93.171284975251709, 16.741003634851403 ], [ -93.171554469836948, 16.741003634851403 ], [ -93.171554469836948, 16.741273129436639 ], [ -93.171284975251709, 16.741273129436639 ], [ -93.171284975251709, 16.741542624021875 ], [ -93.171823964422188, 16.741542624021875 ], [ -93.171823964422188, 16.742081613192347 ], [ -93.171284975251709, 16.742081613192347 ], [ -93.171284975251709, 16.743159591533288 ], [ -93.171554469836948, 16.743159591533288 ], [ -93.171554469836948, 16.743429086118525 ], [ -93.171284975251709, 16.743429086118525 ], [ -93.171284975251709, 16.743698580703761 ], [ -93.171015480666469, 16.743698580703761 ], [ -93.171015480666469, 16.743968075288997 ], [ -93.171284975251709, 16.743968075288997 ], [ -93.171284975251709, 16.744237569874233 ] ] ] ] } },
{ "type": "Feature", "properties": { "ZONA_MET": "Tuxtla_Guti_rrez", "INTENSIDAD": "Extrema", "T_PROM_POL": 4.0, "T_MIN_CIUD": 3.0, "DIF_TERMIC": 1.0 }, "geometry": { "type": "MultiPolygon", "coordinates": [ [ [ [ -93.051898873992229, 16.743159591533288 ], [ -93.05162937940699, 16.743159591533288 ], [ -93.05162937940699, 16.742890096948052 ], [ -93.05135988482175, 16.742890096948052 ], [ -93.05135988482175, 16.74262060236282 ], [ -93.050820895651285, 16.74262060236282 ], [ -93.050820895651285, 16.742351107777584 ], [ -93.050551401066045, 16.742351107777584 ], [ -93.050551401066045, 16.742081613192347 ], [ -93.04974291731034, 16.742081613192347 ], [ -93.04974291731034, 16.741812118607111 ], [ -93.050281906480805, 16.741812118607111 ], [ -93.050281906480805, 16.74046464568093 ], [ -93.05001241189558, 16.74046464568093 ], [ -93.05001241189558, 16.740195151095694 ], [ -93.051090390236524, 16.740195151095694 ], [ -93.051090390236524, 16.74046464568093 ], [ -93.050551401066045, 16.74046464568093 ], [ -93.050551401066045, 16.741003634851403 ], [ -93.050820895651285, 16.741003634851403 ], [ -93.050820895651285, 16.741273129436639 ], [ -93.051090390236524, 16.741273129436639 ], [ -93.051090390236524, 16.741542624021875 ], [ -93.05162937940699, 16.741542624021875 ], [ -93.05162937940699, 16.741812118607111 ], [ -93.051898873992229, 16.741812118607111 ], [ -93.051898873992229, 16.741273129436639 ], [ -93.052437863162694, 16.741273129436639 ], [ -93.052437863162694, 16.741542624021875 ], [ -93.052707357747934, 16.741542624021875 ], [ -93.052707357747934, 16.742081613192347 ], [ -93.051898873992229, 16.742081613192347 ], [ -93.051898873992229, 16.74262060236282 ], [ -93.052168368577455, 16.74262060236282 ], [ -93.052168368577455, 16.742890096948052 ], [ -93.051898873992229, 16.742890096948052 ], [ -93.051898873992229, 16.743159591533288 ] ] ] ] } },
{ "type": "Feature", "properties": { "ZONA_MET": "Tuxtla_Guti_rrez", "INTENSIDAD": "Intensa", "T_PROM_POL": 4.0, "T_MIN_CIUD": 3.0, "DIF_TERMIC": 1.0 }, "geometry": { "type": "MultiPolygon", "coordinates": [ [ [ [ -93.02333244795723, 16.742351107777584 ], [ -93.022793458786751, 16.742351107777584 ], [ -93.022793458786751, 16.742081613192347 ], [ -93.022254469616286, 16.742081613192347 ], [ -93.022254469616286, 16.741542624021875 ], [ -93.022523964201511, 16.741542624021875 ], [ -93.022523964201511, 16.741273129436639 ], [ -93.022254469616286, 16.741273129436639 ], [ -93.022254469616286, 16.741003634851403 ], [ -93.022793458786751, 16.741003634851403 ], [ -93.022793458786751, 16.741542624021875 ], [ -93.02333244795723, 16.741542624021875 ], [ -93.02333244795723, 16.740195151095694 ], [ -93.023601942542456, 16.740195151095694 ], [ -93.023601942542456, 16.739925656510458 ], [ -93.023871437127696, 16.739925656510458 ], [ -93.023871437127696, 16.740734140266166 ], [ -93.023601942542456, 16.740734140266166 ], [ -93.023601942542456, 16.742081613192347 ], [ -93.02333244795723, 16.742081613192347 ], [ -93.02333244795723, 16.742351107777584 ] ] ] ] } },
{ "type": "Feature", "properties": { "ZONA_MET": "Tuxtla_Guti_rrez", "INTENSIDAD": "Intensa", "T_PROM_POL": 4.0, "T_MIN_CIUD": 3.0, "DIF_TERMIC": 1.0 }, "geometry": { "type": "MultiPolygon", "coordinates": [ [ [ [ -93.04920392813986, 16.741542624021875 ], [ -93.048934433554635, 16.741542624021875 ], [ -93.048934433554635, 16.741003634851403 ], [ -93.048664938969395, 16.741003634851403 ], [ -93.048664938969395, 16.740195151095694 ], [ -93.048395444384155, 16.740195151095694 ], [ -93.048395444384155, 16.739925656510458 ], [ -93.04785645521369, 16.739925656510458 ], [ -93.04785645521369, 16.739656161925225 ], [ -93.04758696062845, 16.739656161925225 ], [ -93.04758696062845, 16.739386667339989 ], [ -93.048664938969395, 16.739386667339989 ], [ -93.048664938969395, 16.739656161925225 ], [ -93.048934433554635, 16.739656161925225 ], [ -93.048934433554635, 16.739925656510458 ], [ -93.04920392813986, 16.739925656510458 ], [ -93.04920392813986, 16.740195151095694 ], [ -93.048934433554635, 16.740195151095694 ], [ -93.048934433554635, 16.74046464568093 ], [ -93.04920392813986, 16.74046464568093 ], [ -93.04920392813986, 16.741542624021875 ] ] ] ] } },
{ "type": "Feature", "properties": { "ZONA_MET": "Tuxtla_Guti_rrez", "INTENSIDAD": "Intensa", "T_PROM_POL": 4.0, "T_MIN_CIUD": 3.0, "DIF_TERMIC": 1.0 }, "geometry": { "type": "MultiPolygon", "coordinates": [ [ [ [ -93.021715480445806, 16.740734140266166 ], [ -93.021176491275341, 16.740734140266166 ], [ -93.021176491275341, 16.74046464568093 ], [ -93.021445985860566, 16.74046464568093 ], [ -93.021445985860566, 16.740195151095694 ], [ -93.021176491275341, 16.740195151095694 ], [ -93.021176491275341, 16.739925656510458 ], [ -93.021715480445806, 16.739925656510458 ], [ -93.021715480445806, 16.739656161925225 ], [ -93.022254469616286, 16.739656161925225 ], [ -93.022254469616286, 16.739386667339989 ], [ -93.023062953371991, 16.739386667339989 ], [ -93.023062953371991, 16.739656161925225 ], [ -93.02333244795723, 16.739656161925225 ], [ -93.02333244795723, 16.739925656510458 ], [ -93.022793458786751, 16.739925656510458 ], [ -93.022793458786751, 16.740195151095694 ], [ -93.023062953371991, 16.740195151095694 ], [ -93.023062953371991, 16.74046464568093 ], [ -93.022523964201511, 16.74046464568093 ], [ -93.022523964201511, 16.740195151095694 ], [ -93.021715480445806, 16.740195151095694 ], [ -93.021715480445806, 16.740734140266166 ] ] ] ] } },
{ "type": "Feature", "properties": { "ZONA_MET": "Tuxtla_Guti_rrez", "INTENSIDAD": "Intensa", "T_PROM_POL": 4.0, "T_MIN_CIUD": 3.0, "DIF_TERMIC": 1.0 }, "geometry": { "type": "MultiPolygon", "coordinates": [ [ [ [ -93.017942556252507, 16.742081613192347 ], [ -93.017134072496802, 16.742081613192347 ], [ -93.017134072496802, 16.741542624021875 ], [ -93.016864577911562, 16.741542624021875 ], [ -93.016864577911562, 16.741812118607111 ], [ -93.016595083326322, 16.741812118607111 ], [ -93.016595083326322, 16.741003634851403 ], [ -93.016864577911562, 16.741003634851403 ], [ -93.016864577911562, 16.740734140266166 ], [ -93.017134072496802, 16.740734140266166 ], [ -93.017134072496802, 16.74046464568093 ], [ -93.017403567082042, 16.74046464568093 ], [ -93.017403567082042, 16.739925656510458 ], [ -93.017134072496802, 16.739925656510458 ], [ -93.017134072496802, 16.739656161925225 ], [ -93.017403567082042, 16.739656161925225 ], [ -93.017403567082042, 16.739386667339989 ], [ -93.017134072496802, 16.739386667339989 ], [ -93.017134072496802, 16.739117172754753 ], [ -93.017942556252507, 16.739117172754753 ], [ -93.017942556252507, 16.739386667339989 ], [ -93.018212050837747, 16.739386667339989 ], [ -93.018212050837747, 16.739117172754753 ], [ -93.018751040008212, 16.739117172754753 ], [ -93.018751040008212, 16.739656161925225 ], [ -93.019020534593452, 16.739656161925225 ], [ -93.019020534593452, 16.739925656510458 ], [ -93.018751040008212, 16.739925656510458 ], [ -93.018751040008212, 16.741003634851403 ], [ -93.018212050837747, 16.741003634851403 ], [ -93.018212050837747, 16.741273129436639 ], [ -93.017942556252507, 16.741273129436639 ], [ -93.017942556252507, 16.741542624021875 ], [ -93.018212050837747, 16.741542624021875 ], [ -93.018212050837747, 16.741812118607111 ], [ -93.017942556252507, 16.741812118607111 ], [ -93.017942556252507, 16.742081613192347 ] ], [ [ -93.018212050837747, 16.74046464568093 ], [ -93.018212050837747, 16.740195151095694 ], [ -93.017942556252507, 16.740195151095694 ], [ -93.017942556252507, 16.74046464568093 ], [ -93.018212050837747, 16.74046464568093 ] ], [ [ -93.017942556252507, 16.740195151095694 ], [ -93.017942556252507, 16.739925656510458 ], [ -93.017673061667267, 16.739925656510458 ], [ -93.017673061667267, 16.740195151095694 ], [ -93.017942556252507, 16.740195151095694 ] ] ] ] } },
{ "type": "Feature", "properties": { "ZONA_MET": "Tuxtla_Guti_rrez", "INTENSIDAD": "Intensa", "T_PROM_POL": 4.0, "T_MIN_CIUD": 3.0, "DIF_TERMIC": 1.0 }, "geometry": { "type": "MultiPolygon", "coordinates": [ [ [ [ -93.197156455434353, 16.740195151095694 ], [ -93.196886960849113, 16.740195151095694 ], [ -93.196886960849113, 16.739656161925225 ], [ -93.197156455434353, 16.739656161925225 ], [ -93.197156455434353, 16.739117172754753 ], [ -93.197425950019593, 16.739117172754753 ], [ -93.197425950019593, 16.738039194413808 ], [ -93.197964939190058, 16.738039194413808 ], [ -93.197964939190058, 16.739117172754753 ], [ -93.197695444604832, 16.739117172754753 ], [ -93.197695444604832, 16.739386667339989 ], [ -93.197964939190058, 16.739386667339989 ], [ -93.197964939190058, 16.739925656510458 ], [ -93.197156455434353, 16.739925656510458 ], [ -93.197156455434353, 16.740195151095694 ] ] ] ] } },
{ "type": "Feature", "properties": { "ZONA_MET": "Tuxtla_Guti_rrez", "INTENSIDAD": "Intensa", "T_PROM_POL": 4.0, "T_MIN_CIUD": 3.0, "DIF_TERMIC": 1.0 }, "geometry": { "type": "MultiPolygon", "coordinates": [ [ [ [ -93.04758696062845, 16.739386667339989 ], [ -93.047317466043211, 16.739386667339989 ], [ -93.047317466043211, 16.739117172754753 ], [ -93.047047971457985, 16.739117172754753 ], [ -93.047047971457985, 16.738847678169517 ], [ -93.046778476872746, 16.738847678169517 ], [ -93.046778476872746, 16.738308688999044 ], [ -93.046508982287506, 16.738308688999044 ], [ -93.046508982287506, 16.737769699828572 ], [ -93.046778476872746, 16.737769699828572 ], [ -93.046778476872746, 16.738039194413808 ], [ -93.047317466043211, 16.738039194413808 ], [ -93.047317466043211, 16.738578183584281 ], [ -93.04758696062845, 16.738578183584281 ], [ -93.04758696062845, 16.739386667339989 ] ] ] ] } },
{ "type": "Feature", "properties": { "ZONA_MET": "Tuxtla_Guti_rrez", "INTENSIDAD": "Intensa", "T_PROM_POL": 4.0, "T_MIN_CIUD": 3.0, "DIF_TERMIC": 1.0 }, "geometry": { "type": "MultiPolygon", "coordinates": [ [ [ [ -93.064026130327832, 16.741003634851403 ], [ -93.063217646572127, 16.741003634851403 ], [ -93.063217646572127, 16.740734140266166 ], [ -93.062409162816422, 16.740734140266166 ], [ -93.062409162816422, 16.74046464568093 ], [ -93.062948151986902, 16.74046464568093 ], [ -93.062948151986902, 16.740195151095694 ], [ -93.063217646572127, 16.740195151095694 ], [ -93.063217646572127, 16.739925656510458 ], [ -93.063487141157367, 16.739925656510458 ], [ -93.063487141157367, 16.739386667339989 ], [ -93.063217646572127, 16.739386667339989 ], [ -93.063217646572127, 16.739117172754753 ], [ -93.062409162816422, 16.739117172754753 ], [ -93.062409162816422, 16.738847678169517 ], [ -93.062139668231183, 16.738847678169517 ], [ -93.062139668231183, 16.739117172754753 ], [ -93.061870173645957, 16.739117172754753 ], [ -93.061870173645957, 16.738847678169517 ], [ -93.061600679060717, 16.738847678169517 ], [ -93.061600679060717, 16.739656161925225 ], [ -93.061331184475478, 16.739656161925225 ], [ -93.061331184475478, 16.739925656510458 ], [ -93.061061689890238, 16.739925656510458 ], [ -93.061061689890238, 16.740195151095694 ], [ -93.060792195305012, 16.740195151095694 ], [ -93.060792195305012, 16.739117172754753 ], [ -93.060253206134533, 16.739117172754753 ], [ -93.060253206134533, 16.739386667339989 ], [ -93.059983711549307, 16.739386667339989 ], [ -93.059983711549307, 16.739656161925225 ], [ -93.059714216964068, 16.739656161925225 ], [ -93.059714216964068, 16.739925656510458 ], [ -93.058636238623123, 16.739925656510458 ], [ -93.058636238623123, 16.739656161925225 ], [ -93.058905733208363, 16.739656161925225 ], [ -93.058905733208363, 16.738308688999044 ], [ -93.059175227793588, 16.738308688999044 ], [ -93.059175227793588, 16.738039194413808 ], [ -93.059714216964068, 16.738039194413808 ], [ -93.059714216964068, 16.738308688999044 ], [ -93.059444722378828, 16.738308688999044 ], [ -93.059444722378828, 16.739117172754753 ], [ -93.059175227793588, 16.739117172754753 ], [ -93.059175227793588, 16.739386667339989 ], [ -93.059714216964068, 16.739386667339989 ], [ -93.059714216964068, 16.739117172754753 ], [ -93.059983711549307, 16.739117172754753 ], [ -93.059983711549307, 16.738847678169517 ], [ -93.060253206134533, 16.738847678169517 ], [ -93.060253206134533, 16.738308688999044 ], [ -93.060522700719773, 16.738308688999044 ], [ -93.060522700719773, 16.738039194413808 ], [ -93.061061689890238, 16.738039194413808 ], [ -93.061061689890238, 16.739117172754753 ], [ -93.061331184475478, 16.739117172754753 ], [ -93.061331184475478, 16.738308688999044 ], [ -93.061600679060717, 16.738308688999044 ], [ -93.061600679060717, 16.737769699828572 ], [ -93.062139668231183, 16.737769699828572 ], [ -93.062139668231183, 16.738039194413808 ], [ -93.061870173645957, 16.738039194413808 ], [ -93.061870173645957, 16.738308688999044 ], [ -93.062409162816422, 16.738308688999044 ], [ -93.062409162816422, 16.737769699828572 ], [ -93.063217646572127, 16.737769699828572 ], [ -93.063217646572127, 16.738039194413808 ], [ -93.063756635742607, 16.738039194413808 ], [ -93.063756635742607, 16.738308688999044 ], [ -93.064026130327832, 16.738308688999044 ], [ -93.064026130327832, 16.738039194413808 ], [ -93.064834614083551, 16.738039194413808 ], [ -93.064834614083551, 16.738578183584281 ], [ -93.065104108668777, 16.738578183584281 ], [ -93.065104108668777, 16.739117172754753 ], [ -93.065373603254017, 16.739117172754753 ], [ -93.065373603254017, 16.739386667339989 ], [ -93.065912592424496, 16.739386667339989 ], [ -93.065912592424496, 16.740195151095694 ], [ -93.065643097839256, 16.740195151095694 ], [ -93.065643097839256, 16.739656161925225 ], [ -93.065373603254017, 16.739656161925225 ], [ -93.065373603254017, 16.739925656510458 ], [ -93.064565119498312, 16.739925656510458 ], [ -93.064565119498312, 16.740195151095694 ], [ -93.064834614083551, 16.740195151095694 ], [ -93.064834614083551, 16.74046464568093 ], [ -93.064026130327832, 16.74046464568093 ], [ -93.064026130327832, 16.741003634851403 ] ] ] ] } },
{ "type": "Feature", "properties": { "ZONA_MET": "Tuxtla_Guti_rrez", "INTENSIDAD": "Intensa", "T_PROM_POL": 4.0, "T_MIN_CIUD": 3.0, "DIF_TERMIC": 1.0 }, "geometry": { "type": "MultiPolygon", "coordinates": [ [ [ [ -93.055132809015049, 16.740734140266166 ], [ -93.054863314429824, 16.740734140266166 ], [ -93.054863314429824, 16.74046464568093 ], [ -93.054593819844584, 16.74046464568093 ], [ -93.054593819844584, 16.739386667339989 ], [ -93.054863314429824, 16.739386667339989 ], [ -93.054863314429824, 16.739117172754753 ], [ -93.055402303600289, 16.739117172754753 ], [ -93.055402303600289, 16.738847678169517 ], [ -93.055671798185529, 16.738847678169517 ], [ -93.055671798185529, 16.738578183584281 ], [ -93.055941292770768, 16.738578183584281 ], [ -93.055941292770768, 16.738847678169517 ], [ -93.056210787355994, 16.738847678169517 ], [ -93.056210787355994, 16.739117172754753 ], [ -93.057019271111713, 16.739117172754753 ], [ -93.057019271111713, 16.738847678169517 ], [ -93.057288765696939, 16.738847678169517 ], [ -93.057288765696939, 16.738578183584281 ], [ -93.057558260282178, 16.738578183584281 ], [ -93.057558260282178, 16.738039194413808 ], [ -93.057288765696939, 16.738039194413808 ], [ -93.057288765696939, 16.737769699828572 ], [ -93.057019271111713, 16.737769699828572 ], [ -93.057019271111713, 16.738039194413808 ], [ -93.056749776526473, 16.738039194413808 ], [ -93.056749776526473, 16.737769699828572 ], [ -93.056210787355994, 16.737769699828572 ], [ -93.056210787355994, 16.737500205243336 ], [ -93.056480281941234, 16.737500205243336 ], [ -93.056480281941234, 16.7372307106581 ], [ -93.056749776526473, 16.7372307106581 ], [ -93.056749776526473, 16.736961216072864 ], [ -93.057827754867418, 16.736961216072864 ], [ -93.057827754867418, 16.737500205243336 ], [ -93.057558260282178, 16.737500205243336 ], [ -93.057558260282178, 16.737769699828572 ], [ -93.058097249452643, 16.737769699828572 ], [ -93.058097249452643, 16.738308688999044 ], [ -93.058366744037883, 16.738308688999044 ], [ -93.058366744037883, 16.738578183584281 ], [ -93.058097249452643, 16.738578183584281 ], [ -93.058097249452643, 16.739117172754753 ], [ -93.057827754867418, 16.739117172754753 ], [ -93.057827754867418, 16.739386667339989 ], [ -93.057288765696939, 16.739386667339989 ], [ -93.057288765696939, 16.739656161925225 ], [ -93.057019271111713, 16.739656161925225 ], [ -93.057019271111713, 16.739386667339989 ], [ -93.055402303600289, 16.739386667339989 ], [ -93.055402303600289, 16.739656161925225 ], [ -93.055132809015049, 16.739656161925225 ], [ -93.055132809015049, 16.740734140266166 ] ], [ [ -93.057827754867418, 16.738847678169517 ], [ -93.057827754867418, 16.738578183584281 ], [ -93.057558260282178, 16.738578183584281 ], [ -93.057558260282178, 16.738847678169517 ], [ -93.057827754867418, 16.738847678169517 ] ] ] ] } },
{ "type": "Feature", "properties": { "ZONA_MET": "Tuxtla_Guti_rrez", "INTENSIDAD": "Extrema", "T_PROM_POL": 4.0, "T_MIN_CIUD": 3.0, "DIF_TERMIC": 1.0 }, "geometry": { "type": "MultiPolygon", "coordinates": [ [ [ [ -93.048664938969395, 16.738578183584281 ], [ -93.048395444384155, 16.738578183584281 ], [ -93.048395444384155, 16.738308688999044 ], [ -93.04812594979893, 16.738308688999044 ], [ -93.04812594979893, 16.738578183584281 ], [ -93.047317466043211, 16.738578183584281 ], [ -93.047317466043211, 16.738039194413808 ], [ -93.04758696062845, 16.738039194413808 ], [ -93.04758696062845, 16.738308688999044 ], [ -93.04785645521369, 16.738308688999044 ], [ -93.04785645521369, 16.738039194413808 ], [ -93.04812594979893, 16.738039194413808 ], [ -93.04812594979893, 16.737769699828572 ], [ -93.04758696062845, 16.737769699828572 ], [ -93.04758696062845, 16.7372307106581 ], [ -93.04785645521369, 16.7372307106581 ], [ -93.04785645521369, 16.736961216072864 ], [ -93.048664938969395, 16.736961216072864 ], [ -93.048664938969395, 16.736691721487631 ], [ -93.04785645521369, 16.736691721487631 ], [ -93.04785645521369, 16.736422226902395 ], [ -93.048664938969395, 16.736422226902395 ], [ -93.048664938969395, 16.736152732317159 ], [ -93.048934433554635, 16.736152732317159 ], [ -93.048934433554635, 16.7372307106581 ], [ -93.048664938969395, 16.7372307106581 ], [ -93.048664938969395, 16.738578183584281 ] ] ] ] } },
{ "type": "Feature", "properties": { "ZONA_MET": "Tuxtla_Guti_rrez", "INTENSIDAD": "Intensa", "T_PROM_POL": 4.0, "T_MIN_CIUD": 3.0, "DIF_TERMIC": 1.0 }, "geometry": { "type": "MultiPolygon", "coordinates": [ [ [ [ -93.037346166389483, 16.740734140266166 ], [ -93.037076671804257, 16.740734140266166 ], [ -93.037076671804257, 16.739386667339989 ], [ -93.036807177219018, 16.739386667339989 ], [ -93.036807177219018, 16.739117172754753 ], [ -93.036268188048538, 16.739117172754753 ], [ -93.036268188048538, 16.738578183584281 ], [ -93.037076671804257, 16.738578183584281 ], [ -93.037076671804257, 16.7372307106581 ], [ -93.037346166389483, 16.7372307106581 ], [ -93.037346166389483, 16.737500205243336 ], [ -93.038693639315667, 16.737500205243336 ], [ -93.038693639315667, 16.7372307106581 ], [ -93.038963133900907, 16.7372307106581 ], [ -93.038963133900907, 16.736961216072864 ], [ -93.039232628486133, 16.736961216072864 ], [ -93.039232628486133, 16.736691721487631 ], [ -93.039502123071372, 16.736691721487631 ], [ -93.039502123071372, 16.736422226902395 ], [ -93.040580101412317, 16.736422226902395 ], [ -93.040580101412317, 16.736152732317159 ], [ -93.041119090582797, 16.736152732317159 ], [ -93.041119090582797, 16.736422226902395 ], [ -93.040849595997557, 16.736422226902395 ], [ -93.040849595997557, 16.7372307106581 ], [ -93.041388585168022, 16.7372307106581 ], [ -93.041388585168022, 16.737500205243336 ], [ -93.041658079753262, 16.737500205243336 ], [ -93.041658079753262, 16.737769699828572 ], [ -93.040849595997557, 16.737769699828572 ], [ -93.040849595997557, 16.738039194413808 ], [ -93.040041112241852, 16.738039194413808 ], [ -93.040041112241852, 16.738578183584281 ], [ -93.039771617656612, 16.738578183584281 ], [ -93.039771617656612, 16.738847678169517 ], [ -93.039232628486133, 16.738847678169517 ], [ -93.039232628486133, 16.739117172754753 ], [ -93.038963133900907, 16.739117172754753 ], [ -93.038963133900907, 16.738578183584281 ], [ -93.038424144730428, 16.738578183584281 ], [ -93.038424144730428, 16.738847678169517 ], [ -93.038693639315667, 16.738847678169517 ], [ -93.038693639315667, 16.739117172754753 ], [ -93.038424144730428, 16.739117172754753 ], [ -93.038424144730428, 16.739386667339989 ], [ -93.038154650145202, 16.739386667339989 ], [ -93.038154650145202, 16.739656161925225 ], [ -93.037885155559962, 16.739656161925225 ], [ -93.037885155559962, 16.739925656510458 ], [ -93.037346166389483, 16.739925656510458 ], [ -93.037346166389483, 16.740734140266166 ] ], [ [ -93.038154650145202, 16.738308688999044 ], [ -93.038154650145202, 16.738039194413808 ], [ -93.037885155559962, 16.738039194413808 ], [ -93.037885155559962, 16.738308688999044 ], [ -93.038154650145202, 16.738308688999044 ] ] ] ] } },
{ "type": "Feature", "properties": { "ZONA_MET": "Tuxtla_Guti_rrez", "INTENSIDAD": "Intensa", "T_PROM_POL": 4.0, "T_MIN_CIUD": 3.0, "DIF_TERMIC": 1.0 }, "geometry": { "type": "MultiPolygon", "coordinates": [ [ [ [ -93.017942556252507, 16.738039194413808 ], [ -93.017403567082042, 16.738039194413808 ], [ -93.017403567082042, 16.737769699828572 ], [ -93.016864577911562, 16.737769699828572 ], [ -93.016864577911562, 16.737500205243336 ], [ -93.017403567082042, 16.737500205243336 ], [ -93.017403567082042, 16.7372307106581 ], [ -93.016864577911562, 16.7372307106581 ], [ -93.016864577911562, 16.736691721487631 ], [ -93.016595083326322, 16.736691721487631 ], [ -93.016595083326322, 16.736152732317159 ], [ -93.016864577911562, 16.736152732317159 ], [ -93.016864577911562, 16.735883237731922 ], [ -93.017134072496802, 16.735883237731922 ], [ -93.017134072496802, 16.736422226902395 ], [ -93.017403567082042, 16.736422226902395 ], [ -93.017403567082042, 16.736961216072864 ], [ -93.017673061667267, 16.736961216072864 ], [ -93.017673061667267, 16.736422226902395 ], [ -93.018751040008212, 16.736422226902395 ], [ -93.018751040008212, 16.736691721487631 ], [ -93.018481545422972, 16.736691721487631 ], [ -93.018481545422972, 16.736961216072864 ], [ -93.018212050837747, 16.736961216072864 ], [ -93.018212050837747, 16.737500205243336 ], [ -93.017942556252507, 16.737500205243336 ], [ -93.017942556252507, 16.738039194413808 ] ] ] ] } },
{ "type": "Feature", "properties": { "ZONA_MET": "Tuxtla_Guti_rrez", "INTENSIDAD": "Extrema", "T_PROM_POL": 4.0, "T_MIN_CIUD": 3.0, "DIF_TERMIC": 1.0 }, "geometry": { "type": "MultiPolygon", "coordinates": [ [ [ [ -93.173440931933598, 16.74962746157895 ], [ -93.172901942763133, 16.74962746157895 ], [ -93.172901942763133, 16.749088472408477 ], [ -93.172632448177893, 16.749088472408477 ], [ -93.172632448177893, 16.748279988652772 ], [ -93.172901942763133, 16.748279988652772 ], [ -93.172901942763133, 16.743429086118525 ], [ -93.172632448177893, 16.743429086118525 ], [ -93.172632448177893, 16.743159591533288 ], [ -93.172901942763133, 16.743159591533288 ], [ -93.172901942763133, 16.740734140266166 ], [ -93.172632448177893, 16.740734140266166 ], [ -93.172632448177893, 16.74046464568093 ], [ -93.172901942763133, 16.74046464568093 ], [ -93.172901942763133, 16.735613743146686 ], [ -93.173440931933598, 16.735613743146686 ], [ -93.173440931933598, 16.74962746157895 ] ] ] ] } },
{ "type": "Feature", "properties": { "ZONA_MET": "Tuxtla_Guti_rrez", "INTENSIDAD": "Intensa", "T_PROM_POL": 4.0, "T_MIN_CIUD": 3.0, "DIF_TERMIC": 1.0 }, "geometry": { "type": "MultiPolygon", "coordinates": [ [ [ [ -93.011474686206853, 16.745315548215178 ], [ -93.011205191621613, 16.745315548215178 ], [ -93.011205191621613, 16.745046053629942 ], [ -93.010935697036373, 16.745046053629942 ], [ -93.010935697036373, 16.745315548215178 ], [ -93.010666202451134, 16.745315548215178 ], [ -93.010666202451134, 16.745046053629942 ], [ -93.010127213280668, 16.745046053629942 ], [ -93.010127213280668, 16.745315548215178 ], [ -93.009588224110189, 16.745315548215178 ], [ -93.009588224110189, 16.745046053629942 ], [ -93.009857718695429, 16.745046053629942 ], [ -93.009857718695429, 16.744237569874233 ], [ -93.010127213280668, 16.744237569874233 ], [ -93.010127213280668, 16.744776559044706 ], [ -93.010666202451134, 16.744776559044706 ], [ -93.010666202451134, 16.744237569874233 ], [ -93.011205191621613, 16.744237569874233 ], [ -93.011205191621613, 16.743698580703761 ], [ -93.010935697036373, 16.743698580703761 ], [ -93.010935697036373, 16.742081613192347 ], [ -93.010396707865908, 16.742081613192347 ], [ -93.010396707865908, 16.741542624021875 ], [ -93.010666202451134, 16.741542624021875 ], [ -93.010666202451134, 16.741273129436639 ], [ -93.010935697036373, 16.741273129436639 ], [ -93.010935697036373, 16.740734140266166 ], [ -93.011205191621613, 16.740734140266166 ], [ -93.011205191621613, 16.740195151095694 ], [ -93.013091653718263, 16.740195151095694 ], [ -93.013091653718263, 16.739656161925225 ], [ -93.012822159133023, 16.739656161925225 ], [ -93.012822159133023, 16.739386667339989 ], [ -93.012283169962558, 16.739386667339989 ], [ -93.012283169962558, 16.738308688999044 ], [ -93.012822159133023, 16.738308688999044 ], [ -93.012822159133023, 16.738578183584281 ], [ -93.013091653718263, 16.738578183584281 ], [ -93.013091653718263, 16.738039194413808 ], [ -93.013900137473968, 16.738039194413808 ], [ -93.013900137473968, 16.738308688999044 ], [ -93.014169632059208, 16.738308688999044 ], [ -93.014169632059208, 16.738039194413808 ], [ -93.014439126644447, 16.738039194413808 ], [ -93.014439126644447, 16.7372307106581 ], [ -93.014169632059208, 16.7372307106581 ], [ -93.014169632059208, 16.736961216072864 ], [ -93.013900137473968, 16.736961216072864 ], [ -93.013900137473968, 16.736691721487631 ], [ -93.013630642888728, 16.736691721487631 ], [ -93.013630642888728, 16.736422226902395 ], [ -93.013361148303503, 16.736422226902395 ], [ -93.013361148303503, 16.735613743146686 ], [ -93.013900137473968, 16.735613743146686 ], [ -93.013900137473968, 16.73534424856145 ], [ -93.014439126644447, 16.73534424856145 ], [ -93.014439126644447, 16.735613743146686 ], [ -93.014708621229673, 16.735613743146686 ], [ -93.014708621229673, 16.736422226902395 ], [ -93.014978115814912, 16.736422226902395 ], [ -93.014978115814912, 16.737769699828572 ], [ -93.016056094155857, 16.737769699828572 ], [ -93.016056094155857, 16.738308688999044 ], [ -93.015786599570617, 16.738308688999044 ], [ -93.015786599570617, 16.738578183584281 ], [ -93.015247610400152, 16.738578183584281 ], [ -93.015247610400152, 16.738847678169517 ], [ -93.014978115814912, 16.738847678169517 ], [ -93.014978115814912, 16.739925656510458 ], [ -93.014708621229673, 16.739925656510458 ], [ -93.014708621229673, 16.740195151095694 ], [ -93.014169632059208, 16.740195151095694 ], [ -93.014169632059208, 16.74046464568093 ], [ -93.013630642888728, 16.74046464568093 ], [ -93.013630642888728, 16.740734140266166 ], [ -93.013900137473968, 16.740734140266166 ], [ -93.013900137473968, 16.741003634851403 ], [ -93.014169632059208, 16.741003634851403 ], [ -93.014169632059208, 16.741273129436639 ], [ -93.013900137473968, 16.741273129436639 ], [ -93.013900137473968, 16.741542624021875 ], [ -93.013630642888728, 16.741542624021875 ], [ -93.013630642888728, 16.741812118607111 ], [ -93.013900137473968, 16.741812118607111 ], [ -93.013900137473968, 16.742081613192347 ], [ -93.013630642888728, 16.742081613192347 ], [ -93.013630642888728, 16.742351107777584 ], [ -93.013091653718263, 16.742351107777584 ], [ -93.013091653718263, 16.742890096948052 ], [ -93.013630642888728, 16.742890096948052 ], [ -93.013630642888728, 16.743429086118525 ], [ -93.013900137473968, 16.743429086118525 ], [ -93.013900137473968, 16.743698580703761 ], [ -93.013630642888728, 16.743698580703761 ], [ -93.013630642888728, 16.743968075288997 ], [ -93.012822159133023, 16.743968075288997 ], [ -93.012822159133023, 16.744237569874233 ], [ -93.012552664547783, 16.744237569874233 ], [ -93.012552664547783, 16.744507064459469 ], [ -93.012283169962558, 16.744507064459469 ], [ -93.012283169962558, 16.745046053629942 ], [ -93.011474686206853, 16.745046053629942 ], [ -93.011474686206853, 16.745315548215178 ] ], [ [ -93.012822159133023, 16.743968075288997 ], [ -93.012822159133023, 16.743698580703761 ], [ -93.012552664547783, 16.743698580703761 ], [ -93.012552664547783, 16.743968075288997 ], [ -93.012822159133023, 16.743968075288997 ] ], [ [ -93.013091653718263, 16.743698580703761 ], [ -93.013091653718263, 16.743429086118525 ], [ -93.012822159133023, 16.743429086118525 ], [ -93.012822159133023, 16.743698580703761 ], [ -93.013091653718263, 16.743698580703761 ] ], [ [ -93.011744180792078, 16.742351107777584 ], [ -93.011744180792078, 16.742081613192347 ], [ -93.012552664547783, 16.742081613192347 ], [ -93.012552664547783, 16.741812118607111 ], [ -93.013091653718263, 16.741812118607111 ], [ -93.013091653718263, 16.741003634851403 ], [ -93.012552664547783, 16.741003634851403 ], [ -93.012552664547783, 16.74046464568093 ], [ -93.012283169962558, 16.74046464568093 ], [ -93.012283169962558, 16.740734140266166 ], [ -93.011474686206853, 16.740734140266166 ], [ -93.011474686206853, 16.741003634851403 ], [ -93.011205191621613, 16.741003634851403 ], [ -93.011205191621613, 16.741542624021875 ], [ -93.010935697036373, 16.741542624021875 ], [ -93.010935697036373, 16.742081613192347 ], [ -93.011205191621613, 16.742081613192347 ], [ -93.011205191621613, 16.742351107777584 ], [ -93.011744180792078, 16.742351107777584 ] ], [ [ -93.013361148303503, 16.740734140266166 ], [ -93.013361148303503, 16.74046464568093 ], [ -93.013091653718263, 16.74046464568093 ], [ -93.013091653718263, 16.740734140266166 ], [ -93.013361148303503, 16.740734140266166 ] ] ] ] } },
{ "type": "Feature", "properties": { "ZONA_MET": "Tuxtla_Guti_rrez", "INTENSIDAD": "Intensa", "T_PROM_POL": 4.0, "T_MIN_CIUD": 3.0, "DIF_TERMIC": 1.0 }, "geometry": { "type": "MultiPolygon", "coordinates": [ [ [ [ -93.207936238843786, 16.738039194413808 ], [ -93.206858260502841, 16.738039194413808 ], [ -93.206858260502841, 16.7372307106581 ], [ -93.207127755088081, 16.7372307106581 ], [ -93.207127755088081, 16.736961216072864 ], [ -93.207397249673321, 16.736961216072864 ], [ -93.207397249673321, 16.736422226902395 ], [ -93.207936238843786, 16.736422226902395 ], [ -93.207936238843786, 16.73534424856145 ], [ -93.208205733429025, 16.73534424856145 ], [ -93.208205733429025, 16.735883237731922 ], [ -93.208475228014265, 16.735883237731922 ], [ -93.208475228014265, 16.736422226902395 ], [ -93.208744722599491, 16.736422226902395 ], [ -93.208744722599491, 16.736691721487631 ], [ -93.20901421718473, 16.736691721487631 ], [ -93.20901421718473, 16.736961216072864 ], [ -93.20928371176997, 16.736961216072864 ], [ -93.20928371176997, 16.737769699828572 ], [ -93.20901421718473, 16.737769699828572 ], [ -93.20901421718473, 16.7372307106581 ], [ -93.208475228014265, 16.7372307106581 ], [ -93.208475228014265, 16.736961216072864 ], [ -93.208205733429025, 16.736961216072864 ], [ -93.208205733429025, 16.736691721487631 ], [ -93.207936238843786, 16.736691721487631 ], [ -93.207936238843786, 16.738039194413808 ] ] ] ] } },
{ "type": "Feature", "properties": { "ZONA_MET": "Tuxtla_Guti_rrez", "INTENSIDAD": "Intensa", "T_PROM_POL": 4.0, "T_MIN_CIUD": 3.0, "DIF_TERMIC": 1.0 }, "geometry": { "type": "MultiPolygon", "coordinates": [ [ [ [ -93.035459704292833, 16.735613743146686 ], [ -93.034112231366663, 16.735613743146686 ], [ -93.034112231366663, 16.73534424856145 ], [ -93.034381725951889, 16.73534424856145 ], [ -93.034381725951889, 16.734535764805742 ], [ -93.035459704292833, 16.734535764805742 ], [ -93.035459704292833, 16.734805259390978 ], [ -93.035729198878073, 16.734805259390978 ], [ -93.035729198878073, 16.73534424856145 ], [ -93.035459704292833, 16.73534424856145 ], [ -93.035459704292833, 16.735613743146686 ] ] ] ] } },
{ "type": "Feature", "properties": { "ZONA_MET": "Tuxtla_Guti_rrez", "INTENSIDAD": "Intensa", "T_PROM_POL": 4.0, "T_MIN_CIUD": 3.0, "DIF_TERMIC": 1.0 }, "geometry": { "type": "MultiPolygon", "coordinates": [ [ [ [ -93.18853262870681, 16.740195151095694 ], [ -93.18826313412157, 16.740195151095694 ], [ -93.18826313412157, 16.739117172754753 ], [ -93.18853262870681, 16.739117172754753 ], [ -93.18853262870681, 16.738847678169517 ], [ -93.18799363953633, 16.738847678169517 ], [ -93.18799363953633, 16.739117172754753 ], [ -93.187724144951105, 16.739117172754753 ], [ -93.187724144951105, 16.739386667339989 ], [ -93.187185155780625, 16.739386667339989 ], [ -93.187185155780625, 16.739117172754753 ], [ -93.186915661195385, 16.739117172754753 ], [ -93.186915661195385, 16.738578183584281 ], [ -93.187185155780625, 16.738578183584281 ], [ -93.187185155780625, 16.738308688999044 ], [ -93.18799363953633, 16.738308688999044 ], [ -93.18799363953633, 16.737769699828572 ], [ -93.186915661195385, 16.737769699828572 ], [ -93.186915661195385, 16.737500205243336 ], [ -93.18664616661016, 16.737500205243336 ], [ -93.18664616661016, 16.737769699828572 ], [ -93.186107177439681, 16.737769699828572 ], [ -93.186107177439681, 16.736691721487631 ], [ -93.185837682854441, 16.736691721487631 ], [ -93.185837682854441, 16.736422226902395 ], [ -93.185298693683976, 16.736422226902395 ], [ -93.185298693683976, 16.736152732317159 ], [ -93.186107177439681, 16.736152732317159 ], [ -93.186107177439681, 16.736422226902395 ], [ -93.18664616661016, 16.736422226902395 ], [ -93.18664616661016, 16.735613743146686 ], [ -93.186915661195385, 16.735613743146686 ], [ -93.186915661195385, 16.73534424856145 ], [ -93.187185155780625, 16.73534424856145 ], [ -93.187185155780625, 16.735074753976214 ], [ -93.186915661195385, 16.735074753976214 ], [ -93.186915661195385, 16.734535764805742 ], [ -93.18637667202492, 16.734535764805742 ], [ -93.18637667202492, 16.734266270220505 ], [ -93.186107177439681, 16.734266270220505 ], [ -93.186107177439681, 16.733996775635269 ], [ -93.187454650365865, 16.733996775635269 ], [ -93.187454650365865, 16.733727281050037 ], [ -93.187724144951105, 16.733727281050037 ], [ -93.187724144951105, 16.733996775635269 ], [ -93.189071617877275, 16.733996775635269 ], [ -93.189071617877275, 16.734535764805742 ], [ -93.189341112462515, 16.734535764805742 ], [ -93.189341112462515, 16.734266270220505 ], [ -93.189610607047754, 16.734266270220505 ], [ -93.189610607047754, 16.734535764805742 ], [ -93.190419090803459, 16.734535764805742 ], [ -93.190419090803459, 16.735074753976214 ], [ -93.190958079973925, 16.735074753976214 ], [ -93.190958079973925, 16.73534424856145 ], [ -93.190688585388699, 16.73534424856145 ], [ -93.190688585388699, 16.735613743146686 ], [ -93.18988010163298, 16.735613743146686 ], [ -93.18988010163298, 16.735074753976214 ], [ -93.189610607047754, 16.735074753976214 ], [ -93.189610607047754, 16.735613743146686 ], [ -93.189071617877275, 16.735613743146686 ], [ -93.189071617877275, 16.73534424856145 ], [ -93.18853262870681, 16.73534424856145 ], [ -93.18853262870681, 16.735074753976214 ], [ -93.18826313412157, 16.735074753976214 ], [ -93.18826313412157, 16.734535764805742 ], [ -93.18799363953633, 16.734535764805742 ], [ -93.18799363953633, 16.734266270220505 ], [ -93.187724144951105, 16.734266270220505 ], [ -93.187724144951105, 16.735883237731922 ], [ -93.187454650365865, 16.735883237731922 ], [ -93.187454650365865, 16.736152732317159 ], [ -93.187185155780625, 16.736152732317159 ], [ -93.187185155780625, 16.736422226902395 ], [ -93.187454650365865, 16.736422226902395 ], [ -93.187454650365865, 16.736961216072864 ], [ -93.18799363953633, 16.736961216072864 ], [ -93.18799363953633, 16.7372307106581 ], [ -93.188802123292035, 16.7372307106581 ], [ -93.188802123292035, 16.737500205243336 ], [ -93.18853262870681, 16.737500205243336 ], [ -93.18853262870681, 16.737769699828572 ], [ -93.18826313412157, 16.737769699828572 ], [ -93.18826313412157, 16.738039194413808 ], [ -93.18853262870681, 16.738039194413808 ], [ -93.18853262870681, 16.738308688999044 ], [ -93.18826313412157, 16.738308688999044 ], [ -93.18826313412157, 16.738578183584281 ], [ -93.188802123292035, 16.738578183584281 ], [ -93.188802123292035, 16.739656161925225 ], [ -93.18853262870681, 16.739656161925225 ], [ -93.18853262870681, 16.740195151095694 ] ], [ [ -93.187724144951105, 16.739117172754753 ], [ -93.187724144951105, 16.738578183584281 ], [ -93.187454650365865, 16.738578183584281 ], [ -93.187454650365865, 16.739117172754753 ], [ -93.187724144951105, 16.739117172754753 ] ] ] ] } },
{ "type": "Feature", "properties": { "ZONA_MET": "Tuxtla_Guti_rrez", "INTENSIDAD": "Intensa", "T_PROM_POL": 4.0, "T_MIN_CIUD": 3.0, "DIF_TERMIC": 1.0 }, "geometry": { "type": "MultiPolygon", "coordinates": [ [ [ [ -93.017673061667267, 16.736422226902395 ], [ -93.017403567082042, 16.736422226902395 ], [ -93.017403567082042, 16.735883237731922 ], [ -93.017134072496802, 16.735883237731922 ], [ -93.017134072496802, 16.735613743146686 ], [ -93.016864577911562, 16.735613743146686 ], [ -93.016864577911562, 16.73534424856145 ], [ -93.016595083326322, 16.73534424856145 ], [ -93.016595083326322, 16.735074753976214 ], [ -93.016325588741097, 16.735074753976214 ], [ -93.016325588741097, 16.73534424856145 ], [ -93.016056094155857, 16.73534424856145 ], [ -93.016056094155857, 16.734266270220505 ], [ -93.016325588741097, 16.734266270220505 ], [ -93.016325588741097, 16.733727281050037 ], [ -93.016864577911562, 16.733727281050037 ], [ -93.016864577911562, 16.734266270220505 ], [ -93.017134072496802, 16.734266270220505 ], [ -93.017134072496802, 16.734805259390978 ], [ -93.017403567082042, 16.734805259390978 ], [ -93.017403567082042, 16.735613743146686 ], [ -93.018212050837747, 16.735613743146686 ], [ -93.018212050837747, 16.735883237731922 ], [ -93.017673061667267, 16.735883237731922 ], [ -93.017673061667267, 16.736422226902395 ] ], [ [ -93.017134072496802, 16.735074753976214 ], [ -93.017134072496802, 16.734805259390978 ], [ -93.016864577911562, 16.734805259390978 ], [ -93.016864577911562, 16.735074753976214 ], [ -93.017134072496802, 16.735074753976214 ] ], [ [ -93.016864577911562, 16.734535764805742 ], [ -93.016864577911562, 16.734266270220505 ], [ -93.016595083326322, 16.734266270220505 ], [ -93.016595083326322, 16.734535764805742 ], [ -93.016864577911562, 16.734535764805742 ] ] ] ] } },
{ "type": "Feature", "properties": { "ZONA_MET": "Tuxtla_Guti_rrez", "INTENSIDAD": "Intensa", "T_PROM_POL": 4.0, "T_MIN_CIUD": 3.0, "DIF_TERMIC": 1.0 }, "geometry": { "type": "MultiPolygon", "coordinates": [ [ [ [ -93.057288765696939, 16.734535764805742 ], [ -93.056210787355994, 16.734535764805742 ], [ -93.056210787355994, 16.734266270220505 ], [ -93.055671798185529, 16.734266270220505 ], [ -93.055671798185529, 16.733996775635269 ], [ -93.055402303600289, 16.733996775635269 ], [ -93.055402303600289, 16.734266270220505 ], [ -93.054863314429824, 16.734266270220505 ], [ -93.054863314429824, 16.734535764805742 ], [ -93.054324325259344, 16.734535764805742 ], [ -93.054324325259344, 16.733996775635269 ], [ -93.054863314429824, 16.733996775635269 ], [ -93.054863314429824, 16.733727281050037 ], [ -93.056210787355994, 16.733727281050037 ], [ -93.056210787355994, 16.733188291879564 ], [ -93.057288765696939, 16.733188291879564 ], [ -93.057288765696939, 16.733727281050037 ], [ -93.057558260282178, 16.733727281050037 ], [ -93.057558260282178, 16.734266270220505 ], [ -93.057288765696939, 16.734266270220505 ], [ -93.057288765696939, 16.734535764805742 ] ], [ [ -93.057019271111713, 16.734266270220505 ], [ -93.057019271111713, 16.733996775635269 ], [ -93.057288765696939, 16.733996775635269 ], [ -93.057288765696939, 16.733727281050037 ], [ -93.057019271111713, 16.733727281050037 ], [ -93.057019271111713, 16.7334577864648 ], [ -93.056480281941234, 16.7334577864648 ], [ -93.056480281941234, 16.734266270220505 ], [ -93.057019271111713, 16.734266270220505 ] ] ] ] } },
{ "type": "Feature", "properties": { "ZONA_MET": "Tuxtla_Guti_rrez", "INTENSIDAD": "Intensa", "T_PROM_POL": 4.0, "T_MIN_CIUD": 3.0, "DIF_TERMIC": 1.0 }, "geometry": { "type": "MultiPolygon", "coordinates": [ [ [ [ -93.180717285734971, 16.735613743146686 ], [ -93.180447791149732, 16.735613743146686 ], [ -93.180447791149732, 16.734805259390978 ], [ -93.180178296564492, 16.734805259390978 ], [ -93.180178296564492, 16.734535764805742 ], [ -93.179908801979252, 16.734535764805742 ], [ -93.179908801979252, 16.734266270220505 ], [ -93.180178296564492, 16.734266270220505 ], [ -93.180178296564492, 16.7334577864648 ], [ -93.180717285734971, 16.7334577864648 ], [ -93.180717285734971, 16.733188291879564 ], [ -93.181256274905436, 16.733188291879564 ], [ -93.181256274905436, 16.732918797294328 ], [ -93.182873242416846, 16.732918797294328 ], [ -93.182873242416846, 16.733188291879564 ], [ -93.182334253246381, 16.733188291879564 ], [ -93.182334253246381, 16.7334577864648 ], [ -93.181795264075916, 16.7334577864648 ], [ -93.181795264075916, 16.733727281050037 ], [ -93.181256274905436, 16.733727281050037 ], [ -93.181256274905436, 16.733996775635269 ], [ -93.180717285734971, 16.733996775635269 ], [ -93.180717285734971, 16.734266270220505 ], [ -93.180447791149732, 16.734266270220505 ], [ -93.180447791149732, 16.734535764805742 ], [ -93.181256274905436, 16.734535764805742 ], [ -93.181256274905436, 16.734805259390978 ], [ -93.180986780320197, 16.734805259390978 ], [ -93.180986780320197, 16.735074753976214 ], [ -93.180717285734971, 16.735074753976214 ], [ -93.180717285734971, 16.735613743146686 ] ] ] ] } },
{ "type": "Feature", "properties": { "ZONA_MET": "Tuxtla_Guti_rrez", "INTENSIDAD": "Intensa", "T_PROM_POL": 4.0, "T_MIN_CIUD": 3.0, "DIF_TERMIC": 1.0 }, "geometry": { "type": "MultiPolygon", "coordinates": [ [ [ [ -93.18988010163298, 16.733727281050037 ], [ -93.189610607047754, 16.733727281050037 ], [ -93.189610607047754, 16.733188291879564 ], [ -93.189071617877275, 16.733188291879564 ], [ -93.189071617877275, 16.73211031353862 ], [ -93.189610607047754, 16.73211031353862 ], [ -93.189610607047754, 16.732379808123856 ], [ -93.190419090803459, 16.732379808123856 ], [ -93.190419090803459, 16.732918797294328 ], [ -93.18988010163298, 16.732918797294328 ], [ -93.18988010163298, 16.733727281050037 ] ], [ [ -93.18988010163298, 16.732918797294328 ], [ -93.18988010163298, 16.732649302709092 ], [ -93.189610607047754, 16.732649302709092 ], [ -93.189610607047754, 16.732918797294328 ], [ -93.18988010163298, 16.732918797294328 ] ] ] ] } },
{ "type": "Feature", "properties": { "ZONA_MET": "Tuxtla_Guti_rrez", "INTENSIDAD": "Extrema", "T_PROM_POL": 4.0, "T_MIN_CIUD": 3.0, "DIF_TERMIC": 1.0 }, "geometry": { "type": "MultiPolygon", "coordinates": [ [ [ [ -93.047047971457985, 16.733996775635269 ], [ -93.046239487702266, 16.733996775635269 ], [ -93.046239487702266, 16.732918797294328 ], [ -93.045969993117041, 16.732918797294328 ], [ -93.045969993117041, 16.732649302709092 ], [ -93.046239487702266, 16.732649302709092 ], [ -93.046239487702266, 16.732379808123856 ], [ -93.045969993117041, 16.732379808123856 ], [ -93.045969993117041, 16.731840818953383 ], [ -93.046778476872746, 16.731840818953383 ], [ -93.046778476872746, 16.732918797294328 ], [ -93.046508982287506, 16.732918797294328 ], [ -93.046508982287506, 16.7334577864648 ], [ -93.046778476872746, 16.7334577864648 ], [ -93.046778476872746, 16.733727281050037 ], [ -93.047047971457985, 16.733727281050037 ], [ -93.047047971457985, 16.733996775635269 ] ] ] ] } },
{ "type": "Feature", "properties": { "ZONA_MET": "Tuxtla_Guti_rrez", "INTENSIDAD": "Intensa", "T_PROM_POL": 4.0, "T_MIN_CIUD": 3.0, "DIF_TERMIC": 1.0 }, "geometry": { "type": "MultiPolygon", "coordinates": [ [ [ [ -93.197964939190058, 16.732379808123856 ], [ -93.197156455434353, 16.732379808123856 ], [ -93.197156455434353, 16.73211031353862 ], [ -93.196886960849113, 16.73211031353862 ], [ -93.196886960849113, 16.731571324368147 ], [ -93.197156455434353, 16.731571324368147 ], [ -93.197156455434353, 16.731301829782911 ], [ -93.197425950019593, 16.731301829782911 ], [ -93.197425950019593, 16.731571324368147 ], [ -93.197964939190058, 16.731571324368147 ], [ -93.197964939190058, 16.732379808123856 ] ] ] ] } },
{ "type": "Feature", "properties": { "ZONA_MET": "Tuxtla_Guti_rrez", "INTENSIDAD": "Intensa", "T_PROM_POL": 4.0, "T_MIN_CIUD": 3.0, "DIF_TERMIC": 1.0 }, "geometry": { "type": "MultiPolygon", "coordinates": [ [ [ [ -93.05162937940699, 16.739656161925225 ], [ -93.050551401066045, 16.739656161925225 ], [ -93.050551401066045, 16.739117172754753 ], [ -93.051090390236524, 16.739117172754753 ], [ -93.051090390236524, 16.738578183584281 ], [ -93.050551401066045, 16.738578183584281 ], [ -93.050551401066045, 16.738308688999044 ], [ -93.05001241189558, 16.738308688999044 ], [ -93.05001241189558, 16.738039194413808 ], [ -93.04974291731034, 16.738039194413808 ], [ -93.04974291731034, 16.7372307106581 ], [ -93.048934433554635, 16.7372307106581 ], [ -93.048934433554635, 16.735613743146686 ], [ -93.04920392813986, 16.735613743146686 ], [ -93.04920392813986, 16.735074753976214 ], [ -93.048934433554635, 16.735074753976214 ], [ -93.048934433554635, 16.734805259390978 ], [ -93.048395444384155, 16.734805259390978 ], [ -93.048395444384155, 16.735074753976214 ], [ -93.04812594979893, 16.735074753976214 ], [ -93.04812594979893, 16.73534424856145 ], [ -93.04785645521369, 16.73534424856145 ], [ -93.04785645521369, 16.735613743146686 ], [ -93.047317466043211, 16.735613743146686 ], [ -93.047317466043211, 16.736152732317159 ], [ -93.04758696062845, 16.736152732317159 ], [ -93.04758696062845, 16.735883237731922 ], [ -93.04785645521369, 16.735883237731922 ], [ -93.04785645521369, 16.736152732317159 ], [ -93.04812594979893, 16.736152732317159 ], [ -93.04812594979893, 16.736422226902395 ], [ -93.04785645521369, 16.736422226902395 ], [ -93.04785645521369, 16.736691721487631 ], [ -93.047317466043211, 16.736691721487631 ], [ -93.047317466043211, 16.736422226902395 ], [ -93.047047971457985, 16.736422226902395 ], [ -93.047047971457985, 16.736691721487631 ], [ -93.046778476872746, 16.736691721487631 ], [ -93.046778476872746, 16.737500205243336 ], [ -93.046508982287506, 16.737500205243336 ], [ -93.046508982287506, 16.737769699828572 ], [ -93.046239487702266, 16.737769699828572 ], [ -93.046239487702266, 16.737500205243336 ], [ -93.045969993117041, 16.737500205243336 ], [ -93.045969993117041, 16.736691721487631 ], [ -93.045431003946561, 16.736691721487631 ], [ -93.045431003946561, 16.736152732317159 ], [ -93.045161509361336, 16.736152732317159 ], [ -93.045161509361336, 16.735613743146686 ], [ -93.045700498531801, 16.735613743146686 ], [ -93.045700498531801, 16.735074753976214 ], [ -93.045431003946561, 16.735074753976214 ], [ -93.045431003946561, 16.73534424856145 ], [ -93.045161509361336, 16.73534424856145 ], [ -93.045161509361336, 16.734805259390978 ], [ -93.045700498531801, 16.734805259390978 ], [ -93.045700498531801, 16.734535764805742 ], [ -93.045431003946561, 16.734535764805742 ], [ -93.045431003946561, 16.734266270220505 ], [ -93.044892014776096, 16.734266270220505 ], [ -93.044892014776096, 16.733996775635269 ], [ -93.044353025605616, 16.733996775635269 ], [ -93.044353025605616, 16.734266270220505 ], [ -93.044622520190856, 16.734266270220505 ], [ -93.044622520190856, 16.734535764805742 ], [ -93.044353025605616, 16.734535764805742 ], [ -93.044353025605616, 16.735074753976214 ], [ -93.044083531020391, 16.735074753976214 ], [ -93.044083531020391, 16.73534424856145 ], [ -93.043005552679446, 16.73534424856145 ], [ -93.043005552679446, 16.735613743146686 ], [ -93.041927574338501, 16.735613743146686 ], [ -93.041927574338501, 16.73534424856145 ], [ -93.041658079753262, 16.73534424856145 ], [ -93.041658079753262, 16.735613743146686 ], [ -93.041388585168022, 16.735613743146686 ], [ -93.041388585168022, 16.734535764805742 ], [ -93.041658079753262, 16.734535764805742 ], [ -93.041658079753262, 16.734266270220505 ], [ -93.041927574338501, 16.734266270220505 ], [ -93.041927574338501, 16.734535764805742 ], [ -93.042736058094206, 16.734535764805742 ], [ -93.042736058094206, 16.734266270220505 ], [ -93.043005552679446, 16.734266270220505 ], [ -93.043005552679446, 16.734535764805742 ], [ -93.044083531020391, 16.734535764805742 ], [ -93.044083531020391, 16.733727281050037 ], [ -93.044622520190856, 16.733727281050037 ], [ -93.044622520190856, 16.7334577864648 ], [ -93.044353025605616, 16.7334577864648 ], [ -93.044353025605616, 16.732918797294328 ], [ -93.044622520190856, 16.732918797294328 ], [ -93.044622520190856, 16.731840818953383 ], [ -93.044892014776096, 16.731840818953383 ], [ -93.044892014776096, 16.73211031353862 ], [ -93.045700498531801, 16.73211031353862 ], [ -93.045700498531801, 16.731840818953383 ], [ -93.045161509361336, 16.731840818953383 ], [ -93.045161509361336, 16.730762840612439 ], [ -93.045431003946561, 16.730762840612439 ], [ -93.045431003946561, 16.730493346027206 ], [ -93.046508982287506, 16.730493346027206 ], [ -93.046508982287506, 16.730762840612439 ], [ -93.046239487702266, 16.730762840612439 ], [ -93.046239487702266, 16.731571324368147 ], [ -93.046508982287506, 16.731571324368147 ], [ -93.046508982287506, 16.731301829782911 ], [ -93.046778476872746, 16.731301829782911 ], [ -93.046778476872746, 16.731840818953383 ], [ -93.045969993117041, 16.731840818953383 ], [ -93.045969993117041, 16.732379808123856 ], [ -93.046239487702266, 16.732379808123856 ], [ -93.046239487702266, 16.732649302709092 ], [ -93.045969993117041, 16.732649302709092 ], [ -93.045969993117041, 16.732918797294328 ], [ -93.046239487702266, 16.732918797294328 ], [ -93.046239487702266, 16.734535764805742 ], [ -93.045969993117041, 16.734535764805742 ], [ -93.045969993117041, 16.735074753976214 ], [ -93.046239487702266, 16.735074753976214 ], [ -93.046239487702266, 16.734805259390978 ], [ -93.046778476872746, 16.734805259390978 ], [ -93.046778476872746, 16.734535764805742 ], [ -93.046508982287506, 16.734535764805742 ], [ -93.046508982287506, 16.733996775635269 ], [ -93.047047971457985, 16.733996775635269 ], [ -93.047047971457985, 16.734266270220505 ], [ -93.04785645521369, 16.734266270220505 ], [ -93.04785645521369, 16.734805259390978 ], [ -93.04812594979893, 16.734805259390978 ], [ -93.04812594979893, 16.734535764805742 ], [ -93.04920392813986, 16.734535764805742 ], [ -93.04920392813986, 16.734266270220505 ], [ -93.048664938969395, 16.734266270220505 ], [ -93.048664938969395, 16.733727281050037 ], [ -93.048395444384155, 16.733727281050037 ], [ -93.048395444384155, 16.734266270220505 ], [ -93.04812594979893, 16.734266270220505 ], [ -93.04812594979893, 16.733727281050037 ], [ -93.04758696062845, 16.733727281050037 ], [ -93.04758696062845, 16.733188291879564 ], [ -93.047317466043211, 16.733188291879564 ], [ -93.047317466043211, 16.732918797294328 ], [ -93.04758696062845, 16.732918797294328 ], [ -93.04758696062845, 16.732379808123856 ], [ -93.048395444384155, 16.732379808123856 ], [ -93.048395444384155, 16.732649302709092 ], [ -93.04920392813986, 16.732649302709092 ], [ -93.04920392813986, 16.732918797294328 ], [ -93.048934433554635, 16.732918797294328 ], [ -93.048934433554635, 16.7334577864648 ], [ -93.0494734227251, 16.7334577864648 ], [ -93.0494734227251, 16.732918797294328 ], [ -93.04974291731034, 16.732918797294328 ], [ -93.04974291731034, 16.733188291879564 ], [ -93.050281906480805, 16.733188291879564 ], [ -93.050281906480805, 16.731840818953383 ], [ -93.050551401066045, 16.731840818953383 ], [ -93.050551401066045, 16.732649302709092 ], [ -93.050820895651285, 16.732649302709092 ], [ -93.050820895651285, 16.7334577864648 ], [ -93.051090390236524, 16.7334577864648 ], [ -93.051090390236524, 16.733727281050037 ], [ -93.050551401066045, 16.733727281050037 ], [ -93.050551401066045, 16.733996775635269 ], [ -93.050281906480805, 16.733996775635269 ], [ -93.050281906480805, 16.734266270220505 ], [ -93.050551401066045, 16.734266270220505 ], [ -93.050551401066045, 16.734535764805742 ], [ -93.050281906480805, 16.734535764805742 ], [ -93.050281906480805, 16.735074753976214 ], [ -93.050551401066045, 16.735074753976214 ], [ -93.050551401066045, 16.734805259390978 ], [ -93.05135988482175, 16.734805259390978 ], [ -93.05135988482175, 16.735074753976214 ], [ -93.052707357747934, 16.735074753976214 ], [ -93.052707357747934, 16.73534424856145 ], [ -93.052976852333174, 16.73534424856145 ], [ -93.052976852333174, 16.735613743146686 ], [ -93.053515841503639, 16.735613743146686 ], [ -93.053515841503639, 16.735074753976214 ], [ -93.054054830674119, 16.735074753976214 ], [ -93.054054830674119, 16.73534424856145 ], [ -93.054593819844584, 16.73534424856145 ], [ -93.054593819844584, 16.735613743146686 ], [ -93.055132809015049, 16.735613743146686 ], [ -93.055132809015049, 16.736152732317159 ], [ -93.054054830674119, 16.736152732317159 ], [ -93.054054830674119, 16.736422226902395 ], [ -93.053785336088879, 16.736422226902395 ], [ -93.053785336088879, 16.736691721487631 ], [ -93.053246346918399, 16.736691721487631 ], [ -93.053246346918399, 16.736961216072864 ], [ -93.053515841503639, 16.736961216072864 ], [ -93.053515841503639, 16.7372307106581 ], [ -93.053785336088879, 16.7372307106581 ], [ -93.053785336088879, 16.737500205243336 ], [ -93.053515841503639, 16.737500205243336 ], [ -93.053515841503639, 16.737769699828572 ], [ -93.053246346918399, 16.737769699828572 ], [ -93.053246346918399, 16.737500205243336 ], [ -93.052976852333174, 16.737500205243336 ], [ -93.052976852333174, 16.737769699828572 ], [ -93.052707357747934, 16.737769699828572 ], [ -93.052707357747934, 16.738039194413808 ], [ -93.052437863162694, 16.738039194413808 ], [ -93.052437863162694, 16.737500205243336 ], [ -93.052707357747934, 16.737500205243336 ], [ -93.052707357747934, 16.7372307106581 ], [ -93.052976852333174, 16.7372307106581 ], [ -93.052976852333174, 16.736422226902395 ], [ -93.052707357747934, 16.736422226902395 ], [ -93.052707357747934, 16.736152732317159 ], [ -93.05135988482175, 16.736152732317159 ], [ -93.05135988482175, 16.736691721487631 ], [ -93.05162937940699, 16.736691721487631 ], [ -93.05162937940699, 16.736961216072864 ], [ -93.051090390236524, 16.736961216072864 ], [ -93.051090390236524, 16.737769699828572 ], [ -93.05135988482175, 16.737769699828572 ], [ -93.05135988482175, 16.738308688999044 ], [ -93.05162937940699, 16.738308688999044 ], [ -93.05162937940699, 16.738578183584281 ], [ -93.051898873992229, 16.738578183584281 ], [ -93.051898873992229, 16.739117172754753 ], [ -93.05162937940699, 16.739117172754753 ], [ -93.05162937940699, 16.739656161925225 ] ], [ [ -93.050551401066045, 16.738039194413808 ], [ -93.050551401066045, 16.737769699828572 ], [ -93.050281906480805, 16.737769699828572 ], [ -93.050281906480805, 16.738039194413808 ], [ -93.050551401066045, 16.738039194413808 ] ], [ [ -93.050281906480805, 16.737769699828572 ], [ -93.050281906480805, 16.737500205243336 ], [ -93.05001241189558, 16.737500205243336 ], [ -93.05001241189558, 16.737769699828572 ], [ -93.050281906480805, 16.737769699828572 ] ], [ [ -93.050551401066045, 16.736691721487631 ], [ -93.050551401066045, 16.736422226902395 ], [ -93.050281906480805, 16.736422226902395 ], [ -93.050281906480805, 16.736691721487631 ], [ -93.050551401066045, 16.736691721487631 ] ], [ [ -93.047047971457985, 16.736422226902395 ], [ -93.047047971457985, 16.735883237731922 ], [ -93.046778476872746, 16.735883237731922 ], [ -93.046778476872746, 16.736152732317159 ], [ -93.046508982287506, 16.736152732317159 ], [ -93.046508982287506, 16.736422226902395 ], [ -93.047047971457985, 16.736422226902395 ] ], [ [ -93.05135988482175, 16.735883237731922 ], [ -93.05135988482175, 16.735613743146686 ], [ -93.051090390236524, 16.735613743146686 ], [ -93.051090390236524, 16.735883237731922 ], [ -93.05135988482175, 16.735883237731922 ] ], [ [ -93.04974291731034, 16.73534424856145 ], [ -93.04974291731034, 16.735074753976214 ], [ -93.0494734227251, 16.735074753976214 ], [ -93.0494734227251, 16.73534424856145 ], [ -93.04974291731034, 16.73534424856145 ] ], [ [ -93.045700498531801, 16.734266270220505 ], [ -93.045700498531801, 16.733996775635269 ], [ -93.045431003946561, 16.733996775635269 ], [ -93.045431003946561, 16.734266270220505 ], [ -93.045700498531801, 16.734266270220505 ] ], [ [ -93.045161509361336, 16.7334577864648 ], [ -93.045161509361336, 16.732918797294328 ], [ -93.044892014776096, 16.732918797294328 ], [ -93.044892014776096, 16.7334577864648 ], [ -93.045161509361336, 16.7334577864648 ] ] ] ] } },
{ "type": "Feature", "properties": { "ZONA_MET": "Tuxtla_Guti_rrez", "INTENSIDAD": "Intensa", "T_PROM_POL": 4.0, "T_MIN_CIUD": 3.0, "DIF_TERMIC": 1.0 }, "geometry": { "type": "MultiPolygon", "coordinates": [ [ [ [ -93.173440931933598, 16.735613743146686 ], [ -93.172901942763133, 16.735613743146686 ], [ -93.172901942763133, 16.73534424856145 ], [ -93.172632448177893, 16.73534424856145 ], [ -93.172632448177893, 16.7334577864648 ], [ -93.172362953592653, 16.7334577864648 ], [ -93.172362953592653, 16.733188291879564 ], [ -93.172093459007414, 16.733188291879564 ], [ -93.172093459007414, 16.732918797294328 ], [ -93.172632448177893, 16.732918797294328 ], [ -93.172632448177893, 16.731301829782911 ], [ -93.172362953592653, 16.731301829782911 ], [ -93.172362953592653, 16.731032335197675 ], [ -93.172632448177893, 16.731032335197675 ], [ -93.172632448177893, 16.73022385144197 ], [ -93.173171437348358, 16.73022385144197 ], [ -93.173171437348358, 16.732649302709092 ], [ -93.172901942763133, 16.732649302709092 ], [ -93.172901942763133, 16.732918797294328 ], [ -93.173171437348358, 16.732918797294328 ], [ -93.173171437348358, 16.733188291879564 ], [ -93.172901942763133, 16.733188291879564 ], [ -93.172901942763133, 16.7334577864648 ], [ -93.173171437348358, 16.7334577864648 ], [ -93.173171437348358, 16.734266270220505 ], [ -93.173440931933598, 16.734266270220505 ], [ -93.173440931933598, 16.734535764805742 ], [ -93.173171437348358, 16.734535764805742 ], [ -93.173171437348358, 16.734805259390978 ], [ -93.173440931933598, 16.734805259390978 ], [ -93.173440931933598, 16.735613743146686 ] ] ] ] } },
{ "type": "Feature", "properties": { "ZONA_MET": "Tuxtla_Guti_rrez", "INTENSIDAD": "Intensa", "T_PROM_POL": 4.0, "T_MIN_CIUD": 3.0, "DIF_TERMIC": 1.0 }, "geometry": { "type": "MultiPolygon", "coordinates": [ [ [ [ -93.169398513155059, 16.732649302709092 ], [ -93.168859523984594, 16.732649302709092 ], [ -93.168859523984594, 16.732379808123856 ], [ -93.168590029399354, 16.732379808123856 ], [ -93.168590029399354, 16.73211031353862 ], [ -93.168051040228875, 16.73211031353862 ], [ -93.168051040228875, 16.731840818953383 ], [ -93.167781545643649, 16.731840818953383 ], [ -93.167781545643649, 16.731032335197675 ], [ -93.168320534814114, 16.731032335197675 ], [ -93.168320534814114, 16.730493346027206 ], [ -93.168859523984594, 16.730493346027206 ], [ -93.168859523984594, 16.73022385144197 ], [ -93.169398513155059, 16.73022385144197 ], [ -93.169398513155059, 16.730493346027206 ], [ -93.169937502325539, 16.730493346027206 ], [ -93.169937502325539, 16.731032335197675 ], [ -93.169668007740299, 16.731032335197675 ], [ -93.169668007740299, 16.731301829782911 ], [ -93.170206996910764, 16.731301829782911 ], [ -93.170206996910764, 16.731840818953383 ], [ -93.170476491496004, 16.731840818953383 ], [ -93.170476491496004, 16.73211031353862 ], [ -93.169937502325539, 16.73211031353862 ], [ -93.169937502325539, 16.731840818953383 ], [ -93.169398513155059, 16.731840818953383 ], [ -93.169398513155059, 16.732649302709092 ] ] ] ] } },
{ "type": "Feature", "properties": { "ZONA_MET": "Tuxtla_Guti_rrez", "INTENSIDAD": "Extrema", "T_PROM_POL": 4.0, "T_MIN_CIUD": 3.0, "DIF_TERMIC": 1.0 }, "geometry": { "type": "MultiPolygon", "coordinates": [ [ [ [ -93.191497069144404, 16.731032335197675 ], [ -93.190958079973925, 16.731032335197675 ], [ -93.190958079973925, 16.730762840612439 ], [ -93.18988010163298, 16.730762840612439 ], [ -93.18988010163298, 16.731032335197675 ], [ -93.189341112462515, 16.731032335197675 ], [ -93.189341112462515, 16.730762840612439 ], [ -93.189610607047754, 16.730762840612439 ], [ -93.189610607047754, 16.730493346027206 ], [ -93.18988010163298, 16.730493346027206 ], [ -93.18988010163298, 16.73022385144197 ], [ -93.190419090803459, 16.73022385144197 ], [ -93.190419090803459, 16.729954356856734 ], [ -93.190958079973925, 16.729954356856734 ], [ -93.190958079973925, 16.73022385144197 ], [ -93.191227574559164, 16.73022385144197 ], [ -93.191227574559164, 16.730762840612439 ], [ -93.191497069144404, 16.730762840612439 ], [ -93.191497069144404, 16.731032335197675 ] ] ] ] } },
{ "type": "Feature", "properties": { "ZONA_MET": "Tuxtla_Guti_rrez", "INTENSIDAD": "Intensa", "T_PROM_POL": 4.0, "T_MIN_CIUD": 3.0, "DIF_TERMIC": 1.0 }, "geometry": { "type": "MultiPolygon", "coordinates": [ [ [ [ -92.97751836846713, 16.73211031353862 ], [ -92.977248873881891, 16.73211031353862 ], [ -92.977248873881891, 16.731301829782911 ], [ -92.976979379296651, 16.731301829782911 ], [ -92.976979379296651, 16.730493346027206 ], [ -92.977248873881891, 16.730493346027206 ], [ -92.977248873881891, 16.73022385144197 ], [ -92.97778786305237, 16.73022385144197 ], [ -92.97778786305237, 16.729954356856734 ], [ -92.978326852222835, 16.729954356856734 ], [ -92.978326852222835, 16.73022385144197 ], [ -92.978596346808075, 16.73022385144197 ], [ -92.978596346808075, 16.731032335197675 ], [ -92.97778786305237, 16.731032335197675 ], [ -92.97778786305237, 16.731571324368147 ], [ -92.97751836846713, 16.731571324368147 ], [ -92.97751836846713, 16.73211031353862 ] ] ] ] } },
{ "type": "Feature", "properties": { "ZONA_MET": "Tuxtla_Guti_rrez", "INTENSIDAD": "Extrema", "T_PROM_POL": 4.0, "T_MIN_CIUD": 3.0, "DIF_TERMIC": 1.0 }, "geometry": { "type": "MultiPolygon", "coordinates": [ [ [ [ -93.044083531020391, 16.733996775635269 ], [ -93.043814036435151, 16.733996775635269 ], [ -93.043814036435151, 16.7334577864648 ], [ -93.044083531020391, 16.7334577864648 ], [ -93.044083531020391, 16.732918797294328 ], [ -93.043814036435151, 16.732918797294328 ], [ -93.043814036435151, 16.731571324368147 ], [ -93.044353025605616, 16.731571324368147 ], [ -93.044353025605616, 16.731301829782911 ], [ -93.044622520190856, 16.731301829782911 ], [ -93.044622520190856, 16.731032335197675 ], [ -93.044892014776096, 16.731032335197675 ], [ -93.044892014776096, 16.730762840612439 ], [ -93.044622520190856, 16.730762840612439 ], [ -93.044622520190856, 16.730493346027206 ], [ -93.044353025605616, 16.730493346027206 ], [ -93.044353025605616, 16.73022385144197 ], [ -93.044083531020391, 16.73022385144197 ], [ -93.044083531020391, 16.729954356856734 ], [ -93.043814036435151, 16.729954356856734 ], [ -93.043814036435151, 16.729415367686261 ], [ -93.044083531020391, 16.729415367686261 ], [ -93.044083531020391, 16.729684862271498 ], [ -93.044622520190856, 16.729684862271498 ], [ -93.044622520190856, 16.729954356856734 ], [ -93.044892014776096, 16.729954356856734 ], [ -93.044892014776096, 16.73022385144197 ], [ -93.045161509361336, 16.73022385144197 ], [ -93.045161509361336, 16.729954356856734 ], [ -93.045431003946561, 16.729954356856734 ], [ -93.045431003946561, 16.730762840612439 ], [ -93.045161509361336, 16.730762840612439 ], [ -93.045161509361336, 16.731571324368147 ], [ -93.044892014776096, 16.731571324368147 ], [ -93.044892014776096, 16.731840818953383 ], [ -93.044622520190856, 16.731840818953383 ], [ -93.044622520190856, 16.732918797294328 ], [ -93.044353025605616, 16.732918797294328 ], [ -93.044353025605616, 16.7334577864648 ], [ -93.044622520190856, 16.7334577864648 ], [ -93.044622520190856, 16.733727281050037 ], [ -93.044083531020391, 16.733727281050037 ], [ -93.044083531020391, 16.733996775635269 ] ] ] ] } },
{ "type": "Feature", "properties": { "ZONA_MET": "Tuxtla_Guti_rrez", "INTENSIDAD": "Intensa", "T_PROM_POL": 4.0, "T_MIN_CIUD": 3.0, "DIF_TERMIC": 1.0 }, "geometry": { "type": "MultiPolygon", "coordinates": [ [ [ [ -93.194192014996759, 16.731301829782911 ], [ -93.193653025826293, 16.731301829782911 ], [ -93.193653025826293, 16.731032335197675 ], [ -93.193922520411519, 16.731032335197675 ], [ -93.193922520411519, 16.730762840612439 ], [ -93.193653025826293, 16.730762840612439 ], [ -93.193653025826293, 16.730493346027206 ], [ -93.193922520411519, 16.730493346027206 ], [ -93.193922520411519, 16.729954356856734 ], [ -93.193653025826293, 16.729954356856734 ], [ -93.193653025826293, 16.729684862271498 ], [ -93.193922520411519, 16.729684862271498 ], [ -93.193922520411519, 16.729415367686261 ], [ -93.194192014996759, 16.729415367686261 ], [ -93.194192014996759, 16.729145873101025 ], [ -93.194731004167238, 16.729145873101025 ], [ -93.194731004167238, 16.728876378515789 ], [ -93.195269993337703, 16.728876378515789 ], [ -93.195269993337703, 16.729684862271498 ], [ -93.194192014996759, 16.729684862271498 ], [ -93.194192014996759, 16.729954356856734 ], [ -93.194461509581998, 16.729954356856734 ], [ -93.194461509581998, 16.730493346027206 ], [ -93.194731004167238, 16.730493346027206 ], [ -93.194731004167238, 16.731032335197675 ], [ -93.194192014996759, 16.731032335197675 ], [ -93.194192014996759, 16.731301829782911 ] ] ] ] } },
{ "type": "Feature", "properties": { "ZONA_MET": "Tuxtla_Guti_rrez", "INTENSIDAD": "Intensa", "T_PROM_POL": 4.0, "T_MIN_CIUD": 3.0, "DIF_TERMIC": 1.0 }, "geometry": { "type": "MultiPolygon", "coordinates": [ [ [ [ -93.054593819844584, 16.729954356856734 ], [ -93.054054830674119, 16.729954356856734 ], [ -93.054054830674119, 16.729415367686261 ], [ -93.053246346918399, 16.729415367686261 ], [ -93.053246346918399, 16.729145873101025 ], [ -93.052976852333174, 16.729145873101025 ], [ -93.052976852333174, 16.728876378515789 ], [ -93.054324325259344, 16.728876378515789 ], [ -93.054324325259344, 16.729145873101025 ], [ -93.054863314429824, 16.729145873101025 ], [ -93.054863314429824, 16.729684862271498 ], [ -93.054593819844584, 16.729684862271498 ], [ -93.054593819844584, 16.729954356856734 ] ] ] ] } },
{ "type": "Feature", "properties": { "ZONA_MET": "Tuxtla_Guti_rrez", "INTENSIDAD": "Extrema", "T_PROM_POL": 4.0, "T_MIN_CIUD": 3.0, "DIF_TERMIC": 1.0 }, "geometry": { "type": "MultiPolygon", "coordinates": [ [ [ [ -92.985872700609434, 16.729954356856734 ], [ -92.985333711438969, 16.729954356856734 ], [ -92.985333711438969, 16.729684862271498 ], [ -92.985603206024209, 16.729684862271498 ], [ -92.985603206024209, 16.729415367686261 ], [ -92.985872700609434, 16.729415367686261 ], [ -92.985872700609434, 16.728876378515789 ], [ -92.986411689779914, 16.728876378515789 ], [ -92.986411689779914, 16.729145873101025 ], [ -92.986681184365153, 16.729145873101025 ], [ -92.986681184365153, 16.728876378515789 ], [ -92.987220173535619, 16.728876378515789 ], [ -92.987220173535619, 16.729145873101025 ], [ -92.986950678950379, 16.729145873101025 ], [ -92.986950678950379, 16.729415367686261 ], [ -92.986411689779914, 16.729415367686261 ], [ -92.986411689779914, 16.729684862271498 ], [ -92.985872700609434, 16.729684862271498 ], [ -92.985872700609434, 16.729954356856734 ] ] ] ] } },
{ "type": "Feature", "properties": { "ZONA_MET": "Tuxtla_Guti_rrez", "INTENSIDAD": "Intensa", "T_PROM_POL": 4.0, "T_MIN_CIUD": 3.0, "DIF_TERMIC": 1.0 }, "geometry": { "type": "MultiPolygon", "coordinates": [ [ [ [ -93.013900137473968, 16.73022385144197 ], [ -93.013630642888728, 16.73022385144197 ], [ -93.013630642888728, 16.729145873101025 ], [ -93.013361148303503, 16.729145873101025 ], [ -93.013361148303503, 16.728606883930553 ], [ -93.012283169962558, 16.728606883930553 ], [ -93.012283169962558, 16.728337389345317 ], [ -93.012552664547783, 16.728337389345317 ], [ -93.012552664547783, 16.72806789476008 ], [ -93.012822159133023, 16.72806789476008 ], [ -93.012822159133023, 16.727798400174844 ], [ -93.013630642888728, 16.727798400174844 ], [ -93.013630642888728, 16.72806789476008 ], [ -93.013900137473968, 16.72806789476008 ], [ -93.013900137473968, 16.73022385144197 ] ] ] ] } },
{ "type": "Feature", "properties": { "ZONA_MET": "Tuxtla_Guti_rrez", "INTENSIDAD": "Intensa", "T_PROM_POL": 4.0, "T_MIN_CIUD": 3.0, "DIF_TERMIC": 1.0 }, "geometry": { "type": "MultiPolygon", "coordinates": [ [ [ [ -93.010666202451134, 16.731301829782911 ], [ -93.009857718695429, 16.731301829782911 ], [ -93.009857718695429, 16.731032335197675 ], [ -93.009588224110189, 16.731032335197675 ], [ -93.009588224110189, 16.729954356856734 ], [ -93.009857718695429, 16.729954356856734 ], [ -93.009857718695429, 16.729415367686261 ], [ -93.010127213280668, 16.729415367686261 ], [ -93.010127213280668, 16.728876378515789 ], [ -93.010396707865908, 16.728876378515789 ], [ -93.010396707865908, 16.728606883930553 ], [ -93.010666202451134, 16.728606883930553 ], [ -93.010666202451134, 16.72806789476008 ], [ -93.011474686206853, 16.72806789476008 ], [ -93.011474686206853, 16.727798400174844 ], [ -93.011744180792078, 16.727798400174844 ], [ -93.011744180792078, 16.727259411004376 ], [ -93.012283169962558, 16.727259411004376 ], [ -93.012283169962558, 16.728337389345317 ], [ -93.011744180792078, 16.728337389345317 ], [ -93.011744180792078, 16.728606883930553 ], [ -93.011474686206853, 16.728606883930553 ], [ -93.011474686206853, 16.728876378515789 ], [ -93.011205191621613, 16.728876378515789 ], [ -93.011205191621613, 16.728606883930553 ], [ -93.010935697036373, 16.728606883930553 ], [ -93.010935697036373, 16.729684862271498 ], [ -93.011205191621613, 16.729684862271498 ], [ -93.011205191621613, 16.729954356856734 ], [ -93.010935697036373, 16.729954356856734 ], [ -93.010935697036373, 16.731032335197675 ], [ -93.010666202451134, 16.731032335197675 ], [ -93.010666202451134, 16.731301829782911 ] ], [ [ -93.010396707865908, 16.731032335197675 ], [ -93.010396707865908, 16.730493346027206 ], [ -93.010127213280668, 16.730493346027206 ], [ -93.010127213280668, 16.731032335197675 ], [ -93.010396707865908, 16.731032335197675 ] ], [ [ -93.010127213280668, 16.730493346027206 ], [ -93.010127213280668, 16.73022385144197 ], [ -93.009857718695429, 16.73022385144197 ], [ -93.009857718695429, 16.730493346027206 ], [ -93.010127213280668, 16.730493346027206 ] ] ] ] } },
{ "type": "Feature", "properties": { "ZONA_MET": "Tuxtla_Guti_rrez", "INTENSIDAD": "Extrema", "T_PROM_POL": 4.0, "T_MIN_CIUD": 3.0, "DIF_TERMIC": 1.0 }, "geometry": { "type": "MultiPolygon", "coordinates": [ [ [ [ -93.041388585168022, 16.729415367686261 ], [ -93.041119090582797, 16.729415367686261 ], [ -93.041119090582797, 16.728606883930553 ], [ -93.041388585168022, 16.728606883930553 ], [ -93.041388585168022, 16.728337389345317 ], [ -93.040580101412317, 16.728337389345317 ], [ -93.040580101412317, 16.72806789476008 ], [ -93.040041112241852, 16.72806789476008 ], [ -93.040041112241852, 16.727798400174844 ], [ -93.039502123071372, 16.727798400174844 ], [ -93.039502123071372, 16.727528905589612 ], [ -93.039232628486133, 16.727528905589612 ], [ -93.039232628486133, 16.726989916419139 ], [ -93.038963133900907, 16.726989916419139 ], [ -93.038963133900907, 16.726720421833903 ], [ -93.039771617656612, 16.726720421833903 ], [ -93.039771617656612, 16.727259411004376 ], [ -93.040580101412317, 16.727259411004376 ], [ -93.040580101412317, 16.727528905589612 ], [ -93.040849595997557, 16.727528905589612 ], [ -93.040849595997557, 16.727798400174844 ], [ -93.041927574338501, 16.727798400174844 ], [ -93.041927574338501, 16.72806789476008 ], [ -93.042197068923741, 16.72806789476008 ], [ -93.042197068923741, 16.728337389345317 ], [ -93.042736058094206, 16.728337389345317 ], [ -93.042736058094206, 16.728606883930553 ], [ -93.043275047264672, 16.728606883930553 ], [ -93.043275047264672, 16.728876378515789 ], [ -93.042466563508967, 16.728876378515789 ], [ -93.042466563508967, 16.728606883930553 ], [ -93.041927574338501, 16.728606883930553 ], [ -93.041927574338501, 16.728337389345317 ], [ -93.041658079753262, 16.728337389345317 ], [ -93.041658079753262, 16.728876378515789 ], [ -93.041388585168022, 16.728876378515789 ], [ -93.041388585168022, 16.729415367686261 ] ] ] ] } },
{ "type": "Feature", "properties": { "ZONA_MET": "Tuxtla_Guti_rrez", "INTENSIDAD": "Intensa", "T_PROM_POL": 4.0, "T_MIN_CIUD": 3.0, "DIF_TERMIC": 1.0 }, "geometry": { "type": "MultiPolygon", "coordinates": [ [ [ [ -93.181795264075916, 16.73211031353862 ], [ -93.181525769490676, 16.73211031353862 ], [ -93.181525769490676, 16.731840818953383 ], [ -93.181256274905436, 16.731840818953383 ], [ -93.181256274905436, 16.73211031353862 ], [ -93.180986780320197, 16.73211031353862 ], [ -93.180986780320197, 16.731840818953383 ], [ -93.180447791149732, 16.731840818953383 ], [ -93.180447791149732, 16.731301829782911 ], [ -93.180178296564492, 16.731301829782911 ], [ -93.180178296564492, 16.730762840612439 ], [ -93.180447791149732, 16.730762840612439 ], [ -93.180447791149732, 16.729684862271498 ], [ -93.180717285734971, 16.729684862271498 ], [ -93.180717285734971, 16.729145873101025 ], [ -93.180447791149732, 16.729145873101025 ], [ -93.180447791149732, 16.728876378515789 ], [ -93.180178296564492, 16.728876378515789 ], [ -93.180178296564492, 16.729415367686261 ], [ -93.179100318223547, 16.729415367686261 ], [ -93.179100318223547, 16.729145873101025 ], [ -93.179639307394027, 16.729145873101025 ], [ -93.179639307394027, 16.728876378515789 ], [ -93.179369812808787, 16.728876378515789 ], [ -93.179369812808787, 16.728606883930553 ], [ -93.179639307394027, 16.728606883930553 ], [ -93.179639307394027, 16.728337389345317 ], [ -93.179908801979252, 16.728337389345317 ], [ -93.179908801979252, 16.72806789476008 ], [ -93.179369812808787, 16.72806789476008 ], [ -93.179369812808787, 16.727528905589612 ], [ -93.178291834467842, 16.727528905589612 ], [ -93.178291834467842, 16.726720421833903 ], [ -93.178830823638322, 16.726720421833903 ], [ -93.178830823638322, 16.726450927248667 ], [ -93.179100318223547, 16.726450927248667 ], [ -93.179100318223547, 16.726720421833903 ], [ -93.179908801979252, 16.726720421833903 ], [ -93.179908801979252, 16.727528905589612 ], [ -93.180447791149732, 16.727528905589612 ], [ -93.180447791149732, 16.727259411004376 ], [ -93.180717285734971, 16.727259411004376 ], [ -93.180717285734971, 16.727528905589612 ], [ -93.181256274905436, 16.727528905589612 ], [ -93.181256274905436, 16.727259411004376 ], [ -93.181525769490676, 16.727259411004376 ], [ -93.181525769490676, 16.727528905589612 ], [ -93.181795264075916, 16.727528905589612 ], [ -93.181795264075916, 16.727798400174844 ], [ -93.182064758661141, 16.727798400174844 ], [ -93.182064758661141, 16.72806789476008 ], [ -93.182873242416846, 16.72806789476008 ], [ -93.182873242416846, 16.727798400174844 ], [ -93.182603747831621, 16.727798400174844 ], [ -93.182603747831621, 16.727528905589612 ], [ -93.182873242416846, 16.727528905589612 ], [ -93.182873242416846, 16.727259411004376 ], [ -93.183142737002086, 16.727259411004376 ], [ -93.183142737002086, 16.726720421833903 ], [ -93.183412231587326, 16.726720421833903 ], [ -93.183412231587326, 16.727798400174844 ], [ -93.183951220757791, 16.727798400174844 ], [ -93.183951220757791, 16.727528905589612 ], [ -93.183681726172566, 16.727528905589612 ], [ -93.183681726172566, 16.727259411004376 ], [ -93.183951220757791, 16.727259411004376 ], [ -93.183951220757791, 16.726450927248667 ], [ -93.184220715343031, 16.726450927248667 ], [ -93.184220715343031, 16.727259411004376 ], [ -93.184490209928271, 16.727259411004376 ], [ -93.184490209928271, 16.727528905589612 ], [ -93.184220715343031, 16.727528905589612 ], [ -93.184220715343031, 16.728337389345317 ], [ -93.183951220757791, 16.728337389345317 ], [ -93.183951220757791, 16.729415367686261 ], [ -93.183412231587326, 16.729415367686261 ], [ -93.183412231587326, 16.729954356856734 ], [ -93.183951220757791, 16.729954356856734 ], [ -93.183951220757791, 16.73022385144197 ], [ -93.183412231587326, 16.73022385144197 ], [ -93.183412231587326, 16.730493346027206 ], [ -93.183142737002086, 16.730493346027206 ], [ -93.183142737002086, 16.731032335197675 ], [ -93.182873242416846, 16.731032335197675 ], [ -93.182873242416846, 16.73022385144197 ], [ -93.182334253246381, 16.73022385144197 ], [ -93.182334253246381, 16.730493346027206 ], [ -93.182064758661141, 16.730493346027206 ], [ -93.182064758661141, 16.731840818953383 ], [ -93.181795264075916, 16.731840818953383 ], [ -93.181795264075916, 16.73211031353862 ] ], [ [ -93.181256274905436, 16.73022385144197 ], [ -93.181256274905436, 16.729954356856734 ], [ -93.180986780320197, 16.729954356856734 ], [ -93.180986780320197, 16.73022385144197 ], [ -93.181256274905436, 16.73022385144197 ] ], [ [ -93.183142737002086, 16.729954356856734 ], [ -93.183142737002086, 16.729145873101025 ], [ -93.182873242416846, 16.729145873101025 ], [ -93.182873242416846, 16.728876378515789 ], [ -93.181795264075916, 16.728876378515789 ], [ -93.181795264075916, 16.729415367686261 ], [ -93.182064758661141, 16.729415367686261 ], [ -93.182064758661141, 16.729954356856734 ], [ -93.183142737002086, 16.729954356856734 ] ], [ [ -93.181256274905436, 16.729684862271498 ], [ -93.181256274905436, 16.729415367686261 ], [ -93.180986780320197, 16.729415367686261 ], [ -93.180986780320197, 16.729684862271498 ], [ -93.181256274905436, 16.729684862271498 ] ], [ [ -93.180178296564492, 16.728876378515789 ], [ -93.180178296564492, 16.728606883930553 ], [ -93.179908801979252, 16.728606883930553 ], [ -93.179908801979252, 16.728876378515789 ], [ -93.180178296564492, 16.728876378515789 ] ], [ [ -93.180717285734971, 16.728606883930553 ], [ -93.180717285734971, 16.72806789476008 ], [ -93.180986780320197, 16.72806789476008 ], [ -93.180986780320197, 16.727798400174844 ], [ -93.180447791149732, 16.727798400174844 ], [ -93.180447791149732, 16.728606883930553 ], [ -93.180717285734971, 16.728606883930553 ] ] ] ] } },
{ "type": "Feature", "properties": { "ZONA_MET": "Tuxtla_Guti_rrez", "INTENSIDAD": "Intensa", "T_PROM_POL": 4.0, "T_MIN_CIUD": 3.0, "DIF_TERMIC": 1.0 }, "geometry": { "type": "MultiPolygon", "coordinates": [ [ [ [ -93.017673061667267, 16.727798400174844 ], [ -93.017403567082042, 16.727798400174844 ], [ -93.017403567082042, 16.727259411004376 ], [ -93.016595083326322, 16.727259411004376 ], [ -93.016595083326322, 16.726720421833903 ], [ -93.015517104985378, 16.726720421833903 ], [ -93.015517104985378, 16.726450927248667 ], [ -93.015786599570617, 16.726450927248667 ], [ -93.015786599570617, 16.726181432663431 ], [ -93.016056094155857, 16.726181432663431 ], [ -93.016056094155857, 16.726450927248667 ], [ -93.017673061667267, 16.726450927248667 ], [ -93.017673061667267, 16.726720421833903 ], [ -93.018212050837747, 16.726720421833903 ], [ -93.018212050837747, 16.727528905589612 ], [ -93.017942556252507, 16.727528905589612 ], [ -93.017942556252507, 16.727259411004376 ], [ -93.017673061667267, 16.727259411004376 ], [ -93.017673061667267, 16.727798400174844 ] ] ] ] } },
{ "type": "Feature", "properties": { "ZONA_MET": "Tuxtla_Guti_rrez", "INTENSIDAD": "Intensa", "T_PROM_POL": 4.0, "T_MIN_CIUD": 3.0, "DIF_TERMIC": 1.0 }, "geometry": { "type": "MultiPolygon", "coordinates": [ [ [ [ -93.046508982287506, 16.727259411004376 ], [ -93.045969993117041, 16.727259411004376 ], [ -93.045969993117041, 16.726989916419139 ], [ -93.045700498531801, 16.726989916419139 ], [ -93.045700498531801, 16.726720421833903 ], [ -93.045431003946561, 16.726720421833903 ], [ -93.045431003946561, 16.726450927248667 ], [ -93.045700498531801, 16.726450927248667 ], [ -93.045700498531801, 16.726181432663431 ], [ -93.046239487702266, 16.726181432663431 ], [ -93.046239487702266, 16.726450927248667 ], [ -93.046778476872746, 16.726450927248667 ], [ -93.046778476872746, 16.726720421833903 ], [ -93.046508982287506, 16.726720421833903 ], [ -93.046508982287506, 16.727259411004376 ] ] ] ] } },
{ "type": "Feature", "properties": { "ZONA_MET": "Tuxtla_Guti_rrez", "INTENSIDAD": "Intensa", "T_PROM_POL": 4.0, "T_MIN_CIUD": 3.0, "DIF_TERMIC": 1.0 }, "geometry": { "type": "MultiPolygon", "coordinates": [ [ [ [ -93.0494734227251, 16.727798400174844 ], [ -93.048934433554635, 16.727798400174844 ], [ -93.048934433554635, 16.727259411004376 ], [ -93.04812594979893, 16.727259411004376 ], [ -93.04812594979893, 16.725911938078195 ], [ -93.04920392813986, 16.725911938078195 ], [ -93.04920392813986, 16.725642443492958 ], [ -93.0494734227251, 16.725642443492958 ], [ -93.0494734227251, 16.725372948907722 ], [ -93.04974291731034, 16.725372948907722 ], [ -93.04974291731034, 16.726450927248667 ], [ -93.0494734227251, 16.726450927248667 ], [ -93.0494734227251, 16.726720421833903 ], [ -93.04974291731034, 16.726720421833903 ], [ -93.04974291731034, 16.727528905589612 ], [ -93.0494734227251, 16.727528905589612 ], [ -93.0494734227251, 16.727798400174844 ] ] ] ] } },
{ "type": "Feature", "properties": { "ZONA_MET": "Tuxtla_Guti_rrez", "INTENSIDAD": "Extrema", "T_PROM_POL": 4.0, "T_MIN_CIUD": 3.0, "DIF_TERMIC": 1.0 }, "geometry": { "type": "MultiPolygon", "coordinates": [ [ [ [ -93.18664616661016, 16.728606883930553 ], [ -93.18637667202492, 16.728606883930553 ], [ -93.18637667202492, 16.727798400174844 ], [ -93.186107177439681, 16.727798400174844 ], [ -93.186107177439681, 16.725642443492958 ], [ -93.187454650365865, 16.725642443492958 ], [ -93.187454650365865, 16.725372948907722 ], [ -93.187724144951105, 16.725372948907722 ], [ -93.187724144951105, 16.726181432663431 ], [ -93.187185155780625, 16.726181432663431 ], [ -93.187185155780625, 16.726450927248667 ], [ -93.186915661195385, 16.726450927248667 ], [ -93.186915661195385, 16.726989916419139 ], [ -93.187185155780625, 16.726989916419139 ], [ -93.187185155780625, 16.727259411004376 ], [ -93.186915661195385, 16.727259411004376 ], [ -93.186915661195385, 16.727528905589612 ], [ -93.18664616661016, 16.727528905589612 ], [ -93.18664616661016, 16.728606883930553 ] ] ] ] } },
{ "type": "Feature", "properties": { "ZONA_MET": "Tuxtla_Guti_rrez", "INTENSIDAD": "Intensa", "T_PROM_POL": 4.0, "T_MIN_CIUD": 3.0, "DIF_TERMIC": 1.0 }, "geometry": { "type": "MultiPolygon", "coordinates": [ [ [ [ -93.185029199098736, 16.726720421833903 ], [ -93.18475970451351, 16.726720421833903 ], [ -93.18475970451351, 16.725911938078195 ], [ -93.183951220757791, 16.725911938078195 ], [ -93.183951220757791, 16.725372948907722 ], [ -93.184220715343031, 16.725372948907722 ], [ -93.184220715343031, 16.725103454322486 ], [ -93.184490209928271, 16.725103454322486 ], [ -93.184490209928271, 16.725372948907722 ], [ -93.18475970451351, 16.725372948907722 ], [ -93.18475970451351, 16.725103454322486 ], [ -93.185029199098736, 16.725103454322486 ], [ -93.185029199098736, 16.72483395973725 ], [ -93.185298693683976, 16.72483395973725 ], [ -93.185298693683976, 16.726181432663431 ], [ -93.185029199098736, 16.726181432663431 ], [ -93.185029199098736, 16.726720421833903 ] ] ] ] } },
{ "type": "Feature", "properties": { "ZONA_MET": "Tuxtla_Guti_rrez", "INTENSIDAD": "Intensa", "T_PROM_POL": 4.0, "T_MIN_CIUD": 3.0, "DIF_TERMIC": 1.0 }, "geometry": { "type": "MultiPolygon", "coordinates": [ [ [ [ -92.972397971347647, 16.726450927248667 ], [ -92.972128476762407, 16.726450927248667 ], [ -92.972128476762407, 16.725103454322486 ], [ -92.972397971347647, 16.725103454322486 ], [ -92.972397971347647, 16.72483395973725 ], [ -92.972936960518112, 16.72483395973725 ], [ -92.972936960518112, 16.725642443492958 ], [ -92.972667465932886, 16.725642443492958 ], [ -92.972667465932886, 16.725911938078195 ], [ -92.972397971347647, 16.725911938078195 ], [ -92.972397971347647, 16.726450927248667 ] ] ] ] } },
{ "type": "Feature", "properties": { "ZONA_MET": "Tuxtla_Guti_rrez", "INTENSIDAD": "Extrema", "T_PROM_POL": 4.0, "T_MIN_CIUD": 3.0, "DIF_TERMIC": 1.0 }, "geometry": { "type": "MultiPolygon", "coordinates": [ [ [ [ -93.042736058094206, 16.725911938078195 ], [ -93.041658079753262, 16.725911938078195 ], [ -93.041658079753262, 16.725642443492958 ], [ -93.041927574338501, 16.725642443492958 ], [ -93.041927574338501, 16.72483395973725 ], [ -93.042736058094206, 16.72483395973725 ], [ -93.042736058094206, 16.725103454322486 ], [ -93.042197068923741, 16.725103454322486 ], [ -93.042197068923741, 16.725372948907722 ], [ -93.043005552679446, 16.725372948907722 ], [ -93.043005552679446, 16.725642443492958 ], [ -93.042736058094206, 16.725642443492958 ], [ -93.042736058094206, 16.725911938078195 ] ] ] ] } },
{ "type": "Feature", "properties": { "ZONA_MET": "Tuxtla_Guti_rrez", "INTENSIDAD": "Extrema", "T_PROM_POL": 4.0, "T_MIN_CIUD": 3.0, "DIF_TERMIC": 1.0 }, "geometry": { "type": "MultiPolygon", "coordinates": [ [ [ [ -93.038963133900907, 16.726720421833903 ], [ -93.038154650145202, 16.726720421833903 ], [ -93.038154650145202, 16.726450927248667 ], [ -93.037615660974723, 16.726450927248667 ], [ -93.037615660974723, 16.726181432663431 ], [ -93.036807177219018, 16.726181432663431 ], [ -93.036807177219018, 16.725911938078195 ], [ -93.036537682633778, 16.725911938078195 ], [ -93.036537682633778, 16.725642443492958 ], [ -93.036268188048538, 16.725642443492958 ], [ -93.036268188048538, 16.725372948907722 ], [ -93.034920715122368, 16.725372948907722 ], [ -93.034920715122368, 16.725103454322486 ], [ -93.035459704292833, 16.725103454322486 ], [ -93.035459704292833, 16.724564465152017 ], [ -93.035729198878073, 16.724564465152017 ], [ -93.035729198878073, 16.72483395973725 ], [ -93.035998693463313, 16.72483395973725 ], [ -93.035998693463313, 16.725103454322486 ], [ -93.036537682633778, 16.725103454322486 ], [ -93.036537682633778, 16.725372948907722 ], [ -93.036807177219018, 16.725372948907722 ], [ -93.036807177219018, 16.725642443492958 ], [ -93.037076671804257, 16.725642443492958 ], [ -93.037076671804257, 16.725911938078195 ], [ -93.038154650145202, 16.725911938078195 ], [ -93.038154650145202, 16.726181432663431 ], [ -93.038424144730428, 16.726181432663431 ], [ -93.038424144730428, 16.726450927248667 ], [ -93.038963133900907, 16.726450927248667 ], [ -93.038963133900907, 16.726720421833903 ] ] ] ] } },
{ "type": "Feature", "properties": { "ZONA_MET": "Tuxtla_Guti_rrez", "INTENSIDAD": "Intensa", "T_PROM_POL": 4.0, "T_MIN_CIUD": 3.0, "DIF_TERMIC": 1.0 }, "geometry": { "type": "MultiPolygon", "coordinates": [ [ [ [ -92.978865841393301, 16.726720421833903 ], [ -92.978596346808075, 16.726720421833903 ], [ -92.978596346808075, 16.725911938078195 ], [ -92.978865841393301, 16.725911938078195 ], [ -92.978865841393301, 16.725642443492958 ], [ -92.978596346808075, 16.725642443492958 ], [ -92.978596346808075, 16.725103454322486 ], [ -92.978057357637596, 16.725103454322486 ], [ -92.978057357637596, 16.72483395973725 ], [ -92.978326852222835, 16.72483395973725 ], [ -92.978326852222835, 16.724564465152017 ], [ -92.978596346808075, 16.724564465152017 ], [ -92.978596346808075, 16.72483395973725 ], [ -92.97913533597854, 16.72483395973725 ], [ -92.97913533597854, 16.726450927248667 ], [ -92.978865841393301, 16.726450927248667 ], [ -92.978865841393301, 16.726720421833903 ] ] ] ] } },
{ "type": "Feature", "properties": { "ZONA_MET": "Tuxtla_Guti_rrez", "INTENSIDAD": "Intensa", "T_PROM_POL": 4.0, "T_MIN_CIUD": 3.0, "DIF_TERMIC": 1.0 }, "geometry": { "type": "MultiPolygon", "coordinates": [ [ [ [ -93.18826313412157, 16.732379808123856 ], [ -93.187724144951105, 16.732379808123856 ], [ -93.187724144951105, 16.73211031353862 ], [ -93.186915661195385, 16.73211031353862 ], [ -93.186915661195385, 16.732379808123856 ], [ -93.186107177439681, 16.732379808123856 ], [ -93.186107177439681, 16.73022385144197 ], [ -93.18637667202492, 16.73022385144197 ], [ -93.18637667202492, 16.728606883930553 ], [ -93.18664616661016, 16.728606883930553 ], [ -93.18664616661016, 16.729145873101025 ], [ -93.186915661195385, 16.729145873101025 ], [ -93.186915661195385, 16.728337389345317 ], [ -93.18664616661016, 16.728337389345317 ], [ -93.18664616661016, 16.727528905589612 ], [ -93.186915661195385, 16.727528905589612 ], [ -93.186915661195385, 16.727259411004376 ], [ -93.187185155780625, 16.727259411004376 ], [ -93.187185155780625, 16.726989916419139 ], [ -93.186915661195385, 16.726989916419139 ], [ -93.186915661195385, 16.726450927248667 ], [ -93.187185155780625, 16.726450927248667 ], [ -93.187185155780625, 16.726720421833903 ], [ -93.187724144951105, 16.726720421833903 ], [ -93.187724144951105, 16.726450927248667 ], [ -93.18826313412157, 16.726450927248667 ], [ -93.18826313412157, 16.726181432663431 ], [ -93.187724144951105, 16.726181432663431 ], [ -93.187724144951105, 16.725911938078195 ], [ -93.18826313412157, 16.725911938078195 ], [ -93.18826313412157, 16.725372948907722 ], [ -93.18853262870681, 16.725372948907722 ], [ -93.18853262870681, 16.724294970566781 ], [ -93.189341112462515, 16.724294970566781 ], [ -93.189341112462515, 16.725642443492958 ], [ -93.189071617877275, 16.725642443492958 ], [ -93.189071617877275, 16.725911938078195 ], [ -93.189610607047754, 16.725911938078195 ], [ -93.189610607047754, 16.725642443492958 ], [ -93.18988010163298, 16.725642443492958 ], [ -93.18988010163298, 16.725911938078195 ], [ -93.190419090803459, 16.725911938078195 ], [ -93.190419090803459, 16.727259411004376 ], [ -93.18988010163298, 16.727259411004376 ], [ -93.18988010163298, 16.726720421833903 ], [ -93.189610607047754, 16.726720421833903 ], [ -93.189610607047754, 16.727798400174844 ], [ -93.189071617877275, 16.727798400174844 ], [ -93.189071617877275, 16.728876378515789 ], [ -93.18853262870681, 16.728876378515789 ], [ -93.18853262870681, 16.729145873101025 ], [ -93.18826313412157, 16.729145873101025 ], [ -93.18826313412157, 16.729415367686261 ], [ -93.188802123292035, 16.729415367686261 ], [ -93.188802123292035, 16.729684862271498 ], [ -93.189071617877275, 16.729684862271498 ], [ -93.189071617877275, 16.730762840612439 ], [ -93.189341112462515, 16.730762840612439 ], [ -93.189341112462515, 16.731301829782911 ], [ -93.189071617877275, 16.731301829782911 ], [ -93.189071617877275, 16.731840818953383 ], [ -93.188802123292035, 16.731840818953383 ], [ -93.188802123292035, 16.731571324368147 ], [ -93.18826313412157, 16.731571324368147 ], [ -93.18826313412157, 16.732379808123856 ] ], [ [ -93.18799363953633, 16.731571324368147 ], [ -93.18799363953633, 16.731301829782911 ], [ -93.18826313412157, 16.731301829782911 ], [ -93.18826313412157, 16.729954356856734 ], [ -93.18799363953633, 16.729954356856734 ], [ -93.18799363953633, 16.730493346027206 ], [ -93.187724144951105, 16.730493346027206 ], [ -93.187724144951105, 16.73022385144197 ], [ -93.187454650365865, 16.73022385144197 ], [ -93.187454650365865, 16.730493346027206 ], [ -93.186915661195385, 16.730493346027206 ], [ -93.186915661195385, 16.731032335197675 ], [ -93.18664616661016, 16.731032335197675 ], [ -93.18664616661016, 16.731301829782911 ], [ -93.186915661195385, 16.731301829782911 ], [ -93.186915661195385, 16.731571324368147 ], [ -93.18799363953633, 16.731571324368147 ] ], [ [ -93.18799363953633, 16.729954356856734 ], [ -93.18799363953633, 16.729684862271498 ], [ -93.187724144951105, 16.729684862271498 ], [ -93.187724144951105, 16.729954356856734 ], [ -93.18799363953633, 16.729954356856734 ] ], [ [ -93.187724144951105, 16.72806789476008 ], [ -93.187724144951105, 16.727798400174844 ], [ -93.18826313412157, 16.727798400174844 ], [ -93.18826313412157, 16.726720421833903 ], [ -93.187724144951105, 16.726720421833903 ], [ -93.187724144951105, 16.726989916419139 ], [ -93.187454650365865, 16.726989916419139 ], [ -93.187454650365865, 16.72806789476008 ], [ -93.187724144951105, 16.72806789476008 ] ] ] ] } },
{ "type": "Feature", "properties": { "ZONA_MET": "Tuxtla_Guti_rrez", "INTENSIDAD": "Intensa", "T_PROM_POL": 4.0, "T_MIN_CIUD": 3.0, "DIF_TERMIC": 1.0 }, "geometry": { "type": "MultiPolygon", "coordinates": [ [ [ [ -93.037615660974723, 16.733996775635269 ], [ -93.037346166389483, 16.733996775635269 ], [ -93.037346166389483, 16.733727281050037 ], [ -93.036537682633778, 16.733727281050037 ], [ -93.036537682633778, 16.7334577864648 ], [ -93.036268188048538, 16.7334577864648 ], [ -93.036268188048538, 16.733727281050037 ], [ -93.035459704292833, 16.733727281050037 ], [ -93.035459704292833, 16.7334577864648 ], [ -93.033842736781423, 16.7334577864648 ], [ -93.033842736781423, 16.733188291879564 ], [ -93.032764758440479, 16.733188291879564 ], [ -93.032764758440479, 16.732918797294328 ], [ -93.031686780099534, 16.732918797294328 ], [ -93.031686780099534, 16.732379808123856 ], [ -93.031417285514294, 16.732379808123856 ], [ -93.031417285514294, 16.73211031353862 ], [ -93.030878296343829, 16.73211031353862 ], [ -93.030878296343829, 16.731840818953383 ], [ -93.030608801758589, 16.731840818953383 ], [ -93.030608801758589, 16.731571324368147 ], [ -93.030878296343829, 16.731571324368147 ], [ -93.030878296343829, 16.731301829782911 ], [ -93.03033930717335, 16.731301829782911 ], [ -93.03033930717335, 16.730762840612439 ], [ -93.028991834247179, 16.730762840612439 ], [ -93.028991834247179, 16.729415367686261 ], [ -93.02872233966194, 16.729415367686261 ], [ -93.02872233966194, 16.729145873101025 ], [ -93.028991834247179, 16.729145873101025 ], [ -93.028991834247179, 16.728876378515789 ], [ -93.029261328832419, 16.728876378515789 ], [ -93.029261328832419, 16.728606883930553 ], [ -93.029800318002884, 16.728606883930553 ], [ -93.029800318002884, 16.728337389345317 ], [ -93.030069812588124, 16.728337389345317 ], [ -93.030069812588124, 16.72806789476008 ], [ -93.030608801758589, 16.72806789476008 ], [ -93.030608801758589, 16.727259411004376 ], [ -93.030878296343829, 16.727259411004376 ], [ -93.030878296343829, 16.726989916419139 ], [ -93.031417285514294, 16.726989916419139 ], [ -93.031417285514294, 16.726720421833903 ], [ -93.030878296343829, 16.726720421833903 ], [ -93.030878296343829, 16.726450927248667 ], [ -93.031417285514294, 16.726450927248667 ], [ -93.031417285514294, 16.726181432663431 ], [ -93.030878296343829, 16.726181432663431 ], [ -93.030878296343829, 16.725911938078195 ], [ -93.031686780099534, 16.725911938078195 ], [ -93.031686780099534, 16.726450927248667 ], [ -93.031956274684774, 16.726450927248667 ], [ -93.031956274684774, 16.726181432663431 ], [ -93.032225769270013, 16.726181432663431 ], [ -93.032225769270013, 16.725642443492958 ], [ -93.031956274684774, 16.725642443492958 ], [ -93.031956274684774, 16.725372948907722 ], [ -93.031417285514294, 16.725372948907722 ], [ -93.031417285514294, 16.725642443492958 ], [ -93.030878296343829, 16.725642443492958 ], [ -93.030878296343829, 16.725103454322486 ], [ -93.030608801758589, 16.725103454322486 ], [ -93.030608801758589, 16.724564465152017 ], [ -93.031417285514294, 16.724564465152017 ], [ -93.031417285514294, 16.724294970566781 ], [ -93.031686780099534, 16.724294970566781 ], [ -93.031686780099534, 16.724564465152017 ], [ -93.031956274684774, 16.724564465152017 ], [ -93.031956274684774, 16.725103454322486 ], [ -93.032225769270013, 16.725103454322486 ], [ -93.032225769270013, 16.72483395973725 ], [ -93.032495263855239, 16.72483395973725 ], [ -93.032495263855239, 16.725372948907722 ], [ -93.032764758440479, 16.725372948907722 ], [ -93.032764758440479, 16.725642443492958 ], [ -93.032495263855239, 16.725642443492958 ], [ -93.032495263855239, 16.726181432663431 ], [ -93.032764758440479, 16.726181432663431 ], [ -93.032764758440479, 16.726450927248667 ], [ -93.033034253025718, 16.726450927248667 ], [ -93.033034253025718, 16.727259411004376 ], [ -93.033303747610944, 16.727259411004376 ], [ -93.033303747610944, 16.727798400174844 ], [ -93.034112231366663, 16.727798400174844 ], [ -93.034112231366663, 16.72806789476008 ], [ -93.034651220537128, 16.72806789476008 ], [ -93.034651220537128, 16.728337389345317 ], [ -93.034920715122368, 16.728337389345317 ], [ -93.034920715122368, 16.728606883930553 ], [ -93.035190209707608, 16.728606883930553 ], [ -93.035190209707608, 16.728337389345317 ], [ -93.035459704292833, 16.728337389345317 ], [ -93.035459704292833, 16.728606883930553 ], [ -93.036807177219018, 16.728606883930553 ], [ -93.036807177219018, 16.728876378515789 ], [ -93.038693639315667, 16.728876378515789 ], [ -93.038693639315667, 16.729415367686261 ], [ -93.038963133900907, 16.729415367686261 ], [ -93.038963133900907, 16.729145873101025 ], [ -93.039232628486133, 16.729145873101025 ], [ -93.039232628486133, 16.729415367686261 ], [ -93.040041112241852, 16.729415367686261 ], [ -93.040041112241852, 16.728876378515789 ], [ -93.039771617656612, 16.728876378515789 ], [ -93.039771617656612, 16.727798400174844 ], [ -93.040041112241852, 16.727798400174844 ], [ -93.040041112241852, 16.72806789476008 ], [ -93.040580101412317, 16.72806789476008 ], [ -93.040580101412317, 16.728337389345317 ], [ -93.041388585168022, 16.728337389345317 ], [ -93.041388585168022, 16.728606883930553 ], [ -93.041119090582797, 16.728606883930553 ], [ -93.041119090582797, 16.729415367686261 ], [ -93.040310606827077, 16.729415367686261 ], [ -93.040310606827077, 16.729954356856734 ], [ -93.040849595997557, 16.729954356856734 ], [ -93.040849595997557, 16.73022385144197 ], [ -93.041119090582797, 16.73022385144197 ], [ -93.041119090582797, 16.729954356856734 ], [ -93.041388585168022, 16.729954356856734 ], [ -93.041388585168022, 16.730762840612439 ], [ -93.041658079753262, 16.730762840612439 ], [ -93.041658079753262, 16.730493346027206 ], [ -93.041927574338501, 16.730493346027206 ], [ -93.041927574338501, 16.73022385144197 ], [ -93.042466563508967, 16.73022385144197 ], [ -93.042466563508967, 16.731301829782911 ], [ -93.042197068923741, 16.731301829782911 ], [ -93.042197068923741, 16.731032335197675 ], [ -93.040849595997557, 16.731032335197675 ], [ -93.040849595997557, 16.730762840612439 ], [ -93.040580101412317, 16.730762840612439 ], [ -93.040580101412317, 16.731032335197675 ], [ -93.040041112241852, 16.731032335197675 ], [ -93.040041112241852, 16.731571324368147 ], [ -93.039771617656612, 16.731571324368147 ], [ -93.039771617656612, 16.73211031353862 ], [ -93.040041112241852, 16.73211031353862 ], [ -93.040041112241852, 16.731840818953383 ], [ -93.040310606827077, 16.731840818953383 ], [ -93.040310606827077, 16.73211031353862 ], [ -93.040580101412317, 16.73211031353862 ], [ -93.040580101412317, 16.732649302709092 ], [ -93.040310606827077, 16.732649302709092 ], [ -93.040310606827077, 16.732918797294328 ], [ -93.039771617656612, 16.732918797294328 ], [ -93.039771617656612, 16.7334577864648 ], [ -93.039502123071372, 16.7334577864648 ], [ -93.039502123071372, 16.733727281050037 ], [ -93.038963133900907, 16.733727281050037 ], [ -93.038963133900907, 16.7334577864648 ], [ -93.038693639315667, 16.7334577864648 ], [ -93.038693639315667, 16.733727281050037 ], [ -93.038424144730428, 16.733727281050037 ], [ -93.038424144730428, 16.7334577864648 ], [ -93.038154650145202, 16.7334577864648 ], [ -93.038154650145202, 16.733727281050037 ], [ -93.037615660974723, 16.733727281050037 ], [ -93.037615660974723, 16.733996775635269 ] ], [ [ -93.037885155559962, 16.733188291879564 ], [ -93.037885155559962, 16.732379808123856 ], [ -93.037615660974723, 16.732379808123856 ], [ -93.037615660974723, 16.73211031353862 ], [ -93.037346166389483, 16.73211031353862 ], [ -93.037346166389483, 16.731840818953383 ], [ -93.036807177219018, 16.731840818953383 ], [ -93.036807177219018, 16.732649302709092 ], [ -93.037076671804257, 16.732649302709092 ], [ -93.037076671804257, 16.732918797294328 ], [ -93.037615660974723, 16.732918797294328 ], [ -93.037615660974723, 16.733188291879564 ], [ -93.037885155559962, 16.733188291879564 ] ], [ [ -93.034112231366663, 16.732918797294328 ], [ -93.034112231366663, 16.73211031353862 ], [ -93.033842736781423, 16.73211031353862 ], [ -93.033842736781423, 16.732918797294328 ], [ -93.034112231366663, 16.732918797294328 ] ], [ [ -93.038693639315667, 16.73211031353862 ], [ -93.038693639315667, 16.731571324368147 ], [ -93.038963133900907, 16.731571324368147 ], [ -93.038963133900907, 16.731301829782911 ], [ -93.038693639315667, 16.731301829782911 ], [ -93.038693639315667, 16.731032335197675 ], [ -93.037885155559962, 16.731032335197675 ], [ -93.037885155559962, 16.731571324368147 ], [ -93.038154650145202, 16.731571324368147 ], [ -93.038154650145202, 16.73211031353862 ], [ -93.038693639315667, 16.73211031353862 ] ], [ [ -93.033034253025718, 16.73211031353862 ], [ -93.033034253025718, 16.731840818953383 ], [ -93.032495263855239, 16.731840818953383 ], [ -93.032495263855239, 16.73211031353862 ], [ -93.033034253025718, 16.73211031353862 ] ], [ [ -93.034381725951889, 16.731840818953383 ], [ -93.034381725951889, 16.731571324368147 ], [ -93.034112231366663, 16.731571324368147 ], [ -93.034112231366663, 16.731840818953383 ], [ -93.034381725951889, 16.731840818953383 ] ], [ [ -93.034651220537128, 16.731032335197675 ], [ -93.034651220537128, 16.730762840612439 ], [ -93.034920715122368, 16.730762840612439 ], [ -93.034920715122368, 16.73022385144197 ], [ -93.034381725951889, 16.73022385144197 ], [ -93.034381725951889, 16.730493346027206 ], [ -93.034112231366663, 16.730493346027206 ], [ -93.034112231366663, 16.730762840612439 ], [ -93.033842736781423, 16.730762840612439 ], [ -93.033842736781423, 16.731032335197675 ], [ -93.034651220537128, 16.731032335197675 ] ], [ [ -93.040041112241852, 16.730762840612439 ], [ -93.040041112241852, 16.729954356856734 ], [ -93.039232628486133, 16.729954356856734 ], [ -93.039232628486133, 16.730493346027206 ], [ -93.039502123071372, 16.730493346027206 ], [ -93.039502123071372, 16.730762840612439 ], [ -93.040041112241852, 16.730762840612439 ] ], [ [ -93.033842736781423, 16.730493346027206 ], [ -93.033842736781423, 16.73022385144197 ], [ -93.034381725951889, 16.73022385144197 ], [ -93.034381725951889, 16.729954356856734 ], [ -93.034112231366663, 16.729954356856734 ], [ -93.034112231366663, 16.729415367686261 ], [ -93.033842736781423, 16.729415367686261 ], [ -93.033842736781423, 16.729684862271498 ], [ -93.033573242196184, 16.729684862271498 ], [ -93.033573242196184, 16.73022385144197 ], [ -93.033034253025718, 16.73022385144197 ], [ -93.033034253025718, 16.730493346027206 ], [ -93.033842736781423, 16.730493346027206 ] ], [ [ -93.029800318002884, 16.729954356856734 ], [ -93.029800318002884, 16.729145873101025 ], [ -93.029530823417645, 16.729145873101025 ], [ -93.029530823417645, 16.729415367686261 ], [ -93.029261328832419, 16.729415367686261 ], [ -93.029261328832419, 16.729954356856734 ], [ -93.029800318002884, 16.729954356856734 ] ], [ [ -93.033303747610944, 16.729684862271498 ], [ -93.033303747610944, 16.729415367686261 ], [ -93.033034253025718, 16.729415367686261 ], [ -93.033034253025718, 16.729684862271498 ], [ -93.033303747610944, 16.729684862271498 ] ], [ [ -93.032225769270013, 16.729145873101025 ], [ -93.032225769270013, 16.728876378515789 ], [ -93.031956274684774, 16.728876378515789 ], [ -93.031956274684774, 16.729145873101025 ], [ -93.032225769270013, 16.729145873101025 ] ], [ [ -93.040310606827077, 16.728876378515789 ], [ -93.040310606827077, 16.728606883930553 ], [ -93.040041112241852, 16.728606883930553 ], [ -93.040041112241852, 16.728876378515789 ], [ -93.040310606827077, 16.728876378515789 ] ], [ [ -93.033573242196184, 16.728337389345317 ], [ -93.033573242196184, 16.72806789476008 ], [ -93.033303747610944, 16.72806789476008 ], [ -93.033303747610944, 16.728337389345317 ], [ -93.033573242196184, 16.728337389345317 ] ], [ [ -93.031686780099534, 16.727798400174844 ], [ -93.031686780099534, 16.727528905589612 ], [ -93.031956274684774, 16.727528905589612 ], [ -93.031956274684774, 16.727259411004376 ], [ -93.031417285514294, 16.727259411004376 ], [ -93.031417285514294, 16.727528905589612 ], [ -93.030878296343829, 16.727528905589612 ], [ -93.030878296343829, 16.727798400174844 ], [ -93.031686780099534, 16.727798400174844 ] ], [ [ -93.032225769270013, 16.727259411004376 ], [ -93.032225769270013, 16.726720421833903 ], [ -93.032495263855239, 16.726720421833903 ], [ -93.032495263855239, 16.726450927248667 ], [ -93.031956274684774, 16.726450927248667 ], [ -93.031956274684774, 16.727259411004376 ], [ -93.032225769270013, 16.727259411004376 ] ], [ [ -93.032764758440479, 16.726989916419139 ], [ -93.032764758440479, 16.726720421833903 ], [ -93.032495263855239, 16.726720421833903 ], [ -93.032495263855239, 16.726989916419139 ], [ -93.032764758440479, 16.726989916419139 ] ] ] ] } },
{ "type": "Feature", "properties": { "ZONA_MET": "Tuxtla_Guti_rrez", "INTENSIDAD": "Intensa", "T_PROM_POL": 4.0, "T_MIN_CIUD": 3.0, "DIF_TERMIC": 1.0 }, "geometry": { "type": "MultiPolygon", "coordinates": [ [ [ [ -93.173710426518838, 16.725911938078195 ], [ -93.172901942763133, 16.725911938078195 ], [ -93.172901942763133, 16.725372948907722 ], [ -93.173171437348358, 16.725372948907722 ], [ -93.173171437348358, 16.724564465152017 ], [ -93.172901942763133, 16.724564465152017 ], [ -93.172901942763133, 16.724294970566781 ], [ -93.173171437348358, 16.724294970566781 ], [ -93.173171437348358, 16.724025475981545 ], [ -93.172632448177893, 16.724025475981545 ], [ -93.172632448177893, 16.723755981396309 ], [ -93.173440931933598, 16.723755981396309 ], [ -93.173440931933598, 16.724294970566781 ], [ -93.174518910274543, 16.724294970566781 ], [ -93.174518910274543, 16.723755981396309 ], [ -93.175057899445008, 16.723755981396309 ], [ -93.175057899445008, 16.724025475981545 ], [ -93.174788404859783, 16.724025475981545 ], [ -93.174788404859783, 16.724294970566781 ], [ -93.175057899445008, 16.724294970566781 ], [ -93.175057899445008, 16.725103454322486 ], [ -93.174788404859783, 16.725103454322486 ], [ -93.174788404859783, 16.725372948907722 ], [ -93.174249415689303, 16.725372948907722 ], [ -93.174249415689303, 16.725642443492958 ], [ -93.173710426518838, 16.725642443492958 ], [ -93.173710426518838, 16.725911938078195 ] ] ] ] } },
{ "type": "Feature", "properties": { "ZONA_MET": "Tuxtla_Guti_rrez", "INTENSIDAD": "Extrema", "T_PROM_POL": 4.0, "T_MIN_CIUD": 3.0, "DIF_TERMIC": 1.0 }, "geometry": { "type": "MultiPolygon", "coordinates": [ [ [ [ -93.180986780320197, 16.725372948907722 ], [ -93.180717285734971, 16.725372948907722 ], [ -93.180717285734971, 16.724564465152017 ], [ -93.180447791149732, 16.724564465152017 ], [ -93.180447791149732, 16.724294970566781 ], [ -93.180178296564492, 16.724294970566781 ], [ -93.180178296564492, 16.723755981396309 ], [ -93.180447791149732, 16.723755981396309 ], [ -93.180447791149732, 16.723486486811073 ], [ -93.180717285734971, 16.723486486811073 ], [ -93.180717285734971, 16.723755981396309 ], [ -93.180986780320197, 16.723755981396309 ], [ -93.180986780320197, 16.723486486811073 ], [ -93.181256274905436, 16.723486486811073 ], [ -93.181256274905436, 16.723216992225836 ], [ -93.181525769490676, 16.723216992225836 ], [ -93.181525769490676, 16.723486486811073 ], [ -93.181795264075916, 16.723486486811073 ], [ -93.181795264075916, 16.723755981396309 ], [ -93.181525769490676, 16.723755981396309 ], [ -93.181525769490676, 16.724025475981545 ], [ -93.181256274905436, 16.724025475981545 ], [ -93.181256274905436, 16.724564465152017 ], [ -93.181525769490676, 16.724564465152017 ], [ -93.181525769490676, 16.72483395973725 ], [ -93.180986780320197, 16.72483395973725 ], [ -93.180986780320197, 16.725372948907722 ] ] ] ] } },
{ "type": "Feature", "properties": { "ZONA_MET": "Tuxtla_Guti_rrez", "INTENSIDAD": "Extrema", "T_PROM_POL": 4.0, "T_MIN_CIUD": 3.0, "DIF_TERMIC": 1.0 }, "geometry": { "type": "MultiPolygon", "coordinates": [ [ [ [ -93.009857718695429, 16.724294970566781 ], [ -93.009318729524963, 16.724294970566781 ], [ -93.009318729524963, 16.724025475981545 ], [ -93.009588224110189, 16.724025475981545 ], [ -93.009588224110189, 16.723755981396309 ], [ -93.010396707865908, 16.723755981396309 ], [ -93.010396707865908, 16.723216992225836 ], [ -93.010127213280668, 16.723216992225836 ], [ -93.010127213280668, 16.7229474976406 ], [ -93.009588224110189, 16.7229474976406 ], [ -93.009588224110189, 16.722408508470128 ], [ -93.010127213280668, 16.722408508470128 ], [ -93.010127213280668, 16.722678003055364 ], [ -93.010666202451134, 16.722678003055364 ], [ -93.010666202451134, 16.7229474976406 ], [ -93.010935697036373, 16.7229474976406 ], [ -93.010935697036373, 16.723486486811073 ], [ -93.011205191621613, 16.723486486811073 ], [ -93.011205191621613, 16.723755981396309 ], [ -93.010935697036373, 16.723755981396309 ], [ -93.010935697036373, 16.724025475981545 ], [ -93.009857718695429, 16.724025475981545 ], [ -93.009857718695429, 16.724294970566781 ] ] ] ] } },
{ "type": "Feature", "properties": { "ZONA_MET": "Tuxtla_Guti_rrez", "INTENSIDAD": "Intensa", "T_PROM_POL": 4.0, "T_MIN_CIUD": 3.0, "DIF_TERMIC": 1.0 }, "geometry": { "type": "MultiPolygon", "coordinates": [ [ [ [ -93.180717285734971, 16.726989916419139 ], [ -93.180447791149732, 16.726989916419139 ], [ -93.180447791149732, 16.726450927248667 ], [ -93.181256274905436, 16.726450927248667 ], [ -93.181256274905436, 16.726181432663431 ], [ -93.181525769490676, 16.726181432663431 ], [ -93.181525769490676, 16.725103454322486 ], [ -93.181795264075916, 16.725103454322486 ], [ -93.181795264075916, 16.72483395973725 ], [ -93.181525769490676, 16.72483395973725 ], [ -93.181525769490676, 16.724564465152017 ], [ -93.181256274905436, 16.724564465152017 ], [ -93.181256274905436, 16.724025475981545 ], [ -93.181525769490676, 16.724025475981545 ], [ -93.181525769490676, 16.723755981396309 ], [ -93.182064758661141, 16.723755981396309 ], [ -93.182064758661141, 16.724025475981545 ], [ -93.182334253246381, 16.724025475981545 ], [ -93.182334253246381, 16.724564465152017 ], [ -93.183681726172566, 16.724564465152017 ], [ -93.183681726172566, 16.724025475981545 ], [ -93.183951220757791, 16.724025475981545 ], [ -93.183951220757791, 16.7229474976406 ], [ -93.184220715343031, 16.7229474976406 ], [ -93.184220715343031, 16.722139013884892 ], [ -93.184490209928271, 16.722139013884892 ], [ -93.184490209928271, 16.721869519299656 ], [ -93.185568188269215, 16.721869519299656 ], [ -93.185568188269215, 16.7229474976406 ], [ -93.185298693683976, 16.7229474976406 ], [ -93.185298693683976, 16.723216992225836 ], [ -93.18475970451351, 16.723216992225836 ], [ -93.18475970451351, 16.724025475981545 ], [ -93.185029199098736, 16.724025475981545 ], [ -93.185029199098736, 16.724294970566781 ], [ -93.185298693683976, 16.724294970566781 ], [ -93.185298693683976, 16.724564465152017 ], [ -93.18475970451351, 16.724564465152017 ], [ -93.18475970451351, 16.724294970566781 ], [ -93.184490209928271, 16.724294970566781 ], [ -93.184490209928271, 16.724564465152017 ], [ -93.184220715343031, 16.724564465152017 ], [ -93.184220715343031, 16.72483395973725 ], [ -93.183951220757791, 16.72483395973725 ], [ -93.183951220757791, 16.725372948907722 ], [ -93.183681726172566, 16.725372948907722 ], [ -93.183681726172566, 16.725642443492958 ], [ -93.183412231587326, 16.725642443492958 ], [ -93.183412231587326, 16.725911938078195 ], [ -93.183142737002086, 16.725911938078195 ], [ -93.183142737002086, 16.726181432663431 ], [ -93.182603747831621, 16.726181432663431 ], [ -93.182603747831621, 16.725911938078195 ], [ -93.182334253246381, 16.725911938078195 ], [ -93.182334253246381, 16.725642443492958 ], [ -93.181795264075916, 16.725642443492958 ], [ -93.181795264075916, 16.726181432663431 ], [ -93.182064758661141, 16.726181432663431 ], [ -93.182064758661141, 16.726720421833903 ], [ -93.180717285734971, 16.726720421833903 ], [ -93.180717285734971, 16.726989916419139 ] ], [ [ -93.18475970451351, 16.723216992225836 ], [ -93.18475970451351, 16.7229474976406 ], [ -93.184490209928271, 16.7229474976406 ], [ -93.184490209928271, 16.723216992225836 ], [ -93.18475970451351, 16.723216992225836 ] ] ] ] } },
{ "type": "Feature", "properties": { "ZONA_MET": "Tuxtla_Guti_rrez", "INTENSIDAD": "Intensa", "T_PROM_POL": 4.0, "T_MIN_CIUD": 3.0, "DIF_TERMIC": 1.0 }, "geometry": { "type": "MultiPolygon", "coordinates": [ [ [ [ -93.019829018349157, 16.723216992225836 ], [ -93.019290029178691, 16.723216992225836 ], [ -93.019290029178691, 16.7229474976406 ], [ -93.017942556252507, 16.7229474976406 ], [ -93.017942556252507, 16.722408508470128 ], [ -93.018751040008212, 16.722408508470128 ], [ -93.018751040008212, 16.721869519299656 ], [ -93.018212050837747, 16.721869519299656 ], [ -93.018212050837747, 16.721330530129187 ], [ -93.018751040008212, 16.721330530129187 ], [ -93.018751040008212, 16.721600024714423 ], [ -93.019290029178691, 16.721600024714423 ], [ -93.019290029178691, 16.721869519299656 ], [ -93.019829018349157, 16.721869519299656 ], [ -93.019829018349157, 16.722408508470128 ], [ -93.020098512934396, 16.722408508470128 ], [ -93.020098512934396, 16.7229474976406 ], [ -93.019829018349157, 16.7229474976406 ], [ -93.019829018349157, 16.723216992225836 ] ] ] ] } },
{ "type": "Feature", "properties": { "ZONA_MET": "Tuxtla_Guti_rrez", "INTENSIDAD": "Extrema", "T_PROM_POL": 4.0, "T_MIN_CIUD": 3.0, "DIF_TERMIC": 1.0 }, "geometry": { "type": "MultiPolygon", "coordinates": [ [ [ [ -93.184490209928271, 16.722139013884892 ], [ -93.183951220757791, 16.722139013884892 ], [ -93.183951220757791, 16.721869519299656 ], [ -93.183681726172566, 16.721869519299656 ], [ -93.183681726172566, 16.722139013884892 ], [ -93.183142737002086, 16.722139013884892 ], [ -93.183142737002086, 16.721869519299656 ], [ -93.181795264075916, 16.721869519299656 ], [ -93.181795264075916, 16.721600024714423 ], [ -93.183142737002086, 16.721600024714423 ], [ -93.183142737002086, 16.721330530129187 ], [ -93.183951220757791, 16.721330530129187 ], [ -93.183951220757791, 16.721600024714423 ], [ -93.185568188269215, 16.721600024714423 ], [ -93.185568188269215, 16.721869519299656 ], [ -93.184490209928271, 16.721869519299656 ], [ -93.184490209928271, 16.722139013884892 ] ] ] ] } },
{ "type": "Feature", "properties": { "ZONA_MET": "Tuxtla_Guti_rrez", "INTENSIDAD": "Intensa", "T_PROM_POL": 4.0, "T_MIN_CIUD": 3.0, "DIF_TERMIC": 1.0 }, "geometry": { "type": "MultiPolygon", "coordinates": [ [ [ [ -93.030608801758589, 16.721869519299656 ], [ -93.030069812588124, 16.721869519299656 ], [ -93.030069812588124, 16.721600024714423 ], [ -93.029800318002884, 16.721600024714423 ], [ -93.029800318002884, 16.720791540958714 ], [ -93.030069812588124, 16.720791540958714 ], [ -93.030069812588124, 16.721061035543951 ], [ -93.03033930717335, 16.721061035543951 ], [ -93.03033930717335, 16.720791540958714 ], [ -93.030878296343829, 16.720791540958714 ], [ -93.030878296343829, 16.721600024714423 ], [ -93.030608801758589, 16.721600024714423 ], [ -93.030608801758589, 16.721869519299656 ] ] ] ] } },
{ "type": "Feature", "properties": { "ZONA_MET": "Tuxtla_Guti_rrez", "INTENSIDAD": "Intensa", "T_PROM_POL": 4.0, "T_MIN_CIUD": 3.0, "DIF_TERMIC": 1.0 }, "geometry": { "type": "MultiPolygon", "coordinates": [ [ [ [ -93.183142737002086, 16.721600024714423 ], [ -93.182334253246381, 16.721600024714423 ], [ -93.182334253246381, 16.720522046373478 ], [ -93.182603747831621, 16.720522046373478 ], [ -93.182603747831621, 16.719983057203006 ], [ -93.182873242416846, 16.719983057203006 ], [ -93.182873242416846, 16.720252551788242 ], [ -93.183142737002086, 16.720252551788242 ], [ -93.183142737002086, 16.720791540958714 ], [ -93.183412231587326, 16.720791540958714 ], [ -93.183412231587326, 16.721330530129187 ], [ -93.183142737002086, 16.721330530129187 ], [ -93.183142737002086, 16.721600024714423 ] ], [ [ -93.183142737002086, 16.721330530129187 ], [ -93.183142737002086, 16.721061035543951 ], [ -93.182873242416846, 16.721061035543951 ], [ -93.182873242416846, 16.721330530129187 ], [ -93.183142737002086, 16.721330530129187 ] ] ] ] } },
{ "type": "Feature", "properties": { "ZONA_MET": "Tuxtla_Guti_rrez", "INTENSIDAD": "Intensa", "T_PROM_POL": 4.0, "T_MIN_CIUD": 3.0, "DIF_TERMIC": 1.0 }, "geometry": { "type": "MultiPolygon", "coordinates": [ [ [ [ -93.177213856126897, 16.721600024714423 ], [ -93.176674866956432, 16.721600024714423 ], [ -93.176674866956432, 16.720791540958714 ], [ -93.176405372371192, 16.720791540958714 ], [ -93.176405372371192, 16.720522046373478 ], [ -93.176674866956432, 16.720522046373478 ], [ -93.176674866956432, 16.719983057203006 ], [ -93.177213856126897, 16.719983057203006 ], [ -93.177213856126897, 16.720791540958714 ], [ -93.176944361541658, 16.720791540958714 ], [ -93.176944361541658, 16.721061035543951 ], [ -93.177483350712137, 16.721061035543951 ], [ -93.177483350712137, 16.721330530129187 ], [ -93.177213856126897, 16.721330530129187 ], [ -93.177213856126897, 16.721600024714423 ] ] ] ] } },
{ "type": "Feature", "properties": { "ZONA_MET": "Tuxtla_Guti_rrez", "INTENSIDAD": "Extrema", "T_PROM_POL": 4.0, "T_MIN_CIUD": 3.0, "DIF_TERMIC": 1.0 }, "geometry": { "type": "MultiPolygon", "coordinates": [ [ [ [ -93.012283169962558, 16.721330530129187 ], [ -93.011744180792078, 16.721330530129187 ], [ -93.011744180792078, 16.721061035543951 ], [ -93.011474686206853, 16.721061035543951 ], [ -93.011474686206853, 16.720791540958714 ], [ -93.011744180792078, 16.720791540958714 ], [ -93.011744180792078, 16.720252551788242 ], [ -93.011205191621613, 16.720252551788242 ], [ -93.011205191621613, 16.719983057203006 ], [ -93.011744180792078, 16.719983057203006 ], [ -93.011744180792078, 16.71971356261777 ], [ -93.012552664547783, 16.71971356261777 ], [ -93.012552664547783, 16.719983057203006 ], [ -93.012822159133023, 16.719983057203006 ], [ -93.012822159133023, 16.720252551788242 ], [ -93.012283169962558, 16.720252551788242 ], [ -93.012283169962558, 16.721330530129187 ] ] ] ] } },
{ "type": "Feature", "properties": { "ZONA_MET": "Tuxtla_Guti_rrez", "INTENSIDAD": "Intensa", "T_PROM_POL": 4.0, "T_MIN_CIUD": 3.0, "DIF_TERMIC": 1.0 }, "geometry": { "type": "MultiPolygon", "coordinates": [ [ [ [ -93.019020534593452, 16.720791540958714 ], [ -93.018212050837747, 16.720791540958714 ], [ -93.018212050837747, 16.720252551788242 ], [ -93.017942556252507, 16.720252551788242 ], [ -93.017942556252507, 16.719983057203006 ], [ -93.017673061667267, 16.719983057203006 ], [ -93.017673061667267, 16.71971356261777 ], [ -93.017942556252507, 16.71971356261777 ], [ -93.017942556252507, 16.719444068032534 ], [ -93.018212050837747, 16.719444068032534 ], [ -93.018212050837747, 16.719174573447297 ], [ -93.017942556252507, 16.719174573447297 ], [ -93.017942556252507, 16.718905078862061 ], [ -93.017673061667267, 16.718905078862061 ], [ -93.017673061667267, 16.718635584276829 ], [ -93.018751040008212, 16.718635584276829 ], [ -93.018751040008212, 16.718905078862061 ], [ -93.019020534593452, 16.718905078862061 ], [ -93.019020534593452, 16.720791540958714 ] ] ] ] } },
{ "type": "Feature", "properties": { "ZONA_MET": "Tuxtla_Guti_rrez", "INTENSIDAD": "Intensa", "T_PROM_POL": 4.0, "T_MIN_CIUD": 3.0, "DIF_TERMIC": 1.0 }, "geometry": { "type": "MultiPolygon", "coordinates": [ [ [ [ -93.174249415689303, 16.721600024714423 ], [ -93.173440931933598, 16.721600024714423 ], [ -93.173440931933598, 16.721330530129187 ], [ -93.173171437348358, 16.721330530129187 ], [ -93.173171437348358, 16.721061035543951 ], [ -93.173710426518838, 16.721061035543951 ], [ -93.173710426518838, 16.720791540958714 ], [ -93.173440931933598, 16.720791540958714 ], [ -93.173440931933598, 16.71971356261777 ], [ -93.173710426518838, 16.71971356261777 ], [ -93.173710426518838, 16.719444068032534 ], [ -93.174249415689303, 16.719444068032534 ], [ -93.174249415689303, 16.719174573447297 ], [ -93.173979921104063, 16.719174573447297 ], [ -93.173979921104063, 16.718635584276829 ], [ -93.174788404859783, 16.718635584276829 ], [ -93.174788404859783, 16.719174573447297 ], [ -93.174518910274543, 16.719174573447297 ], [ -93.174518910274543, 16.719444068032534 ], [ -93.174788404859783, 16.719444068032534 ], [ -93.174788404859783, 16.71971356261777 ], [ -93.175057899445008, 16.71971356261777 ], [ -93.175057899445008, 16.719983057203006 ], [ -93.174788404859783, 16.719983057203006 ], [ -93.174788404859783, 16.720252551788242 ], [ -93.174249415689303, 16.720252551788242 ], [ -93.174249415689303, 16.721600024714423 ] ], [ [ -93.173979921104063, 16.720791540958714 ], [ -93.173979921104063, 16.720252551788242 ], [ -93.173710426518838, 16.720252551788242 ], [ -93.173710426518838, 16.720791540958714 ], [ -93.173979921104063, 16.720791540958714 ] ] ] ] } },
{ "type": "Feature", "properties": { "ZONA_MET": "Tuxtla_Guti_rrez", "INTENSIDAD": "Intensa", "T_PROM_POL": 4.0, "T_MIN_CIUD": 3.0, "DIF_TERMIC": 1.0 }, "geometry": { "type": "MultiPolygon", "coordinates": [ [ [ [ -92.981830281830895, 16.7229474976406 ], [ -92.98129129266043, 16.7229474976406 ], [ -92.98129129266043, 16.722678003055364 ], [ -92.98156078724567, 16.722678003055364 ], [ -92.98156078724567, 16.722139013884892 ], [ -92.981830281830895, 16.722139013884892 ], [ -92.981830281830895, 16.721600024714423 ], [ -92.982099776416135, 16.721600024714423 ], [ -92.982099776416135, 16.721330530129187 ], [ -92.982369271001374, 16.721330530129187 ], [ -92.982369271001374, 16.721061035543951 ], [ -92.982638765586614, 16.721061035543951 ], [ -92.982638765586614, 16.720252551788242 ], [ -92.98290826017184, 16.720252551788242 ], [ -92.98290826017184, 16.718905078862061 ], [ -92.983177754757079, 16.718905078862061 ], [ -92.983177754757079, 16.718366089691592 ], [ -92.984525227683264, 16.718366089691592 ], [ -92.984525227683264, 16.718635584276829 ], [ -92.985333711438969, 16.718635584276829 ], [ -92.985333711438969, 16.718905078862061 ], [ -92.985064216853729, 16.718905078862061 ], [ -92.985064216853729, 16.719174573447297 ], [ -92.984525227683264, 16.719174573447297 ], [ -92.984525227683264, 16.719444068032534 ], [ -92.983986238512784, 16.719444068032534 ], [ -92.983986238512784, 16.720252551788242 ], [ -92.983447249342319, 16.720252551788242 ], [ -92.983447249342319, 16.720522046373478 ], [ -92.983177754757079, 16.720522046373478 ], [ -92.983177754757079, 16.721061035543951 ], [ -92.98290826017184, 16.721061035543951 ], [ -92.98290826017184, 16.721600024714423 ], [ -92.982369271001374, 16.721600024714423 ], [ -92.982369271001374, 16.721869519299656 ], [ -92.982099776416135, 16.721869519299656 ], [ -92.982099776416135, 16.722678003055364 ], [ -92.981830281830895, 16.722678003055364 ], [ -92.981830281830895, 16.7229474976406 ] ] ] ] } },
{ "type": "Feature", "properties": { "ZONA_MET": "Tuxtla_Guti_rrez", "INTENSIDAD": "Extrema", "T_PROM_POL": 4.0, "T_MIN_CIUD": 3.0, "DIF_TERMIC": 1.0 }, "geometry": { "type": "MultiPolygon", "coordinates": [ [ [ [ -93.183951220757791, 16.719174573447297 ], [ -93.183142737002086, 16.719174573447297 ], [ -93.183142737002086, 16.718905078862061 ], [ -93.183412231587326, 16.718905078862061 ], [ -93.183412231587326, 16.718635584276829 ], [ -93.182603747831621, 16.718635584276829 ], [ -93.182603747831621, 16.71782710052112 ], [ -93.183412231587326, 16.71782710052112 ], [ -93.183412231587326, 16.718366089691592 ], [ -93.183681726172566, 16.718366089691592 ], [ -93.183681726172566, 16.718635584276829 ], [ -93.183951220757791, 16.718635584276829 ], [ -93.183951220757791, 16.719174573447297 ] ] ] ] } },
{ "type": "Feature", "properties": { "ZONA_MET": "Tuxtla_Guti_rrez", "INTENSIDAD": "Intensa", "T_PROM_POL": 4.0, "T_MIN_CIUD": 3.0, "DIF_TERMIC": 1.0 }, "geometry": { "type": "MultiPolygon", "coordinates": [ [ [ [ -93.178291834467842, 16.724294970566781 ], [ -93.178022339882602, 16.724294970566781 ], [ -93.178022339882602, 16.724025475981545 ], [ -93.177213856126897, 16.724025475981545 ], [ -93.177213856126897, 16.7229474976406 ], [ -93.176944361541658, 16.7229474976406 ], [ -93.176944361541658, 16.722678003055364 ], [ -93.177213856126897, 16.722678003055364 ], [ -93.177213856126897, 16.722408508470128 ], [ -93.177483350712137, 16.722408508470128 ], [ -93.177483350712137, 16.722139013884892 ], [ -93.177752845297377, 16.722139013884892 ], [ -93.177752845297377, 16.720522046373478 ], [ -93.178022339882602, 16.720522046373478 ], [ -93.178022339882602, 16.720791540958714 ], [ -93.178291834467842, 16.720791540958714 ], [ -93.178291834467842, 16.720252551788242 ], [ -93.178561329053082, 16.720252551788242 ], [ -93.178561329053082, 16.71971356261777 ], [ -93.178830823638322, 16.71971356261777 ], [ -93.178830823638322, 16.719444068032534 ], [ -93.179100318223547, 16.719444068032534 ], [ -93.179100318223547, 16.717288111350648 ], [ -93.179369812808787, 16.717288111350648 ], [ -93.179369812808787, 16.717557605935884 ], [ -93.180447791149732, 16.717557605935884 ], [ -93.180447791149732, 16.718096595106356 ], [ -93.180178296564492, 16.718096595106356 ], [ -93.180178296564492, 16.718366089691592 ], [ -93.179908801979252, 16.718366089691592 ], [ -93.179908801979252, 16.718905078862061 ], [ -93.179639307394027, 16.718905078862061 ], [ -93.179639307394027, 16.719174573447297 ], [ -93.179908801979252, 16.719174573447297 ], [ -93.179908801979252, 16.719444068032534 ], [ -93.179369812808787, 16.719444068032534 ], [ -93.179369812808787, 16.71971356261777 ], [ -93.179100318223547, 16.71971356261777 ], [ -93.179100318223547, 16.720252551788242 ], [ -93.178830823638322, 16.720252551788242 ], [ -93.178830823638322, 16.720522046373478 ], [ -93.178561329053082, 16.720522046373478 ], [ -93.178561329053082, 16.721061035543951 ], [ -93.178291834467842, 16.721061035543951 ], [ -93.178291834467842, 16.721600024714423 ], [ -93.178022339882602, 16.721600024714423 ], [ -93.178022339882602, 16.721869519299656 ], [ -93.178291834467842, 16.721869519299656 ], [ -93.178291834467842, 16.722678003055364 ], [ -93.178022339882602, 16.722678003055364 ], [ -93.178022339882602, 16.723216992225836 ], [ -93.178291834467842, 16.723216992225836 ], [ -93.178291834467842, 16.723486486811073 ], [ -93.178561329053082, 16.723486486811073 ], [ -93.178561329053082, 16.724025475981545 ], [ -93.178291834467842, 16.724025475981545 ], [ -93.178291834467842, 16.724294970566781 ] ], [ [ -93.177752845297377, 16.722678003055364 ], [ -93.177752845297377, 16.722408508470128 ], [ -93.177483350712137, 16.722408508470128 ], [ -93.177483350712137, 16.722678003055364 ], [ -93.177752845297377, 16.722678003055364 ] ] ] ] } },
{ "type": "Feature", "properties": { "ZONA_MET": "Tuxtla_Guti_rrez", "INTENSIDAD": "Intensa", "T_PROM_POL": 4.0, "T_MIN_CIUD": 3.0, "DIF_TERMIC": 1.0 }, "geometry": { "type": "MultiPolygon", "coordinates": [ [ [ [ -92.986411689779914, 16.718366089691592 ], [ -92.985872700609434, 16.718366089691592 ], [ -92.985872700609434, 16.718096595106356 ], [ -92.986142195194674, 16.718096595106356 ], [ -92.986142195194674, 16.71782710052112 ], [ -92.985872700609434, 16.71782710052112 ], [ -92.985872700609434, 16.717557605935884 ], [ -92.985333711438969, 16.717557605935884 ], [ -92.985333711438969, 16.71782710052112 ], [ -92.985064216853729, 16.71782710052112 ], [ -92.985064216853729, 16.717557605935884 ], [ -92.984794722268489, 16.717557605935884 ], [ -92.984794722268489, 16.717018616765412 ], [ -92.985603206024209, 16.717018616765412 ], [ -92.985603206024209, 16.717288111350648 ], [ -92.986142195194674, 16.717288111350648 ], [ -92.986142195194674, 16.717557605935884 ], [ -92.986681184365153, 16.717557605935884 ], [ -92.986681184365153, 16.718096595106356 ], [ -92.986411689779914, 16.718096595106356 ], [ -92.986411689779914, 16.718366089691592 ] ] ] ] } },
{ "type": "Feature", "properties": { "ZONA_MET": "Tuxtla_Guti_rrez", "INTENSIDAD": "Extrema", "T_PROM_POL": 4.0, "T_MIN_CIUD": 3.0, "DIF_TERMIC": 1.0 }, "geometry": { "type": "MultiPolygon", "coordinates": [ [ [ [ -93.182603747831621, 16.717288111350648 ], [ -93.182064758661141, 16.717288111350648 ], [ -93.182064758661141, 16.717018616765412 ], [ -93.181525769490676, 16.717018616765412 ], [ -93.181525769490676, 16.716210133009703 ], [ -93.180986780320197, 16.716210133009703 ], [ -93.180986780320197, 16.715940638424467 ], [ -93.182064758661141, 16.715940638424467 ], [ -93.182064758661141, 16.716479627594939 ], [ -93.182334253246381, 16.716479627594939 ], [ -93.182334253246381, 16.716749122180175 ], [ -93.182603747831621, 16.716749122180175 ], [ -93.182603747831621, 16.717288111350648 ] ] ] ] } },
{ "type": "Feature", "properties": { "ZONA_MET": "Tuxtla_Guti_rrez", "INTENSIDAD": "Intensa", "T_PROM_POL": 4.0, "T_MIN_CIUD": 3.0, "DIF_TERMIC": 1.0 }, "geometry": { "type": "MultiPolygon", "coordinates": [ [ [ [ -93.034381725951889, 16.718635584276829 ], [ -93.034112231366663, 16.718635584276829 ], [ -93.034112231366663, 16.717018616765412 ], [ -93.034651220537128, 16.717018616765412 ], [ -93.034651220537128, 16.716210133009703 ], [ -93.034920715122368, 16.716210133009703 ], [ -93.034920715122368, 16.715940638424467 ], [ -93.035459704292833, 16.715940638424467 ], [ -93.035459704292833, 16.716210133009703 ], [ -93.035190209707608, 16.716210133009703 ], [ -93.035190209707608, 16.716479627594939 ], [ -93.034920715122368, 16.716479627594939 ], [ -93.034920715122368, 16.717288111350648 ], [ -93.034651220537128, 16.717288111350648 ], [ -93.034651220537128, 16.71782710052112 ], [ -93.034381725951889, 16.71782710052112 ], [ -93.034381725951889, 16.718635584276829 ] ] ] ] } },
{ "type": "Feature", "properties": { "ZONA_MET": "Tuxtla_Guti_rrez", "INTENSIDAD": "Intensa", "T_PROM_POL": 4.0, "T_MIN_CIUD": 3.0, "DIF_TERMIC": 1.0 }, "geometry": { "type": "MultiPolygon", "coordinates": [ [ [ [ -93.008510245769259, 16.720791540958714 ], [ -93.007701762013539, 16.720791540958714 ], [ -93.007701762013539, 16.720252551788242 ], [ -93.007432267428314, 16.720252551788242 ], [ -93.007432267428314, 16.719174573447297 ], [ -93.007971256598779, 16.719174573447297 ], [ -93.007971256598779, 16.718366089691592 ], [ -93.007701762013539, 16.718366089691592 ], [ -93.007701762013539, 16.718096595106356 ], [ -93.007432267428314, 16.718096595106356 ], [ -93.007432267428314, 16.716749122180175 ], [ -93.006893278257834, 16.716749122180175 ], [ -93.006893278257834, 16.716479627594939 ], [ -93.006623783672595, 16.716479627594939 ], [ -93.006623783672595, 16.716210133009703 ], [ -93.006354289087369, 16.716210133009703 ], [ -93.006354289087369, 16.715940638424467 ], [ -93.005545805331664, 16.715940638424467 ], [ -93.005545805331664, 16.716210133009703 ], [ -93.005006816161185, 16.716210133009703 ], [ -93.005006816161185, 16.715940638424467 ], [ -93.004737321575945, 16.715940638424467 ], [ -93.004737321575945, 16.716479627594939 ], [ -93.004467826990719, 16.716479627594939 ], [ -93.004467826990719, 16.716749122180175 ], [ -93.00419833240548, 16.716749122180175 ], [ -93.00419833240548, 16.715940638424467 ], [ -93.004467826990719, 16.715940638424467 ], [ -93.004467826990719, 16.715671143839234 ], [ -93.004737321575945, 16.715671143839234 ], [ -93.004737321575945, 16.715401649253998 ], [ -93.006084794502129, 16.715401649253998 ], [ -93.006084794502129, 16.715671143839234 ], [ -93.006893278257834, 16.715671143839234 ], [ -93.006893278257834, 16.715940638424467 ], [ -93.007162772843074, 16.715940638424467 ], [ -93.007162772843074, 16.716210133009703 ], [ -93.007971256598779, 16.716210133009703 ], [ -93.007971256598779, 16.716479627594939 ], [ -93.008240751184019, 16.716479627594939 ], [ -93.008240751184019, 16.716749122180175 ], [ -93.007971256598779, 16.716749122180175 ], [ -93.007971256598779, 16.718096595106356 ], [ -93.008240751184019, 16.718096595106356 ], [ -93.008240751184019, 16.71782710052112 ], [ -93.008779740354484, 16.71782710052112 ], [ -93.008779740354484, 16.718096595106356 ], [ -93.009049234939724, 16.718096595106356 ], [ -93.009049234939724, 16.718635584276829 ], [ -93.009318729524963, 16.718635584276829 ], [ -93.009318729524963, 16.718905078862061 ], [ -93.009049234939724, 16.718905078862061 ], [ -93.009049234939724, 16.719174573447297 ], [ -93.009588224110189, 16.719174573447297 ], [ -93.009588224110189, 16.718635584276829 ], [ -93.009857718695429, 16.718635584276829 ], [ -93.009857718695429, 16.718366089691592 ], [ -93.009588224110189, 16.718366089691592 ], [ -93.009588224110189, 16.718096595106356 ], [ -93.010396707865908, 16.718096595106356 ], [ -93.010396707865908, 16.718366089691592 ], [ -93.010666202451134, 16.718366089691592 ], [ -93.010666202451134, 16.718635584276829 ], [ -93.010935697036373, 16.718635584276829 ], [ -93.010935697036373, 16.718366089691592 ], [ -93.011474686206853, 16.718366089691592 ], [ -93.011474686206853, 16.718635584276829 ], [ -93.011744180792078, 16.718635584276829 ], [ -93.011744180792078, 16.718905078862061 ], [ -93.012013675377318, 16.718905078862061 ], [ -93.012013675377318, 16.719174573447297 ], [ -93.012283169962558, 16.719174573447297 ], [ -93.012283169962558, 16.718635584276829 ], [ -93.012552664547783, 16.718635584276829 ], [ -93.012552664547783, 16.718366089691592 ], [ -93.012822159133023, 16.718366089691592 ], [ -93.012822159133023, 16.718635584276829 ], [ -93.013091653718263, 16.718635584276829 ], [ -93.013091653718263, 16.719174573447297 ], [ -93.012552664547783, 16.719174573447297 ], [ -93.012552664547783, 16.71971356261777 ], [ -93.011744180792078, 16.71971356261777 ], [ -93.011744180792078, 16.719444068032534 ], [ -93.010935697036373, 16.719444068032534 ], [ -93.010935697036373, 16.720252551788242 ], [ -93.010666202451134, 16.720252551788242 ], [ -93.010666202451134, 16.71971356261777 ], [ -93.010396707865908, 16.71971356261777 ], [ -93.010396707865908, 16.720252551788242 ], [ -93.010127213280668, 16.720252551788242 ], [ -93.010127213280668, 16.720522046373478 ], [ -93.009857718695429, 16.720522046373478 ], [ -93.009857718695429, 16.719444068032534 ], [ -93.009588224110189, 16.719444068032534 ], [ -93.009588224110189, 16.71971356261777 ], [ -93.009318729524963, 16.71971356261777 ], [ -93.009318729524963, 16.719983057203006 ], [ -93.007971256598779, 16.719983057203006 ], [ -93.007971256598779, 16.720252551788242 ], [ -93.008240751184019, 16.720252551788242 ], [ -93.008240751184019, 16.720522046373478 ], [ -93.008510245769259, 16.720522046373478 ], [ -93.008510245769259, 16.720791540958714 ] ], [ [ -93.008779740354484, 16.719174573447297 ], [ -93.008779740354484, 16.718905078862061 ], [ -93.008240751184019, 16.718905078862061 ], [ -93.008240751184019, 16.719174573447297 ], [ -93.008779740354484, 16.719174573447297 ] ] ] ] } },
{ "type": "Feature", "properties": { "ZONA_MET": "Tuxtla_Guti_rrez", "INTENSIDAD": "Extrema", "T_PROM_POL": 4.0, "T_MIN_CIUD": 3.0, "DIF_TERMIC": 1.0 }, "geometry": { "type": "MultiPolygon", "coordinates": [ [ [ [ -93.00419833240548, 16.717288111350648 ], [ -93.00392883782024, 16.717288111350648 ], [ -93.00392883782024, 16.716749122180175 ], [ -93.003659343235, 16.716749122180175 ], [ -93.003659343235, 16.716479627594939 ], [ -93.003389848649775, 16.716479627594939 ], [ -93.003389848649775, 16.716210133009703 ], [ -93.003659343235, 16.716210133009703 ], [ -93.003659343235, 16.715940638424467 ], [ -93.003389848649775, 16.715940638424467 ], [ -93.003389848649775, 16.715401649253998 ], [ -93.00419833240548, 16.715401649253998 ], [ -93.00419833240548, 16.715671143839234 ], [ -93.004467826990719, 16.715671143839234 ], [ -93.004467826990719, 16.715940638424467 ], [ -93.00419833240548, 16.715940638424467 ], [ -93.00419833240548, 16.716210133009703 ], [ -93.00392883782024, 16.716210133009703 ], [ -93.00392883782024, 16.716479627594939 ], [ -93.00419833240548, 16.716479627594939 ], [ -93.00419833240548, 16.717288111350648 ] ] ] ] } },
{ "type": "Feature", "properties": { "ZONA_MET": "Tuxtla_Guti_rrez", "INTENSIDAD": "Intensa", "T_PROM_POL": 4.0, "T_MIN_CIUD": 3.0, "DIF_TERMIC": 1.0 }, "geometry": { "type": "MultiPolygon", "coordinates": [ [ [ [ -93.169937502325539, 16.715940638424467 ], [ -93.169129018569819, 16.715940638424467 ], [ -93.169129018569819, 16.715401649253998 ], [ -93.168590029399354, 16.715401649253998 ], [ -93.168590029399354, 16.715132154668762 ], [ -93.169129018569819, 16.715132154668762 ], [ -93.169129018569819, 16.71459316549829 ], [ -93.169937502325539, 16.71459316549829 ], [ -93.169937502325539, 16.714862660083526 ], [ -93.170745986081243, 16.714862660083526 ], [ -93.170745986081243, 16.715671143839234 ], [ -93.170476491496004, 16.715671143839234 ], [ -93.170476491496004, 16.715401649253998 ], [ -93.169668007740299, 16.715401649253998 ], [ -93.169668007740299, 16.715671143839234 ], [ -93.169937502325539, 16.715671143839234 ], [ -93.169937502325539, 16.715940638424467 ] ] ] ] } },
{ "type": "Feature", "properties": { "ZONA_MET": "Tuxtla_Guti_rrez", "INTENSIDAD": "Intensa", "T_PROM_POL": 4.0, "T_MIN_CIUD": 3.0, "DIF_TERMIC": 1.0 }, "geometry": { "type": "MultiPolygon", "coordinates": [ [ [ [ -92.987489668120858, 16.715401649253998 ], [ -92.986411689779914, 16.715401649253998 ], [ -92.986411689779914, 16.715132154668762 ], [ -92.986142195194674, 16.715132154668762 ], [ -92.986142195194674, 16.71459316549829 ], [ -92.986411689779914, 16.71459316549829 ], [ -92.986411689779914, 16.714323670913053 ], [ -92.985872700609434, 16.714323670913053 ], [ -92.985872700609434, 16.714054176327817 ], [ -92.986950678950379, 16.714054176327817 ], [ -92.986950678950379, 16.71459316549829 ], [ -92.987220173535619, 16.71459316549829 ], [ -92.987220173535619, 16.715132154668762 ], [ -92.987489668120858, 16.715132154668762 ], [ -92.987489668120858, 16.715401649253998 ] ] ] ] } },
{ "type": "Feature", "properties": { "ZONA_MET": "Tuxtla_Guti_rrez", "INTENSIDAD": "Intensa", "T_PROM_POL": 4.0, "T_MIN_CIUD": 3.0, "DIF_TERMIC": 1.0 }, "geometry": { "type": "MultiPolygon", "coordinates": [ [ [ [ -93.170476491496004, 16.713784681742581 ], [ -93.170206996910764, 16.713784681742581 ], [ -93.170206996910764, 16.712706703401636 ], [ -93.170476491496004, 16.712706703401636 ], [ -93.170476491496004, 16.712437208816404 ], [ -93.170745986081243, 16.712437208816404 ], [ -93.170745986081243, 16.712167714231168 ], [ -93.171015480666469, 16.712167714231168 ], [ -93.171015480666469, 16.712706703401636 ], [ -93.171284975251709, 16.712706703401636 ], [ -93.171284975251709, 16.713245692572109 ], [ -93.170476491496004, 16.713245692572109 ], [ -93.170476491496004, 16.713784681742581 ] ] ] ] } },
{ "type": "Feature", "properties": { "ZONA_MET": "Tuxtla_Guti_rrez", "INTENSIDAD": "Intensa", "T_PROM_POL": 4.0, "T_MIN_CIUD": 3.0, "DIF_TERMIC": 1.0 }, "geometry": { "type": "MultiPolygon", "coordinates": [ [ [ [ -93.175057899445008, 16.715671143839234 ], [ -93.174788404859783, 16.715671143839234 ], [ -93.174788404859783, 16.715132154668762 ], [ -93.174249415689303, 16.715132154668762 ], [ -93.174249415689303, 16.714862660083526 ], [ -93.173979921104063, 16.714862660083526 ], [ -93.173979921104063, 16.71459316549829 ], [ -93.174249415689303, 16.71459316549829 ], [ -93.174249415689303, 16.713784681742581 ], [ -93.173710426518838, 16.713784681742581 ], [ -93.173710426518838, 16.713245692572109 ], [ -93.173440931933598, 16.713245692572109 ], [ -93.173440931933598, 16.712706703401636 ], [ -93.173710426518838, 16.712706703401636 ], [ -93.173710426518838, 16.711898219645931 ], [ -93.172901942763133, 16.711898219645931 ], [ -93.172901942763133, 16.712167714231168 ], [ -93.172632448177893, 16.712167714231168 ], [ -93.172632448177893, 16.711898219645931 ], [ -93.172362953592653, 16.711898219645931 ], [ -93.172362953592653, 16.711628725060695 ], [ -93.173710426518838, 16.711628725060695 ], [ -93.173710426518838, 16.711359230475459 ], [ -93.173979921104063, 16.711359230475459 ], [ -93.173979921104063, 16.711628725060695 ], [ -93.174249415689303, 16.711628725060695 ], [ -93.174249415689303, 16.712167714231168 ], [ -93.174518910274543, 16.712167714231168 ], [ -93.174518910274543, 16.711898219645931 ], [ -93.175057899445008, 16.711898219645931 ], [ -93.175057899445008, 16.712167714231168 ], [ -93.174788404859783, 16.712167714231168 ], [ -93.174788404859783, 16.712706703401636 ], [ -93.175057899445008, 16.712706703401636 ], [ -93.175057899445008, 16.713515187157345 ], [ -93.175596888615488, 16.713515187157345 ], [ -93.175596888615488, 16.71459316549829 ], [ -93.175866383200727, 16.71459316549829 ], [ -93.175866383200727, 16.714862660083526 ], [ -93.175327394030248, 16.714862660083526 ], [ -93.175327394030248, 16.715132154668762 ], [ -93.175057899445008, 16.715132154668762 ], [ -93.175057899445008, 16.715671143839234 ] ] ] ] } },
{ "type": "Feature", "properties": { "ZONA_MET": "Tuxtla_Guti_rrez", "INTENSIDAD": "Intensa", "T_PROM_POL": 4.0, "T_MIN_CIUD": 3.0, "DIF_TERMIC": 1.0 }, "geometry": { "type": "MultiPolygon", "coordinates": [ [ [ [ -93.034112231366663, 16.712706703401636 ], [ -93.033573242196184, 16.712706703401636 ], [ -93.033573242196184, 16.712437208816404 ], [ -93.033034253025718, 16.712437208816404 ], [ -93.033034253025718, 16.712167714231168 ], [ -93.033303747610944, 16.712167714231168 ], [ -93.033303747610944, 16.711628725060695 ], [ -93.033034253025718, 16.711628725060695 ], [ -93.033034253025718, 16.711359230475459 ], [ -93.032764758440479, 16.711359230475459 ], [ -93.032764758440479, 16.711089735890223 ], [ -93.033303747610944, 16.711089735890223 ], [ -93.033303747610944, 16.711359230475459 ], [ -93.033573242196184, 16.711359230475459 ], [ -93.033573242196184, 16.711898219645931 ], [ -93.034112231366663, 16.711898219645931 ], [ -93.034112231366663, 16.712706703401636 ] ] ] ] } },
{ "type": "Feature", "properties": { "ZONA_MET": "Tuxtla_Guti_rrez", "INTENSIDAD": "Intensa", "T_PROM_POL": 4.0, "T_MIN_CIUD": 3.0, "DIF_TERMIC": 1.0 }, "geometry": { "type": "MultiPolygon", "coordinates": [ [ [ [ -93.007971256598779, 16.711628725060695 ], [ -93.007432267428314, 16.711628725060695 ], [ -93.007432267428314, 16.711359230475459 ], [ -93.006893278257834, 16.711359230475459 ], [ -93.006893278257834, 16.710820241304987 ], [ -93.007162772843074, 16.710820241304987 ], [ -93.007162772843074, 16.710281252134514 ], [ -93.007971256598779, 16.710281252134514 ], [ -93.007971256598779, 16.711628725060695 ] ] ] ] } },
{ "type": "Feature", "properties": { "ZONA_MET": "Tuxtla_Guti_rrez", "INTENSIDAD": "Intensa", "T_PROM_POL": 4.0, "T_MIN_CIUD": 3.0, "DIF_TERMIC": 1.0 }, "geometry": { "type": "MultiPolygon", "coordinates": [ [ [ [ -92.993957538166512, 16.711628725060695 ], [ -92.992610065240342, 16.711628725060695 ], [ -92.992610065240342, 16.711359230475459 ], [ -92.992879559825568, 16.711359230475459 ], [ -92.992879559825568, 16.710011757549278 ], [ -92.993688043581272, 16.710011757549278 ], [ -92.993688043581272, 16.710820241304987 ], [ -92.994496527336992, 16.710820241304987 ], [ -92.994496527336992, 16.711089735890223 ], [ -92.993957538166512, 16.711089735890223 ], [ -92.993957538166512, 16.711628725060695 ] ], [ [ -92.993688043581272, 16.711089735890223 ], [ -92.993688043581272, 16.710820241304987 ], [ -92.993418548996047, 16.710820241304987 ], [ -92.993418548996047, 16.711089735890223 ], [ -92.993688043581272, 16.711089735890223 ] ], [ [ -92.993418548996047, 16.71055074671975 ], [ -92.993418548996047, 16.710281252134514 ], [ -92.993149054410807, 16.710281252134514 ], [ -92.993149054410807, 16.71055074671975 ], [ -92.993418548996047, 16.71055074671975 ] ] ] ] } },
{ "type": "Feature", "properties": { "ZONA_MET": "Tuxtla_Guti_rrez", "INTENSIDAD": "Intensa", "T_PROM_POL": 4.0, "T_MIN_CIUD": 3.0, "DIF_TERMIC": 1.0 }, "geometry": { "type": "MultiPolygon", "coordinates": [ [ [ [ -93.176944361541658, 16.713784681742581 ], [ -93.176674866956432, 16.713784681742581 ], [ -93.176674866956432, 16.713515187157345 ], [ -93.176405372371192, 16.713515187157345 ], [ -93.176405372371192, 16.712706703401636 ], [ -93.176135877785953, 16.712706703401636 ], [ -93.176135877785953, 16.712976197986873 ], [ -93.175866383200727, 16.712976197986873 ], [ -93.175866383200727, 16.711628725060695 ], [ -93.176135877785953, 16.711628725060695 ], [ -93.176135877785953, 16.711898219645931 ], [ -93.176405372371192, 16.711898219645931 ], [ -93.176405372371192, 16.711359230475459 ], [ -93.176135877785953, 16.711359230475459 ], [ -93.176135877785953, 16.71055074671975 ], [ -93.176405372371192, 16.71055074671975 ], [ -93.176405372371192, 16.710011757549278 ], [ -93.177213856126897, 16.710011757549278 ], [ -93.177213856126897, 16.710281252134514 ], [ -93.176944361541658, 16.710281252134514 ], [ -93.176944361541658, 16.71055074671975 ], [ -93.176674866956432, 16.71055074671975 ], [ -93.176674866956432, 16.711898219645931 ], [ -93.176944361541658, 16.711898219645931 ], [ -93.176944361541658, 16.712167714231168 ], [ -93.177213856126897, 16.712167714231168 ], [ -93.177213856126897, 16.713245692572109 ], [ -93.176944361541658, 16.713245692572109 ], [ -93.176944361541658, 16.713784681742581 ] ] ] ] } },
{ "type": "Feature", "properties": { "ZONA_MET": "Tuxtla_Guti_rrez", "INTENSIDAD": "Extrema", "T_PROM_POL": 4.0, "T_MIN_CIUD": 3.0, "DIF_TERMIC": 1.0 }, "geometry": { "type": "MultiPolygon", "coordinates": [ [ [ [ -93.180986780320197, 16.711089735890223 ], [ -93.180447791149732, 16.711089735890223 ], [ -93.180447791149732, 16.71055074671975 ], [ -93.179908801979252, 16.71055074671975 ], [ -93.179908801979252, 16.710281252134514 ], [ -93.179369812808787, 16.710281252134514 ], [ -93.179369812808787, 16.710011757549278 ], [ -93.179639307394027, 16.710011757549278 ], [ -93.179639307394027, 16.709742262964042 ], [ -93.180178296564492, 16.709742262964042 ], [ -93.180178296564492, 16.710011757549278 ], [ -93.180447791149732, 16.710011757549278 ], [ -93.180447791149732, 16.710281252134514 ], [ -93.180986780320197, 16.710281252134514 ], [ -93.180986780320197, 16.711089735890223 ] ] ] ] } },
{ "type": "Feature", "properties": { "ZONA_MET": "Tuxtla_Guti_rrez", "INTENSIDAD": "Extrema", "T_PROM_POL": 4.0, "T_MIN_CIUD": 3.0, "DIF_TERMIC": 1.0 }, "geometry": { "type": "MultiPolygon", "coordinates": [ [ [ [ -93.178830823638322, 16.711089735890223 ], [ -93.178022339882602, 16.711089735890223 ], [ -93.178022339882602, 16.710820241304987 ], [ -93.177752845297377, 16.710820241304987 ], [ -93.177752845297377, 16.71055074671975 ], [ -93.177213856126897, 16.71055074671975 ], [ -93.177213856126897, 16.710011757549278 ], [ -93.176405372371192, 16.710011757549278 ], [ -93.176405372371192, 16.709742262964042 ], [ -93.176674866956432, 16.709742262964042 ], [ -93.176674866956432, 16.709203273793573 ], [ -93.177213856126897, 16.709203273793573 ], [ -93.177213856126897, 16.709742262964042 ], [ -93.178022339882602, 16.709742262964042 ], [ -93.178022339882602, 16.710011757549278 ], [ -93.178291834467842, 16.710011757549278 ], [ -93.178291834467842, 16.710281252134514 ], [ -93.178561329053082, 16.710281252134514 ], [ -93.178561329053082, 16.71055074671975 ], [ -93.179100318223547, 16.71055074671975 ], [ -93.179100318223547, 16.710820241304987 ], [ -93.178830823638322, 16.710820241304987 ], [ -93.178830823638322, 16.711089735890223 ] ] ] ] } },
{ "type": "Feature", "properties": { "ZONA_MET": "Tuxtla_Guti_rrez", "INTENSIDAD": "Intensa", "T_PROM_POL": 4.0, "T_MIN_CIUD": 3.0, "DIF_TERMIC": 1.0 }, "geometry": { "type": "MultiPolygon", "coordinates": [ [ [ [ -92.995035516507457, 16.71055074671975 ], [ -92.994766021922217, 16.71055074671975 ], [ -92.994766021922217, 16.710281252134514 ], [ -92.994496527336992, 16.710281252134514 ], [ -92.994496527336992, 16.710011757549278 ], [ -92.993957538166512, 16.710011757549278 ], [ -92.993957538166512, 16.709742262964042 ], [ -92.994227032751752, 16.709742262964042 ], [ -92.994227032751752, 16.709472768378809 ], [ -92.994496527336992, 16.709472768378809 ], [ -92.994496527336992, 16.709742262964042 ], [ -92.995574505677936, 16.709742262964042 ], [ -92.995574505677936, 16.709472768378809 ], [ -92.996113494848402, 16.709472768378809 ], [ -92.996113494848402, 16.709203273793573 ], [ -92.996921978604107, 16.709203273793573 ], [ -92.996921978604107, 16.709472768378809 ], [ -92.996382989433641, 16.709472768378809 ], [ -92.996382989433641, 16.709742262964042 ], [ -92.996113494848402, 16.709742262964042 ], [ -92.996113494848402, 16.710011757549278 ], [ -92.995574505677936, 16.710011757549278 ], [ -92.995574505677936, 16.710281252134514 ], [ -92.995035516507457, 16.710281252134514 ], [ -92.995035516507457, 16.71055074671975 ] ] ] ] } },
{ "type": "Feature", "properties": { "ZONA_MET": "Tuxtla_Guti_rrez", "INTENSIDAD": "Intensa", "T_PROM_POL": 4.0, "T_MIN_CIUD": 3.0, "DIF_TERMIC": 1.0 }, "geometry": { "type": "MultiPolygon", "coordinates": [ [ [ [ -93.168590029399354, 16.710011757549278 ], [ -93.168051040228875, 16.710011757549278 ], [ -93.168051040228875, 16.709472768378809 ], [ -93.168320534814114, 16.709472768378809 ], [ -93.168320534814114, 16.709203273793573 ], [ -93.167781545643649, 16.709203273793573 ], [ -93.167781545643649, 16.708933779208337 ], [ -93.168590029399354, 16.708933779208337 ], [ -93.168590029399354, 16.708664284623101 ], [ -93.168320534814114, 16.708664284623101 ], [ -93.168320534814114, 16.708394790037865 ], [ -93.168859523984594, 16.708394790037865 ], [ -93.168859523984594, 16.709203273793573 ], [ -93.168590029399354, 16.709203273793573 ], [ -93.168590029399354, 16.710011757549278 ] ] ] ] } },
{ "type": "Feature", "properties": { "ZONA_MET": "Tuxtla_Guti_rrez", "INTENSIDAD": "Intensa", "T_PROM_POL": 4.0, "T_MIN_CIUD": 3.0, "DIF_TERMIC": 1.0 }, "geometry": { "type": "MultiPolygon", "coordinates": [ [ [ [ -93.204971798406191, 16.709742262964042 ], [ -93.203893820065247, 16.709742262964042 ], [ -93.203893820065247, 16.709203273793573 ], [ -93.204163314650486, 16.709203273793573 ], [ -93.204163314650486, 16.708394790037865 ], [ -93.204432809235726, 16.708394790037865 ], [ -93.204432809235726, 16.708125295452628 ], [ -93.204702303820952, 16.708125295452628 ], [ -93.204702303820952, 16.709203273793573 ], [ -93.204971798406191, 16.709203273793573 ], [ -93.204971798406191, 16.709742262964042 ] ] ] ] } },
{ "type": "Feature", "properties": { "ZONA_MET": "Tuxtla_Guti_rrez", "INTENSIDAD": "Extrema", "T_PROM_POL": 4.0, "T_MIN_CIUD": 3.0, "DIF_TERMIC": 1.0 }, "geometry": { "type": "MultiPolygon", "coordinates": [ [ [ [ -92.991262592314158, 16.710011757549278 ], [ -92.990723603143678, 16.710011757549278 ], [ -92.990723603143678, 16.709742262964042 ], [ -92.990454108558453, 16.709742262964042 ], [ -92.990454108558453, 16.708933779208337 ], [ -92.991262592314158, 16.708933779208337 ], [ -92.991262592314158, 16.708394790037865 ], [ -92.991532086899397, 16.708394790037865 ], [ -92.991532086899397, 16.708125295452628 ], [ -92.992071076069863, 16.708125295452628 ], [ -92.992071076069863, 16.707855800867392 ], [ -92.992340570655102, 16.707855800867392 ], [ -92.992340570655102, 16.707586306282156 ], [ -92.992610065240342, 16.707586306282156 ], [ -92.992610065240342, 16.708933779208337 ], [ -92.992340570655102, 16.708933779208337 ], [ -92.992340570655102, 16.708664284623101 ], [ -92.992071076069863, 16.708664284623101 ], [ -92.992071076069863, 16.709203273793573 ], [ -92.991801581484623, 16.709203273793573 ], [ -92.991801581484623, 16.709472768378809 ], [ -92.991532086899397, 16.709472768378809 ], [ -92.991532086899397, 16.709742262964042 ], [ -92.991262592314158, 16.709742262964042 ], [ -92.991262592314158, 16.710011757549278 ] ], [ [ -92.991801581484623, 16.709203273793573 ], [ -92.991801581484623, 16.708933779208337 ], [ -92.991532086899397, 16.708933779208337 ], [ -92.991532086899397, 16.709203273793573 ], [ -92.991801581484623, 16.709203273793573 ] ] ] ] } },
{ "type": "Feature", "properties": { "ZONA_MET": "Tuxtla_Guti_rrez", "INTENSIDAD": "Intensa", "T_PROM_POL": 4.0, "T_MIN_CIUD": 3.0, "DIF_TERMIC": 1.0 }, "geometry": { "type": "MultiPolygon", "coordinates": [ [ [ [ -93.003659343235, 16.709203273793573 ], [ -93.003389848649775, 16.709203273793573 ], [ -93.003389848649775, 16.708394790037865 ], [ -93.00258136489407, 16.708394790037865 ], [ -93.00258136489407, 16.708664284623101 ], [ -93.00204237572359, 16.708664284623101 ], [ -93.00204237572359, 16.708394790037865 ], [ -93.001772881138351, 16.708394790037865 ], [ -93.001772881138351, 16.708664284623101 ], [ -93.001233891967885, 16.708664284623101 ], [ -93.001233891967885, 16.708933779208337 ], [ -93.000964397382646, 16.708933779208337 ], [ -93.000964397382646, 16.708394790037865 ], [ -93.000694902797406, 16.708394790037865 ], [ -93.000694902797406, 16.707855800867392 ], [ -93.001503386553125, 16.707855800867392 ], [ -93.001503386553125, 16.708125295452628 ], [ -93.003120354064535, 16.708125295452628 ], [ -93.003120354064535, 16.707855800867392 ], [ -93.003389848649775, 16.707855800867392 ], [ -93.003389848649775, 16.70731681169692 ], [ -93.003659343235, 16.70731681169692 ], [ -93.003659343235, 16.707586306282156 ], [ -93.00392883782024, 16.707586306282156 ], [ -93.00392883782024, 16.707855800867392 ], [ -93.003659343235, 16.707855800867392 ], [ -93.003659343235, 16.708125295452628 ], [ -93.00392883782024, 16.708125295452628 ], [ -93.00392883782024, 16.708664284623101 ], [ -93.003659343235, 16.708664284623101 ], [ -93.003659343235, 16.709203273793573 ] ] ] ] } },
{ "type": "Feature", "properties": { "ZONA_MET": "Tuxtla_Guti_rrez", "INTENSIDAD": "Intensa", "T_PROM_POL": 4.0, "T_MIN_CIUD": 3.0, "DIF_TERMIC": 1.0 }, "geometry": { "type": "MultiPolygon", "coordinates": [ [ [ [ -93.015517104985378, 16.710820241304987 ], [ -93.015247610400152, 16.710820241304987 ], [ -93.015247610400152, 16.709203273793573 ], [ -93.014978115814912, 16.709203273793573 ], [ -93.014978115814912, 16.708125295452628 ], [ -93.014708621229673, 16.708125295452628 ], [ -93.014708621229673, 16.707855800867392 ], [ -93.014439126644447, 16.707855800867392 ], [ -93.014439126644447, 16.707047317111684 ], [ -93.014978115814912, 16.707047317111684 ], [ -93.014978115814912, 16.706508327941215 ], [ -93.015247610400152, 16.706508327941215 ], [ -93.015247610400152, 16.706777822526448 ], [ -93.016595083326322, 16.706777822526448 ], [ -93.016595083326322, 16.707047317111684 ], [ -93.017134072496802, 16.707047317111684 ], [ -93.017134072496802, 16.707586306282156 ], [ -93.016864577911562, 16.707586306282156 ], [ -93.016864577911562, 16.707855800867392 ], [ -93.017134072496802, 16.707855800867392 ], [ -93.017134072496802, 16.708394790037865 ], [ -93.017673061667267, 16.708394790037865 ], [ -93.017673061667267, 16.708125295452628 ], [ -93.017403567082042, 16.708125295452628 ], [ -93.017403567082042, 16.707855800867392 ], [ -93.018751040008212, 16.707855800867392 ], [ -93.018751040008212, 16.708125295452628 ], [ -93.019290029178691, 16.708125295452628 ], [ -93.019290029178691, 16.708394790037865 ], [ -93.019559523763917, 16.708394790037865 ], [ -93.019559523763917, 16.708933779208337 ], [ -93.019290029178691, 16.708933779208337 ], [ -93.019290029178691, 16.709203273793573 ], [ -93.019020534593452, 16.709203273793573 ], [ -93.019020534593452, 16.708933779208337 ], [ -93.018751040008212, 16.708933779208337 ], [ -93.018751040008212, 16.709203273793573 ], [ -93.017403567082042, 16.709203273793573 ], [ -93.017403567082042, 16.709472768378809 ], [ -93.016325588741097, 16.709472768378809 ], [ -93.016325588741097, 16.709742262964042 ], [ -93.016056094155857, 16.709742262964042 ], [ -93.016056094155857, 16.710011757549278 ], [ -93.015786599570617, 16.710011757549278 ], [ -93.015786599570617, 16.710281252134514 ], [ -93.015517104985378, 16.710281252134514 ], [ -93.015517104985378, 16.710820241304987 ] ], [ [ -93.017134072496802, 16.708933779208337 ], [ -93.017134072496802, 16.708664284623101 ], [ -93.016595083326322, 16.708664284623101 ], [ -93.016595083326322, 16.708394790037865 ], [ -93.016325588741097, 16.708394790037865 ], [ -93.016325588741097, 16.708933779208337 ], [ -93.017134072496802, 16.708933779208337 ] ], [ [ -93.015786599570617, 16.708125295452628 ], [ -93.015786599570617, 16.707855800867392 ], [ -93.015517104985378, 16.707855800867392 ], [ -93.015517104985378, 16.708125295452628 ], [ -93.015786599570617, 16.708125295452628 ] ] ] ] } },
{ "type": "Feature", "properties": { "ZONA_MET": "Tuxtla_Guti_rrez", "INTENSIDAD": "Extrema", "T_PROM_POL": 4.0, "T_MIN_CIUD": 3.0, "DIF_TERMIC": 1.0 }, "geometry": { "type": "MultiPolygon", "coordinates": [ [ [ [ -93.003120354064535, 16.708125295452628 ], [ -93.001503386553125, 16.708125295452628 ], [ -93.001503386553125, 16.707586306282156 ], [ -93.00258136489407, 16.707586306282156 ], [ -93.00258136489407, 16.70731681169692 ], [ -93.00231187030883, 16.70731681169692 ], [ -93.00231187030883, 16.707047317111684 ], [ -93.001772881138351, 16.707047317111684 ], [ -93.001772881138351, 16.706238833355979 ], [ -93.001503386553125, 16.706238833355979 ], [ -93.001503386553125, 16.705969338770743 ], [ -93.003389848649775, 16.705969338770743 ], [ -93.003389848649775, 16.705699844185506 ], [ -93.003659343235, 16.705699844185506 ], [ -93.003659343235, 16.706508327941215 ], [ -93.003389848649775, 16.706508327941215 ], [ -93.003389848649775, 16.706777822526448 ], [ -93.003120354064535, 16.706777822526448 ], [ -93.003120354064535, 16.70731681169692 ], [ -93.003389848649775, 16.70731681169692 ], [ -93.003389848649775, 16.707855800867392 ], [ -93.003120354064535, 16.707855800867392 ], [ -93.003120354064535, 16.708125295452628 ] ] ] ] } },
{ "type": "Feature", "properties": { "ZONA_MET": "Tuxtla_Guti_rrez", "INTENSIDAD": "Intensa", "T_PROM_POL": 4.0, "T_MIN_CIUD": 3.0, "DIF_TERMIC": 1.0 }, "geometry": { "type": "MultiPolygon", "coordinates": [ [ [ [ -93.192844542070574, 16.708125295452628 ], [ -93.192036058314869, 16.708125295452628 ], [ -93.192036058314869, 16.707855800867392 ], [ -93.19176656372963, 16.707855800867392 ], [ -93.19176656372963, 16.707586306282156 ], [ -93.192036058314869, 16.707586306282156 ], [ -93.192036058314869, 16.707047317111684 ], [ -93.19176656372963, 16.707047317111684 ], [ -93.19176656372963, 16.706777822526448 ], [ -93.192305552900109, 16.706777822526448 ], [ -93.192305552900109, 16.707047317111684 ], [ -93.192575047485349, 16.707047317111684 ], [ -93.192575047485349, 16.706777822526448 ], [ -93.193114036655814, 16.706777822526448 ], [ -93.193114036655814, 16.706508327941215 ], [ -93.193383531241054, 16.706508327941215 ], [ -93.193383531241054, 16.706238833355979 ], [ -93.193653025826293, 16.706238833355979 ], [ -93.193653025826293, 16.705699844185506 ], [ -93.193922520411519, 16.705699844185506 ], [ -93.193922520411519, 16.70543034960027 ], [ -93.194192014996759, 16.70543034960027 ], [ -93.194192014996759, 16.706238833355979 ], [ -93.194461509581998, 16.706238833355979 ], [ -93.194461509581998, 16.706777822526448 ], [ -93.193922520411519, 16.706777822526448 ], [ -93.193922520411519, 16.707047317111684 ], [ -93.193653025826293, 16.707047317111684 ], [ -93.193653025826293, 16.707586306282156 ], [ -93.193383531241054, 16.707586306282156 ], [ -93.193383531241054, 16.707855800867392 ], [ -93.192844542070574, 16.707855800867392 ], [ -93.192844542070574, 16.708125295452628 ] ] ] ] } },
{ "type": "Feature", "properties": { "ZONA_MET": "Tuxtla_Guti_rrez", "INTENSIDAD": "Intensa", "T_PROM_POL": 4.0, "T_MIN_CIUD": 3.0, "DIF_TERMIC": 1.0 }, "geometry": { "type": "MultiPolygon", "coordinates": [ [ [ [ -93.030608801758589, 16.708664284623101 ], [ -93.030069812588124, 16.708664284623101 ], [ -93.030069812588124, 16.708394790037865 ], [ -93.029800318002884, 16.708394790037865 ], [ -93.029800318002884, 16.708125295452628 ], [ -93.030069812588124, 16.708125295452628 ], [ -93.030069812588124, 16.707047317111684 ], [ -93.029800318002884, 16.707047317111684 ], [ -93.029800318002884, 16.706777822526448 ], [ -93.029530823417645, 16.706777822526448 ], [ -93.029530823417645, 16.706508327941215 ], [ -93.029261328832419, 16.706508327941215 ], [ -93.029261328832419, 16.70543034960027 ], [ -93.029530823417645, 16.70543034960027 ], [ -93.029530823417645, 16.705699844185506 ], [ -93.030069812588124, 16.705699844185506 ], [ -93.030069812588124, 16.705969338770743 ], [ -93.030608801758589, 16.705969338770743 ], [ -93.030608801758589, 16.705699844185506 ], [ -93.030878296343829, 16.705699844185506 ], [ -93.030878296343829, 16.706777822526448 ], [ -93.03033930717335, 16.706777822526448 ], [ -93.03033930717335, 16.70731681169692 ], [ -93.030878296343829, 16.70731681169692 ], [ -93.030878296343829, 16.707586306282156 ], [ -93.031147790929069, 16.707586306282156 ], [ -93.031147790929069, 16.707855800867392 ], [ -93.030878296343829, 16.707855800867392 ], [ -93.030878296343829, 16.708125295452628 ], [ -93.031147790929069, 16.708125295452628 ], [ -93.031147790929069, 16.708394790037865 ], [ -93.030608801758589, 16.708394790037865 ], [ -93.030608801758589, 16.708664284623101 ] ], [ [ -93.030608801758589, 16.706508327941215 ], [ -93.030608801758589, 16.706238833355979 ], [ -93.030069812588124, 16.706238833355979 ], [ -93.030069812588124, 16.706508327941215 ], [ -93.030608801758589, 16.706508327941215 ] ] ] ] } },
{ "type": "Feature", "properties": { "ZONA_MET": "Tuxtla_Guti_rrez", "INTENSIDAD": "Intensa", "T_PROM_POL": 4.0, "T_MIN_CIUD": 3.0, "DIF_TERMIC": 1.0 }, "geometry": { "type": "MultiPolygon", "coordinates": [ [ [ [ -93.168051040228875, 16.706508327941215 ], [ -93.167512051058409, 16.706508327941215 ], [ -93.167512051058409, 16.706238833355979 ], [ -93.167781545643649, 16.706238833355979 ], [ -93.167781545643649, 16.705699844185506 ], [ -93.168051040228875, 16.705699844185506 ], [ -93.168051040228875, 16.704891360429798 ], [ -93.168320534814114, 16.704891360429798 ], [ -93.168320534814114, 16.704621865844562 ], [ -93.169129018569819, 16.704621865844562 ], [ -93.169129018569819, 16.704891360429798 ], [ -93.169398513155059, 16.704891360429798 ], [ -93.169398513155059, 16.705160855015034 ], [ -93.169668007740299, 16.705160855015034 ], [ -93.169668007740299, 16.70543034960027 ], [ -93.169129018569819, 16.70543034960027 ], [ -93.169129018569819, 16.705699844185506 ], [ -93.168859523984594, 16.705699844185506 ], [ -93.168859523984594, 16.70543034960027 ], [ -93.168320534814114, 16.70543034960027 ], [ -93.168320534814114, 16.705699844185506 ], [ -93.168590029399354, 16.705699844185506 ], [ -93.168590029399354, 16.706238833355979 ], [ -93.168051040228875, 16.706238833355979 ], [ -93.168051040228875, 16.706508327941215 ] ] ] ] } },
{ "type": "Feature", "properties": { "ZONA_MET": "Tuxtla_Guti_rrez", "INTENSIDAD": "Intensa", "T_PROM_POL": 4.0, "T_MIN_CIUD": 3.0, "DIF_TERMIC": 1.0 }, "geometry": { "type": "MultiPolygon", "coordinates": [ [ [ [ -93.015517104985378, 16.705969338770743 ], [ -93.014978115814912, 16.705969338770743 ], [ -93.014978115814912, 16.705160855015034 ], [ -93.014169632059208, 16.705160855015034 ], [ -93.014169632059208, 16.704352371259326 ], [ -93.014439126644447, 16.704352371259326 ], [ -93.014439126644447, 16.704082876674089 ], [ -93.014978115814912, 16.704082876674089 ], [ -93.014978115814912, 16.704621865844562 ], [ -93.015247610400152, 16.704621865844562 ], [ -93.015247610400152, 16.705160855015034 ], [ -93.015517104985378, 16.705160855015034 ], [ -93.015517104985378, 16.705969338770743 ] ] ] ] } },
{ "type": "Feature", "properties": { "ZONA_MET": "Tuxtla_Guti_rrez", "INTENSIDAD": "Intensa", "T_PROM_POL": 4.0, "T_MIN_CIUD": 3.0, "DIF_TERMIC": 1.0 }, "geometry": { "type": "MultiPolygon", "coordinates": [ [ [ [ -92.995574505677936, 16.705969338770743 ], [ -92.995305011092697, 16.705969338770743 ], [ -92.995305011092697, 16.704891360429798 ], [ -92.995574505677936, 16.704891360429798 ], [ -92.995574505677936, 16.704082876674089 ], [ -92.996113494848402, 16.704082876674089 ], [ -92.996113494848402, 16.704891360429798 ], [ -92.995844000263162, 16.704891360429798 ], [ -92.995844000263162, 16.705160855015034 ], [ -92.995574505677936, 16.705160855015034 ], [ -92.995574505677936, 16.70543034960027 ], [ -92.995844000263162, 16.70543034960027 ], [ -92.995844000263162, 16.705699844185506 ], [ -92.995574505677936, 16.705699844185506 ], [ -92.995574505677936, 16.705969338770743 ] ] ] ] } },
{ "type": "Feature", "properties": { "ZONA_MET": "Tuxtla_Guti_rrez", "INTENSIDAD": "Intensa", "T_PROM_POL": 4.0, "T_MIN_CIUD": 3.0, "DIF_TERMIC": 1.0 }, "geometry": { "type": "MultiPolygon", "coordinates": [ [ [ [ -93.177483350712137, 16.707855800867392 ], [ -93.177213856126897, 16.707855800867392 ], [ -93.177213856126897, 16.70731681169692 ], [ -93.177483350712137, 16.70731681169692 ], [ -93.177483350712137, 16.707047317111684 ], [ -93.178291834467842, 16.707047317111684 ], [ -93.178291834467842, 16.706508327941215 ], [ -93.178022339882602, 16.706508327941215 ], [ -93.178022339882602, 16.706777822526448 ], [ -93.177483350712137, 16.706777822526448 ], [ -93.177483350712137, 16.706238833355979 ], [ -93.175866383200727, 16.706238833355979 ], [ -93.175866383200727, 16.705699844185506 ], [ -93.175596888615488, 16.705699844185506 ], [ -93.175596888615488, 16.705969338770743 ], [ -93.174518910274543, 16.705969338770743 ], [ -93.174518910274543, 16.706508327941215 ], [ -93.174249415689303, 16.706508327941215 ], [ -93.174249415689303, 16.706238833355979 ], [ -93.173979921104063, 16.706238833355979 ], [ -93.173979921104063, 16.70543034960027 ], [ -93.174249415689303, 16.70543034960027 ], [ -93.174249415689303, 16.705160855015034 ], [ -93.174518910274543, 16.705160855015034 ], [ -93.174518910274543, 16.704891360429798 ], [ -93.175057899445008, 16.704891360429798 ], [ -93.175057899445008, 16.704352371259326 ], [ -93.175596888615488, 16.704352371259326 ], [ -93.175596888615488, 16.704082876674089 ], [ -93.175866383200727, 16.704082876674089 ], [ -93.175866383200727, 16.704352371259326 ], [ -93.176135877785953, 16.704352371259326 ], [ -93.176135877785953, 16.704082876674089 ], [ -93.177213856126897, 16.704082876674089 ], [ -93.177213856126897, 16.703274392918384 ], [ -93.178022339882602, 16.703274392918384 ], [ -93.178022339882602, 16.705160855015034 ], [ -93.179369812808787, 16.705160855015034 ], [ -93.179369812808787, 16.704891360429798 ], [ -93.179639307394027, 16.704891360429798 ], [ -93.179639307394027, 16.704621865844562 ], [ -93.180447791149732, 16.704621865844562 ], [ -93.180447791149732, 16.704891360429798 ], [ -93.180178296564492, 16.704891360429798 ], [ -93.180178296564492, 16.705160855015034 ], [ -93.179908801979252, 16.705160855015034 ], [ -93.179908801979252, 16.70543034960027 ], [ -93.179100318223547, 16.70543034960027 ], [ -93.179100318223547, 16.707047317111684 ], [ -93.178830823638322, 16.707047317111684 ], [ -93.178830823638322, 16.70731681169692 ], [ -93.178291834467842, 16.70731681169692 ], [ -93.178291834467842, 16.707586306282156 ], [ -93.177483350712137, 16.707586306282156 ], [ -93.177483350712137, 16.707855800867392 ] ], [ [ -93.176405372371192, 16.705699844185506 ], [ -93.176405372371192, 16.70543034960027 ], [ -93.175866383200727, 16.70543034960027 ], [ -93.175866383200727, 16.705699844185506 ], [ -93.176405372371192, 16.705699844185506 ] ], [ [ -93.175866383200727, 16.705160855015034 ], [ -93.175866383200727, 16.704891360429798 ], [ -93.176135877785953, 16.704891360429798 ], [ -93.176135877785953, 16.704621865844562 ], [ -93.175596888615488, 16.704621865844562 ], [ -93.175596888615488, 16.705160855015034 ], [ -93.175866383200727, 16.705160855015034 ] ] ] ] } },
{ "type": "Feature", "properties": { "ZONA_MET": "Tuxtla_Guti_rrez", "INTENSIDAD": "Intensa", "T_PROM_POL": 4.0, "T_MIN_CIUD": 3.0, "DIF_TERMIC": 1.0 }, "geometry": { "type": "MultiPolygon", "coordinates": [ [ [ [ -93.000155913626941, 16.703543887503621 ], [ -92.999886419041701, 16.703543887503621 ], [ -92.999886419041701, 16.703274392918384 ], [ -92.999616924456461, 16.703274392918384 ], [ -92.999616924456461, 16.702465909162676 ], [ -92.999347429871236, 16.702465909162676 ], [ -92.999347429871236, 16.70219641457744 ], [ -93.00042540821218, 16.70219641457744 ], [ -93.00042540821218, 16.702735403747912 ], [ -93.000155913626941, 16.702735403747912 ], [ -93.000155913626941, 16.703543887503621 ] ] ] ] } },
{ "type": "Feature", "properties": { "ZONA_MET": "Tuxtla_Guti_rrez", "INTENSIDAD": "Intensa", "T_PROM_POL": 4.0, "T_MIN_CIUD": 3.0, "DIF_TERMIC": 1.0 }, "geometry": { "type": "MultiPolygon", "coordinates": [ [ [ [ -93.174788404859783, 16.704621865844562 ], [ -93.174249415689303, 16.704621865844562 ], [ -93.174249415689303, 16.704082876674089 ], [ -93.173979921104063, 16.704082876674089 ], [ -93.173979921104063, 16.703813382088853 ], [ -93.174249415689303, 16.703813382088853 ], [ -93.174249415689303, 16.703543887503621 ], [ -93.174518910274543, 16.703543887503621 ], [ -93.174518910274543, 16.703274392918384 ], [ -93.174249415689303, 16.703274392918384 ], [ -93.174249415689303, 16.703004898333148 ], [ -93.174518910274543, 16.703004898333148 ], [ -93.174518910274543, 16.702465909162676 ], [ -93.174788404859783, 16.702465909162676 ], [ -93.174788404859783, 16.701926919992204 ], [ -93.175057899445008, 16.701926919992204 ], [ -93.175057899445008, 16.701387930821731 ], [ -93.175327394030248, 16.701387930821731 ], [ -93.175327394030248, 16.701926919992204 ], [ -93.175596888615488, 16.701926919992204 ], [ -93.175596888615488, 16.70219641457744 ], [ -93.175866383200727, 16.70219641457744 ], [ -93.175866383200727, 16.702465909162676 ], [ -93.176135877785953, 16.702465909162676 ], [ -93.176135877785953, 16.701926919992204 ], [ -93.175866383200727, 16.701926919992204 ], [ -93.175866383200727, 16.701118436236495 ], [ -93.176405372371192, 16.701118436236495 ], [ -93.176405372371192, 16.700848941651259 ], [ -93.176944361541658, 16.700848941651259 ], [ -93.176944361541658, 16.701118436236495 ], [ -93.177213856126897, 16.701118436236495 ], [ -93.177213856126897, 16.701387930821731 ], [ -93.177752845297377, 16.701387930821731 ], [ -93.177752845297377, 16.701657425406967 ], [ -93.178291834467842, 16.701657425406967 ], [ -93.178291834467842, 16.70219641457744 ], [ -93.179100318223547, 16.70219641457744 ], [ -93.179100318223547, 16.702465909162676 ], [ -93.179369812808787, 16.702465909162676 ], [ -93.179369812808787, 16.703004898333148 ], [ -93.178022339882602, 16.703004898333148 ], [ -93.178022339882602, 16.702735403747912 ], [ -93.176944361541658, 16.702735403747912 ], [ -93.176944361541658, 16.703004898333148 ], [ -93.176674866956432, 16.703004898333148 ], [ -93.176674866956432, 16.703274392918384 ], [ -93.176405372371192, 16.703274392918384 ], [ -93.176405372371192, 16.703004898333148 ], [ -93.176135877785953, 16.703004898333148 ], [ -93.176135877785953, 16.702735403747912 ], [ -93.175596888615488, 16.702735403747912 ], [ -93.175596888615488, 16.703004898333148 ], [ -93.175057899445008, 16.703004898333148 ], [ -93.175057899445008, 16.704082876674089 ], [ -93.174788404859783, 16.704082876674089 ], [ -93.174788404859783, 16.704621865844562 ] ], [ [ -93.176944361541658, 16.702735403747912 ], [ -93.176944361541658, 16.702465909162676 ], [ -93.176405372371192, 16.702465909162676 ], [ -93.176405372371192, 16.702735403747912 ], [ -93.176944361541658, 16.702735403747912 ] ] ] ] } },
{ "type": "Feature", "properties": { "ZONA_MET": "Tuxtla_Guti_rrez", "INTENSIDAD": "Intensa", "T_PROM_POL": 4.0, "T_MIN_CIUD": 3.0, "DIF_TERMIC": 1.0 }, "geometry": { "type": "MultiPolygon", "coordinates": [ [ [ [ -93.000964397382646, 16.701926919992204 ], [ -93.00042540821218, 16.701926919992204 ], [ -93.00042540821218, 16.701387930821731 ], [ -93.000155913626941, 16.701387930821731 ], [ -93.000155913626941, 16.701926919992204 ], [ -92.999077935285996, 16.701926919992204 ], [ -92.999077935285996, 16.701657425406967 ], [ -92.998808440700756, 16.701657425406967 ], [ -92.998808440700756, 16.701926919992204 ], [ -92.998538946115531, 16.701926919992204 ], [ -92.998538946115531, 16.701387930821731 ], [ -92.998808440700756, 16.701387930821731 ], [ -92.998808440700756, 16.701118436236495 ], [ -92.999077935285996, 16.701118436236495 ], [ -92.999077935285996, 16.701387930821731 ], [ -92.999347429871236, 16.701387930821731 ], [ -92.999347429871236, 16.701657425406967 ], [ -92.999616924456461, 16.701657425406967 ], [ -92.999616924456461, 16.701387930821731 ], [ -92.999886419041701, 16.701387930821731 ], [ -92.999886419041701, 16.701118436236495 ], [ -93.00042540821218, 16.701118436236495 ], [ -93.00042540821218, 16.700579447066026 ], [ -93.001233891967885, 16.700579447066026 ], [ -93.001233891967885, 16.700848941651259 ], [ -93.000694902797406, 16.700848941651259 ], [ -93.000694902797406, 16.701387930821731 ], [ -93.000964397382646, 16.701387930821731 ], [ -93.000964397382646, 16.701926919992204 ] ] ] ] } },
{ "type": "Feature", "properties": { "ZONA_MET": "Tuxtla_Guti_rrez", "INTENSIDAD": "Intensa", "T_PROM_POL": 4.0, "T_MIN_CIUD": 3.0, "DIF_TERMIC": 1.0 }, "geometry": { "type": "MultiPolygon", "coordinates": [ [ [ [ -93.172362953592653, 16.70219641457744 ], [ -93.172093459007414, 16.70219641457744 ], [ -93.172093459007414, 16.701657425406967 ], [ -93.172362953592653, 16.701657425406967 ], [ -93.172362953592653, 16.701387930821731 ], [ -93.172093459007414, 16.701387930821731 ], [ -93.172093459007414, 16.700848941651259 ], [ -93.171823964422188, 16.700848941651259 ], [ -93.171823964422188, 16.70030995248079 ], [ -93.172362953592653, 16.70030995248079 ], [ -93.172362953592653, 16.700848941651259 ], [ -93.172632448177893, 16.700848941651259 ], [ -93.172632448177893, 16.701118436236495 ], [ -93.172901942763133, 16.701118436236495 ], [ -93.172901942763133, 16.701387930821731 ], [ -93.172632448177893, 16.701387930821731 ], [ -93.172632448177893, 16.701926919992204 ], [ -93.172362953592653, 16.701926919992204 ], [ -93.172362953592653, 16.70219641457744 ] ] ] ] } },
{ "type": "Feature", "properties": { "ZONA_MET": "Tuxtla_Guti_rrez", "INTENSIDAD": "Intensa", "T_PROM_POL": 4.0, "T_MIN_CIUD": 3.0, "DIF_TERMIC": 1.0 }, "geometry": { "type": "MultiPolygon", "coordinates": [ [ [ [ -93.027913855906235, 16.702735403747912 ], [ -93.027644361320995, 16.702735403747912 ], [ -93.027644361320995, 16.70219641457744 ], [ -93.027913855906235, 16.70219641457744 ], [ -93.027913855906235, 16.70030995248079 ], [ -93.028183350491474, 16.70030995248079 ], [ -93.028183350491474, 16.700579447066026 ], [ -93.0284528450767, 16.700579447066026 ], [ -93.0284528450767, 16.700848941651259 ], [ -93.028183350491474, 16.700848941651259 ], [ -93.028183350491474, 16.701118436236495 ], [ -93.0284528450767, 16.701118436236495 ], [ -93.0284528450767, 16.701387930821731 ], [ -93.028183350491474, 16.701387930821731 ], [ -93.028183350491474, 16.701926919992204 ], [ -93.0284528450767, 16.701926919992204 ], [ -93.0284528450767, 16.702465909162676 ], [ -93.027913855906235, 16.702465909162676 ], [ -93.027913855906235, 16.702735403747912 ] ] ] ] } },
{ "type": "Feature", "properties": { "ZONA_MET": "Tuxtla_Guti_rrez", "INTENSIDAD": "Intensa", "T_PROM_POL": 4.0, "T_MIN_CIUD": 3.0, "DIF_TERMIC": 1.0 }, "geometry": { "type": "MultiPolygon", "coordinates": [ [ [ [ -92.996113494848402, 16.701118436236495 ], [ -92.994227032751752, 16.701118436236495 ], [ -92.994227032751752, 16.700848941651259 ], [ -92.993957538166512, 16.700848941651259 ], [ -92.993957538166512, 16.700579447066026 ], [ -92.994227032751752, 16.700579447066026 ], [ -92.994227032751752, 16.699501468725082 ], [ -92.994496527336992, 16.699501468725082 ], [ -92.994496527336992, 16.699770963310318 ], [ -92.994766021922217, 16.699770963310318 ], [ -92.994766021922217, 16.700040457895554 ], [ -92.995574505677936, 16.700040457895554 ], [ -92.995574505677936, 16.70030995248079 ], [ -92.995035516507457, 16.70030995248079 ], [ -92.995035516507457, 16.700848941651259 ], [ -92.995844000263162, 16.700848941651259 ], [ -92.995844000263162, 16.700579447066026 ], [ -92.996113494848402, 16.700579447066026 ], [ -92.996113494848402, 16.701118436236495 ] ] ] ] } },
{ "type": "Feature", "properties": { "ZONA_MET": "Tuxtla_Guti_rrez", "INTENSIDAD": "Intensa", "T_PROM_POL": 4.0, "T_MIN_CIUD": 3.0, "DIF_TERMIC": 1.0 }, "geometry": { "type": "MultiPolygon", "coordinates": [ [ [ [ -93.007162772843074, 16.701387930821731 ], [ -93.00419833240548, 16.701387930821731 ], [ -93.00419833240548, 16.701118436236495 ], [ -93.004467826990719, 16.701118436236495 ], [ -93.004467826990719, 16.700848941651259 ], [ -93.004737321575945, 16.700848941651259 ], [ -93.004737321575945, 16.701118436236495 ], [ -93.005006816161185, 16.701118436236495 ], [ -93.005006816161185, 16.700848941651259 ], [ -93.005276310746424, 16.700848941651259 ], [ -93.005276310746424, 16.701118436236495 ], [ -93.006354289087369, 16.701118436236495 ], [ -93.006354289087369, 16.700579447066026 ], [ -93.006623783672595, 16.700579447066026 ], [ -93.006623783672595, 16.700040457895554 ], [ -93.006893278257834, 16.700040457895554 ], [ -93.006893278257834, 16.699501468725082 ], [ -93.007162772843074, 16.699501468725082 ], [ -93.007162772843074, 16.698962479554609 ], [ -93.007701762013539, 16.698962479554609 ], [ -93.007701762013539, 16.698692984969373 ], [ -93.007432267428314, 16.698692984969373 ], [ -93.007432267428314, 16.697884501213665 ], [ -93.007701762013539, 16.697884501213665 ], [ -93.007701762013539, 16.698153995798901 ], [ -93.007971256598779, 16.698153995798901 ], [ -93.007971256598779, 16.698423490384137 ], [ -93.008510245769259, 16.698423490384137 ], [ -93.008510245769259, 16.698153995798901 ], [ -93.008779740354484, 16.698153995798901 ], [ -93.008779740354484, 16.698692984969373 ], [ -93.008510245769259, 16.698692984969373 ], [ -93.008510245769259, 16.698962479554609 ], [ -93.007971256598779, 16.698962479554609 ], [ -93.007971256598779, 16.699231974139845 ], [ -93.007701762013539, 16.699231974139845 ], [ -93.007701762013539, 16.699770963310318 ], [ -93.007432267428314, 16.699770963310318 ], [ -93.007432267428314, 16.70030995248079 ], [ -93.007701762013539, 16.70030995248079 ], [ -93.007701762013539, 16.700579447066026 ], [ -93.006893278257834, 16.700579447066026 ], [ -93.006893278257834, 16.701118436236495 ], [ -93.007162772843074, 16.701118436236495 ], [ -93.007162772843074, 16.701387930821731 ] ] ] ] } },
{ "type": "Feature", "properties": { "ZONA_MET": "Tuxtla_Guti_rrez", "INTENSIDAD": "Extrema", "T_PROM_POL": 4.0, "T_MIN_CIUD": 3.0, "DIF_TERMIC": 1.0 }, "geometry": { "type": "MultiPolygon", "coordinates": [ [ [ [ -93.006893278257834, 16.700040457895554 ], [ -93.006623783672595, 16.700040457895554 ], [ -93.006623783672595, 16.699770963310318 ], [ -93.006354289087369, 16.699770963310318 ], [ -93.006354289087369, 16.699231974139845 ], [ -93.00581529991689, 16.699231974139845 ], [ -93.00581529991689, 16.698962479554609 ], [ -93.006084794502129, 16.698962479554609 ], [ -93.006084794502129, 16.698692984969373 ], [ -93.006623783672595, 16.698692984969373 ], [ -93.006623783672595, 16.697884501213665 ], [ -93.007432267428314, 16.697884501213665 ], [ -93.007432267428314, 16.698423490384137 ], [ -93.006893278257834, 16.698423490384137 ], [ -93.006893278257834, 16.698962479554609 ], [ -93.006623783672595, 16.698962479554609 ], [ -93.006623783672595, 16.699231974139845 ], [ -93.007162772843074, 16.699231974139845 ], [ -93.007162772843074, 16.699501468725082 ], [ -93.006893278257834, 16.699501468725082 ], [ -93.006893278257834, 16.700040457895554 ] ] ] ] } },
{ "type": "Feature", "properties": { "ZONA_MET": "Tuxtla_Guti_rrez", "INTENSIDAD": "Intensa", "T_PROM_POL": 4.0, "T_MIN_CIUD": 3.0, "DIF_TERMIC": 1.0 }, "geometry": { "type": "MultiPolygon", "coordinates": [ [ [ [ -93.183412231587326, 16.698962479554609 ], [ -93.182603747831621, 16.698962479554609 ], [ -93.182603747831621, 16.698692984969373 ], [ -93.182064758661141, 16.698692984969373 ], [ -93.182064758661141, 16.698423490384137 ], [ -93.181795264075916, 16.698423490384137 ], [ -93.181795264075916, 16.697884501213665 ], [ -93.182334253246381, 16.697884501213665 ], [ -93.182334253246381, 16.697615006628432 ], [ -93.182064758661141, 16.697615006628432 ], [ -93.182064758661141, 16.697345512043196 ], [ -93.182603747831621, 16.697345512043196 ], [ -93.182603747831621, 16.697615006628432 ], [ -93.182873242416846, 16.697615006628432 ], [ -93.182873242416846, 16.697884501213665 ], [ -93.183412231587326, 16.697884501213665 ], [ -93.183412231587326, 16.698153995798901 ], [ -93.183142737002086, 16.698153995798901 ], [ -93.183142737002086, 16.698423490384137 ], [ -93.183412231587326, 16.698423490384137 ], [ -93.183412231587326, 16.698962479554609 ] ], [ [ -93.183142737002086, 16.698692984969373 ], [ -93.183142737002086, 16.698423490384137 ], [ -93.182873242416846, 16.698423490384137 ], [ -93.182873242416846, 16.698692984969373 ], [ -93.183142737002086, 16.698692984969373 ] ] ] ] } },
{ "type": "Feature", "properties": { "ZONA_MET": "Tuxtla_Guti_rrez", "INTENSIDAD": "Intensa", "T_PROM_POL": 4.0, "T_MIN_CIUD": 3.0, "DIF_TERMIC": 1.0 }, "geometry": { "type": "MultiPolygon", "coordinates": [ [ [ [ -93.02333244795723, 16.696537028287487 ], [ -93.023062953371991, 16.696537028287487 ], [ -93.023062953371991, 16.696267533702251 ], [ -93.022793458786751, 16.696267533702251 ], [ -93.022793458786751, 16.696537028287487 ], [ -93.022523964201511, 16.696537028287487 ], [ -93.022523964201511, 16.695998039117015 ], [ -93.022793458786751, 16.695998039117015 ], [ -93.022793458786751, 16.695728544531779 ], [ -93.023871437127696, 16.695728544531779 ], [ -93.023871437127696, 16.695998039117015 ], [ -93.024140931712935, 16.695998039117015 ], [ -93.024140931712935, 16.696267533702251 ], [ -93.02333244795723, 16.696267533702251 ], [ -93.02333244795723, 16.696537028287487 ] ] ] ] } },
{ "type": "Feature", "properties": { "ZONA_MET": "Tuxtla_Guti_rrez", "INTENSIDAD": "Intensa", "T_PROM_POL": 4.0, "T_MIN_CIUD": 3.0, "DIF_TERMIC": 1.0 }, "geometry": { "type": "MultiPolygon", "coordinates": [ [ [ [ -93.168320534814114, 16.704082876674089 ], [ -93.168051040228875, 16.704082876674089 ], [ -93.168051040228875, 16.703813382088853 ], [ -93.167781545643649, 16.703813382088853 ], [ -93.167781545643649, 16.703543887503621 ], [ -93.168051040228875, 16.703543887503621 ], [ -93.168051040228875, 16.703274392918384 ], [ -93.167781545643649, 16.703274392918384 ], [ -93.167781545643649, 16.703004898333148 ], [ -93.16724255647317, 16.703004898333148 ], [ -93.16724255647317, 16.702735403747912 ], [ -93.166703567302704, 16.702735403747912 ], [ -93.166703567302704, 16.702465909162676 ], [ -93.166434072717465, 16.702465909162676 ], [ -93.166434072717465, 16.701926919992204 ], [ -93.166164578132225, 16.701926919992204 ], [ -93.166164578132225, 16.701387930821731 ], [ -93.165895083546999, 16.701387930821731 ], [ -93.165895083546999, 16.70030995248079 ], [ -93.16562558896176, 16.70030995248079 ], [ -93.16562558896176, 16.700040457895554 ], [ -93.16508659979128, 16.700040457895554 ], [ -93.16508659979128, 16.700579447066026 ], [ -93.164817105206055, 16.700579447066026 ], [ -93.164817105206055, 16.700040457895554 ], [ -93.164547610620815, 16.700040457895554 ], [ -93.164547610620815, 16.701118436236495 ], [ -93.164817105206055, 16.701118436236495 ], [ -93.164817105206055, 16.701657425406967 ], [ -93.164278116035575, 16.701657425406967 ], [ -93.164278116035575, 16.701926919992204 ], [ -93.16400862145035, 16.701926919992204 ], [ -93.16400862145035, 16.702735403747912 ], [ -93.16373912686511, 16.702735403747912 ], [ -93.16373912686511, 16.701387930821731 ], [ -93.164278116035575, 16.701387930821731 ], [ -93.164278116035575, 16.700848941651259 ], [ -93.16400862145035, 16.700848941651259 ], [ -93.16400862145035, 16.701118436236495 ], [ -93.16373912686511, 16.701118436236495 ], [ -93.16373912686511, 16.698962479554609 ], [ -93.16346963227987, 16.698962479554609 ], [ -93.16346963227987, 16.698423490384137 ], [ -93.163200137694631, 16.698423490384137 ], [ -93.163200137694631, 16.697615006628432 ], [ -93.16373912686511, 16.697615006628432 ], [ -93.16373912686511, 16.698153995798901 ], [ -93.16400862145035, 16.698153995798901 ], [ -93.16400862145035, 16.697884501213665 ], [ -93.164278116035575, 16.697884501213665 ], [ -93.164278116035575, 16.698153995798901 ], [ -93.164547610620815, 16.698153995798901 ], [ -93.164547610620815, 16.698423490384137 ], [ -93.16508659979128, 16.698423490384137 ], [ -93.16508659979128, 16.697884501213665 ], [ -93.164817105206055, 16.697884501213665 ], [ -93.164817105206055, 16.697615006628432 ], [ -93.16508659979128, 16.697615006628432 ], [ -93.16508659979128, 16.697345512043196 ], [ -93.16535609437652, 16.697345512043196 ], [ -93.16535609437652, 16.697615006628432 ], [ -93.16562558896176, 16.697615006628432 ], [ -93.16562558896176, 16.698962479554609 ], [ -93.16508659979128, 16.698962479554609 ], [ -93.16508659979128, 16.699231974139845 ], [ -93.164817105206055, 16.699231974139845 ], [ -93.164817105206055, 16.698962479554609 ], [ -93.16400862145035, 16.698962479554609 ], [ -93.16400862145035, 16.699231974139845 ], [ -93.164547610620815, 16.699231974139845 ], [ -93.164547610620815, 16.699501468725082 ], [ -93.164817105206055, 16.699501468725082 ], [ -93.164817105206055, 16.699770963310318 ], [ -93.16508659979128, 16.699770963310318 ], [ -93.16508659979128, 16.699501468725082 ], [ -93.16535609437652, 16.699501468725082 ], [ -93.16535609437652, 16.699231974139845 ], [ -93.165895083546999, 16.699231974139845 ], [ -93.165895083546999, 16.699501468725082 ], [ -93.166164578132225, 16.699501468725082 ], [ -93.166164578132225, 16.698962479554609 ], [ -93.165895083546999, 16.698962479554609 ], [ -93.165895083546999, 16.698692984969373 ], [ -93.166164578132225, 16.698692984969373 ], [ -93.166164578132225, 16.697884501213665 ], [ -93.166973061887944, 16.697884501213665 ], [ -93.166973061887944, 16.698153995798901 ], [ -93.16724255647317, 16.698153995798901 ], [ -93.16724255647317, 16.697615006628432 ], [ -93.166973061887944, 16.697615006628432 ], [ -93.166973061887944, 16.697345512043196 ], [ -93.166703567302704, 16.697345512043196 ], [ -93.166703567302704, 16.69707601745796 ], [ -93.16724255647317, 16.69707601745796 ], [ -93.16724255647317, 16.696806522872723 ], [ -93.167512051058409, 16.696806522872723 ], [ -93.167512051058409, 16.696537028287487 ], [ -93.16724255647317, 16.696537028287487 ], [ -93.16724255647317, 16.696267533702251 ], [ -93.167512051058409, 16.696267533702251 ], [ -93.167512051058409, 16.695728544531779 ], [ -93.167781545643649, 16.695728544531779 ], [ -93.167781545643649, 16.695459049946543 ], [ -93.168320534814114, 16.695459049946543 ], [ -93.168320534814114, 16.695189555361306 ], [ -93.168590029399354, 16.695189555361306 ], [ -93.168590029399354, 16.695728544531779 ], [ -93.168859523984594, 16.695728544531779 ], [ -93.168859523984594, 16.695998039117015 ], [ -93.168590029399354, 16.695998039117015 ], [ -93.168590029399354, 16.696267533702251 ], [ -93.168320534814114, 16.696267533702251 ], [ -93.168320534814114, 16.695998039117015 ], [ -93.168051040228875, 16.695998039117015 ], [ -93.168051040228875, 16.69707601745796 ], [ -93.167781545643649, 16.69707601745796 ], [ -93.167781545643649, 16.697884501213665 ], [ -93.167512051058409, 16.697884501213665 ], [ -93.167512051058409, 16.698423490384137 ], [ -93.16724255647317, 16.698423490384137 ], [ -93.16724255647317, 16.698962479554609 ], [ -93.168859523984594, 16.698962479554609 ], [ -93.168859523984594, 16.699231974139845 ], [ -93.169398513155059, 16.699231974139845 ], [ -93.169398513155059, 16.699501468725082 ], [ -93.169937502325539, 16.699501468725082 ], [ -93.169937502325539, 16.699770963310318 ], [ -93.168859523984594, 16.699770963310318 ], [ -93.168859523984594, 16.701118436236495 ], [ -93.168590029399354, 16.701118436236495 ], [ -93.168590029399354, 16.701387930821731 ], [ -93.168859523984594, 16.701387930821731 ], [ -93.168859523984594, 16.701657425406967 ], [ -93.168590029399354, 16.701657425406967 ], [ -93.168590029399354, 16.703004898333148 ], [ -93.168320534814114, 16.703004898333148 ], [ -93.168320534814114, 16.703543887503621 ], [ -93.168590029399354, 16.703543887503621 ], [ -93.168590029399354, 16.703813382088853 ], [ -93.168320534814114, 16.703813382088853 ], [ -93.168320534814114, 16.704082876674089 ] ], [ [ -93.166973061887944, 16.702465909162676 ], [ -93.166973061887944, 16.70219641457744 ], [ -93.166703567302704, 16.70219641457744 ], [ -93.166703567302704, 16.702465909162676 ], [ -93.166973061887944, 16.702465909162676 ] ], [ [ -93.167781545643649, 16.701926919992204 ], [ -93.167781545643649, 16.701657425406967 ], [ -93.167512051058409, 16.701657425406967 ], [ -93.167512051058409, 16.701926919992204 ], [ -93.167781545643649, 16.701926919992204 ] ], [ [ -93.164547610620815, 16.699770963310318 ], [ -93.164547610620815, 16.699501468725082 ], [ -93.16400862145035, 16.699501468725082 ], [ -93.16400862145035, 16.699770963310318 ], [ -93.164547610620815, 16.699770963310318 ] ], [ [ -93.167512051058409, 16.699501468725082 ], [ -93.167512051058409, 16.699231974139845 ], [ -93.166973061887944, 16.699231974139845 ], [ -93.166973061887944, 16.699501468725082 ], [ -93.167512051058409, 16.699501468725082 ] ], [ [ -93.16400862145035, 16.698692984969373 ], [ -93.16400862145035, 16.698423490384137 ], [ -93.16373912686511, 16.698423490384137 ], [ -93.16373912686511, 16.698692984969373 ], [ -93.16400862145035, 16.698692984969373 ] ] ] ] } },
{ "type": "Feature", "properties": { "ZONA_MET": "Tuxtla_Guti_rrez", "INTENSIDAD": "Intensa", "T_PROM_POL": 4.0, "T_MIN_CIUD": 3.0, "DIF_TERMIC": 1.0 }, "geometry": { "type": "MultiPolygon", "coordinates": [ [ [ [ -93.197425950019593, 16.696806522872723 ], [ -93.196617466263888, 16.696806522872723 ], [ -93.196617466263888, 16.696537028287487 ], [ -93.196886960849113, 16.696537028287487 ], [ -93.196886960849113, 16.696267533702251 ], [ -93.196347971678648, 16.696267533702251 ], [ -93.196347971678648, 16.695998039117015 ], [ -93.196078477093408, 16.695998039117015 ], [ -93.196078477093408, 16.695459049946543 ], [ -93.196617466263888, 16.695459049946543 ], [ -93.196617466263888, 16.695189555361306 ], [ -93.196886960849113, 16.695189555361306 ], [ -93.196886960849113, 16.69492006077607 ], [ -93.197425950019593, 16.69492006077607 ], [ -93.197425950019593, 16.695189555361306 ], [ -93.197695444604832, 16.695189555361306 ], [ -93.197695444604832, 16.695459049946543 ], [ -93.196886960849113, 16.695459049946543 ], [ -93.196886960849113, 16.695728544531779 ], [ -93.197156455434353, 16.695728544531779 ], [ -93.197156455434353, 16.696267533702251 ], [ -93.197425950019593, 16.696267533702251 ], [ -93.197425950019593, 16.696806522872723 ] ] ] ] } },
{ "type": "Feature", "properties": { "ZONA_MET": "Tuxtla_Guti_rrez", "INTENSIDAD": "Intensa", "T_PROM_POL": 4.0, "T_MIN_CIUD": 3.0, "DIF_TERMIC": 1.0 }, "geometry": { "type": "MultiPolygon", "coordinates": [ [ [ [ -93.160774686427516, 16.695728544531779 ], [ -93.157540751404682, 16.695728544531779 ], [ -93.157540751404682, 16.695459049946543 ], [ -93.157810245989921, 16.695459049946543 ], [ -93.157810245989921, 16.69492006077607 ], [ -93.158349235160387, 16.69492006077607 ], [ -93.158349235160387, 16.694381071605601 ], [ -93.159157718916092, 16.694381071605601 ], [ -93.159157718916092, 16.694650566190838 ], [ -93.158888224330866, 16.694650566190838 ], [ -93.158888224330866, 16.695189555361306 ], [ -93.159427213501331, 16.695189555361306 ], [ -93.159427213501331, 16.69492006077607 ], [ -93.159696708086571, 16.69492006077607 ], [ -93.159696708086571, 16.695459049946543 ], [ -93.160774686427516, 16.695459049946543 ], [ -93.160774686427516, 16.695728544531779 ] ] ] ] } },
{ "type": "Feature", "properties": { "ZONA_MET": "Tuxtla_Guti_rrez", "INTENSIDAD": "Intensa", "T_PROM_POL": 4.0, "T_MIN_CIUD": 3.0, "DIF_TERMIC": 1.0 }, "geometry": { "type": "MultiPolygon", "coordinates": [ [ [ [ -93.18637667202492, 16.695459049946543 ], [ -93.186107177439681, 16.695459049946543 ], [ -93.186107177439681, 16.694111577020365 ], [ -93.186915661195385, 16.694111577020365 ], [ -93.186915661195385, 16.693842082435129 ], [ -93.187454650365865, 16.693842082435129 ], [ -93.187454650365865, 16.69303359867942 ], [ -93.186915661195385, 16.69303359867942 ], [ -93.186915661195385, 16.692764104094184 ], [ -93.187724144951105, 16.692764104094184 ], [ -93.187724144951105, 16.69303359867942 ], [ -93.18799363953633, 16.69303359867942 ], [ -93.18799363953633, 16.693572587849893 ], [ -93.18826313412157, 16.693572587849893 ], [ -93.18826313412157, 16.693842082435129 ], [ -93.18853262870681, 16.693842082435129 ], [ -93.18853262870681, 16.693572587849893 ], [ -93.189341112462515, 16.693572587849893 ], [ -93.189341112462515, 16.693842082435129 ], [ -93.188802123292035, 16.693842082435129 ], [ -93.188802123292035, 16.694111577020365 ], [ -93.18799363953633, 16.694111577020365 ], [ -93.18799363953633, 16.694381071605601 ], [ -93.187454650365865, 16.694381071605601 ], [ -93.187454650365865, 16.694650566190838 ], [ -93.186915661195385, 16.694650566190838 ], [ -93.186915661195385, 16.69492006077607 ], [ -93.18637667202492, 16.69492006077607 ], [ -93.18637667202492, 16.695459049946543 ] ], [ [ -93.187454650365865, 16.694381071605601 ], [ -93.187454650365865, 16.694111577020365 ], [ -93.187185155780625, 16.694111577020365 ], [ -93.187185155780625, 16.694381071605601 ], [ -93.187454650365865, 16.694381071605601 ] ] ] ] } },
{ "type": "Feature", "properties": { "ZONA_MET": "Tuxtla_Guti_rrez", "INTENSIDAD": "Intensa", "T_PROM_POL": 4.0, "T_MIN_CIUD": 3.0, "DIF_TERMIC": 1.0 }, "geometry": { "type": "MultiPolygon", "coordinates": [ [ [ [ -93.19014959621822, 16.693572587849893 ], [ -93.189341112462515, 16.693572587849893 ], [ -93.189341112462515, 16.692764104094184 ], [ -93.189610607047754, 16.692764104094184 ], [ -93.189610607047754, 16.693303093264657 ], [ -93.18988010163298, 16.693303093264657 ], [ -93.18988010163298, 16.69303359867942 ], [ -93.190419090803459, 16.69303359867942 ], [ -93.190419090803459, 16.692764104094184 ], [ -93.190688585388699, 16.692764104094184 ], [ -93.190688585388699, 16.692494609508948 ], [ -93.190958079973925, 16.692494609508948 ], [ -93.190958079973925, 16.692764104094184 ], [ -93.191227574559164, 16.692764104094184 ], [ -93.191227574559164, 16.69303359867942 ], [ -93.190958079973925, 16.69303359867942 ], [ -93.190958079973925, 16.693303093264657 ], [ -93.19014959621822, 16.693303093264657 ], [ -93.19014959621822, 16.693572587849893 ] ] ] ] } },
{ "type": "Feature", "properties": { "ZONA_MET": "Tuxtla_Guti_rrez", "INTENSIDAD": "Intensa", "T_PROM_POL": 4.0, "T_MIN_CIUD": 3.0, "DIF_TERMIC": 1.0 }, "geometry": { "type": "MultiPolygon", "coordinates": [ [ [ [ -93.180986780320197, 16.693842082435129 ], [ -93.180447791149732, 16.693842082435129 ], [ -93.180447791149732, 16.692764104094184 ], [ -93.180717285734971, 16.692764104094184 ], [ -93.180717285734971, 16.692494609508948 ], [ -93.180986780320197, 16.692494609508948 ], [ -93.180986780320197, 16.692225114923712 ], [ -93.181256274905436, 16.692225114923712 ], [ -93.181256274905436, 16.693572587849893 ], [ -93.180986780320197, 16.693572587849893 ], [ -93.180986780320197, 16.693842082435129 ] ] ] ] } },
{ "type": "Feature", "properties": { "ZONA_MET": "Tuxtla_Guti_rrez", "INTENSIDAD": "Extrema", "T_PROM_POL": 4.0, "T_MIN_CIUD": 3.0, "DIF_TERMIC": 1.0 }, "geometry": { "type": "MultiPolygon", "coordinates": [ [ [ [ -93.187454650365865, 16.693842082435129 ], [ -93.186915661195385, 16.693842082435129 ], [ -93.186915661195385, 16.693572587849893 ], [ -93.18664616661016, 16.693572587849893 ], [ -93.18664616661016, 16.693303093264657 ], [ -93.185837682854441, 16.693303093264657 ], [ -93.185837682854441, 16.69303359867942 ], [ -93.185568188269215, 16.69303359867942 ], [ -93.185568188269215, 16.692764104094184 ], [ -93.185298693683976, 16.692764104094184 ], [ -93.185298693683976, 16.692225114923712 ], [ -93.185568188269215, 16.692225114923712 ], [ -93.185568188269215, 16.691955620338476 ], [ -93.186107177439681, 16.691955620338476 ], [ -93.186107177439681, 16.692225114923712 ], [ -93.18637667202492, 16.692225114923712 ], [ -93.18637667202492, 16.691955620338476 ], [ -93.18664616661016, 16.691955620338476 ], [ -93.18664616661016, 16.692494609508948 ], [ -93.186915661195385, 16.692494609508948 ], [ -93.186915661195385, 16.69303359867942 ], [ -93.187454650365865, 16.69303359867942 ], [ -93.187454650365865, 16.693842082435129 ] ] ] ] } },
{ "type": "Feature", "properties": { "ZONA_MET": "Tuxtla_Guti_rrez", "INTENSIDAD": "Intensa", "T_PROM_POL": 4.0, "T_MIN_CIUD": 3.0, "DIF_TERMIC": 1.0 }, "geometry": { "type": "MultiPolygon", "coordinates": [ [ [ [ -93.157540751404682, 16.692764104094184 ], [ -93.157271256819442, 16.692764104094184 ], [ -93.157271256819442, 16.692494609508948 ], [ -93.157001762234216, 16.692494609508948 ], [ -93.157001762234216, 16.692225114923712 ], [ -93.156732267648977, 16.692225114923712 ], [ -93.156732267648977, 16.69168612575324 ], [ -93.157271256819442, 16.69168612575324 ], [ -93.157271256819442, 16.690877641997535 ], [ -93.157540751404682, 16.690877641997535 ], [ -93.157540751404682, 16.692764104094184 ] ] ] ] } },
{ "type": "Feature", "properties": { "ZONA_MET": "Tuxtla_Guti_rrez", "INTENSIDAD": "Intensa", "T_PROM_POL": 4.0, "T_MIN_CIUD": 3.0, "DIF_TERMIC": 1.0 }, "geometry": { "type": "MultiPolygon", "coordinates": [ [ [ [ -93.197425950019593, 16.692225114923712 ], [ -93.196617466263888, 16.692225114923712 ], [ -93.196617466263888, 16.691955620338476 ], [ -93.196078477093408, 16.691955620338476 ], [ -93.196078477093408, 16.69168612575324 ], [ -93.195539487922943, 16.69168612575324 ], [ -93.195539487922943, 16.691416631168007 ], [ -93.195000498752464, 16.691416631168007 ], [ -93.195000498752464, 16.691147136582771 ], [ -93.195269993337703, 16.691147136582771 ], [ -93.195269993337703, 16.690608147412298 ], [ -93.195539487922943, 16.690608147412298 ], [ -93.195539487922943, 16.690877641997535 ], [ -93.196886960849113, 16.690877641997535 ], [ -93.196886960849113, 16.691147136582771 ], [ -93.197964939190058, 16.691147136582771 ], [ -93.197964939190058, 16.691416631168007 ], [ -93.198234433775298, 16.691416631168007 ], [ -93.198234433775298, 16.691955620338476 ], [ -93.197964939190058, 16.691955620338476 ], [ -93.197964939190058, 16.69168612575324 ], [ -93.197695444604832, 16.69168612575324 ], [ -93.197695444604832, 16.691416631168007 ], [ -93.197425950019593, 16.691416631168007 ], [ -93.197425950019593, 16.692225114923712 ] ], [ [ -93.196617466263888, 16.69168612575324 ], [ -93.196617466263888, 16.691416631168007 ], [ -93.196078477093408, 16.691416631168007 ], [ -93.196078477093408, 16.69168612575324 ], [ -93.196617466263888, 16.69168612575324 ] ] ] ] } },
{ "type": "Feature", "properties": { "ZONA_MET": "Tuxtla_Guti_rrez", "INTENSIDAD": "Intensa", "T_PROM_POL": 4.0, "T_MIN_CIUD": 3.0, "DIF_TERMIC": 1.0 }, "geometry": { "type": "MultiPolygon", "coordinates": [ [ [ [ -93.193383531241054, 16.692225114923712 ], [ -93.193114036655814, 16.692225114923712 ], [ -93.193114036655814, 16.691955620338476 ], [ -93.19176656372963, 16.691955620338476 ], [ -93.19176656372963, 16.69168612575324 ], [ -93.191497069144404, 16.69168612575324 ], [ -93.191497069144404, 16.691416631168007 ], [ -93.19176656372963, 16.691416631168007 ], [ -93.19176656372963, 16.691147136582771 ], [ -93.191227574559164, 16.691147136582771 ], [ -93.191227574559164, 16.690877641997535 ], [ -93.191497069144404, 16.690877641997535 ], [ -93.191497069144404, 16.690608147412298 ], [ -93.192036058314869, 16.690608147412298 ], [ -93.192036058314869, 16.690069158241826 ], [ -93.192305552900109, 16.690069158241826 ], [ -93.192305552900109, 16.68979966365659 ], [ -93.192575047485349, 16.68979966365659 ], [ -93.192575047485349, 16.689530169071354 ], [ -93.192036058314869, 16.689530169071354 ], [ -93.192036058314869, 16.688452190730413 ], [ -93.191497069144404, 16.688452190730413 ], [ -93.191497069144404, 16.688721685315645 ], [ -93.191227574559164, 16.688721685315645 ], [ -93.191227574559164, 16.688182696145176 ], [ -93.190958079973925, 16.688182696145176 ], [ -93.190958079973925, 16.687374212389468 ], [ -93.191227574559164, 16.687374212389468 ], [ -93.191227574559164, 16.687643706974704 ], [ -93.191497069144404, 16.687643706974704 ], [ -93.191497069144404, 16.687374212389468 ], [ -93.19176656372963, 16.687374212389468 ], [ -93.19176656372963, 16.68791320155994 ], [ -93.192036058314869, 16.68791320155994 ], [ -93.192036058314869, 16.687374212389468 ], [ -93.192575047485349, 16.687374212389468 ], [ -93.192575047485349, 16.687104717804232 ], [ -93.192844542070574, 16.687104717804232 ], [ -93.192844542070574, 16.686565728633759 ], [ -93.193114036655814, 16.686565728633759 ], [ -93.193114036655814, 16.686296234048523 ], [ -93.193383531241054, 16.686296234048523 ], [ -93.193383531241054, 16.686835223218996 ], [ -93.193653025826293, 16.686835223218996 ], [ -93.193653025826293, 16.686026739463287 ], [ -93.193922520411519, 16.686026739463287 ], [ -93.193922520411519, 16.687104717804232 ], [ -93.194192014996759, 16.687104717804232 ], [ -93.194192014996759, 16.687374212389468 ], [ -93.193922520411519, 16.687374212389468 ], [ -93.193922520411519, 16.687643706974704 ], [ -93.193653025826293, 16.687643706974704 ], [ -93.193653025826293, 16.68791320155994 ], [ -93.193383531241054, 16.68791320155994 ], [ -93.193383531241054, 16.688991179900881 ], [ -93.193114036655814, 16.688991179900881 ], [ -93.193114036655814, 16.690877641997535 ], [ -93.192844542070574, 16.690877641997535 ], [ -93.192844542070574, 16.691147136582771 ], [ -93.193114036655814, 16.691147136582771 ], [ -93.193114036655814, 16.691416631168007 ], [ -93.193653025826293, 16.691416631168007 ], [ -93.193653025826293, 16.69168612575324 ], [ -93.193922520411519, 16.69168612575324 ], [ -93.193922520411519, 16.691955620338476 ], [ -93.193383531241054, 16.691955620338476 ], [ -93.193383531241054, 16.692225114923712 ] ] ] ] } },
{ "type": "Feature", "properties": { "ZONA_MET": "Tuxtla_Guti_rrez", "INTENSIDAD": "Intensa", "T_PROM_POL": 4.0, "T_MIN_CIUD": 3.0, "DIF_TERMIC": 1.0 }, "geometry": { "type": "MultiPolygon", "coordinates": [ [ [ [ -93.019559523763917, 16.686835223218996 ], [ -93.018212050837747, 16.686835223218996 ], [ -93.018212050837747, 16.686565728633759 ], [ -93.017403567082042, 16.686565728633759 ], [ -93.017403567082042, 16.686296234048523 ], [ -93.017673061667267, 16.686296234048523 ], [ -93.017673061667267, 16.685757244878051 ], [ -93.018751040008212, 16.685757244878051 ], [ -93.018751040008212, 16.686026739463287 ], [ -93.019290029178691, 16.686026739463287 ], [ -93.019290029178691, 16.686565728633759 ], [ -93.019559523763917, 16.686565728633759 ], [ -93.019559523763917, 16.686835223218996 ] ] ] ] } },
{ "type": "Feature", "properties": { "ZONA_MET": "Tuxtla_Guti_rrez", "INTENSIDAD": "Intensa", "T_PROM_POL": 4.0, "T_MIN_CIUD": 3.0, "DIF_TERMIC": 1.0 }, "geometry": { "type": "MultiPolygon", "coordinates": [ [ [ [ -93.017403567082042, 16.686296234048523 ], [ -93.016595083326322, 16.686296234048523 ], [ -93.016595083326322, 16.686026739463287 ], [ -93.016864577911562, 16.686026739463287 ], [ -93.016864577911562, 16.685487750292818 ], [ -93.016595083326322, 16.685487750292818 ], [ -93.016595083326322, 16.684140277366637 ], [ -93.016864577911562, 16.684140277366637 ], [ -93.016864577911562, 16.685218255707582 ], [ -93.017134072496802, 16.685218255707582 ], [ -93.017134072496802, 16.685757244878051 ], [ -93.017403567082042, 16.685757244878051 ], [ -93.017403567082042, 16.686296234048523 ] ] ] ] } },
{ "type": "Feature", "properties": { "ZONA_MET": "Tuxtla_Guti_rrez", "INTENSIDAD": "Intensa", "T_PROM_POL": 4.0, "T_MIN_CIUD": 3.0, "DIF_TERMIC": 1.0 }, "geometry": { "type": "MultiPolygon", "coordinates": [ [ [ [ -93.185837682854441, 16.682253815269988 ], [ -93.185298693683976, 16.682253815269988 ], [ -93.185298693683976, 16.681984320684752 ], [ -93.185029199098736, 16.681984320684752 ], [ -93.185029199098736, 16.681445331514279 ], [ -93.18475970451351, 16.681445331514279 ], [ -93.18475970451351, 16.681175836929043 ], [ -93.185029199098736, 16.681175836929043 ], [ -93.185029199098736, 16.680906342343807 ], [ -93.185298693683976, 16.680906342343807 ], [ -93.185298693683976, 16.680636847758571 ], [ -93.185568188269215, 16.680636847758571 ], [ -93.185568188269215, 16.680906342343807 ], [ -93.185837682854441, 16.680906342343807 ], [ -93.185837682854441, 16.681175836929043 ], [ -93.185568188269215, 16.681175836929043 ], [ -93.185568188269215, 16.681445331514279 ], [ -93.185837682854441, 16.681445331514279 ], [ -93.185837682854441, 16.681714826099515 ], [ -93.186107177439681, 16.681714826099515 ], [ -93.186107177439681, 16.681984320684752 ], [ -93.185837682854441, 16.681984320684752 ], [ -93.185837682854441, 16.682253815269988 ] ] ] ] } },
{ "type": "Feature", "properties": { "ZONA_MET": "Tuxtla_Guti_rrez", "INTENSIDAD": "Intensa", "T_PROM_POL": 4.0, "T_MIN_CIUD": 3.0, "DIF_TERMIC": 1.0 }, "geometry": { "type": "MultiPolygon", "coordinates": [ [ [ [ -93.18853262870681, 16.682253815269988 ], [ -93.18826313412157, 16.682253815269988 ], [ -93.18826313412157, 16.680906342343807 ], [ -93.189071617877275, 16.680906342343807 ], [ -93.189071617877275, 16.680636847758571 ], [ -93.18988010163298, 16.680636847758571 ], [ -93.18988010163298, 16.680367353173335 ], [ -93.19014959621822, 16.680367353173335 ], [ -93.19014959621822, 16.680906342343807 ], [ -93.190419090803459, 16.680906342343807 ], [ -93.190419090803459, 16.681175836929043 ], [ -93.19014959621822, 16.681175836929043 ], [ -93.19014959621822, 16.681445331514279 ], [ -93.18988010163298, 16.681445331514279 ], [ -93.18988010163298, 16.681984320684752 ], [ -93.189610607047754, 16.681984320684752 ], [ -93.189610607047754, 16.681714826099515 ], [ -93.189071617877275, 16.681714826099515 ], [ -93.189071617877275, 16.681445331514279 ], [ -93.18853262870681, 16.681445331514279 ], [ -93.18853262870681, 16.682253815269988 ] ] ] ] } },
{ "type": "Feature", "properties": { "ZONA_MET": "Tuxtla_Guti_rrez", "INTENSIDAD": "Intensa", "T_PROM_POL": 4.0, "T_MIN_CIUD": 3.0, "DIF_TERMIC": 1.0 }, "geometry": { "type": "MultiPolygon", "coordinates": [ [ [ [ -93.183142737002086, 16.679289374832393 ], [ -93.182873242416846, 16.679289374832393 ], [ -93.182873242416846, 16.678750385661921 ], [ -93.182603747831621, 16.678750385661921 ], [ -93.182603747831621, 16.678480891076685 ], [ -93.182064758661141, 16.678480891076685 ], [ -93.182064758661141, 16.678211396491449 ], [ -93.182334253246381, 16.678211396491449 ], [ -93.182334253246381, 16.677941901906213 ], [ -93.182603747831621, 16.677941901906213 ], [ -93.182603747831621, 16.677672407320976 ], [ -93.182873242416846, 16.677672407320976 ], [ -93.182873242416846, 16.67740291273574 ], [ -93.183142737002086, 16.67740291273574 ], [ -93.183142737002086, 16.677941901906213 ], [ -93.183412231587326, 16.677941901906213 ], [ -93.183412231587326, 16.679019880247157 ], [ -93.183142737002086, 16.679019880247157 ], [ -93.183142737002086, 16.679289374832393 ] ] ] ] } },
{ "type": "Feature", "properties": { "ZONA_MET": "Tuxtla_Guti_rrez", "INTENSIDAD": "Intensa", "T_PROM_POL": 4.0, "T_MIN_CIUD": 3.0, "DIF_TERMIC": 1.0 }, "geometry": { "type": "MultiPolygon", "coordinates": [ [ [ [ -92.983986238512784, 16.491451648923 ], [ -92.982099776416135, 16.491451648923 ], [ -92.982099776416135, 16.490912659752528 ], [ -92.98156078724567, 16.490912659752528 ], [ -92.98156078724567, 16.490373670582056 ], [ -92.983716743927559, 16.490373670582056 ], [ -92.983716743927559, 16.490912659752528 ], [ -92.984255733098024, 16.490912659752528 ], [ -92.984255733098024, 16.491182154337764 ], [ -92.983986238512784, 16.491182154337764 ], [ -92.983986238512784, 16.491451648923 ] ] ] ] } },
{ "type": "Feature", "properties": { "ZONA_MET": "Tuxtla_Guti_rrez", "INTENSIDAD": "Intensa", "T_PROM_POL": 4.0, "T_MIN_CIUD": 3.0, "DIF_TERMIC": 1.0 }, "geometry": { "type": "MultiPolygon", "coordinates": [ [ [ [ -92.964582628375808, 16.485253273462575 ], [ -92.964313133790569, 16.485253273462575 ], [ -92.964313133790569, 16.484444789706867 ], [ -92.964043639205329, 16.484444789706867 ], [ -92.964043639205329, 16.483905800536398 ], [ -92.963774144620103, 16.483905800536398 ], [ -92.963774144620103, 16.48309731678069 ], [ -92.963235155449624, 16.48309731678069 ], [ -92.963235155449624, 16.482827822195453 ], [ -92.963504650034864, 16.482827822195453 ], [ -92.963504650034864, 16.482558327610217 ], [ -92.963774144620103, 16.482558327610217 ], [ -92.963774144620103, 16.482288833024981 ], [ -92.964313133790569, 16.482288833024981 ], [ -92.964313133790569, 16.482558327610217 ], [ -92.964043639205329, 16.482558327610217 ], [ -92.964043639205329, 16.482827822195453 ], [ -92.964582628375808, 16.482827822195453 ], [ -92.964582628375808, 16.48309731678069 ], [ -92.965660606716753, 16.48309731678069 ], [ -92.965660606716753, 16.482827822195453 ], [ -92.965930101301993, 16.482827822195453 ], [ -92.965930101301993, 16.482558327610217 ], [ -92.966199595887218, 16.482558327610217 ], [ -92.966199595887218, 16.48309731678069 ], [ -92.965930101301993, 16.48309731678069 ], [ -92.965930101301993, 16.483366811365926 ], [ -92.965121617546274, 16.483366811365926 ], [ -92.965121617546274, 16.483636305951162 ], [ -92.964852122961048, 16.483636305951162 ], [ -92.964852122961048, 16.483366811365926 ], [ -92.964582628375808, 16.483366811365926 ], [ -92.964582628375808, 16.485253273462575 ] ] ] ] } },
{ "type": "Feature", "properties": { "ZONA_MET": "Tuxtla_Guti_rrez", "INTENSIDAD": "Extrema", "T_PROM_POL": 4.0, "T_MIN_CIUD": 3.0, "DIF_TERMIC": 1.0 }, "geometry": { "type": "MultiPolygon", "coordinates": [ [ [ [ -92.964852122961048, 16.482558327610217 ], [ -92.964313133790569, 16.482558327610217 ], [ -92.964313133790569, 16.482288833024981 ], [ -92.963774144620103, 16.482288833024981 ], [ -92.963774144620103, 16.482558327610217 ], [ -92.963504650034864, 16.482558327610217 ], [ -92.963504650034864, 16.481749843854509 ], [ -92.963774144620103, 16.481749843854509 ], [ -92.963774144620103, 16.482019338439745 ], [ -92.964043639205329, 16.482019338439745 ], [ -92.964043639205329, 16.481480349269273 ], [ -92.964582628375808, 16.481480349269273 ], [ -92.964582628375808, 16.482288833024981 ], [ -92.964852122961048, 16.482288833024981 ], [ -92.964852122961048, 16.482558327610217 ] ] ] ] } },
{ "type": "Feature", "properties": { "ZONA_MET": "Tuxtla_Guti_rrez", "INTENSIDAD": "Intensa", "T_PROM_POL": 4.0, "T_MIN_CIUD": 3.0, "DIF_TERMIC": 1.0 }, "geometry": { "type": "MultiPolygon", "coordinates": [ [ [ [ -92.958923242085859, 16.472856522541726 ], [ -92.95865374750062, 16.472856522541726 ], [ -92.95865374750062, 16.472587027956489 ], [ -92.95838425291538, 16.472587027956489 ], [ -92.95838425291538, 16.472317533371253 ], [ -92.95811475833014, 16.472317533371253 ], [ -92.95811475833014, 16.472048038786017 ], [ -92.957845263744915, 16.472048038786017 ], [ -92.957845263744915, 16.471778544200784 ], [ -92.957575769159675, 16.471778544200784 ], [ -92.957575769159675, 16.471509049615548 ], [ -92.95838425291538, 16.471509049615548 ], [ -92.95838425291538, 16.471778544200784 ], [ -92.95865374750062, 16.471778544200784 ], [ -92.95865374750062, 16.472048038786017 ], [ -92.958923242085859, 16.472048038786017 ], [ -92.958923242085859, 16.472856522541726 ] ] ] ] } }
]
}
