{
"type": "FeatureCollection",
"name": "UHI_Tijuana",
"crs": { "type": "name", "properties": { "name": "urn:ogc:def:crs:OGC:1.3:CRS84" } },
"features": [
{ "type": "Feature", "properties": { "ZONA_MET": "Tijuana", "INTENSIDAD": "Extrema", "T_PROM_POL": 3.0, "T_MIN_CIUD": 1.0, "DIF_TERMIC": 2.0 }, "geometry": { "type": "MultiPolygon", "coordinates": [ [ [ [ -116.931275082571005, 32.560066293610944 ], [ -116.931005587985766, 32.560066293610944 ], [ -116.931005587985766, 32.559796799025712 ], [ -116.930197104230061, 32.559796799025712 ], [ -116.930197104230061, 32.559257809855239 ], [ -116.929658115059596, 32.559257809855239 ], [ -116.929658115059596, 32.559796799025712 ], [ -116.928580136718651, 32.559796799025712 ], [ -116.928580136718651, 32.55898831527 ], [ -116.928849631303876, 32.55898831527 ], [ -116.928849631303876, 32.558718820684767 ], [ -116.929119125889116, 32.558718820684767 ], [ -116.929119125889116, 32.55898831527 ], [ -116.929658115059596, 32.55898831527 ], [ -116.929658115059596, 32.558718820684767 ], [ -116.93073609340054, 32.558718820684767 ], [ -116.93073609340054, 32.55898831527 ], [ -116.931275082571005, 32.55898831527 ], [ -116.931275082571005, 32.560066293610944 ] ], [ [ -116.9304665988153, 32.559257809855239 ], [ -116.9304665988153, 32.55898831527 ], [ -116.930197104230061, 32.55898831527 ], [ -116.930197104230061, 32.559257809855239 ], [ -116.9304665988153, 32.559257809855239 ] ] ] ] } },
{ "type": "Feature", "properties": { "ZONA_MET": "Tijuana", "INTENSIDAD": "Intensa", "T_PROM_POL": 3.0, "T_MIN_CIUD": 1.0, "DIF_TERMIC": 2.0 }, "geometry": { "type": "MultiPolygon", "coordinates": [ [ [ [ -116.946366779344217, 32.552520445224339 ], [ -116.946097284758977, 32.552520445224339 ], [ -116.946097284758977, 32.552250950639106 ], [ -116.945827790173738, 32.552250950639106 ], [ -116.945827790173738, 32.551981456053866 ], [ -116.945288801003272, 32.551981456053866 ], [ -116.945288801003272, 32.551711961468634 ], [ -116.945827790173738, 32.551711961468634 ], [ -116.945827790173738, 32.550903477712929 ], [ -116.949061725196572, 32.550903477712929 ], [ -116.949061725196572, 32.551711961468634 ], [ -116.948522736026106, 32.551711961468634 ], [ -116.948522736026106, 32.552250950639106 ], [ -116.946366779344217, 32.552250950639106 ], [ -116.946366779344217, 32.552520445224339 ] ] ] ] } },
{ "type": "Feature", "properties": { "ZONA_MET": "Tijuana", "INTENSIDAD": "Extrema", "T_PROM_POL": 3.0, "T_MIN_CIUD": 1.0, "DIF_TERMIC": 2.0 }, "geometry": { "type": "MultiPolygon", "coordinates": [ [ [ [ -116.914296923701144, 32.551711961468634 ], [ -116.914027429115905, 32.551711961468634 ], [ -116.914027429115905, 32.551442466883401 ], [ -116.913757934530679, 32.551442466883401 ], [ -116.913757934530679, 32.551172972298161 ], [ -116.913488439945439, 32.551172972298161 ], [ -116.913488439945439, 32.550094993957217 ], [ -116.913757934530679, 32.550094993957217 ], [ -116.913757934530679, 32.549825499371984 ], [ -116.914027429115905, 32.549825499371984 ], [ -116.914027429115905, 32.550094993957217 ], [ -116.915105407456849, 32.550094993957217 ], [ -116.915105407456849, 32.550364488542456 ], [ -116.915913891212568, 32.550364488542456 ], [ -116.915913891212568, 32.550633983127689 ], [ -116.916452880383034, 32.550633983127689 ], [ -116.916452880383034, 32.550364488542456 ], [ -116.917261364138739, 32.550364488542456 ], [ -116.917261364138739, 32.550903477712929 ], [ -116.916991869553499, 32.550903477712929 ], [ -116.916991869553499, 32.551172972298161 ], [ -116.915644396627329, 32.551172972298161 ], [ -116.915644396627329, 32.551442466883401 ], [ -116.914296923701144, 32.551442466883401 ], [ -116.914296923701144, 32.551711961468634 ] ] ] ] } },
{ "type": "Feature", "properties": { "ZONA_MET": "Tijuana", "INTENSIDAD": "Extrema", "T_PROM_POL": 3.0, "T_MIN_CIUD": 1.0, "DIF_TERMIC": 2.0 }, "geometry": { "type": "MultiPolygon", "coordinates": [ [ [ [ -116.925346201695817, 32.550903477712929 ], [ -116.924268223354872, 32.550903477712929 ], [ -116.924268223354872, 32.550094993957217 ], [ -116.923998728769632, 32.550094993957217 ], [ -116.923998728769632, 32.549825499371984 ], [ -116.925885190866282, 32.549825499371984 ], [ -116.925885190866282, 32.550633983127689 ], [ -116.925346201695817, 32.550633983127689 ], [ -116.925346201695817, 32.550903477712929 ] ] ] ] } },
{ "type": "Feature", "properties": { "ZONA_MET": "Tijuana", "INTENSIDAD": "Intensa", "T_PROM_POL": 3.0, "T_MIN_CIUD": 1.0, "DIF_TERMIC": 2.0 }, "geometry": { "type": "MultiPolygon", "coordinates": [ [ [ [ -116.926154685451522, 32.550903477712929 ], [ -116.925346201695817, 32.550903477712929 ], [ -116.925346201695817, 32.550633983127689 ], [ -116.925885190866282, 32.550633983127689 ], [ -116.925885190866282, 32.549825499371984 ], [ -116.924268223354872, 32.549825499371984 ], [ -116.924268223354872, 32.549556004786744 ], [ -116.925346201695817, 32.549556004786744 ], [ -116.925346201695817, 32.549286510201512 ], [ -116.925885190866282, 32.549286510201512 ], [ -116.925885190866282, 32.549556004786744 ], [ -116.926154685451522, 32.549556004786744 ], [ -116.926154685451522, 32.550094993957217 ], [ -116.926693674622001, 32.550094993957217 ], [ -116.926693674622001, 32.550364488542456 ], [ -116.926154685451522, 32.550364488542456 ], [ -116.926154685451522, 32.550903477712929 ] ] ] ] } },
{ "type": "Feature", "properties": { "ZONA_MET": "Tijuana", "INTENSIDAD": "Extrema", "T_PROM_POL": 3.0, "T_MIN_CIUD": 1.0, "DIF_TERMIC": 2.0 }, "geometry": { "type": "MultiPolygon", "coordinates": [ [ [ [ -116.93208356632671, 32.550364488542456 ], [ -116.931275082571005, 32.550364488542456 ], [ -116.931275082571005, 32.550094993957217 ], [ -116.931005587985766, 32.550094993957217 ], [ -116.931005587985766, 32.549825499371984 ], [ -116.93073609340054, 32.549825499371984 ], [ -116.93073609340054, 32.549286510201512 ], [ -116.93208356632671, 32.549286510201512 ], [ -116.93208356632671, 32.549556004786744 ], [ -116.93235306091195, 32.549556004786744 ], [ -116.93235306091195, 32.550094993957217 ], [ -116.93208356632671, 32.550094993957217 ], [ -116.93208356632671, 32.550364488542456 ] ] ] ] } },
{ "type": "Feature", "properties": { "ZONA_MET": "Tijuana", "INTENSIDAD": "Intensa", "T_PROM_POL": 3.0, "T_MIN_CIUD": 1.0, "DIF_TERMIC": 2.0 }, "geometry": { "type": "MultiPolygon", "coordinates": [ [ [ [ -116.93208356632671, 32.550633983127689 ], [ -116.931005587985766, 32.550633983127689 ], [ -116.931005587985766, 32.550364488542456 ], [ -116.9304665988153, 32.550364488542456 ], [ -116.9304665988153, 32.550094993957217 ], [ -116.930197104230061, 32.550094993957217 ], [ -116.930197104230061, 32.549825499371984 ], [ -116.9304665988153, 32.549825499371984 ], [ -116.9304665988153, 32.549017015616272 ], [ -116.93235306091195, 32.549017015616272 ], [ -116.93235306091195, 32.549286510201512 ], [ -116.93262255549719, 32.549286510201512 ], [ -116.93262255549719, 32.549556004786744 ], [ -116.932892050082415, 32.549556004786744 ], [ -116.932892050082415, 32.549825499371984 ], [ -116.933161544667655, 32.549825499371984 ], [ -116.933161544667655, 32.550094993957217 ], [ -116.932892050082415, 32.550094993957217 ], [ -116.932892050082415, 32.550364488542456 ], [ -116.93208356632671, 32.550364488542456 ], [ -116.93208356632671, 32.550633983127689 ] ], [ [ -116.93208356632671, 32.550364488542456 ], [ -116.93208356632671, 32.550094993957217 ], [ -116.93235306091195, 32.550094993957217 ], [ -116.93235306091195, 32.549556004786744 ], [ -116.93208356632671, 32.549556004786744 ], [ -116.93208356632671, 32.549286510201512 ], [ -116.93073609340054, 32.549286510201512 ], [ -116.93073609340054, 32.549825499371984 ], [ -116.931005587985766, 32.549825499371984 ], [ -116.931005587985766, 32.550094993957217 ], [ -116.931275082571005, 32.550094993957217 ], [ -116.931275082571005, 32.550364488542456 ], [ -116.93208356632671, 32.550364488542456 ] ] ] ] } },
{ "type": "Feature", "properties": { "ZONA_MET": "Tijuana", "INTENSIDAD": "Intensa", "T_PROM_POL": 3.0, "T_MIN_CIUD": 1.0, "DIF_TERMIC": 2.0 }, "geometry": { "type": "MultiPolygon", "coordinates": [ [ [ [ -117.037455949153937, 32.549825499371984 ], [ -117.036916959983458, 32.549825499371984 ], [ -117.036916959983458, 32.549286510201512 ], [ -117.036108476227753, 32.549286510201512 ], [ -117.036108476227753, 32.548747521031039 ], [ -117.037455949153937, 32.548747521031039 ], [ -117.037455949153937, 32.549825499371984 ] ] ] ] } },
{ "type": "Feature", "properties": { "ZONA_MET": "Tijuana", "INTENSIDAD": "Extrema", "T_PROM_POL": 3.0, "T_MIN_CIUD": 1.0, "DIF_TERMIC": 2.0 }, "geometry": { "type": "MultiPolygon", "coordinates": [ [ [ [ -116.908907031996435, 32.550903477712929 ], [ -116.908098548240716, 32.550903477712929 ], [ -116.908098548240716, 32.550633983127689 ], [ -116.90782905365549, 32.550633983127689 ], [ -116.90782905365549, 32.550364488542456 ], [ -116.907290064485011, 32.550364488542456 ], [ -116.907290064485011, 32.550094993957217 ], [ -116.907020569899785, 32.550094993957217 ], [ -116.907020569899785, 32.550364488542456 ], [ -116.906481580729306, 32.550364488542456 ], [ -116.906481580729306, 32.550094993957217 ], [ -116.906751075314546, 32.550094993957217 ], [ -116.906751075314546, 32.549825499371984 ], [ -116.907020569899785, 32.549825499371984 ], [ -116.907020569899785, 32.549556004786744 ], [ -116.907290064485011, 32.549556004786744 ], [ -116.907290064485011, 32.549825499371984 ], [ -116.90782905365549, 32.549825499371984 ], [ -116.90782905365549, 32.548478026445807 ], [ -116.908098548240716, 32.548478026445807 ], [ -116.908098548240716, 32.547939037275334 ], [ -116.908907031996435, 32.547939037275334 ], [ -116.908907031996435, 32.548478026445807 ], [ -116.90917652658166, 32.548478026445807 ], [ -116.90917652658166, 32.548747521031039 ], [ -116.908368042825956, 32.548747521031039 ], [ -116.908368042825956, 32.549017015616272 ], [ -116.90917652658166, 32.549017015616272 ], [ -116.90917652658166, 32.549556004786744 ], [ -116.90971551575214, 32.549556004786744 ], [ -116.90971551575214, 32.549286510201512 ], [ -116.90998501033738, 32.549286510201512 ], [ -116.90998501033738, 32.550094993957217 ], [ -116.90971551575214, 32.550094993957217 ], [ -116.90971551575214, 32.550364488542456 ], [ -116.90917652658166, 32.550364488542456 ], [ -116.90917652658166, 32.550633983127689 ], [ -116.908907031996435, 32.550633983127689 ], [ -116.908907031996435, 32.550903477712929 ] ] ] ] } },
{ "type": "Feature", "properties": { "ZONA_MET": "Tijuana", "INTENSIDAD": "Extrema", "T_PROM_POL": 3.0, "T_MIN_CIUD": 1.0, "DIF_TERMIC": 2.0 }, "geometry": { "type": "MultiPolygon", "coordinates": [ [ [ [ -116.918608837064923, 32.549825499371984 ], [ -116.917800353309218, 32.549825499371984 ], [ -116.917800353309218, 32.549556004786744 ], [ -116.917261364138739, 32.549556004786744 ], [ -116.917261364138739, 32.549286510201512 ], [ -116.916991869553499, 32.549286510201512 ], [ -116.916991869553499, 32.548208531860567 ], [ -116.915644396627329, 32.548208531860567 ], [ -116.915644396627329, 32.547939037275334 ], [ -116.915913891212568, 32.547939037275334 ], [ -116.915913891212568, 32.547669542690095 ], [ -116.916452880383034, 32.547669542690095 ], [ -116.916452880383034, 32.547400048104862 ], [ -116.916991869553499, 32.547400048104862 ], [ -116.916991869553499, 32.547130553519622 ], [ -116.917530858723978, 32.547130553519622 ], [ -116.917530858723978, 32.54659156434915 ], [ -116.917261364138739, 32.54659156434915 ], [ -116.917261364138739, 32.546322069763917 ], [ -116.917530858723978, 32.546322069763917 ], [ -116.917530858723978, 32.546052575178678 ], [ -116.918339342479683, 32.546052575178678 ], [ -116.918339342479683, 32.54659156434915 ], [ -116.918608837064923, 32.54659156434915 ], [ -116.918608837064923, 32.54686105893439 ], [ -116.918339342479683, 32.54686105893439 ], [ -116.918339342479683, 32.547130553519622 ], [ -116.918608837064923, 32.547130553519622 ], [ -116.918608837064923, 32.548478026445807 ], [ -116.918878331650163, 32.548478026445807 ], [ -116.918878331650163, 32.549286510201512 ], [ -116.918608837064923, 32.549286510201512 ], [ -116.918608837064923, 32.549825499371984 ] ] ] ] } },
{ "type": "Feature", "properties": { "ZONA_MET": "Tijuana", "INTENSIDAD": "Intensa", "T_PROM_POL": 3.0, "T_MIN_CIUD": 1.0, "DIF_TERMIC": 2.0 }, "geometry": { "type": "MultiPolygon", "coordinates": [ [ [ [ -116.914835912871624, 32.551981456053866 ], [ -116.914027429115905, 32.551981456053866 ], [ -116.914027429115905, 32.551711961468634 ], [ -116.912949450774974, 32.551711961468634 ], [ -116.912949450774974, 32.551172972298161 ], [ -116.9132189453602, 32.551172972298161 ], [ -116.9132189453602, 32.550633983127689 ], [ -116.912949450774974, 32.550633983127689 ], [ -116.912949450774974, 32.550364488542456 ], [ -116.912140967019255, 32.550364488542456 ], [ -116.912140967019255, 32.550633983127689 ], [ -116.911871472434029, 32.550633983127689 ], [ -116.911871472434029, 32.551172972298161 ], [ -116.912140967019255, 32.551172972298161 ], [ -116.912140967019255, 32.551442466883401 ], [ -116.911871472434029, 32.551442466883401 ], [ -116.911871472434029, 32.551981456053866 ], [ -116.91133248326355, 32.551981456053866 ], [ -116.91133248326355, 32.550633983127689 ], [ -116.910793494093085, 32.550633983127689 ], [ -116.910793494093085, 32.549825499371984 ], [ -116.91133248326355, 32.549825499371984 ], [ -116.91133248326355, 32.549286510201512 ], [ -116.910793494093085, 32.549286510201512 ], [ -116.910793494093085, 32.549017015616272 ], [ -116.91133248326355, 32.549017015616272 ], [ -116.91133248326355, 32.548747521031039 ], [ -116.912949450774974, 32.548747521031039 ], [ -116.912949450774974, 32.549017015616272 ], [ -116.9132189453602, 32.549017015616272 ], [ -116.9132189453602, 32.548747521031039 ], [ -116.913488439945439, 32.548747521031039 ], [ -116.913488439945439, 32.548208531860567 ], [ -116.9132189453602, 32.548208531860567 ], [ -116.9132189453602, 32.547939037275334 ], [ -116.912949450774974, 32.547939037275334 ], [ -116.912949450774974, 32.54659156434915 ], [ -116.9132189453602, 32.54659156434915 ], [ -116.9132189453602, 32.547130553519622 ], [ -116.914835912871624, 32.547130553519622 ], [ -116.914835912871624, 32.54686105893439 ], [ -116.915374902042089, 32.54686105893439 ], [ -116.915374902042089, 32.546322069763917 ], [ -116.914835912871624, 32.546322069763917 ], [ -116.914835912871624, 32.545783080593445 ], [ -116.915644396627329, 32.545783080593445 ], [ -116.915644396627329, 32.545513586008212 ], [ -116.917261364138739, 32.545513586008212 ], [ -116.917261364138739, 32.545244091422973 ], [ -116.917530858723978, 32.545244091422973 ], [ -116.917530858723978, 32.545513586008212 ], [ -116.918608837064923, 32.545513586008212 ], [ -116.918608837064923, 32.546052575178678 ], [ -116.918878331650163, 32.546052575178678 ], [ -116.918878331650163, 32.548478026445807 ], [ -116.918608837064923, 32.548478026445807 ], [ -116.918608837064923, 32.547130553519622 ], [ -116.918339342479683, 32.547130553519622 ], [ -116.918339342479683, 32.54686105893439 ], [ -116.918608837064923, 32.54686105893439 ], [ -116.918608837064923, 32.54659156434915 ], [ -116.918339342479683, 32.54659156434915 ], [ -116.918339342479683, 32.546052575178678 ], [ -116.917530858723978, 32.546052575178678 ], [ -116.917530858723978, 32.546322069763917 ], [ -116.917261364138739, 32.546322069763917 ], [ -116.917261364138739, 32.54659156434915 ], [ -116.917530858723978, 32.54659156434915 ], [ -116.917530858723978, 32.547130553519622 ], [ -116.916991869553499, 32.547130553519622 ], [ -116.916991869553499, 32.547400048104862 ], [ -116.916452880383034, 32.547400048104862 ], [ -116.916452880383034, 32.547669542690095 ], [ -116.915913891212568, 32.547669542690095 ], [ -116.915913891212568, 32.547939037275334 ], [ -116.915374902042089, 32.547939037275334 ], [ -116.915374902042089, 32.548478026445807 ], [ -116.915644396627329, 32.548478026445807 ], [ -116.915644396627329, 32.548747521031039 ], [ -116.915374902042089, 32.548747521031039 ], [ -116.915374902042089, 32.549017015616272 ], [ -116.915644396627329, 32.549017015616272 ], [ -116.915644396627329, 32.549825499371984 ], [ -116.916991869553499, 32.549825499371984 ], [ -116.916991869553499, 32.549286510201512 ], [ -116.917261364138739, 32.549286510201512 ], [ -116.917261364138739, 32.549556004786744 ], [ -116.917800353309218, 32.549556004786744 ], [ -116.917800353309218, 32.549825499371984 ], [ -116.918608837064923, 32.549825499371984 ], [ -116.918608837064923, 32.550903477712929 ], [ -116.917800353309218, 32.550903477712929 ], [ -116.917800353309218, 32.551442466883401 ], [ -116.916722374968273, 32.551442466883401 ], [ -116.916722374968273, 32.551711961468634 ], [ -116.914835912871624, 32.551711961468634 ], [ -116.914835912871624, 32.551981456053866 ] ], [ [ -116.914296923701144, 32.551711961468634 ], [ -116.914296923701144, 32.551442466883401 ], [ -116.915644396627329, 32.551442466883401 ], [ -116.915644396627329, 32.551172972298161 ], [ -116.916991869553499, 32.551172972298161 ], [ -116.916991869553499, 32.550903477712929 ], [ -116.917261364138739, 32.550903477712929 ], [ -116.917261364138739, 32.550364488542456 ], [ -116.916452880383034, 32.550364488542456 ], [ -116.916452880383034, 32.550633983127689 ], [ -116.915913891212568, 32.550633983127689 ], [ -116.915913891212568, 32.550364488542456 ], [ -116.915105407456849, 32.550364488542456 ], [ -116.915105407456849, 32.550094993957217 ], [ -116.914027429115905, 32.550094993957217 ], [ -116.914027429115905, 32.549825499371984 ], [ -116.913757934530679, 32.549825499371984 ], [ -116.913757934530679, 32.550094993957217 ], [ -116.913488439945439, 32.550094993957217 ], [ -116.913488439945439, 32.551172972298161 ], [ -116.913757934530679, 32.551172972298161 ], [ -116.913757934530679, 32.551442466883401 ], [ -116.914027429115905, 32.551442466883401 ], [ -116.914027429115905, 32.551711961468634 ], [ -116.914296923701144, 32.551711961468634 ] ], [ [ -116.912140967019255, 32.549556004786744 ], [ -116.912140967019255, 32.549286510201512 ], [ -116.911871472434029, 32.549286510201512 ], [ -116.911871472434029, 32.549556004786744 ], [ -116.912140967019255, 32.549556004786744 ] ], [ [ -116.915105407456849, 32.548747521031039 ], [ -116.915105407456849, 32.547939037275334 ], [ -116.914027429115905, 32.547939037275334 ], [ -116.914027429115905, 32.548208531860567 ], [ -116.914296923701144, 32.548208531860567 ], [ -116.914296923701144, 32.548478026445807 ], [ -116.914835912871624, 32.548478026445807 ], [ -116.914835912871624, 32.548747521031039 ], [ -116.915105407456849, 32.548747521031039 ] ], [ [ -116.915644396627329, 32.547130553519622 ], [ -116.915644396627329, 32.54686105893439 ], [ -116.915374902042089, 32.54686105893439 ], [ -116.915374902042089, 32.547130553519622 ], [ -116.915644396627329, 32.547130553519622 ] ], [ [ -116.916452880383034, 32.54686105893439 ], [ -116.916452880383034, 32.54659156434915 ], [ -116.915913891212568, 32.54659156434915 ], [ -116.915913891212568, 32.54686105893439 ], [ -116.916452880383034, 32.54686105893439 ] ] ] ] } },
{ "type": "Feature", "properties": { "ZONA_MET": "Tijuana", "INTENSIDAD": "Intensa", "T_PROM_POL": 3.0, "T_MIN_CIUD": 1.0, "DIF_TERMIC": 2.0 }, "geometry": { "type": "MultiPolygon", "coordinates": [ [ [ [ -116.945019306418033, 32.546322069763917 ], [ -116.944210822662328, 32.546322069763917 ], [ -116.944210822662328, 32.546052575178678 ], [ -116.943402338906623, 32.546052575178678 ], [ -116.943402338906623, 32.545783080593445 ], [ -116.943941328077088, 32.545783080593445 ], [ -116.943941328077088, 32.545244091422973 ], [ -116.943402338906623, 32.545244091422973 ], [ -116.943402338906623, 32.54497459683774 ], [ -116.943132844321383, 32.54497459683774 ], [ -116.943132844321383, 32.5447051022525 ], [ -116.942863349736143, 32.5447051022525 ], [ -116.942863349736143, 32.544435607667268 ], [ -116.943402338906623, 32.544435607667268 ], [ -116.943402338906623, 32.5447051022525 ], [ -116.944210822662328, 32.5447051022525 ], [ -116.944210822662328, 32.545244091422973 ], [ -116.944749811832793, 32.545244091422973 ], [ -116.944749811832793, 32.545513586008212 ], [ -116.945019306418033, 32.545513586008212 ], [ -116.945019306418033, 32.545783080593445 ], [ -116.945288801003272, 32.545783080593445 ], [ -116.945288801003272, 32.546052575178678 ], [ -116.945019306418033, 32.546052575178678 ], [ -116.945019306418033, 32.546322069763917 ] ] ] ] } },
{ "type": "Feature", "properties": { "ZONA_MET": "Tijuana", "INTENSIDAD": "Extrema", "T_PROM_POL": 3.0, "T_MIN_CIUD": 1.0, "DIF_TERMIC": 2.0 }, "geometry": { "type": "MultiPolygon", "coordinates": [ [ [ [ -116.91160197784879, 32.545513586008212 ], [ -116.910793494093085, 32.545513586008212 ], [ -116.910793494093085, 32.543896618496795 ], [ -116.911871472434029, 32.543896618496795 ], [ -116.911871472434029, 32.54497459683774 ], [ -116.912140967019255, 32.54497459683774 ], [ -116.912140967019255, 32.545244091422973 ], [ -116.91160197784879, 32.545244091422973 ], [ -116.91160197784879, 32.545513586008212 ] ] ] ] } },
{ "type": "Feature", "properties": { "ZONA_MET": "Tijuana", "INTENSIDAD": "Intensa", "T_PROM_POL": 3.0, "T_MIN_CIUD": 1.0, "DIF_TERMIC": 2.0 }, "geometry": { "type": "MultiPolygon", "coordinates": [ [ [ [ -116.963614432799304, 32.545244091422973 ], [ -116.963344938214078, 32.545244091422973 ], [ -116.963344938214078, 32.544435607667268 ], [ -116.963614432799304, 32.544435607667268 ], [ -116.963614432799304, 32.544166113082028 ], [ -116.963883927384543, 32.544166113082028 ], [ -116.963883927384543, 32.543896618496795 ], [ -116.964961905725488, 32.543896618496795 ], [ -116.964961905725488, 32.54497459683774 ], [ -116.963883927384543, 32.54497459683774 ], [ -116.963883927384543, 32.5447051022525 ], [ -116.963614432799304, 32.5447051022525 ], [ -116.963614432799304, 32.545244091422973 ] ] ] ] } },
{ "type": "Feature", "properties": { "ZONA_MET": "Tijuana", "INTENSIDAD": "Extrema", "T_PROM_POL": 3.0, "T_MIN_CIUD": 1.0, "DIF_TERMIC": 2.0 }, "geometry": { "type": "MultiPolygon", "coordinates": [ [ [ [ -116.922651255843462, 32.544166113082028 ], [ -116.921842772087757, 32.544166113082028 ], [ -116.921842772087757, 32.543357629326323 ], [ -116.922112266672983, 32.543357629326323 ], [ -116.922112266672983, 32.543088134741083 ], [ -116.923459739599167, 32.543088134741083 ], [ -116.923459739599167, 32.543896618496795 ], [ -116.922651255843462, 32.543896618496795 ], [ -116.922651255843462, 32.544166113082028 ] ] ] ] } },
{ "type": "Feature", "properties": { "ZONA_MET": "Tijuana", "INTENSIDAD": "Intensa", "T_PROM_POL": 3.0, "T_MIN_CIUD": 1.0, "DIF_TERMIC": 2.0 }, "geometry": { "type": "MultiPolygon", "coordinates": [ [ [ [ -116.908907031996435, 32.543357629326323 ], [ -116.908368042825956, 32.543357629326323 ], [ -116.908368042825956, 32.543088134741083 ], [ -116.908098548240716, 32.543088134741083 ], [ -116.908098548240716, 32.542549145570618 ], [ -116.90782905365549, 32.542549145570618 ], [ -116.90782905365549, 32.542279650985378 ], [ -116.908637537411195, 32.542279650985378 ], [ -116.908637537411195, 32.542549145570618 ], [ -116.9094460211669, 32.542549145570618 ], [ -116.9094460211669, 32.543088134741083 ], [ -116.908907031996435, 32.543088134741083 ], [ -116.908907031996435, 32.543357629326323 ] ] ] ] } },
{ "type": "Feature", "properties": { "ZONA_MET": "Tijuana", "INTENSIDAD": "Intensa", "T_PROM_POL": 3.0, "T_MIN_CIUD": 1.0, "DIF_TERMIC": 2.0 }, "geometry": { "type": "MultiPolygon", "coordinates": [ [ [ [ -116.923459739599167, 32.54497459683774 ], [ -116.922920750428688, 32.54497459683774 ], [ -116.922920750428688, 32.544435607667268 ], [ -116.921573277502517, 32.544435607667268 ], [ -116.921573277502517, 32.543088134741083 ], [ -116.921842772087757, 32.543088134741083 ], [ -116.921842772087757, 32.544166113082028 ], [ -116.922651255843462, 32.544166113082028 ], [ -116.922651255843462, 32.543896618496795 ], [ -116.923459739599167, 32.543896618496795 ], [ -116.923459739599167, 32.544166113082028 ], [ -116.923729234184407, 32.544166113082028 ], [ -116.923729234184407, 32.543088134741083 ], [ -116.923459739599167, 32.543088134741083 ], [ -116.923459739599167, 32.542818640155851 ], [ -116.922920750428688, 32.542818640155851 ], [ -116.922920750428688, 32.542010156400146 ], [ -116.923998728769632, 32.542010156400146 ], [ -116.923998728769632, 32.542818640155851 ], [ -116.924537717940112, 32.542818640155851 ], [ -116.924537717940112, 32.543088134741083 ], [ -116.925076707110577, 32.543088134741083 ], [ -116.925076707110577, 32.543627123911556 ], [ -116.924537717940112, 32.543627123911556 ], [ -116.924537717940112, 32.543357629326323 ], [ -116.924268223354872, 32.543357629326323 ], [ -116.924268223354872, 32.543088134741083 ], [ -116.923998728769632, 32.543088134741083 ], [ -116.923998728769632, 32.5447051022525 ], [ -116.923459739599167, 32.5447051022525 ], [ -116.923459739599167, 32.54497459683774 ] ] ] ] } },
{ "type": "Feature", "properties": { "ZONA_MET": "Tijuana", "INTENSIDAD": "Intensa", "T_PROM_POL": 3.0, "T_MIN_CIUD": 1.0, "DIF_TERMIC": 2.0 }, "geometry": { "type": "MultiPolygon", "coordinates": [ [ [ [ -116.906751075314546, 32.543357629326323 ], [ -116.906212086144066, 32.543357629326323 ], [ -116.906212086144066, 32.543088134741083 ], [ -116.905942591558841, 32.543088134741083 ], [ -116.905942591558841, 32.542549145570618 ], [ -116.905673096973601, 32.542549145570618 ], [ -116.905673096973601, 32.542010156400146 ], [ -116.905134107803121, 32.542010156400146 ], [ -116.905134107803121, 32.543088134741083 ], [ -116.904864613217896, 32.543088134741083 ], [ -116.904864613217896, 32.543357629326323 ], [ -116.904595118632656, 32.543357629326323 ], [ -116.904595118632656, 32.542818640155851 ], [ -116.904325624047416, 32.542818640155851 ], [ -116.904325624047416, 32.542549145570618 ], [ -116.903786634876951, 32.542549145570618 ], [ -116.903786634876951, 32.542279650985378 ], [ -116.904595118632656, 32.542279650985378 ], [ -116.904595118632656, 32.542010156400146 ], [ -116.904864613217896, 32.542010156400146 ], [ -116.904864613217896, 32.541740661814906 ], [ -116.905134107803121, 32.541740661814906 ], [ -116.905134107803121, 32.541201672644434 ], [ -116.906212086144066, 32.541201672644434 ], [ -116.906212086144066, 32.542010156400146 ], [ -116.906751075314546, 32.542010156400146 ], [ -116.906751075314546, 32.542279650985378 ], [ -116.907020569899785, 32.542279650985378 ], [ -116.907020569899785, 32.543088134741083 ], [ -116.906751075314546, 32.543088134741083 ], [ -116.906751075314546, 32.543357629326323 ] ] ] ] } },
{ "type": "Feature", "properties": { "ZONA_MET": "Tijuana", "INTENSIDAD": "Intensa", "T_PROM_POL": 3.0, "T_MIN_CIUD": 1.0, "DIF_TERMIC": 2.0 }, "geometry": { "type": "MultiPolygon", "coordinates": [ [ [ [ -116.976819667475866, 32.542549145570618 ], [ -116.976280678305386, 32.542549145570618 ], [ -116.976280678305386, 32.542279650985378 ], [ -116.975472194549681, 32.542279650985378 ], [ -116.975472194549681, 32.541740661814906 ], [ -116.975741689134921, 32.541740661814906 ], [ -116.975741689134921, 32.541471167229673 ], [ -116.976011183720161, 32.541471167229673 ], [ -116.976011183720161, 32.541201672644434 ], [ -116.976280678305386, 32.541201672644434 ], [ -116.976280678305386, 32.540932178059201 ], [ -116.976819667475866, 32.540932178059201 ], [ -116.976819667475866, 32.541201672644434 ], [ -116.977358656646331, 32.541201672644434 ], [ -116.977358656646331, 32.540932178059201 ], [ -116.977628151231571, 32.540932178059201 ], [ -116.977628151231571, 32.541471167229673 ], [ -116.977089162061105, 32.541471167229673 ], [ -116.977089162061105, 32.541740661814906 ], [ -116.977628151231571, 32.541740661814906 ], [ -116.977628151231571, 32.542010156400146 ], [ -116.977358656646331, 32.542010156400146 ], [ -116.977358656646331, 32.542279650985378 ], [ -116.976819667475866, 32.542279650985378 ], [ -116.976819667475866, 32.542549145570618 ] ] ] ] } },
{ "type": "Feature", "properties": { "ZONA_MET": "Tijuana", "INTENSIDAD": "Intensa", "T_PROM_POL": 3.0, "T_MIN_CIUD": 1.0, "DIF_TERMIC": 2.0 }, "geometry": { "type": "MultiPolygon", "coordinates": [ [ [ [ -116.90782905365549, 32.551172972298161 ], [ -116.907290064485011, 32.551172972298161 ], [ -116.907290064485011, 32.550903477712929 ], [ -116.906751075314546, 32.550903477712929 ], [ -116.906751075314546, 32.551172972298161 ], [ -116.906481580729306, 32.551172972298161 ], [ -116.906481580729306, 32.550903477712929 ], [ -116.905673096973601, 32.550903477712929 ], [ -116.905673096973601, 32.550633983127689 ], [ -116.905403602388361, 32.550633983127689 ], [ -116.905403602388361, 32.550094993957217 ], [ -116.905134107803121, 32.550094993957217 ], [ -116.905134107803121, 32.548747521031039 ], [ -116.904864613217896, 32.548747521031039 ], [ -116.904864613217896, 32.548208531860567 ], [ -116.905403602388361, 32.548208531860567 ], [ -116.905403602388361, 32.547939037275334 ], [ -116.905673096973601, 32.547939037275334 ], [ -116.905673096973601, 32.547400048104862 ], [ -116.906751075314546, 32.547400048104862 ], [ -116.906751075314546, 32.546322069763917 ], [ -116.906212086144066, 32.546322069763917 ], [ -116.906212086144066, 32.54659156434915 ], [ -116.905134107803121, 32.54659156434915 ], [ -116.905134107803121, 32.546322069763917 ], [ -116.904595118632656, 32.546322069763917 ], [ -116.904595118632656, 32.5447051022525 ], [ -116.906212086144066, 32.5447051022525 ], [ -116.906212086144066, 32.54497459683774 ], [ -116.906481580729306, 32.54497459683774 ], [ -116.906481580729306, 32.545244091422973 ], [ -116.906751075314546, 32.545244091422973 ], [ -116.906751075314546, 32.545783080593445 ], [ -116.907020569899785, 32.545783080593445 ], [ -116.907020569899785, 32.546052575178678 ], [ -116.907290064485011, 32.546052575178678 ], [ -116.907290064485011, 32.545783080593445 ], [ -116.908907031996435, 32.545783080593445 ], [ -116.908907031996435, 32.54686105893439 ], [ -116.908637537411195, 32.54686105893439 ], [ -116.908637537411195, 32.547130553519622 ], [ -116.90971551575214, 32.547130553519622 ], [ -116.90971551575214, 32.54659156434915 ], [ -116.90998501033738, 32.54659156434915 ], [ -116.90998501033738, 32.546052575178678 ], [ -116.910254504922605, 32.546052575178678 ], [ -116.910254504922605, 32.545783080593445 ], [ -116.910793494093085, 32.545783080593445 ], [ -116.910793494093085, 32.545513586008212 ], [ -116.910523999507845, 32.545513586008212 ], [ -116.910523999507845, 32.543357629326323 ], [ -116.910793494093085, 32.543357629326323 ], [ -116.910793494093085, 32.540932178059201 ], [ -116.91133248326355, 32.540932178059201 ], [ -116.91133248326355, 32.540393188888729 ], [ -116.91160197784879, 32.540393188888729 ], [ -116.91160197784879, 32.540123694303489 ], [ -116.912140967019255, 32.540123694303489 ], [ -116.912140967019255, 32.540393188888729 ], [ -116.9132189453602, 32.540393188888729 ], [ -116.9132189453602, 32.540932178059201 ], [ -116.913757934530679, 32.540932178059201 ], [ -116.913757934530679, 32.540393188888729 ], [ -116.914027429115905, 32.540393188888729 ], [ -116.914027429115905, 32.540123694303489 ], [ -116.914835912871624, 32.540123694303489 ], [ -116.914835912871624, 32.540662683473961 ], [ -116.914296923701144, 32.540662683473961 ], [ -116.914296923701144, 32.541201672644434 ], [ -116.914027429115905, 32.541201672644434 ], [ -116.914027429115905, 32.541740661814906 ], [ -116.913488439945439, 32.541740661814906 ], [ -116.913488439945439, 32.542010156400146 ], [ -116.913757934530679, 32.542010156400146 ], [ -116.913757934530679, 32.542549145570618 ], [ -116.914835912871624, 32.542549145570618 ], [ -116.914835912871624, 32.542818640155851 ], [ -116.915105407456849, 32.542818640155851 ], [ -116.915105407456849, 32.542549145570618 ], [ -116.915374902042089, 32.542549145570618 ], [ -116.915374902042089, 32.542818640155851 ], [ -116.915644396627329, 32.542818640155851 ], [ -116.915644396627329, 32.543088134741083 ], [ -116.915913891212568, 32.543088134741083 ], [ -116.915913891212568, 32.542818640155851 ], [ -116.916452880383034, 32.542818640155851 ], [ -116.916452880383034, 32.543088134741083 ], [ -116.916991869553499, 32.543088134741083 ], [ -116.916991869553499, 32.542549145570618 ], [ -116.917261364138739, 32.542549145570618 ], [ -116.917261364138739, 32.543088134741083 ], [ -116.917530858723978, 32.543088134741083 ], [ -116.917530858723978, 32.544166113082028 ], [ -116.917261364138739, 32.544166113082028 ], [ -116.917261364138739, 32.543896618496795 ], [ -116.916991869553499, 32.543896618496795 ], [ -116.916991869553499, 32.544435607667268 ], [ -116.915913891212568, 32.544435607667268 ], [ -116.915913891212568, 32.544166113082028 ], [ -116.915644396627329, 32.544166113082028 ], [ -116.915644396627329, 32.5447051022525 ], [ -116.915374902042089, 32.5447051022525 ], [ -116.915374902042089, 32.544166113082028 ], [ -116.915105407456849, 32.544166113082028 ], [ -116.915105407456849, 32.544435607667268 ], [ -116.914835912871624, 32.544435607667268 ], [ -116.914835912871624, 32.544166113082028 ], [ -116.914296923701144, 32.544166113082028 ], [ -116.914296923701144, 32.543627123911556 ], [ -116.913488439945439, 32.543627123911556 ], [ -116.913488439945439, 32.542549145570618 ], [ -116.9132189453602, 32.542549145570618 ], [ -116.9132189453602, 32.542818640155851 ], [ -116.912410461604495, 32.542818640155851 ], [ -116.912410461604495, 32.543357629326323 ], [ -116.912140967019255, 32.543357629326323 ], [ -116.912140967019255, 32.543627123911556 ], [ -116.912410461604495, 32.543627123911556 ], [ -116.912410461604495, 32.543896618496795 ], [ -116.912949450774974, 32.543896618496795 ], [ -116.912949450774974, 32.544166113082028 ], [ -116.912410461604495, 32.544166113082028 ], [ -116.912410461604495, 32.54497459683774 ], [ -116.912949450774974, 32.54497459683774 ], [ -116.912949450774974, 32.545244091422973 ], [ -116.912410461604495, 32.545244091422973 ], [ -116.912410461604495, 32.547130553519622 ], [ -116.912140967019255, 32.547130553519622 ], [ -116.912140967019255, 32.547400048104862 ], [ -116.911871472434029, 32.547400048104862 ], [ -116.911871472434029, 32.548208531860567 ], [ -116.910523999507845, 32.548208531860567 ], [ -116.910523999507845, 32.548478026445807 ], [ -116.90998501033738, 32.548478026445807 ], [ -116.90998501033738, 32.549286510201512 ], [ -116.90971551575214, 32.549286510201512 ], [ -116.90971551575214, 32.549017015616272 ], [ -116.908907031996435, 32.549017015616272 ], [ -116.908907031996435, 32.548747521031039 ], [ -116.90917652658166, 32.548747521031039 ], [ -116.90917652658166, 32.548478026445807 ], [ -116.908907031996435, 32.548478026445807 ], [ -116.908907031996435, 32.547939037275334 ], [ -116.908098548240716, 32.547939037275334 ], [ -116.908098548240716, 32.548478026445807 ], [ -116.90782905365549, 32.548478026445807 ], [ -116.90782905365549, 32.549286510201512 ], [ -116.907290064485011, 32.549286510201512 ], [ -116.907290064485011, 32.549556004786744 ], [ -116.907020569899785, 32.549556004786744 ], [ -116.907020569899785, 32.549825499371984 ], [ -116.906751075314546, 32.549825499371984 ], [ -116.906751075314546, 32.550094993957217 ], [ -116.906481580729306, 32.550094993957217 ], [ -116.906481580729306, 32.550633983127689 ], [ -116.906751075314546, 32.550633983127689 ], [ -116.906751075314546, 32.550364488542456 ], [ -116.907020569899785, 32.550364488542456 ], [ -116.907020569899785, 32.550094993957217 ], [ -116.907290064485011, 32.550094993957217 ], [ -116.907290064485011, 32.550364488542456 ], [ -116.90782905365549, 32.550364488542456 ], [ -116.90782905365549, 32.550633983127689 ], [ -116.908098548240716, 32.550633983127689 ], [ -116.908098548240716, 32.550903477712929 ], [ -116.90782905365549, 32.550903477712929 ], [ -116.90782905365549, 32.551172972298161 ] ], [ [ -116.906212086144066, 32.549556004786744 ], [ -116.906212086144066, 32.549286510201512 ], [ -116.906481580729306, 32.549286510201512 ], [ -116.906481580729306, 32.548478026445807 ], [ -116.905673096973601, 32.548478026445807 ], [ -116.905673096973601, 32.548747521031039 ], [ -116.905403602388361, 32.548747521031039 ], [ -116.905403602388361, 32.549286510201512 ], [ -116.905673096973601, 32.549286510201512 ], [ -116.905673096973601, 32.549556004786744 ], [ -116.906212086144066, 32.549556004786744 ] ], [ [ -116.907290064485011, 32.548208531860567 ], [ -116.907290064485011, 32.547400048104862 ], [ -116.907020569899785, 32.547400048104862 ], [ -116.907020569899785, 32.547669542690095 ], [ -116.906751075314546, 32.547669542690095 ], [ -116.906751075314546, 32.547939037275334 ], [ -116.907020569899785, 32.547939037275334 ], [ -116.907020569899785, 32.548208531860567 ], [ -116.907290064485011, 32.548208531860567 ] ], [ [ -116.91133248326355, 32.547939037275334 ], [ -116.91133248326355, 32.547669542690095 ], [ -116.910793494093085, 32.547669542690095 ], [ -116.910793494093085, 32.547939037275334 ], [ -116.91133248326355, 32.547939037275334 ] ], [ [ -116.910793494093085, 32.547669542690095 ], [ -116.910793494093085, 32.547400048104862 ], [ -116.910254504922605, 32.547400048104862 ], [ -116.910254504922605, 32.547669542690095 ], [ -116.910793494093085, 32.547669542690095 ] ], [ [ -116.91133248326355, 32.547400048104862 ], [ -116.91133248326355, 32.547130553519622 ], [ -116.91160197784879, 32.547130553519622 ], [ -116.91160197784879, 32.54686105893439 ], [ -116.911871472434029, 32.54686105893439 ], [ -116.911871472434029, 32.54659156434915 ], [ -116.91160197784879, 32.54659156434915 ], [ -116.91160197784879, 32.546322069763917 ], [ -116.910793494093085, 32.546322069763917 ], [ -116.910793494093085, 32.547400048104862 ], [ -116.91133248326355, 32.547400048104862 ] ], [ [ -116.908368042825956, 32.547130553519622 ], [ -116.908368042825956, 32.54686105893439 ], [ -116.908098548240716, 32.54686105893439 ], [ -116.908098548240716, 32.54659156434915 ], [ -116.90782905365549, 32.54659156434915 ], [ -116.90782905365549, 32.547130553519622 ], [ -116.908368042825956, 32.547130553519622 ] ], [ [ -116.905403602388361, 32.546322069763917 ], [ -116.905403602388361, 32.546052575178678 ], [ -116.906212086144066, 32.546052575178678 ], [ -116.906212086144066, 32.545783080593445 ], [ -116.905673096973601, 32.545783080593445 ], [ -116.905673096973601, 32.545513586008212 ], [ -116.905403602388361, 32.545513586008212 ], [ -116.905403602388361, 32.545244091422973 ], [ -116.905134107803121, 32.545244091422973 ], [ -116.905134107803121, 32.545513586008212 ], [ -116.904864613217896, 32.545513586008212 ], [ -116.904864613217896, 32.546052575178678 ], [ -116.905134107803121, 32.546052575178678 ], [ -116.905134107803121, 32.546322069763917 ], [ -116.905403602388361, 32.546322069763917 ] ], [ [ -116.91160197784879, 32.545783080593445 ], [ -116.91160197784879, 32.545244091422973 ], [ -116.912140967019255, 32.545244091422973 ], [ -116.912140967019255, 32.54497459683774 ], [ -116.911871472434029, 32.54497459683774 ], [ -116.911871472434029, 32.543896618496795 ], [ -116.910793494093085, 32.543896618496795 ], [ -116.910793494093085, 32.545513586008212 ], [ -116.91106298867831, 32.545513586008212 ], [ -116.91106298867831, 32.545783080593445 ], [ -116.91160197784879, 32.545783080593445 ] ], [ [ -116.912140967019255, 32.542818640155851 ], [ -116.912140967019255, 32.542010156400146 ], [ -116.912949450774974, 32.542010156400146 ], [ -116.912949450774974, 32.540662683473961 ], [ -116.912679956189734, 32.540662683473961 ], [ -116.912679956189734, 32.540932178059201 ], [ -116.91160197784879, 32.540932178059201 ], [ -116.91160197784879, 32.541201672644434 ], [ -116.91133248326355, 32.541201672644434 ], [ -116.91133248326355, 32.542010156400146 ], [ -116.91160197784879, 32.542010156400146 ], [ -116.91160197784879, 32.542818640155851 ], [ -116.912140967019255, 32.542818640155851 ] ], [ [ -116.9132189453602, 32.542279650985378 ], [ -116.9132189453602, 32.542010156400146 ], [ -116.912949450774974, 32.542010156400146 ], [ -116.912949450774974, 32.542279650985378 ], [ -116.9132189453602, 32.542279650985378 ] ] ] ] } },
{ "type": "Feature", "properties": { "ZONA_MET": "Tijuana", "INTENSIDAD": "Intensa", "T_PROM_POL": 3.0, "T_MIN_CIUD": 1.0, "DIF_TERMIC": 2.0 }, "geometry": { "type": "MultiPolygon", "coordinates": [ [ [ [ -116.999187718050436, 32.540932178059201 ], [ -116.998109739709491, 32.540932178059201 ], [ -116.998109739709491, 32.540393188888729 ], [ -116.997301255953786, 32.540393188888729 ], [ -116.997301255953786, 32.540123694303489 ], [ -116.997570750539026, 32.540123694303489 ], [ -116.997570750539026, 32.539854199718256 ], [ -116.997840245124266, 32.539854199718256 ], [ -116.997840245124266, 32.539584705133016 ], [ -116.998109739709491, 32.539584705133016 ], [ -116.998109739709491, 32.539854199718256 ], [ -116.998648728879971, 32.539854199718256 ], [ -116.998648728879971, 32.540123694303489 ], [ -116.999187718050436, 32.540123694303489 ], [ -116.999187718050436, 32.540932178059201 ] ] ] ] } },
{ "type": "Feature", "properties": { "ZONA_MET": "Tijuana", "INTENSIDAD": "Intensa", "T_PROM_POL": 3.0, "T_MIN_CIUD": 1.0, "DIF_TERMIC": 2.0 }, "geometry": { "type": "MultiPolygon", "coordinates": [ [ [ [ -116.907020569899785, 32.540932178059201 ], [ -116.906481580729306, 32.540932178059201 ], [ -116.906481580729306, 32.540393188888729 ], [ -116.905673096973601, 32.540393188888729 ], [ -116.905673096973601, 32.540662683473961 ], [ -116.906212086144066, 32.540662683473961 ], [ -116.906212086144066, 32.540932178059201 ], [ -116.905403602388361, 32.540932178059201 ], [ -116.905403602388361, 32.540393188888729 ], [ -116.905134107803121, 32.540393188888729 ], [ -116.905134107803121, 32.539315210547784 ], [ -116.905403602388361, 32.539315210547784 ], [ -116.905403602388361, 32.539584705133016 ], [ -116.905673096973601, 32.539584705133016 ], [ -116.905673096973601, 32.539854199718256 ], [ -116.906481580729306, 32.539854199718256 ], [ -116.906481580729306, 32.539584705133016 ], [ -116.906751075314546, 32.539584705133016 ], [ -116.906751075314546, 32.539854199718256 ], [ -116.907020569899785, 32.539854199718256 ], [ -116.907020569899785, 32.540393188888729 ], [ -116.907290064485011, 32.540393188888729 ], [ -116.907290064485011, 32.540662683473961 ], [ -116.907020569899785, 32.540662683473961 ], [ -116.907020569899785, 32.540932178059201 ] ] ] ] } },
{ "type": "Feature", "properties": { "ZONA_MET": "Tijuana", "INTENSIDAD": "Intensa", "T_PROM_POL": 3.0, "T_MIN_CIUD": 1.0, "DIF_TERMIC": 2.0 }, "geometry": { "type": "MultiPolygon", "coordinates": [ [ [ [ -116.945288801003272, 32.541740661814906 ], [ -116.945019306418033, 32.541740661814906 ], [ -116.945019306418033, 32.541471167229673 ], [ -116.944480317247567, 32.541471167229673 ], [ -116.944480317247567, 32.541201672644434 ], [ -116.944210822662328, 32.541201672644434 ], [ -116.944210822662328, 32.540932178059201 ], [ -116.943132844321383, 32.540932178059201 ], [ -116.943132844321383, 32.540662683473961 ], [ -116.942863349736143, 32.540662683473961 ], [ -116.942863349736143, 32.540393188888729 ], [ -116.942593855150918, 32.540393188888729 ], [ -116.942593855150918, 32.539854199718256 ], [ -116.942863349736143, 32.539854199718256 ], [ -116.942863349736143, 32.539584705133016 ], [ -116.943402338906623, 32.539584705133016 ], [ -116.943402338906623, 32.540393188888729 ], [ -116.943941328077088, 32.540393188888729 ], [ -116.943941328077088, 32.540662683473961 ], [ -116.944749811832793, 32.540662683473961 ], [ -116.944749811832793, 32.541201672644434 ], [ -116.945288801003272, 32.541201672644434 ], [ -116.945288801003272, 32.540932178059201 ], [ -116.945019306418033, 32.540932178059201 ], [ -116.945019306418033, 32.540662683473961 ], [ -116.945288801003272, 32.540662683473961 ], [ -116.945288801003272, 32.540393188888729 ], [ -116.945827790173738, 32.540393188888729 ], [ -116.945827790173738, 32.540123694303489 ], [ -116.946366779344217, 32.540123694303489 ], [ -116.946366779344217, 32.540393188888729 ], [ -116.947444757685162, 32.540393188888729 ], [ -116.947444757685162, 32.540662683473961 ], [ -116.947714252270387, 32.540662683473961 ], [ -116.947714252270387, 32.539315210547784 ], [ -116.947444757685162, 32.539315210547784 ], [ -116.947444757685162, 32.539584705133016 ], [ -116.946905768514682, 32.539584705133016 ], [ -116.946905768514682, 32.539315210547784 ], [ -116.946366779344217, 32.539315210547784 ], [ -116.946366779344217, 32.538776221377312 ], [ -116.946636273929442, 32.538776221377312 ], [ -116.946636273929442, 32.539045715962551 ], [ -116.947444757685162, 32.539045715962551 ], [ -116.947444757685162, 32.538776221377312 ], [ -116.947714252270387, 32.538776221377312 ], [ -116.947714252270387, 32.539045715962551 ], [ -116.947983746855627, 32.539045715962551 ], [ -116.947983746855627, 32.539315210547784 ], [ -116.948253241440867, 32.539315210547784 ], [ -116.948253241440867, 32.539584705133016 ], [ -116.947983746855627, 32.539584705133016 ], [ -116.947983746855627, 32.540932178059201 ], [ -116.946905768514682, 32.540932178059201 ], [ -116.946905768514682, 32.541471167229673 ], [ -116.946636273929442, 32.541471167229673 ], [ -116.946636273929442, 32.541201672644434 ], [ -116.946366779344217, 32.541201672644434 ], [ -116.946366779344217, 32.540932178059201 ], [ -116.945827790173738, 32.540932178059201 ], [ -116.945827790173738, 32.541471167229673 ], [ -116.945288801003272, 32.541471167229673 ], [ -116.945288801003272, 32.541740661814906 ] ], [ [ -116.946097284758977, 32.540662683473961 ], [ -116.946097284758977, 32.540393188888729 ], [ -116.945827790173738, 32.540393188888729 ], [ -116.945827790173738, 32.540662683473961 ], [ -116.946097284758977, 32.540662683473961 ] ] ] ] } },
{ "type": "Feature", "properties": { "ZONA_MET": "Tijuana", "INTENSIDAD": "Extrema", "T_PROM_POL": 3.0, "T_MIN_CIUD": 1.0, "DIF_TERMIC": 2.0 }, "geometry": { "type": "MultiPolygon", "coordinates": [ [ [ [ -116.945288801003272, 32.540662683473961 ], [ -116.945019306418033, 32.540662683473961 ], [ -116.945019306418033, 32.540123694303489 ], [ -116.944749811832793, 32.540123694303489 ], [ -116.944749811832793, 32.540393188888729 ], [ -116.944210822662328, 32.540393188888729 ], [ -116.944210822662328, 32.540123694303489 ], [ -116.944480317247567, 32.540123694303489 ], [ -116.944480317247567, 32.539854199718256 ], [ -116.944210822662328, 32.539854199718256 ], [ -116.944210822662328, 32.539315210547784 ], [ -116.944749811832793, 32.539315210547784 ], [ -116.944749811832793, 32.538776221377312 ], [ -116.945019306418033, 32.538776221377312 ], [ -116.945019306418033, 32.539045715962551 ], [ -116.945288801003272, 32.539045715962551 ], [ -116.945288801003272, 32.539315210547784 ], [ -116.945019306418033, 32.539315210547784 ], [ -116.945019306418033, 32.539584705133016 ], [ -116.945827790173738, 32.539584705133016 ], [ -116.945827790173738, 32.540123694303489 ], [ -116.945288801003272, 32.540123694303489 ], [ -116.945288801003272, 32.540662683473961 ] ], [ [ -116.945019306418033, 32.539854199718256 ], [ -116.945019306418033, 32.539584705133016 ], [ -116.944749811832793, 32.539584705133016 ], [ -116.944749811832793, 32.539854199718256 ], [ -116.945019306418033, 32.539854199718256 ] ] ] ] } },
{ "type": "Feature", "properties": { "ZONA_MET": "Tijuana", "INTENSIDAD": "Extrema", "T_PROM_POL": 3.0, "T_MIN_CIUD": 1.0, "DIF_TERMIC": 2.0 }, "geometry": { "type": "MultiPolygon", "coordinates": [ [ [ [ -116.920764793746812, 32.541471167229673 ], [ -116.920225804576333, 32.541471167229673 ], [ -116.920225804576333, 32.541201672644434 ], [ -116.919956309991093, 32.541201672644434 ], [ -116.919956309991093, 32.541471167229673 ], [ -116.919147826235388, 32.541471167229673 ], [ -116.919147826235388, 32.541201672644434 ], [ -116.918339342479683, 32.541201672644434 ], [ -116.918339342479683, 32.540932178059201 ], [ -116.918608837064923, 32.540932178059201 ], [ -116.918608837064923, 32.540123694303489 ], [ -116.919956309991093, 32.540123694303489 ], [ -116.919956309991093, 32.539854199718256 ], [ -116.920225804576333, 32.539854199718256 ], [ -116.920225804576333, 32.539315210547784 ], [ -116.919956309991093, 32.539315210547784 ], [ -116.919956309991093, 32.539045715962551 ], [ -116.920495299161573, 32.539045715962551 ], [ -116.920495299161573, 32.539315210547784 ], [ -116.921034288332038, 32.539315210547784 ], [ -116.921034288332038, 32.539045715962551 ], [ -116.921573277502517, 32.539045715962551 ], [ -116.921573277502517, 32.538506726792079 ], [ -116.921842772087757, 32.538506726792079 ], [ -116.921842772087757, 32.538237232206839 ], [ -116.922651255843462, 32.538237232206839 ], [ -116.922651255843462, 32.538776221377312 ], [ -116.922920750428688, 32.538776221377312 ], [ -116.922920750428688, 32.539854199718256 ], [ -116.922651255843462, 32.539854199718256 ], [ -116.922651255843462, 32.539584705133016 ], [ -116.922381761258222, 32.539584705133016 ], [ -116.922381761258222, 32.539854199718256 ], [ -116.921842772087757, 32.539854199718256 ], [ -116.921842772087757, 32.540932178059201 ], [ -116.921573277502517, 32.540932178059201 ], [ -116.921573277502517, 32.541201672644434 ], [ -116.920764793746812, 32.541201672644434 ], [ -116.920764793746812, 32.541471167229673 ] ] ] ] } },
{ "type": "Feature", "properties": { "ZONA_MET": "Tijuana", "INTENSIDAD": "Intensa", "T_PROM_POL": 3.0, "T_MIN_CIUD": 1.0, "DIF_TERMIC": 2.0 }, "geometry": { "type": "MultiPolygon", "coordinates": [ [ [ [ -116.921842772087757, 32.542818640155851 ], [ -116.921573277502517, 32.542818640155851 ], [ -116.921573277502517, 32.542279650985378 ], [ -116.921842772087757, 32.542279650985378 ], [ -116.921842772087757, 32.542010156400146 ], [ -116.920495299161573, 32.542010156400146 ], [ -116.920495299161573, 32.541740661814906 ], [ -116.919956309991093, 32.541740661814906 ], [ -116.919956309991093, 32.542010156400146 ], [ -116.919417320820628, 32.542010156400146 ], [ -116.919417320820628, 32.542279650985378 ], [ -116.919147826235388, 32.542279650985378 ], [ -116.919147826235388, 32.542549145570618 ], [ -116.917261364138739, 32.542549145570618 ], [ -116.917261364138739, 32.541740661814906 ], [ -116.918069847894444, 32.541740661814906 ], [ -116.918069847894444, 32.540932178059201 ], [ -116.917530858723978, 32.540932178059201 ], [ -116.917530858723978, 32.540393188888729 ], [ -116.918069847894444, 32.540393188888729 ], [ -116.918069847894444, 32.539854199718256 ], [ -116.917530858723978, 32.539854199718256 ], [ -116.917530858723978, 32.539045715962551 ], [ -116.918339342479683, 32.539045715962551 ], [ -116.918339342479683, 32.538776221377312 ], [ -116.918608837064923, 32.538776221377312 ], [ -116.918608837064923, 32.538237232206839 ], [ -116.919956309991093, 32.538237232206839 ], [ -116.919956309991093, 32.537967737621607 ], [ -116.920495299161573, 32.537967737621607 ], [ -116.920495299161573, 32.538237232206839 ], [ -116.921034288332038, 32.538237232206839 ], [ -116.921034288332038, 32.537967737621607 ], [ -116.923190245013927, 32.537967737621607 ], [ -116.923190245013927, 32.538506726792079 ], [ -116.923459739599167, 32.538506726792079 ], [ -116.923459739599167, 32.539854199718256 ], [ -116.923729234184407, 32.539854199718256 ], [ -116.923729234184407, 32.540123694303489 ], [ -116.923998728769632, 32.540123694303489 ], [ -116.923998728769632, 32.540393188888729 ], [ -116.924268223354872, 32.540393188888729 ], [ -116.924268223354872, 32.540662683473961 ], [ -116.925076707110577, 32.540662683473961 ], [ -116.925076707110577, 32.541740661814906 ], [ -116.924537717940112, 32.541740661814906 ], [ -116.924537717940112, 32.542010156400146 ], [ -116.924268223354872, 32.542010156400146 ], [ -116.924268223354872, 32.540932178059201 ], [ -116.923998728769632, 32.540932178059201 ], [ -116.923998728769632, 32.541201672644434 ], [ -116.923459739599167, 32.541201672644434 ], [ -116.923459739599167, 32.540932178059201 ], [ -116.922920750428688, 32.540932178059201 ], [ -116.922920750428688, 32.541201672644434 ], [ -116.922112266672983, 32.541201672644434 ], [ -116.922112266672983, 32.541471167229673 ], [ -116.921842772087757, 32.541471167229673 ], [ -116.921842772087757, 32.541740661814906 ], [ -116.922112266672983, 32.541740661814906 ], [ -116.922112266672983, 32.542010156400146 ], [ -116.922381761258222, 32.542010156400146 ], [ -116.922381761258222, 32.542279650985378 ], [ -116.922112266672983, 32.542279650985378 ], [ -116.922112266672983, 32.542549145570618 ], [ -116.921842772087757, 32.542549145570618 ], [ -116.921842772087757, 32.542818640155851 ] ], [ [ -116.919147826235388, 32.541740661814906 ], [ -116.919147826235388, 32.541471167229673 ], [ -116.919956309991093, 32.541471167229673 ], [ -116.919956309991093, 32.541201672644434 ], [ -116.920225804576333, 32.541201672644434 ], [ -116.920225804576333, 32.541471167229673 ], [ -116.920764793746812, 32.541471167229673 ], [ -116.920764793746812, 32.541201672644434 ], [ -116.921573277502517, 32.541201672644434 ], [ -116.921573277502517, 32.540932178059201 ], [ -116.922920750428688, 32.540932178059201 ], [ -116.922920750428688, 32.538776221377312 ], [ -116.922651255843462, 32.538776221377312 ], [ -116.922651255843462, 32.538237232206839 ], [ -116.921842772087757, 32.538237232206839 ], [ -116.921842772087757, 32.538506726792079 ], [ -116.921573277502517, 32.538506726792079 ], [ -116.921573277502517, 32.539045715962551 ], [ -116.921034288332038, 32.539045715962551 ], [ -116.921034288332038, 32.539315210547784 ], [ -116.920495299161573, 32.539315210547784 ], [ -116.920495299161573, 32.539045715962551 ], [ -116.919956309991093, 32.539045715962551 ], [ -116.919956309991093, 32.539315210547784 ], [ -116.920225804576333, 32.539315210547784 ], [ -116.920225804576333, 32.539854199718256 ], [ -116.919956309991093, 32.539854199718256 ], [ -116.919956309991093, 32.540123694303489 ], [ -116.918608837064923, 32.540123694303489 ], [ -116.918608837064923, 32.540932178059201 ], [ -116.918339342479683, 32.540932178059201 ], [ -116.918339342479683, 32.541201672644434 ], [ -116.918878331650163, 32.541201672644434 ], [ -116.918878331650163, 32.541740661814906 ], [ -116.919147826235388, 32.541740661814906 ] ], [ [ -116.921303782917278, 32.538776221377312 ], [ -116.921303782917278, 32.538506726792079 ], [ -116.921034288332038, 32.538506726792079 ], [ -116.921034288332038, 32.538776221377312 ], [ -116.921303782917278, 32.538776221377312 ] ] ] ] } },
{ "type": "Feature", "properties": { "ZONA_MET": "Tijuana", "INTENSIDAD": "Intensa", "T_PROM_POL": 3.0, "T_MIN_CIUD": 1.0, "DIF_TERMIC": 2.0 }, "geometry": { "type": "MultiPolygon", "coordinates": [ [ [ [ -116.917530858723978, 32.537967737621607 ], [ -116.916722374968273, 32.537967737621607 ], [ -116.916722374968273, 32.537698243036367 ], [ -116.916452880383034, 32.537698243036367 ], [ -116.916452880383034, 32.537159253865894 ], [ -116.915913891212568, 32.537159253865894 ], [ -116.915913891212568, 32.536889759280662 ], [ -116.915644396627329, 32.536889759280662 ], [ -116.915644396627329, 32.536081275524957 ], [ -116.915913891212568, 32.536081275524957 ], [ -116.915913891212568, 32.53635077011019 ], [ -116.916452880383034, 32.53635077011019 ], [ -116.916452880383034, 32.536620264695422 ], [ -116.916722374968273, 32.536620264695422 ], [ -116.916722374968273, 32.537428748451134 ], [ -116.916991869553499, 32.537428748451134 ], [ -116.916991869553499, 32.537698243036367 ], [ -116.917530858723978, 32.537698243036367 ], [ -116.917530858723978, 32.537967737621607 ] ] ] ] } },
{ "type": "Feature", "properties": { "ZONA_MET": "Tijuana", "INTENSIDAD": "Intensa", "T_PROM_POL": 3.0, "T_MIN_CIUD": 1.0, "DIF_TERMIC": 2.0 }, "geometry": { "type": "MultiPolygon", "coordinates": [ [ [ [ -116.905673096973601, 32.537698243036367 ], [ -116.904864613217896, 32.537698243036367 ], [ -116.904864613217896, 32.537428748451134 ], [ -116.905134107803121, 32.537428748451134 ], [ -116.905134107803121, 32.537159253865894 ], [ -116.904595118632656, 32.537159253865894 ], [ -116.904595118632656, 32.536620264695422 ], [ -116.904864613217896, 32.536620264695422 ], [ -116.904864613217896, 32.536081275524957 ], [ -116.905134107803121, 32.536081275524957 ], [ -116.905134107803121, 32.536620264695422 ], [ -116.905403602388361, 32.536620264695422 ], [ -116.905403602388361, 32.536889759280662 ], [ -116.905673096973601, 32.536889759280662 ], [ -116.905673096973601, 32.537698243036367 ] ] ] ] } },
{ "type": "Feature", "properties": { "ZONA_MET": "Tijuana", "INTENSIDAD": "Extrema", "T_PROM_POL": 3.0, "T_MIN_CIUD": 1.0, "DIF_TERMIC": 2.0 }, "geometry": { "type": "MultiPolygon", "coordinates": [ [ [ [ -116.920225804576333, 32.537428748451134 ], [ -116.918608837064923, 32.537428748451134 ], [ -116.918608837064923, 32.536620264695422 ], [ -116.918339342479683, 32.536620264695422 ], [ -116.918339342479683, 32.53635077011019 ], [ -116.918069847894444, 32.53635077011019 ], [ -116.918069847894444, 32.536081275524957 ], [ -116.918339342479683, 32.536081275524957 ], [ -116.918339342479683, 32.535811780939717 ], [ -116.918608837064923, 32.535811780939717 ], [ -116.918608837064923, 32.536081275524957 ], [ -116.918878331650163, 32.536081275524957 ], [ -116.918878331650163, 32.53635077011019 ], [ -116.919417320820628, 32.53635077011019 ], [ -116.919417320820628, 32.536620264695422 ], [ -116.919956309991093, 32.536620264695422 ], [ -116.919956309991093, 32.537159253865894 ], [ -116.920225804576333, 32.537159253865894 ], [ -116.920225804576333, 32.537428748451134 ] ] ] ] } },
{ "type": "Feature", "properties": { "ZONA_MET": "Tijuana", "INTENSIDAD": "Intensa", "T_PROM_POL": 3.0, "T_MIN_CIUD": 1.0, "DIF_TERMIC": 2.0 }, "geometry": { "type": "MultiPolygon", "coordinates": [ [ [ [ -116.904595118632656, 32.536620264695422 ], [ -116.903786634876951, 32.536620264695422 ], [ -116.903786634876951, 32.53635077011019 ], [ -116.903247645706472, 32.53635077011019 ], [ -116.903247645706472, 32.535811780939717 ], [ -116.904325624047416, 32.535811780939717 ], [ -116.904325624047416, 32.535542286354485 ], [ -116.904864613217896, 32.535542286354485 ], [ -116.904864613217896, 32.536081275524957 ], [ -116.904595118632656, 32.536081275524957 ], [ -116.904595118632656, 32.536620264695422 ] ] ] ] } },
{ "type": "Feature", "properties": { "ZONA_MET": "Tijuana", "INTENSIDAD": "Intensa", "T_PROM_POL": 3.0, "T_MIN_CIUD": 1.0, "DIF_TERMIC": 2.0 }, "geometry": { "type": "MultiPolygon", "coordinates": [ [ [ [ -116.925346201695817, 32.53635077011019 ], [ -116.924268223354872, 32.53635077011019 ], [ -116.924268223354872, 32.535003297184012 ], [ -116.925076707110577, 32.535003297184012 ], [ -116.925076707110577, 32.535272791769245 ], [ -116.925885190866282, 32.535272791769245 ], [ -116.925885190866282, 32.536081275524957 ], [ -116.925615696281056, 32.536081275524957 ], [ -116.925615696281056, 32.535542286354485 ], [ -116.925076707110577, 32.535542286354485 ], [ -116.925076707110577, 32.535811780939717 ], [ -116.925346201695817, 32.535811780939717 ], [ -116.925346201695817, 32.53635077011019 ] ] ] ] } },
{ "type": "Feature", "properties": { "ZONA_MET": "Tijuana", "INTENSIDAD": "Intensa", "T_PROM_POL": 3.0, "T_MIN_CIUD": 1.0, "DIF_TERMIC": 2.0 }, "geometry": { "type": "MultiPolygon", "coordinates": [ [ [ [ -116.922112266672983, 32.537698243036367 ], [ -116.921842772087757, 32.537698243036367 ], [ -116.921842772087757, 32.537428748451134 ], [ -116.921034288332038, 32.537428748451134 ], [ -116.921034288332038, 32.536620264695422 ], [ -116.920764793746812, 32.536620264695422 ], [ -116.920764793746812, 32.535811780939717 ], [ -116.920225804576333, 32.535811780939717 ], [ -116.920225804576333, 32.536081275524957 ], [ -116.920495299161573, 32.536081275524957 ], [ -116.920495299161573, 32.537159253865894 ], [ -116.920764793746812, 32.537159253865894 ], [ -116.920764793746812, 32.537698243036367 ], [ -116.918878331650163, 32.537698243036367 ], [ -116.918878331650163, 32.537428748451134 ], [ -116.920225804576333, 32.537428748451134 ], [ -116.920225804576333, 32.537159253865894 ], [ -116.919956309991093, 32.537159253865894 ], [ -116.919956309991093, 32.536620264695422 ], [ -116.919417320820628, 32.536620264695422 ], [ -116.919417320820628, 32.53635077011019 ], [ -116.918878331650163, 32.53635077011019 ], [ -116.918878331650163, 32.536081275524957 ], [ -116.918608837064923, 32.536081275524957 ], [ -116.918608837064923, 32.535542286354485 ], [ -116.918878331650163, 32.535542286354485 ], [ -116.918878331650163, 32.535272791769245 ], [ -116.919147826235388, 32.535272791769245 ], [ -116.919147826235388, 32.535003297184012 ], [ -116.919417320820628, 32.535003297184012 ], [ -116.919417320820628, 32.535272791769245 ], [ -116.920495299161573, 32.535272791769245 ], [ -116.920495299161573, 32.534733802598772 ], [ -116.920764793746812, 32.534733802598772 ], [ -116.920764793746812, 32.535003297184012 ], [ -116.921034288332038, 32.535003297184012 ], [ -116.921034288332038, 32.536081275524957 ], [ -116.921842772087757, 32.536081275524957 ], [ -116.921842772087757, 32.535811780939717 ], [ -116.922381761258222, 32.535811780939717 ], [ -116.922381761258222, 32.536620264695422 ], [ -116.922112266672983, 32.536620264695422 ], [ -116.922112266672983, 32.536889759280662 ], [ -116.922381761258222, 32.536889759280662 ], [ -116.922381761258222, 32.537428748451134 ], [ -116.922112266672983, 32.537428748451134 ], [ -116.922112266672983, 32.537698243036367 ] ] ] ] } },
{ "type": "Feature", "properties": { "ZONA_MET": "Tijuana", "INTENSIDAD": "Intensa", "T_PROM_POL": 3.0, "T_MIN_CIUD": 1.0, "DIF_TERMIC": 2.0 }, "geometry": { "type": "MultiPolygon", "coordinates": [ [ [ [ -116.947444757685162, 32.535811780939717 ], [ -116.946905768514682, 32.535811780939717 ], [ -116.946905768514682, 32.534733802598772 ], [ -116.946636273929442, 32.534733802598772 ], [ -116.946636273929442, 32.53446430801354 ], [ -116.947175263099922, 32.53446430801354 ], [ -116.947175263099922, 32.5341948134283 ], [ -116.947714252270387, 32.5341948134283 ], [ -116.947714252270387, 32.534733802598772 ], [ -116.947983746855627, 32.534733802598772 ], [ -116.947983746855627, 32.535542286354485 ], [ -116.947444757685162, 32.535542286354485 ], [ -116.947444757685162, 32.535811780939717 ] ] ] ] } },
{ "type": "Feature", "properties": { "ZONA_MET": "Tijuana", "INTENSIDAD": "Intensa", "T_PROM_POL": 3.0, "T_MIN_CIUD": 1.0, "DIF_TERMIC": 2.0 }, "geometry": { "type": "MultiPolygon", "coordinates": [ [ [ [ -116.950948187293221, 32.535542286354485 ], [ -116.950409198122756, 32.535542286354485 ], [ -116.950409198122756, 32.535272791769245 ], [ -116.949870208952277, 32.535272791769245 ], [ -116.949870208952277, 32.5341948134283 ], [ -116.950948187293221, 32.5341948134283 ], [ -116.950948187293221, 32.533925318843067 ], [ -116.951217681878461, 32.533925318843067 ], [ -116.951217681878461, 32.5341948134283 ], [ -116.951487176463701, 32.5341948134283 ], [ -116.951487176463701, 32.53446430801354 ], [ -116.951217681878461, 32.53446430801354 ], [ -116.951217681878461, 32.534733802598772 ], [ -116.951487176463701, 32.534733802598772 ], [ -116.951487176463701, 32.535003297184012 ], [ -116.951217681878461, 32.535003297184012 ], [ -116.951217681878461, 32.535272791769245 ], [ -116.950948187293221, 32.535272791769245 ], [ -116.950948187293221, 32.535542286354485 ] ] ] ] } },
{ "type": "Feature", "properties": { "ZONA_MET": "Tijuana", "INTENSIDAD": "Extrema", "T_PROM_POL": 3.0, "T_MIN_CIUD": 1.0, "DIF_TERMIC": 2.0 }, "geometry": { "type": "MultiPolygon", "coordinates": [ [ [ [ -116.918069847894444, 32.537698243036367 ], [ -116.916991869553499, 32.537698243036367 ], [ -116.916991869553499, 32.537428748451134 ], [ -116.916722374968273, 32.537428748451134 ], [ -116.916722374968273, 32.536620264695422 ], [ -116.916452880383034, 32.536620264695422 ], [ -116.916452880383034, 32.535811780939717 ], [ -116.915913891212568, 32.535811780939717 ], [ -116.915913891212568, 32.535542286354485 ], [ -116.916452880383034, 32.535542286354485 ], [ -116.916452880383034, 32.535003297184012 ], [ -116.916722374968273, 32.535003297184012 ], [ -116.916722374968273, 32.534733802598772 ], [ -116.916991869553499, 32.534733802598772 ], [ -116.916991869553499, 32.53446430801354 ], [ -116.917530858723978, 32.53446430801354 ], [ -116.917530858723978, 32.5341948134283 ], [ -116.918069847894444, 32.5341948134283 ], [ -116.918069847894444, 32.533925318843067 ], [ -116.918878331650163, 32.533925318843067 ], [ -116.918878331650163, 32.53446430801354 ], [ -116.918069847894444, 32.53446430801354 ], [ -116.918069847894444, 32.534733802598772 ], [ -116.917530858723978, 32.534733802598772 ], [ -116.917530858723978, 32.535003297184012 ], [ -116.918069847894444, 32.535003297184012 ], [ -116.918069847894444, 32.535272791769245 ], [ -116.918339342479683, 32.535272791769245 ], [ -116.918339342479683, 32.535542286354485 ], [ -116.918069847894444, 32.535542286354485 ], [ -116.918069847894444, 32.535811780939717 ], [ -116.917530858723978, 32.535811780939717 ], [ -116.917530858723978, 32.536081275524957 ], [ -116.917261364138739, 32.536081275524957 ], [ -116.917261364138739, 32.53635077011019 ], [ -116.918069847894444, 32.53635077011019 ], [ -116.918069847894444, 32.536889759280662 ], [ -116.918339342479683, 32.536889759280662 ], [ -116.918339342479683, 32.537159253865894 ], [ -116.917530858723978, 32.537159253865894 ], [ -116.917530858723978, 32.537428748451134 ], [ -116.918069847894444, 32.537428748451134 ], [ -116.918069847894444, 32.537698243036367 ] ], [ [ -116.917530858723978, 32.536889759280662 ], [ -116.917530858723978, 32.536620264695422 ], [ -116.917261364138739, 32.536620264695422 ], [ -116.917261364138739, 32.536889759280662 ], [ -116.917530858723978, 32.536889759280662 ] ], [ [ -116.916991869553499, 32.53635077011019 ], [ -116.916991869553499, 32.536081275524957 ], [ -116.917261364138739, 32.536081275524957 ], [ -116.917261364138739, 32.535811780939717 ], [ -116.916722374968273, 32.535811780939717 ], [ -116.916722374968273, 32.53635077011019 ], [ -116.916991869553499, 32.53635077011019 ] ] ] ] } },
{ "type": "Feature", "properties": { "ZONA_MET": "Tijuana", "INTENSIDAD": "Intensa", "T_PROM_POL": 3.0, "T_MIN_CIUD": 1.0, "DIF_TERMIC": 2.0 }, "geometry": { "type": "MultiPolygon", "coordinates": [ [ [ [ -117.039611905835812, 32.536889759280662 ], [ -117.039342411250587, 32.536889759280662 ], [ -117.039342411250587, 32.536620264695422 ], [ -117.038803422080107, 32.536620264695422 ], [ -117.038803422080107, 32.536081275524957 ], [ -117.038264432909642, 32.536081275524957 ], [ -117.038264432909642, 32.535542286354485 ], [ -117.037994938324402, 32.535542286354485 ], [ -117.037994938324402, 32.535003297184012 ], [ -117.037725443739163, 32.535003297184012 ], [ -117.037725443739163, 32.53446430801354 ], [ -117.037455949153937, 32.53446430801354 ], [ -117.037455949153937, 32.5341948134283 ], [ -117.037725443739163, 32.5341948134283 ], [ -117.037725443739163, 32.533925318843067 ], [ -117.037994938324402, 32.533925318843067 ], [ -117.037994938324402, 32.533655824257828 ], [ -117.038264432909642, 32.533655824257828 ], [ -117.038264432909642, 32.5341948134283 ], [ -117.039072916665347, 32.5341948134283 ], [ -117.039072916665347, 32.533925318843067 ], [ -117.038803422080107, 32.533925318843067 ], [ -117.038803422080107, 32.533655824257828 ], [ -117.039072916665347, 32.533655824257828 ], [ -117.039072916665347, 32.533386329672595 ], [ -117.039342411250587, 32.533386329672595 ], [ -117.039342411250587, 32.533655824257828 ], [ -117.039611905835812, 32.533655824257828 ], [ -117.039611905835812, 32.533925318843067 ], [ -117.039881400421052, 32.533925318843067 ], [ -117.039881400421052, 32.535003297184012 ], [ -117.040420389591532, 32.535003297184012 ], [ -117.040420389591532, 32.535542286354485 ], [ -117.040689884176757, 32.535542286354485 ], [ -117.040689884176757, 32.535272791769245 ], [ -117.040959378761997, 32.535272791769245 ], [ -117.040959378761997, 32.536081275524957 ], [ -117.040420389591532, 32.536081275524957 ], [ -117.040420389591532, 32.53635077011019 ], [ -117.039881400421052, 32.53635077011019 ], [ -117.039881400421052, 32.536620264695422 ], [ -117.039611905835812, 32.536620264695422 ], [ -117.039611905835812, 32.536889759280662 ] ], [ [ -117.040420389591532, 32.535811780939717 ], [ -117.040420389591532, 32.535542286354485 ], [ -117.040150895006292, 32.535542286354485 ], [ -117.040150895006292, 32.535811780939717 ], [ -117.040420389591532, 32.535811780939717 ] ], [ [ -117.039072916665347, 32.535811780939717 ], [ -117.039072916665347, 32.535003297184012 ], [ -117.039342411250587, 32.535003297184012 ], [ -117.039342411250587, 32.534733802598772 ], [ -117.039072916665347, 32.534733802598772 ], [ -117.039072916665347, 32.53446430801354 ], [ -117.038803422080107, 32.53446430801354 ], [ -117.038803422080107, 32.534733802598772 ], [ -117.038264432909642, 32.534733802598772 ], [ -117.038264432909642, 32.535542286354485 ], [ -117.038803422080107, 32.535542286354485 ], [ -117.038803422080107, 32.535811780939717 ], [ -117.039072916665347, 32.535811780939717 ] ], [ [ -117.039611905835812, 32.535272791769245 ], [ -117.039611905835812, 32.535003297184012 ], [ -117.039342411250587, 32.535003297184012 ], [ -117.039342411250587, 32.535272791769245 ], [ -117.039611905835812, 32.535272791769245 ] ] ] ] } },
{ "type": "Feature", "properties": { "ZONA_MET": "Tijuana", "INTENSIDAD": "Extrema", "T_PROM_POL": 3.0, "T_MIN_CIUD": 1.0, "DIF_TERMIC": 2.0 }, "geometry": { "type": "MultiPolygon", "coordinates": [ [ [ [ -116.895701797319873, 32.53446430801354 ], [ -116.894893313564168, 32.53446430801354 ], [ -116.894893313564168, 32.533386329672595 ], [ -116.895162808149408, 32.533386329672595 ], [ -116.895162808149408, 32.532847340502123 ], [ -116.895971291905113, 32.532847340502123 ], [ -116.895971291905113, 32.533116835087363 ], [ -116.896240786490338, 32.533116835087363 ], [ -116.896240786490338, 32.53257784591689 ], [ -116.895971291905113, 32.53257784591689 ], [ -116.895971291905113, 32.532038856746418 ], [ -116.896510281075578, 32.532038856746418 ], [ -116.896510281075578, 32.531769362161178 ], [ -116.897857754001762, 32.531769362161178 ], [ -116.897857754001762, 32.53230835133165 ], [ -116.898396743172228, 32.53230835133165 ], [ -116.898396743172228, 32.532038856746418 ], [ -116.899474721513172, 32.532038856746418 ], [ -116.899474721513172, 32.531769362161178 ], [ -116.900013710683652, 32.531769362161178 ], [ -116.900013710683652, 32.532847340502123 ], [ -116.899205226927933, 32.532847340502123 ], [ -116.899205226927933, 32.533116835087363 ], [ -116.898396743172228, 32.533116835087363 ], [ -116.898396743172228, 32.533386329672595 ], [ -116.898127248587002, 32.533386329672595 ], [ -116.898127248587002, 32.533655824257828 ], [ -116.897588259416523, 32.533655824257828 ], [ -116.897588259416523, 32.533925318843067 ], [ -116.896779775660818, 32.533925318843067 ], [ -116.896779775660818, 32.533655824257828 ], [ -116.896240786490338, 32.533655824257828 ], [ -116.896240786490338, 32.5341948134283 ], [ -116.895701797319873, 32.5341948134283 ], [ -116.895701797319873, 32.53446430801354 ] ] ] ] } },
{ "type": "Feature", "properties": { "ZONA_MET": "Tijuana", "INTENSIDAD": "Intensa", "T_PROM_POL": 3.0, "T_MIN_CIUD": 1.0, "DIF_TERMIC": 2.0 }, "geometry": { "type": "MultiPolygon", "coordinates": [ [ [ [ -116.915913891212568, 32.533925318843067 ], [ -116.915105407456849, 32.533925318843067 ], [ -116.915105407456849, 32.533655824257828 ], [ -116.914566418286384, 32.533655824257828 ], [ -116.914566418286384, 32.532847340502123 ], [ -116.914296923701144, 32.532847340502123 ], [ -116.914296923701144, 32.53257784591689 ], [ -116.914566418286384, 32.53257784591689 ], [ -116.914566418286384, 32.53230835133165 ], [ -116.914027429115905, 32.53230835133165 ], [ -116.914027429115905, 32.531769362161178 ], [ -116.915105407456849, 32.531769362161178 ], [ -116.915105407456849, 32.532038856746418 ], [ -116.915644396627329, 32.532038856746418 ], [ -116.915644396627329, 32.53230835133165 ], [ -116.915913891212568, 32.53230835133165 ], [ -116.915913891212568, 32.53257784591689 ], [ -116.915644396627329, 32.53257784591689 ], [ -116.915644396627329, 32.533386329672595 ], [ -116.915913891212568, 32.533386329672595 ], [ -116.915913891212568, 32.533925318843067 ] ] ] ] } },
{ "type": "Feature", "properties": { "ZONA_MET": "Tijuana", "INTENSIDAD": "Intensa", "T_PROM_POL": 3.0, "T_MIN_CIUD": 1.0, "DIF_TERMIC": 2.0 }, "geometry": { "type": "MultiPolygon", "coordinates": [ [ [ [ -116.923998728769632, 32.535003297184012 ], [ -116.922112266672983, 32.535003297184012 ], [ -116.922112266672983, 32.53446430801354 ], [ -116.921034288332038, 32.53446430801354 ], [ -116.921034288332038, 32.533655824257828 ], [ -116.920225804576333, 32.533655824257828 ], [ -116.920225804576333, 32.533925318843067 ], [ -116.920495299161573, 32.533925318843067 ], [ -116.920495299161573, 32.53446430801354 ], [ -116.919147826235388, 32.53446430801354 ], [ -116.919147826235388, 32.533925318843067 ], [ -116.919956309991093, 32.533925318843067 ], [ -116.919956309991093, 32.53257784591689 ], [ -116.919417320820628, 32.53257784591689 ], [ -116.919417320820628, 32.532038856746418 ], [ -116.919956309991093, 32.532038856746418 ], [ -116.919956309991093, 32.53230835133165 ], [ -116.920225804576333, 32.53230835133165 ], [ -116.920225804576333, 32.532038856746418 ], [ -116.921573277502517, 32.532038856746418 ], [ -116.921573277502517, 32.532847340502123 ], [ -116.922112266672983, 32.532847340502123 ], [ -116.922112266672983, 32.53257784591689 ], [ -116.922381761258222, 32.53257784591689 ], [ -116.922381761258222, 32.532038856746418 ], [ -116.922651255843462, 32.532038856746418 ], [ -116.922651255843462, 32.531769362161178 ], [ -116.923459739599167, 32.531769362161178 ], [ -116.923459739599167, 32.531499867575945 ], [ -116.923998728769632, 32.531499867575945 ], [ -116.923998728769632, 32.531769362161178 ], [ -116.924268223354872, 32.531769362161178 ], [ -116.924268223354872, 32.532038856746418 ], [ -116.923998728769632, 32.532038856746418 ], [ -116.923998728769632, 32.53257784591689 ], [ -116.923729234184407, 32.53257784591689 ], [ -116.923729234184407, 32.533116835087363 ], [ -116.923998728769632, 32.533116835087363 ], [ -116.923998728769632, 32.532847340502123 ], [ -116.924268223354872, 32.532847340502123 ], [ -116.924268223354872, 32.533386329672595 ], [ -116.923998728769632, 32.533386329672595 ], [ -116.923998728769632, 32.533655824257828 ], [ -116.923459739599167, 32.533655824257828 ], [ -116.923459739599167, 32.5341948134283 ], [ -116.923998728769632, 32.5341948134283 ], [ -116.923998728769632, 32.535003297184012 ] ], [ [ -116.923459739599167, 32.532847340502123 ], [ -116.923459739599167, 32.53257784591689 ], [ -116.923729234184407, 32.53257784591689 ], [ -116.923729234184407, 32.532038856746418 ], [ -116.922920750428688, 32.532038856746418 ], [ -116.922920750428688, 32.53257784591689 ], [ -116.923190245013927, 32.53257784591689 ], [ -116.923190245013927, 32.532847340502123 ], [ -116.923459739599167, 32.532847340502123 ] ] ] ] } },
{ "type": "Feature", "properties": { "ZONA_MET": "Tijuana", "INTENSIDAD": "Intensa", "T_PROM_POL": 3.0, "T_MIN_CIUD": 1.0, "DIF_TERMIC": 2.0 }, "geometry": { "type": "MultiPolygon", "coordinates": [ [ [ [ -116.895971291905113, 32.534733802598772 ], [ -116.894623818978928, 32.534733802598772 ], [ -116.894623818978928, 32.53446430801354 ], [ -116.894354324393689, 32.53446430801354 ], [ -116.894354324393689, 32.533655824257828 ], [ -116.894623818978928, 32.533655824257828 ], [ -116.894623818978928, 32.533116835087363 ], [ -116.894893313564168, 32.533116835087363 ], [ -116.894893313564168, 32.532038856746418 ], [ -116.895162808149408, 32.532038856746418 ], [ -116.895162808149408, 32.531769362161178 ], [ -116.895701797319873, 32.531769362161178 ], [ -116.895701797319873, 32.531499867575945 ], [ -116.896240786490338, 32.531499867575945 ], [ -116.896240786490338, 32.531230372990706 ], [ -116.897588259416523, 32.531230372990706 ], [ -116.897588259416523, 32.531499867575945 ], [ -116.897857754001762, 32.531499867575945 ], [ -116.897857754001762, 32.531769362161178 ], [ -116.896510281075578, 32.531769362161178 ], [ -116.896510281075578, 32.532038856746418 ], [ -116.895971291905113, 32.532038856746418 ], [ -116.895971291905113, 32.532847340502123 ], [ -116.895162808149408, 32.532847340502123 ], [ -116.895162808149408, 32.533386329672595 ], [ -116.894893313564168, 32.533386329672595 ], [ -116.894893313564168, 32.53446430801354 ], [ -116.895701797319873, 32.53446430801354 ], [ -116.895701797319873, 32.5341948134283 ], [ -116.896240786490338, 32.5341948134283 ], [ -116.896240786490338, 32.533925318843067 ], [ -116.897049270246058, 32.533925318843067 ], [ -116.897049270246058, 32.5341948134283 ], [ -116.896510281075578, 32.5341948134283 ], [ -116.896510281075578, 32.53446430801354 ], [ -116.895971291905113, 32.53446430801354 ], [ -116.895971291905113, 32.534733802598772 ] ] ] ] } },
{ "type": "Feature", "properties": { "ZONA_MET": "Tijuana", "INTENSIDAD": "Extrema", "T_PROM_POL": 3.0, "T_MIN_CIUD": 1.0, "DIF_TERMIC": 2.0 }, "geometry": { "type": "MultiPolygon", "coordinates": [ [ [ [ -116.902169667365527, 32.53230835133165 ], [ -116.901630678195062, 32.53230835133165 ], [ -116.901630678195062, 32.531769362161178 ], [ -116.901091689024597, 32.531769362161178 ], [ -116.901091689024597, 32.530960878405473 ], [ -116.901900172780302, 32.530960878405473 ], [ -116.901900172780302, 32.531499867575945 ], [ -116.902169667365527, 32.531499867575945 ], [ -116.902169667365527, 32.53230835133165 ] ] ] ] } },
{ "type": "Feature", "properties": { "ZONA_MET": "Tijuana", "INTENSIDAD": "Intensa", "T_PROM_POL": 3.0, "T_MIN_CIUD": 1.0, "DIF_TERMIC": 2.0 }, "geometry": { "type": "MultiPolygon", "coordinates": [ [ [ [ -116.901900172780302, 32.532847340502123 ], [ -116.901630678195062, 32.532847340502123 ], [ -116.901630678195062, 32.53257784591689 ], [ -116.901361183609822, 32.53257784591689 ], [ -116.901361183609822, 32.532847340502123 ], [ -116.900013710683652, 32.532847340502123 ], [ -116.900013710683652, 32.531769362161178 ], [ -116.899474721513172, 32.531769362161178 ], [ -116.899474721513172, 32.532038856746418 ], [ -116.898666237757467, 32.532038856746418 ], [ -116.898666237757467, 32.531499867575945 ], [ -116.899744216098412, 32.531499867575945 ], [ -116.899744216098412, 32.531230372990706 ], [ -116.900283205268877, 32.531230372990706 ], [ -116.900283205268877, 32.530691383820233 ], [ -116.900822194439357, 32.530691383820233 ], [ -116.900822194439357, 32.530152394649768 ], [ -116.901091689024597, 32.530152394649768 ], [ -116.901091689024597, 32.530421889235001 ], [ -116.902169667365527, 32.530421889235001 ], [ -116.902169667365527, 32.530960878405473 ], [ -116.902978151121246, 32.530960878405473 ], [ -116.902978151121246, 32.53257784591689 ], [ -116.901900172780302, 32.53257784591689 ], [ -116.901900172780302, 32.532847340502123 ] ], [ [ -116.902169667365527, 32.53230835133165 ], [ -116.902169667365527, 32.531499867575945 ], [ -116.901900172780302, 32.531499867575945 ], [ -116.901900172780302, 32.530960878405473 ], [ -116.901091689024597, 32.530960878405473 ], [ -116.901091689024597, 32.531769362161178 ], [ -116.901630678195062, 32.531769362161178 ], [ -116.901630678195062, 32.532038856746418 ], [ -116.901361183609822, 32.532038856746418 ], [ -116.901361183609822, 32.53230835133165 ], [ -116.902169667365527, 32.53230835133165 ] ], [ [ -116.900822194439357, 32.531769362161178 ], [ -116.900822194439357, 32.531230372990706 ], [ -116.900552699854117, 32.531230372990706 ], [ -116.900552699854117, 32.531769362161178 ], [ -116.900822194439357, 32.531769362161178 ] ] ] ] } },
{ "type": "Feature", "properties": { "ZONA_MET": "Tijuana", "INTENSIDAD": "Intensa", "T_PROM_POL": 3.0, "T_MIN_CIUD": 1.0, "DIF_TERMIC": 2.0 }, "geometry": { "type": "MultiPolygon", "coordinates": [ [ [ [ -116.905942591558841, 32.530960878405473 ], [ -116.904325624047416, 32.530960878405473 ], [ -116.904325624047416, 32.530691383820233 ], [ -116.904056129462191, 32.530691383820233 ], [ -116.904056129462191, 32.530421889235001 ], [ -116.904325624047416, 32.530421889235001 ], [ -116.904325624047416, 32.530152394649768 ], [ -116.905942591558841, 32.530152394649768 ], [ -116.905942591558841, 32.530421889235001 ], [ -116.904595118632656, 32.530421889235001 ], [ -116.904595118632656, 32.530691383820233 ], [ -116.905942591558841, 32.530691383820233 ], [ -116.905942591558841, 32.530960878405473 ] ] ] ] } },
{ "type": "Feature", "properties": { "ZONA_MET": "Tijuana", "INTENSIDAD": "Intensa", "T_PROM_POL": 3.0, "T_MIN_CIUD": 1.0, "DIF_TERMIC": 2.0 }, "geometry": { "type": "MultiPolygon", "coordinates": [ [ [ [ -116.915644396627329, 32.536081275524957 ], [ -116.915374902042089, 32.536081275524957 ], [ -116.915374902042089, 32.535272791769245 ], [ -116.915913891212568, 32.535272791769245 ], [ -116.915913891212568, 32.534733802598772 ], [ -116.915644396627329, 32.534733802598772 ], [ -116.915644396627329, 32.535003297184012 ], [ -116.915374902042089, 32.535003297184012 ], [ -116.915374902042089, 32.53446430801354 ], [ -116.915913891212568, 32.53446430801354 ], [ -116.915913891212568, 32.5341948134283 ], [ -116.916452880383034, 32.5341948134283 ], [ -116.916452880383034, 32.533116835087363 ], [ -116.916183385797794, 32.533116835087363 ], [ -116.916183385797794, 32.532847340502123 ], [ -116.915913891212568, 32.532847340502123 ], [ -116.915913891212568, 32.53257784591689 ], [ -116.916722374968273, 32.53257784591689 ], [ -116.916722374968273, 32.53230835133165 ], [ -116.916452880383034, 32.53230835133165 ], [ -116.916452880383034, 32.531769362161178 ], [ -116.916722374968273, 32.531769362161178 ], [ -116.916722374968273, 32.531499867575945 ], [ -116.915913891212568, 32.531499867575945 ], [ -116.915913891212568, 32.531769362161178 ], [ -116.915374902042089, 32.531769362161178 ], [ -116.915374902042089, 32.531499867575945 ], [ -116.915105407456849, 32.531499867575945 ], [ -116.915105407456849, 32.531230372990706 ], [ -116.914835912871624, 32.531230372990706 ], [ -116.914835912871624, 32.530960878405473 ], [ -116.914566418286384, 32.530960878405473 ], [ -116.914566418286384, 32.530421889235001 ], [ -116.914835912871624, 32.530421889235001 ], [ -116.914835912871624, 32.530691383820233 ], [ -116.915105407456849, 32.530691383820233 ], [ -116.915105407456849, 32.530960878405473 ], [ -116.915374902042089, 32.530960878405473 ], [ -116.915374902042089, 32.531230372990706 ], [ -116.916991869553499, 32.531230372990706 ], [ -116.916991869553499, 32.530691383820233 ], [ -116.917261364138739, 32.530691383820233 ], [ -116.917261364138739, 32.530152394649768 ], [ -116.917530858723978, 32.530152394649768 ], [ -116.917530858723978, 32.530421889235001 ], [ -116.918069847894444, 32.530421889235001 ], [ -116.918069847894444, 32.530152394649768 ], [ -116.918878331650163, 32.530152394649768 ], [ -116.918878331650163, 32.529882900064528 ], [ -116.919147826235388, 32.529882900064528 ], [ -116.919147826235388, 32.528804921723584 ], [ -116.919417320820628, 32.528804921723584 ], [ -116.919417320820628, 32.529343910894056 ], [ -116.919956309991093, 32.529343910894056 ], [ -116.919956309991093, 32.529613405479296 ], [ -116.919417320820628, 32.529613405479296 ], [ -116.919417320820628, 32.530152394649768 ], [ -116.919956309991093, 32.530152394649768 ], [ -116.919956309991093, 32.530691383820233 ], [ -116.919686815405868, 32.530691383820233 ], [ -116.919686815405868, 32.530960878405473 ], [ -116.919956309991093, 32.530960878405473 ], [ -116.919956309991093, 32.531769362161178 ], [ -116.919417320820628, 32.531769362161178 ], [ -116.919417320820628, 32.531499867575945 ], [ -116.917800353309218, 32.531499867575945 ], [ -116.917800353309218, 32.531769362161178 ], [ -116.918608837064923, 32.531769362161178 ], [ -116.918608837064923, 32.532038856746418 ], [ -116.918339342479683, 32.532038856746418 ], [ -116.918339342479683, 32.53257784591689 ], [ -116.918608837064923, 32.53257784591689 ], [ -116.918608837064923, 32.53230835133165 ], [ -116.919147826235388, 32.53230835133165 ], [ -116.919147826235388, 32.53257784591689 ], [ -116.918878331650163, 32.53257784591689 ], [ -116.918878331650163, 32.532847340502123 ], [ -116.917530858723978, 32.532847340502123 ], [ -116.917530858723978, 32.533116835087363 ], [ -116.918069847894444, 32.533116835087363 ], [ -116.918069847894444, 32.533386329672595 ], [ -116.918339342479683, 32.533386329672595 ], [ -116.918339342479683, 32.533655824257828 ], [ -116.918608837064923, 32.533655824257828 ], [ -116.918608837064923, 32.533386329672595 ], [ -116.918878331650163, 32.533386329672595 ], [ -116.918878331650163, 32.533655824257828 ], [ -116.919147826235388, 32.533655824257828 ], [ -116.919147826235388, 32.533925318843067 ], [ -116.918069847894444, 32.533925318843067 ], [ -116.918069847894444, 32.5341948134283 ], [ -116.917530858723978, 32.5341948134283 ], [ -116.917530858723978, 32.53446430801354 ], [ -116.916991869553499, 32.53446430801354 ], [ -116.916991869553499, 32.534733802598772 ], [ -116.916722374968273, 32.534733802598772 ], [ -116.916722374968273, 32.535003297184012 ], [ -116.916452880383034, 32.535003297184012 ], [ -116.916452880383034, 32.535542286354485 ], [ -116.915644396627329, 32.535542286354485 ], [ -116.915644396627329, 32.536081275524957 ] ], [ [ -116.917530858723978, 32.532847340502123 ], [ -116.917530858723978, 32.53257784591689 ], [ -116.917261364138739, 32.53257784591689 ], [ -116.917261364138739, 32.532847340502123 ], [ -116.917530858723978, 32.532847340502123 ] ], [ [ -116.917530858723978, 32.532038856746418 ], [ -116.917530858723978, 32.531769362161178 ], [ -116.917261364138739, 32.531769362161178 ], [ -116.917261364138739, 32.532038856746418 ], [ -116.917530858723978, 32.532038856746418 ] ], [ [ -116.917261364138739, 32.531769362161178 ], [ -116.917261364138739, 32.531499867575945 ], [ -116.916991869553499, 32.531499867575945 ], [ -116.916991869553499, 32.531769362161178 ], [ -116.917261364138739, 32.531769362161178 ] ], [ [ -116.917530858723978, 32.531499867575945 ], [ -116.917530858723978, 32.531230372990706 ], [ -116.917261364138739, 32.531230372990706 ], [ -116.917261364138739, 32.531499867575945 ], [ -116.917530858723978, 32.531499867575945 ] ], [ [ -116.918608837064923, 32.530691383820233 ], [ -116.918608837064923, 32.530421889235001 ], [ -116.918069847894444, 32.530421889235001 ], [ -116.918069847894444, 32.530691383820233 ], [ -116.918608837064923, 32.530691383820233 ] ] ] ] } },
{ "type": "Feature", "properties": { "ZONA_MET": "Tijuana", "INTENSIDAD": "Intensa", "T_PROM_POL": 3.0, "T_MIN_CIUD": 1.0, "DIF_TERMIC": 2.0 }, "geometry": { "type": "MultiPolygon", "coordinates": [ [ [ [ -116.927771652962946, 32.530152394649768 ], [ -116.926154685451522, 32.530152394649768 ], [ -116.926154685451522, 32.529882900064528 ], [ -116.926693674622001, 32.529882900064528 ], [ -116.926693674622001, 32.529613405479296 ], [ -116.926154685451522, 32.529613405479296 ], [ -116.926154685451522, 32.529074416308823 ], [ -116.926693674622001, 32.529074416308823 ], [ -116.926693674622001, 32.528265932553111 ], [ -116.927502158377706, 32.528265932553111 ], [ -116.927502158377706, 32.528804921723584 ], [ -116.927771652962946, 32.528804921723584 ], [ -116.927771652962946, 32.529074416308823 ], [ -116.928041147548171, 32.529074416308823 ], [ -116.928041147548171, 32.529882900064528 ], [ -116.927771652962946, 32.529882900064528 ], [ -116.927771652962946, 32.530152394649768 ] ], [ [ -116.927771652962946, 32.529343910894056 ], [ -116.927771652962946, 32.529074416308823 ], [ -116.927232663792466, 32.529074416308823 ], [ -116.927232663792466, 32.529343910894056 ], [ -116.927771652962946, 32.529343910894056 ] ] ] ] } },
{ "type": "Feature", "properties": { "ZONA_MET": "Tijuana", "INTENSIDAD": "Intensa", "T_PROM_POL": 3.0, "T_MIN_CIUD": 1.0, "DIF_TERMIC": 2.0 }, "geometry": { "type": "MultiPolygon", "coordinates": [ [ [ [ -116.93585649052001, 32.529343910894056 ], [ -116.934778512179065, 32.529343910894056 ], [ -116.934778512179065, 32.528535427138351 ], [ -116.935317501349545, 32.528535427138351 ], [ -116.935317501349545, 32.527996437967879 ], [ -116.934778512179065, 32.527996437967879 ], [ -116.934778512179065, 32.527726943382639 ], [ -116.935586995934784, 32.527726943382639 ], [ -116.935586995934784, 32.527996437967879 ], [ -116.936125985105249, 32.527996437967879 ], [ -116.936125985105249, 32.528535427138351 ], [ -116.936395479690489, 32.528535427138351 ], [ -116.936395479690489, 32.528265932553111 ], [ -116.936934468860954, 32.528265932553111 ], [ -116.936934468860954, 32.528804921723584 ], [ -116.936125985105249, 32.528804921723584 ], [ -116.936125985105249, 32.529074416308823 ], [ -116.93585649052001, 32.529074416308823 ], [ -116.93585649052001, 32.529343910894056 ] ] ] ] } },
{ "type": "Feature", "properties": { "ZONA_MET": "Tijuana", "INTENSIDAD": "Extrema", "T_PROM_POL": 3.0, "T_MIN_CIUD": 1.0, "DIF_TERMIC": 2.0 }, "geometry": { "type": "MultiPolygon", "coordinates": [ [ [ [ -116.918069847894444, 32.530421889235001 ], [ -116.917530858723978, 32.530421889235001 ], [ -116.917530858723978, 32.530152394649768 ], [ -116.916991869553499, 32.530152394649768 ], [ -116.916991869553499, 32.529882900064528 ], [ -116.915105407456849, 32.529882900064528 ], [ -116.915105407456849, 32.530152394649768 ], [ -116.914566418286384, 32.530152394649768 ], [ -116.914566418286384, 32.528535427138351 ], [ -116.914835912871624, 32.528535427138351 ], [ -116.914835912871624, 32.528265932553111 ], [ -116.915105407456849, 32.528265932553111 ], [ -116.915105407456849, 32.527996437967879 ], [ -116.915913891212568, 32.527996437967879 ], [ -116.915913891212568, 32.528265932553111 ], [ -116.916452880383034, 32.528265932553111 ], [ -116.916452880383034, 32.527996437967879 ], [ -116.918069847894444, 32.527996437967879 ], [ -116.918069847894444, 32.527726943382639 ], [ -116.919147826235388, 32.527726943382639 ], [ -116.919147826235388, 32.527996437967879 ], [ -116.919417320820628, 32.527996437967879 ], [ -116.919417320820628, 32.528804921723584 ], [ -116.919147826235388, 32.528804921723584 ], [ -116.919147826235388, 32.529882900064528 ], [ -116.918878331650163, 32.529882900064528 ], [ -116.918878331650163, 32.530152394649768 ], [ -116.918339342479683, 32.530152394649768 ], [ -116.918339342479683, 32.529613405479296 ], [ -116.918069847894444, 32.529613405479296 ], [ -116.918069847894444, 32.530421889235001 ] ], [ [ -116.918878331650163, 32.528265932553111 ], [ -116.918878331650163, 32.527996437967879 ], [ -116.918608837064923, 32.527996437967879 ], [ -116.918608837064923, 32.528265932553111 ], [ -116.918878331650163, 32.528265932553111 ] ] ] ] } },
{ "type": "Feature", "properties": { "ZONA_MET": "Tijuana", "INTENSIDAD": "Intensa", "T_PROM_POL": 3.0, "T_MIN_CIUD": 1.0, "DIF_TERMIC": 2.0 }, "geometry": { "type": "MultiPolygon", "coordinates": [ [ [ [ -116.993797826345727, 32.528535427138351 ], [ -116.992989342590022, 32.528535427138351 ], [ -116.992989342590022, 32.527996437967879 ], [ -116.992719848004782, 32.527996437967879 ], [ -116.992719848004782, 32.527726943382639 ], [ -116.992989342590022, 32.527726943382639 ], [ -116.992989342590022, 32.527457448797406 ], [ -116.993797826345727, 32.527457448797406 ], [ -116.993797826345727, 32.527726943382639 ], [ -116.994067320930967, 32.527726943382639 ], [ -116.994067320930967, 32.528265932553111 ], [ -116.993797826345727, 32.528265932553111 ], [ -116.993797826345727, 32.528535427138351 ] ] ] ] } },
{ "type": "Feature", "properties": { "ZONA_MET": "Tijuana", "INTENSIDAD": "Intensa", "T_PROM_POL": 3.0, "T_MIN_CIUD": 1.0, "DIF_TERMIC": 2.0 }, "geometry": { "type": "MultiPolygon", "coordinates": [ [ [ [ -116.934778512179065, 32.528535427138351 ], [ -116.9342395230086, 32.528535427138351 ], [ -116.9342395230086, 32.528265932553111 ], [ -116.93397002842336, 32.528265932553111 ], [ -116.93397002842336, 32.528535427138351 ], [ -116.933700533838135, 32.528535427138351 ], [ -116.933700533838135, 32.528265932553111 ], [ -116.933161544667655, 32.528265932553111 ], [ -116.933161544667655, 32.527996437967879 ], [ -116.932892050082415, 32.527996437967879 ], [ -116.932892050082415, 32.527726943382639 ], [ -116.93397002842336, 32.527726943382639 ], [ -116.93397002842336, 32.527187954212174 ], [ -116.934778512179065, 32.527187954212174 ], [ -116.934778512179065, 32.527457448797406 ], [ -116.93450901759384, 32.527457448797406 ], [ -116.93450901759384, 32.528265932553111 ], [ -116.934778512179065, 32.528265932553111 ], [ -116.934778512179065, 32.528535427138351 ] ] ] ] } },
{ "type": "Feature", "properties": { "ZONA_MET": "Tijuana", "INTENSIDAD": "Intensa", "T_PROM_POL": 3.0, "T_MIN_CIUD": 1.0, "DIF_TERMIC": 2.0 }, "geometry": { "type": "MultiPolygon", "coordinates": [ [ [ [ -116.908098548240716, 32.539045715962551 ], [ -116.90782905365549, 32.539045715962551 ], [ -116.90782905365549, 32.538237232206839 ], [ -116.907559559070251, 32.538237232206839 ], [ -116.907559559070251, 32.537428748451134 ], [ -116.907290064485011, 32.537428748451134 ], [ -116.907290064485011, 32.537967737621607 ], [ -116.906751075314546, 32.537967737621607 ], [ -116.906751075314546, 32.537698243036367 ], [ -116.906481580729306, 32.537698243036367 ], [ -116.906481580729306, 32.53635077011019 ], [ -116.906212086144066, 32.53635077011019 ], [ -116.906212086144066, 32.536620264695422 ], [ -116.905673096973601, 32.536620264695422 ], [ -116.905673096973601, 32.536081275524957 ], [ -116.905403602388361, 32.536081275524957 ], [ -116.905403602388361, 32.535272791769245 ], [ -116.905134107803121, 32.535272791769245 ], [ -116.905134107803121, 32.535003297184012 ], [ -116.905403602388361, 32.535003297184012 ], [ -116.905403602388361, 32.533116835087363 ], [ -116.905942591558841, 32.533116835087363 ], [ -116.905942591558841, 32.532847340502123 ], [ -116.906481580729306, 32.532847340502123 ], [ -116.906481580729306, 32.533116835087363 ], [ -116.907290064485011, 32.533116835087363 ], [ -116.907290064485011, 32.53257784591689 ], [ -116.908098548240716, 32.53257784591689 ], [ -116.908098548240716, 32.53230835133165 ], [ -116.908907031996435, 32.53230835133165 ], [ -116.908907031996435, 32.532038856746418 ], [ -116.9094460211669, 32.532038856746418 ], [ -116.9094460211669, 32.531769362161178 ], [ -116.90971551575214, 32.531769362161178 ], [ -116.90971551575214, 32.531499867575945 ], [ -116.90998501033738, 32.531499867575945 ], [ -116.90998501033738, 32.530960878405473 ], [ -116.910254504922605, 32.530960878405473 ], [ -116.910254504922605, 32.531230372990706 ], [ -116.910523999507845, 32.531230372990706 ], [ -116.910523999507845, 32.532038856746418 ], [ -116.910793494093085, 32.532038856746418 ], [ -116.910793494093085, 32.531769362161178 ], [ -116.91133248326355, 32.531769362161178 ], [ -116.91133248326355, 32.531499867575945 ], [ -116.91160197784879, 32.531499867575945 ], [ -116.91160197784879, 32.531230372990706 ], [ -116.911871472434029, 32.531230372990706 ], [ -116.911871472434029, 32.530960878405473 ], [ -116.91106298867831, 32.530960878405473 ], [ -116.91106298867831, 32.530691383820233 ], [ -116.91133248326355, 32.530691383820233 ], [ -116.91133248326355, 32.530152394649768 ], [ -116.910793494093085, 32.530152394649768 ], [ -116.910793494093085, 32.529882900064528 ], [ -116.910254504922605, 32.529882900064528 ], [ -116.910254504922605, 32.530421889235001 ], [ -116.90998501033738, 32.530421889235001 ], [ -116.90998501033738, 32.529343910894056 ], [ -116.910523999507845, 32.529343910894056 ], [ -116.910523999507845, 32.529074416308823 ], [ -116.910254504922605, 32.529074416308823 ], [ -116.910254504922605, 32.528804921723584 ], [ -116.910523999507845, 32.528804921723584 ], [ -116.910523999507845, 32.528535427138351 ], [ -116.910793494093085, 32.528535427138351 ], [ -116.910793494093085, 32.528265932553111 ], [ -116.91160197784879, 32.528265932553111 ], [ -116.91160197784879, 32.527996437967879 ], [ -116.91133248326355, 32.527996437967879 ], [ -116.91133248326355, 32.527726943382639 ], [ -116.91160197784879, 32.527726943382639 ], [ -116.91160197784879, 32.527187954212174 ], [ -116.911871472434029, 32.527187954212174 ], [ -116.911871472434029, 32.526918459626934 ], [ -116.912140967019255, 32.526918459626934 ], [ -116.912140967019255, 32.527187954212174 ], [ -116.912410461604495, 32.527187954212174 ], [ -116.912410461604495, 32.526918459626934 ], [ -116.9132189453602, 32.526918459626934 ], [ -116.9132189453602, 32.526379470456462 ], [ -116.913488439945439, 32.526379470456462 ], [ -116.913488439945439, 32.526648965041701 ], [ -116.915374902042089, 32.526648965041701 ], [ -116.915374902042089, 32.526918459626934 ], [ -116.914835912871624, 32.526918459626934 ], [ -116.914835912871624, 32.527187954212174 ], [ -116.915105407456849, 32.527187954212174 ], [ -116.915105407456849, 32.527726943382639 ], [ -116.915374902042089, 32.527726943382639 ], [ -116.915374902042089, 32.527996437967879 ], [ -116.914027429115905, 32.527996437967879 ], [ -116.914027429115905, 32.527726943382639 ], [ -116.9132189453602, 32.527726943382639 ], [ -116.9132189453602, 32.527996437967879 ], [ -116.912949450774974, 32.527996437967879 ], [ -116.912949450774974, 32.528535427138351 ], [ -116.9132189453602, 32.528535427138351 ], [ -116.9132189453602, 32.528804921723584 ], [ -116.913488439945439, 32.528804921723584 ], [ -116.913488439945439, 32.529074416308823 ], [ -116.913757934530679, 32.529074416308823 ], [ -116.913757934530679, 32.528535427138351 ], [ -116.914027429115905, 32.528535427138351 ], [ -116.914027429115905, 32.528804921723584 ], [ -116.914566418286384, 32.528804921723584 ], [ -116.914566418286384, 32.529882900064528 ], [ -116.914027429115905, 32.529882900064528 ], [ -116.914027429115905, 32.530960878405473 ], [ -116.913757934530679, 32.530960878405473 ], [ -116.913757934530679, 32.532038856746418 ], [ -116.913488439945439, 32.532038856746418 ], [ -116.913488439945439, 32.53230835133165 ], [ -116.914027429115905, 32.53230835133165 ], [ -116.914027429115905, 32.533386329672595 ], [ -116.913757934530679, 32.533386329672595 ], [ -116.913757934530679, 32.533116835087363 ], [ -116.913488439945439, 32.533116835087363 ], [ -116.913488439945439, 32.53257784591689 ], [ -116.912949450774974, 32.53257784591689 ], [ -116.912949450774974, 32.53230835133165 ], [ -116.9132189453602, 32.53230835133165 ], [ -116.9132189453602, 32.531499867575945 ], [ -116.912410461604495, 32.531499867575945 ], [ -116.912410461604495, 32.53230835133165 ], [ -116.912140967019255, 32.53230835133165 ], [ -116.912140967019255, 32.533386329672595 ], [ -116.912410461604495, 32.533386329672595 ], [ -116.912410461604495, 32.53446430801354 ], [ -116.912949450774974, 32.53446430801354 ], [ -116.912949450774974, 32.534733802598772 ], [ -116.912410461604495, 32.534733802598772 ], [ -116.912410461604495, 32.535003297184012 ], [ -116.912140967019255, 32.535003297184012 ], [ -116.912140967019255, 32.535272791769245 ], [ -116.91133248326355, 32.535272791769245 ], [ -116.91133248326355, 32.537428748451134 ], [ -116.91160197784879, 32.537428748451134 ], [ -116.91160197784879, 32.537967737621607 ], [ -116.91133248326355, 32.537967737621607 ], [ -116.91133248326355, 32.538237232206839 ], [ -116.910793494093085, 32.538237232206839 ], [ -116.910793494093085, 32.537967737621607 ], [ -116.910523999507845, 32.537967737621607 ], [ -116.910523999507845, 32.538237232206839 ], [ -116.90971551575214, 32.538237232206839 ], [ -116.90971551575214, 32.538506726792079 ], [ -116.9094460211669, 32.538506726792079 ], [ -116.9094460211669, 32.538237232206839 ], [ -116.908907031996435, 32.538237232206839 ], [ -116.908907031996435, 32.537967737621607 ], [ -116.9094460211669, 32.537967737621607 ], [ -116.9094460211669, 32.537428748451134 ], [ -116.90971551575214, 32.537428748451134 ], [ -116.90971551575214, 32.537159253865894 ], [ -116.9094460211669, 32.537159253865894 ], [ -116.9094460211669, 32.536889759280662 ], [ -116.90971551575214, 32.536889759280662 ], [ -116.90971551575214, 32.53635077011019 ], [ -116.908907031996435, 32.53635077011019 ], [ -116.908907031996435, 32.536081275524957 ], [ -116.908637537411195, 32.536081275524957 ], [ -116.908637537411195, 32.53635077011019 ], [ -116.908368042825956, 32.53635077011019 ], [ -116.908368042825956, 32.536620264695422 ], [ -116.908098548240716, 32.536620264695422 ], [ -116.908098548240716, 32.539045715962551 ] ], [ [ -116.91106298867831, 32.536889759280662 ], [ -116.91106298867831, 32.536620264695422 ], [ -116.910793494093085, 32.536620264695422 ], [ -116.910793494093085, 32.536889759280662 ], [ -116.91106298867831, 32.536889759280662 ] ], [ [ -116.907290064485011, 32.53635077011019 ], [ -116.907290064485011, 32.536081275524957 ], [ -116.90782905365549, 32.536081275524957 ], [ -116.90782905365549, 32.535272791769245 ], [ -116.907290064485011, 32.535272791769245 ], [ -116.907290064485011, 32.535003297184012 ], [ -116.907020569899785, 32.535003297184012 ], [ -116.907020569899785, 32.535542286354485 ], [ -116.906751075314546, 32.535542286354485 ], [ -116.906751075314546, 32.536081275524957 ], [ -116.907020569899785, 32.536081275524957 ], [ -116.907020569899785, 32.53635077011019 ], [ -116.907290064485011, 32.53635077011019 ] ], [ [ -116.9094460211669, 32.535811780939717 ], [ -116.9094460211669, 32.535542286354485 ], [ -116.90971551575214, 32.535542286354485 ], [ -116.90971551575214, 32.535272791769245 ], [ -116.910254504922605, 32.535272791769245 ], [ -116.910254504922605, 32.535003297184012 ], [ -116.90998501033738, 32.535003297184012 ], [ -116.90998501033738, 32.534733802598772 ], [ -116.90971551575214, 32.534733802598772 ], [ -116.90971551575214, 32.53446430801354 ], [ -116.908637537411195, 32.53446430801354 ], [ -116.908637537411195, 32.5341948134283 ], [ -116.908368042825956, 32.5341948134283 ], [ -116.908368042825956, 32.533925318843067 ], [ -116.908098548240716, 32.533925318843067 ], [ -116.908098548240716, 32.533655824257828 ], [ -116.90782905365549, 32.533655824257828 ], [ -116.90782905365549, 32.533386329672595 ], [ -116.907020569899785, 32.533386329672595 ], [ -116.907020569899785, 32.533925318843067 ], [ -116.906751075314546, 32.533925318843067 ], [ -116.906751075314546, 32.5341948134283 ], [ -116.906481580729306, 32.5341948134283 ], [ -116.906481580729306, 32.53446430801354 ], [ -116.908098548240716, 32.53446430801354 ], [ -116.908098548240716, 32.535003297184012 ], [ -116.908637537411195, 32.535003297184012 ], [ -116.908637537411195, 32.535542286354485 ], [ -116.90917652658166, 32.535542286354485 ], [ -116.90917652658166, 32.535811780939717 ], [ -116.9094460211669, 32.535811780939717 ] ], [ [ -116.906212086144066, 32.535811780939717 ], [ -116.906212086144066, 32.535272791769245 ], [ -116.905673096973601, 32.535272791769245 ], [ -116.905673096973601, 32.535811780939717 ], [ -116.906212086144066, 32.535811780939717 ] ], [ [ -116.908368042825956, 32.535542286354485 ], [ -116.908368042825956, 32.535272791769245 ], [ -116.908098548240716, 32.535272791769245 ], [ -116.908098548240716, 32.535542286354485 ], [ -116.908368042825956, 32.535542286354485 ] ], [ [ -116.906751075314546, 32.535542286354485 ], [ -116.906751075314546, 32.535003297184012 ], [ -116.906481580729306, 32.535003297184012 ], [ -116.906481580729306, 32.535542286354485 ], [ -116.906751075314546, 32.535542286354485 ] ], [ [ -116.911871472434029, 32.53446430801354 ], [ -116.911871472434029, 32.533386329672595 ], [ -116.91133248326355, 32.533386329672595 ], [ -116.91133248326355, 32.533925318843067 ], [ -116.910793494093085, 32.533925318843067 ], [ -116.910793494093085, 32.53446430801354 ], [ -116.911871472434029, 32.53446430801354 ] ], [ [ -116.91133248326355, 32.533386329672595 ], [ -116.91133248326355, 32.532847340502123 ], [ -116.91106298867831, 32.532847340502123 ], [ -116.91106298867831, 32.533116835087363 ], [ -116.910793494093085, 32.533116835087363 ], [ -116.910793494093085, 32.533386329672595 ], [ -116.91133248326355, 32.533386329672595 ] ], [ [ -116.908637537411195, 32.533386329672595 ], [ -116.908637537411195, 32.533116835087363 ], [ -116.908368042825956, 32.533116835087363 ], [ -116.908368042825956, 32.532847340502123 ], [ -116.90782905365549, 32.532847340502123 ], [ -116.90782905365549, 32.533116835087363 ], [ -116.908098548240716, 32.533116835087363 ], [ -116.908098548240716, 32.533386329672595 ], [ -116.908637537411195, 32.533386329672595 ] ], [ [ -116.912410461604495, 32.530960878405473 ], [ -116.912410461604495, 32.530691383820233 ], [ -116.912140967019255, 32.530691383820233 ], [ -116.912140967019255, 32.530960878405473 ], [ -116.912410461604495, 32.530960878405473 ] ], [ [ -116.9132189453602, 32.530691383820233 ], [ -116.9132189453602, 32.530152394649768 ], [ -116.912949450774974, 32.530152394649768 ], [ -116.912949450774974, 32.530691383820233 ], [ -116.9132189453602, 32.530691383820233 ] ], [ [ -116.912410461604495, 32.529613405479296 ], [ -116.912410461604495, 32.528804921723584 ], [ -116.912140967019255, 32.528804921723584 ], [ -116.912140967019255, 32.529074416308823 ], [ -116.91133248326355, 32.529074416308823 ], [ -116.91133248326355, 32.529343910894056 ], [ -116.91160197784879, 32.529343910894056 ], [ -116.91160197784879, 32.529613405479296 ], [ -116.912410461604495, 32.529613405479296 ] ], [ [ -116.912140967019255, 32.527726943382639 ], [ -116.912140967019255, 32.527457448797406 ], [ -116.911871472434029, 32.527457448797406 ], [ -116.911871472434029, 32.527726943382639 ], [ -116.912140967019255, 32.527726943382639 ] ] ] ] } },
{ "type": "Feature", "properties": { "ZONA_MET": "Tijuana", "INTENSIDAD": "Intensa", "T_PROM_POL": 3.0, "T_MIN_CIUD": 1.0, "DIF_TERMIC": 2.0 }, "geometry": { "type": "MultiPolygon", "coordinates": [ [ [ [ -116.992719848004782, 32.527726943382639 ], [ -116.992180858834303, 32.527726943382639 ], [ -116.992180858834303, 32.526918459626934 ], [ -116.992989342590022, 32.526918459626934 ], [ -116.992989342590022, 32.526109975871229 ], [ -116.993258837175247, 32.526109975871229 ], [ -116.993258837175247, 32.526379470456462 ], [ -116.993797826345727, 32.526379470456462 ], [ -116.993797826345727, 32.526918459626934 ], [ -116.993258837175247, 32.526918459626934 ], [ -116.993258837175247, 32.527187954212174 ], [ -116.992719848004782, 32.527187954212174 ], [ -116.992719848004782, 32.527726943382639 ] ] ] ] } },
{ "type": "Feature", "properties": { "ZONA_MET": "Tijuana", "INTENSIDAD": "Intensa", "T_PROM_POL": 3.0, "T_MIN_CIUD": 1.0, "DIF_TERMIC": 2.0 }, "geometry": { "type": "MultiPolygon", "coordinates": [ [ [ [ -117.031257573693509, 32.529074416308823 ], [ -117.030449089937804, 32.529074416308823 ], [ -117.030449089937804, 32.528804921723584 ], [ -117.030179595352564, 32.528804921723584 ], [ -117.030179595352564, 32.527996437967879 ], [ -117.029640606182099, 32.527996437967879 ], [ -117.029640606182099, 32.528535427138351 ], [ -117.02883212242638, 32.528535427138351 ], [ -117.02883212242638, 32.528265932553111 ], [ -117.028562627841154, 32.528265932553111 ], [ -117.028562627841154, 32.527457448797406 ], [ -117.02721515491497, 32.527457448797406 ], [ -117.02721515491497, 32.527187954212174 ], [ -117.02694566032973, 32.527187954212174 ], [ -117.02694566032973, 32.526379470456462 ], [ -117.027484649500209, 32.526379470456462 ], [ -117.027484649500209, 32.526109975871229 ], [ -117.028293133255914, 32.526109975871229 ], [ -117.028293133255914, 32.526379470456462 ], [ -117.02883212242638, 32.526379470456462 ], [ -117.02883212242638, 32.526648965041701 ], [ -117.028293133255914, 32.526648965041701 ], [ -117.028293133255914, 32.526918459626934 ], [ -117.02883212242638, 32.526918459626934 ], [ -117.02883212242638, 32.527457448797406 ], [ -117.029101617011619, 32.527457448797406 ], [ -117.029101617011619, 32.527187954212174 ], [ -117.030179595352564, 32.527187954212174 ], [ -117.030179595352564, 32.527457448797406 ], [ -117.029640606182099, 32.527457448797406 ], [ -117.029640606182099, 32.527726943382639 ], [ -117.030449089937804, 32.527726943382639 ], [ -117.030449089937804, 32.528535427138351 ], [ -117.030718584523029, 32.528535427138351 ], [ -117.030718584523029, 32.527726943382639 ], [ -117.030988079108269, 32.527726943382639 ], [ -117.030988079108269, 32.527996437967879 ], [ -117.031796562863974, 32.527996437967879 ], [ -117.031796562863974, 32.528265932553111 ], [ -117.032066057449214, 32.528265932553111 ], [ -117.032066057449214, 32.528535427138351 ], [ -117.031796562863974, 32.528535427138351 ], [ -117.031796562863974, 32.528804921723584 ], [ -117.031257573693509, 32.528804921723584 ], [ -117.031257573693509, 32.529074416308823 ] ], [ [ -117.030988079108269, 32.528804921723584 ], [ -117.030988079108269, 32.528535427138351 ], [ -117.030718584523029, 32.528535427138351 ], [ -117.030718584523029, 32.528804921723584 ], [ -117.030988079108269, 32.528804921723584 ] ], [ [ -117.031527068278749, 32.528535427138351 ], [ -117.031527068278749, 32.528265932553111 ], [ -117.031257573693509, 32.528265932553111 ], [ -117.031257573693509, 32.528535427138351 ], [ -117.031527068278749, 32.528535427138351 ] ] ] ] } },
{ "type": "Feature", "properties": { "ZONA_MET": "Tijuana", "INTENSIDAD": "Intensa", "T_PROM_POL": 3.0, "T_MIN_CIUD": 1.0, "DIF_TERMIC": 2.0 }, "geometry": { "type": "MultiPolygon", "coordinates": [ [ [ [ -116.964961905725488, 32.527726943382639 ], [ -116.964692411140248, 32.527726943382639 ], [ -116.964692411140248, 32.526918459626934 ], [ -116.964153421969783, 32.526918459626934 ], [ -116.964153421969783, 32.526379470456462 ], [ -116.964422916555009, 32.526379470456462 ], [ -116.964422916555009, 32.526648965041701 ], [ -116.964961905725488, 32.526648965041701 ], [ -116.964961905725488, 32.526379470456462 ], [ -116.965231400310728, 32.526379470456462 ], [ -116.965231400310728, 32.526109975871229 ], [ -116.965500894895953, 32.526109975871229 ], [ -116.965500894895953, 32.526379470456462 ], [ -116.965770389481193, 32.526379470456462 ], [ -116.965770389481193, 32.526648965041701 ], [ -116.965500894895953, 32.526648965041701 ], [ -116.965500894895953, 32.527457448797406 ], [ -116.964961905725488, 32.527457448797406 ], [ -116.964961905725488, 32.527726943382639 ] ] ] ] } },
{ "type": "Feature", "properties": { "ZONA_MET": "Tijuana", "INTENSIDAD": "Intensa", "T_PROM_POL": 3.0, "T_MIN_CIUD": 1.0, "DIF_TERMIC": 2.0 }, "geometry": { "type": "MultiPolygon", "coordinates": [ [ [ [ -116.967117862407378, 32.527187954212174 ], [ -116.966848367822138, 32.527187954212174 ], [ -116.966848367822138, 32.526918459626934 ], [ -116.966578873236898, 32.526918459626934 ], [ -116.966578873236898, 32.525570986700757 ], [ -116.967117862407378, 32.525570986700757 ], [ -116.967117862407378, 32.525840481285989 ], [ -116.967926346163082, 32.525840481285989 ], [ -116.967926346163082, 32.526109975871229 ], [ -116.968195840748322, 32.526109975871229 ], [ -116.968195840748322, 32.526648965041701 ], [ -116.967387356992603, 32.526648965041701 ], [ -116.967387356992603, 32.526918459626934 ], [ -116.967117862407378, 32.526918459626934 ], [ -116.967117862407378, 32.527187954212174 ] ] ] ] } },
{ "type": "Feature", "properties": { "ZONA_MET": "Tijuana", "INTENSIDAD": "Intensa", "T_PROM_POL": 3.0, "T_MIN_CIUD": 1.0, "DIF_TERMIC": 2.0 }, "geometry": { "type": "MultiPolygon", "coordinates": [ [ [ [ -117.029640606182099, 32.526918459626934 ], [ -117.029371111596859, 32.526918459626934 ], [ -117.029371111596859, 32.526379470456462 ], [ -117.029101617011619, 32.526379470456462 ], [ -117.029101617011619, 32.526109975871229 ], [ -117.029371111596859, 32.526109975871229 ], [ -117.029371111596859, 32.525570986700757 ], [ -117.030179595352564, 32.525570986700757 ], [ -117.030179595352564, 32.525840481285989 ], [ -117.030718584523029, 32.525840481285989 ], [ -117.030718584523029, 32.525570986700757 ], [ -117.031257573693509, 32.525570986700757 ], [ -117.031257573693509, 32.525840481285989 ], [ -117.031796562863974, 32.525840481285989 ], [ -117.031796562863974, 32.526109975871229 ], [ -117.029640606182099, 32.526109975871229 ], [ -117.029640606182099, 32.526379470456462 ], [ -117.030179595352564, 32.526379470456462 ], [ -117.030179595352564, 32.526648965041701 ], [ -117.029640606182099, 32.526648965041701 ], [ -117.029640606182099, 32.526918459626934 ] ] ] ] } },
{ "type": "Feature", "properties": { "ZONA_MET": "Tijuana", "INTENSIDAD": "Intensa", "T_PROM_POL": 3.0, "T_MIN_CIUD": 1.0, "DIF_TERMIC": 2.0 }, "geometry": { "type": "MultiPolygon", "coordinates": [ [ [ [ -116.902978151121246, 32.526918459626934 ], [ -116.902708656536007, 32.526918459626934 ], [ -116.902708656536007, 32.525840481285989 ], [ -116.902169667365527, 32.525840481285989 ], [ -116.902169667365527, 32.524223513774579 ], [ -116.903517140291711, 32.524223513774579 ], [ -116.903517140291711, 32.524493008359812 ], [ -116.903786634876951, 32.524493008359812 ], [ -116.903786634876951, 32.524762502945045 ], [ -116.902978151121246, 32.524762502945045 ], [ -116.902978151121246, 32.526918459626934 ] ] ] ] } },
{ "type": "Feature", "properties": { "ZONA_MET": "Tijuana", "INTENSIDAD": "Intensa", "T_PROM_POL": 3.0, "T_MIN_CIUD": 1.0, "DIF_TERMIC": 2.0 }, "geometry": { "type": "MultiPolygon", "coordinates": [ [ [ [ -117.001074180147086, 32.527726943382639 ], [ -116.999996201806155, 32.527726943382639 ], [ -116.999996201806155, 32.527457448797406 ], [ -116.999726707220916, 32.527457448797406 ], [ -116.999726707220916, 32.526918459626934 ], [ -116.999996201806155, 32.526918459626934 ], [ -116.999996201806155, 32.526648965041701 ], [ -116.999726707220916, 32.526648965041701 ], [ -116.999726707220916, 32.525570986700757 ], [ -116.999457212635676, 32.525570986700757 ], [ -116.999457212635676, 32.525301492115517 ], [ -116.999726707220916, 32.525301492115517 ], [ -116.999726707220916, 32.524493008359812 ], [ -116.999996201806155, 32.524493008359812 ], [ -116.999996201806155, 32.524223513774579 ], [ -117.00080468556186, 32.524223513774579 ], [ -117.00080468556186, 32.524493008359812 ], [ -117.000265696391381, 32.524493008359812 ], [ -117.000265696391381, 32.525031997530284 ], [ -117.001074180147086, 32.525031997530284 ], [ -117.001074180147086, 32.525301492115517 ], [ -117.001613169317565, 32.525301492115517 ], [ -117.001613169317565, 32.525031997530284 ], [ -117.00242165307327, 32.525031997530284 ], [ -117.00242165307327, 32.525301492115517 ], [ -117.001882663902805, 32.525301492115517 ], [ -117.001882663902805, 32.525840481285989 ], [ -117.001613169317565, 32.525840481285989 ], [ -117.001613169317565, 32.526379470456462 ], [ -117.001343674732325, 32.526379470456462 ], [ -117.001343674732325, 32.525840481285989 ], [ -117.001074180147086, 32.525840481285989 ], [ -117.001074180147086, 32.526109975871229 ], [ -117.00080468556186, 32.526109975871229 ], [ -117.00080468556186, 32.526648965041701 ], [ -117.001074180147086, 32.526648965041701 ], [ -117.001074180147086, 32.527726943382639 ] ], [ [ -117.000265696391381, 32.527187954212174 ], [ -117.000265696391381, 32.526918459626934 ], [ -116.999996201806155, 32.526918459626934 ], [ -116.999996201806155, 32.527187954212174 ], [ -117.000265696391381, 32.527187954212174 ] ], [ [ -117.000265696391381, 32.526379470456462 ], [ -117.000265696391381, 32.525570986700757 ], [ -116.999996201806155, 32.525570986700757 ], [ -116.999996201806155, 32.526379470456462 ], [ -117.000265696391381, 32.526379470456462 ] ], [ [ -117.001074180147086, 32.525570986700757 ], [ -117.001074180147086, 32.525301492115517 ], [ -117.00080468556186, 32.525301492115517 ], [ -117.00080468556186, 32.525570986700757 ], [ -117.001074180147086, 32.525570986700757 ] ] ] ] } },
{ "type": "Feature", "properties": { "ZONA_MET": "Tijuana", "INTENSIDAD": "Extrema", "T_PROM_POL": 3.0, "T_MIN_CIUD": 1.0, "DIF_TERMIC": 2.0 }, "geometry": { "type": "MultiPolygon", "coordinates": [ [ [ [ -116.964692411140248, 32.525301492115517 ], [ -116.963883927384543, 32.525301492115517 ], [ -116.963883927384543, 32.525031997530284 ], [ -116.963614432799304, 32.525031997530284 ], [ -116.963614432799304, 32.524762502945045 ], [ -116.963344938214078, 32.524762502945045 ], [ -116.963344938214078, 32.524493008359812 ], [ -116.963614432799304, 32.524493008359812 ], [ -116.963614432799304, 32.52395401918934 ], [ -116.963883927384543, 32.52395401918934 ], [ -116.963883927384543, 32.523684524604107 ], [ -116.964153421969783, 32.523684524604107 ], [ -116.964153421969783, 32.52395401918934 ], [ -116.964692411140248, 32.52395401918934 ], [ -116.964692411140248, 32.524762502945045 ], [ -116.964153421969783, 32.524762502945045 ], [ -116.964153421969783, 32.525031997530284 ], [ -116.964692411140248, 32.525031997530284 ], [ -116.964692411140248, 32.525301492115517 ] ] ] ] } },
{ "type": "Feature", "properties": { "ZONA_MET": "Tijuana", "INTENSIDAD": "Intensa", "T_PROM_POL": 3.0, "T_MIN_CIUD": 1.0, "DIF_TERMIC": 2.0 }, "geometry": { "type": "MultiPolygon", "coordinates": [ [ [ [ -116.966848367822138, 32.525031997530284 ], [ -116.965500894895953, 32.525031997530284 ], [ -116.965500894895953, 32.524493008359812 ], [ -116.965231400310728, 32.524493008359812 ], [ -116.965231400310728, 32.524762502945045 ], [ -116.964692411140248, 32.524762502945045 ], [ -116.964692411140248, 32.52395401918934 ], [ -116.964153421969783, 32.52395401918934 ], [ -116.964153421969783, 32.523684524604107 ], [ -116.964961905725488, 32.523684524604107 ], [ -116.964961905725488, 32.52395401918934 ], [ -116.965231400310728, 32.52395401918934 ], [ -116.965231400310728, 32.523415030018867 ], [ -116.965500894895953, 32.523415030018867 ], [ -116.965500894895953, 32.523684524604107 ], [ -116.967387356992603, 32.523684524604107 ], [ -116.967387356992603, 32.524223513774579 ], [ -116.968195840748322, 32.524223513774579 ], [ -116.968195840748322, 32.52395401918934 ], [ -116.968465335333548, 32.52395401918934 ], [ -116.968465335333548, 32.524493008359812 ], [ -116.967656851577843, 32.524493008359812 ], [ -116.967656851577843, 32.524762502945045 ], [ -116.967387356992603, 32.524762502945045 ], [ -116.967387356992603, 32.524493008359812 ], [ -116.967117862407378, 32.524493008359812 ], [ -116.967117862407378, 32.524762502945045 ], [ -116.966848367822138, 32.524762502945045 ], [ -116.966848367822138, 32.525031997530284 ] ] ] ] } },
{ "type": "Feature", "properties": { "ZONA_MET": "Tijuana", "INTENSIDAD": "Intensa", "T_PROM_POL": 3.0, "T_MIN_CIUD": 1.0, "DIF_TERMIC": 2.0 }, "geometry": { "type": "MultiPolygon", "coordinates": [ [ [ [ -116.991372375078598, 32.522876040848395 ], [ -116.990833385908132, 32.522876040848395 ], [ -116.990833385908132, 32.522337051677923 ], [ -116.990024902152427, 32.522337051677923 ], [ -116.990024902152427, 32.52179806250745 ], [ -116.990833385908132, 32.52179806250745 ], [ -116.990833385908132, 32.52206755709269 ], [ -116.991372375078598, 32.52206755709269 ], [ -116.991372375078598, 32.521528567922218 ], [ -116.991641869663837, 32.521528567922218 ], [ -116.991641869663837, 32.52206755709269 ], [ -116.992719848004782, 32.52206755709269 ], [ -116.992719848004782, 32.522337051677923 ], [ -116.992450353419542, 32.522337051677923 ], [ -116.992450353419542, 32.522606546263162 ], [ -116.991372375078598, 32.522606546263162 ], [ -116.991372375078598, 32.522876040848395 ] ] ] ] } },
{ "type": "Feature", "properties": { "ZONA_MET": "Tijuana", "INTENSIDAD": "Intensa", "T_PROM_POL": 3.0, "T_MIN_CIUD": 1.0, "DIF_TERMIC": 2.0 }, "geometry": { "type": "MultiPolygon", "coordinates": [ [ [ [ -116.965770389481193, 32.523145535433635 ], [ -116.965231400310728, 32.523145535433635 ], [ -116.965231400310728, 32.522876040848395 ], [ -116.964961905725488, 32.522876040848395 ], [ -116.964961905725488, 32.522606546263162 ], [ -116.964692411140248, 32.522606546263162 ], [ -116.964692411140248, 32.522337051677923 ], [ -116.964961905725488, 32.522337051677923 ], [ -116.964961905725488, 32.52206755709269 ], [ -116.965231400310728, 32.52206755709269 ], [ -116.965231400310728, 32.521528567922218 ], [ -116.965500894895953, 32.521528567922218 ], [ -116.965500894895953, 32.521259073336985 ], [ -116.965770389481193, 32.521259073336985 ], [ -116.965770389481193, 32.523145535433635 ] ] ] ] } },
{ "type": "Feature", "properties": { "ZONA_MET": "Tijuana", "INTENSIDAD": "Intensa", "T_PROM_POL": 3.0, "T_MIN_CIUD": 1.0, "DIF_TERMIC": 2.0 }, "geometry": { "type": "MultiPolygon", "coordinates": [ [ [ [ -116.996762266783321, 32.522606546263162 ], [ -116.995953783027616, 32.522606546263162 ], [ -116.995953783027616, 32.522337051677923 ], [ -116.996492772198081, 32.522337051677923 ], [ -116.996492772198081, 32.52206755709269 ], [ -116.996762266783321, 32.52206755709269 ], [ -116.996762266783321, 32.52179806250745 ], [ -116.996492772198081, 32.52179806250745 ], [ -116.996492772198081, 32.521528567922218 ], [ -116.997301255953786, 32.521528567922218 ], [ -116.997301255953786, 32.521259073336985 ], [ -116.997570750539026, 32.521259073336985 ], [ -116.997570750539026, 32.520989578751745 ], [ -116.997840245124266, 32.520989578751745 ], [ -116.997840245124266, 32.521528567922218 ], [ -116.998109739709491, 32.521528567922218 ], [ -116.998109739709491, 32.52179806250745 ], [ -116.997840245124266, 32.52179806250745 ], [ -116.997840245124266, 32.52206755709269 ], [ -116.997570750539026, 32.52206755709269 ], [ -116.997570750539026, 32.522337051677923 ], [ -116.996762266783321, 32.522337051677923 ], [ -116.996762266783321, 32.522606546263162 ] ] ] ] } },
{ "type": "Feature", "properties": { "ZONA_MET": "Tijuana", "INTENSIDAD": "Intensa", "T_PROM_POL": 3.0, "T_MIN_CIUD": 1.0, "DIF_TERMIC": 2.0 }, "geometry": { "type": "MultiPolygon", "coordinates": [ [ [ [ -116.992989342590022, 32.521528567922218 ], [ -116.991641869663837, 32.521528567922218 ], [ -116.991641869663837, 32.521259073336985 ], [ -116.992180858834303, 32.521259073336985 ], [ -116.992180858834303, 32.520989578751745 ], [ -116.991641869663837, 32.520989578751745 ], [ -116.991641869663837, 32.520720084166513 ], [ -116.992180858834303, 32.520720084166513 ], [ -116.992180858834303, 32.520450589581273 ], [ -116.992719848004782, 32.520450589581273 ], [ -116.992719848004782, 32.520989578751745 ], [ -116.992989342590022, 32.520989578751745 ], [ -116.992989342590022, 32.521528567922218 ] ] ] ] } },
{ "type": "Feature", "properties": { "ZONA_MET": "Tijuana", "INTENSIDAD": "Extrema", "T_PROM_POL": 3.0, "T_MIN_CIUD": 1.0, "DIF_TERMIC": 2.0 }, "geometry": { "type": "MultiPolygon", "coordinates": [ [ [ [ -116.965770389481193, 32.520720084166513 ], [ -116.964961905725488, 32.520720084166513 ], [ -116.964961905725488, 32.519103116655096 ], [ -116.966578873236898, 32.519103116655096 ], [ -116.966578873236898, 32.519372611240328 ], [ -116.966309378651673, 32.519372611240328 ], [ -116.966309378651673, 32.519642105825568 ], [ -116.966578873236898, 32.519642105825568 ], [ -116.966578873236898, 32.520450589581273 ], [ -116.965770389481193, 32.520450589581273 ], [ -116.965770389481193, 32.520720084166513 ] ] ] ] } },
{ "type": "Feature", "properties": { "ZONA_MET": "Tijuana", "INTENSIDAD": "Intensa", "T_PROM_POL": 3.0, "T_MIN_CIUD": 1.0, "DIF_TERMIC": 2.0 }, "geometry": { "type": "MultiPolygon", "coordinates": [ [ [ [ -116.969004324504027, 32.520450589581273 ], [ -116.968734829918787, 32.520450589581273 ], [ -116.968734829918787, 32.52018109499604 ], [ -116.967656851577843, 32.52018109499604 ], [ -116.967656851577843, 32.519911600410801 ], [ -116.966848367822138, 32.519911600410801 ], [ -116.966848367822138, 32.520450589581273 ], [ -116.966578873236898, 32.520450589581273 ], [ -116.966578873236898, 32.519642105825568 ], [ -116.966309378651673, 32.519642105825568 ], [ -116.966309378651673, 32.519372611240328 ], [ -116.966578873236898, 32.519372611240328 ], [ -116.966578873236898, 32.519103116655096 ], [ -116.965770389481193, 32.519103116655096 ], [ -116.965770389481193, 32.518833622069856 ], [ -116.967387356992603, 32.518833622069856 ], [ -116.967387356992603, 32.518564127484623 ], [ -116.967926346163082, 32.518564127484623 ], [ -116.967926346163082, 32.518833622069856 ], [ -116.968195840748322, 32.518833622069856 ], [ -116.968195840748322, 32.519103116655096 ], [ -116.968465335333548, 32.519103116655096 ], [ -116.968465335333548, 32.519372611240328 ], [ -116.968734829918787, 32.519372611240328 ], [ -116.968734829918787, 32.519911600410801 ], [ -116.969004324504027, 32.519911600410801 ], [ -116.969004324504027, 32.520450589581273 ] ] ] ] } },
{ "type": "Feature", "properties": { "ZONA_MET": "Tijuana", "INTENSIDAD": "Intensa", "T_PROM_POL": 3.0, "T_MIN_CIUD": 1.0, "DIF_TERMIC": 2.0 }, "geometry": { "type": "MultiPolygon", "coordinates": [ [ [ [ -116.964153421969783, 32.521259073336985 ], [ -116.963883927384543, 32.521259073336985 ], [ -116.963883927384543, 32.520989578751745 ], [ -116.963344938214078, 32.520989578751745 ], [ -116.963344938214078, 32.52018109499604 ], [ -116.963614432799304, 32.52018109499604 ], [ -116.963614432799304, 32.519642105825568 ], [ -116.963883927384543, 32.519642105825568 ], [ -116.963883927384543, 32.518833622069856 ], [ -116.964153421969783, 32.518833622069856 ], [ -116.964153421969783, 32.518564127484623 ], [ -116.964422916555009, 32.518564127484623 ], [ -116.964422916555009, 32.519642105825568 ], [ -116.964153421969783, 32.519642105825568 ], [ -116.964153421969783, 32.521259073336985 ] ] ] ] } },
{ "type": "Feature", "properties": { "ZONA_MET": "Tijuana", "INTENSIDAD": "Intensa", "T_PROM_POL": 3.0, "T_MIN_CIUD": 1.0, "DIF_TERMIC": 2.0 }, "geometry": { "type": "MultiPolygon", "coordinates": [ [ [ [ -116.998109739709491, 32.519642105825568 ], [ -116.997840245124266, 32.519642105825568 ], [ -116.997840245124266, 32.519103116655096 ], [ -116.997570750539026, 32.519103116655096 ], [ -116.997570750539026, 32.518564127484623 ], [ -116.997840245124266, 32.518564127484623 ], [ -116.997840245124266, 32.518025138314151 ], [ -116.998109739709491, 32.518025138314151 ], [ -116.998109739709491, 32.518294632899391 ], [ -116.999187718050436, 32.518294632899391 ], [ -116.999187718050436, 32.519103116655096 ], [ -116.999457212635676, 32.519103116655096 ], [ -116.999457212635676, 32.519372611240328 ], [ -116.998109739709491, 32.519372611240328 ], [ -116.998109739709491, 32.519642105825568 ] ] ] ] } },
{ "type": "Feature", "properties": { "ZONA_MET": "Tijuana", "INTENSIDAD": "Intensa", "T_PROM_POL": 3.0, "T_MIN_CIUD": 1.0, "DIF_TERMIC": 2.0 }, "geometry": { "type": "MultiPolygon", "coordinates": [ [ [ [ -116.851504685341197, 32.517755643728918 ], [ -116.851235190755958, 32.517755643728918 ], [ -116.851235190755958, 32.516677665387974 ], [ -116.850965696170718, 32.516677665387974 ], [ -116.850965696170718, 32.515869181632262 ], [ -116.851504685341197, 32.515869181632262 ], [ -116.851504685341197, 32.516138676217501 ], [ -116.851774179926423, 32.516138676217501 ], [ -116.851774179926423, 32.516408170802734 ], [ -116.852043674511663, 32.516408170802734 ], [ -116.852043674511663, 32.515330192461796 ], [ -116.852582663682142, 32.515330192461796 ], [ -116.852582663682142, 32.515869181632262 ], [ -116.852852158267368, 32.515869181632262 ], [ -116.852852158267368, 32.516408170802734 ], [ -116.852582663682142, 32.516408170802734 ], [ -116.852582663682142, 32.516677665387974 ], [ -116.851774179926423, 32.516677665387974 ], [ -116.851774179926423, 32.517486149143679 ], [ -116.851504685341197, 32.517486149143679 ], [ -116.851504685341197, 32.517755643728918 ] ] ] ] } },
{ "type": "Feature", "properties": { "ZONA_MET": "Tijuana", "INTENSIDAD": "Intensa", "T_PROM_POL": 3.0, "T_MIN_CIUD": 1.0, "DIF_TERMIC": 2.0 }, "geometry": { "type": "MultiPolygon", "coordinates": [ [ [ [ -116.995953783027616, 32.515869181632262 ], [ -116.994067320930967, 32.515869181632262 ], [ -116.994067320930967, 32.515599687047029 ], [ -116.993797826345727, 32.515599687047029 ], [ -116.993797826345727, 32.515060697876557 ], [ -116.994067320930967, 32.515060697876557 ], [ -116.994067320930967, 32.515330192461796 ], [ -116.994336815516192, 32.515330192461796 ], [ -116.994336815516192, 32.514791203291324 ], [ -116.995145299271897, 32.514791203291324 ], [ -116.995145299271897, 32.514521708706084 ], [ -116.995684288442376, 32.514521708706084 ], [ -116.995684288442376, 32.514791203291324 ], [ -116.995953783027616, 32.514791203291324 ], [ -116.995953783027616, 32.514521708706084 ], [ -116.996223277612842, 32.514521708706084 ], [ -116.996223277612842, 32.515060697876557 ], [ -116.995953783027616, 32.515060697876557 ], [ -116.995953783027616, 32.515330192461796 ], [ -116.996223277612842, 32.515330192461796 ], [ -116.996223277612842, 32.515599687047029 ], [ -116.995953783027616, 32.515599687047029 ], [ -116.995953783027616, 32.515869181632262 ] ], [ [ -116.994875804686671, 32.515330192461796 ], [ -116.994875804686671, 32.515060697876557 ], [ -116.994606310101432, 32.515060697876557 ], [ -116.994606310101432, 32.515330192461796 ], [ -116.994875804686671, 32.515330192461796 ] ] ] ] } },
{ "type": "Feature", "properties": { "ZONA_MET": "Tijuana", "INTENSIDAD": "Intensa", "T_PROM_POL": 3.0, "T_MIN_CIUD": 1.0, "DIF_TERMIC": 2.0 }, "geometry": { "type": "MultiPolygon", "coordinates": [ [ [ [ -117.007811544777994, 32.515330192461796 ], [ -117.007003061022274, 32.515330192461796 ], [ -117.007003061022274, 32.515060697876557 ], [ -117.006733566437049, 32.515060697876557 ], [ -117.006733566437049, 32.514791203291324 ], [ -117.005925082681344, 32.514791203291324 ], [ -117.005925082681344, 32.514252214120852 ], [ -117.006194577266569, 32.514252214120852 ], [ -117.006194577266569, 32.514521708706084 ], [ -117.006464071851809, 32.514521708706084 ], [ -117.006464071851809, 32.513982719535612 ], [ -117.006733566437049, 32.513982719535612 ], [ -117.006733566437049, 32.514252214120852 ], [ -117.007003061022274, 32.514252214120852 ], [ -117.007003061022274, 32.514521708706084 ], [ -117.007811544777994, 32.514521708706084 ], [ -117.007811544777994, 32.515330192461796 ] ] ] ] } },
{ "type": "Feature", "properties": { "ZONA_MET": "Tijuana", "INTENSIDAD": "Intensa", "T_PROM_POL": 3.0, "T_MIN_CIUD": 1.0, "DIF_TERMIC": 2.0 }, "geometry": { "type": "MultiPolygon", "coordinates": [ [ [ [ -116.852582663682142, 32.515060697876557 ], [ -116.852043674511663, 32.515060697876557 ], [ -116.852043674511663, 32.514791203291324 ], [ -116.851774179926423, 32.514791203291324 ], [ -116.851774179926423, 32.515060697876557 ], [ -116.851504685341197, 32.515060697876557 ], [ -116.851504685341197, 32.51344373036514 ], [ -116.852582663682142, 32.51344373036514 ], [ -116.852582663682142, 32.512904741194667 ], [ -116.852852158267368, 32.512904741194667 ], [ -116.852852158267368, 32.512635246609435 ], [ -116.851774179926423, 32.512635246609435 ], [ -116.851774179926423, 32.512365752024202 ], [ -116.852043674511663, 32.512365752024202 ], [ -116.852043674511663, 32.512096257438962 ], [ -116.851774179926423, 32.512096257438962 ], [ -116.851774179926423, 32.51182676285373 ], [ -116.852852158267368, 32.51182676285373 ], [ -116.852852158267368, 32.510748784512785 ], [ -116.853121652852607, 32.510748784512785 ], [ -116.853121652852607, 32.512365752024202 ], [ -116.853391147437847, 32.512365752024202 ], [ -116.853391147437847, 32.512635246609435 ], [ -116.853121652852607, 32.512635246609435 ], [ -116.853121652852607, 32.512904741194667 ], [ -116.853391147437847, 32.512904741194667 ], [ -116.853391147437847, 32.51344373036514 ], [ -116.852852158267368, 32.51344373036514 ], [ -116.852852158267368, 32.513982719535612 ], [ -116.853391147437847, 32.513982719535612 ], [ -116.853391147437847, 32.514252214120852 ], [ -116.853121652852607, 32.514252214120852 ], [ -116.853121652852607, 32.514791203291324 ], [ -116.852582663682142, 32.514791203291324 ], [ -116.852582663682142, 32.515060697876557 ] ], [ [ -116.852852158267368, 32.514521708706084 ], [ -116.852852158267368, 32.514252214120852 ], [ -116.852582663682142, 32.514252214120852 ], [ -116.852582663682142, 32.514521708706084 ], [ -116.852852158267368, 32.514521708706084 ] ] ] ] } },
{ "type": "Feature", "properties": { "ZONA_MET": "Tijuana", "INTENSIDAD": "Intensa", "T_PROM_POL": 3.0, "T_MIN_CIUD": 1.0, "DIF_TERMIC": 2.0 }, "geometry": { "type": "MultiPolygon", "coordinates": [ [ [ [ -116.978436634987276, 32.51155726826849 ], [ -116.97789764581681, 32.51155726826849 ], [ -116.97789764581681, 32.511287773683257 ], [ -116.977089162061105, 32.511287773683257 ], [ -116.977089162061105, 32.51155726826849 ], [ -116.975202699964456, 32.51155726826849 ], [ -116.975202699964456, 32.511018279098018 ], [ -116.974933205379216, 32.511018279098018 ], [ -116.974933205379216, 32.510209795342313 ], [ -116.974394216208736, 32.510209795342313 ], [ -116.974394216208736, 32.50967080617184 ], [ -116.974933205379216, 32.50967080617184 ], [ -116.974933205379216, 32.509940300757073 ], [ -116.975741689134921, 32.509940300757073 ], [ -116.975741689134921, 32.50967080617184 ], [ -116.977089162061105, 32.50967080617184 ], [ -116.977089162061105, 32.509940300757073 ], [ -116.977358656646331, 32.509940300757073 ], [ -116.977358656646331, 32.510209795342313 ], [ -116.977628151231571, 32.510209795342313 ], [ -116.977628151231571, 32.510479289927545 ], [ -116.97789764581681, 32.510479289927545 ], [ -116.97789764581681, 32.509940300757073 ], [ -116.978975624157755, 32.509940300757073 ], [ -116.978975624157755, 32.510209795342313 ], [ -116.97924511874298, 32.510209795342313 ], [ -116.97924511874298, 32.511287773683257 ], [ -116.978975624157755, 32.511287773683257 ], [ -116.978975624157755, 32.511018279098018 ], [ -116.978706129572515, 32.511018279098018 ], [ -116.978706129572515, 32.511287773683257 ], [ -116.978436634987276, 32.511287773683257 ], [ -116.978436634987276, 32.51155726826849 ] ], [ [ -116.976011183720161, 32.511018279098018 ], [ -116.976011183720161, 32.510479289927545 ], [ -116.975741689134921, 32.510479289927545 ], [ -116.975741689134921, 32.510209795342313 ], [ -116.975472194549681, 32.510209795342313 ], [ -116.975472194549681, 32.510748784512785 ], [ -116.975202699964456, 32.510748784512785 ], [ -116.975202699964456, 32.511018279098018 ], [ -116.976011183720161, 32.511018279098018 ] ] ] ] } },
{ "type": "Feature", "properties": { "ZONA_MET": "Tijuana", "INTENSIDAD": "Intensa", "T_PROM_POL": 3.0, "T_MIN_CIUD": 1.0, "DIF_TERMIC": 2.0 }, "geometry": { "type": "MultiPolygon", "coordinates": [ [ [ [ -116.973585732453031, 32.510479289927545 ], [ -116.972238259526861, 32.510479289927545 ], [ -116.972238259526861, 32.50967080617184 ], [ -116.971968764941622, 32.50967080617184 ], [ -116.971968764941622, 32.509401311586608 ], [ -116.972238259526861, 32.509401311586608 ], [ -116.972238259526861, 32.509131817001368 ], [ -116.972507754112087, 32.509131817001368 ], [ -116.972507754112087, 32.508592827830896 ], [ -116.972777248697327, 32.508592827830896 ], [ -116.972777248697327, 32.509131817001368 ], [ -116.973855227038271, 32.509131817001368 ], [ -116.973855227038271, 32.509401311586608 ], [ -116.974124721623511, 32.509401311586608 ], [ -116.974124721623511, 32.510209795342313 ], [ -116.973585732453031, 32.510209795342313 ], [ -116.973585732453031, 32.510479289927545 ] ], [ [ -116.973585732453031, 32.50967080617184 ], [ -116.973585732453031, 32.509401311586608 ], [ -116.972777248697327, 32.509401311586608 ], [ -116.972777248697327, 32.50967080617184 ], [ -116.973585732453031, 32.50967080617184 ] ] ] ] } },
{ "type": "Feature", "properties": { "ZONA_MET": "Tijuana", "INTENSIDAD": "Intensa", "T_PROM_POL": 3.0, "T_MIN_CIUD": 1.0, "DIF_TERMIC": 2.0 }, "geometry": { "type": "MultiPolygon", "coordinates": [ [ [ [ -116.981131580839644, 32.510209795342313 ], [ -116.980592591669165, 32.510209795342313 ], [ -116.980592591669165, 32.50967080617184 ], [ -116.980323097083925, 32.50967080617184 ], [ -116.980323097083925, 32.509401311586608 ], [ -116.980592591669165, 32.509401311586608 ], [ -116.980592591669165, 32.509131817001368 ], [ -116.980862086254405, 32.509131817001368 ], [ -116.980862086254405, 32.508592827830896 ], [ -116.98140107542487, 32.508592827830896 ], [ -116.98140107542487, 32.509940300757073 ], [ -116.981131580839644, 32.509940300757073 ], [ -116.981131580839644, 32.510209795342313 ] ] ] ] } },
{ "type": "Feature", "properties": { "ZONA_MET": "Tijuana", "INTENSIDAD": "Intensa", "T_PROM_POL": 3.0, "T_MIN_CIUD": 1.0, "DIF_TERMIC": 2.0 }, "geometry": { "type": "MultiPolygon", "coordinates": [ [ [ [ -116.955260100657, 32.511018279098018 ], [ -116.952834649389871, 32.511018279098018 ], [ -116.952834649389871, 32.510748784512785 ], [ -116.953104143975111, 32.510748784512785 ], [ -116.953104143975111, 32.510479289927545 ], [ -116.952026165634166, 32.510479289927545 ], [ -116.952026165634166, 32.510209795342313 ], [ -116.951217681878461, 32.510209795342313 ], [ -116.951217681878461, 32.509940300757073 ], [ -116.951487176463701, 32.509940300757073 ], [ -116.951487176463701, 32.508862322416135 ], [ -116.951756671048926, 32.508862322416135 ], [ -116.951756671048926, 32.508592827830896 ], [ -116.952026165634166, 32.508592827830896 ], [ -116.952026165634166, 32.508323333245663 ], [ -116.952565154804631, 32.508323333245663 ], [ -116.952565154804631, 32.508053838660423 ], [ -116.952834649389871, 32.508053838660423 ], [ -116.952834649389871, 32.507784344075191 ], [ -116.953104143975111, 32.507784344075191 ], [ -116.953104143975111, 32.507514849489951 ], [ -116.953643133145576, 32.507514849489951 ], [ -116.953643133145576, 32.507784344075191 ], [ -116.954182122316055, 32.507784344075191 ], [ -116.954182122316055, 32.508053838660423 ], [ -116.954451616901295, 32.508053838660423 ], [ -116.954451616901295, 32.508323333245663 ], [ -116.954182122316055, 32.508323333245663 ], [ -116.954182122316055, 32.508592827830896 ], [ -116.954451616901295, 32.508592827830896 ], [ -116.954451616901295, 32.508862322416135 ], [ -116.954721111486521, 32.508862322416135 ], [ -116.954721111486521, 32.509131817001368 ], [ -116.95499060607176, 32.509131817001368 ], [ -116.95499060607176, 32.509401311586608 ], [ -116.955260100657, 32.509401311586608 ], [ -116.955260100657, 32.50967080617184 ], [ -116.955529595242226, 32.50967080617184 ], [ -116.955529595242226, 32.510209795342313 ], [ -116.955260100657, 32.510209795342313 ], [ -116.955260100657, 32.511018279098018 ] ], [ [ -116.954451616901295, 32.510748784512785 ], [ -116.954451616901295, 32.510479289927545 ], [ -116.954182122316055, 32.510479289927545 ], [ -116.954182122316055, 32.510748784512785 ], [ -116.954451616901295, 32.510748784512785 ] ], [ [ -116.953104143975111, 32.510209795342313 ], [ -116.953104143975111, 32.509940300757073 ], [ -116.952834649389871, 32.509940300757073 ], [ -116.952834649389871, 32.510209795342313 ], [ -116.953104143975111, 32.510209795342313 ] ], [ [ -116.955260100657, 32.509940300757073 ], [ -116.955260100657, 32.50967080617184 ], [ -116.954721111486521, 32.50967080617184 ], [ -116.954721111486521, 32.509940300757073 ], [ -116.955260100657, 32.509940300757073 ] ], [ [ -116.952834649389871, 32.509940300757073 ], [ -116.952834649389871, 32.50967080617184 ], [ -116.952565154804631, 32.50967080617184 ], [ -116.952565154804631, 32.509940300757073 ], [ -116.952834649389871, 32.509940300757073 ] ], [ [ -116.95337363856035, 32.508323333245663 ], [ -116.95337363856035, 32.508053838660423 ], [ -116.953104143975111, 32.508053838660423 ], [ -116.953104143975111, 32.508323333245663 ], [ -116.95337363856035, 32.508323333245663 ] ] ] ] } },
{ "type": "Feature", "properties": { "ZONA_MET": "Tijuana", "INTENSIDAD": "Intensa", "T_PROM_POL": 3.0, "T_MIN_CIUD": 1.0, "DIF_TERMIC": 2.0 }, "geometry": { "type": "MultiPolygon", "coordinates": [ [ [ [ -116.999187718050436, 32.508323333245663 ], [ -116.998648728879971, 32.508323333245663 ], [ -116.998648728879971, 32.508053838660423 ], [ -116.998109739709491, 32.508053838660423 ], [ -116.998109739709491, 32.508323333245663 ], [ -116.997840245124266, 32.508323333245663 ], [ -116.997840245124266, 32.508053838660423 ], [ -116.997570750539026, 32.508053838660423 ], [ -116.997570750539026, 32.507784344075191 ], [ -116.997840245124266, 32.507784344075191 ], [ -116.997840245124266, 32.507514849489951 ], [ -116.998109739709491, 32.507514849489951 ], [ -116.998109739709491, 32.507245354904718 ], [ -116.999187718050436, 32.507245354904718 ], [ -116.999187718050436, 32.508323333245663 ] ] ] ] } },
{ "type": "Feature", "properties": { "ZONA_MET": "Tijuana", "INTENSIDAD": "Extrema", "T_PROM_POL": 3.0, "T_MIN_CIUD": 1.0, "DIF_TERMIC": 2.0 }, "geometry": { "type": "MultiPolygon", "coordinates": [ [ [ [ -116.978706129572515, 32.507514849489951 ], [ -116.977628151231571, 32.507514849489951 ], [ -116.977628151231571, 32.507245354904718 ], [ -116.977358656646331, 32.507245354904718 ], [ -116.977358656646331, 32.506706365734246 ], [ -116.978975624157755, 32.506706365734246 ], [ -116.978975624157755, 32.506975860319478 ], [ -116.978706129572515, 32.506975860319478 ], [ -116.978706129572515, 32.507514849489951 ] ] ] ] } },
{ "type": "Feature", "properties": { "ZONA_MET": "Tijuana", "INTENSIDAD": "Intensa", "T_PROM_POL": 3.0, "T_MIN_CIUD": 1.0, "DIF_TERMIC": 2.0 }, "geometry": { "type": "MultiPolygon", "coordinates": [ [ [ [ -116.963344938214078, 32.508592827830896 ], [ -116.963075443628838, 32.508592827830896 ], [ -116.963075443628838, 32.508323333245663 ], [ -116.962536454458359, 32.508323333245663 ], [ -116.962536454458359, 32.508053838660423 ], [ -116.961727970702654, 32.508053838660423 ], [ -116.961727970702654, 32.507514849489951 ], [ -116.961997465287894, 32.507514849489951 ], [ -116.961997465287894, 32.507784344075191 ], [ -116.963075443628838, 32.507784344075191 ], [ -116.963075443628838, 32.507514849489951 ], [ -116.963614432799304, 32.507514849489951 ], [ -116.963614432799304, 32.506975860319478 ], [ -116.962805949043599, 32.506975860319478 ], [ -116.962805949043599, 32.506706365734246 ], [ -116.962266959873133, 32.506706365734246 ], [ -116.962266959873133, 32.506167376563774 ], [ -116.962805949043599, 32.506167376563774 ], [ -116.962805949043599, 32.505897881978541 ], [ -116.964961905725488, 32.505897881978541 ], [ -116.964961905725488, 32.506167376563774 ], [ -116.965500894895953, 32.506167376563774 ], [ -116.965500894895953, 32.506436871149013 ], [ -116.965770389481193, 32.506436871149013 ], [ -116.965770389481193, 32.506706365734246 ], [ -116.965231400310728, 32.506706365734246 ], [ -116.965231400310728, 32.506975860319478 ], [ -116.964961905725488, 32.506975860319478 ], [ -116.964961905725488, 32.506706365734246 ], [ -116.964692411140248, 32.506706365734246 ], [ -116.964692411140248, 32.506167376563774 ], [ -116.964153421969783, 32.506167376563774 ], [ -116.964153421969783, 32.506706365734246 ], [ -116.963883927384543, 32.506706365734246 ], [ -116.963883927384543, 32.507784344075191 ], [ -116.963614432799304, 32.507784344075191 ], [ -116.963614432799304, 32.508053838660423 ], [ -116.963344938214078, 32.508053838660423 ], [ -116.963344938214078, 32.508592827830896 ] ], [ [ -116.963614432799304, 32.506706365734246 ], [ -116.963614432799304, 32.506436871149013 ], [ -116.963344938214078, 32.506436871149013 ], [ -116.963344938214078, 32.506706365734246 ], [ -116.963614432799304, 32.506706365734246 ] ] ] ] } },
{ "type": "Feature", "properties": { "ZONA_MET": "Tijuana", "INTENSIDAD": "Intensa", "T_PROM_POL": 3.0, "T_MIN_CIUD": 1.0, "DIF_TERMIC": 2.0 }, "geometry": { "type": "MultiPolygon", "coordinates": [ [ [ [ -116.926154685451522, 32.506167376563774 ], [ -116.925076707110577, 32.506167376563774 ], [ -116.925076707110577, 32.505897881978541 ], [ -116.925885190866282, 32.505897881978541 ], [ -116.925885190866282, 32.505628387393301 ], [ -116.926154685451522, 32.505628387393301 ], [ -116.926154685451522, 32.505358892808069 ], [ -116.927232663792466, 32.505358892808069 ], [ -116.927232663792466, 32.505089398222829 ], [ -116.927771652962946, 32.505089398222829 ], [ -116.927771652962946, 32.505628387393301 ], [ -116.926963169207227, 32.505628387393301 ], [ -116.926963169207227, 32.505897881978541 ], [ -116.926154685451522, 32.505897881978541 ], [ -116.926154685451522, 32.506167376563774 ] ] ] ] } },
{ "type": "Feature", "properties": { "ZONA_MET": "Tijuana", "INTENSIDAD": "Extrema", "T_PROM_POL": 3.0, "T_MIN_CIUD": 1.0, "DIF_TERMIC": 2.0 }, "geometry": { "type": "MultiPolygon", "coordinates": [ [ [ [ -116.925885190866282, 32.505897881978541 ], [ -116.925076707110577, 32.505897881978541 ], [ -116.925076707110577, 32.505089398222829 ], [ -116.925615696281056, 32.505089398222829 ], [ -116.925615696281056, 32.504819903637596 ], [ -116.927232663792466, 32.504819903637596 ], [ -116.927232663792466, 32.505358892808069 ], [ -116.926154685451522, 32.505358892808069 ], [ -116.926154685451522, 32.505628387393301 ], [ -116.925885190866282, 32.505628387393301 ], [ -116.925885190866282, 32.505897881978541 ] ] ] ] } },
{ "type": "Feature", "properties": { "ZONA_MET": "Tijuana", "INTENSIDAD": "Intensa", "T_PROM_POL": 3.0, "T_MIN_CIUD": 1.0, "DIF_TERMIC": 2.0 }, "geometry": { "type": "MultiPolygon", "coordinates": [ [ [ [ -116.887616959762795, 32.506706365734246 ], [ -116.88680847600709, 32.506706365734246 ], [ -116.88680847600709, 32.506436871149013 ], [ -116.88707797059233, 32.506436871149013 ], [ -116.88707797059233, 32.505897881978541 ], [ -116.887347465177555, 32.505897881978541 ], [ -116.887347465177555, 32.505628387393301 ], [ -116.887616959762795, 32.505628387393301 ], [ -116.887616959762795, 32.505358892808069 ], [ -116.887886454348035, 32.505358892808069 ], [ -116.887886454348035, 32.505089398222829 ], [ -116.888155948933274, 32.505089398222829 ], [ -116.888155948933274, 32.504819903637596 ], [ -116.88869493810374, 32.504819903637596 ], [ -116.88869493810374, 32.504550409052356 ], [ -116.888964432688979, 32.504550409052356 ], [ -116.888964432688979, 32.504819903637596 ], [ -116.889233927274205, 32.504819903637596 ], [ -116.889233927274205, 32.505089398222829 ], [ -116.889503421859445, 32.505089398222829 ], [ -116.889503421859445, 32.505897881978541 ], [ -116.889233927274205, 32.505897881978541 ], [ -116.889233927274205, 32.506167376563774 ], [ -116.888964432688979, 32.506167376563774 ], [ -116.888964432688979, 32.506436871149013 ], [ -116.887886454348035, 32.506436871149013 ], [ -116.887886454348035, 32.505897881978541 ], [ -116.887616959762795, 32.505897881978541 ], [ -116.887616959762795, 32.506706365734246 ] ] ] ] } },
{ "type": "Feature", "properties": { "ZONA_MET": "Tijuana", "INTENSIDAD": "Intensa", "T_PROM_POL": 3.0, "T_MIN_CIUD": 1.0, "DIF_TERMIC": 2.0 }, "geometry": { "type": "MultiPolygon", "coordinates": [ [ [ [ -116.866865876699634, 32.506167376563774 ], [ -116.866596382114395, 32.506167376563774 ], [ -116.866596382114395, 32.505897881978541 ], [ -116.866326887529169, 32.505897881978541 ], [ -116.866326887529169, 32.506167376563774 ], [ -116.86578789835869, 32.506167376563774 ], [ -116.86578789835869, 32.505897881978541 ], [ -116.86551840377345, 32.505897881978541 ], [ -116.86551840377345, 32.505628387393301 ], [ -116.865248909188225, 32.505628387393301 ], [ -116.865248909188225, 32.505089398222829 ], [ -116.864709920017745, 32.505089398222829 ], [ -116.864709920017745, 32.504819903637596 ], [ -116.86444042543252, 32.504819903637596 ], [ -116.86444042543252, 32.504280914467124 ], [ -116.864709920017745, 32.504280914467124 ], [ -116.864709920017745, 32.504011419881884 ], [ -116.864979414602985, 32.504011419881884 ], [ -116.864979414602985, 32.503741925296652 ], [ -116.866326887529169, 32.503741925296652 ], [ -116.866326887529169, 32.505089398222829 ], [ -116.866865876699634, 32.505089398222829 ], [ -116.866865876699634, 32.505358892808069 ], [ -116.866326887529169, 32.505358892808069 ], [ -116.866326887529169, 32.505628387393301 ], [ -116.866865876699634, 32.505628387393301 ], [ -116.866865876699634, 32.506167376563774 ] ] ] ] } },
{ "type": "Feature", "properties": { "ZONA_MET": "Tijuana", "INTENSIDAD": "Intensa", "T_PROM_POL": 3.0, "T_MIN_CIUD": 1.0, "DIF_TERMIC": 2.0 }, "geometry": { "type": "MultiPolygon", "coordinates": [ [ [ [ -116.925615696281056, 32.505089398222829 ], [ -116.922651255843462, 32.505089398222829 ], [ -116.922651255843462, 32.504819903637596 ], [ -116.923998728769632, 32.504819903637596 ], [ -116.923998728769632, 32.504550409052356 ], [ -116.924268223354872, 32.504550409052356 ], [ -116.924268223354872, 32.503741925296652 ], [ -116.924807212525351, 32.503741925296652 ], [ -116.924807212525351, 32.503472430711419 ], [ -116.925346201695817, 32.503472430711419 ], [ -116.925346201695817, 32.503202936126179 ], [ -116.925615696281056, 32.503202936126179 ], [ -116.925615696281056, 32.504011419881884 ], [ -116.926154685451522, 32.504011419881884 ], [ -116.926154685451522, 32.503472430711419 ], [ -116.925885190866282, 32.503472430711419 ], [ -116.925885190866282, 32.503202936126179 ], [ -116.926693674622001, 32.503202936126179 ], [ -116.926693674622001, 32.504011419881884 ], [ -116.926963169207227, 32.504011419881884 ], [ -116.926963169207227, 32.504280914467124 ], [ -116.927232663792466, 32.504280914467124 ], [ -116.927232663792466, 32.504819903637596 ], [ -116.925615696281056, 32.504819903637596 ], [ -116.925615696281056, 32.505089398222829 ] ], [ [ -116.925076707110577, 32.504280914467124 ], [ -116.925076707110577, 32.504011419881884 ], [ -116.924807212525351, 32.504011419881884 ], [ -116.924807212525351, 32.504280914467124 ], [ -116.925076707110577, 32.504280914467124 ] ] ] ] } },
{ "type": "Feature", "properties": { "ZONA_MET": "Tijuana", "INTENSIDAD": "Intensa", "T_PROM_POL": 3.0, "T_MIN_CIUD": 1.0, "DIF_TERMIC": 2.0 }, "geometry": { "type": "MultiPolygon", "coordinates": [ [ [ [ -116.946097284758977, 32.504819903637596 ], [ -116.945558295588512, 32.504819903637596 ], [ -116.945558295588512, 32.504550409052356 ], [ -116.945019306418033, 32.504550409052356 ], [ -116.945019306418033, 32.503741925296652 ], [ -116.945558295588512, 32.503741925296652 ], [ -116.945558295588512, 32.503202936126179 ], [ -116.946097284758977, 32.503202936126179 ], [ -116.946097284758977, 32.503472430711419 ], [ -116.946366779344217, 32.503472430711419 ], [ -116.946366779344217, 32.503202936126179 ], [ -116.946636273929442, 32.503202936126179 ], [ -116.946636273929442, 32.503472430711419 ], [ -116.947444757685162, 32.503472430711419 ], [ -116.947444757685162, 32.503741925296652 ], [ -116.947714252270387, 32.503741925296652 ], [ -116.947714252270387, 32.504011419881884 ], [ -116.945827790173738, 32.504011419881884 ], [ -116.945827790173738, 32.504550409052356 ], [ -116.946097284758977, 32.504550409052356 ], [ -116.946097284758977, 32.504819903637596 ] ] ] ] } },
{ "type": "Feature", "properties": { "ZONA_MET": "Tijuana", "INTENSIDAD": "Intensa", "T_PROM_POL": 3.0, "T_MIN_CIUD": 1.0, "DIF_TERMIC": 2.0 }, "geometry": { "type": "MultiPolygon", "coordinates": [ [ [ [ -116.9304665988153, 32.505628387393301 ], [ -116.928580136718651, 32.505628387393301 ], [ -116.928580136718651, 32.505089398222829 ], [ -116.927771652962946, 32.505089398222829 ], [ -116.927771652962946, 32.504280914467124 ], [ -116.928580136718651, 32.504280914467124 ], [ -116.928580136718651, 32.504011419881884 ], [ -116.928310642133411, 32.504011419881884 ], [ -116.928310642133411, 32.503741925296652 ], [ -116.927771652962946, 32.503741925296652 ], [ -116.927771652962946, 32.503472430711419 ], [ -116.926963169207227, 32.503472430711419 ], [ -116.926963169207227, 32.502933441540947 ], [ -116.928580136718651, 32.502933441540947 ], [ -116.928580136718651, 32.503472430711419 ], [ -116.929119125889116, 32.503472430711419 ], [ -116.929119125889116, 32.504550409052356 ], [ -116.928849631303876, 32.504550409052356 ], [ -116.928849631303876, 32.505358892808069 ], [ -116.930197104230061, 32.505358892808069 ], [ -116.930197104230061, 32.505089398222829 ], [ -116.93073609340054, 32.505089398222829 ], [ -116.93073609340054, 32.505358892808069 ], [ -116.9304665988153, 32.505358892808069 ], [ -116.9304665988153, 32.505628387393301 ] ] ] ] } },
{ "type": "Feature", "properties": { "ZONA_MET": "Tijuana", "INTENSIDAD": "Extrema", "T_PROM_POL": 3.0, "T_MIN_CIUD": 1.0, "DIF_TERMIC": 2.0 }, "geometry": { "type": "MultiPolygon", "coordinates": [ [ [ [ -116.923998728769632, 32.504819903637596 ], [ -116.922651255843462, 32.504819903637596 ], [ -116.922651255843462, 32.504550409052356 ], [ -116.922381761258222, 32.504550409052356 ], [ -116.922381761258222, 32.504011419881884 ], [ -116.922112266672983, 32.504011419881884 ], [ -116.922112266672983, 32.502933441540947 ], [ -116.923459739599167, 32.502933441540947 ], [ -116.923459739599167, 32.503202936126179 ], [ -116.923729234184407, 32.503202936126179 ], [ -116.923729234184407, 32.503472430711419 ], [ -116.923998728769632, 32.503472430711419 ], [ -116.923998728769632, 32.503741925296652 ], [ -116.924268223354872, 32.503741925296652 ], [ -116.924268223354872, 32.504550409052356 ], [ -116.923998728769632, 32.504550409052356 ], [ -116.923998728769632, 32.504819903637596 ] ] ] ] } },
{ "type": "Feature", "properties": { "ZONA_MET": "Tijuana", "INTENSIDAD": "Intensa", "T_PROM_POL": 3.0, "T_MIN_CIUD": 1.0, "DIF_TERMIC": 2.0 }, "geometry": { "type": "MultiPolygon", "coordinates": [ [ [ [ -116.937203963446194, 32.505089398222829 ], [ -116.936934468860954, 32.505089398222829 ], [ -116.936934468860954, 32.504550409052356 ], [ -116.936395479690489, 32.504550409052356 ], [ -116.936395479690489, 32.504280914467124 ], [ -116.936125985105249, 32.504280914467124 ], [ -116.936125985105249, 32.503202936126179 ], [ -116.936395479690489, 32.503202936126179 ], [ -116.936395479690489, 32.502933441540947 ], [ -116.937742952616659, 32.502933441540947 ], [ -116.937742952616659, 32.503202936126179 ], [ -116.938012447201899, 32.503202936126179 ], [ -116.938012447201899, 32.504280914467124 ], [ -116.937742952616659, 32.504280914467124 ], [ -116.937742952616659, 32.504819903637596 ], [ -116.937203963446194, 32.504819903637596 ], [ -116.937203963446194, 32.505089398222829 ] ], [ [ -116.937473458031434, 32.504280914467124 ], [ -116.937473458031434, 32.503202936126179 ], [ -116.936395479690489, 32.503202936126179 ], [ -116.936395479690489, 32.503472430711419 ], [ -116.936934468860954, 32.503472430711419 ], [ -116.936934468860954, 32.503741925296652 ], [ -116.937203963446194, 32.503741925296652 ], [ -116.937203963446194, 32.504280914467124 ], [ -116.937473458031434, 32.504280914467124 ] ] ] ] } },
{ "type": "Feature", "properties": { "ZONA_MET": "Tijuana", "INTENSIDAD": "Intensa", "T_PROM_POL": 3.0, "T_MIN_CIUD": 1.0, "DIF_TERMIC": 2.0 }, "geometry": { "type": "MultiPolygon", "coordinates": [ [ [ [ -116.915374902042089, 32.505897881978541 ], [ -116.914835912871624, 32.505897881978541 ], [ -116.914835912871624, 32.505089398222829 ], [ -116.914566418286384, 32.505089398222829 ], [ -116.914566418286384, 32.504550409052356 ], [ -116.915105407456849, 32.504550409052356 ], [ -116.915105407456849, 32.504280914467124 ], [ -116.914835912871624, 32.504280914467124 ], [ -116.914835912871624, 32.504011419881884 ], [ -116.914566418286384, 32.504011419881884 ], [ -116.914566418286384, 32.503741925296652 ], [ -116.914027429115905, 32.503741925296652 ], [ -116.914027429115905, 32.503472430711419 ], [ -116.913757934530679, 32.503472430711419 ], [ -116.913757934530679, 32.503202936126179 ], [ -116.914027429115905, 32.503202936126179 ], [ -116.914027429115905, 32.502933441540947 ], [ -116.914566418286384, 32.502933441540947 ], [ -116.914566418286384, 32.502663946955707 ], [ -116.914835912871624, 32.502663946955707 ], [ -116.914835912871624, 32.502394452370474 ], [ -116.915105407456849, 32.502394452370474 ], [ -116.915105407456849, 32.502933441540947 ], [ -116.915374902042089, 32.502933441540947 ], [ -116.915374902042089, 32.502663946955707 ], [ -116.915644396627329, 32.502663946955707 ], [ -116.915644396627329, 32.503202936126179 ], [ -116.916183385797794, 32.503202936126179 ], [ -116.916183385797794, 32.504280914467124 ], [ -116.916452880383034, 32.504280914467124 ], [ -116.916452880383034, 32.504819903637596 ], [ -116.916183385797794, 32.504819903637596 ], [ -116.916183385797794, 32.505089398222829 ], [ -116.915644396627329, 32.505089398222829 ], [ -116.915644396627329, 32.505358892808069 ], [ -116.915374902042089, 32.505358892808069 ], [ -116.915374902042089, 32.505897881978541 ] ], [ [ -116.915644396627329, 32.503741925296652 ], [ -116.915644396627329, 32.503472430711419 ], [ -116.915105407456849, 32.503472430711419 ], [ -116.915105407456849, 32.503741925296652 ], [ -116.915644396627329, 32.503741925296652 ] ] ] ] } },
{ "type": "Feature", "properties": { "ZONA_MET": "Tijuana", "INTENSIDAD": "Intensa", "T_PROM_POL": 3.0, "T_MIN_CIUD": 1.0, "DIF_TERMIC": 2.0 }, "geometry": { "type": "MultiPolygon", "coordinates": [ [ [ [ -116.967387356992603, 32.503741925296652 ], [ -116.967117862407378, 32.503741925296652 ], [ -116.967117862407378, 32.503472430711419 ], [ -116.966848367822138, 32.503472430711419 ], [ -116.966848367822138, 32.502933441540947 ], [ -116.967117862407378, 32.502933441540947 ], [ -116.967117862407378, 32.503202936126179 ], [ -116.967926346163082, 32.503202936126179 ], [ -116.967926346163082, 32.502933441540947 ], [ -116.967387356992603, 32.502933441540947 ], [ -116.967387356992603, 32.502663946955707 ], [ -116.967117862407378, 32.502663946955707 ], [ -116.967117862407378, 32.502394452370474 ], [ -116.968195840748322, 32.502394452370474 ], [ -116.968195840748322, 32.502933441540947 ], [ -116.968465335333548, 32.502933441540947 ], [ -116.968465335333548, 32.503202936126179 ], [ -116.968195840748322, 32.503202936126179 ], [ -116.968195840748322, 32.503472430711419 ], [ -116.967387356992603, 32.503472430711419 ], [ -116.967387356992603, 32.503741925296652 ] ] ] ] } },
{ "type": "Feature", "properties": { "ZONA_MET": "Tijuana", "INTENSIDAD": "Extrema", "T_PROM_POL": 3.0, "T_MIN_CIUD": 1.0, "DIF_TERMIC": 2.0 }, "geometry": { "type": "MultiPolygon", "coordinates": [ [ [ [ -116.957685551924115, 32.504011419881884 ], [ -116.95687706816841, 32.504011419881884 ], [ -116.95687706816841, 32.503741925296652 ], [ -116.95660757358317, 32.503741925296652 ], [ -116.95660757358317, 32.503202936126179 ], [ -116.956338078997945, 32.503202936126179 ], [ -116.956338078997945, 32.502124957785234 ], [ -116.95660757358317, 32.502124957785234 ], [ -116.95660757358317, 32.502394452370474 ], [ -116.95687706816841, 32.502394452370474 ], [ -116.95687706816841, 32.502663946955707 ], [ -116.95714656275365, 32.502663946955707 ], [ -116.95714656275365, 32.503741925296652 ], [ -116.957685551924115, 32.503741925296652 ], [ -116.957685551924115, 32.504011419881884 ] ] ] ] } },
{ "type": "Feature", "properties": { "ZONA_MET": "Tijuana", "INTENSIDAD": "Intensa", "T_PROM_POL": 3.0, "T_MIN_CIUD": 1.0, "DIF_TERMIC": 2.0 }, "geometry": { "type": "MultiPolygon", "coordinates": [ [ [ [ -116.986521472544354, 32.504011419881884 ], [ -116.986251977959114, 32.504011419881884 ], [ -116.986251977959114, 32.503741925296652 ], [ -116.985982483373888, 32.503741925296652 ], [ -116.985982483373888, 32.504011419881884 ], [ -116.985173999618169, 32.504011419881884 ], [ -116.985173999618169, 32.503741925296652 ], [ -116.985443494203409, 32.503741925296652 ], [ -116.985443494203409, 32.503202936126179 ], [ -116.985712988788649, 32.503202936126179 ], [ -116.985712988788649, 32.502663946955707 ], [ -116.985982483373888, 32.502663946955707 ], [ -116.985982483373888, 32.502394452370474 ], [ -116.986251977959114, 32.502394452370474 ], [ -116.986251977959114, 32.501855463200002 ], [ -116.986521472544354, 32.501855463200002 ], [ -116.986521472544354, 32.502124957785234 ], [ -116.987060461714833, 32.502124957785234 ], [ -116.987060461714833, 32.502663946955707 ], [ -116.986521472544354, 32.502663946955707 ], [ -116.986521472544354, 32.504011419881884 ] ], [ [ -116.986251977959114, 32.503202936126179 ], [ -116.986251977959114, 32.502933441540947 ], [ -116.985982483373888, 32.502933441540947 ], [ -116.985982483373888, 32.503202936126179 ], [ -116.986251977959114, 32.503202936126179 ] ] ] ] } },
{ "type": "Feature", "properties": { "ZONA_MET": "Tijuana", "INTENSIDAD": "Extrema", "T_PROM_POL": 3.0, "T_MIN_CIUD": 1.0, "DIF_TERMIC": 2.0 }, "geometry": { "type": "MultiPolygon", "coordinates": [ [ [ [ -116.930197104230061, 32.505358892808069 ], [ -116.928849631303876, 32.505358892808069 ], [ -116.928849631303876, 32.504550409052356 ], [ -116.929119125889116, 32.504550409052356 ], [ -116.929119125889116, 32.503472430711419 ], [ -116.928580136718651, 32.503472430711419 ], [ -116.928580136718651, 32.502933441540947 ], [ -116.928310642133411, 32.502933441540947 ], [ -116.928310642133411, 32.502663946955707 ], [ -116.928580136718651, 32.502663946955707 ], [ -116.928580136718651, 32.502124957785234 ], [ -116.929119125889116, 32.502124957785234 ], [ -116.929119125889116, 32.501855463200002 ], [ -116.929388620474356, 32.501855463200002 ], [ -116.929388620474356, 32.501585968614762 ], [ -116.9304665988153, 32.501585968614762 ], [ -116.9304665988153, 32.502933441540947 ], [ -116.930197104230061, 32.502933441540947 ], [ -116.930197104230061, 32.503202936126179 ], [ -116.93073609340054, 32.503202936126179 ], [ -116.93073609340054, 32.503472430711419 ], [ -116.9304665988153, 32.503472430711419 ], [ -116.9304665988153, 32.504011419881884 ], [ -116.93073609340054, 32.504011419881884 ], [ -116.93073609340054, 32.505089398222829 ], [ -116.930197104230061, 32.505089398222829 ], [ -116.930197104230061, 32.505358892808069 ] ] ] ] } },
{ "type": "Feature", "properties": { "ZONA_MET": "Tijuana", "INTENSIDAD": "Intensa", "T_PROM_POL": 3.0, "T_MIN_CIUD": 1.0, "DIF_TERMIC": 2.0 }, "geometry": { "type": "MultiPolygon", "coordinates": [ [ [ [ -116.855008114949257, 32.504280914467124 ], [ -116.854738620364017, 32.504280914467124 ], [ -116.854738620364017, 32.504011419881884 ], [ -116.854469125778792, 32.504011419881884 ], [ -116.854469125778792, 32.503472430711419 ], [ -116.854199631193552, 32.503472430711419 ], [ -116.854199631193552, 32.502663946955707 ], [ -116.853660642023073, 32.502663946955707 ], [ -116.853660642023073, 32.501855463200002 ], [ -116.854199631193552, 32.501855463200002 ], [ -116.854199631193552, 32.501585968614762 ], [ -116.854738620364017, 32.501585968614762 ], [ -116.854738620364017, 32.501855463200002 ], [ -116.855277609534497, 32.501855463200002 ], [ -116.855277609534497, 32.502124957785234 ], [ -116.856086093290202, 32.502124957785234 ], [ -116.856086093290202, 32.502394452370474 ], [ -116.855816598704962, 32.502394452370474 ], [ -116.855816598704962, 32.503202936126179 ], [ -116.856086093290202, 32.503202936126179 ], [ -116.856086093290202, 32.503741925296652 ], [ -116.855816598704962, 32.503741925296652 ], [ -116.855816598704962, 32.504011419881884 ], [ -116.855008114949257, 32.504011419881884 ], [ -116.855008114949257, 32.504280914467124 ] ], [ [ -116.855277609534497, 32.503741925296652 ], [ -116.855277609534497, 32.503472430711419 ], [ -116.855008114949257, 32.503472430711419 ], [ -116.855008114949257, 32.503741925296652 ], [ -116.855277609534497, 32.503741925296652 ] ], [ [ -116.854738620364017, 32.503202936126179 ], [ -116.854738620364017, 32.502933441540947 ], [ -116.854469125778792, 32.502933441540947 ], [ -116.854469125778792, 32.503202936126179 ], [ -116.854738620364017, 32.503202936126179 ] ], [ [ -116.855547104119736, 32.502933441540947 ], [ -116.855547104119736, 32.502663946955707 ], [ -116.855277609534497, 32.502663946955707 ], [ -116.855277609534497, 32.502933441540947 ], [ -116.855547104119736, 32.502933441540947 ] ], [ [ -116.855008114949257, 32.502933441540947 ], [ -116.855008114949257, 32.502663946955707 ], [ -116.854738620364017, 32.502663946955707 ], [ -116.854738620364017, 32.502933441540947 ], [ -116.855008114949257, 32.502933441540947 ] ] ] ] } },
{ "type": "Feature", "properties": { "ZONA_MET": "Tijuana", "INTENSIDAD": "Intensa", "T_PROM_POL": 3.0, "T_MIN_CIUD": 1.0, "DIF_TERMIC": 2.0 }, "geometry": { "type": "MultiPolygon", "coordinates": [ [ [ [ -116.957955046509355, 32.504550409052356 ], [ -116.95687706816841, 32.504550409052356 ], [ -116.95687706816841, 32.504280914467124 ], [ -116.956338078997945, 32.504280914467124 ], [ -116.956338078997945, 32.503741925296652 ], [ -116.955529595242226, 32.503741925296652 ], [ -116.955529595242226, 32.502663946955707 ], [ -116.955260100657, 32.502663946955707 ], [ -116.955260100657, 32.502933441540947 ], [ -116.95499060607176, 32.502933441540947 ], [ -116.95499060607176, 32.502124957785234 ], [ -116.954721111486521, 32.502124957785234 ], [ -116.954721111486521, 32.501855463200002 ], [ -116.955529595242226, 32.501855463200002 ], [ -116.955529595242226, 32.501585968614762 ], [ -116.956068584412705, 32.501585968614762 ], [ -116.956068584412705, 32.50131647402953 ], [ -116.956338078997945, 32.50131647402953 ], [ -116.956338078997945, 32.501585968614762 ], [ -116.95660757358317, 32.501585968614762 ], [ -116.95660757358317, 32.501855463200002 ], [ -116.95687706816841, 32.501855463200002 ], [ -116.95687706816841, 32.502124957785234 ], [ -116.95714656275365, 32.502124957785234 ], [ -116.95714656275365, 32.501855463200002 ], [ -116.957685551924115, 32.501855463200002 ], [ -116.957685551924115, 32.502394452370474 ], [ -116.957955046509355, 32.502394452370474 ], [ -116.957955046509355, 32.503472430711419 ], [ -116.958224541094594, 32.503472430711419 ], [ -116.958224541094594, 32.504280914467124 ], [ -116.957955046509355, 32.504280914467124 ], [ -116.957955046509355, 32.504550409052356 ] ], [ [ -116.95714656275365, 32.504280914467124 ], [ -116.95714656275365, 32.504011419881884 ], [ -116.957685551924115, 32.504011419881884 ], [ -116.957685551924115, 32.503741925296652 ], [ -116.95714656275365, 32.503741925296652 ], [ -116.95714656275365, 32.502663946955707 ], [ -116.95687706816841, 32.502663946955707 ], [ -116.95687706816841, 32.502394452370474 ], [ -116.95660757358317, 32.502394452370474 ], [ -116.95660757358317, 32.502124957785234 ], [ -116.956338078997945, 32.502124957785234 ], [ -116.956338078997945, 32.503202936126179 ], [ -116.95660757358317, 32.503202936126179 ], [ -116.95660757358317, 32.503741925296652 ], [ -116.95687706816841, 32.503741925296652 ], [ -116.95687706816841, 32.504280914467124 ], [ -116.95714656275365, 32.504280914467124 ] ] ] ] } },
{ "type": "Feature", "properties": { "ZONA_MET": "Tijuana", "INTENSIDAD": "Intensa", "T_PROM_POL": 3.0, "T_MIN_CIUD": 1.0, "DIF_TERMIC": 2.0 }, "geometry": { "type": "MultiPolygon", "coordinates": [ [ [ [ -116.907020569899785, 32.502663946955707 ], [ -116.906481580729306, 32.502663946955707 ], [ -116.906481580729306, 32.502394452370474 ], [ -116.905942591558841, 32.502394452370474 ], [ -116.905942591558841, 32.502124957785234 ], [ -116.905403602388361, 32.502124957785234 ], [ -116.905403602388361, 32.501855463200002 ], [ -116.905942591558841, 32.501855463200002 ], [ -116.905942591558841, 32.501585968614762 ], [ -116.906212086144066, 32.501585968614762 ], [ -116.906212086144066, 32.50131647402953 ], [ -116.906481580729306, 32.50131647402953 ], [ -116.906481580729306, 32.501585968614762 ], [ -116.906751075314546, 32.501585968614762 ], [ -116.906751075314546, 32.501855463200002 ], [ -116.907559559070251, 32.501855463200002 ], [ -116.907559559070251, 32.502124957785234 ], [ -116.907020569899785, 32.502124957785234 ], [ -116.907020569899785, 32.502663946955707 ] ] ] ] } },
{ "type": "Feature", "properties": { "ZONA_MET": "Tijuana", "INTENSIDAD": "Intensa", "T_PROM_POL": 3.0, "T_MIN_CIUD": 1.0, "DIF_TERMIC": 2.0 }, "geometry": { "type": "MultiPolygon", "coordinates": [ [ [ [ -116.978436634987276, 32.509401311586608 ], [ -116.977628151231571, 32.509401311586608 ], [ -116.977628151231571, 32.509131817001368 ], [ -116.97789764581681, 32.509131817001368 ], [ -116.97789764581681, 32.508862322416135 ], [ -116.977358656646331, 32.508862322416135 ], [ -116.977358656646331, 32.509131817001368 ], [ -116.976011183720161, 32.509131817001368 ], [ -116.976011183720161, 32.508862322416135 ], [ -116.975472194549681, 32.508862322416135 ], [ -116.975472194549681, 32.508053838660423 ], [ -116.975202699964456, 32.508053838660423 ], [ -116.975202699964456, 32.508592827830896 ], [ -116.974933205379216, 32.508592827830896 ], [ -116.974933205379216, 32.508053838660423 ], [ -116.974394216208736, 32.508053838660423 ], [ -116.974394216208736, 32.507784344075191 ], [ -116.974124721623511, 32.507784344075191 ], [ -116.974124721623511, 32.507245354904718 ], [ -116.973855227038271, 32.507245354904718 ], [ -116.973855227038271, 32.507514849489951 ], [ -116.973585732453031, 32.507514849489951 ], [ -116.973585732453031, 32.507784344075191 ], [ -116.972777248697327, 32.507784344075191 ], [ -116.972777248697327, 32.508053838660423 ], [ -116.973585732453031, 32.508053838660423 ], [ -116.973585732453031, 32.508323333245663 ], [ -116.972507754112087, 32.508323333245663 ], [ -116.972507754112087, 32.508053838660423 ], [ -116.972238259526861, 32.508053838660423 ], [ -116.972238259526861, 32.507784344075191 ], [ -116.971968764941622, 32.507784344075191 ], [ -116.971968764941622, 32.508053838660423 ], [ -116.971699270356382, 32.508053838660423 ], [ -116.971699270356382, 32.507784344075191 ], [ -116.971429775771142, 32.507784344075191 ], [ -116.971429775771142, 32.507514849489951 ], [ -116.971968764941622, 32.507514849489951 ], [ -116.971968764941622, 32.506706365734246 ], [ -116.971699270356382, 32.506706365734246 ], [ -116.971699270356382, 32.506975860319478 ], [ -116.971429775771142, 32.506975860319478 ], [ -116.971429775771142, 32.505628387393301 ], [ -116.970890786600677, 32.505628387393301 ], [ -116.970890786600677, 32.505358892808069 ], [ -116.971429775771142, 32.505358892808069 ], [ -116.971429775771142, 32.504819903637596 ], [ -116.970890786600677, 32.504819903637596 ], [ -116.970890786600677, 32.505089398222829 ], [ -116.970351797430197, 32.505089398222829 ], [ -116.970351797430197, 32.505358892808069 ], [ -116.969273819089267, 32.505358892808069 ], [ -116.969273819089267, 32.505089398222829 ], [ -116.970082302844972, 32.505089398222829 ], [ -116.970082302844972, 32.504550409052356 ], [ -116.969273819089267, 32.504550409052356 ], [ -116.969273819089267, 32.504280914467124 ], [ -116.968734829918787, 32.504280914467124 ], [ -116.968734829918787, 32.504011419881884 ], [ -116.969004324504027, 32.504011419881884 ], [ -116.969004324504027, 32.503741925296652 ], [ -116.968734829918787, 32.503741925296652 ], [ -116.968734829918787, 32.503202936126179 ], [ -116.969004324504027, 32.503202936126179 ], [ -116.969004324504027, 32.502933441540947 ], [ -116.968734829918787, 32.502933441540947 ], [ -116.968734829918787, 32.502394452370474 ], [ -116.969004324504027, 32.502394452370474 ], [ -116.969004324504027, 32.501855463200002 ], [ -116.969812808259732, 32.501855463200002 ], [ -116.969812808259732, 32.502124957785234 ], [ -116.970351797430197, 32.502124957785234 ], [ -116.970351797430197, 32.502394452370474 ], [ -116.970621292015437, 32.502394452370474 ], [ -116.970621292015437, 32.502933441540947 ], [ -116.970890786600677, 32.502933441540947 ], [ -116.970890786600677, 32.502663946955707 ], [ -116.971429775771142, 32.502663946955707 ], [ -116.971429775771142, 32.502933441540947 ], [ -116.971968764941622, 32.502933441540947 ], [ -116.971968764941622, 32.502394452370474 ], [ -116.971429775771142, 32.502394452370474 ], [ -116.971429775771142, 32.502124957785234 ], [ -116.971699270356382, 32.502124957785234 ], [ -116.971699270356382, 32.501855463200002 ], [ -116.972238259526861, 32.501855463200002 ], [ -116.972238259526861, 32.502663946955707 ], [ -116.972507754112087, 32.502663946955707 ], [ -116.972507754112087, 32.502933441540947 ], [ -116.972777248697327, 32.502933441540947 ], [ -116.972777248697327, 32.503202936126179 ], [ -116.973316237867792, 32.503202936126179 ], [ -116.973316237867792, 32.503741925296652 ], [ -116.973585732453031, 32.503741925296652 ], [ -116.973585732453031, 32.504011419881884 ], [ -116.973855227038271, 32.504011419881884 ], [ -116.973855227038271, 32.504280914467124 ], [ -116.974124721623511, 32.504280914467124 ], [ -116.974124721623511, 32.504550409052356 ], [ -116.974394216208736, 32.504550409052356 ], [ -116.974394216208736, 32.504819903637596 ], [ -116.974124721623511, 32.504819903637596 ], [ -116.974124721623511, 32.505089398222829 ], [ -116.974394216208736, 32.505089398222829 ], [ -116.974394216208736, 32.505628387393301 ], [ -116.974124721623511, 32.505628387393301 ], [ -116.974124721623511, 32.506167376563774 ], [ -116.974394216208736, 32.506167376563774 ], [ -116.974394216208736, 32.506436871149013 ], [ -116.974933205379216, 32.506436871149013 ], [ -116.974933205379216, 32.505897881978541 ], [ -116.975202699964456, 32.505897881978541 ], [ -116.975202699964456, 32.506167376563774 ], [ -116.975472194549681, 32.506167376563774 ], [ -116.975472194549681, 32.505897881978541 ], [ -116.975741689134921, 32.505897881978541 ], [ -116.975741689134921, 32.506436871149013 ], [ -116.976550172890626, 32.506436871149013 ], [ -116.976550172890626, 32.506167376563774 ], [ -116.976819667475866, 32.506167376563774 ], [ -116.976819667475866, 32.506436871149013 ], [ -116.977089162061105, 32.506436871149013 ], [ -116.977089162061105, 32.505897881978541 ], [ -116.976550172890626, 32.505897881978541 ], [ -116.976550172890626, 32.505628387393301 ], [ -116.976819667475866, 32.505628387393301 ], [ -116.976819667475866, 32.505358892808069 ], [ -116.977358656646331, 32.505358892808069 ], [ -116.977358656646331, 32.505628387393301 ], [ -116.977628151231571, 32.505628387393301 ], [ -116.977628151231571, 32.504819903637596 ], [ -116.976819667475866, 32.504819903637596 ], [ -116.976819667475866, 32.504280914467124 ], [ -116.975741689134921, 32.504280914467124 ], [ -116.975741689134921, 32.504011419881884 ], [ -116.976011183720161, 32.504011419881884 ], [ -116.976011183720161, 32.503472430711419 ], [ -116.976550172890626, 32.503472430711419 ], [ -116.976550172890626, 32.503202936126179 ], [ -116.976011183720161, 32.503202936126179 ], [ -116.976011183720161, 32.502933441540947 ], [ -116.975472194549681, 32.502933441540947 ], [ -116.975472194549681, 32.502124957785234 ], [ -116.975741689134921, 32.502124957785234 ], [ -116.975741689134921, 32.501855463200002 ], [ -116.976011183720161, 32.501855463200002 ], [ -116.976011183720161, 32.50104697944429 ], [ -116.976550172890626, 32.50104697944429 ], [ -116.976550172890626, 32.50131647402953 ], [ -116.977089162061105, 32.50131647402953 ], [ -116.977089162061105, 32.501585968614762 ], [ -116.977358656646331, 32.501585968614762 ], [ -116.977358656646331, 32.50104697944429 ], [ -116.97951461332822, 32.50104697944429 ], [ -116.97951461332822, 32.50131647402953 ], [ -116.97924511874298, 32.50131647402953 ], [ -116.97924511874298, 32.501855463200002 ], [ -116.97951461332822, 32.501855463200002 ], [ -116.97951461332822, 32.502124957785234 ], [ -116.980323097083925, 32.502124957785234 ], [ -116.980323097083925, 32.501585968614762 ], [ -116.980592591669165, 32.501585968614762 ], [ -116.980592591669165, 32.501855463200002 ], [ -116.981131580839644, 32.501855463200002 ], [ -116.981131580839644, 32.502394452370474 ], [ -116.980862086254405, 32.502394452370474 ], [ -116.980862086254405, 32.502933441540947 ], [ -116.980323097083925, 32.502933441540947 ], [ -116.980323097083925, 32.503472430711419 ], [ -116.981940064595349, 32.503472430711419 ], [ -116.981940064595349, 32.504011419881884 ], [ -116.982209559180575, 32.504011419881884 ], [ -116.982209559180575, 32.504280914467124 ], [ -116.982748548351054, 32.504280914467124 ], [ -116.982748548351054, 32.504011419881884 ], [ -116.983557032106759, 32.504011419881884 ], [ -116.983557032106759, 32.503472430711419 ], [ -116.983826526691999, 32.503472430711419 ], [ -116.983826526691999, 32.504011419881884 ], [ -116.984096021277239, 32.504011419881884 ], [ -116.984096021277239, 32.503741925296652 ], [ -116.984365515862464, 32.503741925296652 ], [ -116.984365515862464, 32.504819903637596 ], [ -116.984635010447704, 32.504819903637596 ], [ -116.984635010447704, 32.505089398222829 ], [ -116.984096021277239, 32.505089398222829 ], [ -116.984096021277239, 32.504819903637596 ], [ -116.983826526691999, 32.504819903637596 ], [ -116.983826526691999, 32.506167376563774 ], [ -116.983018042936294, 32.506167376563774 ], [ -116.983018042936294, 32.506706365734246 ], [ -116.982209559180575, 32.506706365734246 ], [ -116.982209559180575, 32.506436871149013 ], [ -116.98140107542487, 32.506436871149013 ], [ -116.98140107542487, 32.506706365734246 ], [ -116.980862086254405, 32.506706365734246 ], [ -116.980862086254405, 32.506167376563774 ], [ -116.980592591669165, 32.506167376563774 ], [ -116.980592591669165, 32.505628387393301 ], [ -116.980323097083925, 32.505628387393301 ], [ -116.980323097083925, 32.505358892808069 ], [ -116.9800536024987, 32.505358892808069 ], [ -116.9800536024987, 32.505089398222829 ], [ -116.97951461332822, 32.505089398222829 ], [ -116.97951461332822, 32.504819903637596 ], [ -116.97924511874298, 32.504819903637596 ], [ -116.97924511874298, 32.505089398222829 ], [ -116.978706129572515, 32.505089398222829 ], [ -116.978706129572515, 32.505897881978541 ], [ -116.978975624157755, 32.505897881978541 ], [ -116.978975624157755, 32.506436871149013 ], [ -116.97924511874298, 32.506436871149013 ], [ -116.97924511874298, 32.507784344075191 ], [ -116.978706129572515, 32.507784344075191 ], [ -116.978706129572515, 32.508323333245663 ], [ -116.978436634987276, 32.508323333245663 ], [ -116.978436634987276, 32.509401311586608 ] ], [ [ -116.97789764581681, 32.508323333245663 ], [ -116.97789764581681, 32.508053838660423 ], [ -116.977358656646331, 32.508053838660423 ], [ -116.977358656646331, 32.508323333245663 ], [ -116.97789764581681, 32.508323333245663 ] ], [ [ -116.976819667475866, 32.508053838660423 ], [ -116.976819667475866, 32.507784344075191 ], [ -116.976550172890626, 32.507784344075191 ], [ -116.976550172890626, 32.508053838660423 ], [ -116.976819667475866, 32.508053838660423 ] ], [ [ -116.978706129572515, 32.507514849489951 ], [ -116.978706129572515, 32.506975860319478 ], [ -116.978975624157755, 32.506975860319478 ], [ -116.978975624157755, 32.506706365734246 ], [ -116.977358656646331, 32.506706365734246 ], [ -116.977358656646331, 32.507245354904718 ], [ -116.977628151231571, 32.507245354904718 ], [ -116.977628151231571, 32.507514849489951 ], [ -116.978706129572515, 32.507514849489951 ] ], [ [ -116.976819667475866, 32.507514849489951 ], [ -116.976819667475866, 32.506975860319478 ], [ -116.976011183720161, 32.506975860319478 ], [ -116.976011183720161, 32.507514849489951 ], [ -116.976819667475866, 32.507514849489951 ] ], [ [ -116.972507754112087, 32.506975860319478 ], [ -116.972507754112087, 32.506706365734246 ], [ -116.972238259526861, 32.506706365734246 ], [ -116.972238259526861, 32.506975860319478 ], [ -116.972507754112087, 32.506975860319478 ] ], [ [ -116.982479053765815, 32.506436871149013 ], [ -116.982479053765815, 32.506167376563774 ], [ -116.982209559180575, 32.506167376563774 ], [ -116.982209559180575, 32.506436871149013 ], [ -116.982479053765815, 32.506436871149013 ] ], [ [ -116.973316237867792, 32.506436871149013 ], [ -116.973316237867792, 32.506167376563774 ], [ -116.972777248697327, 32.506167376563774 ], [ -116.972777248697327, 32.506436871149013 ], [ -116.973316237867792, 32.506436871149013 ] ], [ [ -116.978436634987276, 32.506167376563774 ], [ -116.978436634987276, 32.505897881978541 ], [ -116.977628151231571, 32.505897881978541 ], [ -116.977628151231571, 32.506167376563774 ], [ -116.978436634987276, 32.506167376563774 ] ], [ [ -116.973855227038271, 32.506167376563774 ], [ -116.973855227038271, 32.505897881978541 ], [ -116.973585732453031, 32.505897881978541 ], [ -116.973585732453031, 32.506167376563774 ], [ -116.973855227038271, 32.506167376563774 ] ], [ [ -116.982209559180575, 32.505897881978541 ], [ -116.982209559180575, 32.505358892808069 ], [ -116.981940064595349, 32.505358892808069 ], [ -116.981940064595349, 32.505897881978541 ], [ -116.982209559180575, 32.505897881978541 ] ], [ [ -116.972507754112087, 32.505897881978541 ], [ -116.972507754112087, 32.505358892808069 ], [ -116.971968764941622, 32.505358892808069 ], [ -116.971968764941622, 32.505089398222829 ], [ -116.971699270356382, 32.505089398222829 ], [ -116.971699270356382, 32.505628387393301 ], [ -116.972238259526861, 32.505628387393301 ], [ -116.972238259526861, 32.505897881978541 ], [ -116.972507754112087, 32.505897881978541 ] ], [ [ -116.981131580839644, 32.505628387393301 ], [ -116.981131580839644, 32.505089398222829 ], [ -116.980862086254405, 32.505089398222829 ], [ -116.980862086254405, 32.505358892808069 ], [ -116.980592591669165, 32.505358892808069 ], [ -116.980592591669165, 32.505628387393301 ], [ -116.981131580839644, 32.505628387393301 ] ], [ [ -116.973585732453031, 32.505628387393301 ], [ -116.973585732453031, 32.505358892808069 ], [ -116.972777248697327, 32.505358892808069 ], [ -116.972777248697327, 32.505628387393301 ], [ -116.973585732453031, 32.505628387393301 ] ], [ [ -116.983557032106759, 32.505358892808069 ], [ -116.983557032106759, 32.505089398222829 ], [ -116.982748548351054, 32.505089398222829 ], [ -116.982748548351054, 32.504819903637596 ], [ -116.982479053765815, 32.504819903637596 ], [ -116.982479053765815, 32.504550409052356 ], [ -116.981940064595349, 32.504550409052356 ], [ -116.981940064595349, 32.504280914467124 ], [ -116.981131580839644, 32.504280914467124 ], [ -116.981131580839644, 32.504819903637596 ], [ -116.982209559180575, 32.504819903637596 ], [ -116.982209559180575, 32.505358892808069 ], [ -116.983557032106759, 32.505358892808069 ] ], [ [ -116.983557032106759, 32.504819903637596 ], [ -116.983557032106759, 32.504280914467124 ], [ -116.983018042936294, 32.504280914467124 ], [ -116.983018042936294, 32.504819903637596 ], [ -116.983557032106759, 32.504819903637596 ] ], [ [ -116.973855227038271, 32.504819903637596 ], [ -116.973855227038271, 32.504550409052356 ], [ -116.973585732453031, 32.504550409052356 ], [ -116.973585732453031, 32.504819903637596 ], [ -116.973855227038271, 32.504819903637596 ] ], [ [ -116.980323097083925, 32.504550409052356 ], [ -116.980323097083925, 32.504280914467124 ], [ -116.9800536024987, 32.504280914467124 ], [ -116.9800536024987, 32.504011419881884 ], [ -116.97951461332822, 32.504011419881884 ], [ -116.97951461332822, 32.503741925296652 ], [ -116.97924511874298, 32.503741925296652 ], [ -116.97924511874298, 32.504011419881884 ], [ -116.978706129572515, 32.504011419881884 ], [ -116.978706129572515, 32.504550409052356 ], [ -116.97924511874298, 32.504550409052356 ], [ -116.97924511874298, 32.504280914467124 ], [ -116.97951461332822, 32.504280914467124 ], [ -116.97951461332822, 32.504550409052356 ], [ -116.980323097083925, 32.504550409052356 ] ], [ [ -116.973316237867792, 32.504550409052356 ], [ -116.973316237867792, 32.504280914467124 ], [ -116.972777248697327, 32.504280914467124 ], [ -116.972777248697327, 32.504550409052356 ], [ -116.973316237867792, 32.504550409052356 ] ], [ [ -116.980862086254405, 32.504280914467124 ], [ -116.980862086254405, 32.503741925296652 ], [ -116.980323097083925, 32.503741925296652 ], [ -116.980323097083925, 32.504280914467124 ], [ -116.980862086254405, 32.504280914467124 ] ], [ [ -116.972238259526861, 32.504280914467124 ], [ -116.972238259526861, 32.504011419881884 ], [ -116.971968764941622, 32.504011419881884 ], [ -116.971968764941622, 32.504280914467124 ], [ -116.972238259526861, 32.504280914467124 ] ], [ [ -116.977628151231571, 32.504011419881884 ], [ -116.977628151231571, 32.503472430711419 ], [ -116.977358656646331, 32.503472430711419 ], [ -116.977358656646331, 32.503741925296652 ], [ -116.977089162061105, 32.503741925296652 ], [ -116.977089162061105, 32.504011419881884 ], [ -116.977628151231571, 32.504011419881884 ] ], [ [ -116.9800536024987, 32.503741925296652 ], [ -116.9800536024987, 32.503472430711419 ], [ -116.97951461332822, 32.503472430711419 ], [ -116.97951461332822, 32.503741925296652 ], [ -116.9800536024987, 32.503741925296652 ] ], [ [ -116.978706129572515, 32.502933441540947 ], [ -116.978706129572515, 32.502663946955707 ], [ -116.978436634987276, 32.502663946955707 ], [ -116.978436634987276, 32.502933441540947 ], [ -116.978706129572515, 32.502933441540947 ] ], [ [ -116.97789764581681, 32.502933441540947 ], [ -116.97789764581681, 32.502663946955707 ], [ -116.977358656646331, 32.502663946955707 ], [ -116.977358656646331, 32.502933441540947 ], [ -116.97789764581681, 32.502933441540947 ] ], [ [ -116.977089162061105, 32.502933441540947 ], [ -116.977089162061105, 32.502663946955707 ], [ -116.976819667475866, 32.502663946955707 ], [ -116.976819667475866, 32.502394452370474 ], [ -116.976550172890626, 32.502394452370474 ], [ -116.976550172890626, 32.502933441540947 ], [ -116.977089162061105, 32.502933441540947 ] ], [ [ -116.978436634987276, 32.502663946955707 ], [ -116.978436634987276, 32.502124957785234 ], [ -116.97789764581681, 32.502124957785234 ], [ -116.97789764581681, 32.502663946955707 ], [ -116.978436634987276, 32.502663946955707 ] ], [ [ -116.97924511874298, 32.502124957785234 ], [ -116.97924511874298, 32.501855463200002 ], [ -116.978706129572515, 32.501855463200002 ], [ -116.978706129572515, 32.502124957785234 ], [ -116.97924511874298, 32.502124957785234 ] ] ] ] } },
{ "type": "Feature", "properties": { "ZONA_MET": "Tijuana", "INTENSIDAD": "Intensa", "T_PROM_POL": 3.0, "T_MIN_CIUD": 1.0, "DIF_TERMIC": 2.0 }, "geometry": { "type": "MultiPolygon", "coordinates": [ [ [ [ -116.931275082571005, 32.505089398222829 ], [ -116.93073609340054, 32.505089398222829 ], [ -116.93073609340054, 32.504011419881884 ], [ -116.9304665988153, 32.504011419881884 ], [ -116.9304665988153, 32.503741925296652 ], [ -116.93073609340054, 32.503741925296652 ], [ -116.93073609340054, 32.503202936126179 ], [ -116.9304665988153, 32.503202936126179 ], [ -116.9304665988153, 32.501585968614762 ], [ -116.929658115059596, 32.501585968614762 ], [ -116.929658115059596, 32.50104697944429 ], [ -116.929388620474356, 32.50104697944429 ], [ -116.929388620474356, 32.500777484859057 ], [ -116.929927609644821, 32.500777484859057 ], [ -116.929927609644821, 32.500507990273825 ], [ -116.930197104230061, 32.500507990273825 ], [ -116.930197104230061, 32.50104697944429 ], [ -116.929927609644821, 32.50104697944429 ], [ -116.929927609644821, 32.50131647402953 ], [ -116.93073609340054, 32.50131647402953 ], [ -116.93073609340054, 32.502663946955707 ], [ -116.931005587985766, 32.502663946955707 ], [ -116.931005587985766, 32.503741925296652 ], [ -116.931275082571005, 32.503741925296652 ], [ -116.931275082571005, 32.505089398222829 ] ] ] ] } },
{ "type": "Feature", "properties": { "ZONA_MET": "Tijuana", "INTENSIDAD": "Intensa", "T_PROM_POL": 3.0, "T_MIN_CIUD": 1.0, "DIF_TERMIC": 2.0 }, "geometry": { "type": "MultiPolygon", "coordinates": [ [ [ [ -116.873064252160063, 32.501585968614762 ], [ -116.871986273819118, 32.501585968614762 ], [ -116.871986273819118, 32.50131647402953 ], [ -116.871716779233878, 32.50131647402953 ], [ -116.871716779233878, 32.500507990273825 ], [ -116.871986273819118, 32.500507990273825 ], [ -116.871986273819118, 32.499969001103352 ], [ -116.873064252160063, 32.499969001103352 ], [ -116.873064252160063, 32.500507990273825 ], [ -116.873333746745303, 32.500507990273825 ], [ -116.873333746745303, 32.50131647402953 ], [ -116.873064252160063, 32.50131647402953 ], [ -116.873064252160063, 32.501585968614762 ] ], [ [ -116.873064252160063, 32.500777484859057 ], [ -116.873064252160063, 32.500507990273825 ], [ -116.872794757574823, 32.500507990273825 ], [ -116.872794757574823, 32.500777484859057 ], [ -116.873064252160063, 32.500777484859057 ] ] ] ] } },
{ "type": "Feature", "properties": { "ZONA_MET": "Tijuana", "INTENSIDAD": "Intensa", "T_PROM_POL": 3.0, "T_MIN_CIUD": 1.0, "DIF_TERMIC": 2.0 }, "geometry": { "type": "MultiPolygon", "coordinates": [ [ [ [ -116.973855227038271, 32.500777484859057 ], [ -116.973585732453031, 32.500777484859057 ], [ -116.973585732453031, 32.500507990273825 ], [ -116.972777248697327, 32.500507990273825 ], [ -116.972777248697327, 32.500238495688585 ], [ -116.972507754112087, 32.500238495688585 ], [ -116.972507754112087, 32.499969001103352 ], [ -116.972238259526861, 32.499969001103352 ], [ -116.972238259526861, 32.49943001193288 ], [ -116.972507754112087, 32.49943001193288 ], [ -116.972507754112087, 32.49916051734764 ], [ -116.973316237867792, 32.49916051734764 ], [ -116.973316237867792, 32.49943001193288 ], [ -116.973585732453031, 32.49943001193288 ], [ -116.973585732453031, 32.49916051734764 ], [ -116.973855227038271, 32.49916051734764 ], [ -116.973855227038271, 32.49943001193288 ], [ -116.974124721623511, 32.49943001193288 ], [ -116.974124721623511, 32.500507990273825 ], [ -116.973855227038271, 32.500507990273825 ], [ -116.973855227038271, 32.500777484859057 ] ], [ [ -116.973316237867792, 32.499969001103352 ], [ -116.973316237867792, 32.499699506518112 ], [ -116.972777248697327, 32.499699506518112 ], [ -116.972777248697327, 32.499969001103352 ], [ -116.973316237867792, 32.499969001103352 ] ] ] ] } },
{ "type": "Feature", "properties": { "ZONA_MET": "Tijuana", "INTENSIDAD": "Intensa", "T_PROM_POL": 3.0, "T_MIN_CIUD": 1.0, "DIF_TERMIC": 2.0 }, "geometry": { "type": "MultiPolygon", "coordinates": [ [ [ [ -116.904864613217896, 32.500507990273825 ], [ -116.904056129462191, 32.500507990273825 ], [ -116.904056129462191, 32.499969001103352 ], [ -116.902978151121246, 32.499969001103352 ], [ -116.902978151121246, 32.49916051734764 ], [ -116.903247645706472, 32.49916051734764 ], [ -116.903247645706472, 32.499699506518112 ], [ -116.904595118632656, 32.499699506518112 ], [ -116.904595118632656, 32.499969001103352 ], [ -116.904864613217896, 32.499969001103352 ], [ -116.904864613217896, 32.500507990273825 ] ] ] ] } },
{ "type": "Feature", "properties": { "ZONA_MET": "Tijuana", "INTENSIDAD": "Extrema", "T_PROM_POL": 3.0, "T_MIN_CIUD": 1.0, "DIF_TERMIC": 2.0 }, "geometry": { "type": "MultiPolygon", "coordinates": [ [ [ [ -116.963883927384543, 32.501855463200002 ], [ -116.963075443628838, 32.501855463200002 ], [ -116.963075443628838, 32.50131647402953 ], [ -116.961727970702654, 32.50131647402953 ], [ -116.961727970702654, 32.50104697944429 ], [ -116.961458476117414, 32.50104697944429 ], [ -116.961458476117414, 32.500777484859057 ], [ -116.960380497776484, 32.500777484859057 ], [ -116.960380497776484, 32.500238495688585 ], [ -116.960111003191244, 32.500238495688585 ], [ -116.960111003191244, 32.500507990273825 ], [ -116.959572014020765, 32.500507990273825 ], [ -116.959572014020765, 32.500238495688585 ], [ -116.959302519435539, 32.500238495688585 ], [ -116.959302519435539, 32.49943001193288 ], [ -116.959572014020765, 32.49943001193288 ], [ -116.959572014020765, 32.49916051734764 ], [ -116.960111003191244, 32.49916051734764 ], [ -116.960111003191244, 32.498891022762407 ], [ -116.960380497776484, 32.498891022762407 ], [ -116.960380497776484, 32.49916051734764 ], [ -116.960649992361709, 32.49916051734764 ], [ -116.960649992361709, 32.49943001193288 ], [ -116.960380497776484, 32.49943001193288 ], [ -116.960380497776484, 32.499969001103352 ], [ -116.960649992361709, 32.499969001103352 ], [ -116.960649992361709, 32.499699506518112 ], [ -116.961188981532189, 32.499699506518112 ], [ -116.961188981532189, 32.499969001103352 ], [ -116.961458476117414, 32.499969001103352 ], [ -116.961458476117414, 32.49943001193288 ], [ -116.961727970702654, 32.49943001193288 ], [ -116.961727970702654, 32.499699506518112 ], [ -116.963344938214078, 32.499699506518112 ], [ -116.963344938214078, 32.499969001103352 ], [ -116.963883927384543, 32.499969001103352 ], [ -116.963883927384543, 32.500238495688585 ], [ -116.964153421969783, 32.500238495688585 ], [ -116.964153421969783, 32.499969001103352 ], [ -116.964692411140248, 32.499969001103352 ], [ -116.964692411140248, 32.50131647402953 ], [ -116.964153421969783, 32.50131647402953 ], [ -116.964153421969783, 32.501585968614762 ], [ -116.963883927384543, 32.501585968614762 ], [ -116.963883927384543, 32.501855463200002 ] ], [ [ -116.964153421969783, 32.50104697944429 ], [ -116.964153421969783, 32.500777484859057 ], [ -116.963614432799304, 32.500777484859057 ], [ -116.963614432799304, 32.50104697944429 ], [ -116.964153421969783, 32.50104697944429 ] ], [ [ -116.963614432799304, 32.500777484859057 ], [ -116.963614432799304, 32.500507990273825 ], [ -116.963344938214078, 32.500507990273825 ], [ -116.963344938214078, 32.500777484859057 ], [ -116.963614432799304, 32.500777484859057 ] ] ] ] } },
{ "type": "Feature", "properties": { "ZONA_MET": "Tijuana", "INTENSIDAD": "Intensa", "T_PROM_POL": 3.0, "T_MIN_CIUD": 1.0, "DIF_TERMIC": 2.0 }, "geometry": { "type": "MultiPolygon", "coordinates": [ [ [ [ -116.923998728769632, 32.499969001103352 ], [ -116.923729234184407, 32.499969001103352 ], [ -116.923729234184407, 32.498621528177168 ], [ -116.923998728769632, 32.498621528177168 ], [ -116.923998728769632, 32.498891022762407 ], [ -116.924807212525351, 32.498891022762407 ], [ -116.924807212525351, 32.49916051734764 ], [ -116.925076707110577, 32.49916051734764 ], [ -116.925076707110577, 32.49943001193288 ], [ -116.925615696281056, 32.49943001193288 ], [ -116.925615696281056, 32.499699506518112 ], [ -116.923998728769632, 32.499699506518112 ], [ -116.923998728769632, 32.499969001103352 ] ] ] ] } },
{ "type": "Feature", "properties": { "ZONA_MET": "Tijuana", "INTENSIDAD": "Extrema", "T_PROM_POL": 3.0, "T_MIN_CIUD": 1.0, "DIF_TERMIC": 2.0 }, "geometry": { "type": "MultiPolygon", "coordinates": [ [ [ [ -116.920495299161573, 32.50104697944429 ], [ -116.920225804576333, 32.50104697944429 ], [ -116.920225804576333, 32.500777484859057 ], [ -116.919956309991093, 32.500777484859057 ], [ -116.919956309991093, 32.500238495688585 ], [ -116.919686815405868, 32.500238495688585 ], [ -116.919686815405868, 32.499969001103352 ], [ -116.919147826235388, 32.499969001103352 ], [ -116.919147826235388, 32.498352033591935 ], [ -116.919956309991093, 32.498352033591935 ], [ -116.919956309991093, 32.498621528177168 ], [ -116.920225804576333, 32.498621528177168 ], [ -116.920225804576333, 32.49916051734764 ], [ -116.920495299161573, 32.49916051734764 ], [ -116.920495299161573, 32.499699506518112 ], [ -116.920764793746812, 32.499699506518112 ], [ -116.920764793746812, 32.500777484859057 ], [ -116.920495299161573, 32.500777484859057 ], [ -116.920495299161573, 32.50104697944429 ] ] ] ] } },
{ "type": "Feature", "properties": { "ZONA_MET": "Tijuana", "INTENSIDAD": "Intensa", "T_PROM_POL": 3.0, "T_MIN_CIUD": 1.0, "DIF_TERMIC": 2.0 }, "geometry": { "type": "MultiPolygon", "coordinates": [ [ [ [ -116.876567681768122, 32.500238495688585 ], [ -116.875489703427178, 32.500238495688585 ], [ -116.875489703427178, 32.499969001103352 ], [ -116.874950714256713, 32.499969001103352 ], [ -116.874950714256713, 32.499699506518112 ], [ -116.874681219671473, 32.499699506518112 ], [ -116.874681219671473, 32.49943001193288 ], [ -116.874950714256713, 32.49943001193288 ], [ -116.874950714256713, 32.49916051734764 ], [ -116.875220208841952, 32.49916051734764 ], [ -116.875220208841952, 32.498352033591935 ], [ -116.875489703427178, 32.498352033591935 ], [ -116.875489703427178, 32.498621528177168 ], [ -116.875759198012418, 32.498621528177168 ], [ -116.875759198012418, 32.498082539006695 ], [ -116.876028692597657, 32.498082539006695 ], [ -116.876028692597657, 32.498621528177168 ], [ -116.876567681768122, 32.498621528177168 ], [ -116.876567681768122, 32.498891022762407 ], [ -116.876837176353362, 32.498891022762407 ], [ -116.876837176353362, 32.499969001103352 ], [ -116.876567681768122, 32.499969001103352 ], [ -116.876567681768122, 32.500238495688585 ] ], [ [ -116.875759198012418, 32.49943001193288 ], [ -116.875759198012418, 32.49916051734764 ], [ -116.875489703427178, 32.49916051734764 ], [ -116.875489703427178, 32.49943001193288 ], [ -116.875759198012418, 32.49943001193288 ] ] ] ] } },
{ "type": "Feature", "properties": { "ZONA_MET": "Tijuana", "INTENSIDAD": "Intensa", "T_PROM_POL": 3.0, "T_MIN_CIUD": 1.0, "DIF_TERMIC": 2.0 }, "geometry": { "type": "MultiPolygon", "coordinates": [ [ [ [ -116.954721111486521, 32.49943001193288 ], [ -116.953643133145576, 32.49943001193288 ], [ -116.953643133145576, 32.498621528177168 ], [ -116.954182122316055, 32.498621528177168 ], [ -116.954182122316055, 32.498352033591935 ], [ -116.95337363856035, 32.498352033591935 ], [ -116.95337363856035, 32.498082539006695 ], [ -116.954451616901295, 32.498082539006695 ], [ -116.954451616901295, 32.498621528177168 ], [ -116.954721111486521, 32.498621528177168 ], [ -116.954721111486521, 32.498891022762407 ], [ -116.954451616901295, 32.498891022762407 ], [ -116.954451616901295, 32.49916051734764 ], [ -116.954721111486521, 32.49916051734764 ], [ -116.954721111486521, 32.49943001193288 ] ] ] ] } },
{ "type": "Feature", "properties": { "ZONA_MET": "Tijuana", "INTENSIDAD": "Intensa", "T_PROM_POL": 3.0, "T_MIN_CIUD": 1.0, "DIF_TERMIC": 2.0 }, "geometry": { "type": "MultiPolygon", "coordinates": [ [ [ [ -116.891120389370869, 32.50104697944429 ], [ -116.890581400200389, 32.50104697944429 ], [ -116.890581400200389, 32.500777484859057 ], [ -116.89031190561515, 32.500777484859057 ], [ -116.89031190561515, 32.500507990273825 ], [ -116.889772916444684, 32.500507990273825 ], [ -116.889772916444684, 32.500238495688585 ], [ -116.889503421859445, 32.500238495688585 ], [ -116.889503421859445, 32.500507990273825 ], [ -116.889233927274205, 32.500507990273825 ], [ -116.889233927274205, 32.500238495688585 ], [ -116.88869493810374, 32.500238495688585 ], [ -116.88869493810374, 32.499969001103352 ], [ -116.888155948933274, 32.499969001103352 ], [ -116.888155948933274, 32.498352033591935 ], [ -116.887886454348035, 32.498352033591935 ], [ -116.887886454348035, 32.498082539006695 ], [ -116.887616959762795, 32.498082539006695 ], [ -116.887616959762795, 32.497813044421463 ], [ -116.887886454348035, 32.497813044421463 ], [ -116.887886454348035, 32.49754354983623 ], [ -116.88869493810374, 32.49754354983623 ], [ -116.88869493810374, 32.497813044421463 ], [ -116.889503421859445, 32.497813044421463 ], [ -116.889503421859445, 32.498082539006695 ], [ -116.889772916444684, 32.498082539006695 ], [ -116.889772916444684, 32.499699506518112 ], [ -116.89031190561515, 32.499699506518112 ], [ -116.89031190561515, 32.498891022762407 ], [ -116.890581400200389, 32.498891022762407 ], [ -116.890581400200389, 32.498352033591935 ], [ -116.890850894785629, 32.498352033591935 ], [ -116.890850894785629, 32.498082539006695 ], [ -116.891120389370869, 32.498082539006695 ], [ -116.891120389370869, 32.497813044421463 ], [ -116.892198367711813, 32.497813044421463 ], [ -116.892198367711813, 32.498082539006695 ], [ -116.892467862297039, 32.498082539006695 ], [ -116.892467862297039, 32.49916051734764 ], [ -116.892198367711813, 32.49916051734764 ], [ -116.892198367711813, 32.49943001193288 ], [ -116.891389883956094, 32.49943001193288 ], [ -116.891389883956094, 32.499699506518112 ], [ -116.891120389370869, 32.499699506518112 ], [ -116.891120389370869, 32.499969001103352 ], [ -116.890850894785629, 32.499969001103352 ], [ -116.890850894785629, 32.500507990273825 ], [ -116.891120389370869, 32.500507990273825 ], [ -116.891120389370869, 32.500238495688585 ], [ -116.891389883956094, 32.500238495688585 ], [ -116.891389883956094, 32.500777484859057 ], [ -116.891120389370869, 32.500777484859057 ], [ -116.891120389370869, 32.50104697944429 ] ], [ [ -116.89031190561515, 32.500238495688585 ], [ -116.89031190561515, 32.499969001103352 ], [ -116.889772916444684, 32.499969001103352 ], [ -116.889772916444684, 32.500238495688585 ], [ -116.89031190561515, 32.500238495688585 ] ], [ [ -116.888964432688979, 32.499969001103352 ], [ -116.888964432688979, 32.499699506518112 ], [ -116.88869493810374, 32.499699506518112 ], [ -116.88869493810374, 32.499969001103352 ], [ -116.888964432688979, 32.499969001103352 ] ], [ [ -116.890850894785629, 32.499699506518112 ], [ -116.890850894785629, 32.49943001193288 ], [ -116.890581400200389, 32.49943001193288 ], [ -116.890581400200389, 32.499699506518112 ], [ -116.890850894785629, 32.499699506518112 ] ], [ [ -116.889233927274205, 32.49943001193288 ], [ -116.889233927274205, 32.498891022762407 ], [ -116.888964432688979, 32.498891022762407 ], [ -116.888964432688979, 32.49916051734764 ], [ -116.88869493810374, 32.49916051734764 ], [ -116.88869493810374, 32.49943001193288 ], [ -116.889233927274205, 32.49943001193288 ] ] ] ] } },
{ "type": "Feature", "properties": { "ZONA_MET": "Tijuana", "INTENSIDAD": "Intensa", "T_PROM_POL": 3.0, "T_MIN_CIUD": 1.0, "DIF_TERMIC": 2.0 }, "geometry": { "type": "MultiPolygon", "coordinates": [ [ [ [ -116.874142230501008, 32.498621528177168 ], [ -116.873333746745303, 32.498621528177168 ], [ -116.873333746745303, 32.497813044421463 ], [ -116.873603241330528, 32.497813044421463 ], [ -116.873603241330528, 32.49754354983623 ], [ -116.873872735915768, 32.49754354983623 ], [ -116.873872735915768, 32.497813044421463 ], [ -116.874681219671473, 32.497813044421463 ], [ -116.874681219671473, 32.498352033591935 ], [ -116.874142230501008, 32.498352033591935 ], [ -116.874142230501008, 32.498621528177168 ] ] ] ] } },
{ "type": "Feature", "properties": { "ZONA_MET": "Tijuana", "INTENSIDAD": "Intensa", "T_PROM_POL": 3.0, "T_MIN_CIUD": 1.0, "DIF_TERMIC": 2.0 }, "geometry": { "type": "MultiPolygon", "coordinates": [ [ [ [ -116.921034288332038, 32.501585968614762 ], [ -116.920225804576333, 32.501585968614762 ], [ -116.920225804576333, 32.50131647402953 ], [ -116.919956309991093, 32.50131647402953 ], [ -116.919956309991093, 32.50104697944429 ], [ -116.919686815405868, 32.50104697944429 ], [ -116.919686815405868, 32.500777484859057 ], [ -116.919147826235388, 32.500777484859057 ], [ -116.919147826235388, 32.500507990273825 ], [ -116.918878331650163, 32.500507990273825 ], [ -116.918878331650163, 32.49943001193288 ], [ -116.918608837064923, 32.49943001193288 ], [ -116.918608837064923, 32.498621528177168 ], [ -116.918339342479683, 32.498621528177168 ], [ -116.918339342479683, 32.498082539006695 ], [ -116.918608837064923, 32.498082539006695 ], [ -116.918608837064923, 32.497813044421463 ], [ -116.918878331650163, 32.497813044421463 ], [ -116.918878331650163, 32.49754354983623 ], [ -116.919147826235388, 32.49754354983623 ], [ -116.919147826235388, 32.49727405525099 ], [ -116.919956309991093, 32.49727405525099 ], [ -116.919956309991093, 32.497813044421463 ], [ -116.920225804576333, 32.497813044421463 ], [ -116.920225804576333, 32.498621528177168 ], [ -116.919956309991093, 32.498621528177168 ], [ -116.919956309991093, 32.498352033591935 ], [ -116.919147826235388, 32.498352033591935 ], [ -116.919147826235388, 32.499969001103352 ], [ -116.919686815405868, 32.499969001103352 ], [ -116.919686815405868, 32.500238495688585 ], [ -116.919956309991093, 32.500238495688585 ], [ -116.919956309991093, 32.500777484859057 ], [ -116.920225804576333, 32.500777484859057 ], [ -116.920225804576333, 32.50104697944429 ], [ -116.920495299161573, 32.50104697944429 ], [ -116.920495299161573, 32.500777484859057 ], [ -116.920764793746812, 32.500777484859057 ], [ -116.920764793746812, 32.500238495688585 ], [ -116.921034288332038, 32.500238495688585 ], [ -116.921034288332038, 32.501585968614762 ] ] ] ] } },
{ "type": "Feature", "properties": { "ZONA_MET": "Tijuana", "INTENSIDAD": "Intensa", "T_PROM_POL": 3.0, "T_MIN_CIUD": 1.0, "DIF_TERMIC": 2.0 }, "geometry": { "type": "MultiPolygon", "coordinates": [ [ [ [ -116.928849631303876, 32.498621528177168 ], [ -116.928310642133411, 32.498621528177168 ], [ -116.928310642133411, 32.498352033591935 ], [ -116.927771652962946, 32.498352033591935 ], [ -116.927771652962946, 32.498082539006695 ], [ -116.927502158377706, 32.498082539006695 ], [ -116.927502158377706, 32.49727405525099 ], [ -116.928310642133411, 32.49727405525099 ], [ -116.928310642133411, 32.49754354983623 ], [ -116.928580136718651, 32.49754354983623 ], [ -116.928580136718651, 32.497813044421463 ], [ -116.928849631303876, 32.497813044421463 ], [ -116.928849631303876, 32.498082539006695 ], [ -116.929119125889116, 32.498082539006695 ], [ -116.929119125889116, 32.498352033591935 ], [ -116.928849631303876, 32.498352033591935 ], [ -116.928849631303876, 32.498621528177168 ] ] ] ] } },
{ "type": "Feature", "properties": { "ZONA_MET": "Tijuana", "INTENSIDAD": "Extrema", "T_PROM_POL": 3.0, "T_MIN_CIUD": 1.0, "DIF_TERMIC": 2.0 }, "geometry": { "type": "MultiPolygon", "coordinates": [ [ [ [ -116.906751075314546, 32.498621528177168 ], [ -116.906481580729306, 32.498621528177168 ], [ -116.906481580729306, 32.498352033591935 ], [ -116.906212086144066, 32.498352033591935 ], [ -116.906212086144066, 32.49727405525099 ], [ -116.906481580729306, 32.49727405525099 ], [ -116.906481580729306, 32.49754354983623 ], [ -116.907559559070251, 32.49754354983623 ], [ -116.907559559070251, 32.498082539006695 ], [ -116.907020569899785, 32.498082539006695 ], [ -116.907020569899785, 32.498352033591935 ], [ -116.906751075314546, 32.498352033591935 ], [ -116.906751075314546, 32.498621528177168 ] ] ] ] } },
{ "type": "Feature", "properties": { "ZONA_MET": "Tijuana", "INTENSIDAD": "Intensa", "T_PROM_POL": 3.0, "T_MIN_CIUD": 1.0, "DIF_TERMIC": 2.0 }, "geometry": { "type": "MultiPolygon", "coordinates": [ [ [ [ -116.901630678195062, 32.498352033591935 ], [ -116.900822194439357, 32.498352033591935 ], [ -116.900822194439357, 32.498082539006695 ], [ -116.900283205268877, 32.498082539006695 ], [ -116.900283205268877, 32.497813044421463 ], [ -116.900013710683652, 32.497813044421463 ], [ -116.900013710683652, 32.49727405525099 ], [ -116.900283205268877, 32.49727405525099 ], [ -116.900283205268877, 32.49754354983623 ], [ -116.901900172780302, 32.49754354983623 ], [ -116.901900172780302, 32.497813044421463 ], [ -116.901630678195062, 32.497813044421463 ], [ -116.901630678195062, 32.498352033591935 ] ] ] ] } },
{ "type": "Feature", "properties": { "ZONA_MET": "Tijuana", "INTENSIDAD": "Intensa", "T_PROM_POL": 3.0, "T_MIN_CIUD": 1.0, "DIF_TERMIC": 2.0 }, "geometry": { "type": "MultiPolygon", "coordinates": [ [ [ [ -116.864709920017745, 32.49754354983623 ], [ -116.8636319416768, 32.49754354983623 ], [ -116.8636319416768, 32.496735066080518 ], [ -116.864979414602985, 32.496735066080518 ], [ -116.864979414602985, 32.49727405525099 ], [ -116.864709920017745, 32.49727405525099 ], [ -116.864709920017745, 32.49754354983623 ] ] ] ] } },
{ "type": "Feature", "properties": { "ZONA_MET": "Tijuana", "INTENSIDAD": "Intensa", "T_PROM_POL": 3.0, "T_MIN_CIUD": 1.0, "DIF_TERMIC": 2.0 }, "geometry": { "type": "MultiPolygon", "coordinates": [ [ [ [ -116.926963169207227, 32.49916051734764 ], [ -116.925885190866282, 32.49916051734764 ], [ -116.925885190866282, 32.49727405525099 ], [ -116.925615696281056, 32.49727405525099 ], [ -116.925615696281056, 32.496465571495285 ], [ -116.926424180036761, 32.496465571495285 ], [ -116.926424180036761, 32.495926582324813 ], [ -116.926963169207227, 32.495926582324813 ], [ -116.926963169207227, 32.496196076910046 ], [ -116.927232663792466, 32.496196076910046 ], [ -116.927232663792466, 32.496465571495285 ], [ -116.926963169207227, 32.496465571495285 ], [ -116.926963169207227, 32.496735066080518 ], [ -116.926693674622001, 32.496735066080518 ], [ -116.926693674622001, 32.49754354983623 ], [ -116.926154685451522, 32.49754354983623 ], [ -116.926154685451522, 32.498891022762407 ], [ -116.926963169207227, 32.498891022762407 ], [ -116.926963169207227, 32.49916051734764 ] ] ] ] } },
{ "type": "Feature", "properties": { "ZONA_MET": "Tijuana", "INTENSIDAD": "Extrema", "T_PROM_POL": 3.0, "T_MIN_CIUD": 1.0, "DIF_TERMIC": 2.0 }, "geometry": { "type": "MultiPolygon", "coordinates": [ [ [ [ -116.95849403567982, 32.49916051734764 ], [ -116.957955046509355, 32.49916051734764 ], [ -116.957955046509355, 32.498082539006695 ], [ -116.957685551924115, 32.498082539006695 ], [ -116.957685551924115, 32.497813044421463 ], [ -116.95714656275365, 32.497813044421463 ], [ -116.95714656275365, 32.49727405525099 ], [ -116.957685551924115, 32.49727405525099 ], [ -116.957685551924115, 32.497004560665758 ], [ -116.957955046509355, 32.497004560665758 ], [ -116.957955046509355, 32.496735066080518 ], [ -116.95714656275365, 32.496735066080518 ], [ -116.95714656275365, 32.496465571495285 ], [ -116.957685551924115, 32.496465571495285 ], [ -116.957685551924115, 32.496196076910046 ], [ -116.957955046509355, 32.496196076910046 ], [ -116.957955046509355, 32.495657087739573 ], [ -116.95849403567982, 32.495657087739573 ], [ -116.95849403567982, 32.495387593154341 ], [ -116.95876353026506, 32.495387593154341 ], [ -116.95876353026506, 32.495657087739573 ], [ -116.959302519435539, 32.495657087739573 ], [ -116.959302519435539, 32.495926582324813 ], [ -116.959572014020765, 32.495926582324813 ], [ -116.959572014020765, 32.496196076910046 ], [ -116.960111003191244, 32.496196076910046 ], [ -116.960111003191244, 32.496735066080518 ], [ -116.960380497776484, 32.496735066080518 ], [ -116.960380497776484, 32.497004560665758 ], [ -116.960111003191244, 32.497004560665758 ], [ -116.960111003191244, 32.49727405525099 ], [ -116.959841508606004, 32.49727405525099 ], [ -116.959841508606004, 32.497813044421463 ], [ -116.959572014020765, 32.497813044421463 ], [ -116.959572014020765, 32.498082539006695 ], [ -116.959302519435539, 32.498082539006695 ], [ -116.959302519435539, 32.498352033591935 ], [ -116.95876353026506, 32.498352033591935 ], [ -116.95876353026506, 32.498891022762407 ], [ -116.95849403567982, 32.498891022762407 ], [ -116.95849403567982, 32.49916051734764 ] ], [ [ -116.959572014020765, 32.49754354983623 ], [ -116.959572014020765, 32.49727405525099 ], [ -116.959302519435539, 32.49727405525099 ], [ -116.959302519435539, 32.49754354983623 ], [ -116.959572014020765, 32.49754354983623 ] ] ] ] } },
{ "type": "Feature", "properties": { "ZONA_MET": "Tijuana", "INTENSIDAD": "Intensa", "T_PROM_POL": 3.0, "T_MIN_CIUD": 1.0, "DIF_TERMIC": 2.0 }, "geometry": { "type": "MultiPolygon", "coordinates": [ [ [ [ -116.874950714256713, 32.49754354983623 ], [ -116.874681219671473, 32.49754354983623 ], [ -116.874681219671473, 32.496735066080518 ], [ -116.874950714256713, 32.496735066080518 ], [ -116.874950714256713, 32.496465571495285 ], [ -116.874681219671473, 32.496465571495285 ], [ -116.874681219671473, 32.495118098569101 ], [ -116.874950714256713, 32.495118098569101 ], [ -116.874950714256713, 32.496196076910046 ], [ -116.875489703427178, 32.496196076910046 ], [ -116.875489703427178, 32.497004560665758 ], [ -116.875220208841952, 32.497004560665758 ], [ -116.875220208841952, 32.49727405525099 ], [ -116.874950714256713, 32.49727405525099 ], [ -116.874950714256713, 32.49754354983623 ] ] ] ] } },
{ "type": "Feature", "properties": { "ZONA_MET": "Tijuana", "INTENSIDAD": "Extrema", "T_PROM_POL": 3.0, "T_MIN_CIUD": 1.0, "DIF_TERMIC": 2.0 }, "geometry": { "type": "MultiPolygon", "coordinates": [ [ [ [ -116.901361183609822, 32.49727405525099 ], [ -116.900283205268877, 32.49727405525099 ], [ -116.900283205268877, 32.497004560665758 ], [ -116.900013710683652, 32.497004560665758 ], [ -116.900013710683652, 32.495926582324813 ], [ -116.900552699854117, 32.495926582324813 ], [ -116.900552699854117, 32.495657087739573 ], [ -116.900013710683652, 32.495657087739573 ], [ -116.900013710683652, 32.495387593154341 ], [ -116.900552699854117, 32.495387593154341 ], [ -116.900552699854117, 32.495118098569101 ], [ -116.901900172780302, 32.495118098569101 ], [ -116.901900172780302, 32.495926582324813 ], [ -116.902439161950767, 32.495926582324813 ], [ -116.902439161950767, 32.495387593154341 ], [ -116.902708656536007, 32.495387593154341 ], [ -116.902708656536007, 32.495657087739573 ], [ -116.902978151121246, 32.495657087739573 ], [ -116.902978151121246, 32.495926582324813 ], [ -116.903247645706472, 32.495926582324813 ], [ -116.903247645706472, 32.495657087739573 ], [ -116.904056129462191, 32.495657087739573 ], [ -116.904056129462191, 32.495926582324813 ], [ -116.904325624047416, 32.495926582324813 ], [ -116.904325624047416, 32.496196076910046 ], [ -116.904864613217896, 32.496196076910046 ], [ -116.904864613217896, 32.496465571495285 ], [ -116.904056129462191, 32.496465571495285 ], [ -116.904056129462191, 32.496196076910046 ], [ -116.901900172780302, 32.496196076910046 ], [ -116.901900172780302, 32.497004560665758 ], [ -116.901361183609822, 32.497004560665758 ], [ -116.901361183609822, 32.49727405525099 ] ] ] ] } },
{ "type": "Feature", "properties": { "ZONA_MET": "Tijuana", "INTENSIDAD": "Intensa", "T_PROM_POL": 3.0, "T_MIN_CIUD": 1.0, "DIF_TERMIC": 2.0 }, "geometry": { "type": "MultiPolygon", "coordinates": [ [ [ [ -116.990833385908132, 32.496735066080518 ], [ -116.990024902152427, 32.496735066080518 ], [ -116.990024902152427, 32.496196076910046 ], [ -116.989485912981948, 32.496196076910046 ], [ -116.989485912981948, 32.495657087739573 ], [ -116.989216418396708, 32.495657087739573 ], [ -116.989216418396708, 32.495387593154341 ], [ -116.988946923811483, 32.495387593154341 ], [ -116.988946923811483, 32.494848603983868 ], [ -116.989485912981948, 32.494848603983868 ], [ -116.989485912981948, 32.495118098569101 ], [ -116.989755407567188, 32.495118098569101 ], [ -116.989755407567188, 32.495387593154341 ], [ -116.990563891322893, 32.495387593154341 ], [ -116.990563891322893, 32.495657087739573 ], [ -116.990833385908132, 32.495657087739573 ], [ -116.990833385908132, 32.495926582324813 ], [ -116.991102880493358, 32.495926582324813 ], [ -116.991102880493358, 32.496465571495285 ], [ -116.990833385908132, 32.496465571495285 ], [ -116.990833385908132, 32.496735066080518 ] ], [ [ -116.990833385908132, 32.496196076910046 ], [ -116.990833385908132, 32.495926582324813 ], [ -116.990563891322893, 32.495926582324813 ], [ -116.990563891322893, 32.496196076910046 ], [ -116.990833385908132, 32.496196076910046 ] ] ] ] } },
{ "type": "Feature", "properties": { "ZONA_MET": "Tijuana", "INTENSIDAD": "Intensa", "T_PROM_POL": 3.0, "T_MIN_CIUD": 1.0, "DIF_TERMIC": 2.0 }, "geometry": { "type": "MultiPolygon", "coordinates": [ [ [ [ -116.847731761147884, 32.496465571495285 ], [ -116.847462266562658, 32.496465571495285 ], [ -116.847462266562658, 32.495926582324813 ], [ -116.847192771977419, 32.495926582324813 ], [ -116.847192771977419, 32.496196076910046 ], [ -116.846653782806953, 32.496196076910046 ], [ -116.846653782806953, 32.494848603983868 ], [ -116.847192771977419, 32.494848603983868 ], [ -116.847192771977419, 32.495118098569101 ], [ -116.847731761147884, 32.495118098569101 ], [ -116.847731761147884, 32.494848603983868 ], [ -116.848270750318363, 32.494848603983868 ], [ -116.848270750318363, 32.495118098569101 ], [ -116.848001255733124, 32.495118098569101 ], [ -116.848001255733124, 32.495387593154341 ], [ -116.848270750318363, 32.495387593154341 ], [ -116.848270750318363, 32.495657087739573 ], [ -116.848001255733124, 32.495657087739573 ], [ -116.848001255733124, 32.496196076910046 ], [ -116.847731761147884, 32.496196076910046 ], [ -116.847731761147884, 32.496465571495285 ] ] ] ] } },
{ "type": "Feature", "properties": { "ZONA_MET": "Tijuana", "INTENSIDAD": "Intensa", "T_PROM_POL": 3.0, "T_MIN_CIUD": 1.0, "DIF_TERMIC": 2.0 }, "geometry": { "type": "MultiPolygon", "coordinates": [ [ [ [ -116.960111003191244, 32.504011419881884 ], [ -116.959841508606004, 32.504011419881884 ], [ -116.959841508606004, 32.503472430711419 ], [ -116.959572014020765, 32.503472430711419 ], [ -116.959572014020765, 32.503202936126179 ], [ -116.959841508606004, 32.503202936126179 ], [ -116.959841508606004, 32.502933441540947 ], [ -116.960111003191244, 32.502933441540947 ], [ -116.960111003191244, 32.502663946955707 ], [ -116.960380497776484, 32.502663946955707 ], [ -116.960380497776484, 32.502394452370474 ], [ -116.960649992361709, 32.502394452370474 ], [ -116.960649992361709, 32.502124957785234 ], [ -116.961188981532189, 32.502124957785234 ], [ -116.961188981532189, 32.501585968614762 ], [ -116.960649992361709, 32.501585968614762 ], [ -116.960649992361709, 32.501855463200002 ], [ -116.960380497776484, 32.501855463200002 ], [ -116.960380497776484, 32.501585968614762 ], [ -116.959841508606004, 32.501585968614762 ], [ -116.959841508606004, 32.50131647402953 ], [ -116.959572014020765, 32.50131647402953 ], [ -116.959572014020765, 32.50104697944429 ], [ -116.95876353026506, 32.50104697944429 ], [ -116.95876353026506, 32.500238495688585 ], [ -116.95849403567982, 32.500238495688585 ], [ -116.95849403567982, 32.499969001103352 ], [ -116.957955046509355, 32.499969001103352 ], [ -116.957955046509355, 32.499699506518112 ], [ -116.957685551924115, 32.499699506518112 ], [ -116.957685551924115, 32.49943001193288 ], [ -116.95714656275365, 32.49943001193288 ], [ -116.95714656275365, 32.499699506518112 ], [ -116.95687706816841, 32.499699506518112 ], [ -116.95687706816841, 32.49943001193288 ], [ -116.95660757358317, 32.49943001193288 ], [ -116.95660757358317, 32.498621528177168 ], [ -116.956338078997945, 32.498621528177168 ], [ -116.956338078997945, 32.498082539006695 ], [ -116.95687706816841, 32.498082539006695 ], [ -116.95687706816841, 32.497813044421463 ], [ -116.957685551924115, 32.497813044421463 ], [ -116.957685551924115, 32.498082539006695 ], [ -116.957955046509355, 32.498082539006695 ], [ -116.957955046509355, 32.49916051734764 ], [ -116.95849403567982, 32.49916051734764 ], [ -116.95849403567982, 32.498891022762407 ], [ -116.95876353026506, 32.498891022762407 ], [ -116.95876353026506, 32.498352033591935 ], [ -116.959302519435539, 32.498352033591935 ], [ -116.959302519435539, 32.498082539006695 ], [ -116.959572014020765, 32.498082539006695 ], [ -116.959572014020765, 32.497813044421463 ], [ -116.959841508606004, 32.497813044421463 ], [ -116.959841508606004, 32.49727405525099 ], [ -116.960111003191244, 32.49727405525099 ], [ -116.960111003191244, 32.497004560665758 ], [ -116.960380497776484, 32.497004560665758 ], [ -116.960380497776484, 32.496735066080518 ], [ -116.960111003191244, 32.496735066080518 ], [ -116.960111003191244, 32.496196076910046 ], [ -116.959572014020765, 32.496196076910046 ], [ -116.959572014020765, 32.495926582324813 ], [ -116.959302519435539, 32.495926582324813 ], [ -116.959302519435539, 32.495657087739573 ], [ -116.959841508606004, 32.495657087739573 ], [ -116.959841508606004, 32.495387593154341 ], [ -116.960380497776484, 32.495387593154341 ], [ -116.960380497776484, 32.495657087739573 ], [ -116.960649992361709, 32.495657087739573 ], [ -116.960649992361709, 32.495926582324813 ], [ -116.961458476117414, 32.495926582324813 ], [ -116.961458476117414, 32.495657087739573 ], [ -116.961188981532189, 32.495657087739573 ], [ -116.961188981532189, 32.495118098569101 ], [ -116.961458476117414, 32.495118098569101 ], [ -116.961458476117414, 32.495387593154341 ], [ -116.961727970702654, 32.495387593154341 ], [ -116.961727970702654, 32.495118098569101 ], [ -116.962805949043599, 32.495118098569101 ], [ -116.962805949043599, 32.494848603983868 ], [ -116.963075443628838, 32.494848603983868 ], [ -116.963075443628838, 32.495118098569101 ], [ -116.964153421969783, 32.495118098569101 ], [ -116.964153421969783, 32.495657087739573 ], [ -116.963883927384543, 32.495657087739573 ], [ -116.963883927384543, 32.495387593154341 ], [ -116.963614432799304, 32.495387593154341 ], [ -116.963614432799304, 32.495657087739573 ], [ -116.963344938214078, 32.495657087739573 ], [ -116.963344938214078, 32.496196076910046 ], [ -116.963614432799304, 32.496196076910046 ], [ -116.963614432799304, 32.495926582324813 ], [ -116.964153421969783, 32.495926582324813 ], [ -116.964153421969783, 32.496196076910046 ], [ -116.964961905725488, 32.496196076910046 ], [ -116.964961905725488, 32.496465571495285 ], [ -116.964153421969783, 32.496465571495285 ], [ -116.964153421969783, 32.496735066080518 ], [ -116.964961905725488, 32.496735066080518 ], [ -116.964961905725488, 32.497004560665758 ], [ -116.965231400310728, 32.497004560665758 ], [ -116.965231400310728, 32.496735066080518 ], [ -116.965500894895953, 32.496735066080518 ], [ -116.965500894895953, 32.497004560665758 ], [ -116.966848367822138, 32.497004560665758 ], [ -116.966848367822138, 32.49727405525099 ], [ -116.967117862407378, 32.49727405525099 ], [ -116.967117862407378, 32.497004560665758 ], [ -116.967387356992603, 32.497004560665758 ], [ -116.967387356992603, 32.496735066080518 ], [ -116.966578873236898, 32.496735066080518 ], [ -116.966578873236898, 32.496465571495285 ], [ -116.966309378651673, 32.496465571495285 ], [ -116.966309378651673, 32.496196076910046 ], [ -116.966578873236898, 32.496196076910046 ], [ -116.966578873236898, 32.495926582324813 ], [ -116.967117862407378, 32.495926582324813 ], [ -116.967117862407378, 32.495657087739573 ], [ -116.967387356992603, 32.495657087739573 ], [ -116.967387356992603, 32.494848603983868 ], [ -116.967926346163082, 32.494848603983868 ], [ -116.967926346163082, 32.495118098569101 ], [ -116.968465335333548, 32.495118098569101 ], [ -116.968465335333548, 32.494579109398629 ], [ -116.969004324504027, 32.494579109398629 ], [ -116.969004324504027, 32.495118098569101 ], [ -116.968734829918787, 32.495118098569101 ], [ -116.968734829918787, 32.495387593154341 ], [ -116.968465335333548, 32.495387593154341 ], [ -116.968465335333548, 32.495926582324813 ], [ -116.968734829918787, 32.495926582324813 ], [ -116.968734829918787, 32.496196076910046 ], [ -116.969004324504027, 32.496196076910046 ], [ -116.969004324504027, 32.496465571495285 ], [ -116.969273819089267, 32.496465571495285 ], [ -116.969273819089267, 32.496735066080518 ], [ -116.969812808259732, 32.496735066080518 ], [ -116.969812808259732, 32.49727405525099 ], [ -116.970082302844972, 32.49727405525099 ], [ -116.970082302844972, 32.49754354983623 ], [ -116.969273819089267, 32.49754354983623 ], [ -116.969273819089267, 32.497004560665758 ], [ -116.968734829918787, 32.497004560665758 ], [ -116.968734829918787, 32.49754354983623 ], [ -116.969004324504027, 32.49754354983623 ], [ -116.969004324504027, 32.497813044421463 ], [ -116.968734829918787, 32.497813044421463 ], [ -116.968734829918787, 32.498082539006695 ], [ -116.969273819089267, 32.498082539006695 ], [ -116.969273819089267, 32.497813044421463 ], [ -116.970082302844972, 32.497813044421463 ], [ -116.970082302844972, 32.498621528177168 ], [ -116.970890786600677, 32.498621528177168 ], [ -116.970890786600677, 32.498082539006695 ], [ -116.971429775771142, 32.498082539006695 ], [ -116.971429775771142, 32.498352033591935 ], [ -116.972238259526861, 32.498352033591935 ], [ -116.972238259526861, 32.498082539006695 ], [ -116.972777248697327, 32.498082539006695 ], [ -116.972777248697327, 32.497813044421463 ], [ -116.973585732453031, 32.497813044421463 ], [ -116.973585732453031, 32.49754354983623 ], [ -116.974124721623511, 32.49754354983623 ], [ -116.974124721623511, 32.498082539006695 ], [ -116.974394216208736, 32.498082539006695 ], [ -116.974394216208736, 32.49754354983623 ], [ -116.975472194549681, 32.49754354983623 ], [ -116.975472194549681, 32.497004560665758 ], [ -116.976011183720161, 32.497004560665758 ], [ -116.976011183720161, 32.49727405525099 ], [ -116.976550172890626, 32.49727405525099 ], [ -116.976550172890626, 32.49754354983623 ], [ -116.976011183720161, 32.49754354983623 ], [ -116.976011183720161, 32.497813044421463 ], [ -116.976550172890626, 32.497813044421463 ], [ -116.976550172890626, 32.498352033591935 ], [ -116.976819667475866, 32.498352033591935 ], [ -116.976819667475866, 32.498621528177168 ], [ -116.976550172890626, 32.498621528177168 ], [ -116.976550172890626, 32.498891022762407 ], [ -116.976011183720161, 32.498891022762407 ], [ -116.976011183720161, 32.49916051734764 ], [ -116.975741689134921, 32.49916051734764 ], [ -116.975741689134921, 32.498891022762407 ], [ -116.975202699964456, 32.498891022762407 ], [ -116.975202699964456, 32.498621528177168 ], [ -116.974933205379216, 32.498621528177168 ], [ -116.974933205379216, 32.498352033591935 ], [ -116.974394216208736, 32.498352033591935 ], [ -116.974394216208736, 32.498621528177168 ], [ -116.973585732453031, 32.498621528177168 ], [ -116.973585732453031, 32.498082539006695 ], [ -116.973316237867792, 32.498082539006695 ], [ -116.973316237867792, 32.498352033591935 ], [ -116.972777248697327, 32.498352033591935 ], [ -116.972777248697327, 32.498621528177168 ], [ -116.972507754112087, 32.498621528177168 ], [ -116.972507754112087, 32.49916051734764 ], [ -116.972238259526861, 32.49916051734764 ], [ -116.972238259526861, 32.498621528177168 ], [ -116.971429775771142, 32.498621528177168 ], [ -116.971429775771142, 32.498891022762407 ], [ -116.971699270356382, 32.498891022762407 ], [ -116.971699270356382, 32.49943001193288 ], [ -116.971429775771142, 32.49943001193288 ], [ -116.971429775771142, 32.499699506518112 ], [ -116.970082302844972, 32.499699506518112 ], [ -116.970082302844972, 32.499969001103352 ], [ -116.969812808259732, 32.499969001103352 ], [ -116.969812808259732, 32.500507990273825 ], [ -116.969004324504027, 32.500507990273825 ], [ -116.969004324504027, 32.501585968614762 ], [ -116.968734829918787, 32.501585968614762 ], [ -116.968734829918787, 32.50104697944429 ], [ -116.968465335333548, 32.50104697944429 ], [ -116.968465335333548, 32.50131647402953 ], [ -116.967387356992603, 32.50131647402953 ], [ -116.967387356992603, 32.501585968614762 ], [ -116.967926346163082, 32.501585968614762 ], [ -116.967926346163082, 32.502124957785234 ], [ -116.967387356992603, 32.502124957785234 ], [ -116.967387356992603, 32.501855463200002 ], [ -116.967117862407378, 32.501855463200002 ], [ -116.967117862407378, 32.502394452370474 ], [ -116.966309378651673, 32.502394452370474 ], [ -116.966309378651673, 32.501855463200002 ], [ -116.965231400310728, 32.501855463200002 ], [ -116.965231400310728, 32.502394452370474 ], [ -116.964961905725488, 32.502394452370474 ], [ -116.964961905725488, 32.502663946955707 ], [ -116.964692411140248, 32.502663946955707 ], [ -116.964692411140248, 32.503202936126179 ], [ -116.963075443628838, 32.503202936126179 ], [ -116.963075443628838, 32.502394452370474 ], [ -116.962266959873133, 32.502394452370474 ], [ -116.962266959873133, 32.503202936126179 ], [ -116.961997465287894, 32.503202936126179 ], [ -116.961997465287894, 32.503741925296652 ], [ -116.961727970702654, 32.503741925296652 ], [ -116.961727970702654, 32.503472430711419 ], [ -116.961458476117414, 32.503472430711419 ], [ -116.961458476117414, 32.503741925296652 ], [ -116.960111003191244, 32.503741925296652 ], [ -116.960111003191244, 32.504011419881884 ] ], [ [ -116.962805949043599, 32.502124957785234 ], [ -116.962805949043599, 32.501855463200002 ], [ -116.962536454458359, 32.501855463200002 ], [ -116.962536454458359, 32.502124957785234 ], [ -116.962805949043599, 32.502124957785234 ] ], [ [ -116.963883927384543, 32.501855463200002 ], [ -116.963883927384543, 32.501585968614762 ], [ -116.964153421969783, 32.501585968614762 ], [ -116.964153421969783, 32.50131647402953 ], [ -116.964692411140248, 32.50131647402953 ], [ -116.964692411140248, 32.500507990273825 ], [ -116.964961905725488, 32.500507990273825 ], [ -116.964961905725488, 32.500238495688585 ], [ -116.964692411140248, 32.500238495688585 ], [ -116.964692411140248, 32.499969001103352 ], [ -116.964153421969783, 32.499969001103352 ], [ -116.964153421969783, 32.500238495688585 ], [ -116.963883927384543, 32.500238495688585 ], [ -116.963883927384543, 32.499699506518112 ], [ -116.963614432799304, 32.499699506518112 ], [ -116.963614432799304, 32.49943001193288 ], [ -116.964153421969783, 32.49943001193288 ], [ -116.964153421969783, 32.499699506518112 ], [ -116.964692411140248, 32.499699506518112 ], [ -116.964692411140248, 32.498891022762407 ], [ -116.964153421969783, 32.498891022762407 ], [ -116.964153421969783, 32.498352033591935 ], [ -116.963344938214078, 32.498352033591935 ], [ -116.963344938214078, 32.497813044421463 ], [ -116.963883927384543, 32.497813044421463 ], [ -116.963883927384543, 32.49727405525099 ], [ -116.963344938214078, 32.49727405525099 ], [ -116.963344938214078, 32.49754354983623 ], [ -116.963075443628838, 32.49754354983623 ], [ -116.963075443628838, 32.498082539006695 ], [ -116.962805949043599, 32.498082539006695 ], [ -116.962805949043599, 32.497813044421463 ], [ -116.961997465287894, 32.497813044421463 ], [ -116.961997465287894, 32.49754354983623 ], [ -116.961727970702654, 32.49754354983623 ], [ -116.961727970702654, 32.498082539006695 ], [ -116.961458476117414, 32.498082539006695 ], [ -116.961458476117414, 32.497813044421463 ], [ -116.960649992361709, 32.497813044421463 ], [ -116.960649992361709, 32.498352033591935 ], [ -116.961727970702654, 32.498352033591935 ], [ -116.961727970702654, 32.49916051734764 ], [ -116.963075443628838, 32.49916051734764 ], [ -116.963075443628838, 32.499699506518112 ], [ -116.961727970702654, 32.499699506518112 ], [ -116.961727970702654, 32.49943001193288 ], [ -116.961458476117414, 32.49943001193288 ], [ -116.961458476117414, 32.49916051734764 ], [ -116.960380497776484, 32.49916051734764 ], [ -116.960380497776484, 32.498891022762407 ], [ -116.960111003191244, 32.498891022762407 ], [ -116.960111003191244, 32.498621528177168 ], [ -116.959572014020765, 32.498621528177168 ], [ -116.959572014020765, 32.49943001193288 ], [ -116.959302519435539, 32.49943001193288 ], [ -116.959302519435539, 32.500238495688585 ], [ -116.959572014020765, 32.500238495688585 ], [ -116.959572014020765, 32.500507990273825 ], [ -116.960111003191244, 32.500507990273825 ], [ -116.960111003191244, 32.500777484859057 ], [ -116.961458476117414, 32.500777484859057 ], [ -116.961458476117414, 32.50104697944429 ], [ -116.961727970702654, 32.50104697944429 ], [ -116.961727970702654, 32.50131647402953 ], [ -116.963075443628838, 32.50131647402953 ], [ -116.963075443628838, 32.501855463200002 ], [ -116.963883927384543, 32.501855463200002 ] ], [ [ -116.966848367822138, 32.501585968614762 ], [ -116.966848367822138, 32.50131647402953 ], [ -116.966578873236898, 32.50131647402953 ], [ -116.966578873236898, 32.501585968614762 ], [ -116.966848367822138, 32.501585968614762 ] ], [ [ -116.967387356992603, 32.50131647402953 ], [ -116.967387356992603, 32.50104697944429 ], [ -116.967117862407378, 32.50104697944429 ], [ -116.967117862407378, 32.499969001103352 ], [ -116.967387356992603, 32.499969001103352 ], [ -116.967387356992603, 32.499699506518112 ], [ -116.967117862407378, 32.499699506518112 ], [ -116.967117862407378, 32.49916051734764 ], [ -116.965770389481193, 32.49916051734764 ], [ -116.965770389481193, 32.49943001193288 ], [ -116.965500894895953, 32.49943001193288 ], [ -116.965500894895953, 32.499699506518112 ], [ -116.965231400310728, 32.499699506518112 ], [ -116.965231400310728, 32.499969001103352 ], [ -116.965770389481193, 32.499969001103352 ], [ -116.965770389481193, 32.50104697944429 ], [ -116.966848367822138, 32.50104697944429 ], [ -116.966848367822138, 32.50131647402953 ], [ -116.967387356992603, 32.50131647402953 ] ], [ [ -116.965231400310728, 32.500238495688585 ], [ -116.965231400310728, 32.499969001103352 ], [ -116.964961905725488, 32.499969001103352 ], [ -116.964961905725488, 32.500238495688585 ], [ -116.965231400310728, 32.500238495688585 ] ], [ [ -116.968465335333548, 32.499699506518112 ], [ -116.968465335333548, 32.49943001193288 ], [ -116.968734829918787, 32.49943001193288 ], [ -116.968734829918787, 32.49916051734764 ], [ -116.968195840748322, 32.49916051734764 ], [ -116.968195840748322, 32.499699506518112 ], [ -116.968465335333548, 32.499699506518112 ] ], [ [ -116.975741689134921, 32.498352033591935 ], [ -116.975741689134921, 32.497813044421463 ], [ -116.975202699964456, 32.497813044421463 ], [ -116.975202699964456, 32.498082539006695 ], [ -116.975472194549681, 32.498082539006695 ], [ -116.975472194549681, 32.498352033591935 ], [ -116.975741689134921, 32.498352033591935 ] ], [ [ -116.967117862407378, 32.498352033591935 ], [ -116.967117862407378, 32.498082539006695 ], [ -116.966848367822138, 32.498082539006695 ], [ -116.966848367822138, 32.498352033591935 ], [ -116.967117862407378, 32.498352033591935 ] ], [ [ -116.966578873236898, 32.498082539006695 ], [ -116.966578873236898, 32.49754354983623 ], [ -116.966309378651673, 32.49754354983623 ], [ -116.966309378651673, 32.49727405525099 ], [ -116.965770389481193, 32.49727405525099 ], [ -116.965770389481193, 32.498082539006695 ], [ -116.966578873236898, 32.498082539006695 ] ], [ [ -116.965231400310728, 32.497813044421463 ], [ -116.965231400310728, 32.49754354983623 ], [ -116.965500894895953, 32.49754354983623 ], [ -116.965500894895953, 32.49727405525099 ], [ -116.964692411140248, 32.49727405525099 ], [ -116.964692411140248, 32.497813044421463 ], [ -116.965231400310728, 32.497813044421463 ] ], [ [ -116.961458476117414, 32.49754354983623 ], [ -116.961458476117414, 32.497004560665758 ], [ -116.961188981532189, 32.497004560665758 ], [ -116.961188981532189, 32.49754354983623 ], [ -116.961458476117414, 32.49754354983623 ] ], [ [ -116.961727970702654, 32.497004560665758 ], [ -116.961727970702654, 32.496735066080518 ], [ -116.961458476117414, 32.496735066080518 ], [ -116.961458476117414, 32.497004560665758 ], [ -116.961727970702654, 32.497004560665758 ] ], [ [ -116.968465335333548, 32.496735066080518 ], [ -116.968465335333548, 32.496465571495285 ], [ -116.968195840748322, 32.496465571495285 ], [ -116.968195840748322, 32.496735066080518 ], [ -116.968465335333548, 32.496735066080518 ] ], [ [ -116.962266959873133, 32.495657087739573 ], [ -116.962266959873133, 32.495387593154341 ], [ -116.961997465287894, 32.495387593154341 ], [ -116.961997465287894, 32.495657087739573 ], [ -116.962266959873133, 32.495657087739573 ] ] ] ] } },
{ "type": "Feature", "properties": { "ZONA_MET": "Tijuana", "INTENSIDAD": "Intensa", "T_PROM_POL": 3.0, "T_MIN_CIUD": 1.0, "DIF_TERMIC": 2.0 }, "geometry": { "type": "MultiPolygon", "coordinates": [ [ [ [ -116.877106670938602, 32.498352033591935 ], [ -116.876837176353362, 32.498352033591935 ], [ -116.876837176353362, 32.497813044421463 ], [ -116.876567681768122, 32.497813044421463 ], [ -116.876567681768122, 32.497004560665758 ], [ -116.876028692597657, 32.497004560665758 ], [ -116.876028692597657, 32.496196076910046 ], [ -116.875489703427178, 32.496196076910046 ], [ -116.875489703427178, 32.495926582324813 ], [ -116.876028692597657, 32.495926582324813 ], [ -116.876028692597657, 32.495387593154341 ], [ -116.875759198012418, 32.495387593154341 ], [ -116.875759198012418, 32.494848603983868 ], [ -116.875489703427178, 32.494848603983868 ], [ -116.875489703427178, 32.494040120228163 ], [ -116.876028692597657, 32.494040120228163 ], [ -116.876028692597657, 32.494309614813396 ], [ -116.876567681768122, 32.494309614813396 ], [ -116.876567681768122, 32.494040120228163 ], [ -116.877376165523827, 32.494040120228163 ], [ -116.877376165523827, 32.494309614813396 ], [ -116.878184649279547, 32.494309614813396 ], [ -116.878184649279547, 32.494848603983868 ], [ -116.877376165523827, 32.494848603983868 ], [ -116.877376165523827, 32.495118098569101 ], [ -116.878184649279547, 32.495118098569101 ], [ -116.878184649279547, 32.495387593154341 ], [ -116.878723638450012, 32.495387593154341 ], [ -116.878723638450012, 32.495657087739573 ], [ -116.878993133035252, 32.495657087739573 ], [ -116.878993133035252, 32.496196076910046 ], [ -116.880340605961422, 32.496196076910046 ], [ -116.880340605961422, 32.497004560665758 ], [ -116.880071111376196, 32.497004560665758 ], [ -116.880071111376196, 32.496735066080518 ], [ -116.879532122205717, 32.496735066080518 ], [ -116.879532122205717, 32.497004560665758 ], [ -116.878723638450012, 32.497004560665758 ], [ -116.878723638450012, 32.496735066080518 ], [ -116.878184649279547, 32.496735066080518 ], [ -116.878184649279547, 32.496196076910046 ], [ -116.877645660109067, 32.496196076910046 ], [ -116.877645660109067, 32.496465571495285 ], [ -116.877376165523827, 32.496465571495285 ], [ -116.877376165523827, 32.49727405525099 ], [ -116.877645660109067, 32.49727405525099 ], [ -116.877645660109067, 32.497813044421463 ], [ -116.877376165523827, 32.497813044421463 ], [ -116.877376165523827, 32.49754354983623 ], [ -116.877106670938602, 32.49754354983623 ], [ -116.877106670938602, 32.498352033591935 ] ], [ [ -116.877106670938602, 32.49754354983623 ], [ -116.877106670938602, 32.49727405525099 ], [ -116.876837176353362, 32.49727405525099 ], [ -116.876837176353362, 32.49754354983623 ], [ -116.877106670938602, 32.49754354983623 ] ], [ [ -116.877106670938602, 32.496735066080518 ], [ -116.877106670938602, 32.496465571495285 ], [ -116.876837176353362, 32.496465571495285 ], [ -116.876837176353362, 32.496735066080518 ], [ -116.877106670938602, 32.496735066080518 ] ], [ [ -116.878184649279547, 32.495657087739573 ], [ -116.878184649279547, 32.495387593154341 ], [ -116.877645660109067, 32.495387593154341 ], [ -116.877645660109067, 32.495657087739573 ], [ -116.878184649279547, 32.495657087739573 ] ], [ [ -116.876837176353362, 32.495657087739573 ], [ -116.876837176353362, 32.494579109398629 ], [ -116.876567681768122, 32.494579109398629 ], [ -116.876567681768122, 32.495657087739573 ], [ -116.876837176353362, 32.495657087739573 ] ] ] ] } },
{ "type": "Feature", "properties": { "ZONA_MET": "Tijuana", "INTENSIDAD": "Intensa", "T_PROM_POL": 3.0, "T_MIN_CIUD": 1.0, "DIF_TERMIC": 2.0 }, "geometry": { "type": "MultiPolygon", "coordinates": [ [ [ [ -116.907559559070251, 32.49943001193288 ], [ -116.906751075314546, 32.49943001193288 ], [ -116.906751075314546, 32.49916051734764 ], [ -116.906212086144066, 32.49916051734764 ], [ -116.906212086144066, 32.498891022762407 ], [ -116.904864613217896, 32.498891022762407 ], [ -116.904864613217896, 32.498621528177168 ], [ -116.905942591558841, 32.498621528177168 ], [ -116.905942591558841, 32.498352033591935 ], [ -116.905134107803121, 32.498352033591935 ], [ -116.905134107803121, 32.498082539006695 ], [ -116.904864613217896, 32.498082539006695 ], [ -116.904864613217896, 32.497813044421463 ], [ -116.904595118632656, 32.497813044421463 ], [ -116.904595118632656, 32.496735066080518 ], [ -116.904325624047416, 32.496735066080518 ], [ -116.904325624047416, 32.49727405525099 ], [ -116.904056129462191, 32.49727405525099 ], [ -116.904056129462191, 32.497004560665758 ], [ -116.903247645706472, 32.497004560665758 ], [ -116.903247645706472, 32.496735066080518 ], [ -116.903517140291711, 32.496735066080518 ], [ -116.903517140291711, 32.496465571495285 ], [ -116.902978151121246, 32.496465571495285 ], [ -116.902978151121246, 32.497004560665758 ], [ -116.902708656536007, 32.497004560665758 ], [ -116.902708656536007, 32.49727405525099 ], [ -116.901900172780302, 32.49727405525099 ], [ -116.901900172780302, 32.497004560665758 ], [ -116.902439161950767, 32.497004560665758 ], [ -116.902439161950767, 32.496196076910046 ], [ -116.904056129462191, 32.496196076910046 ], [ -116.904056129462191, 32.496465571495285 ], [ -116.905134107803121, 32.496465571495285 ], [ -116.905134107803121, 32.496196076910046 ], [ -116.905403602388361, 32.496196076910046 ], [ -116.905403602388361, 32.495657087739573 ], [ -116.905134107803121, 32.495657087739573 ], [ -116.905134107803121, 32.495387593154341 ], [ -116.904864613217896, 32.495387593154341 ], [ -116.904864613217896, 32.495118098569101 ], [ -116.902708656536007, 32.495118098569101 ], [ -116.902708656536007, 32.495387593154341 ], [ -116.902439161950767, 32.495387593154341 ], [ -116.902439161950767, 32.495926582324813 ], [ -116.901900172780302, 32.495926582324813 ], [ -116.901900172780302, 32.494848603983868 ], [ -116.903247645706472, 32.494848603983868 ], [ -116.903247645706472, 32.494579109398629 ], [ -116.903517140291711, 32.494579109398629 ], [ -116.903517140291711, 32.494848603983868 ], [ -116.906481580729306, 32.494848603983868 ], [ -116.906481580729306, 32.495118098569101 ], [ -116.906751075314546, 32.495118098569101 ], [ -116.906751075314546, 32.494848603983868 ], [ -116.907020569899785, 32.494848603983868 ], [ -116.907020569899785, 32.495118098569101 ], [ -116.907290064485011, 32.495118098569101 ], [ -116.907290064485011, 32.494848603983868 ], [ -116.907559559070251, 32.494848603983868 ], [ -116.907559559070251, 32.495657087739573 ], [ -116.90782905365549, 32.495657087739573 ], [ -116.90782905365549, 32.495926582324813 ], [ -116.907559559070251, 32.495926582324813 ], [ -116.907559559070251, 32.497004560665758 ], [ -116.908368042825956, 32.497004560665758 ], [ -116.908368042825956, 32.496735066080518 ], [ -116.908637537411195, 32.496735066080518 ], [ -116.908637537411195, 32.496465571495285 ], [ -116.908907031996435, 32.496465571495285 ], [ -116.908907031996435, 32.496735066080518 ], [ -116.9094460211669, 32.496735066080518 ], [ -116.9094460211669, 32.496465571495285 ], [ -116.90971551575214, 32.496465571495285 ], [ -116.90971551575214, 32.496196076910046 ], [ -116.9094460211669, 32.496196076910046 ], [ -116.9094460211669, 32.495926582324813 ], [ -116.908907031996435, 32.495926582324813 ], [ -116.908907031996435, 32.495657087739573 ], [ -116.9094460211669, 32.495657087739573 ], [ -116.9094460211669, 32.495387593154341 ], [ -116.90971551575214, 32.495387593154341 ], [ -116.90971551575214, 32.494579109398629 ], [ -116.9094460211669, 32.494579109398629 ], [ -116.9094460211669, 32.494040120228163 ], [ -116.90971551575214, 32.494040120228163 ], [ -116.90971551575214, 32.493770625642924 ], [ -116.90998501033738, 32.493770625642924 ], [ -116.90998501033738, 32.494040120228163 ], [ -116.910254504922605, 32.494040120228163 ], [ -116.910254504922605, 32.494309614813396 ], [ -116.910523999507845, 32.494309614813396 ], [ -116.910523999507845, 32.495657087739573 ], [ -116.910254504922605, 32.495657087739573 ], [ -116.910254504922605, 32.495926582324813 ], [ -116.91106298867831, 32.495926582324813 ], [ -116.91106298867831, 32.496465571495285 ], [ -116.910523999507845, 32.496465571495285 ], [ -116.910523999507845, 32.496735066080518 ], [ -116.90971551575214, 32.496735066080518 ], [ -116.90971551575214, 32.497004560665758 ], [ -116.9094460211669, 32.497004560665758 ], [ -116.9094460211669, 32.49754354983623 ], [ -116.908907031996435, 32.49754354983623 ], [ -116.908907031996435, 32.49727405525099 ], [ -116.908637537411195, 32.49727405525099 ], [ -116.908637537411195, 32.49754354983623 ], [ -116.908368042825956, 32.49754354983623 ], [ -116.908368042825956, 32.498082539006695 ], [ -116.908098548240716, 32.498082539006695 ], [ -116.908098548240716, 32.498352033591935 ], [ -116.90782905365549, 32.498352033591935 ], [ -116.90782905365549, 32.498891022762407 ], [ -116.907559559070251, 32.498891022762407 ], [ -116.907559559070251, 32.49943001193288 ] ], [ [ -116.906751075314546, 32.498621528177168 ], [ -116.906751075314546, 32.498352033591935 ], [ -116.907020569899785, 32.498352033591935 ], [ -116.907020569899785, 32.498082539006695 ], [ -116.907559559070251, 32.498082539006695 ], [ -116.907559559070251, 32.49754354983623 ], [ -116.906481580729306, 32.49754354983623 ], [ -116.906481580729306, 32.497004560665758 ], [ -116.906751075314546, 32.497004560665758 ], [ -116.906751075314546, 32.496735066080518 ], [ -116.907020569899785, 32.496735066080518 ], [ -116.907020569899785, 32.496196076910046 ], [ -116.906481580729306, 32.496196076910046 ], [ -116.906481580729306, 32.495926582324813 ], [ -116.905942591558841, 32.495926582324813 ], [ -116.905942591558841, 32.496196076910046 ], [ -116.905403602388361, 32.496196076910046 ], [ -116.905403602388361, 32.49727405525099 ], [ -116.905673096973601, 32.49727405525099 ], [ -116.905673096973601, 32.497004560665758 ], [ -116.906212086144066, 32.497004560665758 ], [ -116.906212086144066, 32.498352033591935 ], [ -116.906481580729306, 32.498352033591935 ], [ -116.906481580729306, 32.498621528177168 ], [ -116.906751075314546, 32.498621528177168 ] ], [ [ -116.905403602388361, 32.49754354983623 ], [ -116.905403602388361, 32.49727405525099 ], [ -116.905134107803121, 32.49727405525099 ], [ -116.905134107803121, 32.49754354983623 ], [ -116.905403602388361, 32.49754354983623 ] ], [ [ -116.907020569899785, 32.49727405525099 ], [ -116.907020569899785, 32.497004560665758 ], [ -116.906751075314546, 32.497004560665758 ], [ -116.906751075314546, 32.49727405525099 ], [ -116.907020569899785, 32.49727405525099 ] ], [ [ -116.906212086144066, 32.495657087739573 ], [ -116.906212086144066, 32.495387593154341 ], [ -116.905403602388361, 32.495387593154341 ], [ -116.905403602388361, 32.495657087739573 ], [ -116.906212086144066, 32.495657087739573 ] ] ] ] } },
{ "type": "Feature", "properties": { "ZONA_MET": "Tijuana", "INTENSIDAD": "Intensa", "T_PROM_POL": 3.0, "T_MIN_CIUD": 1.0, "DIF_TERMIC": 2.0 }, "geometry": { "type": "MultiPolygon", "coordinates": [ [ [ [ -116.954451616901295, 32.495118098569101 ], [ -116.953643133145576, 32.495118098569101 ], [ -116.953643133145576, 32.494848603983868 ], [ -116.95337363856035, 32.494848603983868 ], [ -116.95337363856035, 32.493770625642924 ], [ -116.953643133145576, 32.493770625642924 ], [ -116.953643133145576, 32.494040120228163 ], [ -116.954182122316055, 32.494040120228163 ], [ -116.954182122316055, 32.493770625642924 ], [ -116.955260100657, 32.493770625642924 ], [ -116.955260100657, 32.494848603983868 ], [ -116.95499060607176, 32.494848603983868 ], [ -116.95499060607176, 32.494579109398629 ], [ -116.954451616901295, 32.494579109398629 ], [ -116.954451616901295, 32.495118098569101 ] ] ] ] } },
{ "type": "Feature", "properties": { "ZONA_MET": "Tijuana", "INTENSIDAD": "Intensa", "T_PROM_POL": 3.0, "T_MIN_CIUD": 1.0, "DIF_TERMIC": 2.0 }, "geometry": { "type": "MultiPolygon", "coordinates": [ [ [ [ -116.935586995934784, 32.495387593154341 ], [ -116.935317501349545, 32.495387593154341 ], [ -116.935317501349545, 32.495118098569101 ], [ -116.93450901759384, 32.495118098569101 ], [ -116.93450901759384, 32.494579109398629 ], [ -116.9342395230086, 32.494579109398629 ], [ -116.9342395230086, 32.494309614813396 ], [ -116.93450901759384, 32.494309614813396 ], [ -116.93450901759384, 32.493770625642924 ], [ -116.9342395230086, 32.493770625642924 ], [ -116.9342395230086, 32.493501131057691 ], [ -116.935317501349545, 32.493501131057691 ], [ -116.935317501349545, 32.494848603983868 ], [ -116.935586995934784, 32.494848603983868 ], [ -116.935586995934784, 32.495387593154341 ] ] ] ] } },
{ "type": "Feature", "properties": { "ZONA_MET": "Tijuana", "INTENSIDAD": "Extrema", "T_PROM_POL": 3.0, "T_MIN_CIUD": 1.0, "DIF_TERMIC": 2.0 }, "geometry": { "type": "MultiPolygon", "coordinates": [ [ [ [ -116.933431039252895, 32.495657087739573 ], [ -116.932892050082415, 32.495657087739573 ], [ -116.932892050082415, 32.495387593154341 ], [ -116.93235306091195, 32.495387593154341 ], [ -116.93235306091195, 32.494579109398629 ], [ -116.93208356632671, 32.494579109398629 ], [ -116.93208356632671, 32.493501131057691 ], [ -116.93235306091195, 32.493501131057691 ], [ -116.93235306091195, 32.492962141887219 ], [ -116.932892050082415, 32.492962141887219 ], [ -116.932892050082415, 32.493231636472451 ], [ -116.933700533838135, 32.493231636472451 ], [ -116.933700533838135, 32.493501131057691 ], [ -116.9342395230086, 32.493501131057691 ], [ -116.9342395230086, 32.493770625642924 ], [ -116.93450901759384, 32.493770625642924 ], [ -116.93450901759384, 32.494309614813396 ], [ -116.9342395230086, 32.494309614813396 ], [ -116.9342395230086, 32.494579109398629 ], [ -116.93397002842336, 32.494579109398629 ], [ -116.93397002842336, 32.495118098569101 ], [ -116.9342395230086, 32.495118098569101 ], [ -116.9342395230086, 32.495387593154341 ], [ -116.933700533838135, 32.495387593154341 ], [ -116.933700533838135, 32.495118098569101 ], [ -116.933431039252895, 32.495118098569101 ], [ -116.933431039252895, 32.495657087739573 ] ], [ [ -116.933431039252895, 32.495118098569101 ], [ -116.933431039252895, 32.494579109398629 ], [ -116.932892050082415, 32.494579109398629 ], [ -116.932892050082415, 32.495118098569101 ], [ -116.933431039252895, 32.495118098569101 ] ] ] ] } },
{ "type": "Feature", "properties": { "ZONA_MET": "Tijuana", "INTENSIDAD": "Intensa", "T_PROM_POL": 3.0, "T_MIN_CIUD": 1.0, "DIF_TERMIC": 2.0 }, "geometry": { "type": "MultiPolygon", "coordinates": [ [ [ [ -116.912679956189734, 32.494579109398629 ], [ -116.911871472434029, 32.494579109398629 ], [ -116.911871472434029, 32.494309614813396 ], [ -116.91133248326355, 32.494309614813396 ], [ -116.91133248326355, 32.493770625642924 ], [ -116.91160197784879, 32.493770625642924 ], [ -116.91160197784879, 32.493231636472451 ], [ -116.911871472434029, 32.493231636472451 ], [ -116.911871472434029, 32.492962141887219 ], [ -116.9132189453602, 32.492962141887219 ], [ -116.9132189453602, 32.494309614813396 ], [ -116.912679956189734, 32.494309614813396 ], [ -116.912679956189734, 32.494579109398629 ] ], [ [ -116.912679956189734, 32.494040120228163 ], [ -116.912679956189734, 32.493501131057691 ], [ -116.912410461604495, 32.493501131057691 ], [ -116.912410461604495, 32.493231636472451 ], [ -116.912140967019255, 32.493231636472451 ], [ -116.912140967019255, 32.493501131057691 ], [ -116.911871472434029, 32.493501131057691 ], [ -116.911871472434029, 32.494040120228163 ], [ -116.912679956189734, 32.494040120228163 ] ] ] ] } },
{ "type": "Feature", "properties": { "ZONA_MET": "Tijuana", "INTENSIDAD": "Intensa", "T_PROM_POL": 3.0, "T_MIN_CIUD": 1.0, "DIF_TERMIC": 2.0 }, "geometry": { "type": "MultiPolygon", "coordinates": [ [ [ [ -116.932892050082415, 32.498621528177168 ], [ -116.93262255549719, 32.498621528177168 ], [ -116.93262255549719, 32.498082539006695 ], [ -116.93235306091195, 32.498082539006695 ], [ -116.93235306091195, 32.498352033591935 ], [ -116.93208356632671, 32.498352033591935 ], [ -116.93208356632671, 32.497813044421463 ], [ -116.931814071741471, 32.497813044421463 ], [ -116.931814071741471, 32.496196076910046 ], [ -116.93208356632671, 32.496196076910046 ], [ -116.93208356632671, 32.495926582324813 ], [ -116.931814071741471, 32.495926582324813 ], [ -116.931814071741471, 32.495657087739573 ], [ -116.931275082571005, 32.495657087739573 ], [ -116.931275082571005, 32.494579109398629 ], [ -116.931005587985766, 32.494579109398629 ], [ -116.931005587985766, 32.492692647301979 ], [ -116.931814071741471, 32.492692647301979 ], [ -116.931814071741471, 32.493501131057691 ], [ -116.93208356632671, 32.493501131057691 ], [ -116.93208356632671, 32.494579109398629 ], [ -116.93235306091195, 32.494579109398629 ], [ -116.93235306091195, 32.495387593154341 ], [ -116.932892050082415, 32.495387593154341 ], [ -116.932892050082415, 32.495657087739573 ], [ -116.933431039252895, 32.495657087739573 ], [ -116.933431039252895, 32.495118098569101 ], [ -116.933700533838135, 32.495118098569101 ], [ -116.933700533838135, 32.495387593154341 ], [ -116.9342395230086, 32.495387593154341 ], [ -116.9342395230086, 32.495657087739573 ], [ -116.93397002842336, 32.495657087739573 ], [ -116.93397002842336, 32.496735066080518 ], [ -116.933700533838135, 32.496735066080518 ], [ -116.933700533838135, 32.496465571495285 ], [ -116.933431039252895, 32.496465571495285 ], [ -116.933431039252895, 32.496735066080518 ], [ -116.932892050082415, 32.496735066080518 ], [ -116.932892050082415, 32.497004560665758 ], [ -116.933431039252895, 32.497004560665758 ], [ -116.933431039252895, 32.498352033591935 ], [ -116.932892050082415, 32.498352033591935 ], [ -116.932892050082415, 32.498621528177168 ] ], [ [ -116.93235306091195, 32.495926582324813 ], [ -116.93235306091195, 32.495657087739573 ], [ -116.93208356632671, 32.495657087739573 ], [ -116.93208356632671, 32.495926582324813 ], [ -116.93235306091195, 32.495926582324813 ] ], [ [ -116.931814071741471, 32.494309614813396 ], [ -116.931814071741471, 32.494040120228163 ], [ -116.931275082571005, 32.494040120228163 ], [ -116.931275082571005, 32.494309614813396 ], [ -116.931814071741471, 32.494309614813396 ] ] ] ] } },
{ "type": "Feature", "properties": { "ZONA_MET": "Tijuana", "INTENSIDAD": "Intensa", "T_PROM_POL": 3.0, "T_MIN_CIUD": 1.0, "DIF_TERMIC": 2.0 }, "geometry": { "type": "MultiPolygon", "coordinates": [ [ [ [ -116.950948187293221, 32.498082539006695 ], [ -116.949870208952277, 32.498082539006695 ], [ -116.949870208952277, 32.49754354983623 ], [ -116.949600714367037, 32.49754354983623 ], [ -116.949600714367037, 32.49727405525099 ], [ -116.949331219781811, 32.49727405525099 ], [ -116.949331219781811, 32.497004560665758 ], [ -116.949600714367037, 32.497004560665758 ], [ -116.949600714367037, 32.496735066080518 ], [ -116.949061725196572, 32.496735066080518 ], [ -116.949061725196572, 32.497004560665758 ], [ -116.948253241440867, 32.497004560665758 ], [ -116.948253241440867, 32.49727405525099 ], [ -116.947983746855627, 32.49727405525099 ], [ -116.947983746855627, 32.496735066080518 ], [ -116.947714252270387, 32.496735066080518 ], [ -116.947714252270387, 32.495926582324813 ], [ -116.947983746855627, 32.495926582324813 ], [ -116.947983746855627, 32.495657087739573 ], [ -116.948253241440867, 32.495657087739573 ], [ -116.948253241440867, 32.495387593154341 ], [ -116.948792230611332, 32.495387593154341 ], [ -116.948792230611332, 32.495118098569101 ], [ -116.949061725196572, 32.495118098569101 ], [ -116.949061725196572, 32.494579109398629 ], [ -116.951217681878461, 32.494579109398629 ], [ -116.951217681878461, 32.494309614813396 ], [ -116.951487176463701, 32.494309614813396 ], [ -116.951487176463701, 32.494040120228163 ], [ -116.951756671048926, 32.494040120228163 ], [ -116.951756671048926, 32.493770625642924 ], [ -116.951217681878461, 32.493770625642924 ], [ -116.951217681878461, 32.493501131057691 ], [ -116.950139703537516, 32.493501131057691 ], [ -116.950139703537516, 32.493770625642924 ], [ -116.949331219781811, 32.493770625642924 ], [ -116.949331219781811, 32.492962141887219 ], [ -116.949870208952277, 32.492962141887219 ], [ -116.949870208952277, 32.492692647301979 ], [ -116.950678692707982, 32.492692647301979 ], [ -116.950678692707982, 32.493231636472451 ], [ -116.951756671048926, 32.493231636472451 ], [ -116.951756671048926, 32.493501131057691 ], [ -116.952026165634166, 32.493501131057691 ], [ -116.952026165634166, 32.493770625642924 ], [ -116.952565154804631, 32.493770625642924 ], [ -116.952565154804631, 32.494579109398629 ], [ -116.952026165634166, 32.494579109398629 ], [ -116.952026165634166, 32.494309614813396 ], [ -116.951756671048926, 32.494309614813396 ], [ -116.951756671048926, 32.494848603983868 ], [ -116.950139703537516, 32.494848603983868 ], [ -116.950139703537516, 32.495118098569101 ], [ -116.949870208952277, 32.495118098569101 ], [ -116.949870208952277, 32.495387593154341 ], [ -116.949600714367037, 32.495387593154341 ], [ -116.949600714367037, 32.495926582324813 ], [ -116.949331219781811, 32.495926582324813 ], [ -116.949331219781811, 32.495387593154341 ], [ -116.949061725196572, 32.495387593154341 ], [ -116.949061725196572, 32.496196076910046 ], [ -116.949600714367037, 32.496196076910046 ], [ -116.949600714367037, 32.496465571495285 ], [ -116.950139703537516, 32.496465571495285 ], [ -116.950139703537516, 32.495926582324813 ], [ -116.950678692707982, 32.495926582324813 ], [ -116.950678692707982, 32.495657087739573 ], [ -116.950948187293221, 32.495657087739573 ], [ -116.950948187293221, 32.495118098569101 ], [ -116.951217681878461, 32.495118098569101 ], [ -116.951217681878461, 32.495926582324813 ], [ -116.950948187293221, 32.495926582324813 ], [ -116.950948187293221, 32.496465571495285 ], [ -116.950678692707982, 32.496465571495285 ], [ -116.950678692707982, 32.496735066080518 ], [ -116.949870208952277, 32.496735066080518 ], [ -116.949870208952277, 32.49727405525099 ], [ -116.950678692707982, 32.49727405525099 ], [ -116.950678692707982, 32.49754354983623 ], [ -116.951217681878461, 32.49754354983623 ], [ -116.951217681878461, 32.49727405525099 ], [ -116.951756671048926, 32.49727405525099 ], [ -116.951756671048926, 32.49754354983623 ], [ -116.951487176463701, 32.49754354983623 ], [ -116.951487176463701, 32.497813044421463 ], [ -116.950948187293221, 32.497813044421463 ], [ -116.950948187293221, 32.498082539006695 ] ], [ [ -116.948522736026106, 32.496735066080518 ], [ -116.948522736026106, 32.496465571495285 ], [ -116.948253241440867, 32.496465571495285 ], [ -116.948253241440867, 32.496735066080518 ], [ -116.948522736026106, 32.496735066080518 ] ], [ [ -116.948522736026106, 32.496196076910046 ], [ -116.948522736026106, 32.495926582324813 ], [ -116.948253241440867, 32.495926582324813 ], [ -116.948253241440867, 32.496196076910046 ], [ -116.948522736026106, 32.496196076910046 ] ] ] ] } },
{ "type": "Feature", "properties": { "ZONA_MET": "Tijuana", "INTENSIDAD": "Intensa", "T_PROM_POL": 3.0, "T_MIN_CIUD": 1.0, "DIF_TERMIC": 2.0 }, "geometry": { "type": "MultiPolygon", "coordinates": [ [ [ [ -116.930197104230061, 32.493770625642924 ], [ -116.928310642133411, 32.493770625642924 ], [ -116.928310642133411, 32.493501131057691 ], [ -116.927771652962946, 32.493501131057691 ], [ -116.927771652962946, 32.492962141887219 ], [ -116.928580136718651, 32.492962141887219 ], [ -116.928580136718651, 32.492692647301979 ], [ -116.929119125889116, 32.492692647301979 ], [ -116.929119125889116, 32.493501131057691 ], [ -116.929388620474356, 32.493501131057691 ], [ -116.929388620474356, 32.493231636472451 ], [ -116.929927609644821, 32.493231636472451 ], [ -116.929927609644821, 32.493501131057691 ], [ -116.930197104230061, 32.493501131057691 ], [ -116.930197104230061, 32.493770625642924 ] ] ] ] } },
{ "type": "Feature", "properties": { "ZONA_MET": "Tijuana", "INTENSIDAD": "Intensa", "T_PROM_POL": 3.0, "T_MIN_CIUD": 1.0, "DIF_TERMIC": 2.0 }, "geometry": { "type": "MultiPolygon", "coordinates": [ [ [ [ -116.989216418396708, 32.494309614813396 ], [ -116.988946923811483, 32.494309614813396 ], [ -116.988946923811483, 32.494040120228163 ], [ -116.988138440055764, 32.494040120228163 ], [ -116.988138440055764, 32.493501131057691 ], [ -116.988677429226243, 32.493501131057691 ], [ -116.988677429226243, 32.493231636472451 ], [ -116.988946923811483, 32.493231636472451 ], [ -116.988946923811483, 32.492962141887219 ], [ -116.989216418396708, 32.492962141887219 ], [ -116.989216418396708, 32.492692647301979 ], [ -116.989755407567188, 32.492692647301979 ], [ -116.989755407567188, 32.493231636472451 ], [ -116.989485912981948, 32.493231636472451 ], [ -116.989485912981948, 32.493501131057691 ], [ -116.989755407567188, 32.493501131057691 ], [ -116.989755407567188, 32.493770625642924 ], [ -116.989485912981948, 32.493770625642924 ], [ -116.989485912981948, 32.494040120228163 ], [ -116.989216418396708, 32.494040120228163 ], [ -116.989216418396708, 32.494309614813396 ] ], [ [ -116.989216418396708, 32.493501131057691 ], [ -116.989216418396708, 32.493231636472451 ], [ -116.988946923811483, 32.493231636472451 ], [ -116.988946923811483, 32.493501131057691 ], [ -116.989216418396708, 32.493501131057691 ] ] ] ] } },
{ "type": "Feature", "properties": { "ZONA_MET": "Tijuana", "INTENSIDAD": "Intensa", "T_PROM_POL": 3.0, "T_MIN_CIUD": 1.0, "DIF_TERMIC": 2.0 }, "geometry": { "type": "MultiPolygon", "coordinates": [ [ [ [ -116.898127248587002, 32.495387593154341 ], [ -116.896240786490338, 32.495387593154341 ], [ -116.896240786490338, 32.495118098569101 ], [ -116.895432302734633, 32.495118098569101 ], [ -116.895432302734633, 32.494848603983868 ], [ -116.894623818978928, 32.494848603983868 ], [ -116.894623818978928, 32.494309614813396 ], [ -116.894084829808463, 32.494309614813396 ], [ -116.894084829808463, 32.494040120228163 ], [ -116.893815335223223, 32.494040120228163 ], [ -116.893815335223223, 32.493770625642924 ], [ -116.894623818978928, 32.493770625642924 ], [ -116.894623818978928, 32.493501131057691 ], [ -116.894893313564168, 32.493501131057691 ], [ -116.894893313564168, 32.493231636472451 ], [ -116.895432302734633, 32.493231636472451 ], [ -116.895432302734633, 32.493501131057691 ], [ -116.895971291905113, 32.493501131057691 ], [ -116.895971291905113, 32.493231636472451 ], [ -116.896779775660818, 32.493231636472451 ], [ -116.896779775660818, 32.492962141887219 ], [ -116.897318764831283, 32.492962141887219 ], [ -116.897318764831283, 32.492692647301979 ], [ -116.898127248587002, 32.492692647301979 ], [ -116.898127248587002, 32.492962141887219 ], [ -116.897857754001762, 32.492962141887219 ], [ -116.897857754001762, 32.493231636472451 ], [ -116.897318764831283, 32.493231636472451 ], [ -116.897318764831283, 32.493501131057691 ], [ -116.896779775660818, 32.493501131057691 ], [ -116.896779775660818, 32.493770625642924 ], [ -116.897588259416523, 32.493770625642924 ], [ -116.897588259416523, 32.494040120228163 ], [ -116.897857754001762, 32.494040120228163 ], [ -116.897857754001762, 32.493770625642924 ], [ -116.898127248587002, 32.493770625642924 ], [ -116.898127248587002, 32.494848603983868 ], [ -116.897857754001762, 32.494848603983868 ], [ -116.897857754001762, 32.495118098569101 ], [ -116.898127248587002, 32.495118098569101 ], [ -116.898127248587002, 32.495387593154341 ] ], [ [ -116.897588259416523, 32.494579109398629 ], [ -116.897588259416523, 32.494040120228163 ], [ -116.897318764831283, 32.494040120228163 ], [ -116.897318764831283, 32.494309614813396 ], [ -116.896779775660818, 32.494309614813396 ], [ -116.896779775660818, 32.494040120228163 ], [ -116.895971291905113, 32.494040120228163 ], [ -116.895971291905113, 32.494579109398629 ], [ -116.897588259416523, 32.494579109398629 ] ] ] ] } },
{ "type": "Feature", "properties": { "ZONA_MET": "Tijuana", "INTENSIDAD": "Intensa", "T_PROM_POL": 3.0, "T_MIN_CIUD": 1.0, "DIF_TERMIC": 2.0 }, "geometry": { "type": "MultiPolygon", "coordinates": [ [ [ [ -116.95687706816841, 32.497004560665758 ], [ -116.95660757358317, 32.497004560665758 ], [ -116.95660757358317, 32.496735066080518 ], [ -116.956338078997945, 32.496735066080518 ], [ -116.956338078997945, 32.496465571495285 ], [ -116.956068584412705, 32.496465571495285 ], [ -116.956068584412705, 32.496196076910046 ], [ -116.955799089827465, 32.496196076910046 ], [ -116.955799089827465, 32.495657087739573 ], [ -116.95499060607176, 32.495657087739573 ], [ -116.95499060607176, 32.495387593154341 ], [ -116.955260100657, 32.495387593154341 ], [ -116.955260100657, 32.494848603983868 ], [ -116.955799089827465, 32.494848603983868 ], [ -116.955799089827465, 32.495118098569101 ], [ -116.956068584412705, 32.495118098569101 ], [ -116.956068584412705, 32.494579109398629 ], [ -116.95687706816841, 32.494579109398629 ], [ -116.95687706816841, 32.494309614813396 ], [ -116.95714656275365, 32.494309614813396 ], [ -116.95714656275365, 32.494040120228163 ], [ -116.957955046509355, 32.494040120228163 ], [ -116.957955046509355, 32.493501131057691 ], [ -116.95849403567982, 32.493501131057691 ], [ -116.95849403567982, 32.493231636472451 ], [ -116.95876353026506, 32.493231636472451 ], [ -116.95876353026506, 32.492962141887219 ], [ -116.959572014020765, 32.492962141887219 ], [ -116.959572014020765, 32.492692647301979 ], [ -116.959302519435539, 32.492692647301979 ], [ -116.959302519435539, 32.492423152716746 ], [ -116.959841508606004, 32.492423152716746 ], [ -116.959841508606004, 32.492692647301979 ], [ -116.960380497776484, 32.492692647301979 ], [ -116.960380497776484, 32.493231636472451 ], [ -116.960649992361709, 32.493231636472451 ], [ -116.960649992361709, 32.493501131057691 ], [ -116.960111003191244, 32.493501131057691 ], [ -116.960111003191244, 32.493770625642924 ], [ -116.95876353026506, 32.493770625642924 ], [ -116.95876353026506, 32.494579109398629 ], [ -116.959572014020765, 32.494579109398629 ], [ -116.959572014020765, 32.494848603983868 ], [ -116.959841508606004, 32.494848603983868 ], [ -116.959841508606004, 32.495118098569101 ], [ -116.959572014020765, 32.495118098569101 ], [ -116.959572014020765, 32.495387593154341 ], [ -116.959302519435539, 32.495387593154341 ], [ -116.959302519435539, 32.495657087739573 ], [ -116.95876353026506, 32.495657087739573 ], [ -116.95876353026506, 32.495387593154341 ], [ -116.95849403567982, 32.495387593154341 ], [ -116.95849403567982, 32.495657087739573 ], [ -116.957955046509355, 32.495657087739573 ], [ -116.957955046509355, 32.496196076910046 ], [ -116.957685551924115, 32.496196076910046 ], [ -116.957685551924115, 32.496465571495285 ], [ -116.95714656275365, 32.496465571495285 ], [ -116.95714656275365, 32.496196076910046 ], [ -116.95687706816841, 32.496196076910046 ], [ -116.95687706816841, 32.497004560665758 ] ], [ [ -116.95687706816841, 32.495926582324813 ], [ -116.95687706816841, 32.495387593154341 ], [ -116.956068584412705, 32.495387593154341 ], [ -116.956068584412705, 32.495926582324813 ], [ -116.95687706816841, 32.495926582324813 ] ], [ [ -116.95876353026506, 32.495118098569101 ], [ -116.95876353026506, 32.494848603983868 ], [ -116.95849403567982, 32.494848603983868 ], [ -116.95849403567982, 32.495118098569101 ], [ -116.95876353026506, 32.495118098569101 ] ], [ [ -116.958224541094594, 32.494309614813396 ], [ -116.958224541094594, 32.494040120228163 ], [ -116.957955046509355, 32.494040120228163 ], [ -116.957955046509355, 32.494309614813396 ], [ -116.958224541094594, 32.494309614813396 ] ], [ [ -116.960111003191244, 32.493231636472451 ], [ -116.960111003191244, 32.492962141887219 ], [ -116.959572014020765, 32.492962141887219 ], [ -116.959572014020765, 32.493231636472451 ], [ -116.960111003191244, 32.493231636472451 ] ] ] ] } },
{ "type": "Feature", "properties": { "ZONA_MET": "Tijuana", "INTENSIDAD": "Intensa", "T_PROM_POL": 3.0, "T_MIN_CIUD": 1.0, "DIF_TERMIC": 2.0 }, "geometry": { "type": "MultiPolygon", "coordinates": [ [ [ [ -116.9342395230086, 32.493501131057691 ], [ -116.933700533838135, 32.493501131057691 ], [ -116.933700533838135, 32.493231636472451 ], [ -116.932892050082415, 32.493231636472451 ], [ -116.932892050082415, 32.492962141887219 ], [ -116.93208356632671, 32.492962141887219 ], [ -116.93208356632671, 32.492692647301979 ], [ -116.931814071741471, 32.492692647301979 ], [ -116.931814071741471, 32.492423152716746 ], [ -116.933700533838135, 32.492423152716746 ], [ -116.933700533838135, 32.492692647301979 ], [ -116.9342395230086, 32.492692647301979 ], [ -116.9342395230086, 32.493501131057691 ] ] ] ] } },
{ "type": "Feature", "properties": { "ZONA_MET": "Tijuana", "INTENSIDAD": "Intensa", "T_PROM_POL": 3.0, "T_MIN_CIUD": 1.0, "DIF_TERMIC": 2.0 }, "geometry": { "type": "MultiPolygon", "coordinates": [ [ [ [ -116.943132844321383, 32.494848603983868 ], [ -116.942593855150918, 32.494848603983868 ], [ -116.942593855150918, 32.494579109398629 ], [ -116.942324360565678, 32.494579109398629 ], [ -116.942324360565678, 32.493501131057691 ], [ -116.942593855150918, 32.493501131057691 ], [ -116.942593855150918, 32.493231636472451 ], [ -116.942863349736143, 32.493231636472451 ], [ -116.942863349736143, 32.493501131057691 ], [ -116.943132844321383, 32.493501131057691 ], [ -116.943132844321383, 32.492962141887219 ], [ -116.942863349736143, 32.492962141887219 ], [ -116.942863349736143, 32.492423152716746 ], [ -116.943132844321383, 32.492423152716746 ], [ -116.943132844321383, 32.492153658131507 ], [ -116.944210822662328, 32.492153658131507 ], [ -116.944210822662328, 32.491884163546274 ], [ -116.944480317247567, 32.491884163546274 ], [ -116.944480317247567, 32.492153658131507 ], [ -116.944749811832793, 32.492153658131507 ], [ -116.944749811832793, 32.492962141887219 ], [ -116.944480317247567, 32.492962141887219 ], [ -116.944480317247567, 32.493231636472451 ], [ -116.944210822662328, 32.493231636472451 ], [ -116.944210822662328, 32.494040120228163 ], [ -116.943941328077088, 32.494040120228163 ], [ -116.943941328077088, 32.494579109398629 ], [ -116.943132844321383, 32.494579109398629 ], [ -116.943132844321383, 32.494848603983868 ] ], [ [ -116.943402338906623, 32.492962141887219 ], [ -116.943402338906623, 32.492692647301979 ], [ -116.943132844321383, 32.492692647301979 ], [ -116.943132844321383, 32.492962141887219 ], [ -116.943402338906623, 32.492962141887219 ] ] ] ] } },
{ "type": "Feature", "properties": { "ZONA_MET": "Tijuana", "INTENSIDAD": "Intensa", "T_PROM_POL": 3.0, "T_MIN_CIUD": 1.0, "DIF_TERMIC": 2.0 }, "geometry": { "type": "MultiPolygon", "coordinates": [ [ [ [ -116.846384288221714, 32.494040120228163 ], [ -116.845845299051234, 32.494040120228163 ], [ -116.845845299051234, 32.493770625642924 ], [ -116.844497826125064, 32.493770625642924 ], [ -116.844497826125064, 32.493501131057691 ], [ -116.843958836954585, 32.493501131057691 ], [ -116.843958836954585, 32.491884163546274 ], [ -116.844228331539824, 32.491884163546274 ], [ -116.844228331539824, 32.491075679790569 ], [ -116.844767320710289, 32.491075679790569 ], [ -116.844767320710289, 32.490806185205329 ], [ -116.845306309880769, 32.490806185205329 ], [ -116.845306309880769, 32.491075679790569 ], [ -116.845575804466009, 32.491075679790569 ], [ -116.845575804466009, 32.490806185205329 ], [ -116.846114793636474, 32.490806185205329 ], [ -116.846114793636474, 32.491345174375802 ], [ -116.846653782806953, 32.491345174375802 ], [ -116.846653782806953, 32.491614668961034 ], [ -116.847462266562658, 32.491614668961034 ], [ -116.847462266562658, 32.492153658131507 ], [ -116.847192771977419, 32.492153658131507 ], [ -116.847192771977419, 32.492962141887219 ], [ -116.846384288221714, 32.492962141887219 ], [ -116.846384288221714, 32.494040120228163 ] ], [ [ -116.845036815295529, 32.493501131057691 ], [ -116.845036815295529, 32.493231636472451 ], [ -116.844767320710289, 32.493231636472451 ], [ -116.844767320710289, 32.493501131057691 ], [ -116.845036815295529, 32.493501131057691 ] ], [ [ -116.846384288221714, 32.492692647301979 ], [ -116.846384288221714, 32.491884163546274 ], [ -116.846114793636474, 32.491884163546274 ], [ -116.846114793636474, 32.491614668961034 ], [ -116.845845299051234, 32.491614668961034 ], [ -116.845845299051234, 32.492153658131507 ], [ -116.845575804466009, 32.492153658131507 ], [ -116.845575804466009, 32.492692647301979 ], [ -116.846384288221714, 32.492692647301979 ] ] ] ] } },
{ "type": "Feature", "properties": { "ZONA_MET": "Tijuana", "INTENSIDAD": "Intensa", "T_PROM_POL": 3.0, "T_MIN_CIUD": 1.0, "DIF_TERMIC": 2.0 }, "geometry": { "type": "MultiPolygon", "coordinates": [ [ [ [ -116.928849631303876, 32.491884163546274 ], [ -116.927502158377706, 32.491884163546274 ], [ -116.927502158377706, 32.490806185205329 ], [ -116.928310642133411, 32.490806185205329 ], [ -116.928310642133411, 32.491075679790569 ], [ -116.928849631303876, 32.491075679790569 ], [ -116.928849631303876, 32.491884163546274 ] ] ] ] } },
{ "type": "Feature", "properties": { "ZONA_MET": "Tijuana", "INTENSIDAD": "Intensa", "T_PROM_POL": 3.0, "T_MIN_CIUD": 1.0, "DIF_TERMIC": 2.0 }, "geometry": { "type": "MultiPolygon", "coordinates": [ [ [ [ -116.851504685341197, 32.496465571495285 ], [ -116.850696201585478, 32.496465571495285 ], [ -116.850696201585478, 32.496196076910046 ], [ -116.850157212415013, 32.496196076910046 ], [ -116.850157212415013, 32.495926582324813 ], [ -116.850426707000253, 32.495926582324813 ], [ -116.850426707000253, 32.495657087739573 ], [ -116.850157212415013, 32.495657087739573 ], [ -116.850157212415013, 32.495118098569101 ], [ -116.850696201585478, 32.495118098569101 ], [ -116.850696201585478, 32.494848603983868 ], [ -116.850965696170718, 32.494848603983868 ], [ -116.850965696170718, 32.494309614813396 ], [ -116.850696201585478, 32.494309614813396 ], [ -116.850696201585478, 32.494040120228163 ], [ -116.850965696170718, 32.494040120228163 ], [ -116.850965696170718, 32.492962141887219 ], [ -116.850696201585478, 32.492962141887219 ], [ -116.850696201585478, 32.491075679790569 ], [ -116.850965696170718, 32.491075679790569 ], [ -116.850965696170718, 32.490806185205329 ], [ -116.851235190755958, 32.490806185205329 ], [ -116.851235190755958, 32.490536690620097 ], [ -116.851504685341197, 32.490536690620097 ], [ -116.851504685341197, 32.490806185205329 ], [ -116.852313169096902, 32.490806185205329 ], [ -116.852313169096902, 32.491075679790569 ], [ -116.852582663682142, 32.491075679790569 ], [ -116.852582663682142, 32.491884163546274 ], [ -116.852852158267368, 32.491884163546274 ], [ -116.852852158267368, 32.494848603983868 ], [ -116.852313169096902, 32.494848603983868 ], [ -116.852313169096902, 32.494579109398629 ], [ -116.852582663682142, 32.494579109398629 ], [ -116.852582663682142, 32.494040120228163 ], [ -116.852043674511663, 32.494040120228163 ], [ -116.852043674511663, 32.494579109398629 ], [ -116.851774179926423, 32.494579109398629 ], [ -116.851774179926423, 32.495926582324813 ], [ -116.851504685341197, 32.495926582324813 ], [ -116.851504685341197, 32.496465571495285 ] ], [ [ -116.852313169096902, 32.493501131057691 ], [ -116.852313169096902, 32.493231636472451 ], [ -116.851774179926423, 32.493231636472451 ], [ -116.851774179926423, 32.493501131057691 ], [ -116.852313169096902, 32.493501131057691 ] ], [ [ -116.851774179926423, 32.493231636472451 ], [ -116.851774179926423, 32.492962141887219 ], [ -116.852313169096902, 32.492962141887219 ], [ -116.852313169096902, 32.492692647301979 ], [ -116.851504685341197, 32.492692647301979 ], [ -116.851504685341197, 32.493231636472451 ], [ -116.851774179926423, 32.493231636472451 ] ], [ [ -116.851504685341197, 32.492692647301979 ], [ -116.851504685341197, 32.492423152716746 ], [ -116.851235190755958, 32.492423152716746 ], [ -116.851235190755958, 32.492692647301979 ], [ -116.851504685341197, 32.492692647301979 ] ] ] ] } },
{ "type": "Feature", "properties": { "ZONA_MET": "Tijuana", "INTENSIDAD": "Intensa", "T_PROM_POL": 3.0, "T_MIN_CIUD": 1.0, "DIF_TERMIC": 2.0 }, "geometry": { "type": "MultiPolygon", "coordinates": [ [ [ [ -116.949061725196572, 32.493501131057691 ], [ -116.948522736026106, 32.493501131057691 ], [ -116.948522736026106, 32.492962141887219 ], [ -116.948253241440867, 32.492962141887219 ], [ -116.948253241440867, 32.492153658131507 ], [ -116.947983746855627, 32.492153658131507 ], [ -116.947983746855627, 32.491345174375802 ], [ -116.947714252270387, 32.491345174375802 ], [ -116.947714252270387, 32.491075679790569 ], [ -116.947444757685162, 32.491075679790569 ], [ -116.947444757685162, 32.490536690620097 ], [ -116.947714252270387, 32.490536690620097 ], [ -116.947714252270387, 32.490806185205329 ], [ -116.948522736026106, 32.490806185205329 ], [ -116.948522736026106, 32.491075679790569 ], [ -116.949331219781811, 32.491075679790569 ], [ -116.949331219781811, 32.491614668961034 ], [ -116.949061725196572, 32.491614668961034 ], [ -116.949061725196572, 32.492153658131507 ], [ -116.949600714367037, 32.492153658131507 ], [ -116.949600714367037, 32.492423152716746 ], [ -116.949331219781811, 32.492423152716746 ], [ -116.949331219781811, 32.492962141887219 ], [ -116.949061725196572, 32.492962141887219 ], [ -116.949061725196572, 32.493501131057691 ] ], [ [ -116.949061725196572, 32.492962141887219 ], [ -116.949061725196572, 32.492692647301979 ], [ -116.948792230611332, 32.492692647301979 ], [ -116.948792230611332, 32.492962141887219 ], [ -116.949061725196572, 32.492962141887219 ] ], [ [ -116.948522736026106, 32.492153658131507 ], [ -116.948522736026106, 32.491884163546274 ], [ -116.948253241440867, 32.491884163546274 ], [ -116.948253241440867, 32.492153658131507 ], [ -116.948522736026106, 32.492153658131507 ] ] ] ] } },
{ "type": "Feature", "properties": { "ZONA_MET": "Tijuana", "INTENSIDAD": "Intensa", "T_PROM_POL": 3.0, "T_MIN_CIUD": 1.0, "DIF_TERMIC": 2.0 }, "geometry": { "type": "MultiPolygon", "coordinates": [ [ [ [ -116.958224541094594, 32.492962141887219 ], [ -116.95687706816841, 32.492962141887219 ], [ -116.95687706816841, 32.492692647301979 ], [ -116.956068584412705, 32.492692647301979 ], [ -116.956068584412705, 32.492153658131507 ], [ -116.955799089827465, 32.492153658131507 ], [ -116.955799089827465, 32.491884163546274 ], [ -116.955260100657, 32.491884163546274 ], [ -116.955260100657, 32.491614668961034 ], [ -116.95499060607176, 32.491614668961034 ], [ -116.95499060607176, 32.491884163546274 ], [ -116.954721111486521, 32.491884163546274 ], [ -116.954721111486521, 32.492153658131507 ], [ -116.954182122316055, 32.492153658131507 ], [ -116.954182122316055, 32.491345174375802 ], [ -116.953643133145576, 32.491345174375802 ], [ -116.953643133145576, 32.490806185205329 ], [ -116.954182122316055, 32.490806185205329 ], [ -116.954182122316055, 32.490536690620097 ], [ -116.954451616901295, 32.490536690620097 ], [ -116.954451616901295, 32.490267196034857 ], [ -116.95499060607176, 32.490267196034857 ], [ -116.95499060607176, 32.490536690620097 ], [ -116.955260100657, 32.490536690620097 ], [ -116.955260100657, 32.491075679790569 ], [ -116.955799089827465, 32.491075679790569 ], [ -116.955799089827465, 32.490536690620097 ], [ -116.956068584412705, 32.490536690620097 ], [ -116.956068584412705, 32.490806185205329 ], [ -116.95660757358317, 32.490806185205329 ], [ -116.95660757358317, 32.491345174375802 ], [ -116.958224541094594, 32.491345174375802 ], [ -116.958224541094594, 32.491614668961034 ], [ -116.957955046509355, 32.491614668961034 ], [ -116.957955046509355, 32.491884163546274 ], [ -116.958224541094594, 32.491884163546274 ], [ -116.958224541094594, 32.492153658131507 ], [ -116.95849403567982, 32.492153658131507 ], [ -116.95849403567982, 32.492692647301979 ], [ -116.958224541094594, 32.492692647301979 ], [ -116.958224541094594, 32.492962141887219 ] ], [ [ -116.957685551924115, 32.492692647301979 ], [ -116.957685551924115, 32.492153658131507 ], [ -116.95687706816841, 32.492153658131507 ], [ -116.95687706816841, 32.492692647301979 ], [ -116.957685551924115, 32.492692647301979 ] ], [ [ -116.95687706816841, 32.492153658131507 ], [ -116.95687706816841, 32.491884163546274 ], [ -116.95660757358317, 32.491884163546274 ], [ -116.95660757358317, 32.492153658131507 ], [ -116.95687706816841, 32.492153658131507 ] ], [ [ -116.956338078997945, 32.491345174375802 ], [ -116.956338078997945, 32.491075679790569 ], [ -116.955799089827465, 32.491075679790569 ], [ -116.955799089827465, 32.491345174375802 ], [ -116.956338078997945, 32.491345174375802 ] ] ] ] } },
{ "type": "Feature", "properties": { "ZONA_MET": "Tijuana", "INTENSIDAD": "Intensa", "T_PROM_POL": 3.0, "T_MIN_CIUD": 1.0, "DIF_TERMIC": 2.0 }, "geometry": { "type": "MultiPolygon", "coordinates": [ [ [ [ -116.960111003191244, 32.491345174375802 ], [ -116.959841508606004, 32.491345174375802 ], [ -116.959841508606004, 32.491075679790569 ], [ -116.959572014020765, 32.491075679790569 ], [ -116.959572014020765, 32.490806185205329 ], [ -116.95849403567982, 32.490806185205329 ], [ -116.95849403567982, 32.490536690620097 ], [ -116.959302519435539, 32.490536690620097 ], [ -116.959302519435539, 32.490267196034857 ], [ -116.960111003191244, 32.490267196034857 ], [ -116.960111003191244, 32.489728206864385 ], [ -116.960380497776484, 32.489728206864385 ], [ -116.960380497776484, 32.490806185205329 ], [ -116.960111003191244, 32.490806185205329 ], [ -116.960111003191244, 32.491345174375802 ] ] ] ] } },
{ "type": "Feature", "properties": { "ZONA_MET": "Tijuana", "INTENSIDAD": "Intensa", "T_PROM_POL": 3.0, "T_MIN_CIUD": 1.0, "DIF_TERMIC": 2.0 }, "geometry": { "type": "MultiPolygon", "coordinates": [ [ [ [ -116.881957573472846, 32.490536690620097 ], [ -116.880879595131901, 32.490536690620097 ], [ -116.880879595131901, 32.490267196034857 ], [ -116.880340605961422, 32.490267196034857 ], [ -116.880340605961422, 32.489997701449624 ], [ -116.881149089717141, 32.489997701449624 ], [ -116.881149089717141, 32.489458712279152 ], [ -116.881688078887606, 32.489458712279152 ], [ -116.881688078887606, 32.489728206864385 ], [ -116.881957573472846, 32.489728206864385 ], [ -116.881957573472846, 32.489997701449624 ], [ -116.882227068058086, 32.489997701449624 ], [ -116.882227068058086, 32.490267196034857 ], [ -116.881957573472846, 32.490267196034857 ], [ -116.881957573472846, 32.490536690620097 ] ] ] ] } },
{ "type": "Feature", "properties": { "ZONA_MET": "Tijuana", "INTENSIDAD": "Intensa", "T_PROM_POL": 3.0, "T_MIN_CIUD": 1.0, "DIF_TERMIC": 2.0 }, "geometry": { "type": "MultiPolygon", "coordinates": [ [ [ [ -116.970621292015437, 32.494040120228163 ], [ -116.970351797430197, 32.494040120228163 ], [ -116.970351797430197, 32.493770625642924 ], [ -116.969812808259732, 32.493770625642924 ], [ -116.969812808259732, 32.493231636472451 ], [ -116.970082302844972, 32.493231636472451 ], [ -116.970082302844972, 32.492153658131507 ], [ -116.970351797430197, 32.492153658131507 ], [ -116.970351797430197, 32.492423152716746 ], [ -116.970621292015437, 32.492423152716746 ], [ -116.970621292015437, 32.491075679790569 ], [ -116.970890786600677, 32.491075679790569 ], [ -116.970890786600677, 32.490536690620097 ], [ -116.971429775771142, 32.490536690620097 ], [ -116.971429775771142, 32.490267196034857 ], [ -116.971699270356382, 32.490267196034857 ], [ -116.971699270356382, 32.489728206864385 ], [ -116.971968764941622, 32.489728206864385 ], [ -116.971968764941622, 32.489458712279152 ], [ -116.972238259526861, 32.489458712279152 ], [ -116.972238259526861, 32.489189217693912 ], [ -116.972507754112087, 32.489189217693912 ], [ -116.972507754112087, 32.48891972310868 ], [ -116.972777248697327, 32.48891972310868 ], [ -116.972777248697327, 32.488380733938207 ], [ -116.973316237867792, 32.488380733938207 ], [ -116.973316237867792, 32.48865022852344 ], [ -116.973585732453031, 32.48865022852344 ], [ -116.973585732453031, 32.489728206864385 ], [ -116.973316237867792, 32.489728206864385 ], [ -116.973316237867792, 32.489997701449624 ], [ -116.973585732453031, 32.489997701449624 ], [ -116.973585732453031, 32.490536690620097 ], [ -116.972507754112087, 32.490536690620097 ], [ -116.972507754112087, 32.490806185205329 ], [ -116.972238259526861, 32.490806185205329 ], [ -116.972238259526861, 32.491075679790569 ], [ -116.971968764941622, 32.491075679790569 ], [ -116.971968764941622, 32.491345174375802 ], [ -116.971429775771142, 32.491345174375802 ], [ -116.971429775771142, 32.492153658131507 ], [ -116.971699270356382, 32.492153658131507 ], [ -116.971699270356382, 32.492962141887219 ], [ -116.971429775771142, 32.492962141887219 ], [ -116.971429775771142, 32.493231636472451 ], [ -116.970890786600677, 32.493231636472451 ], [ -116.970890786600677, 32.493770625642924 ], [ -116.970621292015437, 32.493770625642924 ], [ -116.970621292015437, 32.494040120228163 ] ], [ [ -116.970621292015437, 32.493501131057691 ], [ -116.970621292015437, 32.493231636472451 ], [ -116.970082302844972, 32.493231636472451 ], [ -116.970082302844972, 32.493501131057691 ], [ -116.970621292015437, 32.493501131057691 ] ], [ [ -116.971429775771142, 32.492962141887219 ], [ -116.971429775771142, 32.492692647301979 ], [ -116.970890786600677, 32.492692647301979 ], [ -116.970890786600677, 32.492962141887219 ], [ -116.971429775771142, 32.492962141887219 ] ], [ [ -116.972777248697327, 32.489997701449624 ], [ -116.972777248697327, 32.489458712279152 ], [ -116.972238259526861, 32.489458712279152 ], [ -116.972238259526861, 32.489728206864385 ], [ -116.972507754112087, 32.489728206864385 ], [ -116.972507754112087, 32.489997701449624 ], [ -116.972777248697327, 32.489997701449624 ] ] ] ] } },
{ "type": "Feature", "properties": { "ZONA_MET": "Tijuana", "INTENSIDAD": "Intensa", "T_PROM_POL": 3.0, "T_MIN_CIUD": 1.0, "DIF_TERMIC": 2.0 }, "geometry": { "type": "MultiPolygon", "coordinates": [ [ [ [ -116.915105407456849, 32.490536690620097 ], [ -116.914835912871624, 32.490536690620097 ], [ -116.914835912871624, 32.490267196034857 ], [ -116.914027429115905, 32.490267196034857 ], [ -116.914027429115905, 32.489458712279152 ], [ -116.914296923701144, 32.489458712279152 ], [ -116.914296923701144, 32.48891972310868 ], [ -116.914566418286384, 32.48891972310868 ], [ -116.914566418286384, 32.488380733938207 ], [ -116.914835912871624, 32.488380733938207 ], [ -116.914835912871624, 32.489189217693912 ], [ -116.915105407456849, 32.489189217693912 ], [ -116.915105407456849, 32.489458712279152 ], [ -116.915374902042089, 32.489458712279152 ], [ -116.915374902042089, 32.489189217693912 ], [ -116.916183385797794, 32.489189217693912 ], [ -116.916183385797794, 32.48891972310868 ], [ -116.916452880383034, 32.48891972310868 ], [ -116.916452880383034, 32.489458712279152 ], [ -116.916183385797794, 32.489458712279152 ], [ -116.916183385797794, 32.489728206864385 ], [ -116.915374902042089, 32.489728206864385 ], [ -116.915374902042089, 32.490267196034857 ], [ -116.915105407456849, 32.490267196034857 ], [ -116.915105407456849, 32.490536690620097 ] ] ] ] } },
{ "type": "Feature", "properties": { "ZONA_MET": "Tijuana", "INTENSIDAD": "Intensa", "T_PROM_POL": 3.0, "T_MIN_CIUD": 1.0, "DIF_TERMIC": 2.0 }, "geometry": { "type": "MultiPolygon", "coordinates": [ [ [ [ -116.799222735805444, 32.489189217693912 ], [ -116.798953241220204, 32.489189217693912 ], [ -116.798953241220204, 32.48891972310868 ], [ -116.798683746634964, 32.48891972310868 ], [ -116.798683746634964, 32.48865022852344 ], [ -116.798953241220204, 32.48865022852344 ], [ -116.798953241220204, 32.487841744767735 ], [ -116.799222735805444, 32.487841744767735 ], [ -116.799222735805444, 32.488111239352975 ], [ -116.800839703316854, 32.488111239352975 ], [ -116.800839703316854, 32.488380733938207 ], [ -116.801648187072558, 32.488380733938207 ], [ -116.801648187072558, 32.48865022852344 ], [ -116.801378692487319, 32.48865022852344 ], [ -116.801378692487319, 32.48891972310868 ], [ -116.801109197902093, 32.48891972310868 ], [ -116.801109197902093, 32.48865022852344 ], [ -116.799761724975909, 32.48865022852344 ], [ -116.799761724975909, 32.48891972310868 ], [ -116.799222735805444, 32.48891972310868 ], [ -116.799222735805444, 32.489189217693912 ] ] ] ] } },
{ "type": "Feature", "properties": { "ZONA_MET": "Tijuana", "INTENSIDAD": "Intensa", "T_PROM_POL": 3.0, "T_MIN_CIUD": 1.0, "DIF_TERMIC": 2.0 }, "geometry": { "type": "MultiPolygon", "coordinates": [ [ [ [ -116.974933205379216, 32.489728206864385 ], [ -116.974124721623511, 32.489728206864385 ], [ -116.974124721623511, 32.489189217693912 ], [ -116.974394216208736, 32.489189217693912 ], [ -116.974394216208736, 32.48891972310868 ], [ -116.974124721623511, 32.48891972310868 ], [ -116.974124721623511, 32.48865022852344 ], [ -116.974394216208736, 32.48865022852344 ], [ -116.974394216208736, 32.488380733938207 ], [ -116.973585732453031, 32.488380733938207 ], [ -116.973585732453031, 32.488111239352975 ], [ -116.973316237867792, 32.488111239352975 ], [ -116.973316237867792, 32.487841744767735 ], [ -116.973585732453031, 32.487841744767735 ], [ -116.973585732453031, 32.487572250182502 ], [ -116.973855227038271, 32.487572250182502 ], [ -116.973855227038271, 32.487841744767735 ], [ -116.974124721623511, 32.487841744767735 ], [ -116.974124721623511, 32.487572250182502 ], [ -116.974394216208736, 32.487572250182502 ], [ -116.974394216208736, 32.488111239352975 ], [ -116.974933205379216, 32.488111239352975 ], [ -116.974933205379216, 32.48891972310868 ], [ -116.975202699964456, 32.48891972310868 ], [ -116.975202699964456, 32.489458712279152 ], [ -116.974933205379216, 32.489458712279152 ], [ -116.974933205379216, 32.489728206864385 ] ] ] ] } },
{ "type": "Feature", "properties": { "ZONA_MET": "Tijuana", "INTENSIDAD": "Extrema", "T_PROM_POL": 3.0, "T_MIN_CIUD": 1.0, "DIF_TERMIC": 2.0 }, "geometry": { "type": "MultiPolygon", "coordinates": [ [ [ [ -116.915374902042089, 32.489458712279152 ], [ -116.915105407456849, 32.489458712279152 ], [ -116.915105407456849, 32.489189217693912 ], [ -116.914835912871624, 32.489189217693912 ], [ -116.914835912871624, 32.487302755597263 ], [ -116.915105407456849, 32.487302755597263 ], [ -116.915105407456849, 32.48676376642679 ], [ -116.916722374968273, 32.48676376642679 ], [ -116.916722374968273, 32.487302755597263 ], [ -116.916991869553499, 32.487302755597263 ], [ -116.916991869553499, 32.488111239352975 ], [ -116.916722374968273, 32.488111239352975 ], [ -116.916722374968273, 32.48865022852344 ], [ -116.916452880383034, 32.48865022852344 ], [ -116.916452880383034, 32.48891972310868 ], [ -116.916183385797794, 32.48891972310868 ], [ -116.916183385797794, 32.489189217693912 ], [ -116.915374902042089, 32.489189217693912 ], [ -116.915374902042089, 32.489458712279152 ] ] ] ] } },
{ "type": "Feature", "properties": { "ZONA_MET": "Tijuana", "INTENSIDAD": "Intensa", "T_PROM_POL": 3.0, "T_MIN_CIUD": 1.0, "DIF_TERMIC": 2.0 }, "geometry": { "type": "MultiPolygon", "coordinates": [ [ [ [ -116.916991869553499, 32.492962141887219 ], [ -116.916722374968273, 32.492962141887219 ], [ -116.916722374968273, 32.492692647301979 ], [ -116.916452880383034, 32.492692647301979 ], [ -116.916452880383034, 32.491614668961034 ], [ -116.916722374968273, 32.491614668961034 ], [ -116.916722374968273, 32.491075679790569 ], [ -116.916452880383034, 32.491075679790569 ], [ -116.916452880383034, 32.490806185205329 ], [ -116.916183385797794, 32.490806185205329 ], [ -116.916183385797794, 32.491075679790569 ], [ -116.915644396627329, 32.491075679790569 ], [ -116.915644396627329, 32.490536690620097 ], [ -116.916183385797794, 32.490536690620097 ], [ -116.916183385797794, 32.490267196034857 ], [ -116.916722374968273, 32.490267196034857 ], [ -116.916722374968273, 32.490806185205329 ], [ -116.917261364138739, 32.490806185205329 ], [ -116.917261364138739, 32.490536690620097 ], [ -116.916991869553499, 32.490536690620097 ], [ -116.916991869553499, 32.489997701449624 ], [ -116.916452880383034, 32.489997701449624 ], [ -116.916452880383034, 32.489728206864385 ], [ -116.916722374968273, 32.489728206864385 ], [ -116.916722374968273, 32.48891972310868 ], [ -116.916991869553499, 32.48891972310868 ], [ -116.916991869553499, 32.489458712279152 ], [ -116.917261364138739, 32.489458712279152 ], [ -116.917261364138739, 32.48891972310868 ], [ -116.918339342479683, 32.48891972310868 ], [ -116.918339342479683, 32.48865022852344 ], [ -116.918069847894444, 32.48865022852344 ], [ -116.918069847894444, 32.488380733938207 ], [ -116.917530858723978, 32.488380733938207 ], [ -116.917530858723978, 32.488111239352975 ], [ -116.917800353309218, 32.488111239352975 ], [ -116.917800353309218, 32.487841744767735 ], [ -116.917261364138739, 32.487841744767735 ], [ -116.917261364138739, 32.488380733938207 ], [ -116.916991869553499, 32.488380733938207 ], [ -116.916991869553499, 32.48865022852344 ], [ -116.916722374968273, 32.48865022852344 ], [ -116.916722374968273, 32.488111239352975 ], [ -116.916991869553499, 32.488111239352975 ], [ -116.916991869553499, 32.487302755597263 ], [ -116.916722374968273, 32.487302755597263 ], [ -116.916722374968273, 32.48676376642679 ], [ -116.915105407456849, 32.48676376642679 ], [ -116.915105407456849, 32.486494271841558 ], [ -116.915644396627329, 32.486494271841558 ], [ -116.915644396627329, 32.486224777256318 ], [ -116.917800353309218, 32.486224777256318 ], [ -116.917800353309218, 32.486494271841558 ], [ -116.918339342479683, 32.486494271841558 ], [ -116.918339342479683, 32.487572250182502 ], [ -116.918608837064923, 32.487572250182502 ], [ -116.918608837064923, 32.487841744767735 ], [ -116.919147826235388, 32.487841744767735 ], [ -116.919147826235388, 32.488111239352975 ], [ -116.919686815405868, 32.488111239352975 ], [ -116.919686815405868, 32.488380733938207 ], [ -116.919956309991093, 32.488380733938207 ], [ -116.919956309991093, 32.489997701449624 ], [ -116.918878331650163, 32.489997701449624 ], [ -116.918878331650163, 32.490806185205329 ], [ -116.919147826235388, 32.490806185205329 ], [ -116.919147826235388, 32.490536690620097 ], [ -116.919956309991093, 32.490536690620097 ], [ -116.919956309991093, 32.490267196034857 ], [ -116.920225804576333, 32.490267196034857 ], [ -116.920225804576333, 32.489997701449624 ], [ -116.920495299161573, 32.489997701449624 ], [ -116.920495299161573, 32.489458712279152 ], [ -116.920764793746812, 32.489458712279152 ], [ -116.920764793746812, 32.489189217693912 ], [ -116.921303782917278, 32.489189217693912 ], [ -116.921303782917278, 32.489997701449624 ], [ -116.921573277502517, 32.489997701449624 ], [ -116.921573277502517, 32.490267196034857 ], [ -116.922112266672983, 32.490267196034857 ], [ -116.922112266672983, 32.490806185205329 ], [ -116.921842772087757, 32.490806185205329 ], [ -116.921842772087757, 32.492153658131507 ], [ -116.918878331650163, 32.492153658131507 ], [ -116.918878331650163, 32.492423152716746 ], [ -116.918608837064923, 32.492423152716746 ], [ -116.918608837064923, 32.492153658131507 ], [ -116.918339342479683, 32.492153658131507 ], [ -116.918339342479683, 32.491884163546274 ], [ -116.918069847894444, 32.491884163546274 ], [ -116.918069847894444, 32.492423152716746 ], [ -116.917261364138739, 32.492423152716746 ], [ -116.917261364138739, 32.492692647301979 ], [ -116.916991869553499, 32.492692647301979 ], [ -116.916991869553499, 32.492962141887219 ] ], [ [ -116.920495299161573, 32.491614668961034 ], [ -116.920495299161573, 32.491345174375802 ], [ -116.920225804576333, 32.491345174375802 ], [ -116.920225804576333, 32.491614668961034 ], [ -116.920495299161573, 32.491614668961034 ] ], [ [ -116.918608837064923, 32.491345174375802 ], [ -116.918608837064923, 32.491075679790569 ], [ -116.918878331650163, 32.491075679790569 ], [ -116.918878331650163, 32.490806185205329 ], [ -116.918339342479683, 32.490806185205329 ], [ -116.918339342479683, 32.491345174375802 ], [ -116.918608837064923, 32.491345174375802 ] ], [ [ -116.921573277502517, 32.490536690620097 ], [ -116.921573277502517, 32.490267196034857 ], [ -116.920764793746812, 32.490267196034857 ], [ -116.920764793746812, 32.490536690620097 ], [ -116.921573277502517, 32.490536690620097 ] ], [ [ -116.918339342479683, 32.490267196034857 ], [ -116.918339342479683, 32.489997701449624 ], [ -116.918069847894444, 32.489997701449624 ], [ -116.918069847894444, 32.489728206864385 ], [ -116.917800353309218, 32.489728206864385 ], [ -116.917800353309218, 32.490267196034857 ], [ -116.918339342479683, 32.490267196034857 ] ], [ [ -116.918878331650163, 32.489728206864385 ], [ -116.918878331650163, 32.489458712279152 ], [ -116.918608837064923, 32.489458712279152 ], [ -116.918608837064923, 32.489189217693912 ], [ -116.918339342479683, 32.489189217693912 ], [ -116.918339342479683, 32.489728206864385 ], [ -116.918878331650163, 32.489728206864385 ] ], [ [ -116.919147826235388, 32.489189217693912 ], [ -116.919147826235388, 32.48891972310868 ], [ -116.918878331650163, 32.48891972310868 ], [ -116.918878331650163, 32.489189217693912 ], [ -116.919147826235388, 32.489189217693912 ] ], [ [ -116.919147826235388, 32.48865022852344 ], [ -116.919147826235388, 32.488380733938207 ], [ -116.918878331650163, 32.488380733938207 ], [ -116.918878331650163, 32.48865022852344 ], [ -116.919147826235388, 32.48865022852344 ] ], [ [ -116.918069847894444, 32.487841744767735 ], [ -116.918069847894444, 32.487572250182502 ], [ -116.917800353309218, 32.487572250182502 ], [ -116.917800353309218, 32.487841744767735 ], [ -116.918069847894444, 32.487841744767735 ] ], [ [ -116.916991869553499, 32.48676376642679 ], [ -116.916991869553499, 32.486494271841558 ], [ -116.916722374968273, 32.486494271841558 ], [ -116.916722374968273, 32.48676376642679 ], [ -116.916991869553499, 32.48676376642679 ] ] ] ] } },
{ "type": "Feature", "properties": { "ZONA_MET": "Tijuana", "INTENSIDAD": "Intensa", "T_PROM_POL": 3.0, "T_MIN_CIUD": 1.0, "DIF_TERMIC": 2.0 }, "geometry": { "type": "MultiPolygon", "coordinates": [ [ [ [ -116.878184649279547, 32.48703326101203 ], [ -116.877645660109067, 32.48703326101203 ], [ -116.877645660109067, 32.48676376642679 ], [ -116.877376165523827, 32.48676376642679 ], [ -116.877376165523827, 32.485955282671085 ], [ -116.879262627620491, 32.485955282671085 ], [ -116.879262627620491, 32.486224777256318 ], [ -116.878184649279547, 32.486224777256318 ], [ -116.878184649279547, 32.48703326101203 ] ] ] ] } },
{ "type": "Feature", "properties": { "ZONA_MET": "Tijuana", "INTENSIDAD": "Intensa", "T_PROM_POL": 3.0, "T_MIN_CIUD": 1.0, "DIF_TERMIC": 2.0 }, "geometry": { "type": "MultiPolygon", "coordinates": [ [ [ [ -116.965231400310728, 32.48703326101203 ], [ -116.963883927384543, 32.48703326101203 ], [ -116.963883927384543, 32.48676376642679 ], [ -116.963614432799304, 32.48676376642679 ], [ -116.963614432799304, 32.48703326101203 ], [ -116.963344938214078, 32.48703326101203 ], [ -116.963344938214078, 32.48676376642679 ], [ -116.963075443628838, 32.48676376642679 ], [ -116.963075443628838, 32.486494271841558 ], [ -116.963344938214078, 32.486494271841558 ], [ -116.963344938214078, 32.485685788085846 ], [ -116.963614432799304, 32.485685788085846 ], [ -116.963614432799304, 32.485416293500613 ], [ -116.963883927384543, 32.485416293500613 ], [ -116.963883927384543, 32.485955282671085 ], [ -116.964422916555009, 32.485955282671085 ], [ -116.964422916555009, 32.485685788085846 ], [ -116.964961905725488, 32.485685788085846 ], [ -116.964961905725488, 32.485955282671085 ], [ -116.965231400310728, 32.485955282671085 ], [ -116.965231400310728, 32.486224777256318 ], [ -116.964961905725488, 32.486224777256318 ], [ -116.964961905725488, 32.48676376642679 ], [ -116.965231400310728, 32.48676376642679 ], [ -116.965231400310728, 32.48703326101203 ] ], [ [ -116.964692411140248, 32.486224777256318 ], [ -116.964692411140248, 32.485955282671085 ], [ -116.964422916555009, 32.485955282671085 ], [ -116.964422916555009, 32.486224777256318 ], [ -116.964692411140248, 32.486224777256318 ] ] ] ] } },
{ "type": "Feature", "properties": { "ZONA_MET": "Tijuana", "INTENSIDAD": "Intensa", "T_PROM_POL": 3.0, "T_MIN_CIUD": 1.0, "DIF_TERMIC": 2.0 }, "geometry": { "type": "MultiPolygon", "coordinates": [ [ [ [ -116.869830317137229, 32.486494271841558 ], [ -116.868752338796284, 32.486494271841558 ], [ -116.868752338796284, 32.486224777256318 ], [ -116.868482844211044, 32.486224777256318 ], [ -116.868482844211044, 32.48514679891538 ], [ -116.869560822551989, 32.48514679891538 ], [ -116.869560822551989, 32.485416293500613 ], [ -116.869830317137229, 32.485416293500613 ], [ -116.869830317137229, 32.486494271841558 ] ] ] ] } },
{ "type": "Feature", "properties": { "ZONA_MET": "Tijuana", "INTENSIDAD": "Extrema", "T_PROM_POL": 3.0, "T_MIN_CIUD": 1.0, "DIF_TERMIC": 2.0 }, "geometry": { "type": "MultiPolygon", "coordinates": [ [ [ [ -116.937203963446194, 32.48703326101203 ], [ -116.936934468860954, 32.48703326101203 ], [ -116.936934468860954, 32.48676376642679 ], [ -116.936125985105249, 32.48676376642679 ], [ -116.936125985105249, 32.485955282671085 ], [ -116.936934468860954, 32.485955282671085 ], [ -116.936934468860954, 32.485416293500613 ], [ -116.937473458031434, 32.485416293500613 ], [ -116.937473458031434, 32.48514679891538 ], [ -116.937742952616659, 32.48514679891538 ], [ -116.937742952616659, 32.485416293500613 ], [ -116.938551436372379, 32.485416293500613 ], [ -116.938551436372379, 32.485955282671085 ], [ -116.939090425542844, 32.485955282671085 ], [ -116.939090425542844, 32.486224777256318 ], [ -116.938820930957604, 32.486224777256318 ], [ -116.938820930957604, 32.486494271841558 ], [ -116.938551436372379, 32.486494271841558 ], [ -116.938551436372379, 32.486224777256318 ], [ -116.938012447201899, 32.486224777256318 ], [ -116.938012447201899, 32.486494271841558 ], [ -116.937473458031434, 32.486494271841558 ], [ -116.937473458031434, 32.48676376642679 ], [ -116.937203963446194, 32.48676376642679 ], [ -116.937203963446194, 32.48703326101203 ] ] ] ] } },
{ "type": "Feature", "properties": { "ZONA_MET": "Tijuana", "INTENSIDAD": "Intensa", "T_PROM_POL": 3.0, "T_MIN_CIUD": 1.0, "DIF_TERMIC": 2.0 }, "geometry": { "type": "MultiPolygon", "coordinates": [ [ [ [ -116.849618223244548, 32.485955282671085 ], [ -116.848809739488829, 32.485955282671085 ], [ -116.848809739488829, 32.485685788085846 ], [ -116.848270750318363, 32.485685788085846 ], [ -116.848270750318363, 32.484607809744908 ], [ -116.848001255733124, 32.484607809744908 ], [ -116.848001255733124, 32.484338315159668 ], [ -116.848270750318363, 32.484338315159668 ], [ -116.848270750318363, 32.484068820574436 ], [ -116.848809739488829, 32.484068820574436 ], [ -116.848809739488829, 32.483799325989196 ], [ -116.848270750318363, 32.483799325989196 ], [ -116.848270750318363, 32.483529831403963 ], [ -116.849348728659308, 32.483529831403963 ], [ -116.849348728659308, 32.484068820574436 ], [ -116.849618223244548, 32.484068820574436 ], [ -116.849618223244548, 32.485416293500613 ], [ -116.849887717829773, 32.485416293500613 ], [ -116.849887717829773, 32.485685788085846 ], [ -116.849618223244548, 32.485685788085846 ], [ -116.849618223244548, 32.485955282671085 ] ] ] ] } },
{ "type": "Feature", "properties": { "ZONA_MET": "Tijuana", "INTENSIDAD": "Intensa", "T_PROM_POL": 3.0, "T_MIN_CIUD": 1.0, "DIF_TERMIC": 2.0 }, "geometry": { "type": "MultiPolygon", "coordinates": [ [ [ [ -116.967926346163082, 32.485416293500613 ], [ -116.967117862407378, 32.485416293500613 ], [ -116.967117862407378, 32.48514679891538 ], [ -116.967387356992603, 32.48514679891538 ], [ -116.967387356992603, 32.484338315159668 ], [ -116.966848367822138, 32.484338315159668 ], [ -116.966848367822138, 32.484068820574436 ], [ -116.967387356992603, 32.484068820574436 ], [ -116.967387356992603, 32.483529831403963 ], [ -116.968195840748322, 32.483529831403963 ], [ -116.968195840748322, 32.483799325989196 ], [ -116.968465335333548, 32.483799325989196 ], [ -116.968465335333548, 32.484068820574436 ], [ -116.967926346163082, 32.484068820574436 ], [ -116.967926346163082, 32.484338315159668 ], [ -116.968195840748322, 32.484338315159668 ], [ -116.968195840748322, 32.484607809744908 ], [ -116.967926346163082, 32.484607809744908 ], [ -116.967926346163082, 32.485416293500613 ] ] ] ] } },
{ "type": "Feature", "properties": { "ZONA_MET": "Tijuana", "INTENSIDAD": "Intensa", "T_PROM_POL": 3.0, "T_MIN_CIUD": 1.0, "DIF_TERMIC": 2.0 }, "geometry": { "type": "MultiPolygon", "coordinates": [ [ [ [ -116.946636273929442, 32.489728206864385 ], [ -116.946097284758977, 32.489728206864385 ], [ -116.946097284758977, 32.489189217693912 ], [ -116.945827790173738, 32.489189217693912 ], [ -116.945827790173738, 32.48891972310868 ], [ -116.946097284758977, 32.48891972310868 ], [ -116.946097284758977, 32.48865022852344 ], [ -116.944749811832793, 32.48865022852344 ], [ -116.944749811832793, 32.488111239352975 ], [ -116.944210822662328, 32.488111239352975 ], [ -116.944210822662328, 32.488380733938207 ], [ -116.943941328077088, 32.488380733938207 ], [ -116.943941328077088, 32.488111239352975 ], [ -116.942863349736143, 32.488111239352975 ], [ -116.942863349736143, 32.487841744767735 ], [ -116.943132844321383, 32.487841744767735 ], [ -116.943132844321383, 32.487572250182502 ], [ -116.942863349736143, 32.487572250182502 ], [ -116.942863349736143, 32.487302755597263 ], [ -116.942054865980438, 32.487302755597263 ], [ -116.942054865980438, 32.48703326101203 ], [ -116.941246382224733, 32.48703326101203 ], [ -116.941246382224733, 32.48676376642679 ], [ -116.939898909298549, 32.48676376642679 ], [ -116.939898909298549, 32.48703326101203 ], [ -116.939359920128084, 32.48703326101203 ], [ -116.939359920128084, 32.487302755597263 ], [ -116.939629414713323, 32.487302755597263 ], [ -116.939629414713323, 32.487841744767735 ], [ -116.937742952616659, 32.487841744767735 ], [ -116.937742952616659, 32.48676376642679 ], [ -116.938012447201899, 32.48676376642679 ], [ -116.938012447201899, 32.486494271841558 ], [ -116.938820930957604, 32.486494271841558 ], [ -116.938820930957604, 32.486224777256318 ], [ -116.939090425542844, 32.486224777256318 ], [ -116.939090425542844, 32.485685788085846 ], [ -116.938820930957604, 32.485685788085846 ], [ -116.938820930957604, 32.485955282671085 ], [ -116.938551436372379, 32.485955282671085 ], [ -116.938551436372379, 32.485416293500613 ], [ -116.937742952616659, 32.485416293500613 ], [ -116.937742952616659, 32.48514679891538 ], [ -116.938551436372379, 32.48514679891538 ], [ -116.938551436372379, 32.484877304330141 ], [ -116.938820930957604, 32.484877304330141 ], [ -116.938820930957604, 32.484607809744908 ], [ -116.939090425542844, 32.484607809744908 ], [ -116.939090425542844, 32.484877304330141 ], [ -116.939359920128084, 32.484877304330141 ], [ -116.939359920128084, 32.485685788085846 ], [ -116.939629414713323, 32.485685788085846 ], [ -116.939629414713323, 32.484607809744908 ], [ -116.939898909298549, 32.484607809744908 ], [ -116.939898909298549, 32.484068820574436 ], [ -116.940437898469028, 32.484068820574436 ], [ -116.940437898469028, 32.482990842233491 ], [ -116.939898909298549, 32.482990842233491 ], [ -116.939898909298549, 32.482721347648251 ], [ -116.939629414713323, 32.482721347648251 ], [ -116.939629414713323, 32.482182358477786 ], [ -116.939898909298549, 32.482182358477786 ], [ -116.939898909298549, 32.481643369307314 ], [ -116.939629414713323, 32.481643369307314 ], [ -116.939629414713323, 32.481373874722074 ], [ -116.940707393054254, 32.481373874722074 ], [ -116.940707393054254, 32.481104380136841 ], [ -116.940976887639493, 32.481104380136841 ], [ -116.940976887639493, 32.481643369307314 ], [ -116.941515876809973, 32.481643369307314 ], [ -116.941515876809973, 32.481373874722074 ], [ -116.942593855150918, 32.481373874722074 ], [ -116.942593855150918, 32.481912863892546 ], [ -116.942324360565678, 32.481912863892546 ], [ -116.942324360565678, 32.482721347648251 ], [ -116.942054865980438, 32.482721347648251 ], [ -116.942054865980438, 32.482990842233491 ], [ -116.941515876809973, 32.482990842233491 ], [ -116.941515876809973, 32.483529831403963 ], [ -116.941246382224733, 32.483529831403963 ], [ -116.941246382224733, 32.483799325989196 ], [ -116.941515876809973, 32.483799325989196 ], [ -116.941515876809973, 32.484068820574436 ], [ -116.941246382224733, 32.484068820574436 ], [ -116.941246382224733, 32.484607809744908 ], [ -116.942054865980438, 32.484607809744908 ], [ -116.942054865980438, 32.484338315159668 ], [ -116.942324360565678, 32.484338315159668 ], [ -116.942324360565678, 32.484607809744908 ], [ -116.943132844321383, 32.484607809744908 ], [ -116.943132844321383, 32.484338315159668 ], [ -116.943671833491848, 32.484338315159668 ], [ -116.943671833491848, 32.484068820574436 ], [ -116.944480317247567, 32.484068820574436 ], [ -116.944480317247567, 32.484338315159668 ], [ -116.944749811832793, 32.484338315159668 ], [ -116.944749811832793, 32.484068820574436 ], [ -116.945019306418033, 32.484068820574436 ], [ -116.945019306418033, 32.48514679891538 ], [ -116.945558295588512, 32.48514679891538 ], [ -116.945558295588512, 32.485955282671085 ], [ -116.945827790173738, 32.485955282671085 ], [ -116.945827790173738, 32.486224777256318 ], [ -116.946366779344217, 32.486224777256318 ], [ -116.946366779344217, 32.486494271841558 ], [ -116.946636273929442, 32.486494271841558 ], [ -116.946636273929442, 32.487302755597263 ], [ -116.946366779344217, 32.487302755597263 ], [ -116.946366779344217, 32.487841744767735 ], [ -116.947175263099922, 32.487841744767735 ], [ -116.947175263099922, 32.487572250182502 ], [ -116.947444757685162, 32.487572250182502 ], [ -116.947444757685162, 32.487841744767735 ], [ -116.947714252270387, 32.487841744767735 ], [ -116.947714252270387, 32.488111239352975 ], [ -116.947983746855627, 32.488111239352975 ], [ -116.947983746855627, 32.488380733938207 ], [ -116.948253241440867, 32.488380733938207 ], [ -116.948253241440867, 32.488111239352975 ], [ -116.949061725196572, 32.488111239352975 ], [ -116.949061725196572, 32.48865022852344 ], [ -116.947983746855627, 32.48865022852344 ], [ -116.947983746855627, 32.48891972310868 ], [ -116.947714252270387, 32.48891972310868 ], [ -116.947714252270387, 32.489189217693912 ], [ -116.947444757685162, 32.489189217693912 ], [ -116.947444757685162, 32.489458712279152 ], [ -116.946636273929442, 32.489458712279152 ], [ -116.946636273929442, 32.489728206864385 ] ], [ [ -116.947714252270387, 32.48891972310868 ], [ -116.947714252270387, 32.48865022852344 ], [ -116.947444757685162, 32.48865022852344 ], [ -116.947444757685162, 32.48891972310868 ], [ -116.947714252270387, 32.48891972310868 ] ], [ [ -116.947175263099922, 32.48891972310868 ], [ -116.947175263099922, 32.48865022852344 ], [ -116.946905768514682, 32.48865022852344 ], [ -116.946905768514682, 32.48891972310868 ], [ -116.947175263099922, 32.48891972310868 ] ], [ [ -116.946097284758977, 32.487572250182502 ], [ -116.946097284758977, 32.487302755597263 ], [ -116.945558295588512, 32.487302755597263 ], [ -116.945558295588512, 32.487572250182502 ], [ -116.946097284758977, 32.487572250182502 ] ], [ [ -116.945019306418033, 32.487572250182502 ], [ -116.945019306418033, 32.48703326101203 ], [ -116.944749811832793, 32.48703326101203 ], [ -116.944749811832793, 32.48676376642679 ], [ -116.944480317247567, 32.48676376642679 ], [ -116.944480317247567, 32.487572250182502 ], [ -116.945019306418033, 32.487572250182502 ] ], [ [ -116.938551436372379, 32.487302755597263 ], [ -116.938551436372379, 32.48703326101203 ], [ -116.938012447201899, 32.48703326101203 ], [ -116.938012447201899, 32.487302755597263 ], [ -116.938551436372379, 32.487302755597263 ] ], [ [ -116.938820930957604, 32.48703326101203 ], [ -116.938820930957604, 32.48676376642679 ], [ -116.938551436372379, 32.48676376642679 ], [ -116.938551436372379, 32.48703326101203 ], [ -116.938820930957604, 32.48703326101203 ] ], [ [ -116.943132844321383, 32.48676376642679 ], [ -116.943132844321383, 32.485955282671085 ], [ -116.942863349736143, 32.485955282671085 ], [ -116.942863349736143, 32.486224777256318 ], [ -116.942593855150918, 32.486224777256318 ], [ -116.942593855150918, 32.48676376642679 ], [ -116.943132844321383, 32.48676376642679 ] ], [ [ -116.939629414713323, 32.48676376642679 ], [ -116.939629414713323, 32.486224777256318 ], [ -116.939359920128084, 32.486224777256318 ], [ -116.939359920128084, 32.48676376642679 ], [ -116.939629414713323, 32.48676376642679 ] ], [ [ -116.945019306418033, 32.486494271841558 ], [ -116.945019306418033, 32.486224777256318 ], [ -116.944480317247567, 32.486224777256318 ], [ -116.944480317247567, 32.486494271841558 ], [ -116.945019306418033, 32.486494271841558 ] ], [ [ -116.944480317247567, 32.486224777256318 ], [ -116.944480317247567, 32.484877304330141 ], [ -116.943941328077088, 32.484877304330141 ], [ -116.943941328077088, 32.485416293500613 ], [ -116.943402338906623, 32.485416293500613 ], [ -116.943402338906623, 32.485685788085846 ], [ -116.943941328077088, 32.485685788085846 ], [ -116.943941328077088, 32.486224777256318 ], [ -116.944480317247567, 32.486224777256318 ] ], [ [ -116.943402338906623, 32.485955282671085 ], [ -116.943402338906623, 32.485685788085846 ], [ -116.943132844321383, 32.485685788085846 ], [ -116.943132844321383, 32.485955282671085 ], [ -116.943402338906623, 32.485955282671085 ] ], [ [ -116.941246382224733, 32.485955282671085 ], [ -116.941246382224733, 32.485685788085846 ], [ -116.940976887639493, 32.485685788085846 ], [ -116.940976887639493, 32.485955282671085 ], [ -116.941246382224733, 32.485955282671085 ] ], [ [ -116.940707393054254, 32.484338315159668 ], [ -116.940707393054254, 32.484068820574436 ], [ -116.940437898469028, 32.484068820574436 ], [ -116.940437898469028, 32.484338315159668 ], [ -116.940707393054254, 32.484338315159668 ] ], [ [ -116.941515876809973, 32.482721347648251 ], [ -116.941515876809973, 32.482451853063019 ], [ -116.941246382224733, 32.482451853063019 ], [ -116.941246382224733, 32.482721347648251 ], [ -116.941515876809973, 32.482721347648251 ] ] ] ] } },
{ "type": "Feature", "properties": { "ZONA_MET": "Tijuana", "INTENSIDAD": "Intensa", "T_PROM_POL": 3.0, "T_MIN_CIUD": 1.0, "DIF_TERMIC": 2.0 }, "geometry": { "type": "MultiPolygon", "coordinates": [ [ [ [ -116.943941328077088, 32.482182358477786 ], [ -116.943671833491848, 32.482182358477786 ], [ -116.943671833491848, 32.481104380136841 ], [ -116.943941328077088, 32.481104380136841 ], [ -116.943941328077088, 32.480834885551602 ], [ -116.944480317247567, 32.480834885551602 ], [ -116.944480317247567, 32.481104380136841 ], [ -116.945019306418033, 32.481104380136841 ], [ -116.945019306418033, 32.481643369307314 ], [ -116.944749811832793, 32.481643369307314 ], [ -116.944749811832793, 32.481912863892546 ], [ -116.943941328077088, 32.481912863892546 ], [ -116.943941328077088, 32.482182358477786 ] ] ] ] } },
{ "type": "Feature", "properties": { "ZONA_MET": "Tijuana", "INTENSIDAD": "Intensa", "T_PROM_POL": 3.0, "T_MIN_CIUD": 1.0, "DIF_TERMIC": 2.0 }, "geometry": { "type": "MultiPolygon", "coordinates": [ [ [ [ -116.836682483153226, 32.481912863892546 ], [ -116.835335010227041, 32.481912863892546 ], [ -116.835335010227041, 32.481643369307314 ], [ -116.835604504812281, 32.481643369307314 ], [ -116.835604504812281, 32.480834885551602 ], [ -116.835873999397506, 32.480834885551602 ], [ -116.835873999397506, 32.480565390966369 ], [ -116.836682483153226, 32.480565390966369 ], [ -116.836682483153226, 32.480295896381129 ], [ -116.836951977738451, 32.480295896381129 ], [ -116.836951977738451, 32.481104380136841 ], [ -116.837221472323691, 32.481104380136841 ], [ -116.837221472323691, 32.481373874722074 ], [ -116.836951977738451, 32.481373874722074 ], [ -116.836951977738451, 32.481643369307314 ], [ -116.836682483153226, 32.481643369307314 ], [ -116.836682483153226, 32.481912863892546 ] ] ] ] } },
{ "type": "Feature", "properties": { "ZONA_MET": "Tijuana", "INTENSIDAD": "Intensa", "T_PROM_POL": 3.0, "T_MIN_CIUD": 1.0, "DIF_TERMIC": 2.0 }, "geometry": { "type": "MultiPolygon", "coordinates": [ [ [ [ -116.859050533727796, 32.480834885551602 ], [ -116.858242049972091, 32.480834885551602 ], [ -116.858242049972091, 32.480565390966369 ], [ -116.858511544557331, 32.480565390966369 ], [ -116.858511544557331, 32.480026401795897 ], [ -116.858242049972091, 32.480026401795897 ], [ -116.858242049972091, 32.479487412625424 ], [ -116.858511544557331, 32.479487412625424 ], [ -116.858511544557331, 32.479217918040192 ], [ -116.859050533727796, 32.479217918040192 ], [ -116.859050533727796, 32.479487412625424 ], [ -116.858781039142556, 32.479487412625424 ], [ -116.858781039142556, 32.479756907210657 ], [ -116.859320028313036, 32.479756907210657 ], [ -116.859320028313036, 32.480295896381129 ], [ -116.859050533727796, 32.480295896381129 ], [ -116.859050533727796, 32.480834885551602 ] ] ] ] } },
{ "type": "Feature", "properties": { "ZONA_MET": "Tijuana", "INTENSIDAD": "Intensa", "T_PROM_POL": 3.0, "T_MIN_CIUD": 1.0, "DIF_TERMIC": 2.0 }, "geometry": { "type": "MultiPolygon", "coordinates": [ [ [ [ -116.880879595131901, 32.482182358477786 ], [ -116.880340605961422, 32.482182358477786 ], [ -116.880340605961422, 32.481912863892546 ], [ -116.879801616790957, 32.481912863892546 ], [ -116.879801616790957, 32.481643369307314 ], [ -116.879262627620491, 32.481643369307314 ], [ -116.879262627620491, 32.481373874722074 ], [ -116.878993133035252, 32.481373874722074 ], [ -116.878993133035252, 32.480834885551602 ], [ -116.878723638450012, 32.480834885551602 ], [ -116.878723638450012, 32.480565390966369 ], [ -116.878454143864772, 32.480565390966369 ], [ -116.878454143864772, 32.480295896381129 ], [ -116.877645660109067, 32.480295896381129 ], [ -116.877645660109067, 32.480026401795897 ], [ -116.879262627620491, 32.480026401795897 ], [ -116.879262627620491, 32.479756907210657 ], [ -116.880071111376196, 32.479756907210657 ], [ -116.880071111376196, 32.480026401795897 ], [ -116.880340605961422, 32.480026401795897 ], [ -116.880340605961422, 32.479756907210657 ], [ -116.880610100546662, 32.479756907210657 ], [ -116.880610100546662, 32.479487412625424 ], [ -116.880879595131901, 32.479487412625424 ], [ -116.880879595131901, 32.478948423454952 ], [ -116.881149089717141, 32.478948423454952 ], [ -116.881149089717141, 32.479217918040192 ], [ -116.881688078887606, 32.479217918040192 ], [ -116.881688078887606, 32.480295896381129 ], [ -116.881957573472846, 32.480295896381129 ], [ -116.881957573472846, 32.479756907210657 ], [ -116.882227068058086, 32.479756907210657 ], [ -116.882227068058086, 32.480565390966369 ], [ -116.881957573472846, 32.480565390966369 ], [ -116.881957573472846, 32.480834885551602 ], [ -116.881688078887606, 32.480834885551602 ], [ -116.881688078887606, 32.481104380136841 ], [ -116.881149089717141, 32.481104380136841 ], [ -116.881149089717141, 32.481643369307314 ], [ -116.880879595131901, 32.481643369307314 ], [ -116.880879595131901, 32.482182358477786 ] ], [ [ -116.879262627620491, 32.480565390966369 ], [ -116.879262627620491, 32.480295896381129 ], [ -116.878993133035252, 32.480295896381129 ], [ -116.878993133035252, 32.480565390966369 ], [ -116.879262627620491, 32.480565390966369 ] ] ] ] } },
{ "type": "Feature", "properties": { "ZONA_MET": "Tijuana", "INTENSIDAD": "Intensa", "T_PROM_POL": 3.0, "T_MIN_CIUD": 1.0, "DIF_TERMIC": 2.0 }, "geometry": { "type": "MultiPolygon", "coordinates": [ [ [ [ -116.937742952616659, 32.478948423454952 ], [ -116.937203963446194, 32.478948423454952 ], [ -116.937203963446194, 32.478678928869719 ], [ -116.936934468860954, 32.478678928869719 ], [ -116.936934468860954, 32.477870445114007 ], [ -116.937203963446194, 32.477870445114007 ], [ -116.937203963446194, 32.477600950528775 ], [ -116.937742952616659, 32.477600950528775 ], [ -116.937742952616659, 32.477331455943535 ], [ -116.938012447201899, 32.477331455943535 ], [ -116.938012447201899, 32.478139939699247 ], [ -116.937742952616659, 32.478139939699247 ], [ -116.937742952616659, 32.478948423454952 ] ] ] ] } },
{ "type": "Feature", "properties": { "ZONA_MET": "Tijuana", "INTENSIDAD": "Intensa", "T_PROM_POL": 3.0, "T_MIN_CIUD": 1.0, "DIF_TERMIC": 2.0 }, "geometry": { "type": "MultiPolygon", "coordinates": [ [ [ [ -116.846923277392179, 32.478139939699247 ], [ -116.846384288221714, 32.478139939699247 ], [ -116.846384288221714, 32.477061961358302 ], [ -116.847731761147884, 32.477061961358302 ], [ -116.847731761147884, 32.477331455943535 ], [ -116.847192771977419, 32.477331455943535 ], [ -116.847192771977419, 32.477600950528775 ], [ -116.847462266562658, 32.477600950528775 ], [ -116.847462266562658, 32.477870445114007 ], [ -116.846923277392179, 32.477870445114007 ], [ -116.846923277392179, 32.478139939699247 ] ] ] ] } },
{ "type": "Feature", "properties": { "ZONA_MET": "Tijuana", "INTENSIDAD": "Intensa", "T_PROM_POL": 3.0, "T_MIN_CIUD": 1.0, "DIF_TERMIC": 2.0 }, "geometry": { "type": "MultiPolygon", "coordinates": [ [ [ [ -116.93262255549719, 32.478948423454952 ], [ -116.93073609340054, 32.478948423454952 ], [ -116.93073609340054, 32.478139939699247 ], [ -116.9304665988153, 32.478139939699247 ], [ -116.9304665988153, 32.477870445114007 ], [ -116.931275082571005, 32.477870445114007 ], [ -116.931275082571005, 32.477600950528775 ], [ -116.931005587985766, 32.477600950528775 ], [ -116.931005587985766, 32.477331455943535 ], [ -116.93073609340054, 32.477331455943535 ], [ -116.93073609340054, 32.477600950528775 ], [ -116.9304665988153, 32.477600950528775 ], [ -116.9304665988153, 32.476792466773063 ], [ -116.931005587985766, 32.476792466773063 ], [ -116.931005587985766, 32.47652297218783 ], [ -116.931275082571005, 32.47652297218783 ], [ -116.931275082571005, 32.476253477602597 ], [ -116.93208356632671, 32.476253477602597 ], [ -116.93208356632671, 32.47652297218783 ], [ -116.93235306091195, 32.47652297218783 ], [ -116.93235306091195, 32.477061961358302 ], [ -116.932892050082415, 32.477061961358302 ], [ -116.932892050082415, 32.477331455943535 ], [ -116.933431039252895, 32.477331455943535 ], [ -116.933431039252895, 32.477600950528775 ], [ -116.932892050082415, 32.477600950528775 ], [ -116.932892050082415, 32.478139939699247 ], [ -116.93262255549719, 32.478139939699247 ], [ -116.93262255549719, 32.478948423454952 ] ], [ [ -116.93208356632671, 32.478678928869719 ], [ -116.93208356632671, 32.478139939699247 ], [ -116.931814071741471, 32.478139939699247 ], [ -116.931814071741471, 32.478678928869719 ], [ -116.93208356632671, 32.478678928869719 ] ] ] ] } },
{ "type": "Feature", "properties": { "ZONA_MET": "Tijuana", "INTENSIDAD": "Intensa", "T_PROM_POL": 3.0, "T_MIN_CIUD": 1.0, "DIF_TERMIC": 2.0 }, "geometry": { "type": "MultiPolygon", "coordinates": [ [ [ [ -116.877376165523827, 32.478678928869719 ], [ -116.877106670938602, 32.478678928869719 ], [ -116.877106670938602, 32.47840943428448 ], [ -116.876837176353362, 32.47840943428448 ], [ -116.876837176353362, 32.478139939699247 ], [ -116.876567681768122, 32.478139939699247 ], [ -116.876567681768122, 32.477600950528775 ], [ -116.876837176353362, 32.477600950528775 ], [ -116.876837176353362, 32.475983983017358 ], [ -116.877106670938602, 32.475983983017358 ], [ -116.877106670938602, 32.47652297218783 ], [ -116.877376165523827, 32.47652297218783 ], [ -116.877376165523827, 32.476792466773063 ], [ -116.877645660109067, 32.476792466773063 ], [ -116.877645660109067, 32.477331455943535 ], [ -116.878993133035252, 32.477331455943535 ], [ -116.878993133035252, 32.477600950528775 ], [ -116.878723638450012, 32.477600950528775 ], [ -116.878723638450012, 32.477870445114007 ], [ -116.878184649279547, 32.477870445114007 ], [ -116.878184649279547, 32.478139939699247 ], [ -116.877376165523827, 32.478139939699247 ], [ -116.877376165523827, 32.478678928869719 ] ], [ [ -116.877376165523827, 32.477331455943535 ], [ -116.877376165523827, 32.477061961358302 ], [ -116.877106670938602, 32.477061961358302 ], [ -116.877106670938602, 32.477331455943535 ], [ -116.877376165523827, 32.477331455943535 ] ] ] ] } },
{ "type": "Feature", "properties": { "ZONA_MET": "Tijuana", "INTENSIDAD": "Intensa", "T_PROM_POL": 3.0, "T_MIN_CIUD": 1.0, "DIF_TERMIC": 2.0 }, "geometry": { "type": "MultiPolygon", "coordinates": [ [ [ [ -116.762840966798592, 32.475444993846885 ], [ -116.762571472213367, 32.475444993846885 ], [ -116.762571472213367, 32.475175499261653 ], [ -116.759876526360998, 32.475175499261653 ], [ -116.759876526360998, 32.474906004676413 ], [ -116.759337537190532, 32.474906004676413 ], [ -116.759337537190532, 32.47463651009118 ], [ -116.760954504701942, 32.47463651009118 ], [ -116.760954504701942, 32.474367015505941 ], [ -116.761493493872422, 32.474367015505941 ], [ -116.761493493872422, 32.474906004676413 ], [ -116.762840966798592, 32.474906004676413 ], [ -116.762840966798592, 32.475444993846885 ] ] ] ] } },
{ "type": "Feature", "properties": { "ZONA_MET": "Tijuana", "INTENSIDAD": "Extrema", "T_PROM_POL": 3.0, "T_MIN_CIUD": 1.0, "DIF_TERMIC": 2.0 }, "geometry": { "type": "MultiPolygon", "coordinates": [ [ [ [ -116.859050533727796, 32.475714488432125 ], [ -116.858511544557331, 32.475714488432125 ], [ -116.858511544557331, 32.475175499261653 ], [ -116.856894577045907, 32.475175499261653 ], [ -116.856894577045907, 32.474906004676413 ], [ -116.856625082460667, 32.474906004676413 ], [ -116.856625082460667, 32.475175499261653 ], [ -116.854738620364017, 32.475175499261653 ], [ -116.854738620364017, 32.474906004676413 ], [ -116.854469125778792, 32.474906004676413 ], [ -116.854469125778792, 32.47463651009118 ], [ -116.854199631193552, 32.47463651009118 ], [ -116.854199631193552, 32.474097520920708 ], [ -116.854469125778792, 32.474097520920708 ], [ -116.854469125778792, 32.473828026335468 ], [ -116.855816598704962, 32.473828026335468 ], [ -116.855816598704962, 32.474097520920708 ], [ -116.856355587875441, 32.474097520920708 ], [ -116.856355587875441, 32.473828026335468 ], [ -116.856894577045907, 32.473828026335468 ], [ -116.856894577045907, 32.473558531750236 ], [ -116.857972555386851, 32.473558531750236 ], [ -116.857972555386851, 32.473289037165003 ], [ -116.859050533727796, 32.473289037165003 ], [ -116.859050533727796, 32.473558531750236 ], [ -116.859589522898261, 32.473558531750236 ], [ -116.859589522898261, 32.473828026335468 ], [ -116.859859017483501, 32.473828026335468 ], [ -116.859859017483501, 32.47463651009118 ], [ -116.859589522898261, 32.47463651009118 ], [ -116.859589522898261, 32.475444993846885 ], [ -116.859050533727796, 32.475444993846885 ], [ -116.859050533727796, 32.475714488432125 ] ] ] ] } },
{ "type": "Feature", "properties": { "ZONA_MET": "Tijuana", "INTENSIDAD": "Intensa", "T_PROM_POL": 3.0, "T_MIN_CIUD": 1.0, "DIF_TERMIC": 2.0 }, "geometry": { "type": "MultiPolygon", "coordinates": [ [ [ [ -116.885730497666145, 32.476792466773063 ], [ -116.88519150849568, 32.476792466773063 ], [ -116.88519150849568, 32.47652297218783 ], [ -116.884383024739961, 32.47652297218783 ], [ -116.884383024739961, 32.476792466773063 ], [ -116.884113530154735, 32.476792466773063 ], [ -116.884113530154735, 32.475983983017358 ], [ -116.883844035569496, 32.475983983017358 ], [ -116.883844035569496, 32.475714488432125 ], [ -116.884113530154735, 32.475714488432125 ], [ -116.884113530154735, 32.475444993846885 ], [ -116.883844035569496, 32.475444993846885 ], [ -116.883844035569496, 32.475175499261653 ], [ -116.883305046399016, 32.475175499261653 ], [ -116.883305046399016, 32.475444993846885 ], [ -116.882766057228551, 32.475444993846885 ], [ -116.882766057228551, 32.475175499261653 ], [ -116.882496562643311, 32.475175499261653 ], [ -116.882496562643311, 32.474097520920708 ], [ -116.882227068058086, 32.474097520920708 ], [ -116.882227068058086, 32.473828026335468 ], [ -116.882766057228551, 32.473828026335468 ], [ -116.882766057228551, 32.474097520920708 ], [ -116.883574540984256, 32.474097520920708 ], [ -116.883574540984256, 32.473289037165003 ], [ -116.883844035569496, 32.473289037165003 ], [ -116.883844035569496, 32.472480553409291 ], [ -116.88519150849568, 32.472480553409291 ], [ -116.88519150849568, 32.472750047994531 ], [ -116.885461003080906, 32.472750047994531 ], [ -116.885461003080906, 32.473558531750236 ], [ -116.88519150849568, 32.473558531750236 ], [ -116.88519150849568, 32.473828026335468 ], [ -116.88492201391044, 32.473828026335468 ], [ -116.88492201391044, 32.474097520920708 ], [ -116.88519150849568, 32.474097520920708 ], [ -116.88519150849568, 32.474367015505941 ], [ -116.885461003080906, 32.474367015505941 ], [ -116.885461003080906, 32.474906004676413 ], [ -116.886269486836611, 32.474906004676413 ], [ -116.886269486836611, 32.476253477602597 ], [ -116.885999992251385, 32.476253477602597 ], [ -116.885999992251385, 32.47652297218783 ], [ -116.885730497666145, 32.47652297218783 ], [ -116.885730497666145, 32.476792466773063 ] ], [ [ -116.885461003080906, 32.475983983017358 ], [ -116.885461003080906, 32.475714488432125 ], [ -116.88519150849568, 32.475714488432125 ], [ -116.88519150849568, 32.475983983017358 ], [ -116.885461003080906, 32.475983983017358 ] ], [ [ -116.88519150849568, 32.475714488432125 ], [ -116.88519150849568, 32.474906004676413 ], [ -116.884383024739961, 32.474906004676413 ], [ -116.884383024739961, 32.475175499261653 ], [ -116.88492201391044, 32.475175499261653 ], [ -116.88492201391044, 32.475714488432125 ], [ -116.88519150849568, 32.475714488432125 ] ], [ [ -116.88492201391044, 32.47463651009118 ], [ -116.88492201391044, 32.474367015505941 ], [ -116.884383024739961, 32.474367015505941 ], [ -116.884383024739961, 32.47463651009118 ], [ -116.88492201391044, 32.47463651009118 ] ], [ [ -116.883844035569496, 32.47463651009118 ], [ -116.883844035569496, 32.474367015505941 ], [ -116.884113530154735, 32.474367015505941 ], [ -116.884113530154735, 32.474097520920708 ], [ -116.883574540984256, 32.474097520920708 ], [ -116.883574540984256, 32.47463651009118 ], [ -116.883844035569496, 32.47463651009118 ] ], [ [ -116.88519150849568, 32.473289037165003 ], [ -116.88519150849568, 32.473019542579763 ], [ -116.88492201391044, 32.473019542579763 ], [ -116.88492201391044, 32.473289037165003 ], [ -116.88519150849568, 32.473289037165003 ] ] ] ] } },
{ "type": "Feature", "properties": { "ZONA_MET": "Tijuana", "INTENSIDAD": "Intensa", "T_PROM_POL": 3.0, "T_MIN_CIUD": 1.0, "DIF_TERMIC": 2.0 }, "geometry": { "type": "MultiPolygon", "coordinates": [ [ [ [ -116.838838439835101, 32.474097520920708 ], [ -116.83776046149417, 32.474097520920708 ], [ -116.83776046149417, 32.473828026335468 ], [ -116.837490966908931, 32.473828026335468 ], [ -116.837490966908931, 32.473558531750236 ], [ -116.837221472323691, 32.473558531750236 ], [ -116.837221472323691, 32.473019542579763 ], [ -116.837490966908931, 32.473019542579763 ], [ -116.837490966908931, 32.472750047994531 ], [ -116.838299450664636, 32.472750047994531 ], [ -116.838299450664636, 32.473289037165003 ], [ -116.838838439835101, 32.473289037165003 ], [ -116.838838439835101, 32.472750047994531 ], [ -116.83910793442034, 32.472750047994531 ], [ -116.83910793442034, 32.472480553409291 ], [ -116.83937742900558, 32.472480553409291 ], [ -116.83937742900558, 32.472750047994531 ], [ -116.839916418176045, 32.472750047994531 ], [ -116.839916418176045, 32.473019542579763 ], [ -116.83937742900558, 32.473019542579763 ], [ -116.83937742900558, 32.473558531750236 ], [ -116.83910793442034, 32.473558531750236 ], [ -116.83910793442034, 32.473828026335468 ], [ -116.838838439835101, 32.473828026335468 ], [ -116.838838439835101, 32.474097520920708 ] ] ] ] } },
{ "type": "Feature", "properties": { "ZONA_MET": "Tijuana", "INTENSIDAD": "Extrema", "T_PROM_POL": 3.0, "T_MIN_CIUD": 1.0, "DIF_TERMIC": 2.0 }, "geometry": { "type": "MultiPolygon", "coordinates": [ [ [ [ -116.916722374968273, 32.473558531750236 ], [ -116.916183385797794, 32.473558531750236 ], [ -116.916183385797794, 32.473289037165003 ], [ -116.915644396627329, 32.473289037165003 ], [ -116.915644396627329, 32.473019542579763 ], [ -116.916722374968273, 32.473019542579763 ], [ -116.916722374968273, 32.472480553409291 ], [ -116.916991869553499, 32.472480553409291 ], [ -116.916991869553499, 32.471941564238819 ], [ -116.917261364138739, 32.471941564238819 ], [ -116.917261364138739, 32.472211058824058 ], [ -116.917800353309218, 32.472211058824058 ], [ -116.917800353309218, 32.472480553409291 ], [ -116.917261364138739, 32.472480553409291 ], [ -116.917261364138739, 32.472750047994531 ], [ -116.916991869553499, 32.472750047994531 ], [ -116.916991869553499, 32.473289037165003 ], [ -116.916722374968273, 32.473289037165003 ], [ -116.916722374968273, 32.473558531750236 ] ] ] ] } },
{ "type": "Feature", "properties": { "ZONA_MET": "Tijuana", "INTENSIDAD": "Intensa", "T_PROM_POL": 3.0, "T_MIN_CIUD": 1.0, "DIF_TERMIC": 2.0 }, "geometry": { "type": "MultiPolygon", "coordinates": [ [ [ [ -116.931814071741471, 32.474367015505941 ], [ -116.931005587985766, 32.474367015505941 ], [ -116.931005587985766, 32.472750047994531 ], [ -116.931544577156245, 32.472750047994531 ], [ -116.931544577156245, 32.471941564238819 ], [ -116.931814071741471, 32.471941564238819 ], [ -116.931814071741471, 32.471672069653586 ], [ -116.93208356632671, 32.471672069653586 ], [ -116.93208356632671, 32.471941564238819 ], [ -116.93262255549719, 32.471941564238819 ], [ -116.93262255549719, 32.471672069653586 ], [ -116.932892050082415, 32.471672069653586 ], [ -116.932892050082415, 32.472211058824058 ], [ -116.93262255549719, 32.472211058824058 ], [ -116.93262255549719, 32.472480553409291 ], [ -116.932892050082415, 32.472480553409291 ], [ -116.932892050082415, 32.473558531750236 ], [ -116.93262255549719, 32.473558531750236 ], [ -116.93262255549719, 32.473289037165003 ], [ -116.93235306091195, 32.473289037165003 ], [ -116.93235306091195, 32.473828026335468 ], [ -116.931814071741471, 32.473828026335468 ], [ -116.931814071741471, 32.474367015505941 ] ], [ [ -116.93262255549719, 32.472750047994531 ], [ -116.93262255549719, 32.472480553409291 ], [ -116.931814071741471, 32.472480553409291 ], [ -116.931814071741471, 32.472750047994531 ], [ -116.93262255549719, 32.472750047994531 ] ] ] ] } },
{ "type": "Feature", "properties": { "ZONA_MET": "Tijuana", "INTENSIDAD": "Intensa", "T_PROM_POL": 3.0, "T_MIN_CIUD": 1.0, "DIF_TERMIC": 2.0 }, "geometry": { "type": "MultiPolygon", "coordinates": [ [ [ [ -116.988946923811483, 32.472750047994531 ], [ -116.987868945470538, 32.472750047994531 ], [ -116.987868945470538, 32.471941564238819 ], [ -116.988677429226243, 32.471941564238819 ], [ -116.988677429226243, 32.471402575068346 ], [ -116.988946923811483, 32.471402575068346 ], [ -116.988946923811483, 32.471672069653586 ], [ -116.989216418396708, 32.471672069653586 ], [ -116.989216418396708, 32.472480553409291 ], [ -116.988946923811483, 32.472480553409291 ], [ -116.988946923811483, 32.472750047994531 ] ] ] ] } },
{ "type": "Feature", "properties": { "ZONA_MET": "Tijuana", "INTENSIDAD": "Intensa", "T_PROM_POL": 3.0, "T_MIN_CIUD": 1.0, "DIF_TERMIC": 2.0 }, "geometry": { "type": "MultiPolygon", "coordinates": [ [ [ [ -116.795180317026905, 32.474367015505941 ], [ -116.794371833271185, 32.474367015505941 ], [ -116.794371833271185, 32.473828026335468 ], [ -116.794641327856425, 32.473828026335468 ], [ -116.794641327856425, 32.473558531750236 ], [ -116.794371833271185, 32.473558531750236 ], [ -116.794371833271185, 32.472211058824058 ], [ -116.794641327856425, 32.472211058824058 ], [ -116.794641327856425, 32.471941564238819 ], [ -116.795180317026905, 32.471941564238819 ], [ -116.795180317026905, 32.471672069653586 ], [ -116.79544981161213, 32.471672069653586 ], [ -116.79544981161213, 32.471402575068346 ], [ -116.795988800782609, 32.471402575068346 ], [ -116.795988800782609, 32.471672069653586 ], [ -116.796527789953075, 32.471672069653586 ], [ -116.796527789953075, 32.471402575068346 ], [ -116.796797284538314, 32.471402575068346 ], [ -116.796797284538314, 32.472211058824058 ], [ -116.796258295367835, 32.472211058824058 ], [ -116.796258295367835, 32.472750047994531 ], [ -116.795988800782609, 32.472750047994531 ], [ -116.795988800782609, 32.473019542579763 ], [ -116.79571930619737, 32.473019542579763 ], [ -116.79571930619737, 32.473558531750236 ], [ -116.79544981161213, 32.473558531750236 ], [ -116.79544981161213, 32.474097520920708 ], [ -116.795180317026905, 32.474097520920708 ], [ -116.795180317026905, 32.474367015505941 ] ] ] ] } },
{ "type": "Feature", "properties": { "ZONA_MET": "Tijuana", "INTENSIDAD": "Intensa", "T_PROM_POL": 3.0, "T_MIN_CIUD": 1.0, "DIF_TERMIC": 2.0 }, "geometry": { "type": "MultiPolygon", "coordinates": [ [ [ [ -116.916183385797794, 32.473828026335468 ], [ -116.915644396627329, 32.473828026335468 ], [ -116.915644396627329, 32.473558531750236 ], [ -116.915374902042089, 32.473558531750236 ], [ -116.915374902042089, 32.473289037165003 ], [ -116.915105407456849, 32.473289037165003 ], [ -116.915105407456849, 32.473019542579763 ], [ -116.915374902042089, 32.473019542579763 ], [ -116.915374902042089, 32.472211058824058 ], [ -116.915644396627329, 32.472211058824058 ], [ -116.915644396627329, 32.471941564238819 ], [ -116.916183385797794, 32.471941564238819 ], [ -116.916183385797794, 32.471672069653586 ], [ -116.916452880383034, 32.471672069653586 ], [ -116.916452880383034, 32.471402575068346 ], [ -116.916991869553499, 32.471402575068346 ], [ -116.916991869553499, 32.471133080483114 ], [ -116.917261364138739, 32.471133080483114 ], [ -116.917261364138739, 32.471402575068346 ], [ -116.917800353309218, 32.471402575068346 ], [ -116.917800353309218, 32.471941564238819 ], [ -116.918339342479683, 32.471941564238819 ], [ -116.918339342479683, 32.472211058824058 ], [ -116.918069847894444, 32.472211058824058 ], [ -116.918069847894444, 32.472480553409291 ], [ -116.917800353309218, 32.472480553409291 ], [ -116.917800353309218, 32.472211058824058 ], [ -116.917261364138739, 32.472211058824058 ], [ -116.917261364138739, 32.471672069653586 ], [ -116.916722374968273, 32.471672069653586 ], [ -116.916722374968273, 32.471941564238819 ], [ -116.916452880383034, 32.471941564238819 ], [ -116.916452880383034, 32.472480553409291 ], [ -116.916722374968273, 32.472480553409291 ], [ -116.916722374968273, 32.473019542579763 ], [ -116.915644396627329, 32.473019542579763 ], [ -116.915644396627329, 32.473289037165003 ], [ -116.916183385797794, 32.473289037165003 ], [ -116.916183385797794, 32.473828026335468 ] ] ] ] } },
{ "type": "Feature", "properties": { "ZONA_MET": "Tijuana", "INTENSIDAD": "Intensa", "T_PROM_POL": 3.0, "T_MIN_CIUD": 1.0, "DIF_TERMIC": 2.0 }, "geometry": { "type": "MultiPolygon", "coordinates": [ [ [ [ -116.843689342369359, 32.471402575068346 ], [ -116.843419847784119, 32.471402575068346 ], [ -116.843419847784119, 32.471133080483114 ], [ -116.84288085861364, 32.471133080483114 ], [ -116.84288085861364, 32.470863585897874 ], [ -116.84315035319888, 32.470863585897874 ], [ -116.84315035319888, 32.470594091312641 ], [ -116.84288085861364, 32.470594091312641 ], [ -116.84288085861364, 32.470055102142169 ], [ -116.843689342369359, 32.470055102142169 ], [ -116.843689342369359, 32.470594091312641 ], [ -116.844228331539824, 32.470594091312641 ], [ -116.844228331539824, 32.470863585897874 ], [ -116.843689342369359, 32.470863585897874 ], [ -116.843689342369359, 32.471402575068346 ] ] ] ] } },
{ "type": "Feature", "properties": { "ZONA_MET": "Tijuana", "INTENSIDAD": "Intensa", "T_PROM_POL": 3.0, "T_MIN_CIUD": 1.0, "DIF_TERMIC": 2.0 }, "geometry": { "type": "MultiPolygon", "coordinates": [ [ [ [ -116.9342395230086, 32.471133080483114 ], [ -116.93397002842336, 32.471133080483114 ], [ -116.93397002842336, 32.470863585897874 ], [ -116.932892050082415, 32.470863585897874 ], [ -116.932892050082415, 32.470594091312641 ], [ -116.93262255549719, 32.470594091312641 ], [ -116.93262255549719, 32.470324596727409 ], [ -116.932892050082415, 32.470324596727409 ], [ -116.932892050082415, 32.470055102142169 ], [ -116.933431039252895, 32.470055102142169 ], [ -116.933431039252895, 32.469785607556936 ], [ -116.93397002842336, 32.469785607556936 ], [ -116.93397002842336, 32.470594091312641 ], [ -116.9342395230086, 32.470594091312641 ], [ -116.9342395230086, 32.471133080483114 ] ] ] ] } },
{ "type": "Feature", "properties": { "ZONA_MET": "Tijuana", "INTENSIDAD": "Intensa", "T_PROM_POL": 3.0, "T_MIN_CIUD": 1.0, "DIF_TERMIC": 2.0 }, "geometry": { "type": "MultiPolygon", "coordinates": [ [ [ [ -116.931005587985766, 32.471402575068346 ], [ -116.9304665988153, 32.471402575068346 ], [ -116.9304665988153, 32.471133080483114 ], [ -116.93073609340054, 32.471133080483114 ], [ -116.93073609340054, 32.470863585897874 ], [ -116.9304665988153, 32.470863585897874 ], [ -116.9304665988153, 32.470594091312641 ], [ -116.930197104230061, 32.470594091312641 ], [ -116.930197104230061, 32.470055102142169 ], [ -116.93073609340054, 32.470055102142169 ], [ -116.93073609340054, 32.469785607556936 ], [ -116.931005587985766, 32.469785607556936 ], [ -116.931005587985766, 32.469516112971696 ], [ -116.931814071741471, 32.469516112971696 ], [ -116.931814071741471, 32.469785607556936 ], [ -116.93208356632671, 32.469785607556936 ], [ -116.93208356632671, 32.470324596727409 ], [ -116.931814071741471, 32.470324596727409 ], [ -116.931814071741471, 32.470594091312641 ], [ -116.93208356632671, 32.470594091312641 ], [ -116.93208356632671, 32.470863585897874 ], [ -116.931544577156245, 32.470863585897874 ], [ -116.931544577156245, 32.471133080483114 ], [ -116.931005587985766, 32.471133080483114 ], [ -116.931005587985766, 32.471402575068346 ] ] ] ] } },
{ "type": "Feature", "properties": { "ZONA_MET": "Tijuana", "INTENSIDAD": "Intensa", "T_PROM_POL": 3.0, "T_MIN_CIUD": 1.0, "DIF_TERMIC": 2.0 }, "geometry": { "type": "MultiPolygon", "coordinates": [ [ [ [ -116.875759198012418, 32.477061961358302 ], [ -116.874681219671473, 32.477061961358302 ], [ -116.874681219671473, 32.476792466773063 ], [ -116.873603241330528, 32.476792466773063 ], [ -116.873603241330528, 32.47652297218783 ], [ -116.873333746745303, 32.47652297218783 ], [ -116.873333746745303, 32.477061961358302 ], [ -116.872794757574823, 32.477061961358302 ], [ -116.872794757574823, 32.47652297218783 ], [ -116.872255768404358, 32.47652297218783 ], [ -116.872255768404358, 32.475175499261653 ], [ -116.872794757574823, 32.475175499261653 ], [ -116.872794757574823, 32.475444993846885 ], [ -116.873064252160063, 32.475444993846885 ], [ -116.873064252160063, 32.475175499261653 ], [ -116.873333746745303, 32.475175499261653 ], [ -116.873333746745303, 32.47463651009118 ], [ -116.873603241330528, 32.47463651009118 ], [ -116.873603241330528, 32.474367015505941 ], [ -116.873333746745303, 32.474367015505941 ], [ -116.873333746745303, 32.473558531750236 ], [ -116.873603241330528, 32.473558531750236 ], [ -116.873603241330528, 32.473289037165003 ], [ -116.873333746745303, 32.473289037165003 ], [ -116.873333746745303, 32.473019542579763 ], [ -116.873603241330528, 32.473019542579763 ], [ -116.873603241330528, 32.472211058824058 ], [ -116.873064252160063, 32.472211058824058 ], [ -116.873064252160063, 32.471941564238819 ], [ -116.873333746745303, 32.471941564238819 ], [ -116.873333746745303, 32.471672069653586 ], [ -116.873872735915768, 32.471672069653586 ], [ -116.873872735915768, 32.471941564238819 ], [ -116.874142230501008, 32.471941564238819 ], [ -116.874142230501008, 32.472211058824058 ], [ -116.874681219671473, 32.472211058824058 ], [ -116.874681219671473, 32.471941564238819 ], [ -116.874950714256713, 32.471941564238819 ], [ -116.874950714256713, 32.471672069653586 ], [ -116.875220208841952, 32.471672069653586 ], [ -116.875220208841952, 32.470863585897874 ], [ -116.875489703427178, 32.470863585897874 ], [ -116.875489703427178, 32.470594091312641 ], [ -116.875759198012418, 32.470594091312641 ], [ -116.875759198012418, 32.470055102142169 ], [ -116.875489703427178, 32.470055102142169 ], [ -116.875489703427178, 32.469785607556936 ], [ -116.875220208841952, 32.469785607556936 ], [ -116.875220208841952, 32.469516112971696 ], [ -116.875759198012418, 32.469516112971696 ], [ -116.875759198012418, 32.469246618386464 ], [ -116.875489703427178, 32.469246618386464 ], [ -116.875489703427178, 32.468707629215992 ], [ -116.876567681768122, 32.468707629215992 ], [ -116.876567681768122, 32.469246618386464 ], [ -116.877106670938602, 32.469246618386464 ], [ -116.877106670938602, 32.470324596727409 ], [ -116.877376165523827, 32.470324596727409 ], [ -116.877376165523827, 32.469785607556936 ], [ -116.877915154694307, 32.469785607556936 ], [ -116.877915154694307, 32.470055102142169 ], [ -116.878454143864772, 32.470055102142169 ], [ -116.878454143864772, 32.470863585897874 ], [ -116.878184649279547, 32.470863585897874 ], [ -116.878184649279547, 32.471133080483114 ], [ -116.878454143864772, 32.471133080483114 ], [ -116.878454143864772, 32.471402575068346 ], [ -116.878184649279547, 32.471402575068346 ], [ -116.878184649279547, 32.471672069653586 ], [ -116.877645660109067, 32.471672069653586 ], [ -116.877645660109067, 32.471941564238819 ], [ -116.877376165523827, 32.471941564238819 ], [ -116.877376165523827, 32.472211058824058 ], [ -116.877645660109067, 32.472211058824058 ], [ -116.877645660109067, 32.472750047994531 ], [ -116.877106670938602, 32.472750047994531 ], [ -116.877106670938602, 32.473289037165003 ], [ -116.876567681768122, 32.473289037165003 ], [ -116.876567681768122, 32.473558531750236 ], [ -116.875489703427178, 32.473558531750236 ], [ -116.875489703427178, 32.473828026335468 ], [ -116.874950714256713, 32.473828026335468 ], [ -116.874950714256713, 32.474097520920708 ], [ -116.874681219671473, 32.474097520920708 ], [ -116.874681219671473, 32.474367015505941 ], [ -116.873872735915768, 32.474367015505941 ], [ -116.873872735915768, 32.47463651009118 ], [ -116.874142230501008, 32.47463651009118 ], [ -116.874142230501008, 32.475444993846885 ], [ -116.874681219671473, 32.475444993846885 ], [ -116.874681219671473, 32.474906004676413 ], [ -116.875220208841952, 32.474906004676413 ], [ -116.875220208841952, 32.476253477602597 ], [ -116.874950714256713, 32.476253477602597 ], [ -116.874950714256713, 32.47652297218783 ], [ -116.875220208841952, 32.47652297218783 ], [ -116.875220208841952, 32.476792466773063 ], [ -116.875759198012418, 32.476792466773063 ], [ -116.875759198012418, 32.477061961358302 ] ], [ [ -116.874681219671473, 32.476253477602597 ], [ -116.874681219671473, 32.475983983017358 ], [ -116.873872735915768, 32.475983983017358 ], [ -116.873872735915768, 32.476253477602597 ], [ -116.874681219671473, 32.476253477602597 ] ], [ [ -116.874142230501008, 32.473828026335468 ], [ -116.874142230501008, 32.473558531750236 ], [ -116.873872735915768, 32.473558531750236 ], [ -116.873872735915768, 32.473828026335468 ], [ -116.874142230501008, 32.473828026335468 ] ], [ [ -116.875220208841952, 32.473558531750236 ], [ -116.875220208841952, 32.473289037165003 ], [ -116.874950714256713, 32.473289037165003 ], [ -116.874950714256713, 32.473558531750236 ], [ -116.875220208841952, 32.473558531750236 ] ], [ [ -116.877106670938602, 32.472480553409291 ], [ -116.877106670938602, 32.472211058824058 ], [ -116.876837176353362, 32.472211058824058 ], [ -116.876837176353362, 32.471672069653586 ], [ -116.876298187182897, 32.471672069653586 ], [ -116.876298187182897, 32.472211058824058 ], [ -116.876567681768122, 32.472211058824058 ], [ -116.876567681768122, 32.472480553409291 ], [ -116.877106670938602, 32.472480553409291 ] ], [ [ -116.876298187182897, 32.471133080483114 ], [ -116.876298187182897, 32.470863585897874 ], [ -116.875489703427178, 32.470863585897874 ], [ -116.875489703427178, 32.471133080483114 ], [ -116.876298187182897, 32.471133080483114 ] ], [ [ -116.877376165523827, 32.470863585897874 ], [ -116.877376165523827, 32.470594091312641 ], [ -116.877106670938602, 32.470594091312641 ], [ -116.877106670938602, 32.470863585897874 ], [ -116.877376165523827, 32.470863585897874 ] ], [ [ -116.876298187182897, 32.469246618386464 ], [ -116.876298187182897, 32.468977123801224 ], [ -116.875759198012418, 32.468977123801224 ], [ -116.875759198012418, 32.469246618386464 ], [ -116.876298187182897, 32.469246618386464 ] ] ] ] } },
{ "type": "Feature", "properties": { "ZONA_MET": "Tijuana", "INTENSIDAD": "Intensa", "T_PROM_POL": 3.0, "T_MIN_CIUD": 1.0, "DIF_TERMIC": 2.0 }, "geometry": { "type": "MultiPolygon", "coordinates": [ [ [ [ -116.920764793746812, 32.469785607556936 ], [ -116.920225804576333, 32.469785607556936 ], [ -116.920225804576333, 32.469516112971696 ], [ -116.919956309991093, 32.469516112971696 ], [ -116.919956309991093, 32.468977123801224 ], [ -116.920764793746812, 32.468977123801224 ], [ -116.920764793746812, 32.468707629215992 ], [ -116.921573277502517, 32.468707629215992 ], [ -116.921573277502517, 32.468977123801224 ], [ -116.921034288332038, 32.468977123801224 ], [ -116.921034288332038, 32.469246618386464 ], [ -116.921303782917278, 32.469246618386464 ], [ -116.921303782917278, 32.469516112971696 ], [ -116.920764793746812, 32.469516112971696 ], [ -116.920764793746812, 32.469785607556936 ] ] ] ] } },
{ "type": "Feature", "properties": { "ZONA_MET": "Tijuana", "INTENSIDAD": "Intensa", "T_PROM_POL": 3.0, "T_MIN_CIUD": 1.0, "DIF_TERMIC": 2.0 }, "geometry": { "type": "MultiPolygon", "coordinates": [ [ [ [ -116.840185912761285, 32.479217918040192 ], [ -116.83964692359082, 32.479217918040192 ], [ -116.83964692359082, 32.478678928869719 ], [ -116.83937742900558, 32.478678928869719 ], [ -116.83937742900558, 32.47840943428448 ], [ -116.83910793442034, 32.47840943428448 ], [ -116.83910793442034, 32.477331455943535 ], [ -116.83937742900558, 32.477331455943535 ], [ -116.83937742900558, 32.477061961358302 ], [ -116.838838439835101, 32.477061961358302 ], [ -116.838838439835101, 32.475983983017358 ], [ -116.838568945249875, 32.475983983017358 ], [ -116.838568945249875, 32.47652297218783 ], [ -116.838299450664636, 32.47652297218783 ], [ -116.838299450664636, 32.475983983017358 ], [ -116.83776046149417, 32.475983983017358 ], [ -116.83776046149417, 32.475714488432125 ], [ -116.838299450664636, 32.475714488432125 ], [ -116.838299450664636, 32.474367015505941 ], [ -116.838838439835101, 32.474367015505941 ], [ -116.838838439835101, 32.474906004676413 ], [ -116.83910793442034, 32.474906004676413 ], [ -116.83910793442034, 32.47463651009118 ], [ -116.83964692359082, 32.47463651009118 ], [ -116.83964692359082, 32.474906004676413 ], [ -116.840185912761285, 32.474906004676413 ], [ -116.840185912761285, 32.47463651009118 ], [ -116.839916418176045, 32.47463651009118 ], [ -116.839916418176045, 32.474367015505941 ], [ -116.840455407346525, 32.474367015505941 ], [ -116.840455407346525, 32.473289037165003 ], [ -116.840724901931765, 32.473289037165003 ], [ -116.840724901931765, 32.473019542579763 ], [ -116.84099439651699, 32.473019542579763 ], [ -116.84099439651699, 32.473558531750236 ], [ -116.840724901931765, 32.473558531750236 ], [ -116.840724901931765, 32.473828026335468 ], [ -116.84126389110223, 32.473828026335468 ], [ -116.84126389110223, 32.474097520920708 ], [ -116.842072374857935, 32.474097520920708 ], [ -116.842072374857935, 32.474367015505941 ], [ -116.842341869443175, 32.474367015505941 ], [ -116.842341869443175, 32.473828026335468 ], [ -116.842072374857935, 32.473828026335468 ], [ -116.842072374857935, 32.473558531750236 ], [ -116.842341869443175, 32.473558531750236 ], [ -116.842341869443175, 32.473289037165003 ], [ -116.842611364028414, 32.473289037165003 ], [ -116.842611364028414, 32.473019542579763 ], [ -116.842072374857935, 32.473019542579763 ], [ -116.842072374857935, 32.472750047994531 ], [ -116.842341869443175, 32.472750047994531 ], [ -116.842341869443175, 32.472480553409291 ], [ -116.842611364028414, 32.472480553409291 ], [ -116.842611364028414, 32.472211058824058 ], [ -116.843958836954585, 32.472211058824058 ], [ -116.843958836954585, 32.471941564238819 ], [ -116.844497826125064, 32.471941564238819 ], [ -116.844497826125064, 32.472480553409291 ], [ -116.844767320710289, 32.472480553409291 ], [ -116.844767320710289, 32.472750047994531 ], [ -116.845575804466009, 32.472750047994531 ], [ -116.845575804466009, 32.472211058824058 ], [ -116.846114793636474, 32.472211058824058 ], [ -116.846114793636474, 32.472480553409291 ], [ -116.846384288221714, 32.472480553409291 ], [ -116.846384288221714, 32.472750047994531 ], [ -116.848001255733124, 32.472750047994531 ], [ -116.848001255733124, 32.473019542579763 ], [ -116.848270750318363, 32.473019542579763 ], [ -116.848270750318363, 32.472750047994531 ], [ -116.849079234074068, 32.472750047994531 ], [ -116.849079234074068, 32.472480553409291 ], [ -116.849348728659308, 32.472480553409291 ], [ -116.849348728659308, 32.472211058824058 ], [ -116.849618223244548, 32.472211058824058 ], [ -116.849618223244548, 32.472750047994531 ], [ -116.849887717829773, 32.472750047994531 ], [ -116.849887717829773, 32.472211058824058 ], [ -116.850426707000253, 32.472211058824058 ], [ -116.850426707000253, 32.471672069653586 ], [ -116.850696201585478, 32.471672069653586 ], [ -116.850696201585478, 32.471402575068346 ], [ -116.850426707000253, 32.471402575068346 ], [ -116.850426707000253, 32.471133080483114 ], [ -116.850696201585478, 32.471133080483114 ], [ -116.850696201585478, 32.470594091312641 ], [ -116.850426707000253, 32.470594091312641 ], [ -116.850426707000253, 32.470863585897874 ], [ -116.849348728659308, 32.470863585897874 ], [ -116.849348728659308, 32.470594091312641 ], [ -116.849887717829773, 32.470594091312641 ], [ -116.849887717829773, 32.470324596727409 ], [ -116.849618223244548, 32.470324596727409 ], [ -116.849618223244548, 32.470055102142169 ], [ -116.849348728659308, 32.470055102142169 ], [ -116.849348728659308, 32.470324596727409 ], [ -116.849079234074068, 32.470324596727409 ], [ -116.849079234074068, 32.470055102142169 ], [ -116.848540244903603, 32.470055102142169 ], [ -116.848540244903603, 32.469785607556936 ], [ -116.847462266562658, 32.469785607556936 ], [ -116.847462266562658, 32.469516112971696 ], [ -116.847731761147884, 32.469516112971696 ], [ -116.847731761147884, 32.468977123801224 ], [ -116.848001255733124, 32.468977123801224 ], [ -116.848001255733124, 32.468438134630752 ], [ -116.848270750318363, 32.468438134630752 ], [ -116.848270750318363, 32.468707629215992 ], [ -116.848540244903603, 32.468707629215992 ], [ -116.848540244903603, 32.468438134630752 ], [ -116.849348728659308, 32.468438134630752 ], [ -116.849348728659308, 32.468707629215992 ], [ -116.849887717829773, 32.468707629215992 ], [ -116.849887717829773, 32.468438134630752 ], [ -116.850965696170718, 32.468438134630752 ], [ -116.850965696170718, 32.468977123801224 ], [ -116.852043674511663, 32.468977123801224 ], [ -116.852043674511663, 32.470324596727409 ], [ -116.851774179926423, 32.470324596727409 ], [ -116.851774179926423, 32.470594091312641 ], [ -116.851504685341197, 32.470594091312641 ], [ -116.851504685341197, 32.471672069653586 ], [ -116.851235190755958, 32.471672069653586 ], [ -116.851235190755958, 32.472211058824058 ], [ -116.850696201585478, 32.472211058824058 ], [ -116.850696201585478, 32.472750047994531 ], [ -116.851504685341197, 32.472750047994531 ], [ -116.851504685341197, 32.473019542579763 ], [ -116.851774179926423, 32.473019542579763 ], [ -116.851774179926423, 32.473289037165003 ], [ -116.851504685341197, 32.473289037165003 ], [ -116.851504685341197, 32.473828026335468 ], [ -116.852043674511663, 32.473828026335468 ], [ -116.852043674511663, 32.474097520920708 ], [ -116.851504685341197, 32.474097520920708 ], [ -116.851504685341197, 32.47463651009118 ], [ -116.851235190755958, 32.47463651009118 ], [ -116.851235190755958, 32.475175499261653 ], [ -116.850965696170718, 32.475175499261653 ], [ -116.850965696170718, 32.47463651009118 ], [ -116.850426707000253, 32.47463651009118 ], [ -116.850426707000253, 32.474906004676413 ], [ -116.850696201585478, 32.474906004676413 ], [ -116.850696201585478, 32.475175499261653 ], [ -116.850426707000253, 32.475175499261653 ], [ -116.850426707000253, 32.475444993846885 ], [ -116.850696201585478, 32.475444993846885 ], [ -116.850696201585478, 32.475983983017358 ], [ -116.850965696170718, 32.475983983017358 ], [ -116.850965696170718, 32.47652297218783 ], [ -116.851235190755958, 32.47652297218783 ], [ -116.851235190755958, 32.476792466773063 ], [ -116.850965696170718, 32.476792466773063 ], [ -116.850965696170718, 32.477061961358302 ], [ -116.850696201585478, 32.477061961358302 ], [ -116.850696201585478, 32.476792466773063 ], [ -116.849618223244548, 32.476792466773063 ], [ -116.849618223244548, 32.477331455943535 ], [ -116.849348728659308, 32.477331455943535 ], [ -116.849348728659308, 32.477600950528775 ], [ -116.848809739488829, 32.477600950528775 ], [ -116.848809739488829, 32.47840943428448 ], [ -116.848540244903603, 32.47840943428448 ], [ -116.848540244903603, 32.478139939699247 ], [ -116.848001255733124, 32.478139939699247 ], [ -116.848001255733124, 32.477600950528775 ], [ -116.848270750318363, 32.477600950528775 ], [ -116.848270750318363, 32.477331455943535 ], [ -116.848001255733124, 32.477331455943535 ], [ -116.848001255733124, 32.475714488432125 ], [ -116.848270750318363, 32.475714488432125 ], [ -116.848270750318363, 32.475983983017358 ], [ -116.848540244903603, 32.475983983017358 ], [ -116.848540244903603, 32.475714488432125 ], [ -116.848809739488829, 32.475714488432125 ], [ -116.848809739488829, 32.475444993846885 ], [ -116.849348728659308, 32.475444993846885 ], [ -116.849348728659308, 32.475175499261653 ], [ -116.848809739488829, 32.475175499261653 ], [ -116.848809739488829, 32.47463651009118 ], [ -116.848270750318363, 32.47463651009118 ], [ -116.848270750318363, 32.474097520920708 ], [ -116.848809739488829, 32.474097520920708 ], [ -116.848809739488829, 32.473558531750236 ], [ -116.847731761147884, 32.473558531750236 ], [ -116.847731761147884, 32.474097520920708 ], [ -116.847192771977419, 32.474097520920708 ], [ -116.847192771977419, 32.473828026335468 ], [ -116.846923277392179, 32.473828026335468 ], [ -116.846923277392179, 32.474367015505941 ], [ -116.845845299051234, 32.474367015505941 ], [ -116.845845299051234, 32.474097520920708 ], [ -116.845306309880769, 32.474097520920708 ], [ -116.845306309880769, 32.474367015505941 ], [ -116.845036815295529, 32.474367015505941 ], [ -116.845036815295529, 32.47463651009118 ], [ -116.845306309880769, 32.47463651009118 ], [ -116.845306309880769, 32.475175499261653 ], [ -116.844767320710289, 32.475175499261653 ], [ -116.844767320710289, 32.475714488432125 ], [ -116.845036815295529, 32.475714488432125 ], [ -116.845036815295529, 32.475983983017358 ], [ -116.844767320710289, 32.475983983017358 ], [ -116.844767320710289, 32.476253477602597 ], [ -116.843958836954585, 32.476253477602597 ], [ -116.843958836954585, 32.475714488432125 ], [ -116.843689342369359, 32.475714488432125 ], [ -116.843689342369359, 32.47652297218783 ], [ -116.843419847784119, 32.47652297218783 ], [ -116.843419847784119, 32.475714488432125 ], [ -116.842611364028414, 32.475714488432125 ], [ -116.842611364028414, 32.475983983017358 ], [ -116.84288085861364, 32.475983983017358 ], [ -116.84288085861364, 32.47652297218783 ], [ -116.842611364028414, 32.47652297218783 ], [ -116.842611364028414, 32.476792466773063 ], [ -116.842341869443175, 32.476792466773063 ], [ -116.842341869443175, 32.477061961358302 ], [ -116.84288085861364, 32.477061961358302 ], [ -116.84288085861364, 32.477331455943535 ], [ -116.842611364028414, 32.477331455943535 ], [ -116.842611364028414, 32.477870445114007 ], [ -116.842341869443175, 32.477870445114007 ], [ -116.842341869443175, 32.478139939699247 ], [ -116.842072374857935, 32.478139939699247 ], [ -116.842072374857935, 32.478678928869719 ], [ -116.840455407346525, 32.478678928869719 ], [ -116.840455407346525, 32.478948423454952 ], [ -116.840185912761285, 32.478948423454952 ], [ -116.840185912761285, 32.479217918040192 ] ], [ [ -116.84126389110223, 32.47840943428448 ], [ -116.84126389110223, 32.477870445114007 ], [ -116.841802880272695, 32.477870445114007 ], [ -116.841802880272695, 32.477600950528775 ], [ -116.84099439651699, 32.477600950528775 ], [ -116.84099439651699, 32.47840943428448 ], [ -116.84126389110223, 32.47840943428448 ] ], [ [ -116.840455407346525, 32.478139939699247 ], [ -116.840455407346525, 32.477870445114007 ], [ -116.840185912761285, 32.477870445114007 ], [ -116.840185912761285, 32.478139939699247 ], [ -116.840455407346525, 32.478139939699247 ] ], [ [ -116.842072374857935, 32.477600950528775 ], [ -116.842072374857935, 32.477331455943535 ], [ -116.841802880272695, 32.477331455943535 ], [ -116.841802880272695, 32.477600950528775 ], [ -116.842072374857935, 32.477600950528775 ] ], [ [ -116.849079234074068, 32.477331455943535 ], [ -116.849079234074068, 32.477061961358302 ], [ -116.848809739488829, 32.477061961358302 ], [ -116.848809739488829, 32.477331455943535 ], [ -116.849079234074068, 32.477331455943535 ] ], [ [ -116.842341869443175, 32.477331455943535 ], [ -116.842341869443175, 32.477061961358302 ], [ -116.842072374857935, 32.477061961358302 ], [ -116.842072374857935, 32.477331455943535 ], [ -116.842341869443175, 32.477331455943535 ] ], [ [ -116.841802880272695, 32.477331455943535 ], [ -116.841802880272695, 32.476792466773063 ], [ -116.84126389110223, 32.476792466773063 ], [ -116.84126389110223, 32.477331455943535 ], [ -116.841802880272695, 32.477331455943535 ] ], [ [ -116.840724901931765, 32.477331455943535 ], [ -116.840724901931765, 32.476792466773063 ], [ -116.840455407346525, 32.476792466773063 ], [ -116.840455407346525, 32.477331455943535 ], [ -116.840724901931765, 32.477331455943535 ] ], [ [ -116.848809739488829, 32.477061961358302 ], [ -116.848809739488829, 32.475983983017358 ], [ -116.848540244903603, 32.475983983017358 ], [ -116.848540244903603, 32.477061961358302 ], [ -116.848809739488829, 32.477061961358302 ] ], [ [ -116.850696201585478, 32.47652297218783 ], [ -116.850696201585478, 32.476253477602597 ], [ -116.850426707000253, 32.476253477602597 ], [ -116.850426707000253, 32.47652297218783 ], [ -116.850696201585478, 32.47652297218783 ] ], [ [ -116.840724901931765, 32.476253477602597 ], [ -116.840724901931765, 32.475983983017358 ], [ -116.84099439651699, 32.475983983017358 ], [ -116.84099439651699, 32.475714488432125 ], [ -116.840455407346525, 32.475714488432125 ], [ -116.840455407346525, 32.476253477602597 ], [ -116.840724901931765, 32.476253477602597 ] ], [ [ -116.850426707000253, 32.475983983017358 ], [ -116.850426707000253, 32.475444993846885 ], [ -116.849887717829773, 32.475444993846885 ], [ -116.849887717829773, 32.475983983017358 ], [ -116.850426707000253, 32.475983983017358 ] ], [ [ -116.83910793442034, 32.475714488432125 ], [ -116.83910793442034, 32.475444993846885 ], [ -116.838838439835101, 32.475444993846885 ], [ -116.838838439835101, 32.475714488432125 ], [ -116.83910793442034, 32.475714488432125 ] ], [ [ -116.849887717829773, 32.475444993846885 ], [ -116.849887717829773, 32.475175499261653 ], [ -116.849618223244548, 32.475175499261653 ], [ -116.849618223244548, 32.475444993846885 ], [ -116.849887717829773, 32.475444993846885 ] ], [ [ -116.843419847784119, 32.475175499261653 ], [ -116.843419847784119, 32.474906004676413 ], [ -116.84288085861364, 32.474906004676413 ], [ -116.84288085861364, 32.475175499261653 ], [ -116.843419847784119, 32.475175499261653 ] ], [ [ -116.842072374857935, 32.475175499261653 ], [ -116.842072374857935, 32.474906004676413 ], [ -116.841802880272695, 32.474906004676413 ], [ -116.841802880272695, 32.475175499261653 ], [ -116.842072374857935, 32.475175499261653 ] ], [ [ -116.838838439835101, 32.475175499261653 ], [ -116.838838439835101, 32.474906004676413 ], [ -116.838568945249875, 32.474906004676413 ], [ -116.838568945249875, 32.475175499261653 ], [ -116.838838439835101, 32.475175499261653 ] ], [ [ -116.849079234074068, 32.47463651009118 ], [ -116.849079234074068, 32.474367015505941 ], [ -116.848809739488829, 32.474367015505941 ], [ -116.848809739488829, 32.47463651009118 ], [ -116.849079234074068, 32.47463651009118 ] ], [ [ -116.850426707000253, 32.474367015505941 ], [ -116.850426707000253, 32.474097520920708 ], [ -116.849887717829773, 32.474097520920708 ], [ -116.849887717829773, 32.474367015505941 ], [ -116.850426707000253, 32.474367015505941 ] ], [ [ -116.849887717829773, 32.474097520920708 ], [ -116.849887717829773, 32.473828026335468 ], [ -116.850696201585478, 32.473828026335468 ], [ -116.850696201585478, 32.473289037165003 ], [ -116.849618223244548, 32.473289037165003 ], [ -116.849618223244548, 32.473828026335468 ], [ -116.849348728659308, 32.473828026335468 ], [ -116.849348728659308, 32.474097520920708 ], [ -116.849887717829773, 32.474097520920708 ] ], [ [ -116.846384288221714, 32.473828026335468 ], [ -116.846384288221714, 32.473558531750236 ], [ -116.846114793636474, 32.473558531750236 ], [ -116.846114793636474, 32.473828026335468 ], [ -116.846384288221714, 32.473828026335468 ] ], [ [ -116.849618223244548, 32.473019542579763 ], [ -116.849618223244548, 32.472750047994531 ], [ -116.849348728659308, 32.472750047994531 ], [ -116.849348728659308, 32.473019542579763 ], [ -116.849618223244548, 32.473019542579763 ] ], [ [ -116.845845299051234, 32.473019542579763 ], [ -116.845845299051234, 32.472750047994531 ], [ -116.845575804466009, 32.472750047994531 ], [ -116.845575804466009, 32.473019542579763 ], [ -116.845845299051234, 32.473019542579763 ] ], [ [ -116.851504685341197, 32.470055102142169 ], [ -116.851504685341197, 32.469785607556936 ], [ -116.851235190755958, 32.469785607556936 ], [ -116.851235190755958, 32.470055102142169 ], [ -116.851504685341197, 32.470055102142169 ] ], [ [ -116.850965696170718, 32.469785607556936 ], [ -116.850965696170718, 32.468977123801224 ], [ -116.850696201585478, 32.468977123801224 ], [ -116.850696201585478, 32.469785607556936 ], [ -116.850965696170718, 32.469785607556936 ] ], [ [ -116.851504685341197, 32.469516112971696 ], [ -116.851504685341197, 32.469246618386464 ], [ -116.851235190755958, 32.469246618386464 ], [ -116.851235190755958, 32.469516112971696 ], [ -116.851504685341197, 32.469516112971696 ] ] ] ] } },
{ "type": "Feature", "properties": { "ZONA_MET": "Tijuana", "INTENSIDAD": "Intensa", "T_PROM_POL": 3.0, "T_MIN_CIUD": 1.0, "DIF_TERMIC": 2.0 }, "geometry": { "type": "MultiPolygon", "coordinates": [ [ [ [ -116.859320028313036, 32.478678928869719 ], [ -116.859050533727796, 32.478678928869719 ], [ -116.859050533727796, 32.47840943428448 ], [ -116.858511544557331, 32.47840943428448 ], [ -116.858511544557331, 32.477600950528775 ], [ -116.858242049972091, 32.477600950528775 ], [ -116.858242049972091, 32.477870445114007 ], [ -116.857972555386851, 32.477870445114007 ], [ -116.857972555386851, 32.477600950528775 ], [ -116.857703060801612, 32.477600950528775 ], [ -116.857703060801612, 32.477331455943535 ], [ -116.857433566216386, 32.477331455943535 ], [ -116.857433566216386, 32.477870445114007 ], [ -116.856625082460667, 32.477870445114007 ], [ -116.856625082460667, 32.477331455943535 ], [ -116.856894577045907, 32.477331455943535 ], [ -116.856894577045907, 32.47652297218783 ], [ -116.857433566216386, 32.47652297218783 ], [ -116.857433566216386, 32.476253477602597 ], [ -116.856894577045907, 32.476253477602597 ], [ -116.856894577045907, 32.475983983017358 ], [ -116.857703060801612, 32.475983983017358 ], [ -116.857703060801612, 32.475714488432125 ], [ -116.857433566216386, 32.475714488432125 ], [ -116.857433566216386, 32.475444993846885 ], [ -116.855816598704962, 32.475444993846885 ], [ -116.855816598704962, 32.475714488432125 ], [ -116.853930136608312, 32.475714488432125 ], [ -116.853930136608312, 32.476792466773063 ], [ -116.852852158267368, 32.476792466773063 ], [ -116.852852158267368, 32.475983983017358 ], [ -116.852582663682142, 32.475983983017358 ], [ -116.852582663682142, 32.47652297218783 ], [ -116.852313169096902, 32.47652297218783 ], [ -116.852313169096902, 32.476253477602597 ], [ -116.852043674511663, 32.476253477602597 ], [ -116.852043674511663, 32.475983983017358 ], [ -116.851504685341197, 32.475983983017358 ], [ -116.851504685341197, 32.475444993846885 ], [ -116.853930136608312, 32.475444993846885 ], [ -116.853930136608312, 32.475175499261653 ], [ -116.856625082460667, 32.475175499261653 ], [ -116.856625082460667, 32.474906004676413 ], [ -116.856894577045907, 32.474906004676413 ], [ -116.856894577045907, 32.475175499261653 ], [ -116.857703060801612, 32.475175499261653 ], [ -116.857703060801612, 32.475444993846885 ], [ -116.857972555386851, 32.475444993846885 ], [ -116.857972555386851, 32.475175499261653 ], [ -116.858511544557331, 32.475175499261653 ], [ -116.858511544557331, 32.475714488432125 ], [ -116.859050533727796, 32.475714488432125 ], [ -116.859050533727796, 32.475444993846885 ], [ -116.859589522898261, 32.475444993846885 ], [ -116.859589522898261, 32.47463651009118 ], [ -116.859859017483501, 32.47463651009118 ], [ -116.859859017483501, 32.473828026335468 ], [ -116.859589522898261, 32.473828026335468 ], [ -116.859589522898261, 32.473558531750236 ], [ -116.859050533727796, 32.473558531750236 ], [ -116.859050533727796, 32.473019542579763 ], [ -116.860667501239206, 32.473019542579763 ], [ -116.860667501239206, 32.473558531750236 ], [ -116.860936995824446, 32.473558531750236 ], [ -116.860936995824446, 32.473019542579763 ], [ -116.861206490409685, 32.473019542579763 ], [ -116.861206490409685, 32.472750047994531 ], [ -116.861475984994925, 32.472750047994531 ], [ -116.861475984994925, 32.472211058824058 ], [ -116.861745479580151, 32.472211058824058 ], [ -116.861745479580151, 32.471941564238819 ], [ -116.862553963335856, 32.471941564238819 ], [ -116.862553963335856, 32.471402575068346 ], [ -116.862823457921095, 32.471402575068346 ], [ -116.862823457921095, 32.471672069653586 ], [ -116.863092952506335, 32.471672069653586 ], [ -116.863092952506335, 32.471941564238819 ], [ -116.862823457921095, 32.471941564238819 ], [ -116.862823457921095, 32.472480553409291 ], [ -116.863092952506335, 32.472480553409291 ], [ -116.863092952506335, 32.473019542579763 ], [ -116.86201497416539, 32.473019542579763 ], [ -116.86201497416539, 32.473558531750236 ], [ -116.862553963335856, 32.473558531750236 ], [ -116.862553963335856, 32.473828026335468 ], [ -116.862823457921095, 32.473828026335468 ], [ -116.862823457921095, 32.473289037165003 ], [ -116.863092952506335, 32.473289037165003 ], [ -116.863092952506335, 32.473828026335468 ], [ -116.863362447091575, 32.473828026335468 ], [ -116.863362447091575, 32.473289037165003 ], [ -116.86417093084728, 32.473289037165003 ], [ -116.86417093084728, 32.473558531750236 ], [ -116.86444042543252, 32.473558531750236 ], [ -116.86444042543252, 32.473289037165003 ], [ -116.864709920017745, 32.473289037165003 ], [ -116.864709920017745, 32.473019542579763 ], [ -116.864979414602985, 32.473019542579763 ], [ -116.864979414602985, 32.472750047994531 ], [ -116.86551840377345, 32.472750047994531 ], [ -116.86551840377345, 32.471941564238819 ], [ -116.866326887529169, 32.471941564238819 ], [ -116.866326887529169, 32.471672069653586 ], [ -116.866057392943929, 32.471672069653586 ], [ -116.866057392943929, 32.470863585897874 ], [ -116.866326887529169, 32.470863585897874 ], [ -116.866326887529169, 32.470594091312641 ], [ -116.866596382114395, 32.470594091312641 ], [ -116.866596382114395, 32.470055102142169 ], [ -116.866865876699634, 32.470055102142169 ], [ -116.866865876699634, 32.469785607556936 ], [ -116.867135371284874, 32.469785607556936 ], [ -116.867135371284874, 32.469516112971696 ], [ -116.867674360455339, 32.469516112971696 ], [ -116.867674360455339, 32.469246618386464 ], [ -116.867943855040579, 32.469246618386464 ], [ -116.867943855040579, 32.468438134630752 ], [ -116.868213349625819, 32.468438134630752 ], [ -116.868213349625819, 32.468168640045519 ], [ -116.868752338796284, 32.468168640045519 ], [ -116.868752338796284, 32.468438134630752 ], [ -116.869291327966764, 32.468438134630752 ], [ -116.869291327966764, 32.467899145460279 ], [ -116.869560822551989, 32.467899145460279 ], [ -116.869560822551989, 32.467360156289814 ], [ -116.871177790063413, 32.467360156289814 ], [ -116.871177790063413, 32.467629650875047 ], [ -116.872794757574823, 32.467629650875047 ], [ -116.872794757574823, 32.467899145460279 ], [ -116.872255768404358, 32.467899145460279 ], [ -116.872255768404358, 32.468168640045519 ], [ -116.871986273819118, 32.468168640045519 ], [ -116.871986273819118, 32.468438134630752 ], [ -116.871716779233878, 32.468438134630752 ], [ -116.871716779233878, 32.468977123801224 ], [ -116.871177790063413, 32.468977123801224 ], [ -116.871177790063413, 32.469516112971696 ], [ -116.870099811722469, 32.469516112971696 ], [ -116.870099811722469, 32.469785607556936 ], [ -116.869830317137229, 32.469785607556936 ], [ -116.869830317137229, 32.470055102142169 ], [ -116.869291327966764, 32.470055102142169 ], [ -116.869291327966764, 32.470324596727409 ], [ -116.868752338796284, 32.470324596727409 ], [ -116.868752338796284, 32.470863585897874 ], [ -116.868482844211044, 32.470863585897874 ], [ -116.868482844211044, 32.471402575068346 ], [ -116.868213349625819, 32.471402575068346 ], [ -116.868213349625819, 32.471672069653586 ], [ -116.867943855040579, 32.471672069653586 ], [ -116.867943855040579, 32.471941564238819 ], [ -116.866865876699634, 32.471941564238819 ], [ -116.866865876699634, 32.472750047994531 ], [ -116.866326887529169, 32.472750047994531 ], [ -116.866326887529169, 32.473019542579763 ], [ -116.866057392943929, 32.473019542579763 ], [ -116.866057392943929, 32.474097520920708 ], [ -116.86551840377345, 32.474097520920708 ], [ -116.86551840377345, 32.474367015505941 ], [ -116.864979414602985, 32.474367015505941 ], [ -116.864979414602985, 32.47463651009118 ], [ -116.86417093084728, 32.47463651009118 ], [ -116.86417093084728, 32.474367015505941 ], [ -116.8636319416768, 32.474367015505941 ], [ -116.8636319416768, 32.47463651009118 ], [ -116.863362447091575, 32.47463651009118 ], [ -116.863362447091575, 32.474906004676413 ], [ -116.863092952506335, 32.474906004676413 ], [ -116.863092952506335, 32.475175499261653 ], [ -116.862553963335856, 32.475175499261653 ], [ -116.862553963335856, 32.475444993846885 ], [ -116.86201497416539, 32.475444993846885 ], [ -116.86201497416539, 32.475714488432125 ], [ -116.861475984994925, 32.475714488432125 ], [ -116.861475984994925, 32.475983983017358 ], [ -116.861206490409685, 32.475983983017358 ], [ -116.861206490409685, 32.476792466773063 ], [ -116.860936995824446, 32.476792466773063 ], [ -116.860936995824446, 32.477061961358302 ], [ -116.860667501239206, 32.477061961358302 ], [ -116.860667501239206, 32.477331455943535 ], [ -116.860936995824446, 32.477331455943535 ], [ -116.860936995824446, 32.477870445114007 ], [ -116.859320028313036, 32.477870445114007 ], [ -116.859320028313036, 32.478678928869719 ] ], [ [ -116.86039800665398, 32.477331455943535 ], [ -116.86039800665398, 32.477061961358302 ], [ -116.860128512068741, 32.477061961358302 ], [ -116.860128512068741, 32.476792466773063 ], [ -116.859859017483501, 32.476792466773063 ], [ -116.859859017483501, 32.47652297218783 ], [ -116.860128512068741, 32.47652297218783 ], [ -116.860128512068741, 32.476253477602597 ], [ -116.859589522898261, 32.476253477602597 ], [ -116.859589522898261, 32.47652297218783 ], [ -116.859320028313036, 32.47652297218783 ], [ -116.859320028313036, 32.476253477602597 ], [ -116.858242049972091, 32.476253477602597 ], [ -116.858242049972091, 32.476792466773063 ], [ -116.859050533727796, 32.476792466773063 ], [ -116.859050533727796, 32.477061961358302 ], [ -116.859320028313036, 32.477061961358302 ], [ -116.859320028313036, 32.477331455943535 ], [ -116.86039800665398, 32.477331455943535 ] ], [ [ -116.853121652852607, 32.475983983017358 ], [ -116.853121652852607, 32.475714488432125 ], [ -116.852852158267368, 32.475714488432125 ], [ -116.852852158267368, 32.475983983017358 ], [ -116.853121652852607, 32.475983983017358 ] ], [ [ -116.863092952506335, 32.474906004676413 ], [ -116.863092952506335, 32.47463651009118 ], [ -116.862823457921095, 32.47463651009118 ], [ -116.862823457921095, 32.474906004676413 ], [ -116.863092952506335, 32.474906004676413 ] ], [ [ -116.863362447091575, 32.474367015505941 ], [ -116.863362447091575, 32.474097520920708 ], [ -116.863092952506335, 32.474097520920708 ], [ -116.863092952506335, 32.474367015505941 ], [ -116.863362447091575, 32.474367015505941 ] ], [ [ -116.86551840377345, 32.473828026335468 ], [ -116.86551840377345, 32.473558531750236 ], [ -116.864979414602985, 32.473558531750236 ], [ -116.864979414602985, 32.473828026335468 ], [ -116.86551840377345, 32.473828026335468 ] ], [ [ -116.861745479580151, 32.473558531750236 ], [ -116.861745479580151, 32.472750047994531 ], [ -116.861475984994925, 32.472750047994531 ], [ -116.861475984994925, 32.473558531750236 ], [ -116.861745479580151, 32.473558531750236 ] ], [ [ -116.868752338796284, 32.470055102142169 ], [ -116.868752338796284, 32.469785607556936 ], [ -116.868482844211044, 32.469785607556936 ], [ -116.868482844211044, 32.470055102142169 ], [ -116.868752338796284, 32.470055102142169 ] ], [ [ -116.869560822551989, 32.469246618386464 ], [ -116.869560822551989, 32.468707629215992 ], [ -116.868752338796284, 32.468707629215992 ], [ -116.868752338796284, 32.469246618386464 ], [ -116.869560822551989, 32.469246618386464 ] ], [ [ -116.869830317137229, 32.468707629215992 ], [ -116.869830317137229, 32.468438134630752 ], [ -116.869560822551989, 32.468438134630752 ], [ -116.869560822551989, 32.468707629215992 ], [ -116.869830317137229, 32.468707629215992 ] ], [ [ -116.871177790063413, 32.467899145460279 ], [ -116.871177790063413, 32.467629650875047 ], [ -116.870638800892934, 32.467629650875047 ], [ -116.870638800892934, 32.467899145460279 ], [ -116.871177790063413, 32.467899145460279 ] ] ] ] } },
{ "type": "Feature", "properties": { "ZONA_MET": "Tijuana", "INTENSIDAD": "Intensa", "T_PROM_POL": 3.0, "T_MIN_CIUD": 1.0, "DIF_TERMIC": 2.0 }, "geometry": { "type": "MultiPolygon", "coordinates": [ [ [ [ -116.915374902042089, 32.470863585897874 ], [ -116.915105407456849, 32.470863585897874 ], [ -116.915105407456849, 32.469785607556936 ], [ -116.914835912871624, 32.469785607556936 ], [ -116.914835912871624, 32.470055102142169 ], [ -116.914566418286384, 32.470055102142169 ], [ -116.914566418286384, 32.468707629215992 ], [ -116.914296923701144, 32.468707629215992 ], [ -116.914296923701144, 32.468168640045519 ], [ -116.914566418286384, 32.468168640045519 ], [ -116.914566418286384, 32.467360156289814 ], [ -116.914835912871624, 32.467360156289814 ], [ -116.914835912871624, 32.467629650875047 ], [ -116.915105407456849, 32.467629650875047 ], [ -116.915105407456849, 32.467090661704574 ], [ -116.915644396627329, 32.467090661704574 ], [ -116.915644396627329, 32.468168640045519 ], [ -116.916183385797794, 32.468168640045519 ], [ -116.916183385797794, 32.468438134630752 ], [ -116.915644396627329, 32.468438134630752 ], [ -116.915644396627329, 32.468977123801224 ], [ -116.916183385797794, 32.468977123801224 ], [ -116.916183385797794, 32.469246618386464 ], [ -116.916452880383034, 32.469246618386464 ], [ -116.916452880383034, 32.469785607556936 ], [ -116.916183385797794, 32.469785607556936 ], [ -116.916183385797794, 32.470055102142169 ], [ -116.916722374968273, 32.470055102142169 ], [ -116.916722374968273, 32.470324596727409 ], [ -116.915644396627329, 32.470324596727409 ], [ -116.915644396627329, 32.470594091312641 ], [ -116.915374902042089, 32.470594091312641 ], [ -116.915374902042089, 32.470863585897874 ] ] ] ] } },
{ "type": "Feature", "properties": { "ZONA_MET": "Tijuana", "INTENSIDAD": "Intensa", "T_PROM_POL": 3.0, "T_MIN_CIUD": 1.0, "DIF_TERMIC": 2.0 }, "geometry": { "type": "MultiPolygon", "coordinates": [ [ [ [ -116.930197104230061, 32.470055102142169 ], [ -116.929927609644821, 32.470055102142169 ], [ -116.929927609644821, 32.469516112971696 ], [ -116.930197104230061, 32.469516112971696 ], [ -116.930197104230061, 32.469246618386464 ], [ -116.9304665988153, 32.469246618386464 ], [ -116.9304665988153, 32.468977123801224 ], [ -116.930197104230061, 32.468977123801224 ], [ -116.930197104230061, 32.468707629215992 ], [ -116.929388620474356, 32.468707629215992 ], [ -116.929388620474356, 32.468438134630752 ], [ -116.928849631303876, 32.468438134630752 ], [ -116.928849631303876, 32.468168640045519 ], [ -116.929388620474356, 32.468168640045519 ], [ -116.929388620474356, 32.467899145460279 ], [ -116.929119125889116, 32.467899145460279 ], [ -116.929119125889116, 32.467629650875047 ], [ -116.929927609644821, 32.467629650875047 ], [ -116.929927609644821, 32.466821167119342 ], [ -116.930197104230061, 32.466821167119342 ], [ -116.930197104230061, 32.467090661704574 ], [ -116.9304665988153, 32.467090661704574 ], [ -116.9304665988153, 32.467360156289814 ], [ -116.93073609340054, 32.467360156289814 ], [ -116.93073609340054, 32.467629650875047 ], [ -116.931005587985766, 32.467629650875047 ], [ -116.931005587985766, 32.468438134630752 ], [ -116.931544577156245, 32.468438134630752 ], [ -116.931544577156245, 32.468707629215992 ], [ -116.931005587985766, 32.468707629215992 ], [ -116.931005587985766, 32.469516112971696 ], [ -116.93073609340054, 32.469516112971696 ], [ -116.93073609340054, 32.469785607556936 ], [ -116.930197104230061, 32.469785607556936 ], [ -116.930197104230061, 32.470055102142169 ] ], [ [ -116.9304665988153, 32.468438134630752 ], [ -116.9304665988153, 32.467899145460279 ], [ -116.930197104230061, 32.467899145460279 ], [ -116.930197104230061, 32.468168640045519 ], [ -116.929927609644821, 32.468168640045519 ], [ -116.929927609644821, 32.468438134630752 ], [ -116.9304665988153, 32.468438134630752 ] ] ] ] } },
{ "type": "Feature", "properties": { "ZONA_MET": "Tijuana", "INTENSIDAD": "Intensa", "T_PROM_POL": 3.0, "T_MIN_CIUD": 1.0, "DIF_TERMIC": 2.0 }, "geometry": { "type": "MultiPolygon", "coordinates": [ [ [ [ -116.818895840527659, 32.467899145460279 ], [ -116.81862634594242, 32.467899145460279 ], [ -116.81862634594242, 32.466821167119342 ], [ -116.819165335112885, 32.466821167119342 ], [ -116.819165335112885, 32.466551672534102 ], [ -116.819704324283364, 32.466551672534102 ], [ -116.819704324283364, 32.467629650875047 ], [ -116.818895840527659, 32.467629650875047 ], [ -116.818895840527659, 32.467899145460279 ] ] ] ] } },
{ "type": "Feature", "properties": { "ZONA_MET": "Tijuana", "INTENSIDAD": "Intensa", "T_PROM_POL": 3.0, "T_MIN_CIUD": 1.0, "DIF_TERMIC": 2.0 }, "geometry": { "type": "MultiPolygon", "coordinates": [ [ [ [ -116.93235306091195, 32.468168640045519 ], [ -116.931544577156245, 32.468168640045519 ], [ -116.931544577156245, 32.467629650875047 ], [ -116.931005587985766, 32.467629650875047 ], [ -116.931005587985766, 32.467360156289814 ], [ -116.93073609340054, 32.467360156289814 ], [ -116.93073609340054, 32.467090661704574 ], [ -116.9304665988153, 32.467090661704574 ], [ -116.9304665988153, 32.466821167119342 ], [ -116.931005587985766, 32.466821167119342 ], [ -116.931005587985766, 32.46628217794887 ], [ -116.931814071741471, 32.46628217794887 ], [ -116.931814071741471, 32.466551672534102 ], [ -116.93208356632671, 32.466551672534102 ], [ -116.93208356632671, 32.466821167119342 ], [ -116.93262255549719, 32.466821167119342 ], [ -116.93262255549719, 32.466551672534102 ], [ -116.932892050082415, 32.466551672534102 ], [ -116.932892050082415, 32.467090661704574 ], [ -116.933431039252895, 32.467090661704574 ], [ -116.933431039252895, 32.467629650875047 ], [ -116.932892050082415, 32.467629650875047 ], [ -116.932892050082415, 32.467899145460279 ], [ -116.93235306091195, 32.467899145460279 ], [ -116.93235306091195, 32.468168640045519 ] ], [ [ -116.93235306091195, 32.467629650875047 ], [ -116.93235306091195, 32.467360156289814 ], [ -116.93208356632671, 32.467360156289814 ], [ -116.93208356632671, 32.467629650875047 ], [ -116.93235306091195, 32.467629650875047 ] ] ] ] } },
{ "type": "Feature", "properties": { "ZONA_MET": "Tijuana", "INTENSIDAD": "Intensa", "T_PROM_POL": 3.0, "T_MIN_CIUD": 1.0, "DIF_TERMIC": 2.0 }, "geometry": { "type": "MultiPolygon", "coordinates": [ [ [ [ -116.887347465177555, 32.467899145460279 ], [ -116.88680847600709, 32.467899145460279 ], [ -116.88680847600709, 32.467629650875047 ], [ -116.886269486836611, 32.467629650875047 ], [ -116.886269486836611, 32.467360156289814 ], [ -116.88680847600709, 32.467360156289814 ], [ -116.88680847600709, 32.467090661704574 ], [ -116.886269486836611, 32.467090661704574 ], [ -116.886269486836611, 32.466821167119342 ], [ -116.885730497666145, 32.466821167119342 ], [ -116.885730497666145, 32.46628217794887 ], [ -116.885461003080906, 32.46628217794887 ], [ -116.885461003080906, 32.46601268336363 ], [ -116.885999992251385, 32.46601268336363 ], [ -116.885999992251385, 32.46628217794887 ], [ -116.88653898142185, 32.46628217794887 ], [ -116.88653898142185, 32.466551672534102 ], [ -116.88680847600709, 32.466551672534102 ], [ -116.88680847600709, 32.466821167119342 ], [ -116.88707797059233, 32.466821167119342 ], [ -116.88707797059233, 32.467090661704574 ], [ -116.887347465177555, 32.467090661704574 ], [ -116.887347465177555, 32.467899145460279 ] ] ] ] } },
{ "type": "Feature", "properties": { "ZONA_MET": "Tijuana", "INTENSIDAD": "Intensa", "T_PROM_POL": 3.0, "T_MIN_CIUD": 1.0, "DIF_TERMIC": 2.0 }, "geometry": { "type": "MultiPolygon", "coordinates": [ [ [ [ -116.916991869553499, 32.466821167119342 ], [ -116.916722374968273, 32.466821167119342 ], [ -116.916722374968273, 32.466551672534102 ], [ -116.916183385797794, 32.466551672534102 ], [ -116.916183385797794, 32.46601268336363 ], [ -116.916452880383034, 32.46601268336363 ], [ -116.916452880383034, 32.465743188778397 ], [ -116.917530858723978, 32.465743188778397 ], [ -116.917530858723978, 32.46601268336363 ], [ -116.917261364138739, 32.46601268336363 ], [ -116.917261364138739, 32.46628217794887 ], [ -116.918069847894444, 32.46628217794887 ], [ -116.918069847894444, 32.466551672534102 ], [ -116.916991869553499, 32.466551672534102 ], [ -116.916991869553499, 32.466821167119342 ] ], [ [ -116.916722374968273, 32.46628217794887 ], [ -116.916722374968273, 32.46601268336363 ], [ -116.916452880383034, 32.46601268336363 ], [ -116.916452880383034, 32.46628217794887 ], [ -116.916722374968273, 32.46628217794887 ] ] ] ] } },
{ "type": "Feature", "properties": { "ZONA_MET": "Tijuana", "INTENSIDAD": "Intensa", "T_PROM_POL": 3.0, "T_MIN_CIUD": 1.0, "DIF_TERMIC": 2.0 }, "geometry": { "type": "MultiPolygon", "coordinates": [ [ [ [ -116.925885190866282, 32.467090661704574 ], [ -116.925346201695817, 32.467090661704574 ], [ -116.925346201695817, 32.466821167119342 ], [ -116.925076707110577, 32.466821167119342 ], [ -116.925076707110577, 32.467090661704574 ], [ -116.924807212525351, 32.467090661704574 ], [ -116.924807212525351, 32.466821167119342 ], [ -116.924537717940112, 32.466821167119342 ], [ -116.924537717940112, 32.466551672534102 ], [ -116.924268223354872, 32.466551672534102 ], [ -116.924268223354872, 32.46601268336363 ], [ -116.923998728769632, 32.46601268336363 ], [ -116.923998728769632, 32.465743188778397 ], [ -116.923729234184407, 32.465743188778397 ], [ -116.923729234184407, 32.464934705022685 ], [ -116.923998728769632, 32.464934705022685 ], [ -116.923998728769632, 32.464665210437452 ], [ -116.924268223354872, 32.464665210437452 ], [ -116.924268223354872, 32.464934705022685 ], [ -116.924807212525351, 32.464934705022685 ], [ -116.924807212525351, 32.465204199607925 ], [ -116.925615696281056, 32.465204199607925 ], [ -116.925615696281056, 32.465473694193157 ], [ -116.926693674622001, 32.465473694193157 ], [ -116.926693674622001, 32.465743188778397 ], [ -116.926963169207227, 32.465743188778397 ], [ -116.926963169207227, 32.466551672534102 ], [ -116.926693674622001, 32.466551672534102 ], [ -116.926693674622001, 32.466821167119342 ], [ -116.925885190866282, 32.466821167119342 ], [ -116.925885190866282, 32.467090661704574 ] ], [ [ -116.924807212525351, 32.46601268336363 ], [ -116.924807212525351, 32.465743188778397 ], [ -116.924537717940112, 32.465743188778397 ], [ -116.924537717940112, 32.46601268336363 ], [ -116.924807212525351, 32.46601268336363 ] ] ] ] } },
{ "type": "Feature", "properties": { "ZONA_MET": "Tijuana", "INTENSIDAD": "Intensa", "T_PROM_POL": 3.0, "T_MIN_CIUD": 1.0, "DIF_TERMIC": 2.0 }, "geometry": { "type": "MultiPolygon", "coordinates": [ [ [ [ -116.912140967019255, 32.467090661704574 ], [ -116.911871472434029, 32.467090661704574 ], [ -116.911871472434029, 32.466551672534102 ], [ -116.91160197784879, 32.466551672534102 ], [ -116.91160197784879, 32.46601268336363 ], [ -116.911871472434029, 32.46601268336363 ], [ -116.911871472434029, 32.464934705022685 ], [ -116.912140967019255, 32.464934705022685 ], [ -116.912140967019255, 32.464665210437452 ], [ -116.912679956189734, 32.464665210437452 ], [ -116.912679956189734, 32.465204199607925 ], [ -116.912140967019255, 32.465204199607925 ], [ -116.912140967019255, 32.465473694193157 ], [ -116.912679956189734, 32.465473694193157 ], [ -116.912679956189734, 32.46628217794887 ], [ -116.912140967019255, 32.46628217794887 ], [ -116.912140967019255, 32.467090661704574 ] ] ] ] } },
{ "type": "Feature", "properties": { "ZONA_MET": "Tijuana", "INTENSIDAD": "Intensa", "T_PROM_POL": 3.0, "T_MIN_CIUD": 1.0, "DIF_TERMIC": 2.0 }, "geometry": { "type": "MultiPolygon", "coordinates": [ [ [ [ -116.863362447091575, 32.467629650875047 ], [ -116.862823457921095, 32.467629650875047 ], [ -116.862823457921095, 32.467090661704574 ], [ -116.862553963335856, 32.467090661704574 ], [ -116.862553963335856, 32.466551672534102 ], [ -116.862823457921095, 32.466551672534102 ], [ -116.862823457921095, 32.46601268336363 ], [ -116.862553963335856, 32.46601268336363 ], [ -116.862553963335856, 32.465743188778397 ], [ -116.86201497416539, 32.465743188778397 ], [ -116.86201497416539, 32.46628217794887 ], [ -116.861475984994925, 32.46628217794887 ], [ -116.861475984994925, 32.467090661704574 ], [ -116.861206490409685, 32.467090661704574 ], [ -116.861206490409685, 32.46601268336363 ], [ -116.861475984994925, 32.46601268336363 ], [ -116.861475984994925, 32.465743188778397 ], [ -116.861745479580151, 32.465743188778397 ], [ -116.861745479580151, 32.465473694193157 ], [ -116.86201497416539, 32.465473694193157 ], [ -116.86201497416539, 32.464934705022685 ], [ -116.861745479580151, 32.464934705022685 ], [ -116.861745479580151, 32.464665210437452 ], [ -116.86201497416539, 32.464665210437452 ], [ -116.86201497416539, 32.46412622126698 ], [ -116.863092952506335, 32.46412622126698 ], [ -116.863092952506335, 32.464665210437452 ], [ -116.863362447091575, 32.464665210437452 ], [ -116.863362447091575, 32.46439571585222 ], [ -116.86444042543252, 32.46439571585222 ], [ -116.86444042543252, 32.46412622126698 ], [ -116.86417093084728, 32.46412622126698 ], [ -116.86417093084728, 32.463856726681747 ], [ -116.86444042543252, 32.463856726681747 ], [ -116.86444042543252, 32.463587232096508 ], [ -116.86578789835869, 32.463587232096508 ], [ -116.86578789835869, 32.46412622126698 ], [ -116.866326887529169, 32.46412622126698 ], [ -116.866326887529169, 32.464665210437452 ], [ -116.866057392943929, 32.464665210437452 ], [ -116.866057392943929, 32.464934705022685 ], [ -116.865248909188225, 32.464934705022685 ], [ -116.865248909188225, 32.465204199607925 ], [ -116.864979414602985, 32.465204199607925 ], [ -116.864979414602985, 32.465743188778397 ], [ -116.864709920017745, 32.465743188778397 ], [ -116.864709920017745, 32.466551672534102 ], [ -116.864979414602985, 32.466551672534102 ], [ -116.864979414602985, 32.46628217794887 ], [ -116.865248909188225, 32.46628217794887 ], [ -116.865248909188225, 32.46601268336363 ], [ -116.86578789835869, 32.46601268336363 ], [ -116.86578789835869, 32.46628217794887 ], [ -116.866057392943929, 32.46628217794887 ], [ -116.866057392943929, 32.466551672534102 ], [ -116.86578789835869, 32.466551672534102 ], [ -116.86578789835869, 32.466821167119342 ], [ -116.865248909188225, 32.466821167119342 ], [ -116.865248909188225, 32.467090661704574 ], [ -116.8636319416768, 32.467090661704574 ], [ -116.8636319416768, 32.467360156289814 ], [ -116.863362447091575, 32.467360156289814 ], [ -116.863362447091575, 32.467629650875047 ] ], [ [ -116.862823457921095, 32.465204199607925 ], [ -116.862823457921095, 32.464934705022685 ], [ -116.862553963335856, 32.464934705022685 ], [ -116.862553963335856, 32.465204199607925 ], [ -116.862823457921095, 32.465204199607925 ] ] ] ] } },
{ "type": "Feature", "properties": { "ZONA_MET": "Tijuana", "INTENSIDAD": "Intensa", "T_PROM_POL": 3.0, "T_MIN_CIUD": 1.0, "DIF_TERMIC": 2.0 }, "geometry": { "type": "MultiPolygon", "coordinates": [ [ [ [ -116.883305046399016, 32.466821167119342 ], [ -116.882496562643311, 32.466821167119342 ], [ -116.882496562643311, 32.466551672534102 ], [ -116.881957573472846, 32.466551672534102 ], [ -116.881957573472846, 32.46628217794887 ], [ -116.881688078887606, 32.46628217794887 ], [ -116.881688078887606, 32.465743188778397 ], [ -116.880879595131901, 32.465743188778397 ], [ -116.880879595131901, 32.46628217794887 ], [ -116.880610100546662, 32.46628217794887 ], [ -116.880610100546662, 32.466551672534102 ], [ -116.880071111376196, 32.466551672534102 ], [ -116.880071111376196, 32.46628217794887 ], [ -116.879262627620491, 32.46628217794887 ], [ -116.879262627620491, 32.46601268336363 ], [ -116.879801616790957, 32.46601268336363 ], [ -116.879801616790957, 32.465473694193157 ], [ -116.880071111376196, 32.465473694193157 ], [ -116.880071111376196, 32.465204199607925 ], [ -116.879801616790957, 32.465204199607925 ], [ -116.879801616790957, 32.464934705022685 ], [ -116.879262627620491, 32.464934705022685 ], [ -116.879262627620491, 32.46439571585222 ], [ -116.880071111376196, 32.46439571585222 ], [ -116.880071111376196, 32.463587232096508 ], [ -116.880340605961422, 32.463587232096508 ], [ -116.880340605961422, 32.463317737511275 ], [ -116.880879595131901, 32.463317737511275 ], [ -116.880879595131901, 32.463048242926035 ], [ -116.881957573472846, 32.463048242926035 ], [ -116.881957573472846, 32.463317737511275 ], [ -116.882227068058086, 32.463317737511275 ], [ -116.882227068058086, 32.463048242926035 ], [ -116.882496562643311, 32.463048242926035 ], [ -116.882496562643311, 32.463587232096508 ], [ -116.882227068058086, 32.463587232096508 ], [ -116.882227068058086, 32.463856726681747 ], [ -116.882496562643311, 32.463856726681747 ], [ -116.882496562643311, 32.46412622126698 ], [ -116.883035551813791, 32.46412622126698 ], [ -116.883035551813791, 32.463856726681747 ], [ -116.884383024739961, 32.463856726681747 ], [ -116.884383024739961, 32.46412622126698 ], [ -116.88492201391044, 32.46412622126698 ], [ -116.88492201391044, 32.464665210437452 ], [ -116.88519150849568, 32.464665210437452 ], [ -116.88519150849568, 32.464934705022685 ], [ -116.885461003080906, 32.464934705022685 ], [ -116.885461003080906, 32.464665210437452 ], [ -116.885999992251385, 32.464665210437452 ], [ -116.885999992251385, 32.465743188778397 ], [ -116.885461003080906, 32.465743188778397 ], [ -116.885461003080906, 32.465473694193157 ], [ -116.88492201391044, 32.465473694193157 ], [ -116.88492201391044, 32.464934705022685 ], [ -116.884383024739961, 32.464934705022685 ], [ -116.884383024739961, 32.46439571585222 ], [ -116.884113530154735, 32.46439571585222 ], [ -116.884113530154735, 32.465204199607925 ], [ -116.883574540984256, 32.465204199607925 ], [ -116.883574540984256, 32.466551672534102 ], [ -116.883305046399016, 32.466551672534102 ], [ -116.883305046399016, 32.466821167119342 ] ], [ [ -116.882496562643311, 32.46628217794887 ], [ -116.882496562643311, 32.46601268336363 ], [ -116.882766057228551, 32.46601268336363 ], [ -116.882766057228551, 32.465743188778397 ], [ -116.881957573472846, 32.465743188778397 ], [ -116.881957573472846, 32.46628217794887 ], [ -116.882496562643311, 32.46628217794887 ] ], [ [ -116.883844035569496, 32.464934705022685 ], [ -116.883844035569496, 32.464665210437452 ], [ -116.883574540984256, 32.464665210437452 ], [ -116.883574540984256, 32.464934705022685 ], [ -116.883844035569496, 32.464934705022685 ] ], [ [ -116.882766057228551, 32.464665210437452 ], [ -116.882766057228551, 32.46439571585222 ], [ -116.882496562643311, 32.46439571585222 ], [ -116.882496562643311, 32.464665210437452 ], [ -116.882766057228551, 32.464665210437452 ] ], [ [ -116.881418584302367, 32.464665210437452 ], [ -116.881418584302367, 32.46439571585222 ], [ -116.881688078887606, 32.46439571585222 ], [ -116.881688078887606, 32.46412622126698 ], [ -116.880879595131901, 32.46412622126698 ], [ -116.880879595131901, 32.46439571585222 ], [ -116.880610100546662, 32.46439571585222 ], [ -116.880610100546662, 32.464665210437452 ], [ -116.881418584302367, 32.464665210437452 ] ], [ [ -116.882496562643311, 32.46439571585222 ], [ -116.882496562643311, 32.46412622126698 ], [ -116.882227068058086, 32.46412622126698 ], [ -116.882227068058086, 32.46439571585222 ], [ -116.882496562643311, 32.46439571585222 ] ] ] ] } },
{ "type": "Feature", "properties": { "ZONA_MET": "Tijuana", "INTENSIDAD": "Intensa", "T_PROM_POL": 3.0, "T_MIN_CIUD": 1.0, "DIF_TERMIC": 2.0 }, "geometry": { "type": "MultiPolygon", "coordinates": [ [ [ [ -116.833987537300857, 32.46439571585222 ], [ -116.831831580618982, 32.46439571585222 ], [ -116.831831580618982, 32.46412622126698 ], [ -116.832101075204207, 32.46412622126698 ], [ -116.832101075204207, 32.463587232096508 ], [ -116.832909558959912, 32.463587232096508 ], [ -116.832909558959912, 32.463856726681747 ], [ -116.833179053545152, 32.463856726681747 ], [ -116.833179053545152, 32.463587232096508 ], [ -116.833448548130391, 32.463587232096508 ], [ -116.833448548130391, 32.463317737511275 ], [ -116.833718042715631, 32.463317737511275 ], [ -116.833718042715631, 32.462778748340803 ], [ -116.833987537300857, 32.462778748340803 ], [ -116.833987537300857, 32.463048242926035 ], [ -116.834257031886096, 32.463048242926035 ], [ -116.834257031886096, 32.462778748340803 ], [ -116.834796021056576, 32.462778748340803 ], [ -116.834796021056576, 32.462509253755563 ], [ -116.835065515641801, 32.462509253755563 ], [ -116.835065515641801, 32.462778748340803 ], [ -116.835335010227041, 32.462778748340803 ], [ -116.835335010227041, 32.463048242926035 ], [ -116.835065515641801, 32.463048242926035 ], [ -116.835065515641801, 32.463317737511275 ], [ -116.834796021056576, 32.463317737511275 ], [ -116.834796021056576, 32.463587232096508 ], [ -116.834257031886096, 32.463587232096508 ], [ -116.834257031886096, 32.46412622126698 ], [ -116.833987537300857, 32.46412622126698 ], [ -116.833987537300857, 32.46439571585222 ] ] ] ] } },
{ "type": "Feature", "properties": { "ZONA_MET": "Tijuana", "INTENSIDAD": "Intensa", "T_PROM_POL": 3.0, "T_MIN_CIUD": 1.0, "DIF_TERMIC": 2.0 }, "geometry": { "type": "MultiPolygon", "coordinates": [ [ [ [ -116.810002519214876, 32.46412622126698 ], [ -116.809194035459157, 32.46412622126698 ], [ -116.809194035459157, 32.463856726681747 ], [ -116.808924540873932, 32.463856726681747 ], [ -116.808924540873932, 32.463317737511275 ], [ -116.808655046288692, 32.463317737511275 ], [ -116.808655046288692, 32.463048242926035 ], [ -116.808385551703452, 32.463048242926035 ], [ -116.808385551703452, 32.46223975917033 ], [ -116.808924540873932, 32.46223975917033 ], [ -116.808924540873932, 32.461970264585091 ], [ -116.809463530044397, 32.461970264585091 ], [ -116.809463530044397, 32.46223975917033 ], [ -116.809194035459157, 32.46223975917033 ], [ -116.809194035459157, 32.462778748340803 ], [ -116.809463530044397, 32.462778748340803 ], [ -116.809463530044397, 32.463048242926035 ], [ -116.810002519214876, 32.463048242926035 ], [ -116.810002519214876, 32.462778748340803 ], [ -116.810272013800102, 32.462778748340803 ], [ -116.810272013800102, 32.463048242926035 ], [ -116.810541508385342, 32.463048242926035 ], [ -116.810541508385342, 32.463317737511275 ], [ -116.810811002970581, 32.463317737511275 ], [ -116.810811002970581, 32.463587232096508 ], [ -116.810541508385342, 32.463587232096508 ], [ -116.810541508385342, 32.463856726681747 ], [ -116.810002519214876, 32.463856726681747 ], [ -116.810002519214876, 32.46412622126698 ] ] ] ] } },
{ "type": "Feature", "properties": { "ZONA_MET": "Tijuana", "INTENSIDAD": "Intensa", "T_PROM_POL": 3.0, "T_MIN_CIUD": 1.0, "DIF_TERMIC": 2.0 }, "geometry": { "type": "MultiPolygon", "coordinates": [ [ [ [ -116.836143493982746, 32.462509253755563 ], [ -116.835604504812281, 32.462509253755563 ], [ -116.835604504812281, 32.46223975917033 ], [ -116.835065515641801, 32.46223975917033 ], [ -116.835065515641801, 32.461431275414625 ], [ -116.835335010227041, 32.461431275414625 ], [ -116.835335010227041, 32.461161780829386 ], [ -116.835604504812281, 32.461161780829386 ], [ -116.835604504812281, 32.461970264585091 ], [ -116.835873999397506, 32.461970264585091 ], [ -116.835873999397506, 32.461700769999858 ], [ -116.836412988567986, 32.461700769999858 ], [ -116.836412988567986, 32.461970264585091 ], [ -116.836682483153226, 32.461970264585091 ], [ -116.836682483153226, 32.46223975917033 ], [ -116.836143493982746, 32.46223975917033 ], [ -116.836143493982746, 32.462509253755563 ] ] ] ] } },
{ "type": "Feature", "properties": { "ZONA_MET": "Tijuana", "INTENSIDAD": "Extrema", "T_PROM_POL": 3.0, "T_MIN_CIUD": 1.0, "DIF_TERMIC": 2.0 }, "geometry": { "type": "MultiPolygon", "coordinates": [ [ [ [ -116.987868945470538, 32.46223975917033 ], [ -116.987060461714833, 32.46223975917033 ], [ -116.987060461714833, 32.461970264585091 ], [ -116.986521472544354, 32.461970264585091 ], [ -116.986521472544354, 32.461431275414625 ], [ -116.987060461714833, 32.461431275414625 ], [ -116.987060461714833, 32.461161780829386 ], [ -116.987599450885298, 32.461161780829386 ], [ -116.987599450885298, 32.461431275414625 ], [ -116.987868945470538, 32.461431275414625 ], [ -116.987868945470538, 32.461700769999858 ], [ -116.988138440055764, 32.461700769999858 ], [ -116.988138440055764, 32.461970264585091 ], [ -116.987868945470538, 32.461970264585091 ], [ -116.987868945470538, 32.46223975917033 ] ] ] ] } },
{ "type": "Feature", "properties": { "ZONA_MET": "Tijuana", "INTENSIDAD": "Intensa", "T_PROM_POL": 3.0, "T_MIN_CIUD": 1.0, "DIF_TERMIC": 2.0 }, "geometry": { "type": "MultiPolygon", "coordinates": [ [ [ [ -116.931814071741471, 32.465743188778397 ], [ -116.93073609340054, 32.465743188778397 ], [ -116.93073609340054, 32.465473694193157 ], [ -116.9304665988153, 32.465473694193157 ], [ -116.9304665988153, 32.465204199607925 ], [ -116.930197104230061, 32.465204199607925 ], [ -116.930197104230061, 32.464934705022685 ], [ -116.929927609644821, 32.464934705022685 ], [ -116.929927609644821, 32.46439571585222 ], [ -116.929388620474356, 32.46439571585222 ], [ -116.929388620474356, 32.46412622126698 ], [ -116.928580136718651, 32.46412622126698 ], [ -116.928580136718651, 32.463856726681747 ], [ -116.928310642133411, 32.463856726681747 ], [ -116.928310642133411, 32.463587232096508 ], [ -116.928041147548171, 32.463587232096508 ], [ -116.928041147548171, 32.462778748340803 ], [ -116.927502158377706, 32.462778748340803 ], [ -116.927502158377706, 32.461700769999858 ], [ -116.928041147548171, 32.461700769999858 ], [ -116.928041147548171, 32.461431275414625 ], [ -116.928310642133411, 32.461431275414625 ], [ -116.928310642133411, 32.461161780829386 ], [ -116.928580136718651, 32.461161780829386 ], [ -116.928580136718651, 32.460892286244153 ], [ -116.929119125889116, 32.460892286244153 ], [ -116.929119125889116, 32.461161780829386 ], [ -116.929388620474356, 32.461161780829386 ], [ -116.929388620474356, 32.461700769999858 ], [ -116.928849631303876, 32.461700769999858 ], [ -116.928849631303876, 32.46223975917033 ], [ -116.929388620474356, 32.46223975917033 ], [ -116.929388620474356, 32.463048242926035 ], [ -116.929927609644821, 32.463048242926035 ], [ -116.929927609644821, 32.463856726681747 ], [ -116.931005587985766, 32.463856726681747 ], [ -116.931005587985766, 32.463587232096508 ], [ -116.931814071741471, 32.463587232096508 ], [ -116.931814071741471, 32.463856726681747 ], [ -116.93235306091195, 32.463856726681747 ], [ -116.93235306091195, 32.46412622126698 ], [ -116.93262255549719, 32.46412622126698 ], [ -116.93262255549719, 32.46439571585222 ], [ -116.93235306091195, 32.46439571585222 ], [ -116.93235306091195, 32.464665210437452 ], [ -116.93208356632671, 32.464665210437452 ], [ -116.93208356632671, 32.464934705022685 ], [ -116.931814071741471, 32.464934705022685 ], [ -116.931814071741471, 32.465743188778397 ] ] ] ] } },
{ "type": "Feature", "properties": { "ZONA_MET": "Tijuana", "INTENSIDAD": "Intensa", "T_PROM_POL": 3.0, "T_MIN_CIUD": 1.0, "DIF_TERMIC": 2.0 }, "geometry": { "type": "MultiPolygon", "coordinates": [ [ [ [ -116.874681219671473, 32.46223975917033 ], [ -116.874411725086233, 32.46223975917033 ], [ -116.874411725086233, 32.461970264585091 ], [ -116.873872735915768, 32.461970264585091 ], [ -116.873872735915768, 32.461431275414625 ], [ -116.874411725086233, 32.461431275414625 ], [ -116.874411725086233, 32.460892286244153 ], [ -116.874950714256713, 32.460892286244153 ], [ -116.874950714256713, 32.460622791658913 ], [ -116.875220208841952, 32.460622791658913 ], [ -116.875220208841952, 32.460353297073681 ], [ -116.875489703427178, 32.460353297073681 ], [ -116.875489703427178, 32.460083802488441 ], [ -116.876298187182897, 32.460083802488441 ], [ -116.876298187182897, 32.460353297073681 ], [ -116.876567681768122, 32.460353297073681 ], [ -116.876567681768122, 32.461431275414625 ], [ -116.874681219671473, 32.461431275414625 ], [ -116.874681219671473, 32.46223975917033 ] ] ] ] } },
{ "type": "Feature", "properties": { "ZONA_MET": "Tijuana", "INTENSIDAD": "Extrema", "T_PROM_POL": 3.0, "T_MIN_CIUD": 1.0, "DIF_TERMIC": 2.0 }, "geometry": { "type": "MultiPolygon", "coordinates": [ [ [ [ -116.912679956189734, 32.461161780829386 ], [ -116.911871472434029, 32.461161780829386 ], [ -116.911871472434029, 32.460892286244153 ], [ -116.91133248326355, 32.460892286244153 ], [ -116.91133248326355, 32.460622791658913 ], [ -116.91106298867831, 32.460622791658913 ], [ -116.91106298867831, 32.460083802488441 ], [ -116.91133248326355, 32.460083802488441 ], [ -116.91133248326355, 32.459814307903208 ], [ -116.91160197784879, 32.459814307903208 ], [ -116.91160197784879, 32.459544813317969 ], [ -116.912140967019255, 32.459544813317969 ], [ -116.912140967019255, 32.460622791658913 ], [ -116.912679956189734, 32.460622791658913 ], [ -116.912679956189734, 32.461161780829386 ] ], [ [ -116.911871472434029, 32.460083802488441 ], [ -116.911871472434029, 32.459814307903208 ], [ -116.91160197784879, 32.459814307903208 ], [ -116.91160197784879, 32.460083802488441 ], [ -116.911871472434029, 32.460083802488441 ] ] ] ] } },
{ "type": "Feature", "properties": { "ZONA_MET": "Tijuana", "INTENSIDAD": "Intensa", "T_PROM_POL": 3.0, "T_MIN_CIUD": 1.0, "DIF_TERMIC": 2.0 }, "geometry": { "type": "MultiPolygon", "coordinates": [ [ [ [ -116.928310642133411, 32.460622791658913 ], [ -116.928041147548171, 32.460622791658913 ], [ -116.928041147548171, 32.460083802488441 ], [ -116.927502158377706, 32.460083802488441 ], [ -116.927502158377706, 32.459275318732736 ], [ -116.928580136718651, 32.459275318732736 ], [ -116.928580136718651, 32.459544813317969 ], [ -116.929927609644821, 32.459544813317969 ], [ -116.929927609644821, 32.459275318732736 ], [ -116.930197104230061, 32.459275318732736 ], [ -116.930197104230061, 32.459814307903208 ], [ -116.929927609644821, 32.459814307903208 ], [ -116.929927609644821, 32.460083802488441 ], [ -116.928310642133411, 32.460083802488441 ], [ -116.928310642133411, 32.460622791658913 ] ] ] ] } },
{ "type": "Feature", "properties": { "ZONA_MET": "Tijuana", "INTENSIDAD": "Intensa", "T_PROM_POL": 3.0, "T_MIN_CIUD": 1.0, "DIF_TERMIC": 2.0 }, "geometry": { "type": "MultiPolygon", "coordinates": [ [ [ [ -116.911871472434029, 32.463048242926035 ], [ -116.91106298867831, 32.463048242926035 ], [ -116.91106298867831, 32.461970264585091 ], [ -116.910793494093085, 32.461970264585091 ], [ -116.910793494093085, 32.461700769999858 ], [ -116.910523999507845, 32.461700769999858 ], [ -116.910523999507845, 32.461431275414625 ], [ -116.90998501033738, 32.461431275414625 ], [ -116.90998501033738, 32.461700769999858 ], [ -116.910254504922605, 32.461700769999858 ], [ -116.910254504922605, 32.461970264585091 ], [ -116.90971551575214, 32.461970264585091 ], [ -116.90971551575214, 32.461700769999858 ], [ -116.9094460211669, 32.461700769999858 ], [ -116.9094460211669, 32.460622791658913 ], [ -116.90998501033738, 32.460622791658913 ], [ -116.90998501033738, 32.460353297073681 ], [ -116.910254504922605, 32.460353297073681 ], [ -116.910254504922605, 32.460083802488441 ], [ -116.910793494093085, 32.460083802488441 ], [ -116.910793494093085, 32.459544813317969 ], [ -116.91106298867831, 32.459544813317969 ], [ -116.91106298867831, 32.459275318732736 ], [ -116.91160197784879, 32.459275318732736 ], [ -116.91160197784879, 32.459005824147496 ], [ -116.912679956189734, 32.459005824147496 ], [ -116.912679956189734, 32.459275318732736 ], [ -116.912410461604495, 32.459275318732736 ], [ -116.912410461604495, 32.460083802488441 ], [ -116.912679956189734, 32.460083802488441 ], [ -116.912679956189734, 32.459544813317969 ], [ -116.9132189453602, 32.459544813317969 ], [ -116.9132189453602, 32.460353297073681 ], [ -116.912949450774974, 32.460353297073681 ], [ -116.912949450774974, 32.460622791658913 ], [ -116.9132189453602, 32.460622791658913 ], [ -116.9132189453602, 32.460892286244153 ], [ -116.913488439945439, 32.460892286244153 ], [ -116.913488439945439, 32.461161780829386 ], [ -116.9132189453602, 32.461161780829386 ], [ -116.9132189453602, 32.461431275414625 ], [ -116.912140967019255, 32.461431275414625 ], [ -116.912140967019255, 32.461700769999858 ], [ -116.912949450774974, 32.461700769999858 ], [ -116.912949450774974, 32.46223975917033 ], [ -116.912140967019255, 32.46223975917033 ], [ -116.912140967019255, 32.462778748340803 ], [ -116.911871472434029, 32.462778748340803 ], [ -116.911871472434029, 32.463048242926035 ] ], [ [ -116.912140967019255, 32.46223975917033 ], [ -116.912140967019255, 32.461970264585091 ], [ -116.911871472434029, 32.461970264585091 ], [ -116.911871472434029, 32.46223975917033 ], [ -116.912140967019255, 32.46223975917033 ] ], [ [ -116.91133248326355, 32.461431275414625 ], [ -116.91133248326355, 32.461161780829386 ], [ -116.912679956189734, 32.461161780829386 ], [ -116.912679956189734, 32.460622791658913 ], [ -116.912140967019255, 32.460622791658913 ], [ -116.912140967019255, 32.460353297073681 ], [ -116.912410461604495, 32.460353297073681 ], [ -116.912410461604495, 32.460083802488441 ], [ -116.912140967019255, 32.460083802488441 ], [ -116.912140967019255, 32.459544813317969 ], [ -116.91160197784879, 32.459544813317969 ], [ -116.91160197784879, 32.459814307903208 ], [ -116.91133248326355, 32.459814307903208 ], [ -116.91133248326355, 32.460083802488441 ], [ -116.91106298867831, 32.460083802488441 ], [ -116.91106298867831, 32.460622791658913 ], [ -116.91133248326355, 32.460622791658913 ], [ -116.91133248326355, 32.460892286244153 ], [ -116.91106298867831, 32.460892286244153 ], [ -116.91106298867831, 32.461161780829386 ], [ -116.910793494093085, 32.461161780829386 ], [ -116.910793494093085, 32.461431275414625 ], [ -116.91133248326355, 32.461431275414625 ] ], [ [ -116.910254504922605, 32.461161780829386 ], [ -116.910254504922605, 32.460892286244153 ], [ -116.90998501033738, 32.460892286244153 ], [ -116.90998501033738, 32.461161780829386 ], [ -116.910254504922605, 32.461161780829386 ] ] ] ] } },
{ "type": "Feature", "properties": { "ZONA_MET": "Tijuana", "INTENSIDAD": "Intensa", "T_PROM_POL": 3.0, "T_MIN_CIUD": 1.0, "DIF_TERMIC": 2.0 }, "geometry": { "type": "MultiPolygon", "coordinates": [ [ [ [ -116.984365515862464, 32.461161780829386 ], [ -116.983557032106759, 32.461161780829386 ], [ -116.983557032106759, 32.460622791658913 ], [ -116.983018042936294, 32.460622791658913 ], [ -116.983018042936294, 32.459814307903208 ], [ -116.983826526691999, 32.459814307903208 ], [ -116.983826526691999, 32.459544813317969 ], [ -116.984096021277239, 32.459544813317969 ], [ -116.984096021277239, 32.459275318732736 ], [ -116.984365515862464, 32.459275318732736 ], [ -116.984365515862464, 32.458736329562264 ], [ -116.985173999618169, 32.458736329562264 ], [ -116.985173999618169, 32.460353297073681 ], [ -116.984635010447704, 32.460353297073681 ], [ -116.984635010447704, 32.460892286244153 ], [ -116.984365515862464, 32.460892286244153 ], [ -116.984365515862464, 32.461161780829386 ] ], [ [ -116.984096021277239, 32.460083802488441 ], [ -116.984096021277239, 32.459814307903208 ], [ -116.983826526691999, 32.459814307903208 ], [ -116.983826526691999, 32.460083802488441 ], [ -116.984096021277239, 32.460083802488441 ] ] ] ] } },
{ "type": "Feature", "properties": { "ZONA_MET": "Tijuana", "INTENSIDAD": "Intensa", "T_PROM_POL": 3.0, "T_MIN_CIUD": 1.0, "DIF_TERMIC": 2.0 }, "geometry": { "type": "MultiPolygon", "coordinates": [ [ [ [ -116.987060461714833, 32.458466834977031 ], [ -116.985982483373888, 32.458466834977031 ], [ -116.985982483373888, 32.458197340391791 ], [ -116.985443494203409, 32.458197340391791 ], [ -116.985443494203409, 32.457927845806559 ], [ -116.985173999618169, 32.457927845806559 ], [ -116.985173999618169, 32.457658351221319 ], [ -116.985712988788649, 32.457658351221319 ], [ -116.985712988788649, 32.457388856636086 ], [ -116.985982483373888, 32.457388856636086 ], [ -116.985982483373888, 32.457658351221319 ], [ -116.986251977959114, 32.457658351221319 ], [ -116.986251977959114, 32.457388856636086 ], [ -116.986521472544354, 32.457388856636086 ], [ -116.986521472544354, 32.457658351221319 ], [ -116.987329956300059, 32.457658351221319 ], [ -116.987329956300059, 32.458197340391791 ], [ -116.987060461714833, 32.458197340391791 ], [ -116.987060461714833, 32.458466834977031 ] ] ] ] } },
{ "type": "Feature", "properties": { "ZONA_MET": "Tijuana", "INTENSIDAD": "Intensa", "T_PROM_POL": 3.0, "T_MIN_CIUD": 1.0, "DIF_TERMIC": 2.0 }, "geometry": { "type": "MultiPolygon", "coordinates": [ [ [ [ -116.827789161840442, 32.459544813317969 ], [ -116.827250172669963, 32.459544813317969 ], [ -116.827250172669963, 32.458197340391791 ], [ -116.826980678084723, 32.458197340391791 ], [ -116.826980678084723, 32.457927845806559 ], [ -116.827250172669963, 32.457927845806559 ], [ -116.827250172669963, 32.456580372880374 ], [ -116.827789161840442, 32.456580372880374 ], [ -116.827789161840442, 32.456041383709902 ], [ -116.828328151010908, 32.456041383709902 ], [ -116.828328151010908, 32.456310878295142 ], [ -116.828597645596147, 32.456310878295142 ], [ -116.828597645596147, 32.456041383709902 ], [ -116.828867140181387, 32.456041383709902 ], [ -116.828867140181387, 32.456310878295142 ], [ -116.829406129351852, 32.456310878295142 ], [ -116.829406129351852, 32.456580372880374 ], [ -116.828867140181387, 32.456580372880374 ], [ -116.828867140181387, 32.456849867465614 ], [ -116.828597645596147, 32.456849867465614 ], [ -116.828597645596147, 32.457388856636086 ], [ -116.828328151010908, 32.457388856636086 ], [ -116.828328151010908, 32.457658351221319 ], [ -116.828058656425668, 32.457658351221319 ], [ -116.828058656425668, 32.458197340391791 ], [ -116.827789161840442, 32.458197340391791 ], [ -116.827789161840442, 32.458736329562264 ], [ -116.828058656425668, 32.458736329562264 ], [ -116.828058656425668, 32.459005824147496 ], [ -116.828328151010908, 32.459005824147496 ], [ -116.828328151010908, 32.459275318732736 ], [ -116.827789161840442, 32.459275318732736 ], [ -116.827789161840442, 32.459544813317969 ] ] ] ] } },
{ "type": "Feature", "properties": { "ZONA_MET": "Tijuana", "INTENSIDAD": "Intensa", "T_PROM_POL": 3.0, "T_MIN_CIUD": 1.0, "DIF_TERMIC": 2.0 }, "geometry": { "type": "MultiPolygon", "coordinates": [ [ [ [ -116.83937742900558, 32.456580372880374 ], [ -116.838299450664636, 32.456580372880374 ], [ -116.838299450664636, 32.456310878295142 ], [ -116.838029956079396, 32.456310878295142 ], [ -116.838029956079396, 32.456041383709902 ], [ -116.837490966908931, 32.456041383709902 ], [ -116.837490966908931, 32.455771889124669 ], [ -116.838568945249875, 32.455771889124669 ], [ -116.838568945249875, 32.455502394539437 ], [ -116.838838439835101, 32.455502394539437 ], [ -116.838838439835101, 32.455771889124669 ], [ -116.83937742900558, 32.455771889124669 ], [ -116.83937742900558, 32.456041383709902 ], [ -116.839916418176045, 32.456041383709902 ], [ -116.839916418176045, 32.456310878295142 ], [ -116.83937742900558, 32.456310878295142 ], [ -116.83937742900558, 32.456580372880374 ] ] ] ] } },
{ "type": "Feature", "properties": { "ZONA_MET": "Tijuana", "INTENSIDAD": "Intensa", "T_PROM_POL": 3.0, "T_MIN_CIUD": 1.0, "DIF_TERMIC": 2.0 }, "geometry": { "type": "MultiPolygon", "coordinates": [ [ [ [ -116.881688078887606, 32.456580372880374 ], [ -116.880879595131901, 32.456580372880374 ], [ -116.880879595131901, 32.456310878295142 ], [ -116.880610100546662, 32.456310878295142 ], [ -116.880610100546662, 32.455771889124669 ], [ -116.880340605961422, 32.455771889124669 ], [ -116.880340605961422, 32.455502394539437 ], [ -116.879801616790957, 32.455502394539437 ], [ -116.879801616790957, 32.454963405368964 ], [ -116.881688078887606, 32.454963405368964 ], [ -116.881688078887606, 32.455232899954197 ], [ -116.881957573472846, 32.455232899954197 ], [ -116.881957573472846, 32.455502394539437 ], [ -116.882227068058086, 32.455502394539437 ], [ -116.882227068058086, 32.455232899954197 ], [ -116.882496562643311, 32.455232899954197 ], [ -116.882496562643311, 32.454963405368964 ], [ -116.883574540984256, 32.454963405368964 ], [ -116.883574540984256, 32.455502394539437 ], [ -116.883035551813791, 32.455502394539437 ], [ -116.883035551813791, 32.455771889124669 ], [ -116.882227068058086, 32.455771889124669 ], [ -116.882227068058086, 32.456041383709902 ], [ -116.881957573472846, 32.456041383709902 ], [ -116.881957573472846, 32.456310878295142 ], [ -116.881688078887606, 32.456310878295142 ], [ -116.881688078887606, 32.456580372880374 ] ] ] ] } },
{ "type": "Feature", "properties": { "ZONA_MET": "Tijuana", "INTENSIDAD": "Intensa", "T_PROM_POL": 3.0, "T_MIN_CIUD": 1.0, "DIF_TERMIC": 2.0 }, "geometry": { "type": "MultiPolygon", "coordinates": [ [ [ [ -116.988946923811483, 32.456041383709902 ], [ -116.988138440055764, 32.456041383709902 ], [ -116.988138440055764, 32.455232899954197 ], [ -116.987868945470538, 32.455232899954197 ], [ -116.987868945470538, 32.454963405368964 ], [ -116.988138440055764, 32.454963405368964 ], [ -116.988138440055764, 32.454693910783725 ], [ -116.989216418396708, 32.454693910783725 ], [ -116.989216418396708, 32.455502394539437 ], [ -116.988946923811483, 32.455502394539437 ], [ -116.988946923811483, 32.456041383709902 ] ] ] ] } },
{ "type": "Feature", "properties": { "ZONA_MET": "Tijuana", "INTENSIDAD": "Intensa", "T_PROM_POL": 3.0, "T_MIN_CIUD": 1.0, "DIF_TERMIC": 2.0 }, "geometry": { "type": "MultiPolygon", "coordinates": [ [ [ [ -116.874681219671473, 32.457119362050847 ], [ -116.873872735915768, 32.457119362050847 ], [ -116.873872735915768, 32.456849867465614 ], [ -116.873603241330528, 32.456849867465614 ], [ -116.873603241330528, 32.456310878295142 ], [ -116.873872735915768, 32.456310878295142 ], [ -116.873872735915768, 32.456041383709902 ], [ -116.873603241330528, 32.456041383709902 ], [ -116.873603241330528, 32.455232899954197 ], [ -116.873333746745303, 32.455232899954197 ], [ -116.873333746745303, 32.454963405368964 ], [ -116.872255768404358, 32.454963405368964 ], [ -116.872255768404358, 32.454693910783725 ], [ -116.871986273819118, 32.454693910783725 ], [ -116.871986273819118, 32.454424416198492 ], [ -116.872255768404358, 32.454424416198492 ], [ -116.872255768404358, 32.454154921613252 ], [ -116.872794757574823, 32.454154921613252 ], [ -116.872794757574823, 32.45388542702802 ], [ -116.873333746745303, 32.45388542702802 ], [ -116.873333746745303, 32.454424416198492 ], [ -116.873603241330528, 32.454424416198492 ], [ -116.873603241330528, 32.45388542702802 ], [ -116.874681219671473, 32.45388542702802 ], [ -116.874681219671473, 32.454963405368964 ], [ -116.874411725086233, 32.454963405368964 ], [ -116.874411725086233, 32.455502394539437 ], [ -116.874681219671473, 32.455502394539437 ], [ -116.874681219671473, 32.456041383709902 ], [ -116.874950714256713, 32.456041383709902 ], [ -116.874950714256713, 32.456310878295142 ], [ -116.874681219671473, 32.456310878295142 ], [ -116.874681219671473, 32.456580372880374 ], [ -116.874950714256713, 32.456580372880374 ], [ -116.874950714256713, 32.456849867465614 ], [ -116.874681219671473, 32.456849867465614 ], [ -116.874681219671473, 32.457119362050847 ] ], [ [ -116.874411725086233, 32.456041383709902 ], [ -116.874411725086233, 32.455771889124669 ], [ -116.874142230501008, 32.455771889124669 ], [ -116.874142230501008, 32.456041383709902 ], [ -116.874411725086233, 32.456041383709902 ] ] ] ] } },
{ "type": "Feature", "properties": { "ZONA_MET": "Tijuana", "INTENSIDAD": "Intensa", "T_PROM_POL": 3.0, "T_MIN_CIUD": 1.0, "DIF_TERMIC": 2.0 }, "geometry": { "type": "MultiPolygon", "coordinates": [ [ [ [ -116.845306309880769, 32.455502394539437 ], [ -116.845036815295529, 32.455502394539437 ], [ -116.845036815295529, 32.455232899954197 ], [ -116.844497826125064, 32.455232899954197 ], [ -116.844497826125064, 32.454963405368964 ], [ -116.845306309880769, 32.454963405368964 ], [ -116.845306309880769, 32.454693910783725 ], [ -116.845845299051234, 32.454693910783725 ], [ -116.845845299051234, 32.454424416198492 ], [ -116.846114793636474, 32.454424416198492 ], [ -116.846114793636474, 32.454154921613252 ], [ -116.846653782806953, 32.454154921613252 ], [ -116.846653782806953, 32.45388542702802 ], [ -116.846923277392179, 32.45388542702802 ], [ -116.846923277392179, 32.454154921613252 ], [ -116.847192771977419, 32.454154921613252 ], [ -116.847192771977419, 32.45388542702802 ], [ -116.847462266562658, 32.45388542702802 ], [ -116.847462266562658, 32.454424416198492 ], [ -116.847731761147884, 32.454424416198492 ], [ -116.847731761147884, 32.454693910783725 ], [ -116.847462266562658, 32.454693910783725 ], [ -116.847462266562658, 32.454963405368964 ], [ -116.846653782806953, 32.454963405368964 ], [ -116.846653782806953, 32.455232899954197 ], [ -116.845306309880769, 32.455232899954197 ], [ -116.845306309880769, 32.455502394539437 ] ] ] ] } },
{ "type": "Feature", "properties": { "ZONA_MET": "Tijuana", "INTENSIDAD": "Intensa", "T_PROM_POL": 3.0, "T_MIN_CIUD": 1.0, "DIF_TERMIC": 2.0 }, "geometry": { "type": "MultiPolygon", "coordinates": [ [ [ [ -116.840455407346525, 32.457119362050847 ], [ -116.839916418176045, 32.457119362050847 ], [ -116.839916418176045, 32.456849867465614 ], [ -116.840185912761285, 32.456849867465614 ], [ -116.840185912761285, 32.456580372880374 ], [ -116.840455407346525, 32.456580372880374 ], [ -116.840455407346525, 32.456310878295142 ], [ -116.840185912761285, 32.456310878295142 ], [ -116.840185912761285, 32.455771889124669 ], [ -116.839916418176045, 32.455771889124669 ], [ -116.839916418176045, 32.455502394539437 ], [ -116.840185912761285, 32.455502394539437 ], [ -116.840185912761285, 32.454963405368964 ], [ -116.840455407346525, 32.454963405368964 ], [ -116.840455407346525, 32.455232899954197 ], [ -116.840724901931765, 32.455232899954197 ], [ -116.840724901931765, 32.454963405368964 ], [ -116.84099439651699, 32.454963405368964 ], [ -116.84099439651699, 32.455502394539437 ], [ -116.84153338568747, 32.455502394539437 ], [ -116.84153338568747, 32.454963405368964 ], [ -116.841802880272695, 32.454963405368964 ], [ -116.841802880272695, 32.454693910783725 ], [ -116.84153338568747, 32.454693910783725 ], [ -116.84153338568747, 32.454424416198492 ], [ -116.841802880272695, 32.454424416198492 ], [ -116.841802880272695, 32.45388542702802 ], [ -116.842611364028414, 32.45388542702802 ], [ -116.842611364028414, 32.45361593244278 ], [ -116.843689342369359, 32.45361593244278 ], [ -116.843689342369359, 32.453346437857547 ], [ -116.843958836954585, 32.453346437857547 ], [ -116.843958836954585, 32.453076943272308 ], [ -116.844228331539824, 32.453076943272308 ], [ -116.844228331539824, 32.45361593244278 ], [ -116.844497826125064, 32.45361593244278 ], [ -116.844497826125064, 32.45388542702802 ], [ -116.843958836954585, 32.45388542702802 ], [ -116.843958836954585, 32.454154921613252 ], [ -116.843689342369359, 32.454154921613252 ], [ -116.843689342369359, 32.454424416198492 ], [ -116.84288085861364, 32.454424416198492 ], [ -116.84288085861364, 32.454693910783725 ], [ -116.843419847784119, 32.454693910783725 ], [ -116.843419847784119, 32.454963405368964 ], [ -116.84288085861364, 32.454963405368964 ], [ -116.84288085861364, 32.455232899954197 ], [ -116.842341869443175, 32.455232899954197 ], [ -116.842341869443175, 32.455502394539437 ], [ -116.842611364028414, 32.455502394539437 ], [ -116.842611364028414, 32.455771889124669 ], [ -116.842341869443175, 32.455771889124669 ], [ -116.842341869443175, 32.456041383709902 ], [ -116.842611364028414, 32.456041383709902 ], [ -116.842611364028414, 32.456310878295142 ], [ -116.84288085861364, 32.456310878295142 ], [ -116.84288085861364, 32.456580372880374 ], [ -116.842611364028414, 32.456580372880374 ], [ -116.842611364028414, 32.456849867465614 ], [ -116.842072374857935, 32.456849867465614 ], [ -116.842072374857935, 32.456580372880374 ], [ -116.841802880272695, 32.456580372880374 ], [ -116.841802880272695, 32.456310878295142 ], [ -116.84153338568747, 32.456310878295142 ], [ -116.84153338568747, 32.456580372880374 ], [ -116.840724901931765, 32.456580372880374 ], [ -116.840724901931765, 32.456849867465614 ], [ -116.840455407346525, 32.456849867465614 ], [ -116.840455407346525, 32.457119362050847 ] ] ] ] } },
{ "type": "Feature", "properties": { "ZONA_MET": "Tijuana", "INTENSIDAD": "Intensa", "T_PROM_POL": 3.0, "T_MIN_CIUD": 1.0, "DIF_TERMIC": 2.0 }, "geometry": { "type": "MultiPolygon", "coordinates": [ [ [ [ -116.985712988788649, 32.454424416198492 ], [ -116.985443494203409, 32.454424416198492 ], [ -116.985443494203409, 32.454154921613252 ], [ -116.985173999618169, 32.454154921613252 ], [ -116.985173999618169, 32.45388542702802 ], [ -116.984635010447704, 32.45388542702802 ], [ -116.984635010447704, 32.45361593244278 ], [ -116.984365515862464, 32.45361593244278 ], [ -116.984365515862464, 32.453346437857547 ], [ -116.984635010447704, 32.453346437857547 ], [ -116.984635010447704, 32.452807448687075 ], [ -116.985173999618169, 32.452807448687075 ], [ -116.985173999618169, 32.452537954101842 ], [ -116.985712988788649, 32.452537954101842 ], [ -116.985712988788649, 32.452807448687075 ], [ -116.986251977959114, 32.452807448687075 ], [ -116.986251977959114, 32.453076943272308 ], [ -116.985443494203409, 32.453076943272308 ], [ -116.985443494203409, 32.45388542702802 ], [ -116.985982483373888, 32.45388542702802 ], [ -116.985982483373888, 32.454154921613252 ], [ -116.985712988788649, 32.454154921613252 ], [ -116.985712988788649, 32.454424416198492 ] ] ] ] } },
{ "type": "Feature", "properties": { "ZONA_MET": "Tijuana", "INTENSIDAD": "Extrema", "T_PROM_POL": 3.0, "T_MIN_CIUD": 1.0, "DIF_TERMIC": 2.0 }, "geometry": { "type": "MultiPolygon", "coordinates": [ [ [ [ -116.890042411029924, 32.455232899954197 ], [ -116.888964432688979, 32.455232899954197 ], [ -116.888964432688979, 32.454693910783725 ], [ -116.889233927274205, 32.454693910783725 ], [ -116.889233927274205, 32.454154921613252 ], [ -116.888964432688979, 32.454154921613252 ], [ -116.888964432688979, 32.453076943272308 ], [ -116.889233927274205, 32.453076943272308 ], [ -116.889233927274205, 32.452807448687075 ], [ -116.890042411029924, 32.452807448687075 ], [ -116.890042411029924, 32.452268459516603 ], [ -116.890581400200389, 32.452268459516603 ], [ -116.890581400200389, 32.452537954101842 ], [ -116.890850894785629, 32.452537954101842 ], [ -116.890850894785629, 32.452807448687075 ], [ -116.890581400200389, 32.452807448687075 ], [ -116.890581400200389, 32.453346437857547 ], [ -116.891120389370869, 32.453346437857547 ], [ -116.891120389370869, 32.454154921613252 ], [ -116.890850894785629, 32.454154921613252 ], [ -116.890850894785629, 32.454424416198492 ], [ -116.890581400200389, 32.454424416198492 ], [ -116.890581400200389, 32.454963405368964 ], [ -116.890042411029924, 32.454963405368964 ], [ -116.890042411029924, 32.455232899954197 ] ] ] ] } },
{ "type": "Feature", "properties": { "ZONA_MET": "Tijuana", "INTENSIDAD": "Intensa", "T_PROM_POL": 3.0, "T_MIN_CIUD": 1.0, "DIF_TERMIC": 2.0 }, "geometry": { "type": "MultiPolygon", "coordinates": [ [ [ [ -116.890042411029924, 32.456041383709902 ], [ -116.889503421859445, 32.456041383709902 ], [ -116.889503421859445, 32.455771889124669 ], [ -116.889233927274205, 32.455771889124669 ], [ -116.889233927274205, 32.456041383709902 ], [ -116.888964432688979, 32.456041383709902 ], [ -116.888964432688979, 32.455771889124669 ], [ -116.8884254435185, 32.455771889124669 ], [ -116.8884254435185, 32.454963405368964 ], [ -116.88869493810374, 32.454963405368964 ], [ -116.88869493810374, 32.45361593244278 ], [ -116.8884254435185, 32.45361593244278 ], [ -116.8884254435185, 32.453076943272308 ], [ -116.887616959762795, 32.453076943272308 ], [ -116.887616959762795, 32.453346437857547 ], [ -116.887347465177555, 32.453346437857547 ], [ -116.887347465177555, 32.45388542702802 ], [ -116.88707797059233, 32.45388542702802 ], [ -116.88707797059233, 32.454154921613252 ], [ -116.88680847600709, 32.454154921613252 ], [ -116.88680847600709, 32.454424416198492 ], [ -116.885461003080906, 32.454424416198492 ], [ -116.885461003080906, 32.454693910783725 ], [ -116.88519150849568, 32.454693910783725 ], [ -116.88519150849568, 32.454963405368964 ], [ -116.88492201391044, 32.454963405368964 ], [ -116.88492201391044, 32.455502394539437 ], [ -116.884383024739961, 32.455502394539437 ], [ -116.884383024739961, 32.454424416198492 ], [ -116.88492201391044, 32.454424416198492 ], [ -116.88492201391044, 32.454154921613252 ], [ -116.88519150849568, 32.454154921613252 ], [ -116.88519150849568, 32.45361593244278 ], [ -116.88680847600709, 32.45361593244278 ], [ -116.88680847600709, 32.453346437857547 ], [ -116.88707797059233, 32.453346437857547 ], [ -116.88707797059233, 32.45199896493137 ], [ -116.887347465177555, 32.45199896493137 ], [ -116.887347465177555, 32.452268459516603 ], [ -116.887616959762795, 32.452268459516603 ], [ -116.887616959762795, 32.452537954101842 ], [ -116.8884254435185, 32.452537954101842 ], [ -116.8884254435185, 32.452807448687075 ], [ -116.88869493810374, 32.452807448687075 ], [ -116.88869493810374, 32.453076943272308 ], [ -116.888964432688979, 32.453076943272308 ], [ -116.888964432688979, 32.454154921613252 ], [ -116.889233927274205, 32.454154921613252 ], [ -116.889233927274205, 32.454693910783725 ], [ -116.888964432688979, 32.454693910783725 ], [ -116.888964432688979, 32.455232899954197 ], [ -116.890042411029924, 32.455232899954197 ], [ -116.890042411029924, 32.454963405368964 ], [ -116.890581400200389, 32.454963405368964 ], [ -116.890581400200389, 32.455232899954197 ], [ -116.89031190561515, 32.455232899954197 ], [ -116.89031190561515, 32.455771889124669 ], [ -116.890042411029924, 32.455771889124669 ], [ -116.890042411029924, 32.456041383709902 ] ] ] ] } },
{ "type": "Feature", "properties": { "ZONA_MET": "Tijuana", "INTENSIDAD": "Intensa", "T_PROM_POL": 3.0, "T_MIN_CIUD": 1.0, "DIF_TERMIC": 2.0 }, "geometry": { "type": "MultiPolygon", "coordinates": [ [ [ [ -116.852043674511663, 32.468707629215992 ], [ -116.851504685341197, 32.468707629215992 ], [ -116.851504685341197, 32.468168640045519 ], [ -116.851235190755958, 32.468168640045519 ], [ -116.851235190755958, 32.467629650875047 ], [ -116.850965696170718, 32.467629650875047 ], [ -116.850965696170718, 32.467360156289814 ], [ -116.849887717829773, 32.467360156289814 ], [ -116.849887717829773, 32.466821167119342 ], [ -116.849618223244548, 32.466821167119342 ], [ -116.849618223244548, 32.466551672534102 ], [ -116.849348728659308, 32.466551672534102 ], [ -116.849348728659308, 32.46628217794887 ], [ -116.849618223244548, 32.46628217794887 ], [ -116.849618223244548, 32.46601268336363 ], [ -116.850426707000253, 32.46601268336363 ], [ -116.850426707000253, 32.465473694193157 ], [ -116.850696201585478, 32.465473694193157 ], [ -116.850696201585478, 32.465204199607925 ], [ -116.851235190755958, 32.465204199607925 ], [ -116.851235190755958, 32.464934705022685 ], [ -116.851504685341197, 32.464934705022685 ], [ -116.851504685341197, 32.465204199607925 ], [ -116.852852158267368, 32.465204199607925 ], [ -116.852852158267368, 32.464934705022685 ], [ -116.853391147437847, 32.464934705022685 ], [ -116.853391147437847, 32.465204199607925 ], [ -116.854199631193552, 32.465204199607925 ], [ -116.854199631193552, 32.465473694193157 ], [ -116.853930136608312, 32.465473694193157 ], [ -116.853930136608312, 32.46601268336363 ], [ -116.854469125778792, 32.46601268336363 ], [ -116.854469125778792, 32.465743188778397 ], [ -116.854738620364017, 32.465743188778397 ], [ -116.854738620364017, 32.464934705022685 ], [ -116.855008114949257, 32.464934705022685 ], [ -116.855008114949257, 32.465204199607925 ], [ -116.855547104119736, 32.465204199607925 ], [ -116.855547104119736, 32.464934705022685 ], [ -116.855816598704962, 32.464934705022685 ], [ -116.855816598704962, 32.464665210437452 ], [ -116.856355587875441, 32.464665210437452 ], [ -116.856355587875441, 32.46439571585222 ], [ -116.855547104119736, 32.46439571585222 ], [ -116.855547104119736, 32.464665210437452 ], [ -116.855008114949257, 32.464665210437452 ], [ -116.855008114949257, 32.463856726681747 ], [ -116.855816598704962, 32.463856726681747 ], [ -116.855816598704962, 32.463587232096508 ], [ -116.856086093290202, 32.463587232096508 ], [ -116.856086093290202, 32.463048242926035 ], [ -116.856355587875441, 32.463048242926035 ], [ -116.856355587875441, 32.462778748340803 ], [ -116.856625082460667, 32.462778748340803 ], [ -116.856625082460667, 32.46223975917033 ], [ -116.857433566216386, 32.46223975917033 ], [ -116.857433566216386, 32.462509253755563 ], [ -116.857703060801612, 32.462509253755563 ], [ -116.857703060801612, 32.462778748340803 ], [ -116.858242049972091, 32.462778748340803 ], [ -116.858242049972091, 32.463048242926035 ], [ -116.858781039142556, 32.463048242926035 ], [ -116.858781039142556, 32.462778748340803 ], [ -116.859589522898261, 32.462778748340803 ], [ -116.859589522898261, 32.463048242926035 ], [ -116.859320028313036, 32.463048242926035 ], [ -116.859320028313036, 32.463317737511275 ], [ -116.857972555386851, 32.463317737511275 ], [ -116.857972555386851, 32.463856726681747 ], [ -116.858511544557331, 32.463856726681747 ], [ -116.858511544557331, 32.46412622126698 ], [ -116.859050533727796, 32.46412622126698 ], [ -116.859050533727796, 32.464665210437452 ], [ -116.859320028313036, 32.464665210437452 ], [ -116.859320028313036, 32.464934705022685 ], [ -116.859050533727796, 32.464934705022685 ], [ -116.859050533727796, 32.465204199607925 ], [ -116.859589522898261, 32.465204199607925 ], [ -116.859589522898261, 32.46439571585222 ], [ -116.859320028313036, 32.46439571585222 ], [ -116.859320028313036, 32.463587232096508 ], [ -116.860128512068741, 32.463587232096508 ], [ -116.860128512068741, 32.463048242926035 ], [ -116.86039800665398, 32.463048242926035 ], [ -116.86039800665398, 32.462778748340803 ], [ -116.860128512068741, 32.462778748340803 ], [ -116.860128512068741, 32.462509253755563 ], [ -116.859589522898261, 32.462509253755563 ], [ -116.859589522898261, 32.461161780829386 ], [ -116.859320028313036, 32.461161780829386 ], [ -116.859320028313036, 32.460622791658913 ], [ -116.859589522898261, 32.460622791658913 ], [ -116.859589522898261, 32.460353297073681 ], [ -116.859859017483501, 32.460353297073681 ], [ -116.859859017483501, 32.460083802488441 ], [ -116.860128512068741, 32.460083802488441 ], [ -116.860128512068741, 32.459814307903208 ], [ -116.859859017483501, 32.459814307903208 ], [ -116.859859017483501, 32.458736329562264 ], [ -116.860128512068741, 32.458736329562264 ], [ -116.860128512068741, 32.458466834977031 ], [ -116.860667501239206, 32.458466834977031 ], [ -116.860667501239206, 32.458197340391791 ], [ -116.860936995824446, 32.458197340391791 ], [ -116.860936995824446, 32.457927845806559 ], [ -116.860667501239206, 32.457927845806559 ], [ -116.860667501239206, 32.457388856636086 ], [ -116.860936995824446, 32.457388856636086 ], [ -116.860936995824446, 32.456849867465614 ], [ -116.861206490409685, 32.456849867465614 ], [ -116.861206490409685, 32.456580372880374 ], [ -116.861475984994925, 32.456580372880374 ], [ -116.861475984994925, 32.455771889124669 ], [ -116.861206490409685, 32.455771889124669 ], [ -116.861206490409685, 32.455232899954197 ], [ -116.861475984994925, 32.455232899954197 ], [ -116.861475984994925, 32.455502394539437 ], [ -116.861745479580151, 32.455502394539437 ], [ -116.861745479580151, 32.454963405368964 ], [ -116.861475984994925, 32.454963405368964 ], [ -116.861475984994925, 32.454693910783725 ], [ -116.861745479580151, 32.454693910783725 ], [ -116.861745479580151, 32.454424416198492 ], [ -116.861206490409685, 32.454424416198492 ], [ -116.861206490409685, 32.45388542702802 ], [ -116.860936995824446, 32.45388542702802 ], [ -116.860936995824446, 32.452268459516603 ], [ -116.861206490409685, 32.452268459516603 ], [ -116.861206490409685, 32.45172947034613 ], [ -116.860936995824446, 32.45172947034613 ], [ -116.860936995824446, 32.451459975760898 ], [ -116.861475984994925, 32.451459975760898 ], [ -116.861475984994925, 32.452537954101842 ], [ -116.861745479580151, 32.452537954101842 ], [ -116.861745479580151, 32.452807448687075 ], [ -116.86228446875063, 32.452807448687075 ], [ -116.86228446875063, 32.453076943272308 ], [ -116.862553963335856, 32.453076943272308 ], [ -116.862553963335856, 32.453346437857547 ], [ -116.862823457921095, 32.453346437857547 ], [ -116.862823457921095, 32.45361593244278 ], [ -116.8636319416768, 32.45361593244278 ], [ -116.8636319416768, 32.453346437857547 ], [ -116.86417093084728, 32.453346437857547 ], [ -116.86417093084728, 32.452807448687075 ], [ -116.8636319416768, 32.452807448687075 ], [ -116.8636319416768, 32.452537954101842 ], [ -116.86417093084728, 32.452537954101842 ], [ -116.86417093084728, 32.452268459516603 ], [ -116.86444042543252, 32.452268459516603 ], [ -116.86444042543252, 32.45172947034613 ], [ -116.8636319416768, 32.45172947034613 ], [ -116.8636319416768, 32.451190481175658 ], [ -116.864709920017745, 32.451190481175658 ], [ -116.864709920017745, 32.452268459516603 ], [ -116.864979414602985, 32.452268459516603 ], [ -116.864979414602985, 32.45361593244278 ], [ -116.865248909188225, 32.45361593244278 ], [ -116.865248909188225, 32.45388542702802 ], [ -116.86578789835869, 32.45388542702802 ], [ -116.86578789835869, 32.454693910783725 ], [ -116.865248909188225, 32.454693910783725 ], [ -116.865248909188225, 32.454963405368964 ], [ -116.86444042543252, 32.454963405368964 ], [ -116.86444042543252, 32.455502394539437 ], [ -116.8636319416768, 32.455502394539437 ], [ -116.8636319416768, 32.455771889124669 ], [ -116.86444042543252, 32.455771889124669 ], [ -116.86444042543252, 32.456041383709902 ], [ -116.864979414602985, 32.456041383709902 ], [ -116.864979414602985, 32.455771889124669 ], [ -116.86578789835869, 32.455771889124669 ], [ -116.86578789835869, 32.455502394539437 ], [ -116.866057392943929, 32.455502394539437 ], [ -116.866057392943929, 32.456041383709902 ], [ -116.866326887529169, 32.456041383709902 ], [ -116.866326887529169, 32.456310878295142 ], [ -116.866596382114395, 32.456310878295142 ], [ -116.866596382114395, 32.456580372880374 ], [ -116.866326887529169, 32.456580372880374 ], [ -116.866326887529169, 32.456849867465614 ], [ -116.866596382114395, 32.456849867465614 ], [ -116.866596382114395, 32.457388856636086 ], [ -116.86578789835869, 32.457388856636086 ], [ -116.86578789835869, 32.457658351221319 ], [ -116.865248909188225, 32.457658351221319 ], [ -116.865248909188225, 32.457388856636086 ], [ -116.864979414602985, 32.457388856636086 ], [ -116.864979414602985, 32.458466834977031 ], [ -116.865248909188225, 32.458466834977031 ], [ -116.865248909188225, 32.458736329562264 ], [ -116.864979414602985, 32.458736329562264 ], [ -116.864979414602985, 32.459005824147496 ], [ -116.86578789835869, 32.459005824147496 ], [ -116.86578789835869, 32.458736329562264 ], [ -116.866057392943929, 32.458736329562264 ], [ -116.866057392943929, 32.457658351221319 ], [ -116.866865876699634, 32.457658351221319 ], [ -116.866865876699634, 32.457388856636086 ], [ -116.867135371284874, 32.457388856636086 ], [ -116.867135371284874, 32.457119362050847 ], [ -116.867674360455339, 32.457119362050847 ], [ -116.867674360455339, 32.457927845806559 ], [ -116.868482844211044, 32.457927845806559 ], [ -116.868482844211044, 32.457658351221319 ], [ -116.868213349625819, 32.457658351221319 ], [ -116.868213349625819, 32.457388856636086 ], [ -116.868482844211044, 32.457388856636086 ], [ -116.868482844211044, 32.457119362050847 ], [ -116.868752338796284, 32.457119362050847 ], [ -116.868752338796284, 32.457658351221319 ], [ -116.869560822551989, 32.457658351221319 ], [ -116.869560822551989, 32.457388856636086 ], [ -116.869291327966764, 32.457388856636086 ], [ -116.869291327966764, 32.457119362050847 ], [ -116.869830317137229, 32.457119362050847 ], [ -116.869830317137229, 32.456849867465614 ], [ -116.870099811722469, 32.456849867465614 ], [ -116.870099811722469, 32.456580372880374 ], [ -116.870369306307708, 32.456580372880374 ], [ -116.870369306307708, 32.456310878295142 ], [ -116.870908295478173, 32.456310878295142 ], [ -116.870908295478173, 32.456580372880374 ], [ -116.871447284648639, 32.456580372880374 ], [ -116.871447284648639, 32.456310878295142 ], [ -116.871716779233878, 32.456310878295142 ], [ -116.871716779233878, 32.456041383709902 ], [ -116.871986273819118, 32.456041383709902 ], [ -116.871986273819118, 32.456580372880374 ], [ -116.872255768404358, 32.456580372880374 ], [ -116.872255768404358, 32.456849867465614 ], [ -116.872794757574823, 32.456849867465614 ], [ -116.872794757574823, 32.457388856636086 ], [ -116.870908295478173, 32.457388856636086 ], [ -116.870908295478173, 32.457658351221319 ], [ -116.870099811722469, 32.457658351221319 ], [ -116.870099811722469, 32.458197340391791 ], [ -116.869560822551989, 32.458197340391791 ], [ -116.869560822551989, 32.458466834977031 ], [ -116.869291327966764, 32.458466834977031 ], [ -116.869291327966764, 32.458736329562264 ], [ -116.868213349625819, 32.458736329562264 ], [ -116.868213349625819, 32.459005824147496 ], [ -116.867943855040579, 32.459005824147496 ], [ -116.867943855040579, 32.459275318732736 ], [ -116.867674360455339, 32.459275318732736 ], [ -116.867674360455339, 32.459544813317969 ], [ -116.866865876699634, 32.459544813317969 ], [ -116.866865876699634, 32.459814307903208 ], [ -116.866596382114395, 32.459814307903208 ], [ -116.866596382114395, 32.460353297073681 ], [ -116.866326887529169, 32.460353297073681 ], [ -116.866326887529169, 32.460892286244153 ], [ -116.864979414602985, 32.460892286244153 ], [ -116.864979414602985, 32.460622791658913 ], [ -116.864709920017745, 32.460622791658913 ], [ -116.864709920017745, 32.460353297073681 ], [ -116.86444042543252, 32.460353297073681 ], [ -116.86444042543252, 32.459814307903208 ], [ -116.864709920017745, 32.459814307903208 ], [ -116.864709920017745, 32.459544813317969 ], [ -116.86444042543252, 32.459544813317969 ], [ -116.86444042543252, 32.459005824147496 ], [ -116.86417093084728, 32.459005824147496 ], [ -116.86417093084728, 32.458736329562264 ], [ -116.86390143626204, 32.458736329562264 ], [ -116.86390143626204, 32.459005824147496 ], [ -116.863092952506335, 32.459005824147496 ], [ -116.863092952506335, 32.459275318732736 ], [ -116.8636319416768, 32.459275318732736 ], [ -116.8636319416768, 32.460083802488441 ], [ -116.86417093084728, 32.460083802488441 ], [ -116.86417093084728, 32.460622791658913 ], [ -116.863362447091575, 32.460622791658913 ], [ -116.863362447091575, 32.460892286244153 ], [ -116.862823457921095, 32.460892286244153 ], [ -116.862823457921095, 32.461161780829386 ], [ -116.862553963335856, 32.461161780829386 ], [ -116.862553963335856, 32.461431275414625 ], [ -116.86228446875063, 32.461431275414625 ], [ -116.86228446875063, 32.461700769999858 ], [ -116.861745479580151, 32.461700769999858 ], [ -116.861745479580151, 32.461431275414625 ], [ -116.861475984994925, 32.461431275414625 ], [ -116.861475984994925, 32.461970264585091 ], [ -116.861206490409685, 32.461970264585091 ], [ -116.861206490409685, 32.462509253755563 ], [ -116.860936995824446, 32.462509253755563 ], [ -116.860936995824446, 32.462778748340803 ], [ -116.861206490409685, 32.462778748340803 ], [ -116.861206490409685, 32.463048242926035 ], [ -116.860936995824446, 32.463048242926035 ], [ -116.860936995824446, 32.46439571585222 ], [ -116.860128512068741, 32.46439571585222 ], [ -116.860128512068741, 32.46412622126698 ], [ -116.859859017483501, 32.46412622126698 ], [ -116.859859017483501, 32.465204199607925 ], [ -116.860128512068741, 32.465204199607925 ], [ -116.860128512068741, 32.465743188778397 ], [ -116.859859017483501, 32.465743188778397 ], [ -116.859859017483501, 32.46601268336363 ], [ -116.860128512068741, 32.46601268336363 ], [ -116.860128512068741, 32.466551672534102 ], [ -116.859859017483501, 32.466551672534102 ], [ -116.859859017483501, 32.466821167119342 ], [ -116.858781039142556, 32.466821167119342 ], [ -116.858781039142556, 32.466551672534102 ], [ -116.858242049972091, 32.466551672534102 ], [ -116.858242049972091, 32.466821167119342 ], [ -116.857433566216386, 32.466821167119342 ], [ -116.857433566216386, 32.466551672534102 ], [ -116.857972555386851, 32.466551672534102 ], [ -116.857972555386851, 32.46628217794887 ], [ -116.858242049972091, 32.46628217794887 ], [ -116.858242049972091, 32.46601268336363 ], [ -116.857433566216386, 32.46601268336363 ], [ -116.857433566216386, 32.46628217794887 ], [ -116.857164071631146, 32.46628217794887 ], [ -116.857164071631146, 32.466821167119342 ], [ -116.856894577045907, 32.466821167119342 ], [ -116.856894577045907, 32.466551672534102 ], [ -116.855277609534497, 32.466551672534102 ], [ -116.855277609534497, 32.46628217794887 ], [ -116.855008114949257, 32.46628217794887 ], [ -116.855008114949257, 32.466821167119342 ], [ -116.854738620364017, 32.466821167119342 ], [ -116.854738620364017, 32.467090661704574 ], [ -116.853121652852607, 32.467090661704574 ], [ -116.853121652852607, 32.467360156289814 ], [ -116.852852158267368, 32.467360156289814 ], [ -116.852852158267368, 32.467090661704574 ], [ -116.852582663682142, 32.467090661704574 ], [ -116.852582663682142, 32.467360156289814 ], [ -116.852313169096902, 32.467360156289814 ], [ -116.852313169096902, 32.467629650875047 ], [ -116.852043674511663, 32.467629650875047 ], [ -116.852043674511663, 32.468707629215992 ] ], [ [ -116.851235190755958, 32.467360156289814 ], [ -116.851235190755958, 32.467090661704574 ], [ -116.850965696170718, 32.467090661704574 ], [ -116.850965696170718, 32.467360156289814 ], [ -116.851235190755958, 32.467360156289814 ] ], [ [ -116.851774179926423, 32.467090661704574 ], [ -116.851774179926423, 32.466821167119342 ], [ -116.851504685341197, 32.466821167119342 ], [ -116.851504685341197, 32.467090661704574 ], [ -116.851774179926423, 32.467090661704574 ] ], [ [ -116.852043674511663, 32.466821167119342 ], [ -116.852043674511663, 32.466551672534102 ], [ -116.851774179926423, 32.466551672534102 ], [ -116.851774179926423, 32.466821167119342 ], [ -116.852043674511663, 32.466821167119342 ] ], [ [ -116.857703060801612, 32.464665210437452 ], [ -116.857703060801612, 32.46412622126698 ], [ -116.857433566216386, 32.46412622126698 ], [ -116.857433566216386, 32.464665210437452 ], [ -116.857703060801612, 32.464665210437452 ] ], [ [ -116.857164071631146, 32.46439571585222 ], [ -116.857164071631146, 32.46412622126698 ], [ -116.856355587875441, 32.46412622126698 ], [ -116.856355587875441, 32.46439571585222 ], [ -116.857164071631146, 32.46439571585222 ] ], [ [ -116.857433566216386, 32.46412622126698 ], [ -116.857433566216386, 32.463856726681747 ], [ -116.857164071631146, 32.463856726681747 ], [ -116.857164071631146, 32.46412622126698 ], [ -116.857433566216386, 32.46412622126698 ] ], [ [ -116.857703060801612, 32.463856726681747 ], [ -116.857703060801612, 32.463587232096508 ], [ -116.857433566216386, 32.463587232096508 ], [ -116.857433566216386, 32.463856726681747 ], [ -116.857703060801612, 32.463856726681747 ] ], [ [ -116.865248909188225, 32.460622791658913 ], [ -116.865248909188225, 32.460353297073681 ], [ -116.864979414602985, 32.460353297073681 ], [ -116.864979414602985, 32.460622791658913 ], [ -116.865248909188225, 32.460622791658913 ] ], [ [ -116.86228446875063, 32.460622791658913 ], [ -116.86228446875063, 32.460353297073681 ], [ -116.861745479580151, 32.460353297073681 ], [ -116.861745479580151, 32.460622791658913 ], [ -116.86228446875063, 32.460622791658913 ] ], [ [ -116.862553963335856, 32.460353297073681 ], [ -116.862553963335856, 32.460083802488441 ], [ -116.86228446875063, 32.460083802488441 ], [ -116.86228446875063, 32.460353297073681 ], [ -116.862553963335856, 32.460353297073681 ] ], [ [ -116.860936995824446, 32.459275318732736 ], [ -116.860936995824446, 32.459005824147496 ], [ -116.860667501239206, 32.459005824147496 ], [ -116.860667501239206, 32.459275318732736 ], [ -116.860936995824446, 32.459275318732736 ] ], [ [ -116.867674360455339, 32.459005824147496 ], [ -116.867674360455339, 32.458736329562264 ], [ -116.867943855040579, 32.458736329562264 ], [ -116.867943855040579, 32.458197340391791 ], [ -116.867674360455339, 32.458197340391791 ], [ -116.867674360455339, 32.458466834977031 ], [ -116.867135371284874, 32.458466834977031 ], [ -116.867135371284874, 32.459005824147496 ], [ -116.867674360455339, 32.459005824147496 ] ], [ [ -116.861475984994925, 32.459005824147496 ], [ -116.861475984994925, 32.458736329562264 ], [ -116.861206490409685, 32.458736329562264 ], [ -116.861206490409685, 32.459005824147496 ], [ -116.861475984994925, 32.459005824147496 ] ], [ [ -116.86039800665398, 32.459005824147496 ], [ -116.86039800665398, 32.458736329562264 ], [ -116.860128512068741, 32.458736329562264 ], [ -116.860128512068741, 32.459005824147496 ], [ -116.86039800665398, 32.459005824147496 ] ], [ [ -116.861206490409685, 32.458736329562264 ], [ -116.861206490409685, 32.458466834977031 ], [ -116.860936995824446, 32.458466834977031 ], [ -116.860936995824446, 32.458736329562264 ], [ -116.861206490409685, 32.458736329562264 ] ], [ [ -116.86228446875063, 32.458466834977031 ], [ -116.86228446875063, 32.458197340391791 ], [ -116.863092952506335, 32.458197340391791 ], [ -116.863092952506335, 32.457388856636086 ], [ -116.86228446875063, 32.457388856636086 ], [ -116.86228446875063, 32.457658351221319 ], [ -116.861475984994925, 32.457658351221319 ], [ -116.861475984994925, 32.458197340391791 ], [ -116.861745479580151, 32.458197340391791 ], [ -116.861745479580151, 32.458466834977031 ], [ -116.86228446875063, 32.458466834977031 ] ], [ [ -116.866596382114395, 32.458197340391791 ], [ -116.866596382114395, 32.457927845806559 ], [ -116.866326887529169, 32.457927845806559 ], [ -116.866326887529169, 32.458197340391791 ], [ -116.866596382114395, 32.458197340391791 ] ], [ [ -116.8636319416768, 32.458197340391791 ], [ -116.8636319416768, 32.457658351221319 ], [ -116.863362447091575, 32.457658351221319 ], [ -116.863362447091575, 32.458197340391791 ], [ -116.8636319416768, 32.458197340391791 ] ], [ [ -116.864709920017745, 32.457119362050847 ], [ -116.864709920017745, 32.456849867465614 ], [ -116.86444042543252, 32.456849867465614 ], [ -116.86444042543252, 32.457119362050847 ], [ -116.864709920017745, 32.457119362050847 ] ], [ [ -116.862553963335856, 32.457119362050847 ], [ -116.862553963335856, 32.456849867465614 ], [ -116.862823457921095, 32.456849867465614 ], [ -116.862823457921095, 32.456580372880374 ], [ -116.863362447091575, 32.456580372880374 ], [ -116.863362447091575, 32.456310878295142 ], [ -116.862553963335856, 32.456310878295142 ], [ -116.862553963335856, 32.456580372880374 ], [ -116.86228446875063, 32.456580372880374 ], [ -116.86228446875063, 32.456849867465614 ], [ -116.861745479580151, 32.456849867465614 ], [ -116.861745479580151, 32.457119362050847 ], [ -116.862553963335856, 32.457119362050847 ] ], [ [ -116.866057392943929, 32.456849867465614 ], [ -116.866057392943929, 32.456580372880374 ], [ -116.864979414602985, 32.456580372880374 ], [ -116.864979414602985, 32.456849867465614 ], [ -116.866057392943929, 32.456849867465614 ] ], [ [ -116.86444042543252, 32.456310878295142 ], [ -116.86444042543252, 32.456041383709902 ], [ -116.86417093084728, 32.456041383709902 ], [ -116.86417093084728, 32.456310878295142 ], [ -116.86444042543252, 32.456310878295142 ] ], [ [ -116.863092952506335, 32.455232899954197 ], [ -116.863092952506335, 32.454963405368964 ], [ -116.862553963335856, 32.454963405368964 ], [ -116.862553963335856, 32.455232899954197 ], [ -116.863092952506335, 32.455232899954197 ] ], [ [ -116.86444042543252, 32.454693910783725 ], [ -116.86444042543252, 32.454424416198492 ], [ -116.86417093084728, 32.454424416198492 ], [ -116.86417093084728, 32.454693910783725 ], [ -116.86444042543252, 32.454693910783725 ] ], [ [ -116.86228446875063, 32.454693910783725 ], [ -116.86228446875063, 32.45361593244278 ], [ -116.86201497416539, 32.45361593244278 ], [ -116.86201497416539, 32.454693910783725 ], [ -116.86228446875063, 32.454693910783725 ] ], [ [ -116.86201497416539, 32.453346437857547 ], [ -116.86201497416539, 32.453076943272308 ], [ -116.861745479580151, 32.453076943272308 ], [ -116.861745479580151, 32.453346437857547 ], [ -116.86201497416539, 32.453346437857547 ] ] ] ] } },
{ "type": "Feature", "properties": { "ZONA_MET": "Tijuana", "INTENSIDAD": "Extrema", "T_PROM_POL": 3.0, "T_MIN_CIUD": 1.0, "DIF_TERMIC": 2.0 }, "geometry": { "type": "MultiPolygon", "coordinates": [ [ [ [ -116.8636319416768, 32.45361593244278 ], [ -116.862823457921095, 32.45361593244278 ], [ -116.862823457921095, 32.453346437857547 ], [ -116.862553963335856, 32.453346437857547 ], [ -116.862553963335856, 32.453076943272308 ], [ -116.86228446875063, 32.453076943272308 ], [ -116.86228446875063, 32.452807448687075 ], [ -116.861745479580151, 32.452807448687075 ], [ -116.861745479580151, 32.452537954101842 ], [ -116.861475984994925, 32.452537954101842 ], [ -116.861475984994925, 32.45199896493137 ], [ -116.861745479580151, 32.45199896493137 ], [ -116.861745479580151, 32.451190481175658 ], [ -116.863362447091575, 32.451190481175658 ], [ -116.863362447091575, 32.452268459516603 ], [ -116.8636319416768, 32.452268459516603 ], [ -116.8636319416768, 32.45172947034613 ], [ -116.86444042543252, 32.45172947034613 ], [ -116.86444042543252, 32.452268459516603 ], [ -116.86417093084728, 32.452268459516603 ], [ -116.86417093084728, 32.452537954101842 ], [ -116.8636319416768, 32.452537954101842 ], [ -116.8636319416768, 32.453076943272308 ], [ -116.863362447091575, 32.453076943272308 ], [ -116.863362447091575, 32.453346437857547 ], [ -116.8636319416768, 32.453346437857547 ], [ -116.8636319416768, 32.45361593244278 ] ] ] ] } },
{ "type": "Feature", "properties": { "ZONA_MET": "Tijuana", "INTENSIDAD": "Intensa", "T_PROM_POL": 3.0, "T_MIN_CIUD": 1.0, "DIF_TERMIC": 2.0 }, "geometry": { "type": "MultiPolygon", "coordinates": [ [ [ [ -116.880071111376196, 32.45172947034613 ], [ -116.878454143864772, 32.45172947034613 ], [ -116.878454143864772, 32.451459975760898 ], [ -116.877376165523827, 32.451459975760898 ], [ -116.877376165523827, 32.450920986590425 ], [ -116.878184649279547, 32.450920986590425 ], [ -116.878184649279547, 32.451190481175658 ], [ -116.878454143864772, 32.451190481175658 ], [ -116.878454143864772, 32.450920986590425 ], [ -116.878723638450012, 32.450920986590425 ], [ -116.878723638450012, 32.451459975760898 ], [ -116.880071111376196, 32.451459975760898 ], [ -116.880071111376196, 32.45172947034613 ] ] ] ] } },
{ "type": "Feature", "properties": { "ZONA_MET": "Tijuana", "INTENSIDAD": "Intensa", "T_PROM_POL": 3.0, "T_MIN_CIUD": 1.0, "DIF_TERMIC": 2.0 }, "geometry": { "type": "MultiPolygon", "coordinates": [ [ [ [ -116.930197104230061, 32.450920986590425 ], [ -116.929927609644821, 32.450920986590425 ], [ -116.929927609644821, 32.450651492005186 ], [ -116.929388620474356, 32.450651492005186 ], [ -116.929388620474356, 32.449843008249481 ], [ -116.929927609644821, 32.449843008249481 ], [ -116.929927609644821, 32.449573513664248 ], [ -116.9304665988153, 32.449573513664248 ], [ -116.9304665988153, 32.449034524493776 ], [ -116.93073609340054, 32.449034524493776 ], [ -116.93073609340054, 32.449304019079008 ], [ -116.931544577156245, 32.449304019079008 ], [ -116.931544577156245, 32.449034524493776 ], [ -116.931814071741471, 32.449034524493776 ], [ -116.931814071741471, 32.450112502834713 ], [ -116.931544577156245, 32.450112502834713 ], [ -116.931544577156245, 32.449573513664248 ], [ -116.931005587985766, 32.449573513664248 ], [ -116.931005587985766, 32.450112502834713 ], [ -116.93073609340054, 32.450112502834713 ], [ -116.93073609340054, 32.450381997419953 ], [ -116.9304665988153, 32.450381997419953 ], [ -116.9304665988153, 32.450651492005186 ], [ -116.930197104230061, 32.450651492005186 ], [ -116.930197104230061, 32.450920986590425 ] ] ] ] } },
{ "type": "Feature", "properties": { "ZONA_MET": "Tijuana", "INTENSIDAD": "Intensa", "T_PROM_POL": 3.0, "T_MIN_CIUD": 1.0, "DIF_TERMIC": 2.0 }, "geometry": { "type": "MultiPolygon", "coordinates": [ [ [ [ -116.865248909188225, 32.450920986590425 ], [ -116.864979414602985, 32.450920986590425 ], [ -116.864979414602985, 32.450381997419953 ], [ -116.865248909188225, 32.450381997419953 ], [ -116.865248909188225, 32.450112502834713 ], [ -116.864979414602985, 32.450112502834713 ], [ -116.864979414602985, 32.449843008249481 ], [ -116.864709920017745, 32.449843008249481 ], [ -116.864709920017745, 32.449573513664248 ], [ -116.865248909188225, 32.449573513664248 ], [ -116.865248909188225, 32.449304019079008 ], [ -116.86578789835869, 32.449304019079008 ], [ -116.86578789835869, 32.449034524493776 ], [ -116.866057392943929, 32.449034524493776 ], [ -116.866057392943929, 32.448765029908536 ], [ -116.866596382114395, 32.448765029908536 ], [ -116.866596382114395, 32.449034524493776 ], [ -116.866865876699634, 32.449034524493776 ], [ -116.866865876699634, 32.449304019079008 ], [ -116.866057392943929, 32.449304019079008 ], [ -116.866057392943929, 32.449843008249481 ], [ -116.86578789835869, 32.449843008249481 ], [ -116.86578789835869, 32.450651492005186 ], [ -116.865248909188225, 32.450651492005186 ], [ -116.865248909188225, 32.450920986590425 ] ] ] ] } },
{ "type": "Feature", "properties": { "ZONA_MET": "Tijuana", "INTENSIDAD": "Intensa", "T_PROM_POL": 3.0, "T_MIN_CIUD": 1.0, "DIF_TERMIC": 2.0 }, "geometry": { "type": "MultiPolygon", "coordinates": [ [ [ [ -116.869830317137229, 32.450651492005186 ], [ -116.869560822551989, 32.450651492005186 ], [ -116.869560822551989, 32.449304019079008 ], [ -116.869291327966764, 32.449304019079008 ], [ -116.869291327966764, 32.448765029908536 ], [ -116.868752338796284, 32.448765029908536 ], [ -116.868752338796284, 32.448495535323303 ], [ -116.869291327966764, 32.448495535323303 ], [ -116.869291327966764, 32.448226040738064 ], [ -116.869560822551989, 32.448226040738064 ], [ -116.869560822551989, 32.448765029908536 ], [ -116.870099811722469, 32.448765029908536 ], [ -116.870099811722469, 32.449573513664248 ], [ -116.869830317137229, 32.449573513664248 ], [ -116.869830317137229, 32.450651492005186 ] ] ] ] } },
{ "type": "Feature", "properties": { "ZONA_MET": "Tijuana", "INTENSIDAD": "Extrema", "T_PROM_POL": 3.0, "T_MIN_CIUD": 1.0, "DIF_TERMIC": 2.0 }, "geometry": { "type": "MultiPolygon", "coordinates": [ [ [ [ -116.86578789835869, 32.459005824147496 ], [ -116.864979414602985, 32.459005824147496 ], [ -116.864979414602985, 32.458736329562264 ], [ -116.865248909188225, 32.458736329562264 ], [ -116.865248909188225, 32.458466834977031 ], [ -116.864979414602985, 32.458466834977031 ], [ -116.864979414602985, 32.457388856636086 ], [ -116.865248909188225, 32.457388856636086 ], [ -116.865248909188225, 32.457658351221319 ], [ -116.86578789835869, 32.457658351221319 ], [ -116.86578789835869, 32.457388856636086 ], [ -116.866596382114395, 32.457388856636086 ], [ -116.866596382114395, 32.456849867465614 ], [ -116.866326887529169, 32.456849867465614 ], [ -116.866326887529169, 32.456580372880374 ], [ -116.866596382114395, 32.456580372880374 ], [ -116.866596382114395, 32.456310878295142 ], [ -116.866326887529169, 32.456310878295142 ], [ -116.866326887529169, 32.456041383709902 ], [ -116.866057392943929, 32.456041383709902 ], [ -116.866057392943929, 32.455502394539437 ], [ -116.86578789835869, 32.455502394539437 ], [ -116.86578789835869, 32.454963405368964 ], [ -116.865248909188225, 32.454963405368964 ], [ -116.865248909188225, 32.454693910783725 ], [ -116.86578789835869, 32.454693910783725 ], [ -116.86578789835869, 32.45388542702802 ], [ -116.865248909188225, 32.45388542702802 ], [ -116.865248909188225, 32.45361593244278 ], [ -116.864979414602985, 32.45361593244278 ], [ -116.864979414602985, 32.452268459516603 ], [ -116.864709920017745, 32.452268459516603 ], [ -116.864709920017745, 32.451190481175658 ], [ -116.864979414602985, 32.451190481175658 ], [ -116.864979414602985, 32.450920986590425 ], [ -116.865248909188225, 32.450920986590425 ], [ -116.865248909188225, 32.450651492005186 ], [ -116.86578789835869, 32.450651492005186 ], [ -116.86578789835869, 32.449843008249481 ], [ -116.866057392943929, 32.449843008249481 ], [ -116.866057392943929, 32.449304019079008 ], [ -116.866865876699634, 32.449304019079008 ], [ -116.866865876699634, 32.449034524493776 ], [ -116.868213349625819, 32.449034524493776 ], [ -116.868213349625819, 32.449304019079008 ], [ -116.867943855040579, 32.449304019079008 ], [ -116.867943855040579, 32.449843008249481 ], [ -116.868482844211044, 32.449843008249481 ], [ -116.868482844211044, 32.450920986590425 ], [ -116.869291327966764, 32.450920986590425 ], [ -116.869291327966764, 32.45199896493137 ], [ -116.868482844211044, 32.45199896493137 ], [ -116.868482844211044, 32.451190481175658 ], [ -116.868213349625819, 32.451190481175658 ], [ -116.868213349625819, 32.452268459516603 ], [ -116.867943855040579, 32.452268459516603 ], [ -116.867943855040579, 32.452537954101842 ], [ -116.867674360455339, 32.452537954101842 ], [ -116.867674360455339, 32.453076943272308 ], [ -116.868213349625819, 32.453076943272308 ], [ -116.868213349625819, 32.452807448687075 ], [ -116.868482844211044, 32.452807448687075 ], [ -116.868482844211044, 32.453076943272308 ], [ -116.868752338796284, 32.453076943272308 ], [ -116.868752338796284, 32.452807448687075 ], [ -116.869291327966764, 32.452807448687075 ], [ -116.869291327966764, 32.452537954101842 ], [ -116.869560822551989, 32.452537954101842 ], [ -116.869560822551989, 32.452268459516603 ], [ -116.871447284648639, 32.452268459516603 ], [ -116.871447284648639, 32.45199896493137 ], [ -116.870369306307708, 32.45199896493137 ], [ -116.870369306307708, 32.451190481175658 ], [ -116.870908295478173, 32.451190481175658 ], [ -116.870908295478173, 32.450920986590425 ], [ -116.870369306307708, 32.450920986590425 ], [ -116.870369306307708, 32.450381997419953 ], [ -116.869830317137229, 32.450381997419953 ], [ -116.869830317137229, 32.449573513664248 ], [ -116.870099811722469, 32.449573513664248 ], [ -116.870099811722469, 32.448765029908536 ], [ -116.870908295478173, 32.448765029908536 ], [ -116.870908295478173, 32.448495535323303 ], [ -116.872255768404358, 32.448495535323303 ], [ -116.872255768404358, 32.448226040738064 ], [ -116.872794757574823, 32.448226040738064 ], [ -116.872794757574823, 32.448495535323303 ], [ -116.873064252160063, 32.448495535323303 ], [ -116.873064252160063, 32.449034524493776 ], [ -116.872794757574823, 32.449034524493776 ], [ -116.872794757574823, 32.450112502834713 ], [ -116.873064252160063, 32.450112502834713 ], [ -116.873064252160063, 32.451190481175658 ], [ -116.872794757574823, 32.451190481175658 ], [ -116.872794757574823, 32.451459975760898 ], [ -116.873872735915768, 32.451459975760898 ], [ -116.873872735915768, 32.45172947034613 ], [ -116.874411725086233, 32.45172947034613 ], [ -116.874411725086233, 32.45199896493137 ], [ -116.875220208841952, 32.45199896493137 ], [ -116.875220208841952, 32.452268459516603 ], [ -116.874411725086233, 32.452268459516603 ], [ -116.874411725086233, 32.452537954101842 ], [ -116.873872735915768, 32.452537954101842 ], [ -116.873872735915768, 32.45199896493137 ], [ -116.873603241330528, 32.45199896493137 ], [ -116.873603241330528, 32.453076943272308 ], [ -116.873333746745303, 32.453076943272308 ], [ -116.873333746745303, 32.452807448687075 ], [ -116.873064252160063, 32.452807448687075 ], [ -116.873064252160063, 32.453076943272308 ], [ -116.872255768404358, 32.453076943272308 ], [ -116.872255768404358, 32.453346437857547 ], [ -116.871177790063413, 32.453346437857547 ], [ -116.871177790063413, 32.452807448687075 ], [ -116.870369306307708, 32.452807448687075 ], [ -116.870369306307708, 32.45388542702802 ], [ -116.869291327966764, 32.45388542702802 ], [ -116.869291327966764, 32.454154921613252 ], [ -116.869830317137229, 32.454154921613252 ], [ -116.869830317137229, 32.454693910783725 ], [ -116.870099811722469, 32.454693910783725 ], [ -116.870099811722469, 32.454963405368964 ], [ -116.870369306307708, 32.454963405368964 ], [ -116.870369306307708, 32.454693910783725 ], [ -116.870908295478173, 32.454693910783725 ], [ -116.870908295478173, 32.454424416198492 ], [ -116.871447284648639, 32.454424416198492 ], [ -116.871447284648639, 32.454154921613252 ], [ -116.871986273819118, 32.454154921613252 ], [ -116.871986273819118, 32.45361593244278 ], [ -116.872794757574823, 32.45361593244278 ], [ -116.872794757574823, 32.454154921613252 ], [ -116.872255768404358, 32.454154921613252 ], [ -116.872255768404358, 32.454424416198492 ], [ -116.871986273819118, 32.454424416198492 ], [ -116.871986273819118, 32.454693910783725 ], [ -116.872255768404358, 32.454693910783725 ], [ -116.872255768404358, 32.455232899954197 ], [ -116.872525262989583, 32.455232899954197 ], [ -116.872525262989583, 32.454963405368964 ], [ -116.873333746745303, 32.454963405368964 ], [ -116.873333746745303, 32.455232899954197 ], [ -116.873603241330528, 32.455232899954197 ], [ -116.873603241330528, 32.456041383709902 ], [ -116.873872735915768, 32.456041383709902 ], [ -116.873872735915768, 32.456310878295142 ], [ -116.873603241330528, 32.456310878295142 ], [ -116.873603241330528, 32.456580372880374 ], [ -116.872794757574823, 32.456580372880374 ], [ -116.872794757574823, 32.456310878295142 ], [ -116.871986273819118, 32.456310878295142 ], [ -116.871986273819118, 32.455502394539437 ], [ -116.871716779233878, 32.455502394539437 ], [ -116.871716779233878, 32.455771889124669 ], [ -116.871177790063413, 32.455771889124669 ], [ -116.871177790063413, 32.455502394539437 ], [ -116.870908295478173, 32.455502394539437 ], [ -116.870908295478173, 32.456310878295142 ], [ -116.870369306307708, 32.456310878295142 ], [ -116.870369306307708, 32.456041383709902 ], [ -116.869830317137229, 32.456041383709902 ], [ -116.869830317137229, 32.456580372880374 ], [ -116.869291327966764, 32.456580372880374 ], [ -116.869291327966764, 32.456849867465614 ], [ -116.868752338796284, 32.456849867465614 ], [ -116.868752338796284, 32.457119362050847 ], [ -116.868482844211044, 32.457119362050847 ], [ -116.868482844211044, 32.457388856636086 ], [ -116.868213349625819, 32.457388856636086 ], [ -116.868213349625819, 32.457658351221319 ], [ -116.868482844211044, 32.457658351221319 ], [ -116.868482844211044, 32.457927845806559 ], [ -116.867674360455339, 32.457927845806559 ], [ -116.867674360455339, 32.457119362050847 ], [ -116.867135371284874, 32.457119362050847 ], [ -116.867135371284874, 32.457388856636086 ], [ -116.866865876699634, 32.457388856636086 ], [ -116.866865876699634, 32.457658351221319 ], [ -116.866057392943929, 32.457658351221319 ], [ -116.866057392943929, 32.458736329562264 ], [ -116.86578789835869, 32.458736329562264 ], [ -116.86578789835869, 32.459005824147496 ] ], [ [ -116.867674360455339, 32.456580372880374 ], [ -116.867674360455339, 32.456310878295142 ], [ -116.867135371284874, 32.456310878295142 ], [ -116.867135371284874, 32.456580372880374 ], [ -116.867674360455339, 32.456580372880374 ] ], [ [ -116.866865876699634, 32.454424416198492 ], [ -116.866865876699634, 32.454154921613252 ], [ -116.866596382114395, 32.454154921613252 ], [ -116.866596382114395, 32.454424416198492 ], [ -116.866865876699634, 32.454424416198492 ] ], [ [ -116.866865876699634, 32.45388542702802 ], [ -116.866865876699634, 32.45361593244278 ], [ -116.866596382114395, 32.45361593244278 ], [ -116.866596382114395, 32.45388542702802 ], [ -116.866865876699634, 32.45388542702802 ] ], [ [ -116.867674360455339, 32.452537954101842 ], [ -116.867674360455339, 32.45199896493137 ], [ -116.867404865870114, 32.45199896493137 ], [ -116.867404865870114, 32.452537954101842 ], [ -116.867674360455339, 32.452537954101842 ] ], [ [ -116.866596382114395, 32.452537954101842 ], [ -116.866596382114395, 32.451459975760898 ], [ -116.866865876699634, 32.451459975760898 ], [ -116.866865876699634, 32.451190481175658 ], [ -116.867404865870114, 32.451190481175658 ], [ -116.867404865870114, 32.450381997419953 ], [ -116.867674360455339, 32.450381997419953 ], [ -116.867674360455339, 32.450112502834713 ], [ -116.866865876699634, 32.450112502834713 ], [ -116.866865876699634, 32.450381997419953 ], [ -116.866057392943929, 32.450381997419953 ], [ -116.866057392943929, 32.450651492005186 ], [ -116.866596382114395, 32.450651492005186 ], [ -116.866596382114395, 32.450920986590425 ], [ -116.866326887529169, 32.450920986590425 ], [ -116.866326887529169, 32.451459975760898 ], [ -116.866057392943929, 32.451459975760898 ], [ -116.866057392943929, 32.45199896493137 ], [ -116.866326887529169, 32.45199896493137 ], [ -116.866326887529169, 32.452537954101842 ], [ -116.866596382114395, 32.452537954101842 ] ], [ [ -116.871986273819118, 32.450920986590425 ], [ -116.871986273819118, 32.450651492005186 ], [ -116.871447284648639, 32.450651492005186 ], [ -116.871447284648639, 32.450920986590425 ], [ -116.871986273819118, 32.450920986590425 ] ], [ [ -116.871716779233878, 32.450381997419953 ], [ -116.871716779233878, 32.450112502834713 ], [ -116.871447284648639, 32.450112502834713 ], [ -116.871447284648639, 32.450381997419953 ], [ -116.871716779233878, 32.450381997419953 ] ] ] ] } },
{ "type": "Feature", "properties": { "ZONA_MET": "Tijuana", "INTENSIDAD": "Intensa", "T_PROM_POL": 3.0, "T_MIN_CIUD": 1.0, "DIF_TERMIC": 2.0 }, "geometry": { "type": "MultiPolygon", "coordinates": [ [ [ [ -116.876028692597657, 32.45199896493137 ], [ -116.874411725086233, 32.45199896493137 ], [ -116.874411725086233, 32.45172947034613 ], [ -116.873872735915768, 32.45172947034613 ], [ -116.873872735915768, 32.451459975760898 ], [ -116.873603241330528, 32.451459975760898 ], [ -116.873603241330528, 32.451190481175658 ], [ -116.873872735915768, 32.451190481175658 ], [ -116.873872735915768, 32.450651492005186 ], [ -116.873603241330528, 32.450651492005186 ], [ -116.873603241330528, 32.450112502834713 ], [ -116.873333746745303, 32.450112502834713 ], [ -116.873333746745303, 32.449843008249481 ], [ -116.873603241330528, 32.449843008249481 ], [ -116.873603241330528, 32.449304019079008 ], [ -116.873333746745303, 32.449304019079008 ], [ -116.873333746745303, 32.449034524493776 ], [ -116.873064252160063, 32.449034524493776 ], [ -116.873064252160063, 32.448495535323303 ], [ -116.872794757574823, 32.448495535323303 ], [ -116.872794757574823, 32.448226040738064 ], [ -116.873333746745303, 32.448226040738064 ], [ -116.873333746745303, 32.448495535323303 ], [ -116.873603241330528, 32.448495535323303 ], [ -116.873603241330528, 32.448226040738064 ], [ -116.873872735915768, 32.448226040738064 ], [ -116.873872735915768, 32.448495535323303 ], [ -116.874411725086233, 32.448495535323303 ], [ -116.874411725086233, 32.448765029908536 ], [ -116.874950714256713, 32.448765029908536 ], [ -116.874950714256713, 32.448226040738064 ], [ -116.875489703427178, 32.448226040738064 ], [ -116.875489703427178, 32.448495535323303 ], [ -116.876837176353362, 32.448495535323303 ], [ -116.876837176353362, 32.448765029908536 ], [ -116.876298187182897, 32.448765029908536 ], [ -116.876298187182897, 32.449573513664248 ], [ -116.875759198012418, 32.449573513664248 ], [ -116.875759198012418, 32.450651492005186 ], [ -116.876567681768122, 32.450651492005186 ], [ -116.876567681768122, 32.450920986590425 ], [ -116.876298187182897, 32.450920986590425 ], [ -116.876298187182897, 32.451459975760898 ], [ -116.876028692597657, 32.451459975760898 ], [ -116.876028692597657, 32.45199896493137 ] ], [ [ -116.875759198012418, 32.451190481175658 ], [ -116.875759198012418, 32.450651492005186 ], [ -116.875489703427178, 32.450651492005186 ], [ -116.875489703427178, 32.450920986590425 ], [ -116.875220208841952, 32.450920986590425 ], [ -116.875220208841952, 32.451190481175658 ], [ -116.875759198012418, 32.451190481175658 ] ], [ [ -116.874681219671473, 32.450920986590425 ], [ -116.874681219671473, 32.450651492005186 ], [ -116.874411725086233, 32.450651492005186 ], [ -116.874411725086233, 32.450920986590425 ], [ -116.874681219671473, 32.450920986590425 ] ], [ [ -116.875220208841952, 32.450381997419953 ], [ -116.875220208841952, 32.450112502834713 ], [ -116.874950714256713, 32.450112502834713 ], [ -116.874950714256713, 32.450381997419953 ], [ -116.875220208841952, 32.450381997419953 ] ], [ [ -116.874950714256713, 32.449573513664248 ], [ -116.874950714256713, 32.449304019079008 ], [ -116.874681219671473, 32.449304019079008 ], [ -116.874681219671473, 32.449573513664248 ], [ -116.874950714256713, 32.449573513664248 ] ], [ [ -116.874411725086233, 32.449573513664248 ], [ -116.874411725086233, 32.449304019079008 ], [ -116.873872735915768, 32.449304019079008 ], [ -116.873872735915768, 32.449573513664248 ], [ -116.874411725086233, 32.449573513664248 ] ], [ [ -116.875489703427178, 32.448765029908536 ], [ -116.875489703427178, 32.448495535323303 ], [ -116.875220208841952, 32.448495535323303 ], [ -116.875220208841952, 32.448765029908536 ], [ -116.875489703427178, 32.448765029908536 ] ] ] ] } },
{ "type": "Feature", "properties": { "ZONA_MET": "Tijuana", "INTENSIDAD": "Extrema", "T_PROM_POL": 3.0, "T_MIN_CIUD": 1.0, "DIF_TERMIC": 2.0 }, "geometry": { "type": "MultiPolygon", "coordinates": [ [ [ [ -116.883305046399016, 32.448495535323303 ], [ -116.882227068058086, 32.448495535323303 ], [ -116.882227068058086, 32.448226040738064 ], [ -116.881688078887606, 32.448226040738064 ], [ -116.881688078887606, 32.448495535323303 ], [ -116.880879595131901, 32.448495535323303 ], [ -116.880879595131901, 32.448226040738064 ], [ -116.880340605961422, 32.448226040738064 ], [ -116.880340605961422, 32.447687051567591 ], [ -116.880879595131901, 32.447687051567591 ], [ -116.880879595131901, 32.447417556982359 ], [ -116.882496562643311, 32.447417556982359 ], [ -116.882496562643311, 32.447956546152831 ], [ -116.883035551813791, 32.447956546152831 ], [ -116.883035551813791, 32.448226040738064 ], [ -116.883305046399016, 32.448226040738064 ], [ -116.883305046399016, 32.448495535323303 ] ], [ [ -116.882227068058086, 32.447956546152831 ], [ -116.882227068058086, 32.447687051567591 ], [ -116.881688078887606, 32.447687051567591 ], [ -116.881688078887606, 32.447956546152831 ], [ -116.882227068058086, 32.447956546152831 ] ] ] ] } },
{ "type": "Feature", "properties": { "ZONA_MET": "Tijuana", "INTENSIDAD": "Intensa", "T_PROM_POL": 3.0, "T_MIN_CIUD": 1.0, "DIF_TERMIC": 2.0 }, "geometry": { "type": "MultiPolygon", "coordinates": [ [ [ [ -116.862553963335856, 32.449304019079008 ], [ -116.86201497416539, 32.449304019079008 ], [ -116.86201497416539, 32.449034524493776 ], [ -116.861745479580151, 32.449034524493776 ], [ -116.861745479580151, 32.448765029908536 ], [ -116.861206490409685, 32.448765029908536 ], [ -116.861206490409685, 32.448226040738064 ], [ -116.860936995824446, 32.448226040738064 ], [ -116.860936995824446, 32.448765029908536 ], [ -116.860128512068741, 32.448765029908536 ], [ -116.860128512068741, 32.447956546152831 ], [ -116.86039800665398, 32.447956546152831 ], [ -116.86039800665398, 32.448226040738064 ], [ -116.860667501239206, 32.448226040738064 ], [ -116.860667501239206, 32.447687051567591 ], [ -116.860936995824446, 32.447687051567591 ], [ -116.860936995824446, 32.447956546152831 ], [ -116.861745479580151, 32.447956546152831 ], [ -116.861745479580151, 32.447687051567591 ], [ -116.86228446875063, 32.447687051567591 ], [ -116.86228446875063, 32.447417556982359 ], [ -116.862553963335856, 32.447417556982359 ], [ -116.862553963335856, 32.447687051567591 ], [ -116.863092952506335, 32.447687051567591 ], [ -116.863092952506335, 32.448226040738064 ], [ -116.863362447091575, 32.448226040738064 ], [ -116.863362447091575, 32.447956546152831 ], [ -116.86390143626204, 32.447956546152831 ], [ -116.86390143626204, 32.447687051567591 ], [ -116.864709920017745, 32.447687051567591 ], [ -116.864709920017745, 32.447956546152831 ], [ -116.86417093084728, 32.447956546152831 ], [ -116.86417093084728, 32.448226040738064 ], [ -116.86390143626204, 32.448226040738064 ], [ -116.86390143626204, 32.448495535323303 ], [ -116.8636319416768, 32.448495535323303 ], [ -116.8636319416768, 32.448765029908536 ], [ -116.863092952506335, 32.448765029908536 ], [ -116.863092952506335, 32.449034524493776 ], [ -116.862553963335856, 32.449034524493776 ], [ -116.862553963335856, 32.449304019079008 ] ], [ [ -116.862553963335856, 32.448226040738064 ], [ -116.862553963335856, 32.447956546152831 ], [ -116.86228446875063, 32.447956546152831 ], [ -116.86228446875063, 32.448226040738064 ], [ -116.862553963335856, 32.448226040738064 ] ] ] ] } },
{ "type": "Feature", "properties": { "ZONA_MET": "Tijuana", "INTENSIDAD": "Intensa", "T_PROM_POL": 3.0, "T_MIN_CIUD": 1.0, "DIF_TERMIC": 2.0 }, "geometry": { "type": "MultiPolygon", "coordinates": [ [ [ [ -116.883574540984256, 32.449573513664248 ], [ -116.883035551813791, 32.449573513664248 ], [ -116.883035551813791, 32.449034524493776 ], [ -116.882227068058086, 32.449034524493776 ], [ -116.882227068058086, 32.449304019079008 ], [ -116.881418584302367, 32.449304019079008 ], [ -116.881418584302367, 32.449034524493776 ], [ -116.880879595131901, 32.449034524493776 ], [ -116.880879595131901, 32.449573513664248 ], [ -116.880610100546662, 32.449573513664248 ], [ -116.880610100546662, 32.448765029908536 ], [ -116.880071111376196, 32.448765029908536 ], [ -116.880071111376196, 32.448495535323303 ], [ -116.879801616790957, 32.448495535323303 ], [ -116.879801616790957, 32.448226040738064 ], [ -116.880071111376196, 32.448226040738064 ], [ -116.880071111376196, 32.447956546152831 ], [ -116.879532122205717, 32.447956546152831 ], [ -116.879532122205717, 32.447687051567591 ], [ -116.879801616790957, 32.447687051567591 ], [ -116.879801616790957, 32.447417556982359 ], [ -116.880610100546662, 32.447417556982359 ], [ -116.880610100546662, 32.447687051567591 ], [ -116.880340605961422, 32.447687051567591 ], [ -116.880340605961422, 32.448226040738064 ], [ -116.880879595131901, 32.448226040738064 ], [ -116.880879595131901, 32.448495535323303 ], [ -116.881688078887606, 32.448495535323303 ], [ -116.881688078887606, 32.448226040738064 ], [ -116.882227068058086, 32.448226040738064 ], [ -116.882227068058086, 32.448495535323303 ], [ -116.883305046399016, 32.448495535323303 ], [ -116.883305046399016, 32.448765029908536 ], [ -116.884383024739961, 32.448765029908536 ], [ -116.884383024739961, 32.449034524493776 ], [ -116.883574540984256, 32.449034524493776 ], [ -116.883574540984256, 32.449573513664248 ] ] ] ] } },
{ "type": "Feature", "properties": { "ZONA_MET": "Tijuana", "INTENSIDAD": "Extrema", "T_PROM_POL": 3.0, "T_MIN_CIUD": 1.0, "DIF_TERMIC": 2.0 }, "geometry": { "type": "MultiPolygon", "coordinates": [ [ [ [ -116.880610100546662, 32.454963405368964 ], [ -116.880071111376196, 32.454963405368964 ], [ -116.880071111376196, 32.454693910783725 ], [ -116.879801616790957, 32.454693910783725 ], [ -116.879801616790957, 32.454424416198492 ], [ -116.879532122205717, 32.454424416198492 ], [ -116.879532122205717, 32.454154921613252 ], [ -116.879801616790957, 32.454154921613252 ], [ -116.879801616790957, 32.45388542702802 ], [ -116.880071111376196, 32.45388542702802 ], [ -116.880071111376196, 32.45361593244278 ], [ -116.879532122205717, 32.45361593244278 ], [ -116.879532122205717, 32.452807448687075 ], [ -116.879801616790957, 32.452807448687075 ], [ -116.879801616790957, 32.452268459516603 ], [ -116.880071111376196, 32.452268459516603 ], [ -116.880071111376196, 32.45199896493137 ], [ -116.880340605961422, 32.45199896493137 ], [ -116.880340605961422, 32.452268459516603 ], [ -116.880610100546662, 32.452268459516603 ], [ -116.880610100546662, 32.45199896493137 ], [ -116.880879595131901, 32.45199896493137 ], [ -116.880879595131901, 32.452268459516603 ], [ -116.881688078887606, 32.452268459516603 ], [ -116.881688078887606, 32.45199896493137 ], [ -116.881957573472846, 32.45199896493137 ], [ -116.881957573472846, 32.45172947034613 ], [ -116.882227068058086, 32.45172947034613 ], [ -116.882227068058086, 32.451459975760898 ], [ -116.882496562643311, 32.451459975760898 ], [ -116.882496562643311, 32.451190481175658 ], [ -116.882766057228551, 32.451190481175658 ], [ -116.882766057228551, 32.450920986590425 ], [ -116.883305046399016, 32.450920986590425 ], [ -116.883305046399016, 32.451190481175658 ], [ -116.883035551813791, 32.451190481175658 ], [ -116.883035551813791, 32.451459975760898 ], [ -116.882766057228551, 32.451459975760898 ], [ -116.882766057228551, 32.45172947034613 ], [ -116.882496562643311, 32.45172947034613 ], [ -116.882496562643311, 32.45199896493137 ], [ -116.883574540984256, 32.45199896493137 ], [ -116.883574540984256, 32.45172947034613 ], [ -116.883844035569496, 32.45172947034613 ], [ -116.883844035569496, 32.451459975760898 ], [ -116.884383024739961, 32.451459975760898 ], [ -116.884383024739961, 32.45199896493137 ], [ -116.88492201391044, 32.45199896493137 ], [ -116.88492201391044, 32.452268459516603 ], [ -116.88519150849568, 32.452268459516603 ], [ -116.88519150849568, 32.45172947034613 ], [ -116.88492201391044, 32.45172947034613 ], [ -116.88492201391044, 32.451190481175658 ], [ -116.884383024739961, 32.451190481175658 ], [ -116.884383024739961, 32.450920986590425 ], [ -116.884113530154735, 32.450920986590425 ], [ -116.884113530154735, 32.450651492005186 ], [ -116.88492201391044, 32.450651492005186 ], [ -116.88492201391044, 32.450381997419953 ], [ -116.885461003080906, 32.450381997419953 ], [ -116.885461003080906, 32.450651492005186 ], [ -116.885999992251385, 32.450651492005186 ], [ -116.885999992251385, 32.450381997419953 ], [ -116.885730497666145, 32.450381997419953 ], [ -116.885730497666145, 32.450112502834713 ], [ -116.885461003080906, 32.450112502834713 ], [ -116.885461003080906, 32.449573513664248 ], [ -116.88519150849568, 32.449573513664248 ], [ -116.88519150849568, 32.448495535323303 ], [ -116.885461003080906, 32.448495535323303 ], [ -116.885461003080906, 32.447956546152831 ], [ -116.885730497666145, 32.447956546152831 ], [ -116.885730497666145, 32.447687051567591 ], [ -116.88653898142185, 32.447687051567591 ], [ -116.88653898142185, 32.447417556982359 ], [ -116.88707797059233, 32.447417556982359 ], [ -116.88707797059233, 32.447148062397119 ], [ -116.8884254435185, 32.447148062397119 ], [ -116.8884254435185, 32.447417556982359 ], [ -116.88869493810374, 32.447417556982359 ], [ -116.88869493810374, 32.448495535323303 ], [ -116.888155948933274, 32.448495535323303 ], [ -116.888155948933274, 32.449034524493776 ], [ -116.88869493810374, 32.449034524493776 ], [ -116.88869493810374, 32.449573513664248 ], [ -116.889233927274205, 32.449573513664248 ], [ -116.889233927274205, 32.449843008249481 ], [ -116.888964432688979, 32.449843008249481 ], [ -116.888964432688979, 32.450112502834713 ], [ -116.88869493810374, 32.450112502834713 ], [ -116.88869493810374, 32.450381997419953 ], [ -116.888964432688979, 32.450381997419953 ], [ -116.888964432688979, 32.451190481175658 ], [ -116.889233927274205, 32.451190481175658 ], [ -116.889233927274205, 32.450920986590425 ], [ -116.889772916444684, 32.450920986590425 ], [ -116.889772916444684, 32.451459975760898 ], [ -116.890042411029924, 32.451459975760898 ], [ -116.890042411029924, 32.45172947034613 ], [ -116.89031190561515, 32.45172947034613 ], [ -116.89031190561515, 32.45199896493137 ], [ -116.890042411029924, 32.45199896493137 ], [ -116.890042411029924, 32.452268459516603 ], [ -116.889503421859445, 32.452268459516603 ], [ -116.889503421859445, 32.452537954101842 ], [ -116.88869493810374, 32.452537954101842 ], [ -116.88869493810374, 32.452807448687075 ], [ -116.8884254435185, 32.452807448687075 ], [ -116.8884254435185, 32.452537954101842 ], [ -116.887616959762795, 32.452537954101842 ], [ -116.887616959762795, 32.452268459516603 ], [ -116.887347465177555, 32.452268459516603 ], [ -116.887347465177555, 32.45199896493137 ], [ -116.88680847600709, 32.45199896493137 ], [ -116.88680847600709, 32.452268459516603 ], [ -116.88707797059233, 32.452268459516603 ], [ -116.88707797059233, 32.453076943272308 ], [ -116.88680847600709, 32.453076943272308 ], [ -116.88680847600709, 32.453346437857547 ], [ -116.88653898142185, 32.453346437857547 ], [ -116.88653898142185, 32.453076943272308 ], [ -116.885999992251385, 32.453076943272308 ], [ -116.885999992251385, 32.452807448687075 ], [ -116.885730497666145, 32.452807448687075 ], [ -116.885730497666145, 32.453346437857547 ], [ -116.885999992251385, 32.453346437857547 ], [ -116.885999992251385, 32.45361593244278 ], [ -116.884113530154735, 32.45361593244278 ], [ -116.884113530154735, 32.454154921613252 ], [ -116.884383024739961, 32.454154921613252 ], [ -116.884383024739961, 32.454424416198492 ], [ -116.883574540984256, 32.454424416198492 ], [ -116.883574540984256, 32.45388542702802 ], [ -116.883305046399016, 32.45388542702802 ], [ -116.883305046399016, 32.454154921613252 ], [ -116.883035551813791, 32.454154921613252 ], [ -116.883035551813791, 32.454424416198492 ], [ -116.881688078887606, 32.454424416198492 ], [ -116.881688078887606, 32.45388542702802 ], [ -116.881418584302367, 32.45388542702802 ], [ -116.881418584302367, 32.454693910783725 ], [ -116.880610100546662, 32.454693910783725 ], [ -116.880610100546662, 32.454963405368964 ] ], [ [ -116.881418584302367, 32.45388542702802 ], [ -116.881418584302367, 32.45361593244278 ], [ -116.880879595131901, 32.45361593244278 ], [ -116.880879595131901, 32.45388542702802 ], [ -116.881418584302367, 32.45388542702802 ] ], [ [ -116.880610100546662, 32.45361593244278 ], [ -116.880610100546662, 32.453346437857547 ], [ -116.880071111376196, 32.453346437857547 ], [ -116.880071111376196, 32.45361593244278 ], [ -116.880610100546662, 32.45361593244278 ] ], [ [ -116.884383024739961, 32.452807448687075 ], [ -116.884383024739961, 32.452537954101842 ], [ -116.884113530154735, 32.452537954101842 ], [ -116.884113530154735, 32.452807448687075 ], [ -116.884383024739961, 32.452807448687075 ] ], [ [ -116.887886454348035, 32.45199896493137 ], [ -116.887886454348035, 32.451459975760898 ], [ -116.887347465177555, 32.451459975760898 ], [ -116.887347465177555, 32.45199896493137 ], [ -116.887886454348035, 32.45199896493137 ] ], [ [ -116.889503421859445, 32.451459975760898 ], [ -116.889503421859445, 32.451190481175658 ], [ -116.889233927274205, 32.451190481175658 ], [ -116.889233927274205, 32.451459975760898 ], [ -116.889503421859445, 32.451459975760898 ] ], [ [ -116.888964432688979, 32.451459975760898 ], [ -116.888964432688979, 32.451190481175658 ], [ -116.88869493810374, 32.451190481175658 ], [ -116.88869493810374, 32.451459975760898 ], [ -116.888964432688979, 32.451459975760898 ] ], [ [ -116.88707797059233, 32.451459975760898 ], [ -116.88707797059233, 32.451190481175658 ], [ -116.88680847600709, 32.451190481175658 ], [ -116.88680847600709, 32.451459975760898 ], [ -116.88707797059233, 32.451459975760898 ] ], [ [ -116.88680847600709, 32.451190481175658 ], [ -116.88680847600709, 32.450920986590425 ], [ -116.88707797059233, 32.450920986590425 ], [ -116.88707797059233, 32.450651492005186 ], [ -116.88680847600709, 32.450651492005186 ], [ -116.88680847600709, 32.450112502834713 ], [ -116.88653898142185, 32.450112502834713 ], [ -116.88653898142185, 32.450651492005186 ], [ -116.885999992251385, 32.450651492005186 ], [ -116.885999992251385, 32.450920986590425 ], [ -116.88653898142185, 32.450920986590425 ], [ -116.88653898142185, 32.451190481175658 ], [ -116.88680847600709, 32.451190481175658 ] ] ] ] } },
{ "type": "Feature", "properties": { "ZONA_MET": "Tijuana", "INTENSIDAD": "Intensa", "T_PROM_POL": 3.0, "T_MIN_CIUD": 1.0, "DIF_TERMIC": 2.0 }, "geometry": { "type": "MultiPolygon", "coordinates": [ [ [ [ -116.889233927274205, 32.449573513664248 ], [ -116.88869493810374, 32.449573513664248 ], [ -116.88869493810374, 32.449034524493776 ], [ -116.888155948933274, 32.449034524493776 ], [ -116.888155948933274, 32.448495535323303 ], [ -116.88869493810374, 32.448495535323303 ], [ -116.88869493810374, 32.447417556982359 ], [ -116.8884254435185, 32.447417556982359 ], [ -116.8884254435185, 32.447148062397119 ], [ -116.88707797059233, 32.447148062397119 ], [ -116.88707797059233, 32.447417556982359 ], [ -116.88653898142185, 32.447417556982359 ], [ -116.88653898142185, 32.447148062397119 ], [ -116.88680847600709, 32.447148062397119 ], [ -116.88680847600709, 32.446878567811886 ], [ -116.887347465177555, 32.446878567811886 ], [ -116.887347465177555, 32.446609073226654 ], [ -116.8884254435185, 32.446609073226654 ], [ -116.8884254435185, 32.446878567811886 ], [ -116.888964432688979, 32.446878567811886 ], [ -116.888964432688979, 32.447417556982359 ], [ -116.889503421859445, 32.447417556982359 ], [ -116.889503421859445, 32.447687051567591 ], [ -116.889233927274205, 32.447687051567591 ], [ -116.889233927274205, 32.448226040738064 ], [ -116.889503421859445, 32.448226040738064 ], [ -116.889503421859445, 32.449034524493776 ], [ -116.889233927274205, 32.449034524493776 ], [ -116.889233927274205, 32.449573513664248 ] ] ] ] } },
{ "type": "Feature", "properties": { "ZONA_MET": "Tijuana", "INTENSIDAD": "Extrema", "T_PROM_POL": 3.0, "T_MIN_CIUD": 1.0, "DIF_TERMIC": 2.0 }, "geometry": { "type": "MultiPolygon", "coordinates": [ [ [ [ -116.868213349625819, 32.448226040738064 ], [ -116.866326887529169, 32.448226040738064 ], [ -116.866326887529169, 32.447956546152831 ], [ -116.866057392943929, 32.447956546152831 ], [ -116.866057392943929, 32.446609073226654 ], [ -116.866326887529169, 32.446609073226654 ], [ -116.866326887529169, 32.446339578641414 ], [ -116.866596382114395, 32.446339578641414 ], [ -116.866596382114395, 32.446609073226654 ], [ -116.866865876699634, 32.446609073226654 ], [ -116.866865876699634, 32.447148062397119 ], [ -116.867135371284874, 32.447148062397119 ], [ -116.867135371284874, 32.446609073226654 ], [ -116.867943855040579, 32.446609073226654 ], [ -116.867943855040579, 32.446878567811886 ], [ -116.868213349625819, 32.446878567811886 ], [ -116.868213349625819, 32.447148062397119 ], [ -116.868752338796284, 32.447148062397119 ], [ -116.868752338796284, 32.447687051567591 ], [ -116.868482844211044, 32.447687051567591 ], [ -116.868482844211044, 32.447956546152831 ], [ -116.868213349625819, 32.447956546152831 ], [ -116.868213349625819, 32.448226040738064 ] ] ] ] } },
{ "type": "Feature", "properties": { "ZONA_MET": "Tijuana", "INTENSIDAD": "Intensa", "T_PROM_POL": 3.0, "T_MIN_CIUD": 1.0, "DIF_TERMIC": 2.0 }, "geometry": { "type": "MultiPolygon", "coordinates": [ [ [ [ -116.869291327966764, 32.448226040738064 ], [ -116.869021833381524, 32.448226040738064 ], [ -116.869021833381524, 32.447956546152831 ], [ -116.868752338796284, 32.447956546152831 ], [ -116.868752338796284, 32.447148062397119 ], [ -116.868482844211044, 32.447148062397119 ], [ -116.868482844211044, 32.446878567811886 ], [ -116.867943855040579, 32.446878567811886 ], [ -116.867943855040579, 32.446609073226654 ], [ -116.868213349625819, 32.446609073226654 ], [ -116.868213349625819, 32.446070084056181 ], [ -116.868482844211044, 32.446070084056181 ], [ -116.868482844211044, 32.446339578641414 ], [ -116.868752338796284, 32.446339578641414 ], [ -116.868752338796284, 32.446609073226654 ], [ -116.869021833381524, 32.446609073226654 ], [ -116.869021833381524, 32.446878567811886 ], [ -116.869830317137229, 32.446878567811886 ], [ -116.869830317137229, 32.447148062397119 ], [ -116.869560822551989, 32.447148062397119 ], [ -116.869560822551989, 32.447417556982359 ], [ -116.869291327966764, 32.447417556982359 ], [ -116.869291327966764, 32.448226040738064 ] ] ] ] } },
{ "type": "Feature", "properties": { "ZONA_MET": "Tijuana", "INTENSIDAD": "Intensa", "T_PROM_POL": 3.0, "T_MIN_CIUD": 1.0, "DIF_TERMIC": 2.0 }, "geometry": { "type": "MultiPolygon", "coordinates": [ [ [ [ -116.852043674511663, 32.447148062397119 ], [ -116.850965696170718, 32.447148062397119 ], [ -116.850965696170718, 32.446609073226654 ], [ -116.850426707000253, 32.446609073226654 ], [ -116.850426707000253, 32.446339578641414 ], [ -116.850157212415013, 32.446339578641414 ], [ -116.850157212415013, 32.445531094885709 ], [ -116.850696201585478, 32.445531094885709 ], [ -116.850696201585478, 32.445800589470942 ], [ -116.850965696170718, 32.445800589470942 ], [ -116.850965696170718, 32.446070084056181 ], [ -116.851235190755958, 32.446070084056181 ], [ -116.851235190755958, 32.446609073226654 ], [ -116.851774179926423, 32.446609073226654 ], [ -116.851774179926423, 32.446878567811886 ], [ -116.852043674511663, 32.446878567811886 ], [ -116.852043674511663, 32.447148062397119 ] ] ] ] } },
{ "type": "Feature", "properties": { "ZONA_MET": "Tijuana", "INTENSIDAD": "Extrema", "T_PROM_POL": 3.0, "T_MIN_CIUD": 1.0, "DIF_TERMIC": 2.0 }, "geometry": { "type": "MultiPolygon", "coordinates": [ [ [ [ -116.861745479580151, 32.447956546152831 ], [ -116.860936995824446, 32.447956546152831 ], [ -116.860936995824446, 32.447687051567591 ], [ -116.860667501239206, 32.447687051567591 ], [ -116.860667501239206, 32.447148062397119 ], [ -116.860936995824446, 32.447148062397119 ], [ -116.860936995824446, 32.446878567811886 ], [ -116.86228446875063, 32.446878567811886 ], [ -116.86228446875063, 32.446070084056181 ], [ -116.862823457921095, 32.446070084056181 ], [ -116.862823457921095, 32.445531094885709 ], [ -116.862553963335856, 32.445531094885709 ], [ -116.862553963335856, 32.445261600300469 ], [ -116.863092952506335, 32.445261600300469 ], [ -116.863092952506335, 32.444992105715237 ], [ -116.863362447091575, 32.444992105715237 ], [ -116.863362447091575, 32.445261600300469 ], [ -116.86417093084728, 32.445261600300469 ], [ -116.86417093084728, 32.445531094885709 ], [ -116.86444042543252, 32.445531094885709 ], [ -116.86444042543252, 32.445800589470942 ], [ -116.86417093084728, 32.445800589470942 ], [ -116.86417093084728, 32.446070084056181 ], [ -116.86390143626204, 32.446070084056181 ], [ -116.86390143626204, 32.446339578641414 ], [ -116.86444042543252, 32.446339578641414 ], [ -116.86444042543252, 32.446609073226654 ], [ -116.86417093084728, 32.446609073226654 ], [ -116.86417093084728, 32.446878567811886 ], [ -116.863362447091575, 32.446878567811886 ], [ -116.863362447091575, 32.447148062397119 ], [ -116.862823457921095, 32.447148062397119 ], [ -116.862823457921095, 32.446878567811886 ], [ -116.862553963335856, 32.446878567811886 ], [ -116.862553963335856, 32.447417556982359 ], [ -116.86228446875063, 32.447417556982359 ], [ -116.86228446875063, 32.447687051567591 ], [ -116.861745479580151, 32.447687051567591 ], [ -116.861745479580151, 32.447956546152831 ] ] ] ] } },
{ "type": "Feature", "properties": { "ZONA_MET": "Tijuana", "INTENSIDAD": "Intensa", "T_PROM_POL": 3.0, "T_MIN_CIUD": 1.0, "DIF_TERMIC": 2.0 }, "geometry": { "type": "MultiPolygon", "coordinates": [ [ [ [ -116.885999992251385, 32.446339578641414 ], [ -116.885730497666145, 32.446339578641414 ], [ -116.885730497666145, 32.446070084056181 ], [ -116.885461003080906, 32.446070084056181 ], [ -116.885461003080906, 32.446339578641414 ], [ -116.88519150849568, 32.446339578641414 ], [ -116.88519150849568, 32.446070084056181 ], [ -116.88492201391044, 32.446070084056181 ], [ -116.88492201391044, 32.445531094885709 ], [ -116.88519150849568, 32.445531094885709 ], [ -116.88519150849568, 32.445261600300469 ], [ -116.885730497666145, 32.445261600300469 ], [ -116.885730497666145, 32.445531094885709 ], [ -116.88653898142185, 32.445531094885709 ], [ -116.88653898142185, 32.445800589470942 ], [ -116.88680847600709, 32.445800589470942 ], [ -116.88680847600709, 32.445261600300469 ], [ -116.88707797059233, 32.445261600300469 ], [ -116.88707797059233, 32.444992105715237 ], [ -116.887347465177555, 32.444992105715237 ], [ -116.887347465177555, 32.444722611129997 ], [ -116.887616959762795, 32.444722611129997 ], [ -116.887616959762795, 32.444453116544764 ], [ -116.88869493810374, 32.444453116544764 ], [ -116.88869493810374, 32.444183621959525 ], [ -116.888964432688979, 32.444183621959525 ], [ -116.888964432688979, 32.443914127374292 ], [ -116.889233927274205, 32.443914127374292 ], [ -116.889233927274205, 32.444722611129997 ], [ -116.889503421859445, 32.444722611129997 ], [ -116.889503421859445, 32.444453116544764 ], [ -116.89031190561515, 32.444453116544764 ], [ -116.89031190561515, 32.445261600300469 ], [ -116.890042411029924, 32.445261600300469 ], [ -116.890042411029924, 32.444992105715237 ], [ -116.889503421859445, 32.444992105715237 ], [ -116.889503421859445, 32.445261600300469 ], [ -116.88869493810374, 32.445261600300469 ], [ -116.88869493810374, 32.445531094885709 ], [ -116.888155948933274, 32.445531094885709 ], [ -116.888155948933274, 32.445261600300469 ], [ -116.887616959762795, 32.445261600300469 ], [ -116.887616959762795, 32.445800589470942 ], [ -116.887347465177555, 32.445800589470942 ], [ -116.887347465177555, 32.446070084056181 ], [ -116.885999992251385, 32.446070084056181 ], [ -116.885999992251385, 32.446339578641414 ] ] ] ] } },
{ "type": "Feature", "properties": { "ZONA_MET": "Tijuana", "INTENSIDAD": "Intensa", "T_PROM_POL": 3.0, "T_MIN_CIUD": 1.0, "DIF_TERMIC": 2.0 }, "geometry": { "type": "MultiPolygon", "coordinates": [ [ [ [ -116.861745479580151, 32.446339578641414 ], [ -116.861475984994925, 32.446339578641414 ], [ -116.861475984994925, 32.445800589470942 ], [ -116.861206490409685, 32.445800589470942 ], [ -116.861206490409685, 32.445531094885709 ], [ -116.86228446875063, 32.445531094885709 ], [ -116.86228446875063, 32.445261600300469 ], [ -116.86201497416539, 32.445261600300469 ], [ -116.86201497416539, 32.444722611129997 ], [ -116.861745479580151, 32.444722611129997 ], [ -116.861745479580151, 32.444183621959525 ], [ -116.86201497416539, 32.444183621959525 ], [ -116.86201497416539, 32.443914127374292 ], [ -116.862823457921095, 32.443914127374292 ], [ -116.862823457921095, 32.444183621959525 ], [ -116.863092952506335, 32.444183621959525 ], [ -116.863092952506335, 32.444453116544764 ], [ -116.8636319416768, 32.444453116544764 ], [ -116.8636319416768, 32.444183621959525 ], [ -116.86390143626204, 32.444183621959525 ], [ -116.86390143626204, 32.444453116544764 ], [ -116.86444042543252, 32.444453116544764 ], [ -116.86444042543252, 32.444722611129997 ], [ -116.864979414602985, 32.444722611129997 ], [ -116.864979414602985, 32.445261600300469 ], [ -116.865248909188225, 32.445261600300469 ], [ -116.865248909188225, 32.445531094885709 ], [ -116.864979414602985, 32.445531094885709 ], [ -116.864979414602985, 32.445800589470942 ], [ -116.86444042543252, 32.445800589470942 ], [ -116.86444042543252, 32.445531094885709 ], [ -116.86417093084728, 32.445531094885709 ], [ -116.86417093084728, 32.445261600300469 ], [ -116.863362447091575, 32.445261600300469 ], [ -116.863362447091575, 32.444992105715237 ], [ -116.863092952506335, 32.444992105715237 ], [ -116.863092952506335, 32.445261600300469 ], [ -116.862553963335856, 32.445261600300469 ], [ -116.862553963335856, 32.445800589470942 ], [ -116.861745479580151, 32.445800589470942 ], [ -116.861745479580151, 32.446339578641414 ] ], [ [ -116.86444042543252, 32.444992105715237 ], [ -116.86444042543252, 32.444722611129997 ], [ -116.86417093084728, 32.444722611129997 ], [ -116.86417093084728, 32.444992105715237 ], [ -116.86444042543252, 32.444992105715237 ] ], [ [ -116.862823457921095, 32.444992105715237 ], [ -116.862823457921095, 32.444183621959525 ], [ -116.862553963335856, 32.444183621959525 ], [ -116.862553963335856, 32.444992105715237 ], [ -116.862823457921095, 32.444992105715237 ] ] ] ] } },
{ "type": "Feature", "properties": { "ZONA_MET": "Tijuana", "INTENSIDAD": "Intensa", "T_PROM_POL": 3.0, "T_MIN_CIUD": 1.0, "DIF_TERMIC": 2.0 }, "geometry": { "type": "MultiPolygon", "coordinates": [ [ [ [ -116.870099811722469, 32.444722611129997 ], [ -116.869291327966764, 32.444722611129997 ], [ -116.869291327966764, 32.444183621959525 ], [ -116.868752338796284, 32.444183621959525 ], [ -116.868752338796284, 32.443644632789052 ], [ -116.869830317137229, 32.443644632789052 ], [ -116.869830317137229, 32.444183621959525 ], [ -116.870099811722469, 32.444183621959525 ], [ -116.870099811722469, 32.444722611129997 ] ] ] ] } },
{ "type": "Feature", "properties": { "ZONA_MET": "Tijuana", "INTENSIDAD": "Intensa", "T_PROM_POL": 3.0, "T_MIN_CIUD": 1.0, "DIF_TERMIC": 2.0 }, "geometry": { "type": "MultiPolygon", "coordinates": [ [ [ [ -116.873333746745303, 32.445531094885709 ], [ -116.872794757574823, 32.445531094885709 ], [ -116.872794757574823, 32.445261600300469 ], [ -116.872255768404358, 32.445261600300469 ], [ -116.872255768404358, 32.444992105715237 ], [ -116.871986273819118, 32.444992105715237 ], [ -116.871986273819118, 32.444722611129997 ], [ -116.871716779233878, 32.444722611129997 ], [ -116.871716779233878, 32.444453116544764 ], [ -116.871177790063413, 32.444453116544764 ], [ -116.871177790063413, 32.44337513820382 ], [ -116.870369306307708, 32.44337513820382 ], [ -116.870369306307708, 32.443644632789052 ], [ -116.870099811722469, 32.443644632789052 ], [ -116.870099811722469, 32.44337513820382 ], [ -116.869830317137229, 32.44337513820382 ], [ -116.869830317137229, 32.443105643618587 ], [ -116.869560822551989, 32.443105643618587 ], [ -116.869560822551989, 32.442836149033347 ], [ -116.871177790063413, 32.442836149033347 ], [ -116.871177790063413, 32.443105643618587 ], [ -116.871716779233878, 32.443105643618587 ], [ -116.871716779233878, 32.44337513820382 ], [ -116.872525262989583, 32.44337513820382 ], [ -116.872525262989583, 32.443644632789052 ], [ -116.872794757574823, 32.443644632789052 ], [ -116.872794757574823, 32.443914127374292 ], [ -116.873603241330528, 32.443914127374292 ], [ -116.873603241330528, 32.444183621959525 ], [ -116.873872735915768, 32.444183621959525 ], [ -116.873872735915768, 32.445261600300469 ], [ -116.873333746745303, 32.445261600300469 ], [ -116.873333746745303, 32.445531094885709 ] ], [ [ -116.873064252160063, 32.444722611129997 ], [ -116.873064252160063, 32.444453116544764 ], [ -116.873333746745303, 32.444453116544764 ], [ -116.873333746745303, 32.444183621959525 ], [ -116.872794757574823, 32.444183621959525 ], [ -116.872794757574823, 32.444722611129997 ], [ -116.873064252160063, 32.444722611129997 ] ] ] ] } },
{ "type": "Feature", "properties": { "ZONA_MET": "Tijuana", "INTENSIDAD": "Extrema", "T_PROM_POL": 3.0, "T_MIN_CIUD": 1.0, "DIF_TERMIC": 2.0 }, "geometry": { "type": "MultiPolygon", "coordinates": [ [ [ [ -116.887616959762795, 32.442836149033347 ], [ -116.88680847600709, 32.442836149033347 ], [ -116.88680847600709, 32.442566654448115 ], [ -116.88653898142185, 32.442566654448115 ], [ -116.88653898142185, 32.442027665277642 ], [ -116.885999992251385, 32.442027665277642 ], [ -116.885999992251385, 32.441758170692403 ], [ -116.88653898142185, 32.441758170692403 ], [ -116.88653898142185, 32.44148867610717 ], [ -116.88680847600709, 32.44148867610717 ], [ -116.88680847600709, 32.44121918152193 ], [ -116.8884254435185, 32.44121918152193 ], [ -116.8884254435185, 32.44148867610717 ], [ -116.88869493810374, 32.44148867610717 ], [ -116.88869493810374, 32.442566654448115 ], [ -116.887616959762795, 32.442566654448115 ], [ -116.887616959762795, 32.442836149033347 ] ], [ [ -116.888155948933274, 32.442027665277642 ], [ -116.888155948933274, 32.441758170692403 ], [ -116.887886454348035, 32.441758170692403 ], [ -116.887886454348035, 32.442027665277642 ], [ -116.888155948933274, 32.442027665277642 ] ], [ [ -116.887347465177555, 32.442027665277642 ], [ -116.887347465177555, 32.441758170692403 ], [ -116.88707797059233, 32.441758170692403 ], [ -116.88707797059233, 32.442027665277642 ], [ -116.887347465177555, 32.442027665277642 ] ] ] ] } },
{ "type": "Feature", "properties": { "ZONA_MET": "Tijuana", "INTENSIDAD": "Intensa", "T_PROM_POL": 3.0, "T_MIN_CIUD": 1.0, "DIF_TERMIC": 2.0 }, "geometry": { "type": "MultiPolygon", "coordinates": [ [ [ [ -116.876837176353362, 32.434751311476269 ], [ -116.876298187182897, 32.434751311476269 ], [ -116.876298187182897, 32.434481816891036 ], [ -116.876028692597657, 32.434481816891036 ], [ -116.876028692597657, 32.433942827720564 ], [ -116.875489703427178, 32.433942827720564 ], [ -116.875489703427178, 32.433403838550092 ], [ -116.876028692597657, 32.433403838550092 ], [ -116.876028692597657, 32.433134343964859 ], [ -116.878454143864772, 32.433134343964859 ], [ -116.878454143864772, 32.433942827720564 ], [ -116.878723638450012, 32.433942827720564 ], [ -116.878723638450012, 32.434481816891036 ], [ -116.876837176353362, 32.434481816891036 ], [ -116.876837176353362, 32.434751311476269 ] ] ] ] } },
{ "type": "Feature", "properties": { "ZONA_MET": "Tijuana", "INTENSIDAD": "Intensa", "T_PROM_POL": 3.0, "T_MIN_CIUD": 1.0, "DIF_TERMIC": 2.0 }, "geometry": { "type": "MultiPolygon", "coordinates": [ [ [ [ -116.880071111376196, 32.434212322305804 ], [ -116.878993133035252, 32.434212322305804 ], [ -116.878993133035252, 32.433942827720564 ], [ -116.878723638450012, 32.433942827720564 ], [ -116.878723638450012, 32.433134343964859 ], [ -116.878454143864772, 32.433134343964859 ], [ -116.878454143864772, 32.432864849379619 ], [ -116.878993133035252, 32.432864849379619 ], [ -116.878993133035252, 32.432595354794387 ], [ -116.879532122205717, 32.432595354794387 ], [ -116.879532122205717, 32.432864849379619 ], [ -116.879262627620491, 32.432864849379619 ], [ -116.879262627620491, 32.433673333135332 ], [ -116.879801616790957, 32.433673333135332 ], [ -116.879801616790957, 32.433942827720564 ], [ -116.880071111376196, 32.433942827720564 ], [ -116.880071111376196, 32.434212322305804 ] ] ] ] } },
{ "type": "Feature", "properties": { "ZONA_MET": "Tijuana", "INTENSIDAD": "Extrema", "T_PROM_POL": 3.0, "T_MIN_CIUD": 1.0, "DIF_TERMIC": 2.0 }, "geometry": { "type": "MultiPolygon", "coordinates": [ [ [ [ -116.873872735915768, 32.433403838550092 ], [ -116.873064252160063, 32.433403838550092 ], [ -116.873064252160063, 32.432325860209147 ], [ -116.874411725086233, 32.432325860209147 ], [ -116.874411725086233, 32.432056365623914 ], [ -116.876028692597657, 32.432056365623914 ], [ -116.876028692597657, 32.432864849379619 ], [ -116.875489703427178, 32.432864849379619 ], [ -116.875489703427178, 32.433134343964859 ], [ -116.874950714256713, 32.433134343964859 ], [ -116.874950714256713, 32.432864849379619 ], [ -116.874681219671473, 32.432864849379619 ], [ -116.874681219671473, 32.433134343964859 ], [ -116.873872735915768, 32.433134343964859 ], [ -116.873872735915768, 32.433403838550092 ] ] ] ] } },
{ "type": "Feature", "properties": { "ZONA_MET": "Tijuana", "INTENSIDAD": "Intensa", "T_PROM_POL": 3.0, "T_MIN_CIUD": 1.0, "DIF_TERMIC": 2.0 }, "geometry": { "type": "MultiPolygon", "coordinates": [ [ [ [ -116.877106670938602, 32.432864849379619 ], [ -116.876028692597657, 32.432864849379619 ], [ -116.876028692597657, 32.432056365623914 ], [ -116.875759198012418, 32.432056365623914 ], [ -116.875759198012418, 32.431786871038675 ], [ -116.874681219671473, 32.431786871038675 ], [ -116.874681219671473, 32.432056365623914 ], [ -116.873064252160063, 32.432056365623914 ], [ -116.873064252160063, 32.431786871038675 ], [ -116.873603241330528, 32.431786871038675 ], [ -116.873603241330528, 32.431517376453442 ], [ -116.875489703427178, 32.431517376453442 ], [ -116.875489703427178, 32.43124788186821 ], [ -116.876298187182897, 32.43124788186821 ], [ -116.876298187182897, 32.431517376453442 ], [ -116.876567681768122, 32.431517376453442 ], [ -116.876567681768122, 32.431786871038675 ], [ -116.876837176353362, 32.431786871038675 ], [ -116.876837176353362, 32.432056365623914 ], [ -116.877106670938602, 32.432056365623914 ], [ -116.877106670938602, 32.432864849379619 ] ], [ [ -116.876298187182897, 32.431786871038675 ], [ -116.876298187182897, 32.431517376453442 ], [ -116.876028692597657, 32.431517376453442 ], [ -116.876028692597657, 32.431786871038675 ], [ -116.876298187182897, 32.431786871038675 ] ] ] ] } },
{ "type": "Feature", "properties": { "ZONA_MET": "Tijuana", "INTENSIDAD": "Intensa", "T_PROM_POL": 3.0, "T_MIN_CIUD": 1.0, "DIF_TERMIC": 2.0 }, "geometry": { "type": "MultiPolygon", "coordinates": [ [ [ [ -116.878993133035252, 32.432325860209147 ], [ -116.878723638450012, 32.432325860209147 ], [ -116.878723638450012, 32.431786871038675 ], [ -116.878454143864772, 32.431786871038675 ], [ -116.878454143864772, 32.431517376453442 ], [ -116.878723638450012, 32.431517376453442 ], [ -116.878723638450012, 32.43124788186821 ], [ -116.878993133035252, 32.43124788186821 ], [ -116.878993133035252, 32.430708892697737 ], [ -116.878723638450012, 32.430708892697737 ], [ -116.878723638450012, 32.430439398112497 ], [ -116.879532122205717, 32.430439398112497 ], [ -116.879532122205717, 32.431517376453442 ], [ -116.878993133035252, 32.431517376453442 ], [ -116.878993133035252, 32.431786871038675 ], [ -116.879532122205717, 32.431786871038675 ], [ -116.879532122205717, 32.432056365623914 ], [ -116.878993133035252, 32.432056365623914 ], [ -116.878993133035252, 32.432325860209147 ] ] ] ] } }
]
}
